# https://github.com/mikedh/trimesh

o geometry_0
v 0.00000002 0.04206995 0.01459453
v -0.00188621 0.04348546 0.01433235
v -0.00141447 0.04089036 0.01431370
v 0.00000002 0.04466505 0.01444080
v 0.00235014 0.04066981 0.01403784
v 0.00235799 0.04348546 0.01417664
v -0.00330798 0.04230586 0.01375477
v -0.00133447 0.04608022 0.01383039
v -0.00375749 0.03830462 0.01281453
v 0.00094276 0.03994735 0.01424380
v 0.00278861 0.04484884 0.01374582
v -0.00334406 0.04498518 0.01332097
v -0.00166267 0.03805065 0.01356473
v 0.00141450 0.03735693 0.01336176
v 0.00093715 0.04716758 0.01331325
v -0.00467256 0.04372137 0.01244166
v -0.00462341 0.04077273 0.01260906
v 0.00000002 0.03688509 0.01326923
v 0.00407301 0.04018260 0.01306327
v 0.00279908 0.03691049 0.01280856
v 0.00471297 0.03783278 0.01187329
v 0.00384088 0.04254178 0.01337569
v 0.00267273 0.04687653 0.01287373
v -0.00047098 0.04814100 0.01276876
v -0.00226039 0.04782488 0.01242102
v -0.00335676 0.04685381 0.01238171
v -0.00472191 0.03781139 0.01188125
v -0.00280204 0.03690782 0.01280856
v 0.00494323 0.02403324 0.00638703
v 0.00379789 0.04541958 0.01284039
v -0.00569829 0.04734168 0.00910329
v -0.00566240 0.03875506 0.01093602
v -0.00661187 0.02403324 0.00434535
v -0.00493572 0.02403324 0.00638902
v -0.00343975 0.02403324 0.00720390
v -0.00188621 0.02403324 0.00758397
v 0.00188624 0.02403324 0.00758397
v 0.00344726 0.02403324 0.00720589
v 0.00490735 0.04395729 0.01212800
v 0.00517724 0.04483814 0.01138277
v 0.00325811 0.04769055 0.01184244
v 0.00094276 0.04969819 0.01103303
v -0.00561642 0.04159811 0.01133799
v -0.00560110 0.04459888 0.01082061
v -0.00225964 0.05014463 0.01005249
v 0.00585233 0.02403324 0.00551145
v 0.00570281 0.04734970 0.00910926
v 0.00274974 0.05004171 0.00993310
v -0.00429053 0.04920029 0.00934905
v -0.00284839 0.05104152 0.00809937
v -0.00398925 0.05025022 0.00838492
v -0.00645413 0.03853385 0.00908488
v 0.00000002 0.02403324 0.00770735
v 0.00566692 0.03872833 0.01094398
v 0.00666872 0.02403324 0.00418615
v 0.00620390 0.04193428 0.00998583
v 0.00398778 0.05024755 0.00837099
v 0.00284693 0.05104152 0.00809937
v 0.00008338 0.05078488 0.00968734
v -0.00685821 0.04544164 0.00720688
v -0.00574913 0.04834550 0.00790933
v 0.00664555 0.04601573 0.00775113
v 0.00526957 0.04879261 0.00830234
v -0.00673700 0.04265974 0.00844786
v 0.00000002 0.05134227 0.00857397
v 0.00645416 0.03865181 0.00909931
v -0.00728435 0.04183403 0.00621589
v -0.00667617 0.04647821 0.00608655
v -0.00549008 0.04851927 0.00658552
v -0.00175388 0.05100944 0.00720290
v -0.00394588 0.04924239 0.00614027
v -0.00755237 0.02403324 0.00152561
v 0.00707356 0.04490096 0.00621589
v 0.00723093 0.04206995 0.00668751
v 0.00659471 0.04677361 0.00638603
v 0.00548937 0.04851927 0.00658552
v 0.00394442 0.04923972 0.00614226
v 0.00159019 0.05101546 0.00721534
v -0.00731407 0.04171607 0.00456474
v -0.00568633 0.04613536 0.00476970
v -0.00202377 0.05002834 0.00626166
v -0.00329621 0.03970676 -0.00038473
v 0.00755240 0.02403324 0.00152760
v 0.00717336 0.04030190 0.00314989
v 0.00750904 0.03310272 0.00165520
v 0.00665527 0.04546770 0.00520102
v 0.00576636 0.04597830 0.00471249
v 0.00202156 0.05002834 0.00626066
v 0.00449990 0.03913734 -0.00032603
v 0.00296206 0.03975488 -0.00042055
v -0.00660439 0.03971478 0.00149974
v -0.00000110 0.05010720 0.00620296
v -0.00057116 0.03889174 -0.00122673
v -0.00565792 0.03970943 0.00055651
v -0.00367973 0.03682495 -0.00177570
v -0.00751237 0.02997447 0.00022095
v 0.00141450 0.03870160 -0.00129414
v -0.00573866 0.03516483 -0.00139960
v 0.00660593 0.03972012 0.00149576
v 0.00566094 0.03971478 0.00055452
v 0.00385770 0.03320531 -0.00325223
v -0.00676139 0.03169490 -0.00157472
v -0.00717781 0.03122306 -0.00085834
v -0.00745518 0.02403324 -0.00138120
v -0.00199947 0.03526992 -0.00282141
v 0.00752848 0.02403324 -0.00119862
v 0.00717785 0.03122306 -0.00085834
v 0.00208100 0.03506224 -0.00290847
v -0.00429651 0.03270139 -0.00324129
v 0.00664704 0.03130460 -0.00187818
v 0.00564898 0.03181720 -0.00274007
v -0.00563661 0.03051731 -0.00320497
v 0.00000002 0.03415366 -0.00344824
v -0.00264578 0.03137410 -0.00421139
v 0.00469054 0.02928626 -0.00414970
v 0.00197820 0.03175505 -0.00417631
v -0.00662383 0.02403324 -0.00324428
v 0.00662387 0.02403324 -0.00324428
v 0.00651920 0.02697921 -0.00310896
v -0.00469200 0.02928626 -0.00414970
v -0.00047135 0.02982025 -0.00486384
v -0.00286484 0.02749783 -0.00511283
v 0.00286487 0.02749783 -0.00511283
v -0.00555774 0.02650737 -0.00409000
v 0.00570131 0.02403324 -0.00419348
v -0.00358460 0.02403324 -0.00518247
v -0.00070722 0.02709717 -0.00538421
v 0.00188624 0.02403324 -0.00556952
v -0.00023585 0.02403324 -0.00566901
f 1 2 3
f 1 4 2
f 1 5 6
f 1 6 4
f 2 7 3
f 2 4 8
f 3 7 9
f 1 3 10
f 1 10 5
f 4 6 11
f 7 2 12
f 2 8 12
f 9 13 3
f 10 14 5
f 11 15 4
f 4 15 8
f 7 16 17
f 7 12 16
f 7 17 9
f 13 18 3
f 3 18 10
f 10 18 14
f 5 20 21
f 5 21 19
f 5 19 6
f 6 19 22
f 6 22 11
f 11 23 15
f 8 15 24
f 8 24 25
f 12 8 26
f 8 25 26
f 9 17 27
f 5 14 20
f 22 30 11
f 11 30 23
f 27 33 34
f 9 28 13
f 9 34 28
f 28 35 36
f 28 36 13
f 14 37 20
f 20 37 38
f 20 38 29
f 29 38 37
f 29 37 53
f 29 53 36
f 29 36 35
f 29 35 34
f 29 34 33
f 29 33 72
f 29 72 104
f 29 104 117
f 29 117 126
f 29 126 129
f 29 129 128
f 29 128 125
f 29 125 118
f 29 118 106
f 29 106 83
f 29 83 55
f 29 55 46
f 29 21 20
f 22 19 39
f 22 39 30
f 23 41 15
f 15 41 42
f 15 42 24
f 16 43 17
f 17 43 32
f 12 31 16
f 16 31 44
f 17 32 27
f 26 31 12
f 27 34 9
f 32 33 27
f 28 34 35
f 13 36 18
f 14 18 37
f 21 29 46
f 30 39 40
f 30 40 41
f 30 41 23
f 41 48 42
f 16 44 43
f 26 25 49
f 25 45 49
f 24 45 25
f 45 51 49
f 36 53 18
f 18 53 37
f 21 54 19
f 21 46 54
f 46 55 54
f 19 54 39
f 39 54 56
f 47 41 40
f 24 42 59
f 24 59 45
f 43 52 32
f 44 31 60
f 31 26 49
f 45 50 51
f 32 52 33
f 39 56 40
f 47 63 41
f 41 63 48
f 57 48 63
f 48 57 58
f 48 58 42
f 43 44 64
f 43 64 52
f 60 64 44
f 31 61 60
f 31 49 61
f 59 65 45
f 45 65 50
f 54 55 66
f 40 56 62
f 40 62 47
f 47 62 63
f 58 65 59
f 58 59 42
f 64 60 67
f 61 68 60
f 49 51 61
f 61 51 69
f 61 69 68
f 50 70 71
f 50 71 51
f 51 71 69
f 33 52 72
f 66 56 54
f 62 74 73
f 62 75 63
f 63 75 76
f 63 76 57
f 57 77 58
f 57 76 77
f 64 67 52
f 60 79 67
f 62 56 74
f 62 73 75
f 77 78 58
f 60 68 79
f 69 71 80
f 65 58 78
f 65 78 70
f 65 70 50
f 70 81 71
f 71 82 80
f 72 52 67
f 66 55 83
f 56 66 74
f 73 74 84
f 74 85 84
f 75 86 76
f 76 87 77
f 77 88 78
f 77 87 89
f 77 89 90
f 79 68 91
f 68 69 80
f 78 88 92
f 78 92 70
f 70 92 81
f 81 92 93
f 81 93 82
f 81 82 71
f 80 82 94
f 83 74 66
f 73 84 86
f 73 86 75
f 86 87 76
f 77 90 88
f 79 96 67
f 67 96 72
f 68 80 94
f 68 94 91
f 92 88 97
f 92 97 93
f 88 90 97
f 82 95 94
f 94 95 98
f 83 85 74
f 84 99 86
f 86 99 100
f 86 100 87
f 87 100 89
f 89 100 101
f 90 89 97
f 79 91 103
f 72 96 104
f 94 98 91
f 95 82 105
f 83 106 85
f 89 101 108
f 102 103 91
f 103 96 79
f 93 97 105
f 93 105 82
f 84 85 107
f 84 107 99
f 99 107 110
f 89 108 97
f 98 109 112
f 97 113 105
f 105 114 109
f 105 109 95
f 109 98 95
f 85 106 107
f 99 111 100
f 100 111 101
f 108 101 116
f 98 102 91
f 102 117 103
f 103 117 104
f 103 104 96
f 98 112 102
f 97 108 113
f 106 118 107
f 107 119 110
f 110 119 111
f 110 111 99
f 101 115 116
f 102 112 117
f 109 120 112
f 105 113 114
f 114 120 109
f 118 119 107
f 111 119 115
f 101 111 115
f 115 123 116
f 116 113 108
f 117 112 124
f 113 116 121
f 113 121 114
f 121 122 114
f 118 125 119
f 119 125 115
f 120 124 112
f 120 114 122
f 123 121 116
f 117 124 126
f 122 121 127
f 122 127 126
f 123 127 121
f 124 120 126
f 122 126 120
f 115 128 123
f 128 127 123
f 126 127 129
f 125 128 115
f 128 129 127

o geometry_1
v -0.00628474 0.00499556 -0.00370022
v -0.00623078 0.00499556 -0.00274953
v -0.00621361 0.00499556 -0.00392214
v -0.00509826 -0.00321028 -0.00368978
v -0.00521538 -0.00321028 -0.00274654
v -0.00533740 -0.00267591 -0.00221133
v -0.00620196 0.00499556 -0.00272006
v -0.00537235 -0.00226733 -0.00221133
v -0.00588863 0.00499556 -0.00436373
v -0.00471687 -0.00179534 -0.00510444
v -0.00490082 -0.00217272 -0.00468448
v -0.00485790 -0.00321028 -0.00438648
v -0.00476102 -0.00374361 -0.00421827
v -0.00484809 -0.00409605 -0.00361518
v -0.00506515 -0.00415427 -0.00274654
v -0.00512953 -0.00415427 -0.00221133
v -0.00612347 0.00499556 -0.00264248
v -0.00552993 0.00499556 -0.00221133
v -0.00509703 0.00499556 -0.00494593
v -0.00424535 -0.00132438 -0.00531591
v -0.00426803 -0.00217272 -0.00523200
v -0.00459792 -0.00242432 -0.00503358
v -0.00476715 0.00499556 -0.00513055
v -0.00426803 -0.00320196 -0.00484448
v -0.00424535 -0.00389540 -0.00436112
v -0.00424535 -0.00436739 -0.00387365
v -0.00473895 -0.00465018 -0.00325079
v -0.00482479 -0.00477493 -0.00274654
v -0.00488243 -0.00488825 -0.00221133
v -0.00199074 0.00499556 -0.00221133
v -0.00330168 0.00056152 -0.00564935
v -0.00330168 -0.00038039 -0.00564338
v -0.00330168 -0.00132438 -0.00561280
v -0.00461447 0.00499556 -0.00519619
v -0.00424535 0.00499556 -0.00534724
v -0.00330168 0.00244846 -0.00566016
v -0.00330168 0.00150551 -0.00565531
v -0.00330168 -0.00226733 -0.00548002
v -0.00396942 -0.00288072 -0.00517717
v -0.00330168 -0.00345148 -0.00495600
v -0.00330168 -0.00403159 -0.00448420
v -0.00330168 -0.00450255 -0.00402395
v -0.00424535 -0.00476246 -0.00340222
v -0.00380571 -0.00557961 -0.00229637
v -0.00392221 -0.00555674 -0.00221133
v -0.00433364 -0.00533841 -0.00221133
v -0.00462980 -0.00515648 -0.00221133
v -0.00002063 0.00499556 -0.00347345
v -0.00199074 0.00498516 -0.00221133
v -0.00002063 0.00150551 -0.00346674
v -0.00002063 0.00195671 -0.00346749
v -0.00235925 0.00150551 -0.00584926
v -0.00235925 0.00056152 -0.00584105
v -0.00141559 0.00056152 -0.00591938
v -0.00396145 0.00499556 -0.00544310
v -0.00330168 0.00339244 -0.00566166
v -0.00235925 0.00244846 -0.00585448
v -0.00268300 -0.00291814 -0.00521186
v -0.00330168 -0.00298052 -0.00523946
v -0.00047192 0.00056152 -0.00592609
v -0.00002063 0.00056152 -0.00592870
v -0.00262475 -0.00392451 -0.00438238
v -0.00263456 -0.00479676 -0.00345108
v -0.00330168 -0.00487266 -0.00355215
v -0.00330168 -0.00534465 -0.00278869
v -0.00330168 -0.00559000 -0.00231688
v -0.00330168 -0.00562535 -0.00221133
v -0.00371925 -0.00561080 -0.00221133
v -0.00384066 -0.00559417 -0.00221133
v -0.00002063 0.00499556 -0.00601896
v -0.00199135 0.00244846 -0.00221133
v -0.00205328 -0.00185875 -0.00221133
v -0.00213360 -0.00415427 -0.00221133
v -0.00002063 0.00101272 -0.00349360
v -0.00141559 0.00244846 -0.00596823
v -0.00141559 0.00150551 -0.00596152
v -0.00047192 0.00150551 -0.00601336
v -0.00330168 0.00499556 -0.00565830
v -0.00330168 0.00433539 -0.00566016
v -0.00235925 0.00339244 -0.00585560
v -0.00235925 0.00433539 -0.00585448
v -0.00002063 -0.00010073 -0.00547554
v -0.00002063 0.00105430 -0.00597420
v -0.00255362 -0.00510554 -0.00267269
v -0.00279889 -0.00558585 -0.00230942
v -0.00277436 -0.00560248 -0.00221133
v -0.00002063 0.00433539 -0.00601970
v -0.00018864 0.00499556 -0.00601933
v -0.00224765 -0.00468864 -0.00221133
v -0.00002063 0.00056152 -0.00352008
v -0.00141559 0.00339244 -0.00596898
v -0.00047192 0.00339244 -0.00602157
v -0.00047192 0.00244846 -0.00602045
v -0.00002063 0.00199725 -0.00601784
v -0.00002063 0.00150551 -0.00601411
v -0.00301840 0.00499556 -0.00571685
v -0.00235925 0.00499556 -0.00585299
v -0.00141559 0.00433539 -0.00596749
v -0.00207535 0.00499556 -0.00588730
v -0.00002063 -0.00020573 -0.00507199
v -0.00242792 -0.00510138 -0.00221133
v -0.00261678 -0.00540495 -0.00221133
v -0.00002063 0.00339244 -0.00602008
v -0.00047192 0.00499556 -0.00601970
v -0.00002063 -0.00012776 -0.00386768
v -0.00002063 0.00020180 -0.00370097
v -0.00002063 0.00244846 -0.00601933
v -0.00141559 0.00499556 -0.00596600
v -0.00002063 -0.00031802 -0.00463301
v -0.00002063 -0.00022757 -0.00426676
f 130 131 136
f 130 136 146
f 130 146 147
f 130 147 159
f 130 159 177
f 130 177 199
f 130 199 217
f 130 217 233
f 130 233 237
f 130 237 228
f 130 228 226
f 130 226 225
f 130 225 207
f 130 207 184
f 130 184 164
f 130 164 163
f 130 163 152
f 130 152 148
f 130 148 138
f 130 138 132
f 130 132 133
f 130 133 134
f 130 134 135
f 130 135 131
f 131 135 137
f 131 137 136
f 132 138 139
f 132 139 140
f 132 140 141
f 132 141 133
f 133 141 142
f 133 142 143
f 133 143 144
f 133 144 134
f 134 144 145
f 134 145 135
f 135 145 158
f 135 158 176
f 135 176 175
f 135 175 174
f 135 174 198
f 135 198 197
f 135 197 196
f 135 196 215
f 135 215 231
f 135 231 230
f 135 230 218
f 135 218 202
f 135 202 201
f 135 201 200
f 135 200 178
f 135 178 159
f 135 159 147
f 135 147 137
f 136 137 146
f 137 147 146
f 138 148 139
f 139 149 150
f 139 150 151
f 139 151 141
f 139 141 140
f 139 148 152
f 139 152 149
f 141 151 142
f 142 151 153
f 142 153 154
f 142 154 155
f 142 155 156
f 142 156 143
f 143 156 144
f 144 156 157
f 144 157 158
f 144 158 145
f 149 160 161
f 149 161 162
f 149 162 150
f 149 152 163
f 149 163 164
f 149 164 165
f 149 165 166
f 149 166 160
f 150 167 168
f 150 168 151
f 150 162 167
f 151 168 153
f 153 168 154
f 154 168 169
f 154 169 170
f 154 170 171
f 154 171 155
f 155 171 172
f 155 172 156
f 156 172 173
f 156 173 174
f 156 174 175
f 156 175 176
f 156 176 157
f 157 176 158
f 159 178 179
f 159 179 180
f 159 180 177
f 160 166 181
f 160 181 161
f 161 181 182
f 161 182 162
f 162 182 183
f 162 183 167
f 164 184 165
f 165 185 186
f 165 186 166
f 165 184 185
f 166 186 181
f 167 187 188
f 167 188 168
f 167 183 189
f 167 189 190
f 167 190 187
f 168 188 169
f 169 188 187
f 169 187 191
f 169 191 170
f 170 191 171
f 171 192 193
f 171 193 172
f 171 191 192
f 172 193 173
f 173 194 195
f 173 195 196
f 173 196 197
f 173 197 198
f 173 198 174
f 173 193 194
f 177 180 179
f 177 179 203
f 177 203 219
f 177 219 235
f 177 235 234
f 177 234 239
f 177 239 238
f 177 238 229
f 177 229 211
f 177 211 190
f 177 190 212
f 177 212 224
f 177 224 223
f 177 223 236
f 177 236 232
f 177 232 216
f 177 216 199
f 178 200 179
f 179 200 201
f 179 201 202
f 179 202 203
f 181 186 204
f 181 204 205
f 181 205 182
f 182 205 183
f 183 205 206
f 183 206 189
f 184 207 208
f 184 208 185
f 185 209 186
f 185 208 210
f 185 210 209
f 186 209 204
f 187 190 211
f 187 211 191
f 189 206 190
f 190 206 212
f 191 211 192
f 192 213 214
f 192 214 193
f 192 211 213
f 193 214 194
f 194 214 195
f 195 214 196
f 196 214 215
f 199 216 217
f 202 218 219
f 202 219 203
f 204 209 220
f 204 220 221
f 204 221 222
f 204 222 205
f 205 222 206
f 206 222 223
f 206 223 224
f 206 224 212
f 207 225 208
f 208 225 226
f 208 226 210
f 209 210 220
f 210 227 220
f 210 226 228
f 210 228 227
f 211 229 230
f 211 230 231
f 211 231 213
f 213 231 215
f 213 215 214
f 216 232 221
f 216 221 217
f 217 221 233
f 218 230 234
f 218 234 235
f 218 235 219
f 220 227 233
f 220 233 221
f 221 232 236
f 221 236 222
f 222 236 223
f 227 228 237
f 227 237 233
f 229 238 230
f 230 238 239
f 230 239 234

o geometry_2
v -0.00002063 -0.00031832 -0.00463303
v -0.00002063 -0.00022790 -0.00426673
v -0.00002063 -0.00010111 -0.00547581
v 0.00242850 -0.00510114 -0.00221785
v -0.00002063 -0.00012813 -0.00386805
v -0.00002063 0.00056196 -0.00592847
v 0.00268433 -0.00291655 -0.00521114
v 0.00262577 -0.00392362 -0.00438064
v 0.00263378 -0.00479663 -0.00345150
v 0.00255303 -0.00510634 -0.00267349
v 0.00277495 -0.00560208 -0.00221785
v 0.00213384 -0.00415435 -0.00221785
v -0.00002063 0.00020236 -0.00370091
v 0.00047191 0.00056196 -0.00593145
v 0.00330139 -0.00226699 -0.00547953
v -0.00002063 0.00105354 -0.00597426
v 0.00330139 -0.00297891 -0.00523943
v 0.00330139 -0.00345075 -0.00495466
v 0.00330139 -0.00403067 -0.00448301
v 0.00330139 -0.00450251 -0.00402402
v 0.00330139 -0.00487354 -0.00355238
v 0.00279776 -0.00558649 -0.00231054
v 0.00289022 -0.00561871 -0.00221785
v 0.00207960 -0.00226699 -0.00221785
v -0.00002063 0.00150563 -0.00346676
v -0.00002063 0.00101301 -0.00349356
v -0.00002063 0.00056196 -0.00351999
v 0.00141507 0.00056196 -0.00592251
v 0.00047191 0.00150563 -0.00601521
v 0.00426859 -0.00217346 -0.00523050
v 0.00397023 -0.00288225 -0.00517801
v 0.00330139 -0.00132436 -0.00561168
v -0.00002063 0.00150563 -0.00601409
v 0.00424455 -0.00389556 -0.00436128
v 0.00424455 -0.00436636 -0.00387400
v 0.00424455 -0.00476337 -0.00340236
v 0.00380811 -0.00558129 -0.00229825
v 0.00330139 -0.00534434 -0.00279075
v 0.00330139 -0.00559065 -0.00231910
v 0.00330139 -0.00562494 -0.00221785
v 0.00198898 0.00178001 -0.00221785
v 0.00198898 0.00272264 -0.00221785
v 0.00198960 0.00499142 -0.00221785
v -0.00002063 0.00195669 -0.00346750
v 0.00235885 0.00056196 -0.00583838
v 0.00141507 0.00150563 -0.00595825
v -0.00002063 0.00199722 -0.00601781
v -0.00002063 0.00244827 -0.00601930
v 0.00047191 0.00244827 -0.00601818
v 0.00459901 -0.00242497 -0.00503432
v 0.00424455 -0.00132436 -0.00531090
v 0.00471675 -0.00179619 -0.00510467
v 0.00426859 -0.00320236 -0.00484521
v 0.00330139 -0.00038068 -0.00564035
v 0.00476052 -0.00374279 -0.00421834
v 0.00473833 -0.00465009 -0.00325122
v 0.00433270 -0.00533706 -0.00221785
v 0.00384078 -0.00559377 -0.00221785
v 0.00552984 0.00499142 -0.00221785
v -0.00002063 0.00499142 -0.00347346
v 0.00235885 0.00244827 -0.00584620
v 0.00330139 0.00244827 -0.00565226
v 0.00141507 0.00244827 -0.00596123
v -0.00002063 0.00339195 -0.00602042
v 0.00047191 0.00339195 -0.00601893
v 0.00141507 0.00339195 -0.00596235
v 0.00485853 -0.00321067 -0.00438734
v 0.00424455 0.00499142 -0.00534515
v 0.00476792 0.00499142 -0.00513110
v 0.00490107 -0.00217346 -0.00468514
v 0.00550210 0.00499142 -0.00462782
v 0.00588738 0.00499142 -0.00436203
v 0.00627697 0.00499142 -0.00370016
v 0.00509895 -0.00321067 -0.00368974
v 0.00484805 -0.00409615 -0.00361529
v 0.00482463 -0.00477584 -0.00274645
v 0.00506504 -0.00415435 -0.00274645
v 0.00488134 -0.00488705 -0.00221785
v 0.00621286 0.00499142 -0.00273714
v 0.00541272 -0.00185232 -0.00221785
v -0.00002063 0.00499142 -0.00601893
v 0.00235885 0.00339195 -0.00584881
v 0.00330139 0.00339195 -0.00565524
v -0.00002063 0.00433562 -0.00601967
v 0.00047191 0.00499142 -0.00601856
v 0.00047191 0.00433562 -0.00601893
v 0.00075855 0.00499142 -0.00600106
v 0.00141507 0.00499142 -0.00596011
v 0.00330139 0.00433562 -0.00565486
v 0.00330139 0.00499142 -0.00565375
v 0.00519388 -0.00373967 -0.00221785
v 0.00521299 -0.00321067 -0.00274645
v 0.00621841 0.00499142 -0.00274943
v 0.00536957 -0.00226699 -0.00221785
v 0.00498737 -0.00461475 -0.00221785
v 0.00512854 -0.00415435 -0.00221785
v 0.00015875 0.00499142 -0.00601893
v 0.00170233 0.00499142 -0.00592549
v 0.00235885 0.00433562 -0.00584732
v 0.00264549 0.00499142 -0.00578776
v 0.00235885 0.00499142 -0.00584620
f 240 241 244
f 240 244 252
f 240 252 266
f 240 266 265
f 240 265 264
f 240 264 283
f 240 283 299
f 240 299 320
f 240 320 323
f 240 323 303
f 240 303 287
f 240 287 286
f 240 286 272
f 240 272 255
f 240 255 245
f 240 245 242
f 240 242 243
f 240 243 241
f 241 243 244
f 242 245 246
f 242 246 247
f 242 247 248
f 242 248 249
f 242 249 243
f 243 249 250
f 243 250 262
f 243 262 279
f 243 279 297
f 243 297 296
f 243 296 317
f 243 317 334
f 243 334 335
f 243 335 330
f 243 330 333
f 243 333 319
f 243 319 298
f 243 298 282
f 243 282 281
f 243 281 280
f 243 280 263
f 243 263 251
f 243 251 244
f 244 251 252
f 245 253 254
f 245 254 246
f 245 255 253
f 246 254 256
f 246 256 257
f 246 257 247
f 247 257 258
f 247 258 259
f 247 259 248
f 248 259 260
f 248 260 261
f 248 261 249
f 249 261 250
f 250 261 262
f 251 263 264
f 251 264 265
f 251 265 266
f 251 266 252
f 253 267 254
f 253 255 268
f 253 268 267
f 254 269 270
f 254 270 256
f 254 267 271
f 254 271 269
f 255 272 268
f 256 270 257
f 257 273 258
f 257 270 273
f 258 273 259
f 259 273 274
f 259 274 275
f 259 275 260
f 260 275 276
f 260 276 277
f 260 277 261
f 261 278 279
f 261 279 262
f 261 277 278
f 263 280 264
f 264 280 281
f 264 281 282
f 264 282 283
f 267 284 271
f 267 268 285
f 267 285 284
f 268 272 286
f 268 286 287
f 268 287 288
f 268 288 302
f 268 302 285
f 269 289 270
f 269 271 290
f 269 290 291
f 269 291 289
f 270 289 292
f 270 292 273
f 271 284 293
f 271 293 290
f 273 292 294
f 273 294 274
f 274 295 275
f 274 294 295
f 275 295 276
f 276 296 297
f 276 297 279
f 276 279 278
f 276 278 277
f 276 295 296
f 282 298 318
f 282 318 332
f 282 332 312
f 282 312 311
f 282 311 310
f 282 310 308
f 282 308 307
f 282 307 329
f 282 329 339
f 282 339 340
f 282 340 337
f 282 337 327
f 282 327 326
f 282 326 324
f 282 324 336
f 282 336 320
f 282 320 299
f 282 299 283
f 284 285 300
f 284 300 301
f 284 301 293
f 285 302 300
f 287 303 288
f 288 303 304
f 288 304 305
f 288 305 302
f 289 306 294
f 289 294 292
f 289 291 306
f 290 293 307
f 290 307 308
f 290 308 291
f 291 309 306
f 291 308 310
f 291 310 311
f 291 311 312
f 291 312 309
f 293 301 307
f 294 306 313
f 294 313 314
f 294 314 295
f 295 315 296
f 295 314 316
f 295 316 315
f 296 315 317
f 298 319 318
f 300 302 321
f 300 321 322
f 300 322 301
f 301 322 307
f 302 305 321
f 303 323 324
f 303 324 325
f 303 325 304
f 304 325 305
f 305 325 324
f 305 324 326
f 305 326 327
f 305 327 321
f 306 309 312
f 306 312 313
f 307 322 328
f 307 328 329
f 312 330 331
f 312 331 313
f 312 332 333
f 312 333 330
f 313 331 316
f 313 316 314
f 315 316 334
f 315 334 317
f 316 331 330
f 316 330 335
f 316 335 334
f 318 319 332
f 319 333 332
f 320 336 323
f 321 327 337
f 321 337 338
f 321 338 339
f 321 339 328
f 321 328 322
f 323 336 324
f 328 339 329
f 337 340 338
f 338 340 339

o geometry_3
v -0.00002063 0.01074324 -0.00601426
v 0.00047227 0.01235570 -0.00600682
v 0.00141529 0.01074324 -0.00595326
v -0.00002063 0.01074324 -0.00321402
v 0.00235908 0.01074324 -0.00583869
v 0.00206410 0.01074324 0.00762985
v -0.00002063 0.01148215 0.00762985
v -0.00002063 0.01660119 -0.00595028
v 0.00141529 0.01660119 -0.00588928
v 0.00235908 0.01235570 -0.00582976
v 0.00330209 0.01074324 -0.00564080
v 0.00239347 0.01074324 0.00837827
v 0.00047227 0.01707212 -0.00593838
v 0.00330209 0.01074324 0.00847796
v -0.00002063 0.01212609 0.00914156
v -0.00002063 0.01168899 0.00857318
v 0.00235908 0.01707212 -0.00575983
v 0.00330209 0.01660119 -0.00557235
v 0.00417404 0.01660054 -0.00527254
v 0.00424511 0.01074324 -0.00531792
v 0.00047227 0.01282728 0.00918471
v -0.00002063 0.02178853 -0.00579777
v 0.00047227 0.02178853 -0.00579777
v 0.00141529 0.02178853 -0.00573751
v 0.00235908 0.02178853 -0.00562294
v 0.00330209 0.02131696 -0.00544439
v 0.00401891 0.02178853 -0.00520409
v 0.00465014 0.01660119 -0.00507390
v 0.00473344 0.01074324 -0.00511259
v 0.00396389 0.01074324 0.00821162
v 0.00330209 0.01188413 0.00858806
v 0.00195405 0.01231082 0.00906270
v 0.00118985 0.01612962 0.00908130
v 0.00047227 0.01612962 0.00913859
v -0.00002063 0.01612962 0.00913859
v -0.00002063 0.01282728 0.00918174
v 0.00447800 0.02202432 -0.00500137
v 0.00518813 0.02202432 -0.00460521
v 0.00518813 0.01377043 -0.00481203
v 0.00588279 0.01377043 -0.00434929
v 0.00403267 0.01188413 0.00825923
v 0.00161169 0.01660119 0.00900467
v 0.00235908 0.01612962 0.00884919
v 0.00141529 0.02403194 -0.00562592
v 0.00235908 0.02403194 -0.00551283
v 0.00360090 0.02403194 -0.00523906
v 0.00570167 0.02403194 -0.00419306
v 0.00635430 0.01377043 -0.00388953
v 0.00586215 0.01282728 -0.00434185
v 0.00558934 0.01074324 -0.00428531
v 0.00450418 0.01188413 0.00795719
v 0.00330209 0.01612962 0.00851218
v 0.00074280 0.01735734 0.00905080
v -0.00002063 0.01732059 0.00907163
v -0.00002063 0.02403194 -0.00568246
v 0.00477967 0.02403194 -0.00473838
v 0.00622209 0.02226011 -0.00375711
v 0.00633443 0.01282728 -0.00383448
v 0.00662406 0.02403194 -0.00324526
v 0.00674939 0.01377043 -0.00341786
v 0.00522329 0.01074324 0.00727126
v 0.00510331 0.01282728 0.00748254
v 0.00440789 0.01612962 0.00788949
v 0.00393638 0.01612962 0.00820269
v 0.00235908 0.01801462 0.00870858
v 0.00141529 0.01848620 0.00884547
v 0.00047227 0.01942935 0.00878595
v 0.00670888 0.01282728 -0.00336281
v 0.00691904 0.02403194 -0.00274533
v 0.00713760 0.01377043 -0.00274533
v 0.00664316 0.01232123 -0.00327502
v 0.00750136 0.01245522 -0.00118451
v 0.00734622 0.01074324 0.00260072
v 0.00557482 0.01282728 0.00707039
v 0.00495085 0.01754370 0.00736946
v 0.00377895 0.01853303 0.00810672
v 0.00334145 0.01802893 0.00835148
v 0.00141529 0.01942935 0.00869816
v -0.00002063 0.01942935 0.00878595
v -0.00002063 0.02403194 0.00770722
v 0.00702755 0.01282728 -0.00274533
v 0.00735157 0.02403194 -0.00180200
v 0.00746315 0.01377043 -0.00198203
v 0.00758083 0.01308486 -0.00145829
v 0.00756708 0.01233554 -0.00055662
v 0.00769928 0.01282728 0.00008467
v 0.00589272 0.01074324 0.00651392
v 0.00594774 0.01282728 0.00659873
v 0.00577083 0.01895778 0.00635546
v 0.00540555 0.01801462 0.00687250
v 0.00308659 0.01980141 0.00820790
v 0.00235908 0.01942935 0.00850771
v 0.00235908 0.02403194 0.00751677
v 0.00754797 0.02185293 -0.00133330
v 0.00759612 0.01377043 -0.00150888
v 0.00771610 0.01377043 -0.00085866
v 0.00778640 0.01377043 0.00008467
v 0.00764732 0.01377043 0.00196985
v 0.00723312 0.01094097 0.00385652
v 0.00720103 0.01074324 0.00385652
v 0.00775201 0.01377043 0.00102800
v 0.00652777 0.01094097 0.00561894
v 0.00641925 0.01282728 0.00588900
v 0.00616783 0.01895778 0.00574318
v 0.00485189 0.01942935 0.00727573
v 0.00424511 0.01942935 0.00769085
v 0.00364522 0.01942935 0.00804646
v 0.00367961 0.02403194 0.00712396
v 0.00315537 0.02403194 0.00730697
v 0.00141529 0.02403194 0.00765068
v 0.00752810 0.02403194 -0.00119790
v 0.00759153 0.02403194 -0.00072624
v 0.00751626 0.01424201 0.00274505
v 0.00724917 0.01377043 0.00385652
v 0.00693738 0.01282728 0.00479985
v 0.00674098 0.01074324 0.00517852
v 0.00667832 0.01282728 0.00541733
v 0.00651631 0.01942935 0.00508106
v 0.00637111 0.02403194 0.00473141
v 0.00585222 0.02403194 0.00551107
v 0.00541510 0.02403194 0.00598273
v 0.00494359 0.02403194 0.00638596
v 0.00423671 0.02403194 0.00682935
v 0.00763738 0.02403194 0.00008467
v 0.00755332 0.02403194 0.00152645
v 0.00743258 0.02403194 0.00199663
v 0.00715441 0.02403194 0.00291318
v 0.00672417 0.01942935 0.00460940
v 0.00677078 0.02403194 0.00393389
f 341 342 343
f 341 343 345
f 341 345 351
f 341 351 360
f 341 360 369
f 341 369 390
f 341 390 413
f 341 413 440
f 341 440 456
f 341 456 427
f 341 427 401
f 341 401 370
f 341 370 354
f 341 354 352
f 341 352 346
f 341 346 344
f 341 344 347
f 341 347 356
f 341 356 355
f 341 355 376
f 341 376 375
f 341 375 394
f 341 394 419
f 341 419 420
f 341 420 395
f 341 395 362
f 341 362 348
f 343 350 345
f 344 346 347
f 342 341 348
f 343 342 349
f 343 349 350
f 345 350 351
f 346 352 347
f 342 348 353
f 342 353 349
f 352 354 355
f 352 355 356
f 352 356 347
f 349 357 350
f 350 357 358
f 350 358 351
f 351 358 359
f 351 359 360
f 353 348 362
f 353 362 363
f 353 363 364
f 353 364 349
f 349 365 357
f 357 365 366
f 357 366 358
f 358 367 359
f 359 368 369
f 359 369 360
f 354 370 371
f 354 371 372
f 354 372 355
f 355 372 361
f 361 373 374
f 361 374 375
f 361 375 376
f 361 376 355
f 361 372 373
f 349 364 365
f 366 367 358
f 367 377 359
f 359 377 368
f 368 378 379
f 368 379 369
f 369 379 380
f 371 370 381
f 373 372 382
f 372 383 382
f 372 371 383
f 363 384 364
f 364 384 385
f 364 385 365
f 365 385 386
f 365 386 366
f 366 386 367
f 367 386 377
f 377 378 368
f 378 387 380
f 378 380 379
f 380 388 389
f 380 389 369
f 369 389 390
f 381 370 391
f 381 392 371
f 371 392 383
f 373 382 393
f 373 393 374
f 374 394 375
f 374 393 394
f 363 362 395
f 363 395 384
f 386 385 384
f 386 384 395
f 386 395 420
f 386 420 450
f 386 450 433
f 386 433 449
f 386 449 448
f 386 448 463
f 386 463 462
f 386 462 461
f 386 461 460
f 386 460 459
f 386 459 469
f 386 469 467
f 386 467 466
f 386 466 465
f 386 465 464
f 386 464 452
f 386 452 451
f 386 451 422
f 386 422 409
f 386 409 399
f 386 399 387
f 386 387 396
f 377 386 396
f 377 396 378
f 387 397 380
f 380 397 388
f 388 398 389
f 388 399 400
f 388 400 398
f 389 398 390
f 370 401 391
f 391 401 402
f 391 402 403
f 391 403 404
f 391 404 381
f 381 404 392
f 382 383 405
f 382 405 406
f 382 406 393
f 393 406 407
f 383 392 405
f 396 387 378
f 397 399 388
f 398 400 408
f 398 408 390
f 399 409 410
f 399 410 400
f 400 410 408
f 390 408 411
f 390 411 412
f 390 412 413
f 402 401 414
f 402 414 415
f 402 415 403
f 404 416 392
f 404 403 416
f 392 416 417
f 392 417 405
f 406 405 418
f 406 418 407
f 407 419 393
f 393 419 394
f 387 399 397
f 408 410 421
f 408 421 411
f 409 422 410
f 410 422 423
f 410 423 421
f 411 421 412
f 412 421 424
f 412 424 425
f 412 425 413
f 413 425 426
f 401 427 414
f 414 427 428
f 414 428 429
f 414 429 430
f 414 430 415
f 403 415 416
f 417 431 405
f 417 416 431
f 405 432 418
f 405 431 432
f 418 432 433
f 421 423 424
f 423 434 435
f 423 435 424
f 424 435 436
f 424 436 437
f 424 437 426
f 424 426 425
f 413 438 439
f 413 439 440
f 413 426 441
f 413 441 438
f 426 437 441
f 427 442 428
f 428 442 443
f 428 443 429
f 429 443 444
f 415 430 445
f 415 445 416
f 416 445 446
f 416 446 447
f 416 447 431
f 431 447 448
f 432 431 449
f 432 449 433
f 418 433 450
f 418 450 407
f 407 420 419
f 407 450 420
f 422 451 434
f 434 451 452
f 434 423 422
f 434 452 436
f 434 436 435
f 437 436 452
f 439 453 454
f 439 454 455
f 439 455 456
f 439 456 440
f 439 438 453
f 427 456 442
f 443 442 457
f 443 457 458
f 443 458 444
f 444 458 459
f 444 459 429
f 429 459 460
f 429 445 430
f 445 429 460
f 445 460 461
f 445 461 462
f 446 445 462
f 446 462 463
f 446 463 447
f 447 463 448
f 431 448 449
f 452 464 437
f 437 464 441
f 441 464 465
f 441 465 438
f 453 465 466
f 453 466 454
f 454 466 467
f 454 467 468
f 454 468 455
f 455 457 456
f 456 457 442
f 438 465 453
f 457 455 468
f 457 468 458
f 458 468 469
f 458 469 459
f 467 469 468

o geometry_4
v -0.00002063 0.01282787 0.00918159
v -0.00047254 0.01282787 0.00917985
v -0.00002063 0.01246267 0.00916159
v -0.00002063 0.01565745 0.00915289
v -0.00047254 0.01565745 0.00915289
v -0.00194901 0.01247844 0.00906157
v -0.00194901 0.01231423 0.00906157
v -0.00141584 0.01222096 0.00909984
v -0.00047254 0.01212769 0.00914071
v -0.00124419 0.01565745 0.00908940
v -0.00002063 0.01212638 0.00914245
v -0.00002063 0.01610803 0.00913984
v -0.00047254 0.01660065 0.00912593
v -0.00114773 0.01660065 0.00907548
v -0.00330244 0.01282787 0.00858410
v -0.00330244 0.01188336 0.00858497
v -0.00171584 0.01565745 0.00902069
v -0.00235914 0.01565745 0.00886849
v -0.00330244 0.01061306 0.00846407
v -0.00242066 0.01061306 0.00837362
v -0.00002063 0.01189781 0.00884675
v -0.00002063 0.01660065 0.00912506
v -0.00002063 0.01694351 0.00909984
v -0.00002063 0.01732052 0.00907200
v -0.00047254 0.01732315 0.00907200
v -0.00101862 0.01717471 0.00905635
v -0.00161939 0.01660065 0.00900678
v -0.00403384 0.01188336 0.00825621
v -0.00330244 0.01565745 0.00853626
v -0.00397916 0.01094016 0.00821969
v -0.00394954 0.01061306 0.00820142
v -0.00350751 0.01061306 0.00838145
v -0.00235914 0.01660065 0.00883892
v -0.00214648 0.01061306 0.00775265
v -0.00002063 0.01148270 0.00763089
v -0.00002063 0.01158122 0.00808227
v -0.00002063 0.01168894 0.00857453
v -0.00002063 0.01779081 0.00902156
v -0.00047254 0.01779475 0.00902243
v -0.00047254 0.01848572 0.00893459
v -0.00141584 0.01848572 0.00884675
v -0.00136571 0.01750969 0.00897025
v -0.00235914 0.01754253 0.00876500
v -0.00448803 0.01282787 0.00795616
v -0.00450549 0.01188336 0.00796138
v -0.00445157 0.01094016 0.00792833
v -0.00396321 0.01565745 0.00821708
v -0.00330244 0.01660065 0.00850669
v -0.00393663 0.01660065 0.00820229
v -0.00442119 0.01061306 0.00790833
v -0.00330244 0.01754253 0.00843711
v -0.00209331 0.01061306 0.00763089
v -0.00002063 0.01148138 0.00291443
v -0.00206142 0.01061306 0.00668725
v -0.00203711 0.01061306 0.00480084
v -0.00201357 0.01061306 0.00291443
v -0.00200217 0.01061306 0.00197688
v -0.00198547 0.01061306 0.00029834
v -0.00002063 0.01812579 0.00897895
v -0.00002063 0.01848572 0.00893285
v -0.00002063 0.01893762 0.00886327
v -0.00002063 0.01943024 0.00878674
v -0.00047254 0.01943024 0.00878761
v -0.00141584 0.01943024 0.00870325
v -0.00235914 0.01848572 0.00865628
v -0.00338751 0.01854747 0.00829361
v -0.00510702 0.01282787 0.00748391
v -0.00443486 0.01565745 0.00790050
v -0.00508955 0.01188336 0.00749000
v -0.00505689 0.01094016 0.00745608
v -0.00388118 0.01754253 0.00816837
v -0.00440828 0.01660065 0.00787789
v -0.00502347 0.01061306 0.00743607
v -0.00375890 0.01890215 0.00809532
v -0.00382346 0.01827292 0.00813184
v -0.00002063 0.01159436 0.00197079
v -0.00002063 0.01220783 0.00029834
v -0.00486170 0.01061306 0.00029834
v -0.00002063 0.01988081 0.00868933
v -0.00047254 0.02037343 0.00858149
v -0.00141584 0.02037343 0.00849973
v -0.00235914 0.01943024 0.00850843
v -0.00235914 0.02403324 0.00751783
v -0.00318320 0.01943024 0.00824317
v -0.00557867 0.01282787 0.00707340
v -0.00498322 0.01660065 0.00740650
v -0.00556196 0.01188336 0.00705166
v -0.00552854 0.01094016 0.00702122
v -0.00418043 0.01854747 0.00785962
v -0.00435207 0.01754253 0.00784223
v -0.00491107 0.01848572 0.00733171
v -0.00494828 0.01754253 0.00737084
v -0.00567285 0.01061306 0.00673595
v -0.00424498 0.01943024 0.00769612
v -0.00365485 0.01943024 0.00805270
v -0.00423663 0.02403324 0.00682901
v -0.00002063 0.02403324 0.00029834
v -0.00691843 0.01061306 0.00166726
v -0.00735894 0.01246530 0.00029834
v -0.00002063 0.02037343 0.00858149
v -0.00002063 0.02403324 0.00770829
v -0.00047254 0.02403324 0.00770655
v -0.00141584 0.02403324 0.00765176
v -0.00300092 0.02015011 0.00816489
v -0.00320978 0.02403324 0.00728648
v -0.00367156 0.02403324 0.00712124
v -0.00594399 0.01282787 0.00660202
v -0.00593412 0.01188336 0.00657941
v -0.00545487 0.01660065 0.00692555
v -0.00578222 0.01848572 0.00637850
v -0.00592045 0.01094016 0.00654984
v -0.00587640 0.01061306 0.00649156
v -0.00485107 0.01943024 0.00727344
v -0.00532272 0.01943024 0.00680727
v -0.00538272 0.01848572 0.00684989
v -0.00477891 0.02012515 0.00721082
v -0.00493537 0.02403324 0.00638894
v -0.00372245 0.02403324 0.00709515
v -0.00762857 0.02403324 0.00029834
v -0.00707641 0.01061306 0.00180381
v -0.00762021 0.01283049 0.00029834
v -0.00641564 0.01282787 0.00587320
v -0.00640653 0.01188336 0.00586276
v -0.00639210 0.01094016 0.00585319
v -0.00575260 0.01943024 0.00633589
v -0.00613615 0.01943024 0.00574361
v -0.00618855 0.01848572 0.00574361
v -0.00653640 0.01061306 0.00555662
v -0.00540702 0.02403324 0.00596974
v -0.00571006 0.02018558 0.00627848
v -0.00759895 0.02403324 0.00102802
v -0.00772351 0.01775665 0.00029834
v -0.00768553 0.01848572 0.00102802
v -0.00767110 0.01943024 0.00102802
v -0.00729287 0.01061306 0.00216822
v -0.00766654 0.01293690 0.00029834
v -0.00746452 0.01061306 0.00259699
v -0.00667083 0.01282787 0.00540181
v -0.00666248 0.01094016 0.00538181
v -0.00651590 0.01943024 0.00508002
v -0.00584905 0.02403324 0.00549835
v -0.00632070 0.02403324 0.00481563
v -0.00661159 0.02403324 0.00434511
v -0.00665033 0.01061306 0.00535746
v -0.00755945 0.02403324 0.00146288
v -0.00772654 0.01754253 0.00029834
v -0.00771287 0.01660065 0.00102802
v -0.00755338 0.02403324 0.00152550
v -0.00777971 0.01377106 0.00029834
v -0.00729287 0.01061306 0.00357281
v -0.00755414 0.01324298 0.00248566
v -0.00764452 0.01377106 0.00197079
v -0.00775237 0.01377106 0.00102802
v -0.00693059 0.01282787 0.00480084
v -0.00693210 0.01188336 0.00480084
v -0.00672400 0.01943024 0.00460950
v -0.00692299 0.01094016 0.00480084
v -0.00663590 0.02403324 0.00428336
v -0.00697691 0.01061306 0.00447470
v -0.00775313 0.01565745 0.00029834
v -0.00763844 0.01471426 0.00197079
v -0.00744857 0.02403324 0.00194035
v -0.00755565 0.01527387 0.00246827
v -0.00747059 0.01377106 0.00297879
v -0.00723514 0.01094016 0.00385807
v -0.00755869 0.01377106 0.00250654
v -0.00755945 0.01471426 0.00249349
v -0.00724578 0.01377106 0.00385807
v -0.00680147 0.02403324 0.00385807
v -0.00715236 0.02403324 0.00291443
v -0.00743414 0.02403324 0.00199689
f 470 471 472
f 470 472 480
f 470 480 490
f 470 490 506
f 470 506 505
f 470 505 504
f 470 504 522
f 470 522 545
f 470 545 546
f 470 546 566
f 470 566 570
f 470 570 569
f 470 569 548
f 470 548 531
f 470 531 530
f 470 530 529
f 470 529 528
f 470 528 507
f 470 507 493
f 470 493 492
f 470 492 491
f 470 491 481
f 470 481 473
f 470 473 474
f 470 474 471
f 471 475 476
f 471 476 477
f 471 477 478
f 471 478 472
f 471 474 479
f 471 479 475
f 472 478 480
f 473 481 482
f 473 482 474
f 474 482 483
f 474 483 479
f 475 484 485
f 475 485 476
f 475 479 486
f 475 486 487
f 475 487 484
f 476 485 488
f 476 488 477
f 477 488 478
f 478 488 480
f 479 483 496
f 479 496 486
f 480 488 489
f 480 489 490
f 481 491 482
f 482 491 492
f 482 492 493
f 482 493 494
f 482 494 495
f 482 495 483
f 483 495 496
f 484 497 485
f 484 487 498
f 484 498 497
f 485 497 499
f 485 499 500
f 485 500 501
f 485 501 488
f 486 496 502
f 486 502 487
f 487 502 517
f 487 517 498
f 488 501 500
f 488 500 519
f 488 519 542
f 488 542 562
f 488 562 581
f 488 581 597
f 488 597 613
f 488 613 628
f 488 628 619
f 488 619 606
f 488 606 604
f 488 604 589
f 488 589 567
f 488 567 547
f 488 547 527
f 488 527 526
f 488 526 525
f 488 525 524
f 488 524 523
f 488 523 521
f 488 521 503
f 488 503 489
f 489 503 504
f 489 504 505
f 489 505 506
f 489 506 490
f 493 507 508
f 493 508 494
f 494 508 495
f 495 508 509
f 495 509 510
f 495 510 511
f 495 511 496
f 496 511 512
f 496 512 502
f 497 513 514
f 497 514 515
f 497 515 499
f 497 498 516
f 497 516 513
f 498 517 518
f 498 518 516
f 499 515 500
f 500 515 519
f 502 512 520
f 502 520 517
f 503 521 504
f 504 521 523
f 504 523 524
f 504 524 525
f 504 525 526
f 504 526 527
f 504 527 522
f 507 528 509
f 507 509 508
f 509 528 529
f 509 529 530
f 509 530 531
f 509 531 532
f 509 532 533
f 509 533 510
f 510 534 511
f 510 533 534
f 511 534 512
f 512 534 535
f 512 535 520
f 513 536 514
f 513 516 537
f 513 537 536
f 514 536 538
f 514 538 539
f 514 539 515
f 515 539 519
f 516 518 537
f 517 520 540
f 517 540 518
f 518 540 541
f 518 541 537
f 519 539 542
f 520 535 543
f 520 543 544
f 520 544 540
f 522 527 545
f 527 546 545
f 527 547 568
f 527 568 590
f 527 590 605
f 527 605 618
f 527 618 629
f 527 629 615
f 527 615 601
f 527 601 588
f 527 588 566
f 527 566 546
f 531 548 532
f 532 548 549
f 532 549 550
f 532 550 533
f 533 551 534
f 533 550 552
f 533 552 551
f 534 551 553
f 534 553 535
f 535 553 543
f 536 554 538
f 536 537 541
f 536 541 555
f 536 555 554
f 538 554 556
f 538 556 557
f 538 557 539
f 539 557 542
f 540 544 558
f 540 558 559
f 540 559 541
f 541 559 560
f 541 560 561
f 541 561 555
f 542 557 562
f 543 563 558
f 543 558 544
f 543 553 564
f 543 564 565
f 543 565 563
f 547 567 568
f 548 569 549
f 549 569 570
f 549 570 571
f 549 571 572
f 549 572 550
f 550 572 552
f 551 573 553
f 551 552 574
f 551 574 573
f 552 572 571
f 552 571 570
f 552 570 566
f 552 566 588
f 552 588 600
f 552 600 614
f 552 614 617
f 552 617 631
f 552 631 640
f 552 640 639
f 552 639 638
f 552 638 627
f 552 627 612
f 552 612 611
f 552 611 610
f 552 610 598
f 552 598 586
f 552 586 565
f 552 565 587
f 552 587 575
f 552 575 574
f 553 573 575
f 553 575 564
f 554 576 577
f 554 577 556
f 554 555 578
f 554 578 579
f 554 579 576
f 555 561 578
f 556 577 580
f 556 580 557
f 557 580 581
f 557 581 562
f 558 563 582
f 558 582 560
f 558 560 559
f 560 582 583
f 560 583 584
f 560 584 561
f 561 584 578
f 563 585 582
f 563 565 586
f 563 586 585
f 564 575 587
f 564 587 565
f 567 589 568
f 568 589 590
f 573 574 575
f 576 591 592
f 576 592 593
f 576 593 577
f 576 579 591
f 577 593 580
f 578 584 594
f 578 594 579
f 579 594 595
f 579 595 596
f 579 596 591
f 580 593 597
f 580 597 581
f 582 585 586
f 582 586 598
f 582 598 583
f 583 599 594
f 583 594 584
f 583 598 599
f 588 601 602
f 588 602 603
f 588 603 600
f 589 604 590
f 590 604 606
f 590 606 605
f 591 607 608
f 591 608 592
f 591 596 609
f 591 609 607
f 592 608 593
f 593 608 597
f 594 599 610
f 594 610 611
f 594 611 595
f 595 609 596
f 595 611 612
f 595 612 609
f 597 608 613
f 598 610 599
f 600 603 614
f 601 615 616
f 601 616 602
f 602 616 617
f 602 617 614
f 602 614 603
f 605 606 618
f 606 619 620
f 606 620 621
f 606 621 622
f 606 622 618
f 607 623 624
f 607 624 608
f 607 609 625
f 607 625 623
f 608 626 613
f 608 624 626
f 609 612 625
f 612 627 625
f 613 626 628
f 615 629 616
f 616 629 618
f 616 618 622
f 616 622 630
f 616 630 617
f 617 630 632
f 617 632 633
f 617 633 631
f 619 628 626
f 619 626 634
f 619 634 633
f 619 633 620
f 620 633 635
f 620 635 621
f 621 635 636
f 621 636 630
f 621 630 622
f 623 637 624
f 623 625 637
f 624 637 634
f 624 634 626
f 625 627 638
f 625 638 639
f 625 639 637
f 630 636 632
f 631 633 640
f 632 636 633
f 633 637 640
f 633 636 635
f 633 634 637
f 637 639 640

o geometry_5
v 0.00561563 0.01074324 -0.00410323
v 0.00558890 0.01074324 -0.00428584
v 0.00561266 0.01074324 -0.00368070
v 0.00714665 0.00992588 -0.00180798
v 0.00717412 0.00990449 -0.00180798
v 0.00568691 0.01067062 -0.00419763
v 0.00672120 0.00970071 -0.00337896
v 0.00540773 0.01074324 -0.00449979
v 0.00486720 0.01074324 -0.00180798
v 0.00616805 0.01041731 -0.00180798
v 0.00639451 0.01030360 -0.00180798
v 0.00756393 0.00905279 -0.00180798
v 0.00690089 0.00986452 -0.00274661
v 0.00747260 0.00905279 -0.00207551
v 0.00716076 0.00905279 -0.00274661
v 0.00676278 0.00905279 -0.00343708
v 0.00638337 0.00905279 -0.00390866
v 0.00581091 0.00999624 -0.00429862
v 0.00483230 0.01074324 -0.00504144
v 0.00176358 0.01074324 -0.00180798
v 0.00756467 0.00854842 -0.00180798
v 0.00756170 0.00716645 -0.00180798
v 0.00717115 0.00622300 -0.00274661
v 0.00678951 0.00622300 -0.00344697
v 0.00593045 0.00527954 -0.00439632
v 0.00591189 0.00905279 -0.00437818
v 0.00473355 0.01074324 -0.00511358
v -0.00002063 0.01074324 -0.00321489
v 0.00204944 0.00499302 -0.00180798
v 0.00752755 0.00684896 -0.00180798
v 0.00686822 0.00540845 -0.00274661
v 0.00674051 0.00546756 -0.00340122
v 0.00588738 0.00499302 -0.00436210
v 0.00550203 0.00499302 -0.00462799
v 0.00524661 0.00527954 -0.00486790
v 0.00521691 0.00905279 -0.00484976
v 0.00473949 0.00999624 -0.00511647
v 0.00434819 0.01074324 -0.00527476
v -0.00002063 0.01074324 -0.00601511
v -0.00002063 0.00499302 -0.00347336
v 0.00544114 0.00499302 -0.00180798
v 0.00717264 0.00619992 -0.00180798
v 0.00716373 0.00618415 -0.00180798
v 0.00681921 0.00557733 -0.00203470
v 0.00621853 0.00499302 -0.00274950
v 0.00627645 0.00499302 -0.00370008
v 0.00641901 0.00520411 -0.00370544
v 0.00476770 0.00499302 -0.00513131
v 0.00477513 0.00527954 -0.00513461
v 0.00424499 0.01074324 -0.00531763
v -0.00002063 0.01048823 -0.00601552
v 0.00025780 0.01074324 -0.00601552
v -0.00002063 0.00499302 -0.00601882
v 0.00621259 0.00499302 -0.00273713
v 0.00424499 0.00499302 -0.00534525
v 0.00424499 0.00527954 -0.00534855
v 0.00424499 0.00999624 -0.00532258
v 0.00349878 0.01074324 -0.00557403
v 0.00047164 0.00999624 -0.00601635
v 0.00047164 0.00810934 -0.00601800
v -0.00002063 0.00622300 -0.00601841
v 0.00047164 0.01074324 -0.00601552
v -0.00002063 0.00527954 -0.00601882
v 0.00047164 0.00499302 -0.00601882
v 0.00330202 0.00499302 -0.00565359
v 0.00330202 0.00527954 -0.00565359
v 0.00330202 0.00716645 -0.00565029
v 0.00330202 0.00905279 -0.00564617
v 0.00330202 0.00999624 -0.00564329
v 0.00330202 0.01074324 -0.00564081
v 0.00141535 0.00810934 -0.00595740
v 0.00141535 0.00499302 -0.00596028
v 0.00047164 0.00716645 -0.00601841
v 0.00066840 0.01074324 -0.00600274
v 0.00047164 0.00527954 -0.00601882
v 0.00075898 0.00499302 -0.00600109
v 0.00235906 0.00499302 -0.00584610
v 0.00235906 0.00810934 -0.00584280
v 0.00235906 0.00999624 -0.00584033
v 0.00235906 0.01074324 -0.00583909
v 0.00141535 0.00999624 -0.00595493
v 0.00170195 0.00499302 -0.00592566
v 0.00141535 0.01074324 -0.00595369
f 641 642 648
f 641 648 659
f 641 659 667
f 641 667 678
f 641 678 690
f 641 690 698
f 641 698 710
f 641 710 720
f 641 720 723
f 641 723 714
f 641 714 702
f 641 702 692
f 641 692 679
f 641 679 668
f 641 668 660
f 641 660 649
f 641 649 643
f 641 643 644
f 641 644 642
f 642 644 645
f 642 645 646
f 642 646 647
f 642 647 648
f 643 649 650
f 643 650 651
f 643 651 644
f 644 651 650
f 644 650 649
f 644 649 660
f 644 660 669
f 644 669 681
f 644 681 683
f 644 683 682
f 644 682 670
f 644 670 662
f 644 662 661
f 644 661 652
f 644 652 645
f 645 652 653
f 645 653 646
f 646 653 647
f 647 653 654
f 647 654 655
f 647 655 656
f 647 656 657
f 647 657 658
f 647 658 648
f 648 658 659
f 652 661 654
f 652 654 653
f 654 661 662
f 654 662 663
f 654 663 655
f 655 664 656
f 655 663 664
f 656 664 657
f 657 665 666
f 657 666 658
f 657 664 665
f 658 666 659
f 659 666 667
f 660 668 669
f 662 670 663
f 663 670 671
f 663 671 672
f 663 672 664
f 664 672 665
f 665 672 673
f 665 673 674
f 665 674 675
f 665 675 666
f 666 675 676
f 666 676 667
f 667 677 678
f 667 676 675
f 667 675 677
f 668 679 691
f 668 691 701
f 668 701 703
f 668 703 693
f 668 693 680
f 668 680 669
f 669 680 693
f 669 693 704
f 669 704 716
f 669 716 712
f 669 712 722
f 669 722 717
f 669 717 705
f 669 705 695
f 669 695 688
f 669 688 674
f 669 674 673
f 669 673 686
f 669 686 685
f 669 685 694
f 669 694 681
f 670 682 671
f 671 682 683
f 671 683 684
f 671 684 685
f 671 685 686
f 671 686 672
f 672 686 687
f 672 687 673
f 673 687 686
f 674 688 675
f 675 688 689
f 675 689 677
f 677 689 678
f 678 689 690
f 679 692 691
f 681 694 684
f 681 684 683
f 684 694 685
f 688 695 689
f 689 695 696
f 689 696 697
f 689 697 690
f 690 697 698
f 691 692 699
f 691 699 700
f 691 700 701
f 692 702 699
f 693 703 715
f 693 715 704
f 695 705 696
f 696 705 706
f 696 706 707
f 696 707 708
f 696 708 709
f 696 709 710
f 696 710 698
f 696 698 697
f 699 702 711
f 699 711 712
f 699 712 700
f 700 713 701
f 700 712 713
f 701 713 703
f 702 714 711
f 703 713 715
f 704 715 716
f 705 717 706
f 706 717 718
f 706 718 719
f 706 719 720
f 706 720 707
f 707 720 708
f 708 720 709
f 709 720 710
f 711 721 719
f 711 719 718
f 711 718 717
f 711 717 722
f 711 722 712
f 711 714 721
f 712 716 713
f 713 716 715
f 714 723 721
f 719 721 723
f 719 723 720

o geometry_6
v -0.00002135 0.01061306 -0.00334371
v -0.00002135 0.00499611 -0.00347329
v -0.00002135 0.01061306 -0.00601537
v -0.00185145 0.01061306 -0.00225001
v -0.00185434 0.01061141 -0.00223780
v -0.00198723 0.00499611 -0.00223780
v -0.00002135 0.00499611 -0.00601907
v -0.00002135 0.00527985 -0.00601907
v -0.00047202 0.00527985 -0.00601944
v -0.00014558 0.01061306 -0.00601537
v -0.00192945 0.01061306 -0.00223780
v -0.00556509 0.00499611 -0.00223780
v -0.00033624 0.00499611 -0.00601944
v -0.00047202 0.01061306 -0.00601463
v -0.00031602 0.01061306 -0.00601500
v -0.00047202 0.00499611 -0.00601944
v -0.00141595 0.00499611 -0.00596612
v -0.00482265 0.01061306 -0.00223780
v -0.00581136 0.00505605 -0.00223780
v -0.00612336 0.00499611 -0.00264247
v -0.00141595 0.01061306 -0.00595428
v -0.00207534 0.00499611 -0.00588726
v -0.00235917 0.00716646 -0.00584876
v -0.00561853 0.01061306 -0.00322745
v -0.00610241 0.01034692 -0.00223780
v -0.00683330 0.00552839 -0.00223780
v -0.00620208 0.00499611 -0.00272022
v -0.00235917 0.00999611 -0.00584209
v -0.00235917 0.01061306 -0.00584024
v -0.00235917 0.00499611 -0.00585320
v -0.00330238 0.00499611 -0.00565845
v -0.00571386 0.01061306 -0.00359880
v -0.00573336 0.01061306 -0.00368988
v -0.00668163 0.01009123 -0.00223780
v -0.00703118 0.00583192 -0.00223780
v -0.00686724 0.00540522 -0.00274651
v -0.00623097 0.00499611 -0.00274947
v -0.00330238 0.00527985 -0.00565771
v -0.00330238 0.00622288 -0.00565512
v -0.00330238 0.00716646 -0.00565216
v -0.00330238 0.00999611 -0.00564327
v -0.00297594 0.01061306 -0.00570992
v -0.00396104 0.00499611 -0.00544297
v -0.00424487 0.00527985 -0.00534967
v -0.00569797 0.01061306 -0.00420674
v -0.00703841 0.00988228 -0.00223780
v -0.00717057 0.00621078 -0.00223780
v -0.00716913 0.00622288 -0.00274651
v -0.00628441 0.00499611 -0.00370025
v -0.00673869 0.00546350 -0.00340072
v -0.00330238 0.01061306 -0.00564068
v -0.00424487 0.00499611 -0.00534745
v -0.00424487 0.00716646 -0.00533931
v -0.00477354 0.00527985 -0.00513345
v -0.00581208 0.00999611 -0.00429930
v -0.00672208 0.00970137 -0.00337962
v -0.00690191 0.00985534 -0.00274651
v -0.00526103 0.01061306 -0.00463733
v -0.00739807 0.00905252 -0.00223780
v -0.00736990 0.00695916 -0.00223780
v -0.00716191 0.00905252 -0.00274651
v -0.00678852 0.00622288 -0.00344663
v -0.00621364 0.00499611 -0.00392239
v -0.00593125 0.00527985 -0.00439741
v -0.00588864 0.00499611 -0.00436372
v -0.00424487 0.00810949 -0.00533412
v -0.00424487 0.00999611 -0.00532302
v -0.00424487 0.01061306 -0.00531894
v -0.00461465 0.00499611 -0.00519602
v -0.00476704 0.00499611 -0.00513049
v -0.00509709 0.00499611 -0.00494574
v -0.00524514 0.00527985 -0.00486910
v -0.00476126 0.00716646 -0.00512753
v -0.00591319 0.00905252 -0.00437890
v -0.00638480 0.00905252 -0.00390906
v -0.00473670 0.01061306 -0.00511494
v -0.00676324 0.00905252 -0.00343738
v -0.00475548 0.00810949 -0.00512420
v -0.00474248 0.00999611 -0.00511753
v -0.00522059 0.00905252 -0.00485059
f 724 725 730
f 724 730 731
f 724 731 726
f 724 726 733
f 724 733 738
f 724 738 737
f 724 737 744
f 724 744 752
f 724 752 765
f 724 765 774
f 724 774 791
f 724 791 799
f 724 799 781
f 724 781 768
f 724 768 756
f 724 756 755
f 724 755 747
f 724 747 741
f 724 741 734
f 724 734 727
f 724 727 728
f 724 728 729
f 724 729 725
f 725 729 735
f 725 735 743
f 725 743 750
f 725 750 760
f 725 760 772
f 725 772 786
f 725 786 788
f 725 788 794
f 725 794 793
f 725 793 792
f 725 792 775
f 725 775 766
f 725 766 754
f 725 754 753
f 725 753 745
f 725 745 740
f 725 740 739
f 725 739 736
f 725 736 730
f 726 731 732
f 726 732 733
f 727 734 728
f 728 734 741
f 728 741 748
f 728 748 757
f 728 757 769
f 728 769 782
f 728 782 783
f 728 783 770
f 728 770 758
f 728 758 749
f 728 749 742
f 728 742 735
f 728 735 729
f 730 736 731
f 731 736 732
f 732 737 738
f 732 738 733
f 732 736 739
f 732 739 740
f 732 740 737
f 735 742 743
f 737 740 744
f 740 745 746
f 740 746 744
f 741 747 748
f 742 749 743
f 743 749 750
f 744 746 751
f 744 751 752
f 745 753 746
f 746 753 754
f 746 754 751
f 747 755 748
f 748 755 756
f 748 756 757
f 749 758 759
f 749 759 760
f 749 760 750
f 751 754 761
f 751 761 762
f 751 762 752
f 752 762 763
f 752 763 764
f 752 764 765
f 754 766 767
f 754 767 761
f 756 768 769
f 756 769 757
f 758 770 771
f 758 771 759
f 759 772 760
f 759 771 773
f 759 773 772
f 761 767 762
f 762 767 763
f 763 767 764
f 764 767 774
f 764 774 765
f 766 775 767
f 767 776 774
f 767 775 777
f 767 777 776
f 768 778 779
f 768 779 780
f 768 780 769
f 768 781 778
f 769 780 782
f 770 783 771
f 771 783 782
f 771 782 784
f 771 784 785
f 771 785 773
f 772 773 786
f 773 785 787
f 773 787 788
f 773 788 786
f 774 776 789
f 774 789 790
f 774 790 791
f 775 792 777
f 776 777 789
f 777 793 794
f 777 794 795
f 777 795 796
f 777 796 789
f 777 792 793
f 778 797 798
f 778 798 779
f 778 781 799
f 778 799 797
f 779 798 800
f 779 800 784
f 779 784 782
f 779 782 780
f 784 800 785
f 785 800 798
f 785 798 787
f 787 798 797
f 787 797 795
f 787 795 794
f 787 794 788
f 789 796 790
f 790 796 801
f 790 801 802
f 790 802 791
f 791 802 799
f 795 803 802
f 795 802 801
f 795 801 796
f 795 797 803
f 797 799 803
f 799 802 803

o geometry_7
v -0.00002063 0.01174151 -0.00037548
v -0.00076214 0.01174151 0.00029685
v -0.00198567 0.01061306 0.00029685
v -0.00002063 0.01173676 -0.00038660
v -0.00002063 0.01174151 -0.00601240
v -0.00438018 0.01174151 0.00029685
v -0.00002063 0.01154247 -0.00085995
v -0.00486165 0.01061306 0.00029685
v -0.00002063 0.01061306 -0.00334348
v -0.00002063 0.01143190 -0.00601364
v -0.00047191 0.01174151 -0.00601240
v -0.00527434 0.01174151 -0.00365060
v -0.00571443 0.01061306 -0.00359808
v -0.00002063 0.01061306 -0.00601549
v -0.00002063 0.01093980 -0.00601487
v -0.00047191 0.01093980 -0.00601426
v -0.00141528 0.01093980 -0.00595370
v -0.00127381 0.01174151 -0.00595988
v -0.00527490 0.01174151 -0.00369386
v -0.00573345 0.01061306 -0.00368953
v -0.00047191 0.01061306 -0.00601487
v -0.00141528 0.01061306 -0.00595370
v -0.00203208 0.01061306 -0.00587954
v -0.00235922 0.01061306 -0.00583999
v -0.00235922 0.01093980 -0.00583938
v -0.00141528 0.01174151 -0.00595061
v -0.00528161 0.01174151 -0.00454972
v -0.00568759 0.01067039 -0.00419811
v -0.00569822 0.01061306 -0.00420676
v -0.00330203 0.01061306 -0.00564101
v -0.00330203 0.01093980 -0.00563978
v -0.00235922 0.01174151 -0.00583567
v -0.00472576 0.01174151 -0.00510896
v -0.00526092 0.01061306 -0.00463747
v -0.00424541 0.01061306 -0.00531845
v -0.00424541 0.01093980 -0.00531659
v -0.00330203 0.01174151 -0.00563484
v -0.00316000 0.01174151 -0.00566512
v -0.00465251 0.01174151 -0.00513986
v -0.00473359 0.01093980 -0.00511329
v -0.00473639 0.01061306 -0.00511452
v -0.00424541 0.01174151 -0.00530979
f 804 805 806
f 804 806 807
f 804 807 810
f 804 810 812
f 804 812 817
f 804 817 818
f 804 818 813
f 804 813 808
f 804 808 814
f 804 814 821
f 804 821 829
f 804 829 835
f 804 835 841
f 804 841 840
f 804 840 845
f 804 845 842
f 804 842 836
f 804 836 830
f 804 830 822
f 804 822 815
f 804 815 809
f 804 809 805
f 805 809 811
f 805 811 806
f 806 810 807
f 806 811 816
f 806 816 823
f 806 823 832
f 806 832 837
f 806 837 844
f 806 844 838
f 806 838 833
f 806 833 827
f 806 827 826
f 806 826 825
f 806 825 824
f 806 824 817
f 806 817 812
f 806 812 810
f 808 813 814
f 809 815 811
f 811 815 816
f 813 818 814
f 814 818 819
f 814 819 820
f 814 820 821
f 815 822 823
f 815 823 816
f 817 824 819
f 817 819 818
f 819 824 820
f 820 825 826
f 820 826 827
f 820 827 828
f 820 828 829
f 820 829 821
f 820 824 825
f 822 830 823
f 823 830 831
f 823 831 832
f 827 833 828
f 828 833 834
f 828 834 835
f 828 835 829
f 830 832 831
f 830 836 832
f 832 836 837
f 833 838 834
f 834 838 839
f 834 839 840
f 834 840 841
f 834 841 835
f 836 842 843
f 836 843 837
f 837 843 844
f 838 844 839
f 839 844 843
f 839 843 845
f 839 845 840
f 842 845 843

o geometry_8
v 0.00544128 0.00499302 -0.00180798
v 0.00544175 0.00499302 -0.00180798
v 0.00544128 0.00501103 -0.00167088
v 0.00544128 0.01028727 -0.00180798
v 0.00716387 0.00618415 -0.00180798
v 0.00760910 0.00659002 -0.00112248
v 0.00736086 0.00676565 -0.00049337
v 0.00544128 0.00540733 -0.00094286
v 0.00544128 0.01051188 -0.00180451
v 0.00569944 0.01047416 -0.00180798
v 0.00717261 0.00619992 -0.00180798
v 0.00760910 0.00659002 -0.00156936
v 0.00769059 0.00711466 -0.00082832
v 0.00781719 0.00810934 0.00008453
v 0.00766012 0.00741864 0.00008453
v 0.00758950 0.00758864 0.00062166
v 0.00544128 0.00911021 0.00571610
v 0.00616853 0.01041731 -0.00180798
v 0.00544128 0.01074324 0.00125163
v 0.00609059 0.01074324 0.00135489
v 0.00653960 0.01074324 0.00157790
v 0.00704104 0.01074324 0.00204300
v 0.00752785 0.00684896 -0.00180798
v 0.00764524 0.00716645 -0.00162750
v 0.00780420 0.00810934 -0.00085869
v 0.00785404 0.00905279 0.00008453
v 0.00780231 0.00905279 0.00102776
v 0.00767122 0.00814762 0.00097309
v 0.00760721 0.00848818 0.00161521
v 0.00663455 0.00950256 0.00438847
v 0.00544128 0.00944120 0.00623674
v 0.00714710 0.00992588 -0.00180798
v 0.00734645 0.01074324 0.00260182
v 0.00544128 0.01074324 0.00705674
v 0.00756233 0.00716645 -0.00180798
v 0.00756446 0.00854842 -0.00180798
v 0.00756422 0.00905279 -0.00180798
v 0.00763390 0.00905279 -0.00160320
v 0.00778719 0.00905279 -0.00085869
v 0.00769696 0.00977164 0.00008453
v 0.00756304 0.01050118 0.00236059
v 0.00756304 0.01050118 0.00252199
v 0.00766295 0.00972323 -0.00085869
v 0.00757910 0.00999624 0.00256450
v 0.00757367 0.00945753 0.00252632
v 0.00764429 0.00910683 0.00194668
v 0.00664211 0.01037734 0.00534124
v 0.00582793 0.01026307 0.00642850
v 0.00544128 0.00997541 0.00671225
v 0.00717473 0.00990449 -0.00180798
v 0.00734645 0.01074324 0.00267557
v 0.00760178 0.00962528 -0.00152510
v 0.00589360 0.01074324 0.00651441
v 0.00720142 0.01074324 0.00385742
v 0.00682634 0.01074324 0.00498981
v 0.00665628 0.01074324 0.00536901
v 0.00622829 0.01074324 0.00602154
f 846 847 848
f 846 848 853
f 846 853 862
f 846 862 876
f 846 876 894
f 846 894 879
f 846 879 864
f 846 864 854
f 846 854 849
f 846 849 855
f 846 855 863
f 846 863 877
f 846 877 895
f 846 895 882
f 846 882 881
f 846 881 880
f 846 880 868
f 846 868 856
f 846 856 850
f 846 850 847
f 847 850 848
f 848 850 851
f 848 851 852
f 848 852 853
f 849 854 855
f 850 856 857
f 850 857 851
f 851 858 859
f 851 859 860
f 851 860 861
f 851 861 852
f 851 857 858
f 852 861 862
f 852 862 853
f 854 863 855
f 854 864 865
f 854 865 866
f 854 866 867
f 854 867 863
f 856 868 857
f 857 868 869
f 857 869 870
f 857 870 858
f 858 870 859
f 859 871 872
f 859 872 873
f 859 873 860
f 859 870 871
f 860 873 861
f 861 873 874
f 861 874 875
f 861 875 876
f 861 876 862
f 863 867 878
f 863 878 877
f 864 879 898
f 864 898 902
f 864 902 901
f 864 901 900
f 864 900 899
f 864 899 896
f 864 896 878
f 864 878 867
f 864 867 866
f 864 866 865
f 868 880 869
f 869 880 881
f 869 881 882
f 869 882 883
f 869 883 870
f 870 884 871
f 870 883 884
f 871 885 886
f 871 886 887
f 871 887 872
f 871 884 888
f 871 888 885
f 872 887 889
f 872 889 890
f 872 890 891
f 872 891 873
f 873 891 874
f 874 891 890
f 874 890 892
f 874 892 875
f 875 892 876
f 876 892 893
f 876 893 894
f 877 878 895
f 878 896 887
f 878 887 886
f 878 886 888
f 878 888 897
f 878 897 895
f 879 894 893
f 879 893 898
f 882 895 897
f 882 897 883
f 883 897 884
f 884 897 888
f 885 888 886
f 887 896 899
f 887 899 889
f 889 899 890
f 890 899 900
f 890 900 892
f 892 900 901
f 892 901 902
f 892 902 898
f 892 898 893

o geometry_9
v 0.00198887 0.00244957 -0.00221748
v 0.00198922 0.00178033 -0.00221748
v 0.00208247 0.00339253 0.00006741
v 0.00198887 0.00272283 -0.00221748
v 0.00201487 0.00084256 -0.00221748
v 0.00208282 0.00337601 0.00006741
v 0.00208247 0.00499198 0.00006741
v 0.00198956 0.00499198 -0.00221748
v 0.00217364 0.00017097 -0.00221748
v 0.00211679 0.00244957 0.00006741
v 0.00522568 0.00499198 0.00006741
v 0.00553006 0.00499198 -0.00221748
v 0.00244127 0.00017097 -0.00174556
v 0.00249049 0.00170152 0.00006741
v 0.00212303 0.00243305 0.00006741
v 0.00526590 0.00017097 -0.00221748
v 0.00533592 0.00499198 -0.00057225
v 0.00546800 0.00244957 0.00006741
v 0.00542918 0.00150613 -0.00180281
v 0.00540872 0.00150613 -0.00221748
v 0.00330204 0.00017097 -0.00142327
v 0.00330204 0.00141268 0.00006741
v 0.00512169 0.00017097 -0.00174153
v 0.00508009 0.00169869 0.00006741
v 0.00424497 0.00017097 -0.00141812
v 0.00424497 0.00140985 0.00006741
v 0.00506033 0.00169161 0.00006741
v 0.00466443 0.00017097 -0.00156999
f 903 904 905
f 903 905 909
f 903 909 906
f 903 906 910
f 903 910 914
f 903 914 922
f 903 922 918
f 903 918 911
f 903 911 907
f 903 907 904
f 904 907 908
f 904 908 905
f 905 908 912
f 905 912 917
f 905 917 916
f 905 916 924
f 905 924 928
f 905 928 929
f 905 929 926
f 905 926 920
f 905 920 913
f 905 913 909
f 906 909 910
f 907 911 912
f 907 912 908
f 909 913 919
f 909 919 914
f 909 914 910
f 911 915 916
f 911 916 917
f 911 917 912
f 911 918 925
f 911 925 930
f 911 930 927
f 911 927 923
f 911 923 915
f 913 920 919
f 914 919 920
f 914 920 921
f 914 921 922
f 915 923 924
f 915 924 916
f 918 922 921
f 918 921 920
f 918 920 925
f 920 926 925
f 923 927 924
f 924 927 928
f 925 926 929
f 925 929 928
f 925 928 930
f 927 930 928

o geometry_10
v -0.00778769 0.01377008 0.00008375
v -0.00772839 0.01377008 -0.00085947
v -0.00764095 0.01305780 -0.00085947
v -0.00767060 0.01294349 0.00008375
v -0.00766680 0.01293627 0.00029747
v -0.00777932 0.01377008 0.00029747
v -0.00776640 0.01471338 0.00029747
v -0.00773979 0.01660117 0.00029747
v -0.00773447 0.01754447 0.00008375
v -0.00760066 0.01471338 -0.00151483
v -0.00760674 0.01377008 -0.00154139
v -0.00758925 0.01319376 -0.00147962
v -0.00759153 0.02403324 -0.00072543
v -0.00768809 0.01660117 -0.00085947
v -0.00754744 0.02183622 -0.00133385
v -0.00755200 0.02131645 -0.00134744
v -0.00755960 0.02037315 -0.00137091
v -0.00528179 0.01174151 -0.00455016
v -0.00733304 0.01247185 0.00008375
v -0.00735889 0.01246463 0.00029747
v -0.00762043 0.01283039 0.00029747
v -0.00773675 0.01681414 0.00029747
v -0.00772306 0.01775743 0.00029747
v -0.00771242 0.01848656 0.00029747
v -0.00766376 0.02225975 0.00008375
v -0.00746761 0.01377008 -0.00201331
v -0.00714373 0.01377008 -0.00274650
v -0.00670809 0.01313721 -0.00335987
v -0.00687991 0.01296756 -0.00274650
v -0.00763715 0.02403324 0.00008375
v -0.00758469 0.02403324 -0.00078287
v -0.00759838 0.02320304 -0.00078411
v -0.00767441 0.01754447 -0.00085947
v -0.00754288 0.02246429 -0.00129926
v -0.00735128 0.02403324 -0.00180329
v -0.00736953 0.02320304 -0.00180329
v -0.00472603 0.01174151 -0.00510916
v -0.00527495 0.01174151 -0.00369404
v -0.00688751 0.01229257 0.00029747
v -0.00635912 0.01377008 -0.00389170
v -0.00578510 0.01282678 -0.00427158
v -0.00762879 0.02403324 0.00029747
v -0.00675142 0.01377008 -0.00341979
v -0.00696582 0.02225975 -0.00274650
v -0.00666323 0.02131645 -0.00330181
v -0.00752843 0.02403324 -0.00119734
v -0.00753679 0.02320304 -0.00125540
v -0.00729959 0.02403324 -0.00191757
v -0.00472451 0.01188349 -0.00510855
v -0.00424477 0.01188349 -0.00530868
v -0.00424477 0.01174151 -0.00530991
v -0.00588698 0.01377008 -0.00435250
v -0.00518828 0.01377008 -0.00481576
v -0.00527419 0.01174151 -0.00365018
v -0.00438010 0.01174151 0.00029685
v -0.00437250 0.01174151 0.00029747
v -0.00585885 0.01565788 -0.00432779
v -0.00587329 0.01471338 -0.00434014
v -0.00665258 0.02225975 -0.00328575
v -0.00627320 0.01942986 -0.00380337
v -0.00580107 0.01942986 -0.00427714
v -0.00581627 0.01848656 -0.00428949
v -0.00002063 0.02403324 0.00029747
v -0.00694377 0.02320304 -0.00274650
v -0.00691868 0.02403324 -0.00274650
v -0.00471918 0.01244778 -0.00510546
v -0.00330278 0.01188349 -0.00563420
v -0.00433524 0.01278828 -0.00526173
v -0.00422652 0.01377008 -0.00529385
v -0.00421208 0.01471338 -0.00528829
v -0.00330278 0.01282678 -0.00562432
v -0.00410335 0.01174151 -0.00535871
v -0.00518828 0.01660117 -0.00475708
v -0.00518828 0.01565788 -0.00477747
v -0.00518828 0.01471338 -0.00479723
v -0.00465152 0.01660117 -0.00507519
v -0.00466825 0.01565788 -0.00508260
v -0.00469866 0.01377008 -0.00509619
v -0.00470930 0.01307705 -0.00510113
v -0.00076267 0.01174151 0.00029747
v -0.00663890 0.02320304 -0.00326660
v -0.00624127 0.02131645 -0.00377310
v -0.00625724 0.02037315 -0.00378855
v -0.00576914 0.02131645 -0.00424996
v -0.00518828 0.01848656 -0.00471014
v -0.00518828 0.01754447 -0.00473361
v -0.00002063 0.02403324 -0.00568361
v -0.00002063 0.01220714 0.00029747
v -0.00688219 0.02403324 -0.00280951
v -0.00419687 0.01565788 -0.00528212
v -0.00235926 0.01188349 -0.00583495
v -0.00316060 0.01174151 -0.00566508
v -0.00330278 0.01174151 -0.00563482
v -0.00235926 0.01282678 -0.00582568
v -0.00330278 0.01377008 -0.00561258
v -0.00462795 0.01754447 -0.00506469
v -0.00417938 0.01660117 -0.00527470
v -0.00002063 0.01174151 -0.00037582
v -0.00002063 0.01194124 0.00010845
v -0.00622226 0.02225975 -0.00375704
v -0.00662445 0.02403324 -0.00324560
v -0.00518828 0.02131645 -0.00463231
v -0.00518828 0.01942986 -0.00468543
v -0.00575013 0.02225975 -0.00423390
v -0.00002063 0.02363619 -0.00570585
v -0.00047224 0.02403324 -0.00568361
v -0.00330278 0.01565788 -0.00558787
v -0.00141575 0.01188349 -0.00594984
v -0.00235926 0.01174151 -0.00583557
v -0.00141575 0.01282678 -0.00594119
v -0.00235926 0.01565788 -0.00578862
v -0.00141575 0.01565788 -0.00590536
v -0.00141575 0.01377008 -0.00592945
v -0.00460058 0.01848656 -0.00505295
v -0.00415581 0.01754447 -0.00526359
v -0.00330278 0.01660117 -0.00557243
v -0.00002063 0.01174151 -0.00601222
v -0.00619870 0.02320304 -0.00373851
v -0.00572732 0.02320304 -0.00421475
v -0.00657047 0.02403324 -0.00330242
v -0.00451163 0.02131645 -0.00501466
v -0.00454280 0.02037315 -0.00502825
v -0.00457245 0.01942986 -0.00504060
v -0.00518828 0.02225975 -0.00459957
v -0.00002063 0.02320304 -0.00572994
v -0.00047224 0.02320304 -0.00572994
v -0.00141575 0.02403324 -0.00562617
v -0.00047224 0.01188349 -0.00601222
v -0.00141575 0.01174151 -0.00595046
v -0.00047224 0.01282678 -0.00600358
v -0.00235926 0.01660117 -0.00577318
v -0.00047224 0.01565788 -0.00596713
v -0.00047224 0.01471338 -0.00597949
v -0.00141575 0.01660117 -0.00588930
v -0.00412844 0.01848656 -0.00525123
v -0.00410031 0.01942986 -0.00523888
v -0.00330278 0.01754447 -0.00555019
v -0.00047224 0.01174151 -0.00601222
v -0.00002063 0.01188349 -0.00601222
v -0.00617361 0.02403324 -0.00371751
v -0.00518828 0.02320304 -0.00456004
v -0.00570147 0.02403324 -0.00419375
v -0.00563609 0.02403324 -0.00423575
v -0.00404025 0.02131645 -0.00521355
v -0.00447209 0.02225975 -0.00499860
v -0.00407066 0.02037315 -0.00522652
v -0.00002063 0.02225975 -0.00577936
v -0.00047224 0.02225975 -0.00577936
v -0.00141575 0.02320304 -0.00567126
v -0.00224522 0.02403324 -0.00552734
v -0.00127434 0.01174151 -0.00595972
v -0.00002063 0.01237559 -0.00600790
v -0.00002063 0.01331889 -0.00599740
v -0.00002063 0.01282678 -0.00600358
v -0.00002063 0.01520668 -0.00597331
v -0.00235926 0.01754447 -0.00575032
v -0.00002063 0.01565788 -0.00596713
v -0.00047224 0.01660117 -0.00595107
v -0.00002063 0.01614998 -0.00595910
v -0.00141575 0.01754447 -0.00586583
v -0.00330278 0.01848656 -0.00552487
v -0.00518828 0.02403324 -0.00451927
v -0.00330278 0.02131645 -0.00544580
v -0.00330278 0.02037315 -0.00547236
v -0.00399996 0.02225975 -0.00519626
v -0.00509552 0.02403324 -0.00456992
v -0.00442039 0.02320304 -0.00497821
v -0.00002063 0.02131645 -0.00581642
v -0.00141575 0.02225975 -0.00571944
v -0.00047224 0.02131645 -0.00581642
v -0.00235926 0.02320304 -0.00555822
v -0.00235926 0.02403324 -0.00551375
v -0.00235926 0.02131645 -0.00564161
v -0.00002063 0.01660117 -0.00595107
v -0.00047224 0.01754447 -0.00592698
v -0.00002063 0.01709327 -0.00593872
v -0.00141575 0.02037315 -0.00578430
v -0.00330278 0.02225975 -0.00541121
v -0.00394902 0.02320304 -0.00517464
v -0.00437097 0.02403324 -0.00495845
v -0.00390036 0.02403324 -0.00515487
v -0.00002063 0.02037315 -0.00584421
v -0.00235926 0.02225975 -0.00560579
v -0.00141575 0.02131645 -0.00575650
v -0.00047224 0.01848656 -0.00589980
v -0.00330278 0.02403324 -0.00532412
v -0.00002063 0.01754447 -0.00592698
v -0.00382205 0.02403324 -0.00517773
v -0.00330278 0.02320304 -0.00536550
v -0.00002063 0.01803537 -0.00591278
f 931 932 933
f 931 933 934
f 931 934 935
f 931 935 936
f 931 936 937
f 931 937 938
f 931 938 939
f 931 939 932
f 932 940 941
f 932 941 942
f 932 942 933
f 932 939 943
f 932 943 944
f 932 944 945
f 932 945 946
f 932 946 947
f 932 947 940
f 933 942 948
f 933 948 949
f 933 949 950
f 933 950 951
f 933 951 934
f 934 951 935
f 935 951 950
f 935 950 969
f 935 969 986
f 935 986 1010
f 935 1010 1018
f 935 1018 993
f 935 993 972
f 935 972 954
f 935 954 953
f 935 953 952
f 935 952 938
f 935 938 937
f 935 937 936
f 938 952 939
f 939 952 953
f 939 953 954
f 939 954 955
f 939 955 943
f 940 956 941
f 940 947 956
f 941 956 942
f 942 956 957
f 942 957 958
f 942 958 959
f 942 959 948
f 943 960 972
f 943 972 993
f 943 993 1017
f 943 1017 1036
f 943 1036 1057
f 943 1057 1080
f 943 1080 1102
f 943 1102 1116
f 943 1116 1118
f 943 1118 1111
f 943 1111 1110
f 943 1110 1096
f 943 1096 1092
f 943 1092 1073
f 943 1073 1072
f 943 1072 1070
f 943 1070 1050
f 943 1050 1031
f 943 1031 1019
f 943 1019 995
f 943 995 978
f 943 978 965
f 943 965 976
f 943 976 961
f 943 961 962
f 943 962 963
f 943 963 944
f 943 955 960
f 944 963 945
f 945 964 965
f 945 965 966
f 945 966 956
f 945 956 946
f 945 963 964
f 946 956 947
f 948 967 981
f 948 981 1002
f 948 1002 1023
f 948 1023 1022
f 948 1022 1039
f 948 1039 1059
f 948 1059 1081
f 948 1081 1068
f 948 1068 1047
f 948 1047 1028
f 948 1028 1010
f 948 1010 986
f 948 986 985
f 948 985 984
f 948 984 968
f 948 968 969
f 948 969 950
f 948 950 949
f 948 959 958
f 948 958 970
f 948 970 971
f 948 971 967
f 954 972 960
f 954 960 955
f 956 966 957
f 957 973 958
f 957 966 974
f 957 974 975
f 957 975 973
f 958 973 970
f 961 976 977
f 961 977 962
f 962 977 964
f 962 964 963
f 964 977 965
f 965 978 974
f 965 974 966
f 965 977 976
f 967 979 980
f 967 980 981
f 967 971 970
f 967 970 982
f 967 982 983
f 967 983 979
f 968 984 969
f 969 984 985
f 969 985 986
f 970 987 988
f 970 988 982
f 970 973 975
f 970 975 989
f 970 989 990
f 970 990 991
f 970 991 992
f 970 992 987
f 974 978 994
f 974 994 989
f 974 989 975
f 978 995 994
f 979 983 996
f 979 996 980
f 980 997 981
f 980 996 998
f 980 998 999
f 980 999 1000
f 980 1000 1001
f 980 1001 997
f 981 997 1002
f 982 988 1003
f 982 1003 1004
f 982 1004 1005
f 982 1005 983
f 983 1005 1006
f 983 1006 1007
f 983 1007 1008
f 983 1008 1009
f 983 1009 996
f 987 1003 988
f 987 992 1003
f 989 994 1011
f 989 1011 1012
f 989 1012 1013
f 989 1013 990
f 990 1013 1014
f 990 1014 991
f 991 1014 1015
f 991 1015 1016
f 991 1016 1003
f 991 1003 992
f 993 1018 1029
f 993 1029 1028
f 993 1028 1047
f 993 1047 1069
f 993 1069 1082
f 993 1082 1084
f 993 1084 1083
f 993 1083 1085
f 993 1085 1087
f 993 1087 1089
f 993 1089 1104
f 993 1104 1106
f 993 1106 1117
f 993 1117 1120
f 993 1120 1112
f 993 1112 1098
f 993 1098 1077
f 993 1077 1055
f 993 1055 1035
f 993 1035 1017
f 994 995 1019
f 994 1019 1011
f 996 1009 1020
f 996 1020 1000
f 996 1000 998
f 997 1021 1022
f 997 1022 1023
f 997 1023 1002
f 997 1001 1024
f 997 1024 1021
f 998 1000 999
f 1000 1020 1001
f 1001 1020 1025
f 1001 1025 1024
f 1003 1006 1004
f 1003 1016 1006
f 1004 1006 1005
f 1006 1020 1007
f 1006 1016 1015
f 1006 1015 1026
f 1006 1026 1027
f 1006 1027 1020
f 1007 1020 1008
f 1008 1020 1009
f 1010 1028 1029
f 1010 1029 1018
f 1011 1030 1012
f 1011 1019 1031
f 1011 1031 1030
f 1012 1014 1013
f 1012 1030 1034
f 1012 1034 1014
f 1014 1032 1033
f 1014 1033 1015
f 1014 1034 1032
f 1015 1033 1026
f 1017 1035 1036
f 1020 1027 1037
f 1020 1037 1025
f 1021 1038 1059
f 1021 1059 1039
f 1021 1039 1022
f 1021 1024 1040
f 1021 1040 1038
f 1024 1025 1037
f 1024 1037 1041
f 1024 1041 1042
f 1024 1042 1043
f 1024 1043 1040
f 1026 1033 1032
f 1026 1032 1044
f 1026 1044 1045
f 1026 1045 1027
f 1027 1045 1046
f 1027 1046 1037
f 1030 1031 1048
f 1030 1048 1049
f 1030 1049 1034
f 1031 1050 1048
f 1032 1051 1052
f 1032 1052 1053
f 1032 1053 1044
f 1032 1034 1054
f 1032 1054 1051
f 1034 1049 1054
f 1035 1055 1056
f 1035 1056 1036
f 1036 1056 1057
f 1037 1046 1061
f 1037 1061 1041
f 1038 1058 1059
f 1038 1040 1060
f 1038 1060 1058
f 1040 1043 1060
f 1041 1061 1042
f 1042 1062 1063
f 1042 1063 1060
f 1042 1060 1043
f 1042 1061 1064
f 1042 1064 1088
f 1042 1088 1062
f 1044 1065 1045
f 1044 1053 1066
f 1044 1066 1065
f 1045 1065 1046
f 1046 1065 1066
f 1046 1066 1067
f 1046 1067 1061
f 1047 1068 1058
f 1047 1058 1069
f 1048 1050 1070
f 1048 1070 1049
f 1049 1071 1054
f 1049 1070 1072
f 1049 1072 1073
f 1049 1073 1071
f 1051 1074 1052
f 1051 1054 1075
f 1051 1075 1074
f 1052 1076 1066
f 1052 1066 1053
f 1052 1074 1076
f 1054 1071 1075
f 1055 1077 1078
f 1055 1078 1056
f 1056 1078 1079
f 1056 1079 1057
f 1057 1079 1080
f 1058 1068 1081
f 1058 1081 1059
f 1058 1060 1082
f 1058 1082 1069
f 1060 1083 1084
f 1060 1084 1082
f 1060 1063 1085
f 1060 1085 1083
f 1061 1067 1086
f 1061 1086 1064
f 1062 1087 1085
f 1062 1085 1063
f 1062 1088 1089
f 1062 1089 1087
f 1064 1086 1090
f 1064 1090 1088
f 1066 1076 1067
f 1067 1091 1086
f 1067 1076 1074
f 1067 1074 1091
f 1071 1073 1092
f 1071 1092 1075
f 1074 1093 1094
f 1074 1094 1091
f 1074 1075 1095
f 1074 1095 1093
f 1075 1092 1096
f 1075 1096 1097
f 1075 1097 1095
f 1077 1098 1100
f 1077 1100 1078
f 1078 1099 1079
f 1078 1100 1114
f 1078 1114 1099
f 1079 1099 1101
f 1079 1101 1102
f 1079 1102 1080
f 1086 1091 1094
f 1086 1094 1093
f 1086 1093 1103
f 1086 1103 1090
f 1088 1104 1089
f 1088 1090 1105
f 1088 1105 1106
f 1088 1106 1104
f 1090 1103 1107
f 1090 1107 1105
f 1093 1095 1108
f 1093 1108 1103
f 1095 1097 1109
f 1095 1109 1108
f 1096 1110 1097
f 1097 1110 1111
f 1097 1111 1109
f 1098 1112 1115
f 1098 1115 1100
f 1099 1113 1101
f 1099 1114 1113
f 1100 1115 1107
f 1100 1107 1114
f 1101 1113 1116
f 1101 1116 1102
f 1103 1114 1107
f 1103 1108 1113
f 1103 1113 1114
f 1105 1117 1106
f 1105 1107 1115
f 1105 1115 1117
f 1108 1109 1111
f 1108 1111 1118
f 1108 1118 1119
f 1108 1119 1113
f 1112 1120 1115
f 1113 1119 1116
f 1115 1120 1117
f 1116 1119 1118

o geometry_11
v -0.00553018 0.00499509 -0.00221111
v -0.00522287 0.00499509 0.00007814
v -0.00199073 0.00499509 -0.00221111
v -0.00543594 0.00109764 -0.00221111
v -0.00546851 0.00244964 0.00007814
v -0.00208254 0.00499509 0.00007814
v -0.00199073 0.00498565 -0.00221111
v -0.00528246 0.00017460 -0.00221111
v -0.00546643 0.00244351 0.00007814
v -0.00208254 0.00339251 0.00007814
v -0.00199108 0.00244964 -0.00221111
v -0.00212516 0.00017460 -0.00221111
v -0.00525994 0.00017460 -0.00213805
v -0.00507978 0.00170120 0.00007814
v -0.00518649 0.00017460 -0.00192649
v -0.00512205 0.00017460 -0.00174138
v -0.00211788 0.00245531 0.00007814
v -0.00201602 0.00150584 -0.00221111
v -0.00249206 0.00170451 0.00007814
v -0.00216604 0.00017460 -0.00213424
v -0.00210679 0.00028927 -0.00221111
v -0.00211823 0.00244964 0.00007814
v -0.00425070 0.00141806 0.00007814
v -0.00424515 0.00017460 -0.00141800
v -0.00424515 0.00141618 0.00007814
v -0.00249864 0.00170215 0.00007814
v -0.00244148 0.00017460 -0.00174609
v -0.00330209 0.00017460 -0.00142405
v -0.00330209 0.00141948 0.00007814
v -0.00287975 0.00017460 -0.00157935
f 1121 1122 1126
f 1121 1126 1123
f 1121 1123 1127
f 1121 1127 1131
f 1121 1131 1138
f 1121 1138 1141
f 1121 1141 1132
f 1121 1132 1128
f 1121 1128 1124
f 1121 1124 1125
f 1121 1125 1122
f 1122 1125 1129
f 1122 1129 1134
f 1122 1134 1143
f 1122 1143 1145
f 1122 1145 1149
f 1122 1149 1146
f 1122 1146 1139
f 1122 1139 1142
f 1122 1142 1137
f 1122 1137 1130
f 1122 1130 1126
f 1123 1126 1130
f 1123 1130 1127
f 1124 1128 1125
f 1125 1128 1129
f 1127 1130 1131
f 1128 1132 1140
f 1128 1140 1147
f 1128 1147 1150
f 1128 1150 1148
f 1128 1148 1144
f 1128 1144 1136
f 1128 1136 1135
f 1128 1135 1133
f 1128 1133 1129
f 1129 1133 1135
f 1129 1135 1136
f 1129 1136 1134
f 1130 1137 1138
f 1130 1138 1131
f 1132 1139 1140
f 1132 1141 1142
f 1132 1142 1139
f 1134 1136 1143
f 1136 1144 1145
f 1136 1145 1143
f 1137 1142 1138
f 1138 1142 1141
f 1139 1146 1147
f 1139 1147 1140
f 1144 1148 1149
f 1144 1149 1145
f 1146 1149 1147
f 1147 1149 1150
f 1148 1150 1149

o geometry_12
v 0.00204921 0.00499302 -0.00180798
v 0.00176299 0.01074324 -0.00180798
v 0.00544068 0.00499302 -0.00180798
v 0.00213202 0.00499302 0.00291464
v 0.00178603 0.01074324 -0.00085943
v 0.00486752 0.01074324 -0.00180798
v 0.00216010 0.00499302 0.00451368
v 0.00216514 0.00499302 0.00480066
v 0.00218314 0.00499302 0.00574418
v 0.00544068 0.01028727 -0.00180798
v 0.00544068 0.00501103 -0.00167104
v 0.00521855 0.00499302 0.00480066
v 0.00188612 0.01074324 0.00291464
v 0.00544068 0.01051188 -0.00180496
v 0.00519118 0.01054847 -0.00180798
v 0.00544068 0.01074324 0.00125115
v 0.00220222 0.00499302 0.00640071
v 0.00196496 0.01074324 0.00574418
v 0.00193832 0.01074324 0.00480066
v 0.00191204 0.01074324 0.00385715
v 0.00544068 0.00540733 -0.00094200
v 0.00544068 0.00911021 0.00571598
v 0.00544068 0.00944120 0.00623658
v 0.00516562 0.00499302 0.00574418
v 0.00544068 0.01074324 0.00705624
v 0.00222563 0.00499302 0.00668770
v 0.00221050 0.00527954 0.00668770
v 0.00199305 0.01074324 0.00668770
v 0.00544068 0.00997541 0.00671287
v 0.00491468 0.00499302 0.00651853
v 0.00541008 0.01074324 0.00710055
v 0.00473215 0.00661028 0.00717406
v 0.00244740 0.00499302 0.00723447
v 0.00206361 0.01074324 0.00763021
v 0.00465114 0.00598094 0.00710055
v 0.00453449 0.00527954 0.00701999
v 0.00445060 0.00499302 0.00700589
v 0.00477067 0.00716645 0.00721433
v 0.00503673 0.01074324 0.00744291
v 0.00437140 0.00999624 0.00787288
v 0.00389976 0.00999624 0.00817295
v 0.00382163 0.00933594 0.00812865
v 0.00424503 0.00716645 0.00755166
v 0.00430011 0.00626634 0.00737041
v 0.00254461 0.00499302 0.00744191
v 0.00252949 0.00527954 0.00747413
v 0.00239304 0.01074324 0.00837837
v 0.00232031 0.01074324 0.00821323
v 0.00406285 0.00527954 0.00731704
v 0.00430479 0.00499302 0.00709753
v 0.00491360 0.01074324 0.00754159
v 0.00443548 0.01074324 0.00791517
v 0.00433720 0.01074324 0.00797761
v 0.00396385 0.01074324 0.00821223
v 0.00330175 0.01074324 0.00847907
v 0.00330175 0.00999624 0.00841060
v 0.00372983 0.00870659 0.00808434
v 0.00361822 0.00810934 0.00804104
v 0.00308213 0.00499302 0.00755166
v 0.00274695 0.00734321 0.00815584
v 0.00266630 0.00810934 0.00821625
v 0.00260078 0.00905279 0.00828171
v 0.00314802 0.01074324 0.00846396
v 0.00400669 0.00499302 0.00728482
v 0.00329851 0.00708370 0.00799170
v 0.00330175 0.00622300 0.00782556
v 0.00298169 0.00734321 0.00815584
v 0.00314694 0.00810934 0.00821625
v 0.00337016 0.00903365 0.00826157
v 0.00332731 0.00499302 0.00755972
v 0.00330175 0.00527954 0.00763222
f 1151 1152 1156
f 1151 1156 1165
f 1151 1165 1160
f 1151 1160 1153
f 1151 1153 1162
f 1151 1162 1174
f 1151 1174 1180
f 1151 1180 1187
f 1151 1187 1200
f 1151 1200 1214
f 1151 1214 1220
f 1151 1220 1209
f 1151 1209 1195
f 1151 1195 1183
f 1151 1183 1176
f 1151 1176 1167
f 1151 1167 1159
f 1151 1159 1158
f 1151 1158 1157
f 1151 1157 1154
f 1151 1154 1152
f 1152 1155 1163
f 1152 1163 1170
f 1152 1170 1169
f 1152 1169 1168
f 1152 1168 1178
f 1152 1178 1184
f 1152 1184 1198
f 1152 1198 1197
f 1152 1197 1213
f 1152 1213 1205
f 1152 1205 1204
f 1152 1204 1203
f 1152 1203 1202
f 1152 1202 1201
f 1152 1201 1189
f 1152 1189 1181
f 1152 1181 1175
f 1152 1175 1166
f 1152 1166 1156
f 1152 1154 1157
f 1152 1157 1158
f 1152 1158 1159
f 1152 1159 1155
f 1153 1160 1164
f 1153 1164 1166
f 1153 1166 1175
f 1153 1175 1179
f 1153 1179 1173
f 1153 1173 1172
f 1153 1172 1171
f 1153 1171 1161
f 1153 1161 1162
f 1155 1159 1163
f 1156 1164 1165
f 1156 1166 1164
f 1159 1167 1168
f 1159 1168 1169
f 1159 1169 1170
f 1159 1170 1163
f 1160 1165 1164
f 1161 1171 1162
f 1162 1172 1173
f 1162 1173 1174
f 1162 1171 1172
f 1167 1176 1177
f 1167 1177 1178
f 1167 1178 1168
f 1173 1179 1174
f 1174 1179 1175
f 1174 1175 1180
f 1175 1181 1182
f 1175 1182 1180
f 1176 1183 1184
f 1176 1184 1177
f 1177 1184 1178
f 1180 1182 1185
f 1180 1185 1186
f 1180 1186 1187
f 1181 1188 1182
f 1181 1189 1188
f 1182 1188 1190
f 1182 1190 1191
f 1182 1191 1192
f 1182 1192 1193
f 1182 1193 1194
f 1182 1194 1185
f 1183 1195 1196
f 1183 1196 1197
f 1183 1197 1198
f 1183 1198 1184
f 1185 1194 1199
f 1185 1199 1186
f 1186 1199 1187
f 1187 1199 1200
f 1188 1189 1201
f 1188 1201 1202
f 1188 1202 1190
f 1190 1202 1191
f 1191 1202 1203
f 1191 1203 1204
f 1191 1204 1205
f 1191 1205 1206
f 1191 1206 1192
f 1192 1206 1207
f 1192 1207 1193
f 1193 1207 1194
f 1194 1207 1208
f 1194 1208 1199
f 1195 1209 1210
f 1195 1210 1211
f 1195 1211 1197
f 1195 1197 1196
f 1197 1211 1212
f 1197 1212 1213
f 1199 1214 1200
f 1199 1208 1215
f 1199 1215 1216
f 1199 1216 1214
f 1205 1213 1212
f 1205 1212 1211
f 1205 1211 1210
f 1205 1210 1206
f 1206 1210 1217
f 1206 1217 1218
f 1206 1218 1219
f 1206 1219 1207
f 1207 1219 1218
f 1207 1218 1208
f 1208 1218 1217
f 1208 1217 1215
f 1209 1220 1210
f 1210 1220 1217
f 1214 1216 1221
f 1214 1221 1220
f 1215 1217 1216
f 1216 1217 1221
f 1217 1220 1221

o geometry_13
v 0.00430964 0.00018728 0.00131346
v 0.00449093 0.00018728 0.00133180
v 0.00330175 0.00018728 0.00146968
v 0.00330175 0.00141268 0.00006741
v 0.00424501 0.00140986 0.00006741
v 0.00486744 0.00018728 0.00138827
v 0.00322552 0.00018728 0.00149095
v 0.00249040 0.00170151 0.00006741
v 0.00506034 0.00169163 0.00006741
v 0.00502454 0.00018728 0.00161122
v 0.00508022 0.00169869 0.00006741
v 0.00245196 0.00018728 0.00188185
v 0.00212318 0.00243299 0.00006741
v 0.00526218 0.00018728 0.00197132
v 0.00546800 0.00244945 0.00006741
v 0.00213212 0.00018728 0.00291448
v 0.00211688 0.00244945 0.00006741
v 0.00532681 0.00018728 0.00234682
v 0.00522572 0.00499245 0.00006741
v 0.00546833 0.00244945 0.00008428
v 0.00540304 0.00018728 0.00291448
v 0.00214207 0.00018728 0.00348213
v 0.00214837 0.00433577 0.00385690
v 0.00211555 0.00244945 0.00197132
v 0.00208274 0.00339214 0.00008428
v 0.00208274 0.00337568 0.00006741
v 0.00208274 0.00499245 0.00006741
v 0.00521876 0.00499245 0.00480078
v 0.00544911 0.00244945 0.00102744
v 0.00544646 0.00150582 0.00197132
v 0.00540039 0.00056266 0.00291448
v 0.00516573 0.00499245 0.00574394
v 0.00518628 0.00150582 0.00480078
v 0.00513524 0.00056266 0.00480078
v 0.00525820 0.00018728 0.00385690
v 0.00215864 0.00018728 0.00442528
v 0.00216527 0.00018728 0.00480078
v 0.00218184 0.00244945 0.00574394
v 0.00214837 0.00499245 0.00385690
v 0.00211555 0.00339214 0.00197132
v 0.00208274 0.00499245 0.00008428
v 0.00491450 0.00499245 0.00651841
v 0.00514021 0.00433577 0.00574394
v 0.00508055 0.00339214 0.00574394
v 0.00493539 0.00150582 0.00562366
v 0.00509779 0.00018728 0.00480078
v 0.00225774 0.00018728 0.00536844
v 0.00220935 0.00150582 0.00574394
v 0.00218184 0.00339214 0.00574394
v 0.00222559 0.00499245 0.00668709
v 0.00220206 0.00499245 0.00640033
v 0.00216527 0.00499245 0.00480078
v 0.00445083 0.00499245 0.00700539
v 0.00488932 0.00433577 0.00644947
v 0.00488401 0.00056266 0.00549165
v 0.00482966 0.00339214 0.00634899
v 0.00484789 0.00018728 0.00543958
v 0.00240390 0.00018728 0.00576521
v 0.00231905 0.00056266 0.00574394
v 0.00226006 0.00433577 0.00668709
v 0.00218283 0.00499245 0.00574394
v 0.00244732 0.00499245 0.00723494
v 0.00430467 0.00499245 0.00709780
v 0.00467554 0.00207501 0.00618178
v 0.00476735 0.00270347 0.00626905
v 0.00453303 0.00150582 0.00609524
v 0.00422811 0.00018728 0.00587082
v 0.00259845 0.00018728 0.00612751
v 0.00253747 0.00150582 0.00650081
v 0.00257923 0.00433577 0.00736989
v 0.00254443 0.00499245 0.00744249
v 0.00400671 0.00499245 0.00728555
v 0.00391026 0.00449994 0.00723127
v 0.00376907 0.00387101 0.00715720
v 0.00431461 0.00241323 0.00647147
v 0.00406140 0.00150582 0.00636073
v 0.00421717 0.00055419 0.00598816
v 0.00388441 0.00086278 0.00626685
v 0.00361827 0.00023385 0.00617298
v 0.00359341 0.00018728 0.00616418
v 0.00272108 0.00018728 0.00629325
v 0.00264717 0.00056266 0.00635559
v 0.00270318 0.00339214 0.00724814
v 0.00308201 0.00499245 0.00755250
v 0.00332727 0.00499245 0.00755984
v 0.00339356 0.00424545 0.00737062
v 0.00310322 0.00339214 0.00724814
v 0.00357518 0.00339214 0.00709560
v 0.00324011 0.00251060 0.00695772
v 0.00330175 0.00150582 0.00664602
v 0.00288448 0.00286576 0.00717480
v 0.00330308 0.00055419 0.00635853
v 0.00350591 0.00018728 0.00618838
v 0.00296270 0.00018728 0.00629472
v 0.00280228 0.00286576 0.00717480
v 0.00310521 0.00018728 0.00629472
f 1222 1223 1227
f 1222 1227 1231
f 1222 1231 1235
f 1222 1235 1239
f 1222 1239 1242
f 1222 1242 1256
f 1222 1256 1267
f 1222 1267 1278
f 1222 1278 1288
f 1222 1288 1301
f 1222 1301 1314
f 1222 1314 1317
f 1222 1317 1315
f 1222 1315 1302
f 1222 1302 1289
f 1222 1289 1279
f 1222 1279 1268
f 1222 1268 1258
f 1222 1258 1257
f 1222 1257 1243
f 1222 1243 1237
f 1222 1237 1233
f 1222 1233 1228
f 1222 1228 1224
f 1222 1224 1225
f 1222 1225 1226
f 1222 1226 1223
f 1223 1226 1227
f 1224 1228 1225
f 1225 1229 1234
f 1225 1234 1238
f 1225 1238 1247
f 1225 1247 1248
f 1225 1248 1240
f 1225 1240 1236
f 1225 1236 1232
f 1225 1232 1230
f 1225 1230 1226
f 1225 1228 1229
f 1226 1230 1227
f 1227 1230 1232
f 1227 1232 1231
f 1228 1233 1229
f 1229 1233 1234
f 1231 1232 1235
f 1232 1236 1235
f 1233 1237 1234
f 1234 1237 1238
f 1235 1236 1239
f 1236 1240 1241
f 1236 1241 1242
f 1236 1242 1239
f 1237 1243 1244
f 1237 1244 1245
f 1237 1245 1246
f 1237 1246 1247
f 1237 1247 1238
f 1240 1248 1262
f 1240 1262 1260
f 1240 1260 1273
f 1240 1273 1282
f 1240 1282 1272
f 1240 1272 1271
f 1240 1271 1283
f 1240 1283 1292
f 1240 1292 1305
f 1240 1305 1306
f 1240 1306 1293
f 1240 1293 1284
f 1240 1284 1274
f 1240 1274 1263
f 1240 1263 1253
f 1240 1253 1249
f 1240 1249 1241
f 1241 1250 1251
f 1241 1251 1242
f 1241 1249 1250
f 1242 1251 1252
f 1242 1252 1253
f 1242 1253 1254
f 1242 1254 1255
f 1242 1255 1256
f 1243 1257 1244
f 1244 1257 1258
f 1244 1258 1259
f 1244 1259 1270
f 1244 1270 1260
f 1244 1260 1261
f 1244 1261 1245
f 1245 1261 1262
f 1245 1262 1246
f 1246 1262 1248
f 1246 1248 1247
f 1249 1253 1251
f 1249 1251 1250
f 1251 1253 1252
f 1253 1263 1264
f 1253 1264 1254
f 1254 1264 1255
f 1255 1264 1265
f 1255 1265 1266
f 1255 1266 1267
f 1255 1267 1256
f 1258 1268 1269
f 1258 1269 1259
f 1259 1269 1271
f 1259 1271 1272
f 1259 1272 1270
f 1260 1262 1261
f 1260 1270 1273
f 1263 1274 1275
f 1263 1275 1265
f 1263 1265 1264
f 1265 1275 1266
f 1266 1276 1267
f 1266 1275 1277
f 1266 1277 1276
f 1267 1276 1278
f 1268 1279 1280
f 1268 1280 1269
f 1269 1280 1281
f 1269 1281 1271
f 1270 1282 1273
f 1270 1272 1282
f 1271 1281 1283
f 1274 1284 1285
f 1274 1285 1286
f 1274 1286 1277
f 1274 1277 1275
f 1276 1277 1286
f 1276 1286 1278
f 1278 1286 1285
f 1278 1285 1287
f 1278 1287 1288
f 1279 1289 1290
f 1279 1290 1280
f 1280 1290 1281
f 1281 1290 1291
f 1281 1291 1283
f 1283 1291 1292
f 1284 1293 1294
f 1284 1294 1285
f 1285 1294 1295
f 1285 1295 1296
f 1285 1296 1297
f 1285 1297 1287
f 1287 1298 1288
f 1287 1297 1298
f 1288 1298 1299
f 1288 1299 1300
f 1288 1300 1301
f 1289 1302 1303
f 1289 1303 1290
f 1290 1303 1304
f 1290 1304 1291
f 1291 1304 1305
f 1291 1305 1292
f 1293 1306 1294
f 1294 1306 1295
f 1295 1306 1307
f 1295 1307 1308
f 1295 1308 1309
f 1295 1309 1299
f 1295 1299 1297
f 1295 1297 1296
f 1297 1299 1298
f 1299 1309 1310
f 1299 1310 1300
f 1300 1310 1311
f 1300 1311 1312
f 1300 1312 1313
f 1300 1313 1314
f 1300 1314 1301
f 1302 1315 1316
f 1302 1316 1303
f 1303 1316 1304
f 1304 1316 1305
f 1305 1316 1306
f 1306 1316 1312
f 1306 1312 1308
f 1306 1308 1307
f 1308 1312 1309
f 1309 1312 1310
f 1310 1312 1311
f 1312 1316 1315
f 1312 1315 1317
f 1312 1317 1313
f 1313 1317 1314

o geometry_14
v 0.00207958 -0.00226818 -0.00221748
v 0.00208090 -0.00226818 -0.00180281
v 0.00210873 -0.00132491 -0.00221748
v 0.00213358 -0.00415410 -0.00221748
v 0.00211502 -0.00415410 -0.00180281
v 0.00209680 -0.00415410 -0.00085965
v 0.00209117 -0.00415410 0.00006741
v 0.00208819 -0.00322721 0.00006741
v 0.00208819 -0.00321083 0.00006741
v 0.00217366 0.00017097 -0.00221748
v 0.00242810 -0.00510161 -0.00221748
v 0.00231513 -0.00509797 -0.00180281
v 0.00216439 -0.00509797 -0.00085965
v 0.00213722 -0.00509797 0.00006741
v 0.00216803 -0.00226818 0.00006741
v 0.00244135 0.00017097 -0.00174556
v 0.00526599 0.00017097 -0.00221748
v 0.00277464 -0.00560206 -0.00221748
v 0.00267127 -0.00567181 -0.00180281
v 0.00253113 -0.00578161 -0.00085965
v 0.00250629 -0.00580648 0.00006741
v 0.00254041 -0.00159849 0.00006741
v 0.00330206 0.00017097 -0.00142327
v 0.00541276 -0.00090999 -0.00221748
v 0.00523352 0.00017097 -0.00211012
v 0.00544489 -0.00226818 0.00006741
v 0.00288993 -0.00561843 -0.00221748
v 0.00330206 -0.00597511 -0.00085965
v 0.00330206 -0.00602607 0.00006741
v 0.00328848 -0.00602243 0.00006741
v 0.00255598 -0.00159363 0.00006741
v 0.00424493 0.00017097 -0.00141812
v 0.00330206 -0.00138436 0.00006741
v 0.00424493 -0.00136373 0.00006741
v 0.00546411 -0.00226818 -0.00085965
v 0.00542866 -0.00226818 -0.00180281
v 0.00541276 -0.00185326 -0.00221748
v 0.00512188 0.00017097 -0.00174153
v 0.00543827 -0.00225240 0.00006741
v 0.00536141 -0.00319445 0.00006741
v 0.00330206 -0.00562450 -0.00221748
v 0.00330206 -0.00576159 -0.00180281
v 0.00384108 -0.00559417 -0.00221748
v 0.00401004 -0.00565968 -0.00180281
v 0.00431914 -0.00574157 -0.00088939
v 0.00424626 -0.00582832 0.00006741
v 0.00466436 0.00017097 -0.00156999
v 0.00505529 -0.00157786 0.00006741
v 0.00535412 -0.00321083 -0.00085965
v 0.00536969 -0.00226818 -0.00221748
v 0.00517853 -0.00415410 -0.00180281
v 0.00519377 -0.00373979 -0.00221748
v 0.00535942 -0.00321083 0.00006741
v 0.00433273 -0.00533697 -0.00221748
v 0.00448181 -0.00544677 -0.00180281
v 0.00468291 -0.00554564 -0.00122354
v 0.00474652 -0.00559842 -0.00059484
v 0.00475811 -0.00560994 0.00006741
v 0.00521961 -0.00415410 0.00006741
v 0.00521332 -0.00415410 -0.00085965
v 0.00501122 -0.00508098 0.00006741
v 0.00500625 -0.00509918 0.00006741
v 0.00492906 -0.00517804 -0.00088939
v 0.00492641 -0.00497544 -0.00180281
v 0.00512883 -0.00415410 -0.00221748
v 0.00488169 -0.00488748 -0.00221748
v 0.00498737 -0.00461451 -0.00221748
f 1318 1319 1320
f 1318 1320 1327
f 1318 1327 1334
f 1318 1334 1341
f 1318 1341 1354
f 1318 1354 1367
f 1318 1367 1369
f 1318 1369 1382
f 1318 1382 1384
f 1318 1384 1383
f 1318 1383 1371
f 1318 1371 1360
f 1318 1360 1358
f 1318 1358 1344
f 1318 1344 1335
f 1318 1335 1328
f 1318 1328 1321
f 1318 1321 1322
f 1318 1322 1323
f 1318 1323 1324
f 1318 1324 1325
f 1318 1325 1319
f 1319 1325 1326
f 1319 1326 1320
f 1320 1326 1327
f 1321 1328 1329
f 1321 1329 1330
f 1321 1330 1322
f 1322 1330 1331
f 1322 1331 1323
f 1323 1331 1324
f 1324 1331 1338
f 1324 1338 1347
f 1324 1347 1346
f 1324 1346 1363
f 1324 1363 1375
f 1324 1375 1379
f 1324 1379 1378
f 1324 1378 1376
f 1324 1376 1370
f 1324 1370 1357
f 1324 1357 1343
f 1324 1343 1356
f 1324 1356 1365
f 1324 1365 1351
f 1324 1351 1350
f 1324 1350 1348
f 1324 1348 1339
f 1324 1339 1332
f 1324 1332 1326
f 1324 1326 1325
f 1326 1332 1327
f 1327 1332 1333
f 1327 1333 1340
f 1327 1340 1349
f 1327 1349 1364
f 1327 1364 1355
f 1327 1355 1342
f 1327 1342 1334
f 1328 1335 1336
f 1328 1336 1329
f 1329 1336 1337
f 1329 1337 1330
f 1330 1337 1338
f 1330 1338 1331
f 1332 1339 1333
f 1333 1339 1340
f 1334 1342 1343
f 1334 1343 1341
f 1335 1344 1345
f 1335 1345 1336
f 1336 1345 1337
f 1337 1345 1346
f 1337 1346 1347
f 1337 1347 1338
f 1339 1348 1340
f 1340 1348 1350
f 1340 1350 1351
f 1340 1351 1349
f 1341 1352 1353
f 1341 1353 1354
f 1341 1343 1352
f 1342 1355 1343
f 1343 1357 1352
f 1343 1355 1356
f 1344 1358 1359
f 1344 1359 1345
f 1345 1359 1360
f 1345 1360 1361
f 1345 1361 1362
f 1345 1362 1363
f 1345 1363 1346
f 1349 1351 1365
f 1349 1365 1364
f 1352 1357 1366
f 1352 1366 1353
f 1353 1367 1354
f 1353 1366 1368
f 1353 1368 1369
f 1353 1369 1367
f 1355 1364 1365
f 1355 1365 1356
f 1357 1370 1366
f 1358 1360 1359
f 1360 1371 1372
f 1360 1372 1361
f 1361 1372 1373
f 1361 1373 1362
f 1362 1373 1374
f 1362 1374 1363
f 1363 1374 1375
f 1366 1376 1377
f 1366 1377 1368
f 1366 1370 1376
f 1368 1377 1378
f 1368 1378 1379
f 1368 1379 1380
f 1368 1380 1381
f 1368 1381 1382
f 1368 1382 1369
f 1371 1383 1372
f 1372 1383 1373
f 1373 1383 1381
f 1373 1381 1374
f 1374 1381 1380
f 1374 1380 1379
f 1374 1379 1375
f 1376 1378 1377
f 1381 1383 1384
f 1381 1384 1382

o geometry_15
v -0.00423803 0.00016074 0.00131579
v -0.00330228 0.00016074 0.00147764
v -0.00487048 0.00016074 0.00138756
v -0.00424532 0.00141595 0.00007814
v -0.00330228 0.00141926 0.00007814
v -0.00245271 0.00016074 0.00188116
v -0.00249846 0.00170183 0.00007814
v -0.00249183 0.00170419 0.00007814
v -0.00526494 0.00016074 0.00197124
v -0.00507998 0.00170088 0.00007814
v -0.00232841 0.00016074 0.00226344
v -0.00211826 0.00244965 0.00007814
v -0.00540383 0.00016074 0.00291449
v -0.00546846 0.00244965 0.00007814
v -0.00546647 0.00244349 0.00007814
v -0.00213251 0.00016074 0.00291449
v -0.00211793 0.00245533 0.00007814
v -0.00540349 0.00056258 0.00291449
v -0.00544659 0.00150588 0.00197124
v -0.00546879 0.00244965 0.00008400
v -0.00518671 0.00016074 0.00439820
v -0.00518638 0.00150588 0.00480026
v -0.00516682 0.00499556 0.00574424
v -0.00522284 0.00499556 0.00007814
v -0.00213947 0.00016074 0.00331654
v -0.00208246 0.00339247 0.00007814
v -0.00519002 0.00499556 0.00546009
v -0.00544891 0.00244965 0.00102798
v -0.00521853 0.00499556 0.00480026
v -0.00522284 0.00499556 0.00008400
v -0.00509423 0.00016074 0.00480026
v -0.00513533 0.00056258 0.00480026
v -0.00514196 0.00433577 0.00574424
v -0.00499147 0.00499556 0.00630814
v -0.00208246 0.00499556 0.00007814
v -0.00211561 0.00244965 0.00197124
v -0.00218190 0.00499556 0.00574424
v -0.00216632 0.00016074 0.00480026
v -0.00209903 0.00339247 0.00102798
v -0.00495004 0.00016074 0.00519718
v -0.00493545 0.00150588 0.00562414
v -0.00508163 0.00339247 0.00574424
v -0.00491590 0.00499556 0.00652052
v -0.00210400 0.00499556 0.00131140
v -0.00212058 0.00499556 0.00225465
v -0.00222367 0.00499556 0.00668749
v -0.00218389 0.00244965 0.00574424
v -0.00221107 0.00150588 0.00574424
v -0.00231747 0.00056258 0.00574424
v -0.00240863 0.00016074 0.00576548
v -0.00484529 0.00016074 0.00543519
v -0.00488407 0.00056258 0.00549158
v -0.00483104 0.00339247 0.00634915
v -0.00489104 0.00433577 0.00645095
v -0.00464309 0.00499556 0.00685007
v -0.00254420 0.00499556 0.00744180
v -0.00226013 0.00433577 0.00668749
v -0.00253790 0.00150588 0.00650368
v -0.00264530 0.00056258 0.00635721
v -0.00272386 0.00016074 0.00628983
v -0.00446178 0.00016074 0.00572300
v -0.00467690 0.00207384 0.00618218
v -0.00476773 0.00270192 0.00626933
v -0.00445316 0.00499556 0.00700752
v -0.00332747 0.00499556 0.00755971
v -0.00258033 0.00433577 0.00736930
v -0.00270298 0.00339247 0.00724773
v -0.00279910 0.00285669 0.00717743
v -0.00308881 0.00016074 0.00629203
v -0.00423140 0.00016074 0.00586142
v -0.00453901 0.00150588 0.00609576
v -0.00406732 0.00150588 0.00636380
v -0.00431560 0.00241273 0.00647219
v -0.00376933 0.00387099 0.00715765
v -0.00391153 0.00450001 0.00723016
v -0.00411108 0.00499556 0.00722137
v -0.00339377 0.00424537 0.00737003
v -0.00310837 0.00339247 0.00724773
v -0.00289092 0.00285669 0.00717743
v -0.00352437 0.00499556 0.00748501
v -0.00330195 0.00055358 0.00636160
v -0.00361619 0.00023268 0.00617046
v -0.00357740 0.00016074 0.00615655
v -0.00369011 0.00016074 0.00611334
v -0.00389098 0.00086171 0.00627079
v -0.00358006 0.00339247 0.00709540
v -0.00400898 0.00499556 0.00728508
v -0.00324427 0.00250550 0.00695992
v -0.00330228 0.00150588 0.00665161
f 1385 1386 1390
f 1385 1390 1395
f 1385 1395 1400
f 1385 1400 1409
f 1385 1409 1422
f 1385 1422 1434
f 1385 1434 1444
f 1385 1444 1453
f 1385 1453 1467
f 1385 1467 1468
f 1385 1468 1454
f 1385 1454 1445
f 1385 1445 1435
f 1385 1435 1424
f 1385 1424 1415
f 1385 1415 1405
f 1385 1405 1397
f 1385 1397 1393
f 1385 1393 1387
f 1385 1387 1388
f 1385 1388 1389
f 1385 1389 1386
f 1386 1389 1391
f 1386 1391 1392
f 1386 1392 1390
f 1387 1393 1394
f 1387 1394 1388
f 1388 1394 1399
f 1388 1399 1398
f 1388 1398 1408
f 1388 1408 1419
f 1388 1419 1410
f 1388 1410 1401
f 1388 1401 1396
f 1388 1396 1392
f 1388 1392 1391
f 1388 1391 1389
f 1390 1392 1396
f 1390 1396 1395
f 1393 1397 1398
f 1393 1398 1399
f 1393 1399 1394
f 1395 1396 1400
f 1396 1401 1400
f 1397 1402 1403
f 1397 1403 1404
f 1397 1404 1398
f 1397 1405 1406
f 1397 1406 1407
f 1397 1407 1402
f 1398 1404 1408
f 1400 1401 1410
f 1400 1410 1409
f 1402 1407 1411
f 1402 1411 1403
f 1403 1412 1404
f 1403 1411 1413
f 1403 1413 1412
f 1404 1414 1408
f 1404 1412 1413
f 1404 1413 1414
f 1405 1415 1416
f 1405 1416 1406
f 1406 1416 1417
f 1406 1417 1407
f 1407 1417 1418
f 1407 1418 1427
f 1407 1427 1439
f 1407 1439 1448
f 1407 1448 1460
f 1407 1460 1471
f 1407 1471 1464
f 1407 1464 1449
f 1407 1449 1440
f 1407 1440 1430
f 1407 1430 1421
f 1407 1421 1429
f 1407 1429 1428
f 1407 1428 1419
f 1407 1419 1408
f 1407 1408 1414
f 1407 1414 1413
f 1407 1413 1411
f 1409 1410 1420
f 1409 1420 1421
f 1409 1421 1422
f 1410 1419 1423
f 1410 1423 1420
f 1415 1424 1425
f 1415 1425 1416
f 1416 1425 1426
f 1416 1426 1417
f 1417 1426 1418
f 1418 1426 1427
f 1419 1428 1423
f 1420 1423 1428
f 1420 1428 1429
f 1420 1429 1421
f 1421 1430 1431
f 1421 1431 1422
f 1422 1431 1432
f 1422 1432 1433
f 1422 1433 1434
f 1424 1435 1436
f 1424 1436 1425
f 1425 1436 1437
f 1425 1437 1438
f 1425 1438 1426
f 1426 1438 1427
f 1427 1438 1439
f 1430 1440 1441
f 1430 1441 1432
f 1430 1432 1431
f 1432 1441 1433
f 1433 1441 1442
f 1433 1442 1443
f 1433 1443 1434
f 1434 1443 1444
f 1435 1445 1446
f 1435 1446 1447
f 1435 1447 1436
f 1436 1447 1437
f 1437 1447 1439
f 1437 1439 1438
f 1439 1447 1448
f 1440 1449 1450
f 1440 1450 1441
f 1441 1450 1442
f 1442 1450 1451
f 1442 1451 1443
f 1443 1451 1452
f 1443 1452 1444
f 1444 1452 1453
f 1445 1454 1455
f 1445 1455 1446
f 1446 1455 1456
f 1446 1456 1457
f 1446 1457 1458
f 1446 1458 1459
f 1446 1459 1448
f 1446 1448 1447
f 1448 1459 1460
f 1449 1461 1462
f 1449 1462 1463
f 1449 1463 1452
f 1449 1452 1451
f 1449 1451 1450
f 1449 1464 1458
f 1449 1458 1461
f 1452 1463 1453
f 1453 1463 1465
f 1453 1465 1466
f 1453 1466 1467
f 1454 1468 1469
f 1454 1469 1455
f 1455 1469 1456
f 1456 1469 1458
f 1456 1458 1457
f 1458 1470 1462
f 1458 1462 1461
f 1458 1464 1459
f 1458 1469 1470
f 1459 1464 1471
f 1459 1471 1460
f 1462 1470 1463
f 1463 1470 1472
f 1463 1472 1473
f 1463 1473 1465
f 1465 1473 1466
f 1466 1468 1467
f 1466 1473 1469
f 1466 1469 1468
f 1469 1473 1472
f 1469 1472 1470

o geometry_16
v -0.00543184 0.00499611 -0.00223743
v -0.00543184 0.01042611 -0.00223743
v -0.00198728 0.00499611 -0.00223743
v -0.00543184 0.00499611 -0.00174401
v -0.00482249 0.01061306 -0.00223743
v -0.00543184 0.01061306 0.00104255
v -0.00185456 0.01061141 -0.00223743
v -0.00206082 0.01061306 0.00668693
v -0.00218199 0.00499611 0.00574411
v -0.00543184 0.00537112 -0.00098033
v -0.00521856 0.00499611 0.00480023
v -0.00192915 0.01061306 -0.00223743
v -0.00543184 0.01061306 0.00697921
v -0.00190463 0.01061306 -0.00180268
v -0.00190639 0.01061306 -0.00169164
v -0.00209304 0.01061306 0.00763080
v -0.00220826 0.00527985 0.00668693
v -0.00222367 0.00499611 0.00668693
v -0.00543184 0.00908057 0.00571896
v -0.00518985 0.00499611 0.00546021
v -0.00543184 0.00999886 0.00673093
v -0.00516674 0.00499611 0.00574411
v -0.00499164 0.00499611 0.00630770
v -0.00491599 0.00499611 0.00652036
v -0.00473179 0.00661164 0.00717301
v -0.00502350 0.01061306 0.00743595
v -0.00242048 0.01061306 0.00837354
v -0.00252834 0.00527985 0.00747262
v -0.00254410 0.00499611 0.00744224
v -0.00543184 0.00996751 0.00671626
v -0.00464319 0.00499611 0.00685035
v -0.00465229 0.00598313 0.00710073
v -0.00430104 0.00626742 0.00736995
v -0.00424536 0.00716646 0.00754700
v -0.00381532 0.00936320 0.00812421
v -0.00389341 0.00999611 0.00816821
v -0.00436513 0.00999611 0.00786965
v -0.00442151 0.01061306 0.00790841
v -0.00330228 0.01061306 0.00846468
v -0.00260083 0.00905252 0.00828240
v -0.00266877 0.00810949 0.00821326
v -0.00274966 0.00734297 0.00815250
v -0.00332749 0.00499611 0.00755957
v -0.00445303 0.00499611 0.00700749
v -0.00453638 0.00527985 0.00702216
v -0.00406466 0.00527985 0.00731653
v -0.00360800 0.00810949 0.00803726
v -0.00372147 0.00873415 0.00808126
v -0.00330228 0.00999611 0.00840706
v -0.00394979 0.01061306 0.00820173
v -0.00297589 0.00734297 0.00815250
v -0.00330228 0.00527985 0.00763080
v -0.00352430 0.00499611 0.00748519
v -0.00400898 0.00499611 0.00728510
v -0.00330228 0.00622288 0.00782356
v -0.00329492 0.00708343 0.00799117
v -0.00313628 0.00810949 0.00821326
v -0.00336531 0.00905032 0.00826040
f 1474 1475 1478
f 1474 1478 1485
f 1474 1485 1480
f 1474 1480 1476
f 1474 1476 1482
f 1474 1482 1491
f 1474 1491 1502
f 1474 1502 1516
f 1474 1516 1526
f 1474 1526 1527
f 1474 1527 1517
f 1474 1517 1504
f 1474 1504 1497
f 1474 1497 1496
f 1474 1496 1495
f 1474 1495 1493
f 1474 1493 1484
f 1474 1484 1477
f 1474 1477 1483
f 1474 1483 1492
f 1474 1492 1503
f 1474 1503 1494
f 1474 1494 1486
f 1474 1486 1479
f 1474 1479 1475
f 1475 1479 1478
f 1476 1480 1481
f 1476 1481 1482
f 1477 1484 1483
f 1478 1479 1486
f 1478 1486 1499
f 1478 1499 1511
f 1478 1511 1523
f 1478 1523 1512
f 1478 1512 1500
f 1478 1500 1489
f 1478 1489 1481
f 1478 1481 1488
f 1478 1488 1487
f 1478 1487 1485
f 1480 1485 1487
f 1480 1487 1488
f 1480 1488 1481
f 1481 1489 1482
f 1482 1489 1490
f 1482 1490 1491
f 1483 1484 1492
f 1484 1493 1492
f 1486 1494 1495
f 1486 1495 1496
f 1486 1496 1497
f 1486 1497 1498
f 1486 1498 1499
f 1489 1500 1501
f 1489 1501 1491
f 1489 1491 1490
f 1491 1501 1502
f 1492 1493 1503
f 1493 1495 1503
f 1494 1503 1495
f 1497 1504 1498
f 1498 1504 1505
f 1498 1505 1506
f 1498 1506 1507
f 1498 1507 1508
f 1498 1508 1509
f 1498 1509 1510
f 1498 1510 1511
f 1498 1511 1499
f 1500 1512 1513
f 1500 1513 1514
f 1500 1514 1502
f 1500 1502 1501
f 1502 1514 1515
f 1502 1515 1516
f 1504 1517 1518
f 1504 1518 1505
f 1505 1518 1519
f 1505 1519 1506
f 1506 1519 1520
f 1506 1520 1521
f 1506 1521 1507
f 1507 1521 1508
f 1508 1521 1522
f 1508 1522 1509
f 1509 1522 1512
f 1509 1512 1523
f 1509 1523 1511
f 1509 1511 1510
f 1512 1522 1515
f 1512 1515 1514
f 1512 1514 1513
f 1515 1522 1524
f 1515 1524 1516
f 1516 1525 1526
f 1516 1524 1525
f 1517 1527 1518
f 1518 1527 1519
f 1519 1527 1528
f 1519 1528 1529
f 1519 1529 1520
f 1520 1529 1524
f 1520 1524 1530
f 1520 1530 1531
f 1520 1531 1521
f 1521 1531 1522
f 1522 1531 1530
f 1522 1530 1524
f 1524 1529 1528
f 1524 1528 1525
f 1525 1528 1526
f 1526 1528 1527

o geometry_17
v -0.00546348 -0.00226792 -0.00085952
v -0.00544412 -0.00226792 0.00007814
v -0.00528254 0.00017460 -0.00221111
v -0.00538803 -0.00132476 -0.00221111
v -0.00543076 -0.00226792 -0.00180279
v -0.00535331 -0.00321108 -0.00085952
v -0.00535932 -0.00321108 0.00007814
v -0.00505520 -0.00158132 0.00007814
v -0.00512197 0.00017460 -0.00174138
v -0.00526018 0.00017460 -0.00213805
v -0.00212518 0.00017460 -0.00221111
v -0.00537268 -0.00226792 -0.00221111
v -0.00533762 -0.00267673 -0.00221111
v -0.00517872 -0.00415425 -0.00180279
v -0.00521311 -0.00415425 -0.00085952
v -0.00521911 -0.00415425 0.00007814
v -0.00504953 -0.00157950 0.00007814
v -0.00424533 0.00017460 -0.00141800
v -0.00208278 -0.00092687 -0.00221111
v -0.00216624 0.00017460 -0.00213424
v -0.00217158 -0.00226307 0.00007814
v -0.00216925 -0.00226792 0.00007814
v -0.00208813 -0.00320502 0.00007814
v -0.00512965 -0.00415425 -0.00221111
v -0.00492668 -0.00497549 -0.00180279
v -0.00492935 -0.00517808 -0.00089090
v -0.00500680 -0.00509802 0.00007814
v -0.00424533 -0.00137025 0.00007814
v -0.00330226 0.00017460 -0.00142405
v -0.00423866 -0.00137025 0.00007814
v -0.00205307 -0.00185972 -0.00221111
v -0.00244132 0.00017460 -0.00174609
v -0.00254147 -0.00160195 0.00007814
v -0.00208813 -0.00321108 0.00007814
v -0.00488261 -0.00488876 -0.00221111
v -0.00468432 -0.00554625 -0.00122616
v -0.00474708 -0.00559901 -0.00059754
v -0.00500513 -0.00510226 0.00007814
v -0.00287964 0.00017460 -0.00157935
v -0.00330226 -0.00139087 0.00007814
v -0.00209013 -0.00415425 0.00007814
v -0.00209714 -0.00415425 -0.00085952
v -0.00211517 -0.00415425 -0.00180279
v -0.00213353 -0.00415425 -0.00221111
v -0.00462990 -0.00515624 -0.00221111
v -0.00448102 -0.00544738 -0.00180279
v -0.00400932 -0.00565906 -0.00180279
v -0.00432011 -0.00574094 -0.00089090
v -0.00475843 -0.00560993 0.00007814
v -0.00424967 -0.00582586 0.00007814
v -0.00213753 -0.00509195 0.00007814
v -0.00213787 -0.00509802 0.00007814
v -0.00216557 -0.00509802 -0.00085952
v -0.00224736 -0.00468921 -0.00221111
v -0.00433380 -0.00533820 -0.00221111
v -0.00392219 -0.00555716 -0.00221111
v -0.00384107 -0.00559416 -0.00221111
v -0.00330226 -0.00597325 -0.00085952
v -0.00424567 -0.00582707 0.00007814
v -0.00250541 -0.00579978 0.00007814
v -0.00253179 -0.00578098 -0.00085952
v -0.00231580 -0.00509802 -0.00180279
v -0.00242763 -0.00510166 -0.00221111
v -0.00371955 -0.00561115 -0.00221111
v -0.00330226 -0.00602116 0.00007814
v -0.00330827 -0.00601995 0.00007814
v -0.00330226 -0.00576096 -0.00180279
v -0.00277448 -0.00560265 -0.00221111
v -0.00267233 -0.00567119 -0.00180279
v -0.00250775 -0.00580402 0.00007814
v -0.00261658 -0.00540553 -0.00221111
v -0.00330226 -0.00562510 -0.00221111
f 1532 1533 1534
f 1532 1534 1535
f 1532 1535 1536
f 1532 1536 1537
f 1532 1537 1538
f 1532 1538 1533
f 1533 1539 1540
f 1533 1540 1541
f 1533 1541 1534
f 1533 1538 1547
f 1533 1547 1558
f 1533 1558 1569
f 1533 1569 1580
f 1533 1580 1581
f 1533 1581 1590
f 1533 1590 1597
f 1533 1597 1596
f 1533 1596 1601
f 1533 1601 1591
f 1533 1591 1583
f 1533 1583 1582
f 1533 1582 1572
f 1533 1572 1565
f 1533 1565 1554
f 1533 1554 1553
f 1533 1553 1552
f 1533 1552 1564
f 1533 1564 1571
f 1533 1571 1561
f 1533 1561 1559
f 1533 1559 1548
f 1533 1548 1539
f 1534 1541 1540
f 1534 1540 1549
f 1534 1549 1560
f 1534 1560 1570
f 1534 1570 1563
f 1534 1563 1551
f 1534 1551 1542
f 1534 1542 1550
f 1534 1550 1562
f 1534 1562 1575
f 1534 1575 1585
f 1534 1585 1594
f 1534 1594 1602
f 1534 1602 1599
f 1534 1599 1603
f 1534 1603 1595
f 1534 1595 1588
f 1534 1588 1587
f 1534 1587 1586
f 1534 1586 1576
f 1534 1576 1566
f 1534 1566 1555
f 1534 1555 1544
f 1534 1544 1543
f 1534 1543 1535
f 1535 1543 1536
f 1536 1543 1544
f 1536 1544 1545
f 1536 1545 1537
f 1537 1545 1546
f 1537 1546 1547
f 1537 1547 1538
f 1539 1548 1549
f 1539 1549 1540
f 1542 1551 1552
f 1542 1552 1553
f 1542 1553 1554
f 1542 1554 1550
f 1544 1555 1545
f 1545 1555 1556
f 1545 1556 1557
f 1545 1557 1558
f 1545 1558 1546
f 1546 1558 1547
f 1548 1559 1549
f 1549 1559 1561
f 1549 1561 1560
f 1550 1554 1562
f 1551 1563 1564
f 1551 1564 1552
f 1554 1565 1562
f 1555 1566 1556
f 1556 1566 1567
f 1556 1567 1568
f 1556 1568 1557
f 1557 1568 1569
f 1557 1569 1558
f 1560 1561 1571
f 1560 1571 1564
f 1560 1564 1570
f 1562 1572 1573
f 1562 1573 1574
f 1562 1574 1575
f 1562 1565 1572
f 1563 1570 1564
f 1566 1576 1567
f 1567 1576 1577
f 1567 1577 1578
f 1567 1578 1579
f 1567 1579 1568
f 1568 1580 1569
f 1568 1579 1581
f 1568 1581 1580
f 1572 1582 1573
f 1573 1582 1583
f 1573 1583 1574
f 1574 1583 1584
f 1574 1584 1575
f 1575 1584 1585
f 1576 1586 1577
f 1577 1586 1587
f 1577 1587 1588
f 1577 1588 1578
f 1578 1589 1579
f 1578 1588 1589
f 1579 1589 1590
f 1579 1590 1581
f 1583 1591 1584
f 1584 1591 1592
f 1584 1592 1593
f 1584 1593 1585
f 1585 1593 1594
f 1588 1595 1589
f 1589 1596 1597
f 1589 1597 1590
f 1589 1595 1598
f 1589 1598 1599
f 1589 1599 1600
f 1589 1600 1592
f 1589 1592 1596
f 1591 1601 1592
f 1592 1601 1596
f 1592 1600 1593
f 1593 1600 1602
f 1593 1602 1594
f 1595 1603 1598
f 1598 1603 1599
f 1599 1602 1600

o geometry_18
v 0.00330178 -0.00602697 0.00008448
v 0.00424500 -0.00582990 0.00008448
v 0.00330178 -0.00594243 0.00102750
v 0.00254740 -0.00576300 0.00102750
v 0.00250580 -0.00580740 0.00008448
v 0.00250613 -0.00580679 0.00006741
v 0.00328824 -0.00602211 0.00006741
v 0.00330178 -0.00602576 0.00006741
v 0.00422849 -0.00583234 0.00006741
v 0.00475837 -0.00561033 0.00008448
v 0.00474252 -0.00559452 0.00070747
v 0.00430244 -0.00572833 0.00102384
v 0.00424632 -0.00582808 0.00006741
v 0.00475804 -0.00560972 0.00006741
v 0.00402644 -0.00566568 0.00177667
v 0.00330178 -0.00572042 0.00193942
v 0.00266658 -0.00567419 0.00180897
v 0.00244638 -0.00519064 0.00206256
v 0.00218358 -0.00509758 0.00102750
v 0.00213670 -0.00509758 0.00008448
v 0.00214364 -0.00510975 0.00006741
v 0.00500763 -0.00509758 0.00008448
v 0.00492476 -0.00516753 0.00102384
v 0.00491552 -0.00494309 0.00197112
v 0.00465536 -0.00552882 0.00133594
v 0.00500631 -0.00509880 0.00006741
v 0.00430244 -0.00543759 0.00204305
v 0.00432126 -0.00496985 0.00298972
v 0.00330178 -0.00555741 0.00241123
v 0.00266097 -0.00476001 0.00355968
v 0.00252660 -0.00496073 0.00291475
v 0.00211590 -0.00415420 0.00197112
v 0.00217764 -0.00415420 0.00291475
v 0.00210072 -0.00415420 0.00102750
v 0.00209114 -0.00415420 0.00008448
v 0.00209114 -0.00415420 0.00006741
v 0.00213736 -0.00509758 0.00006741
v 0.00521958 -0.00415420 0.00008448
v 0.00521067 -0.00415420 0.00102750
v 0.00516742 -0.00415420 0.00197112
v 0.00501126 -0.00508116 0.00006741
v 0.00521958 -0.00415420 0.00006741
v 0.00497065 -0.00423510 0.00298972
v 0.00482704 -0.00477461 0.00272517
v 0.00468673 -0.00460308 0.00335364
v 0.00405781 -0.00475028 0.00354992
v 0.00330178 -0.00527945 0.00291475
v 0.00330178 -0.00481962 0.00363953
v 0.00330178 -0.00441453 0.00411134
v 0.00265701 -0.00386286 0.00447465
v 0.00248665 -0.00416819 0.00386751
v 0.00211557 -0.00321082 0.00197112
v 0.00209940 -0.00321082 0.00102750
v 0.00218721 -0.00321082 0.00385715
v 0.00213208 -0.00321082 0.00291475
v 0.00208817 -0.00321082 0.00008448
v 0.00208817 -0.00322724 0.00006741
v 0.00535956 -0.00321082 0.00008448
v 0.00534569 -0.00321082 0.00102750
v 0.00540941 -0.00226805 0.00197112
v 0.00520439 -0.00321082 0.00291475
v 0.00535956 -0.00321082 0.00006741
v 0.00495877 -0.00328564 0.00394005
v 0.00486236 -0.00397416 0.00368037
v 0.00469201 -0.00364997 0.00430946
v 0.00437507 -0.00422658 0.00392969
v 0.00406309 -0.00384947 0.00445271
v 0.00330178 -0.00394253 0.00453134
v 0.00330178 -0.00321082 0.00493854
v 0.00266856 -0.00208010 0.00539694
v 0.00253221 -0.00321082 0.00466179
v 0.00214199 0.00018681 0.00348165
v 0.00211557 -0.00226805 0.00197112
v 0.00213208 0.00018681 0.00291475
v 0.00214859 -0.00226805 0.00385715
v 0.00220801 -0.00132467 0.00480077
v 0.00216510 -0.00038129 0.00480077
v 0.00215849 0.00018681 0.00442528
v 0.00208817 -0.00321082 0.00006741
v 0.00536154 -0.00319440 0.00006741
v 0.00546058 -0.00226805 0.00102750
v 0.00540677 -0.00038129 0.00291475
v 0.00536616 -0.00132467 0.00291475
v 0.00528594 -0.00226805 0.00291475
v 0.00513869 -0.00226805 0.00385715
v 0.00488647 -0.00226805 0.00456548
v 0.00480723 -0.00302105 0.00443747
v 0.00472965 -0.00089464 0.00528539
v 0.00453519 -0.00152356 0.00516469
v 0.00390627 -0.00193412 0.00532684
v 0.00432456 -0.00328564 0.00461546
v 0.00330178 -0.00258373 0.00520797
v 0.00330178 -0.00211234 0.00540669
v 0.00276331 -0.00002851 0.00625705
v 0.00272106 0.00018681 0.00629302
v 0.00254476 -0.00132467 0.00554811
v 0.00245166 0.00018681 0.00188212
v 0.00216807 -0.00226805 0.00006741
v 0.00240379 0.00018681 0.00576512
v 0.00225754 0.00018681 0.00536829
v 0.00216510 0.00018681 0.00480077
v 0.00544474 -0.00226805 0.00006741
v 0.00540281 0.00018681 0.00291475
v 0.00525821 0.00018681 0.00385715
v 0.00526019 -0.00038129 0.00385715
v 0.00520637 -0.00132467 0.00385715
v 0.00509809 0.00018681 0.00480077
v 0.00504130 -0.00038129 0.00480077
v 0.00484817 0.00018681 0.00543961
v 0.00479369 -0.00038129 0.00536097
v 0.00422816 0.00018681 0.00587058
v 0.00424500 -0.00038129 0.00568893
v 0.00423047 -0.00125533 0.00541218
v 0.00359329 0.00018681 0.00616440
v 0.00330310 -0.00035817 0.00605772
v 0.00330178 -0.00132467 0.00571270
v 0.00298946 -0.00002851 0.00625705
v 0.00296272 0.00018681 0.00629485
v 0.00259824 0.00018681 0.00612721
v 0.00322551 0.00018681 0.00149077
v 0.00254047 -0.00159838 0.00006741
v 0.00543846 -0.00225284 0.00006741
v 0.00526217 0.00018681 0.00197112
v 0.00532688 0.00018681 0.00234662
v 0.00350581 0.00018681 0.00618817
v 0.00310534 0.00018681 0.00629485
v 0.00330178 0.00018681 0.00146944
v 0.00255598 -0.00159351 0.00006741
v 0.00505550 -0.00157770 0.00006741
v 0.00502446 0.00018681 0.00161147
v 0.00430970 0.00018681 0.00131339
v 0.00330178 -0.00138428 0.00006741
v 0.00424500 -0.00136420 0.00006741
v 0.00486765 0.00018681 0.00138776
v 0.00449095 0.00018681 0.00133167
f 1604 1605 1606
f 1604 1606 1607
f 1604 1607 1608
f 1604 1608 1609
f 1604 1609 1610
f 1604 1610 1611
f 1604 1611 1612
f 1604 1612 1605
f 1605 1613 1614
f 1605 1614 1615
f 1605 1615 1606
f 1605 1612 1616
f 1605 1616 1617
f 1605 1617 1613
f 1606 1615 1618
f 1606 1618 1619
f 1606 1619 1620
f 1606 1620 1607
f 1607 1620 1621
f 1607 1621 1622
f 1607 1622 1608
f 1608 1622 1623
f 1608 1623 1624
f 1608 1624 1609
f 1609 1624 1640
f 1609 1640 1639
f 1609 1639 1660
f 1609 1660 1682
f 1609 1682 1701
f 1609 1701 1724
f 1609 1724 1731
f 1609 1731 1735
f 1609 1735 1736
f 1609 1736 1732
f 1609 1732 1725
f 1609 1725 1705
f 1609 1705 1683
f 1609 1683 1665
f 1609 1665 1645
f 1609 1645 1644
f 1609 1644 1629
f 1609 1629 1617
f 1609 1617 1616
f 1609 1616 1612
f 1609 1612 1611
f 1609 1611 1610
f 1613 1625 1614
f 1613 1617 1625
f 1614 1626 1627
f 1614 1627 1628
f 1614 1628 1615
f 1614 1625 1626
f 1615 1628 1618
f 1617 1629 1625
f 1618 1628 1630
f 1618 1630 1631
f 1618 1631 1632
f 1618 1632 1619
f 1619 1632 1620
f 1620 1632 1633
f 1620 1633 1634
f 1620 1634 1621
f 1621 1634 1622
f 1622 1635 1623
f 1622 1634 1636
f 1622 1636 1635
f 1623 1635 1637
f 1623 1637 1638
f 1623 1638 1639
f 1623 1639 1640
f 1623 1640 1624
f 1625 1641 1642
f 1625 1642 1643
f 1625 1643 1626
f 1625 1629 1644
f 1625 1644 1645
f 1625 1645 1641
f 1626 1643 1627
f 1627 1643 1646
f 1627 1646 1647
f 1627 1647 1628
f 1628 1647 1648
f 1628 1648 1630
f 1630 1648 1631
f 1631 1648 1649
f 1631 1649 1632
f 1632 1649 1650
f 1632 1650 1633
f 1633 1651 1652
f 1633 1652 1653
f 1633 1653 1654
f 1633 1654 1634
f 1633 1650 1651
f 1634 1654 1636
f 1635 1655 1656
f 1635 1656 1637
f 1635 1636 1657
f 1635 1657 1658
f 1635 1658 1655
f 1636 1654 1657
f 1637 1656 1659
f 1637 1659 1638
f 1638 1659 1660
f 1638 1660 1639
f 1641 1661 1642
f 1641 1645 1665
f 1641 1665 1661
f 1642 1662 1643
f 1642 1661 1662
f 1643 1662 1663
f 1643 1663 1664
f 1643 1664 1646
f 1646 1664 1666
f 1646 1666 1667
f 1646 1667 1647
f 1647 1667 1648
f 1648 1667 1668
f 1648 1668 1669
f 1648 1669 1649
f 1649 1651 1650
f 1649 1669 1670
f 1649 1670 1652
f 1649 1652 1651
f 1652 1670 1671
f 1652 1671 1653
f 1653 1671 1672
f 1653 1672 1673
f 1653 1673 1674
f 1653 1674 1654
f 1654 1674 1657
f 1655 1658 1681
f 1655 1681 1675
f 1655 1675 1676
f 1655 1676 1656
f 1656 1676 1677
f 1656 1677 1659
f 1657 1678 1658
f 1657 1674 1679
f 1657 1679 1680
f 1657 1680 1678
f 1658 1678 1681
f 1659 1682 1660
f 1659 1677 1682
f 1661 1665 1683
f 1661 1683 1684
f 1661 1684 1662
f 1662 1684 1663
f 1663 1685 1686
f 1663 1686 1687
f 1663 1687 1664
f 1663 1684 1685
f 1664 1687 1688
f 1664 1688 1666
f 1666 1688 1689
f 1666 1689 1690
f 1666 1690 1668
f 1666 1668 1667
f 1668 1690 1691
f 1668 1691 1692
f 1668 1692 1693
f 1668 1693 1694
f 1668 1694 1670
f 1668 1670 1669
f 1670 1694 1693
f 1670 1693 1672
f 1670 1672 1671
f 1672 1695 1673
f 1672 1693 1695
f 1673 1696 1697
f 1673 1697 1698
f 1673 1698 1699
f 1673 1699 1674
f 1673 1695 1696
f 1674 1699 1679
f 1675 1681 1704
f 1675 1704 1703
f 1675 1703 1702
f 1675 1702 1722
f 1675 1722 1698
f 1675 1698 1721
f 1675 1721 1729
f 1675 1729 1728
f 1675 1728 1717
f 1675 1717 1714
f 1675 1714 1712
f 1675 1712 1710
f 1675 1710 1707
f 1675 1707 1706
f 1675 1706 1727
f 1675 1727 1726
f 1675 1726 1733
f 1675 1733 1737
f 1675 1737 1738
f 1675 1738 1734
f 1675 1734 1730
f 1675 1730 1723
f 1675 1723 1700
f 1675 1700 1677
f 1675 1677 1676
f 1677 1700 1701
f 1677 1701 1682
f 1678 1680 1681
f 1679 1699 1702
f 1679 1702 1703
f 1679 1703 1680
f 1680 1704 1681
f 1680 1703 1704
f 1683 1705 1684
f 1684 1705 1706
f 1684 1706 1685
f 1685 1706 1707
f 1685 1707 1708
f 1685 1708 1686
f 1686 1708 1709
f 1686 1709 1688
f 1686 1688 1687
f 1688 1709 1710
f 1688 1710 1711
f 1688 1711 1689
f 1689 1711 1712
f 1689 1712 1713
f 1689 1713 1690
f 1690 1713 1691
f 1691 1713 1714
f 1691 1714 1715
f 1691 1715 1716
f 1691 1716 1692
f 1692 1716 1693
f 1693 1716 1717
f 1693 1717 1718
f 1693 1718 1719
f 1693 1719 1696
f 1693 1696 1695
f 1696 1719 1720
f 1696 1720 1697
f 1697 1720 1729
f 1697 1729 1721
f 1697 1721 1698
f 1698 1722 1699
f 1699 1722 1702
f 1700 1723 1724
f 1700 1724 1701
f 1705 1725 1726
f 1705 1726 1727
f 1705 1727 1706
f 1707 1710 1708
f 1708 1710 1709
f 1710 1712 1711
f 1712 1714 1713
f 1714 1717 1715
f 1715 1717 1716
f 1717 1728 1720
f 1717 1720 1718
f 1718 1720 1719
f 1720 1728 1729
f 1723 1730 1731
f 1723 1731 1724
f 1725 1732 1726
f 1726 1732 1733
f 1730 1734 1735
f 1730 1735 1731
f 1732 1736 1737
f 1732 1737 1733
f 1734 1736 1735
f 1734 1738 1736
f 1736 1738 1737

o geometry_19
v -0.00556531 0.00499611 -0.00223743
v -0.00581188 0.00505605 -0.00223743
v -0.00543207 0.00499611 -0.00223743
v -0.00543207 0.00499611 -0.00174392
v -0.00683370 0.00552839 -0.00223743
v -0.00543207 0.01042611 -0.00223743
v -0.00543207 0.00537112 -0.00098065
v -0.00682019 0.00557788 -0.00203353
v -0.00760896 0.00659074 -0.00112410
v -0.00760896 0.00659074 -0.00156348
v -0.00703119 0.00583192 -0.00223743
v -0.00566062 0.01040741 -0.00223743
v -0.00707695 0.01061306 0.00180356
v -0.00691905 0.01061306 0.00166732
v -0.00613455 0.01061306 0.00122885
v -0.00543207 0.01061306 0.00104300
v -0.00543207 0.00908057 0.00571913
v -0.00736050 0.00676450 -0.00049527
v -0.00758928 0.00758931 0.00062167
v -0.00766207 0.00741830 0.00008485
v -0.00781902 0.00810949 0.00008485
v -0.00769241 0.00711422 -0.00082908
v -0.00780669 0.00810949 -0.00085885
v -0.00764571 0.00716646 -0.00162212
v -0.00737022 0.00695916 -0.00223743
v -0.00717107 0.00621078 -0.00223743
v -0.00610278 0.01034692 -0.00223743
v -0.00729317 0.01061306 0.00216805
v -0.00543207 0.01061306 0.00697952
v -0.00543207 0.00996751 0.00671607
v -0.00639866 0.00974646 0.00501631
v -0.00663266 0.00950397 0.00438748
v -0.00760730 0.00848780 0.00161409
v -0.00767131 0.00814798 0.00097262
v -0.00785387 0.00905252 0.00008485
v -0.00780242 0.00905252 0.00102766
v -0.00778677 0.00905252 -0.00085885
v -0.00763409 0.00905252 -0.00160408
v -0.00747382 0.00905252 -0.00207593
v -0.00739867 0.00905252 -0.00223743
v -0.00668221 0.01009123 -0.00223743
v -0.00746482 0.01061306 0.00259569
v -0.00549537 0.01061306 0.00692087
v -0.00543207 0.00999886 0.00673051
v -0.00582871 0.01026224 0.00642917
v -0.00664167 0.01037497 0.00534021
v -0.00757198 0.00946218 0.00251810
v -0.00764310 0.00910971 0.00194520
v -0.00769692 0.00977011 0.00008485
v -0.00766278 0.00972227 -0.00085885
v -0.00756368 0.01050199 0.00252622
v -0.00756368 0.01050199 0.00235932
v -0.00757814 0.00999611 0.00256141
v -0.00760209 0.00962549 -0.00152649
v -0.00703878 0.00988228 -0.00223743
v -0.00714902 0.00990428 -0.00182512
v -0.00729269 0.01061306 0.00357188
v -0.00567366 0.01061306 0.00673592
v -0.00587660 0.01061306 0.00649142
v -0.00653688 0.01061306 0.00555674
v -0.00665044 0.01061306 0.00535735
v -0.00697690 0.01061306 0.00447409
f 1739 1740 1743
f 1739 1743 1749
f 1739 1749 1764
f 1739 1764 1763
f 1739 1763 1778
f 1739 1778 1793
f 1739 1793 1779
f 1739 1779 1765
f 1739 1765 1750
f 1739 1750 1744
f 1739 1744 1741
f 1739 1741 1742
f 1739 1742 1740
f 1740 1742 1743
f 1741 1744 1754
f 1741 1754 1767
f 1741 1767 1782
f 1741 1782 1768
f 1741 1768 1755
f 1741 1755 1745
f 1741 1745 1742
f 1742 1745 1746
f 1742 1746 1743
f 1743 1746 1747
f 1743 1747 1748
f 1743 1748 1749
f 1744 1750 1751
f 1744 1751 1752
f 1744 1752 1753
f 1744 1753 1754
f 1745 1755 1746
f 1746 1755 1756
f 1746 1756 1747
f 1747 1756 1757
f 1747 1757 1758
f 1747 1758 1759
f 1747 1759 1760
f 1747 1760 1748
f 1748 1760 1761
f 1748 1761 1762
f 1748 1762 1763
f 1748 1763 1764
f 1748 1764 1749
f 1750 1765 1751
f 1751 1766 1780
f 1751 1780 1795
f 1751 1795 1800
f 1751 1800 1799
f 1751 1799 1798
f 1751 1798 1797
f 1751 1797 1796
f 1751 1796 1781
f 1751 1781 1767
f 1751 1767 1754
f 1751 1754 1753
f 1751 1753 1752
f 1751 1765 1766
f 1755 1768 1769
f 1755 1769 1770
f 1755 1770 1757
f 1755 1757 1756
f 1757 1770 1771
f 1757 1771 1772
f 1757 1772 1758
f 1758 1772 1759
f 1759 1773 1761
f 1759 1761 1760
f 1759 1772 1774
f 1759 1774 1773
f 1761 1773 1775
f 1761 1775 1776
f 1761 1776 1762
f 1762 1776 1777
f 1762 1777 1763
f 1763 1777 1778
f 1765 1779 1766
f 1766 1779 1780
f 1767 1781 1782
f 1768 1782 1783
f 1768 1783 1784
f 1768 1784 1769
f 1769 1784 1770
f 1770 1784 1771
f 1771 1784 1785
f 1771 1785 1786
f 1771 1786 1774
f 1771 1774 1772
f 1773 1787 1788
f 1773 1788 1775
f 1773 1774 1789
f 1773 1789 1790
f 1773 1790 1787
f 1774 1786 1785
f 1774 1785 1791
f 1774 1791 1789
f 1775 1788 1792
f 1775 1792 1776
f 1776 1792 1777
f 1777 1792 1778
f 1778 1792 1793
f 1779 1793 1794
f 1779 1794 1780
f 1780 1794 1790
f 1780 1790 1789
f 1780 1789 1795
f 1781 1796 1783
f 1781 1783 1782
f 1783 1796 1797
f 1783 1797 1784
f 1784 1797 1798
f 1784 1798 1799
f 1784 1799 1800
f 1784 1800 1785
f 1785 1800 1795
f 1785 1795 1791
f 1787 1790 1788
f 1788 1790 1792
f 1789 1791 1795
f 1790 1794 1792
f 1792 1794 1793

o geometry_20
v -0.00330226 -0.00602146 0.00007814
v -0.00330820 -0.00602025 0.00007814
v -0.00250770 -0.00580421 0.00007814
v -0.00330226 -0.00602146 0.00008422
v -0.00424536 -0.00582781 0.00008422
v -0.00424569 -0.00582721 0.00007814
v -0.00213798 -0.00509799 0.00007814
v -0.00213765 -0.00509799 0.00008422
v -0.00250770 -0.00580421 0.00008422
v -0.00254896 -0.00575943 0.00102767
v -0.00330226 -0.00593795 0.00102767
v -0.00430148 -0.00572735 0.00102219
v -0.00474250 -0.00559422 0.00070345
v -0.00475868 -0.00560995 0.00008422
v -0.00475835 -0.00560995 0.00007814
v -0.00213732 -0.00509194 0.00007814
v -0.00209011 -0.00415454 0.00008422
v -0.00210134 -0.00415454 0.00102767
v -0.00211751 -0.00415454 0.00197111
v -0.00218551 -0.00509799 0.00102767
v -0.00244795 -0.00519058 0.00206236
v -0.00266714 -0.00567229 0.00180931
v -0.00330226 -0.00571828 0.00194070
v -0.00402452 -0.00566502 0.00177829
v -0.00465337 -0.00552765 0.00133242
v -0.00491548 -0.00494246 0.00197111
v -0.00492439 -0.00516698 0.00102219
v -0.00500724 -0.00509799 0.00008422
v -0.00500526 -0.00510222 0.00007814
v -0.00209011 -0.00415454 0.00007814
v -0.00208780 -0.00321109 0.00008422
v -0.00209969 -0.00321109 0.00102767
v -0.00213270 -0.00321109 0.00291456
v -0.00218816 -0.00321109 0.00385739
v -0.00217957 -0.00415454 0.00291456
v -0.00252882 -0.00495819 0.00291456
v -0.00266384 -0.00475607 0.00355629
v -0.00330226 -0.00555791 0.00241273
v -0.00432360 -0.00497030 0.00299181
v -0.00430148 -0.00543748 0.00204411
v -0.00469034 -0.00460538 0.00335678
v -0.00482701 -0.00477544 0.00272842
v -0.00516735 -0.00415454 0.00197111
v -0.00497027 -0.00423624 0.00299181
v -0.00521026 -0.00415454 0.00102767
v -0.00521917 -0.00415454 0.00008422
v -0.00521917 -0.00415454 0.00007814
v -0.00500691 -0.00509799 0.00007814
v -0.00208813 -0.00321109 0.00007814
v -0.00208813 -0.00320504 0.00007814
v -0.00213237 0.00016027 0.00291456
v -0.00213237 -0.00038135 0.00291456
v -0.00214887 -0.00038135 0.00385739
v -0.00216604 -0.00038135 0.00480084
v -0.00215085 -0.00226825 0.00385739
v -0.00248855 -0.00416725 0.00386530
v -0.00220994 -0.00132480 0.00480084
v -0.00253278 -0.00321109 0.00465911
v -0.00265756 -0.00386164 0.00447419
v -0.00330226 -0.00441355 0.00410861
v -0.00330226 -0.00481659 0.00363720
v -0.00330226 -0.00527651 0.00291456
v -0.00406150 -0.00474941 0.00355021
v -0.00437543 -0.00422716 0.00392856
v -0.00468935 -0.00364620 0.00430752
v -0.00486200 -0.00397662 0.00367856
v -0.00520399 -0.00321109 0.00291456
v -0.00540931 -0.00226825 0.00197111
v -0.00534560 -0.00321109 0.00102767
v -0.00495839 -0.00328371 0.00393890
v -0.00535848 -0.00321654 0.00007814
v -0.00216934 -0.00226825 0.00007814
v -0.00232845 0.00016027 0.00226370
v -0.00214920 0.00016027 0.00385739
v -0.00215647 0.00016027 0.00425947
v -0.00216637 0.00016027 0.00480084
v -0.00240867 0.00016027 0.00576557
v -0.00254566 -0.00132480 0.00554537
v -0.00266879 -0.00207460 0.00539635
v -0.00330226 -0.00321109 0.00493892
v -0.00330226 -0.00394152 0.00452954
v -0.00406051 -0.00384893 0.00445168
v -0.00432327 -0.00328371 0.00461714
v -0.00391394 -0.00194751 0.00533187
v -0.00454279 -0.00151906 0.00516520
v -0.00472864 -0.00089029 0.00528381
v -0.00480720 -0.00301744 0.00443648
v -0.00513830 -0.00226825 0.00385739
v -0.00528585 -0.00226825 0.00291456
v -0.00546015 -0.00226825 0.00102767
v -0.00536376 -0.00132480 0.00291456
v -0.00540469 -0.00038135 0.00291456
v -0.00535914 -0.00321109 0.00008422
v -0.00488643 -0.00226825 0.00456482
v -0.00535914 -0.00321109 0.00007814
v -0.00217165 -0.00226280 0.00007814
v -0.00245290 0.00016027 0.00188109
v -0.00272391 0.00016027 0.00628991
v -0.00276056 -0.00002733 0.00625889
v -0.00330226 -0.00211877 0.00540973
v -0.00330226 -0.00259020 0.00520960
v -0.00330226 -0.00132480 0.00571630
v -0.00298701 -0.00002733 0.00625889
v -0.00330193 -0.00035775 0.00605633
v -0.00357756 0.00016027 0.00615670
v -0.00369013 0.00016027 0.00611351
v -0.00423513 -0.00125279 0.00541642
v -0.00424536 -0.00038135 0.00568771
v -0.00423150 0.00016027 0.00586107
v -0.00446158 0.00016027 0.00572299
v -0.00479268 -0.00038135 0.00535985
v -0.00503893 -0.00038135 0.00480084
v -0.00509406 0.00016027 0.00480084
v -0.00518682 0.00016027 0.00439876
v -0.00520234 -0.00132480 0.00385739
v -0.00544397 -0.00226825 0.00007814
v -0.00540403 0.00016027 0.00291456
v -0.00525614 -0.00038135 0.00385739
v -0.00484516 0.00016027 0.00543528
v -0.00495014 0.00016027 0.00519744
v -0.00254170 -0.00160196 0.00007814
v -0.00330226 0.00016027 0.00147780
v -0.00308868 0.00016027 0.00629234
v -0.00505511 -0.00158078 0.00007814
v -0.00526473 0.00016027 0.00197111
v -0.00329764 -0.00139258 0.00007814
v -0.00423810 0.00016027 0.00131539
v -0.00330226 -0.00139137 0.00007814
v -0.00487058 0.00016027 0.00138716
v -0.00424536 -0.00137019 0.00007814
v -0.00423876 -0.00137019 0.00007814
f 1801 1802 1806
f 1801 1806 1815
f 1801 1815 1829
f 1801 1829 1848
f 1801 1848 1847
f 1801 1847 1871
f 1801 1871 1895
f 1801 1895 1916
f 1801 1916 1924
f 1801 1924 1930
f 1801 1930 1931
f 1801 1931 1928
f 1801 1928 1926
f 1801 1926 1921
f 1801 1921 1896
f 1801 1896 1872
f 1801 1872 1850
f 1801 1850 1849
f 1801 1849 1830
f 1801 1830 1816
f 1801 1816 1807
f 1801 1807 1803
f 1801 1803 1809
f 1801 1809 1804
f 1801 1804 1802
f 1802 1804 1805
f 1802 1805 1806
f 1803 1807 1808
f 1803 1808 1809
f 1804 1809 1810
f 1804 1810 1811
f 1804 1811 1805
f 1805 1811 1812
f 1805 1812 1813
f 1805 1813 1814
f 1805 1814 1815
f 1805 1815 1806
f 1807 1816 1808
f 1808 1817 1818
f 1808 1818 1819
f 1808 1819 1820
f 1808 1820 1809
f 1808 1816 1817
f 1809 1820 1810
f 1810 1820 1821
f 1810 1821 1822
f 1810 1822 1811
f 1811 1822 1823
f 1811 1823 1824
f 1811 1824 1812
f 1812 1824 1825
f 1812 1825 1813
f 1813 1825 1826
f 1813 1826 1827
f 1813 1827 1828
f 1813 1828 1814
f 1814 1828 1829
f 1814 1829 1815
f 1816 1830 1817
f 1817 1831 1818
f 1817 1830 1831
f 1818 1832 1819
f 1818 1831 1832
f 1819 1832 1833
f 1819 1833 1834
f 1819 1834 1835
f 1819 1835 1820
f 1820 1835 1836
f 1820 1836 1821
f 1821 1836 1822
f 1822 1836 1837
f 1822 1837 1838
f 1822 1838 1823
f 1823 1838 1824
f 1824 1838 1839
f 1824 1839 1840
f 1824 1840 1825
f 1825 1840 1841
f 1825 1841 1842
f 1825 1842 1826
f 1826 1843 1827
f 1826 1842 1844
f 1826 1844 1843
f 1827 1843 1828
f 1828 1843 1845
f 1828 1845 1846
f 1828 1846 1847
f 1828 1847 1848
f 1828 1848 1829
f 1830 1849 1831
f 1831 1849 1850
f 1831 1850 1851
f 1831 1851 1832
f 1832 1851 1852
f 1832 1852 1833
f 1833 1852 1853
f 1833 1853 1854
f 1833 1854 1855
f 1833 1855 1834
f 1834 1856 1835
f 1834 1855 1854
f 1834 1854 1857
f 1834 1857 1858
f 1834 1858 1856
f 1835 1856 1836
f 1836 1856 1837
f 1837 1856 1859
f 1837 1859 1860
f 1837 1860 1861
f 1837 1861 1862
f 1837 1862 1838
f 1838 1862 1863
f 1838 1863 1839
f 1839 1863 1841
f 1839 1841 1840
f 1841 1863 1864
f 1841 1864 1865
f 1841 1865 1866
f 1841 1866 1842
f 1842 1866 1844
f 1843 1844 1867
f 1843 1867 1868
f 1843 1868 1869
f 1843 1869 1845
f 1844 1866 1870
f 1844 1870 1867
f 1845 1869 1871
f 1845 1871 1846
f 1846 1871 1847
f 1850 1872 1851
f 1851 1873 1897
f 1851 1897 1922
f 1851 1922 1927
f 1851 1927 1929
f 1851 1929 1925
f 1851 1925 1917
f 1851 1917 1914
f 1851 1914 1913
f 1851 1913 1920
f 1851 1920 1919
f 1851 1919 1910
f 1851 1910 1909
f 1851 1909 1906
f 1851 1906 1905
f 1851 1905 1923
f 1851 1923 1898
f 1851 1898 1877
f 1851 1877 1876
f 1851 1876 1875
f 1851 1875 1874
f 1851 1874 1853
f 1851 1853 1852
f 1851 1872 1873
f 1853 1874 1875
f 1853 1875 1854
f 1854 1875 1876
f 1854 1876 1877
f 1854 1877 1857
f 1856 1858 1859
f 1857 1877 1878
f 1857 1878 1858
f 1858 1878 1879
f 1858 1879 1859
f 1859 1879 1880
f 1859 1880 1881
f 1859 1881 1860
f 1860 1863 1861
f 1860 1881 1882
f 1860 1882 1863
f 1861 1863 1862
f 1863 1882 1864
f 1864 1882 1865
f 1865 1882 1883
f 1865 1883 1884
f 1865 1884 1885
f 1865 1885 1886
f 1865 1886 1887
f 1865 1887 1870
f 1865 1870 1866
f 1867 1870 1888
f 1867 1888 1889
f 1867 1889 1868
f 1868 1890 1869
f 1868 1889 1891
f 1868 1891 1892
f 1868 1892 1890
f 1869 1890 1893
f 1869 1893 1871
f 1870 1887 1894
f 1870 1894 1888
f 1871 1893 1895
f 1872 1896 1897
f 1872 1897 1873
f 1877 1898 1878
f 1878 1898 1899
f 1878 1899 1879
f 1879 1899 1900
f 1879 1900 1901
f 1879 1901 1880
f 1880 1901 1884
f 1880 1884 1882
f 1880 1882 1881
f 1882 1884 1883
f 1884 1900 1902
f 1884 1902 1903
f 1884 1903 1904
f 1884 1904 1905
f 1884 1905 1906
f 1884 1906 1907
f 1884 1907 1885
f 1884 1901 1900
f 1885 1907 1886
f 1886 1907 1908
f 1886 1908 1909
f 1886 1909 1910
f 1886 1910 1911
f 1886 1911 1887
f 1887 1911 1894
f 1888 1894 1912
f 1888 1912 1913
f 1888 1913 1914
f 1888 1914 1915
f 1888 1915 1891
f 1888 1891 1889
f 1890 1916 1895
f 1890 1895 1893
f 1890 1892 1917
f 1890 1917 1916
f 1891 1915 1918
f 1891 1918 1892
f 1892 1918 1914
f 1892 1914 1917
f 1894 1911 1919
f 1894 1919 1920
f 1894 1920 1912
f 1896 1921 1897
f 1897 1921 1922
f 1898 1923 1899
f 1899 1923 1903
f 1899 1903 1900
f 1900 1903 1902
f 1903 1923 1905
f 1903 1905 1904
f 1906 1909 1908
f 1906 1908 1907
f 1910 1919 1911
f 1912 1920 1913
f 1914 1918 1915
f 1916 1917 1925
f 1916 1925 1924
f 1921 1926 1922
f 1922 1926 1928
f 1922 1928 1927
f 1924 1929 1930
f 1924 1925 1929
f 1927 1930 1929
f 1927 1928 1931
f 1927 1931 1930

