# https://github.com/mikedh/trimesh

o geometry_0
v 0.00456019 -0.00050480 -0.00446475
v 0.00380410 -0.00051013 -0.00522269
v 0.00456465 -0.00007003 -0.00446934
v 0.00380737 -0.00006993 -0.00522515
v 0.00341229 -0.00006993 -0.00530120
v 0.00335197 -0.00078919 -0.00525245
v 0.00265415 -0.00006993 -0.00536447
v 0.00265415 -0.00082807 -0.00529708
v 0.00305905 -0.00122205 -0.00521563
v 0.00356471 -0.00101556 -0.00517271
v 0.00387633 -0.00138189 -0.00488105
v 0.00408662 -0.00130739 -0.00475216
v 0.00410338 -0.00072193 -0.00488105
v 0.00451104 -0.00101041 -0.00440802
v 0.00446897 -0.00130739 -0.00436089
v 0.00356448 -0.00184196 -0.00488105
v 0.00461231 -0.00130739 -0.00416567
v 0.00470724 -0.00130739 -0.00400215
v 0.00338868 -0.00201994 -0.00488105
v 0.00503673 -0.00130739 -0.00329428
v 0.00532116 -0.00053906 -0.00296058
v 0.00470687 -0.00078581 -0.00412312
v 0.00533158 -0.00007003 -0.00297851
v 0.00538631 -0.00007003 -0.00255846
v 0.00535951 -0.00080642 -0.00257682
v 0.00535578 -0.00130739 -0.00241831
v 0.00537887 -0.00130739 -0.00207834
v 0.00531744 -0.00130739 -0.00259350
v 0.00528356 -0.00104467 -0.00284128
v 0.00537738 -0.00130739 -0.00181096
v 0.00535839 -0.00130739 -0.00141302
v 0.00537068 0.00132393 -0.00176841
v 0.00536062 0.00132393 -0.00239953
v 0.00341416 0.00200537 -0.00488105
v 0.00523590 0.00132393 -0.00277162
v 0.00529212 0.00095226 -0.00286505
v 0.00507731 0.00132393 -0.00320418
v 0.00478803 0.00132393 -0.00385199
v 0.00532637 0.00044665 -0.00296892
v 0.00536249 0.00069495 -0.00259100
v 0.00455907 0.00039308 -0.00446350
v 0.00470650 0.00066275 -0.00413522
v 0.00471618 0.00132393 -0.00399381
v 0.00453003 0.00089869 -0.00442846
v 0.00411492 0.00060300 -0.00488105
v 0.00417672 0.00132393 -0.00466873
v 0.00408811 0.00132393 -0.00475174
v 0.00379989 0.00037848 -0.00521904
v 0.00342000 0.00065409 -0.00525676
v 0.00367786 0.00088435 -0.00519055
v 0.00317243 0.00113879 -0.00523144
v 0.00342000 0.00141354 -0.00510471
v 0.00265415 0.00155350 -0.00513310
v 0.00265415 0.00117421 -0.00524095
v 0.00221582 0.00113879 -0.00523144
v 0.00265415 0.00068822 -0.00531326
v 0.00213400 0.00068822 -0.00526282
v 0.00196849 0.00141051 -0.00488105
v 0.00228502 0.00190644 -0.00488105
v 0.00265415 0.00220754 -0.00488105
v 0.00381953 0.00143341 -0.00488105
v 0.00447083 0.00132393 -0.00436464
v 0.00531669 0.00132393 -0.00128746
v 0.00533121 -0.00130739 -0.00131082
v 0.00501848 0.00132393 -0.00099213
v 0.00498721 0.00132393 -0.00096460
v 0.00417039 0.00132393 -0.00064675
v 0.00492876 -0.00130739 -0.00099881
v 0.00417039 -0.00130739 -0.00080025
v 0.00265415 -0.00220570 -0.00488105
v 0.00341277 -0.00130739 -0.00078315
v 0.00265328 -0.00130739 -0.00077939
v 0.00341277 0.00132393 -0.00061963
v 0.00370986 0.00132393 -0.00062798
v 0.00265440 0.00132393 -0.00062380
v 0.00196602 -0.00130739 -0.00111602
v 0.00193884 0.00132393 -0.00109433
v 0.00189826 0.00132393 -0.00114313
v 0.00169759 -0.00130739 -0.00177801
v 0.00158330 -0.00130739 -0.00255846
v 0.00158292 -0.00130739 -0.00331639
v 0.00158330 0.00132393 -0.00255846
v 0.00161345 0.00132393 -0.00192275
v 0.00158292 0.00132393 -0.00343903
v 0.00158292 0.00068825 -0.00407474
v 0.00158628 0.00132393 -0.00407474
v 0.00161941 0.00132393 -0.00419737
v 0.00172961 -0.00007003 -0.00483308
v 0.00178806 0.00068825 -0.00483308
v 0.00207556 -0.00006993 -0.00528842
v 0.00181822 -0.00082831 -0.00483308
v 0.00158665 -0.00130739 -0.00407474
v 0.00194145 -0.00130739 -0.00486061
v 0.00200215 -0.00151278 -0.00488105
v 0.00216416 -0.00082807 -0.00525472
v 0.00226422 -0.00122205 -0.00521563
v 0.00265415 -0.00160825 -0.00512307
v 0.00265415 -0.00122939 -0.00521724
v 0.00335197 -0.00151926 -0.00508469
v 0.00314438 -0.00208474 -0.00488105
v 0.00509443 -0.00130739 -0.00111143
v 0.00158292 -0.00082831 -0.00407474
f 2 3 1
f 2 4 3
f 2 5 4
f 6 5 2
f 6 7 5
f 6 8 7
f 6 9 8
f 6 10 9
f 6 2 10
f 2 11 10
f 2 12 11
f 2 13 12
f 2 1 13
f 13 1 14
f 13 14 12
f 15 12 14
f 15 16 12
f 15 17 16
f 15 14 17
f 14 1 17
f 18 17 1
f 18 19 17
f 18 20 19
f 18 21 20
f 18 22 21
f 18 1 22
f 21 22 1
f 21 1 23
f 21 23 24
f 25 21 24
f 25 26 21
f 25 24 26
f 26 24 27
f 26 27 19
f 26 19 28
f 26 28 21
f 21 28 29
f 20 21 29
f 20 29 28
f 20 28 19
f 30 19 27
f 30 31 19
f 30 32 31
f 30 24 32
f 30 27 24
f 33 32 24
f 33 34 32
f 33 35 34
f 36 35 33
f 36 37 35
f 36 38 37
f 36 39 38
f 36 33 39
f 39 33 40
f 39 40 24
f 39 24 23
f 39 23 41
f 42 39 41
f 42 43 39
f 42 44 43
f 42 41 44
f 45 44 41
f 45 46 44
f 45 47 46
f 45 48 47
f 45 41 48
f 48 41 4
f 48 4 5
f 49 48 5
f 49 50 48
f 51 50 49
f 51 52 50
f 51 53 52
f 54 53 51
f 54 55 53
f 54 56 55
f 54 51 56
f 51 49 56
f 49 7 56
f 49 5 7
f 56 7 57
f 55 56 57
f 55 57 58
f 55 58 59
f 55 59 60
f 55 60 53
f 53 60 34
f 52 53 34
f 52 34 50
f 61 50 34
f 61 47 50
f 61 34 47
f 46 47 34
f 46 34 62
f 46 62 44
f 43 44 62
f 43 62 34
f 43 34 38
f 43 38 39
f 37 38 34
f 37 34 35
f 48 50 47
f 63 34 60
f 63 32 34
f 63 31 32
f 63 64 31
f 65 64 63
f 65 66 64
f 65 60 66
f 65 63 60
f 67 66 60
f 67 68 66
f 69 68 67
f 69 70 68
f 71 70 69
f 71 72 70
f 71 73 72
f 71 69 73
f 74 73 69
f 74 60 73
f 74 67 60
f 74 69 67
f 75 73 60
f 75 72 73
f 75 76 72
f 75 77 76
f 75 60 77
f 78 77 60
f 78 76 77
f 79 76 78
f 79 70 76
f 80 70 79
f 80 81 70
f 80 82 81
f 80 83 82
f 80 79 83
f 79 78 83
f 78 60 83
f 82 83 60
f 82 60 59
f 84 82 59
f 84 81 82
f 84 85 81
f 84 86 85
f 84 59 86
f 87 86 59
f 87 88 86
f 87 89 88
f 87 58 89
f 87 59 58
f 89 58 57
f 90 89 57
f 90 88 89
f 91 88 90
f 91 92 88
f 93 92 91
f 93 94 92
f 93 95 94
f 93 91 95
f 91 90 95
f 90 7 95
f 90 57 7
f 95 7 8
f 96 95 8
f 96 94 95
f 96 70 94
f 96 97 70
f 98 97 96
f 98 9 97
f 98 8 9
f 98 96 8
f 99 97 9
f 99 19 97
f 99 16 19
f 99 10 16
f 99 9 10
f 16 10 11
f 16 11 12
f 16 17 19
f 97 19 100
f 97 100 70
f 100 64 70
f 100 31 64
f 100 19 31
f 101 70 64
f 101 68 70
f 101 66 68
f 101 64 66
f 94 70 92
f 92 70 81
f 102 92 81
f 102 88 92
f 102 85 88
f 102 81 85
f 85 86 88
f 72 76 70
f 41 3 4
f 41 23 3
f 1 3 23
f 33 24 40

o geometry_1
v -0.00457933 -0.00006966 -0.00443929
v -0.00456472 -0.00006966 -0.00446963
v -0.00457303 -0.00047598 -0.00443929
v -0.00457017 0.00041321 -0.00443929
v -0.00455900 0.00039319 -0.00446383
v -0.00418637 -0.00006966 -0.00484883
v -0.00380430 -0.00051013 -0.00522269
v -0.00456014 -0.00050483 -0.00446510
v -0.00457131 -0.00052603 -0.00443929
v -0.00452033 0.00089138 -0.00443929
v -0.00416489 0.00063875 -0.00482718
v -0.00379971 0.00037847 -0.00521907
v -0.00380716 -0.00006966 -0.00522513
v -0.00415773 -0.00076040 -0.00481894
v -0.00341220 -0.00006966 -0.00530121
v -0.00335205 -0.00078926 -0.00525240
v -0.00356457 -0.00101538 -0.00517270
v -0.00389566 -0.00234446 -0.00456355
v -0.00405061 -0.00158658 -0.00471823
v -0.00453809 -0.00073390 -0.00443929
v -0.00436395 0.00144609 -0.00443929
v -0.00407467 0.00144609 -0.00473825
v -0.00367799 0.00088431 -0.00519054
v -0.00341993 0.00065406 -0.00525674
v -0.00446477 -0.00106838 -0.00443929
v -0.00448424 -0.00099124 -0.00443929
v -0.00265435 -0.00006966 -0.00536452
v -0.00265435 -0.00082812 -0.00529704
v -0.00305934 -0.00122207 -0.00521563
v -0.00335205 -0.00151945 -0.00508458
v -0.00379886 -0.00273664 -0.00446102
v -0.00400135 -0.00235741 -0.00443929
v -0.00416432 -0.00196287 -0.00443929
v -0.00431383 -0.00158658 -0.00443929
v -0.00406923 0.00220455 -0.00443929
v -0.00392889 0.00220455 -0.00459153
v -0.00341993 0.00141311 -0.00510468
v -0.00317218 0.00113870 -0.00523138
v -0.00383036 0.00264503 -0.00448946
v -0.00265435 0.00068822 -0.00531326
v -0.00207551 -0.00006966 -0.00528844
v -0.00216401 -0.00082812 -0.00525466
v -0.00213393 0.00068822 -0.00526281
v -0.00226425 -0.00122207 -0.00521563
v -0.00265435 -0.00122914 -0.00521726
v -0.00265435 -0.00160837 -0.00512307
v -0.00341220 -0.00234446 -0.00474884
v -0.00341220 -0.00280437 -0.00449961
v -0.00376219 -0.00277904 -0.00443929
v -0.00380773 -0.00275196 -0.00443929
v -0.00382750 -0.00271780 -0.00443929
v -0.00385872 0.00266858 -0.00443929
v -0.00341220 0.00220455 -0.00480572
v -0.00265435 0.00155326 -0.00513303
v -0.00265435 0.00117403 -0.00524098
v -0.00341220 0.00288588 -0.00443929
v -0.00341220 0.00273512 -0.00454480
v -0.00221585 0.00113870 -0.00523138
v -0.00172952 -0.00006966 -0.00483325
v -0.00181802 -0.00082812 -0.00483325
v -0.00178795 0.00068822 -0.00483325
v -0.00199617 -0.00151945 -0.00487337
v -0.00201192 -0.00234446 -0.00463935
v -0.00196581 0.00141311 -0.00487736
v -0.00214797 -0.00281791 -0.00450785
v -0.00265435 -0.00234446 -0.00482465
v -0.00265435 -0.00286561 -0.00453475
v -0.00265435 -0.00300929 -0.00443929
v -0.00320140 -0.00292685 -0.00443929
v -0.00341220 -0.00288975 -0.00443929
v -0.00265435 0.00220455 -0.00488243
v -0.00265435 0.00300659 -0.00443929
v -0.00265435 0.00279401 -0.00458256
v -0.00209785 0.00272394 -0.00453973
v -0.00197297 0.00220455 -0.00466824
v -0.00165333 -0.00006966 -0.00443929
v -0.00165333 -0.00046361 -0.00443929
v -0.00169887 -0.00122207 -0.00443929
v -0.00168169 0.00068822 -0.00443929
v -0.00181659 -0.00196817 -0.00443929
v -0.00188934 -0.00234446 -0.00443929
v -0.00183950 0.00220455 -0.00443929
v -0.00175902 0.00143137 -0.00443929
v -0.00198729 -0.00261004 -0.00443929
v -0.00211503 -0.00286090 -0.00443929
v -0.00236049 0.00293593 -0.00443929
v -0.00205087 0.00278047 -0.00443929
f 103 104 105
f 103 105 111
f 103 111 122
f 103 122 128
f 103 128 127
f 103 127 136
f 103 136 135
f 103 135 134
f 103 134 153
f 103 153 152
f 103 152 151
f 103 151 172
f 103 172 171
f 103 171 170
f 103 170 187
f 103 187 186
f 103 186 183
f 103 183 182
f 103 182 180
f 103 180 179
f 103 179 178
f 103 178 181
f 103 181 185
f 103 185 184
f 103 184 189
f 103 189 188
f 103 188 174
f 103 174 158
f 103 158 154
f 103 154 137
f 103 137 123
f 103 123 112
f 103 112 106
f 103 106 107
f 103 107 104
f 104 107 108
f 104 108 109
f 104 109 110
f 104 110 105
f 105 110 111
f 106 112 107
f 107 112 113
f 107 113 114
f 107 114 108
f 108 114 115
f 108 115 109
f 109 116 110
f 109 115 117
f 109 117 118
f 109 118 119
f 109 119 120
f 109 120 121
f 109 121 116
f 110 116 122
f 110 122 111
f 112 123 124
f 112 124 113
f 113 124 114
f 114 124 125
f 114 125 126
f 114 126 117
f 114 117 115
f 116 121 127
f 116 127 128
f 116 128 122
f 117 126 129
f 117 129 118
f 118 130 131
f 118 131 119
f 118 129 130
f 119 131 132
f 119 132 120
f 120 133 134
f 120 134 135
f 120 135 136
f 120 136 121
f 120 132 133
f 121 136 127
f 123 137 138
f 123 138 124
f 124 138 125
f 125 139 140
f 125 140 126
f 125 138 141
f 125 141 139
f 126 140 142
f 126 142 129
f 129 143 144
f 129 144 130
f 129 142 145
f 129 145 143
f 130 144 146
f 130 146 147
f 130 147 131
f 131 147 148
f 131 148 132
f 132 148 149
f 132 149 133
f 133 150 151
f 133 151 152
f 133 152 153
f 133 153 134
f 133 149 150
f 137 154 141
f 137 141 138
f 139 141 155
f 139 155 156
f 139 156 140
f 140 156 157
f 140 157 142
f 141 154 158
f 141 158 159
f 141 159 155
f 142 157 160
f 142 160 145
f 143 161 162
f 143 162 144
f 143 145 163
f 143 163 161
f 144 162 164
f 144 164 165
f 144 165 146
f 145 160 166
f 145 166 163
f 146 165 167
f 146 167 168
f 146 168 148
f 146 148 147
f 148 168 149
f 149 168 150
f 150 168 169
f 150 169 170
f 150 170 171
f 150 171 172
f 150 172 151
f 155 159 173
f 155 173 156
f 156 173 160
f 156 160 157
f 158 174 159
f 159 174 175
f 159 175 173
f 160 173 176
f 160 176 177
f 160 177 166
f 161 178 179
f 161 179 180
f 161 180 162
f 161 163 181
f 161 181 178
f 162 180 182
f 162 182 183
f 162 183 165
f 162 165 164
f 163 166 177
f 163 177 184
f 163 184 185
f 163 185 181
f 165 183 186
f 165 186 187
f 165 187 167
f 167 187 170
f 167 170 169
f 167 169 168
f 173 175 176
f 174 188 176
f 174 176 175
f 176 188 189
f 176 189 177
f 177 189 184

o geometry_2
v -0.00375461 0.01440121 -0.00786640
v -0.00375461 0.01473428 -0.00673954
v -0.00375461 0.03041841 -0.00473441
v -0.00375461 0.02447522 -0.00545791
v -0.00375461 0.02986577 -0.00479272
v 0.00364313 0.02979339 -0.00488156
v 0.00364313 0.02647581 -0.00527602
v 0.00364313 0.01509750 -0.00677618
v 0.00364313 0.01453063 -0.00699692
v 0.00364313 0.01463471 -0.00691976
v -0.00375461 0.01468962 -0.00676286
v -0.00375461 0.01442354 -0.00709891
v 0.00364313 0.01447859 -0.00711086
v 0.00364313 0.01436521 -0.00763561
v 0.00364313 0.01440982 -0.00786605
v 0.00364313 0.01459103 -0.00832310
v -0.00375461 0.01463008 -0.00840068
v -0.00341234 0.01485523 -0.00878707
v -0.00375461 0.01527203 -0.00919467
v -0.00341234 0.01523482 -0.00924874
v -0.00189544 0.01552509 -0.00973478
v -0.00113773 0.01548602 -0.00975333
v -0.00375461 0.01585630 -0.00941252
v -0.00341234 0.01585630 -0.00954662
v -0.00272264 0.01581351 -0.00970616
v -0.00189544 0.01590468 -0.00989114
v -0.00113773 0.01586561 -0.00993513
v 0.00000010 0.01586349 -0.00994908
v -0.00037928 0.01661362 -0.01010263
v -0.00113773 0.01661362 -0.01007135
v -0.00189544 0.01661362 -0.00998231
v -0.00120335 0.01931541 -0.00976764
v -0.00232889 0.01788450 -0.00977665
v -0.00265389 0.01964662 -0.00948672
v -0.00295131 0.01661362 -0.00973902
v -0.00341234 0.01964662 -0.00923124
v -0.00302668 0.02228886 -0.00900174
v -0.00355737 0.02129337 -0.00893893
v -0.00375461 0.02002807 -0.00904361
v -0.00375461 0.01661920 -0.00940298
v -0.00341234 0.01661362 -0.00956464
v -0.00251602 0.01603865 -0.00982807
v -0.00375461 0.03341047 -0.00591162
v -0.00375461 0.03212098 -0.00708619
v -0.00375461 0.02957178 -0.00755182
v -0.00302778 0.02684022 -0.00824432
v -0.00237485 0.02321551 -0.00903142
v -0.00189544 0.02002621 -0.00959511
v -0.00113773 0.02040580 -0.00963301
v -0.00037928 0.02013692 -0.00970616
v -0.00189544 0.02230095 -0.00926093
v -0.00113773 0.02267962 -0.00928902
v -0.00037928 0.02305920 -0.00926093
v -0.00165316 0.02392258 -0.00902294
v -0.00230352 0.02763475 -0.00825068
v -0.00189544 0.02810924 -0.00819184
v -0.00113773 0.02508089 -0.00885889
v -0.00113773 0.02820041 -0.00820933
v -0.00265389 0.03026211 -0.00764166
v -0.00341234 0.03253593 -0.00702682
v -0.00265389 0.03253593 -0.00704590
v -0.00189544 0.03082219 -0.00753725
v 0.00189562 0.03120221 -0.00743276
v -0.00341234 0.03304763 -0.00682806
v -0.00375461 0.03304763 -0.00681587
v -0.00375461 0.03322440 -0.00661657
v 0.00364313 0.03304593 -0.00681962
v 0.00265387 0.03253668 -0.00704546
v 0.00341213 0.03253668 -0.00702706
v 0.00151667 0.02969303 -0.00783169
v 0.00113772 0.02820058 -0.00820890
v -0.00037928 0.02609127 -0.00868584
v 0.00286848 0.03047457 -0.00756995
v 0.00189562 0.02810951 -0.00819204
v 0.00230558 0.02763557 -0.00825131
v 0.00364313 0.03253668 -0.00699998
v 0.00341213 0.02950345 -0.00766116
v 0.00302676 0.02684009 -0.00824365
v 0.00237474 0.02321583 -0.00903103
v 0.00302676 0.02228840 -0.00900191
v 0.00364313 0.02874515 -0.00771941
v 0.00364313 0.03334888 -0.00635567
v -0.00375461 0.03336767 -0.00635792
v 0.00364313 0.03334888 -0.00559179
v 0.00364313 0.03308310 -0.00506040
v -0.00375461 0.03327278 -0.00528035
v -0.00375461 0.03339000 -0.00559201
v -0.00375461 0.03311647 -0.00501957
v -0.00375461 0.03253593 -0.00487010
v 0.00364313 0.03253668 -0.00492193
v 0.00364313 0.03225417 -0.00488156
v -0.00375461 0.03177861 -0.00474236
v -0.00375461 0.03101943 -0.00468830
v 0.00364313 0.01650167 -0.00946458
v 0.00364313 0.01926818 -0.00917819
v 0.00364313 0.02103570 -0.00894366
v 0.00341213 0.01964734 -0.00923132
v 0.00341213 0.01661411 -0.00956651
v 0.00295404 0.01661411 -0.00973972
v 0.00341213 0.01585580 -0.00954863
v 0.00251984 0.01603981 -0.00982761
v 0.00232876 0.01788353 -0.00977651
v 0.00265387 0.01964734 -0.00948680
v 0.00189562 0.02002649 -0.00959640
v 0.00189562 0.02230141 -0.00926198
v 0.00113772 0.02078479 -0.00958005
v 0.00113772 0.02268056 -0.00929060
v 0.00037947 0.02078479 -0.00961505
v 0.00147710 0.01923844 -0.00975863
v 0.00189562 0.01661411 -0.00998141
v 0.00113772 0.01661411 -0.01006776
v 0.00037947 0.01865903 -0.00988663
v 0.00037947 0.01661411 -0.01009893
v 0.00113772 0.01586696 -0.00993491
v 0.00189562 0.01590599 -0.00989097
v 0.00189562 0.01552683 -0.00973410
v 0.00272517 0.01581492 -0.00970651
v 0.00364313 0.01569225 -0.00942140
v 0.00364313 0.01525920 -0.00921242
v 0.00364313 0.01478711 -0.00866672
v 0.00113772 0.01548780 -0.00975250
v 0.00265387 0.01484845 -0.00878424
v 0.00097160 0.01940572 -0.00978009
v 0.00037947 0.02305971 -0.00926045
v 0.00190436 0.02382174 -0.00900472
v 0.00113772 0.02469992 -0.00893318
v 0.00037947 0.02454287 -0.00899782
v -0.00037928 0.02454407 -0.00899803
v 0.00037947 0.02609108 -0.00868537
f 191 192 190
f 193 192 191
f 194 192 193
f 194 195 192
f 194 196 195
f 193 196 194
f 193 191 196
f 197 196 191
f 197 198 196
f 199 198 197
f 199 200 198
f 199 191 200
f 199 197 191
f 200 191 201
f 200 201 198
f 202 198 201
f 202 203 198
f 202 201 203
f 201 190 203
f 201 191 190
f 204 203 190
f 204 205 203
f 205 190 206
f 205 204 190
f 208 207 206
f 209 207 208
f 210 207 209
f 210 211 207
f 209 208 210
f 206 190 208
f 208 190 212
f 208 212 213
f 214 208 213
f 210 208 214
f 210 214 215
f 210 215 216
f 211 210 216
f 217 211 216
f 217 216 218
f 216 219 218
f 216 215 219
f 219 215 220
f 219 221 218
f 220 221 219
f 220 222 221
f 222 220 224
f 223 222 224
f 223 224 225
f 225 226 223
f 225 227 226
f 228 227 225
f 228 230 229
f 228 225 230
f 230 225 224
f 230 212 229
f 230 213 212
f 230 224 213
f 231 213 224
f 214 213 231
f 214 231 215
f 215 231 220
f 224 220 231
f 212 190 229
f 229 190 232
f 233 229 232
f 228 229 233
f 234 228 233
f 234 227 228
f 234 226 227
f 235 226 234
f 236 226 235
f 236 223 226
f 237 223 236
f 237 222 223
f 238 221 237
f 238 239 221
f 238 237 240
f 237 236 240
f 241 238 240
f 241 239 238
f 241 242 239
f 241 240 243
f 236 243 240
f 236 235 244
f 244 243 236
f 245 246 244
f 245 247 246
f 248 245 244
f 248 244 233
f 249 248 233
f 251 249 250
f 251 250 252
f 250 249 253
f 253 249 254
f 253 254 255
f 256 253 255
f 256 257 253
f 258 257 256
f 258 252 257
f 259 252 258
f 263 259 262
f 263 260 259
f 262 264 263
f 262 258 265
f 266 262 265
f 266 264 262
f 267 264 266
f 267 268 264
f 267 269 268
f 267 270 269
f 267 266 270
f 270 266 265
f 265 256 270
f 265 258 256
f 256 255 271
f 272 271 255
f 272 232 271
f 272 255 232
f 255 233 232
f 254 233 255
f 249 233 254
f 273 271 232
f 273 274 271
f 273 275 274
f 273 276 275
f 273 232 276
f 276 232 277
f 275 276 277
f 275 277 274
f 278 274 277
f 279 274 278
f 279 280 274
f 279 281 280
f 281 279 278
f 278 277 281
f 281 277 192
f 282 281 192
f 282 280 281
f 282 195 280
f 282 192 195
f 195 196 274
f 280 195 274
f 196 203 274
f 198 203 196
f 274 203 256
f 271 274 256
f 283 256 203
f 284 256 283
f 270 256 284
f 285 270 284
f 270 285 269
f 285 286 269
f 284 286 285
f 287 286 284
f 287 288 286
f 287 284 283
f 287 283 289
f 287 289 288
f 288 289 290
f 288 292 286
f 288 291 292
f 269 286 292
f 268 269 292
f 293 268 292
f 293 294 268
f 295 294 293
f 294 295 296
f 295 297 296
f 293 298 295
f 298 293 291
f 293 292 291
f 298 291 299
f 300 298 299
f 300 302 301
f 302 217 218
f 302 303 217
f 302 300 303
f 304 303 300
f 304 305 303
f 304 306 305
f 304 290 306
f 304 299 290
f 304 300 299
f 288 290 299
f 291 288 299
f 306 290 289
f 307 306 289
f 307 308 306
f 307 283 308
f 307 289 283
f 308 283 203
f 205 308 203
f 309 308 205
f 305 308 309
f 305 309 310
f 309 311 310
f 309 205 311
f 311 205 206
f 311 206 207
f 211 311 207
f 211 310 311
f 211 217 310
f 217 303 310
f 303 305 310
f 306 308 305
f 218 301 302
f 239 218 221
f 239 301 218
f 297 301 239
f 297 312 301
f 295 312 297
f 295 298 312
f 312 298 300
f 300 301 312
f 297 242 313
f 297 313 296
f 314 294 296
f 314 264 268
f 314 268 294
f 314 315 264
f 314 296 315
f 296 313 315
f 315 313 316
f 317 242 246
f 317 316 242
f 316 313 242
f 246 242 241
f 246 241 243
f 244 246 243
f 246 261 317
f 246 247 261
f 261 318 316
f 261 316 317
f 315 316 318
f 315 318 260
f 264 315 260
f 264 260 263
f 261 260 318
f 247 260 261
f 245 248 251
f 245 251 247
f 249 251 248
f 251 252 259
f 251 259 247
f 259 260 247
f 239 242 297
f 277 232 192
f 192 232 190
f 259 258 262
f 252 250 257
f 257 250 253
f 235 233 244
f 234 233 235
f 222 237 221

o geometry_3
v 0.00568755 0.03822361 -0.00488150
v 0.00545669 0.03814639 -0.00488150
v 0.00643297 0.03796783 -0.00488150
v 0.00616390 0.03752867 -0.00524728
v 0.00568755 0.03795818 -0.00505990
v 0.00522461 0.03755280 -0.00525762
v 0.00500960 0.03780133 -0.00488150
v 0.00660530 0.03781823 -0.00488150
v 0.00642809 0.03780616 -0.00498530
v 0.00666952 0.03732839 -0.00515022
v 0.00642809 0.03707986 -0.00534659
v 0.00568755 0.03632700 -0.00577843
v 0.00568755 0.03708709 -0.00549309
v 0.00568755 0.03757934 -0.00527245
v 0.00364354 0.03304535 -0.00681961
v 0.00499822 0.03777962 -0.00488150
v 0.00714140 0.03713294 -0.00488150
v 0.00689225 0.03682166 -0.00526031
v 0.00644557 0.03632700 -0.00560273
v 0.00568755 0.03581304 -0.00593706
v 0.00364354 0.03253621 -0.00700025
v 0.00364354 0.03334939 -0.00635586
v 0.00475232 0.03708709 -0.00488150
v 0.00718570 0.03707020 -0.00488150
v 0.00736779 0.03632700 -0.00498890
v 0.00698858 0.03632700 -0.00533446
v 0.00640289 0.03555485 -0.00580809
v 0.00612122 0.03529184 -0.00599458
v 0.00568755 0.03543420 -0.00604311
v 0.00417110 0.03253621 -0.00693914
v 0.00364354 0.03177854 -0.00716382
v 0.00364354 0.03334939 -0.00559195
v 0.00473688 0.03703159 -0.00488150
v 0.00726455 0.03686992 -0.00488150
v 0.00745802 0.03632700 -0.00488150
v 0.00745355 0.03556933 -0.00506304
v 0.00707434 0.03556933 -0.00541445
v 0.00657563 0.03481165 -0.00583505
v 0.00619642 0.03481165 -0.00603547
v 0.00568755 0.03405398 -0.00631812
v 0.00568755 0.03481165 -0.00619499
v 0.00364354 0.02021795 -0.00906194
v 0.00364354 0.02052923 -0.00901745
v 0.00364354 0.02069089 -0.00899408
v 0.00364354 0.02103595 -0.00894331
v 0.00465843 0.03299950 -0.00675939
v 0.00364354 0.02999052 -0.00750444
v 0.00364354 0.03025595 -0.00745411
v 0.00364354 0.03308155 -0.00506035
v 0.00364354 0.03253621 -0.00492149
v 0.00364354 0.03225389 -0.00488150
v 0.00758320 0.03556933 -0.00488150
v 0.00747671 0.03481165 -0.00507832
v 0.00622609 0.01585528 -0.00766576
v 0.00586232 0.01585528 -0.00804458
v 0.00709750 0.03481165 -0.00545579
v 0.00548351 0.01585528 -0.00839688
v 0.00544653 0.01661537 -0.00836228
v 0.00498806 0.01585528 -0.00877569
v 0.00486775 0.01663226 -0.00878827
v 0.00457389 0.01639096 -0.00901925
v 0.00453325 0.01689769 -0.00899408
v 0.00448691 0.01737305 -0.00896802
v 0.00441050 0.01813072 -0.00892578
v 0.00433206 0.01888840 -0.00888399
v 0.00395325 0.01888840 -0.00908710
v 0.00386668 0.01964849 -0.00904216
v 0.00381018 0.02009006 -0.00901341
v 0.00364354 0.02874542 -0.00771924
v 0.00364354 0.01964849 -0.00913518
v 0.00364354 0.02950310 -0.00759162
v 0.00364354 0.02979265 -0.00488150
v 0.00760759 0.03481165 -0.00488150
v 0.00690404 0.01509761 -0.00684792
v 0.00661424 0.01509761 -0.00722673
v 0.00660530 0.01585528 -0.00719797
v 0.00623543 0.01509761 -0.00766441
v 0.00578957 0.01509761 -0.00804368
v 0.00460519 0.01541853 -0.00903857
v 0.00460884 0.01585528 -0.00904172
v 0.00423654 0.01663226 -0.00917742
v 0.00410770 0.01737305 -0.00917068
v 0.00403129 0.01813072 -0.00912889
v 0.00364354 0.01737305 -0.00938233
v 0.00364354 0.01888840 -0.00922101
v 0.00364354 0.02950551 -0.00491161
v 0.00515145 0.01434234 -0.00488150
v 0.00779537 0.01509761 -0.00488150
v 0.00764051 0.01509761 -0.00536097
v 0.00748891 0.01509761 -0.00574024
v 0.00718895 0.01509761 -0.00635002
v 0.00688331 0.01461984 -0.00681781
v 0.00617609 0.01461501 -0.00759431
v 0.00541117 0.01509761 -0.00833307
v 0.00364354 0.01569120 -0.00942143
v 0.00364354 0.01585528 -0.00945873
v 0.00417110 0.01585528 -0.00925426
v 0.00531728 0.01471394 -0.00825083
v 0.00417110 0.01531719 -0.00913069
v 0.00364354 0.01662020 -0.00945783
v 0.00364354 0.02647481 -0.00527559
v 0.00364354 0.01509761 -0.00677602
v 0.00524412 0.01389594 -0.00488150
v 0.00364354 0.02495463 -0.00547511
v 0.00771042 0.01433269 -0.00488150
v 0.00762507 0.01455951 -0.00532233
v 0.00740721 0.01432063 -0.00558161
v 0.00753890 0.01405520 -0.00512775
v 0.00701377 0.01435682 -0.00631902
v 0.00688615 0.01392007 -0.00604535
v 0.00561723 0.01455227 -0.00785494
v 0.00608546 0.01395385 -0.00674456
v 0.00364354 0.01525928 -0.00921247
v 0.00364354 0.01638372 -0.00947176
v 0.00492912 0.01467051 -0.00831419
v 0.00417110 0.01493835 -0.00877120
v 0.00364354 0.01463431 -0.00691982
v 0.00453365 0.01395385 -0.00669154
v 0.00565259 0.01371014 -0.00488150
v 0.00364354 0.01453056 -0.00699666
v 0.00364354 0.01447988 -0.00711125
v 0.00769985 0.01429650 -0.00488150
v 0.00759052 0.01397798 -0.00488150
v 0.00702719 0.01384527 -0.00559195
v 0.00644557 0.01371256 -0.00559195
v 0.00638094 0.01389353 -0.00631902
v 0.00568755 0.01385010 -0.00635002
v 0.00568755 0.01395144 -0.00675400
v 0.00492912 0.01408657 -0.00713506
v 0.00417110 0.01437854 -0.00786618
v 0.00492912 0.01441956 -0.00786618
v 0.00364354 0.01514587 -0.00910328
v 0.00417110 0.01462949 -0.00839193
v 0.00364354 0.01478633 -0.00866695
v 0.00364354 0.01488044 -0.00878198
v 0.00364354 0.01436406 -0.00763565
v 0.00453365 0.01395385 -0.00674636
v 0.00568755 0.01370049 -0.00488150
v 0.00724626 0.01376564 -0.00488150
v 0.00644557 0.01357260 -0.00488150
v 0.00492912 0.01395144 -0.00675580
v 0.00364354 0.01455227 -0.00824319
v 0.00364354 0.01440991 -0.00786618
v 0.00364354 0.01462949 -0.00840317
v 0.00639761 0.01357502 -0.00488150
f 319 320 325
f 319 325 334
f 319 334 341
f 319 341 351
f 319 351 369
f 319 369 390
f 319 390 405
f 319 405 421
f 319 421 437
f 319 437 456
f 319 456 463
f 319 463 458
f 319 458 457
f 319 457 441
f 319 441 440
f 319 440 423
f 319 423 406
f 319 406 391
f 319 391 370
f 319 370 353
f 319 353 352
f 319 352 342
f 319 342 335
f 319 335 326
f 319 326 321
f 319 321 322
f 319 322 323
f 319 323 324
f 319 324 320
f 320 324 325
f 321 326 327
f 321 327 322
f 322 328 329
f 322 329 330
f 322 330 331
f 322 331 332
f 322 332 323
f 322 327 328
f 323 332 324
f 324 332 331
f 324 331 333
f 324 333 325
f 325 333 334
f 326 335 328
f 326 328 327
f 328 335 336
f 328 336 329
f 329 336 337
f 329 337 330
f 330 337 338
f 330 338 339
f 330 339 333
f 330 333 331
f 333 339 349
f 333 349 366
f 333 366 365
f 333 365 389
f 333 389 387
f 333 387 363
f 333 363 362
f 333 362 361
f 333 361 360
f 333 360 388
f 333 388 403
f 333 403 402
f 333 402 418
f 333 418 432
f 333 432 414
f 333 414 413
f 333 413 431
f 333 431 450
f 333 450 453
f 333 453 452
f 333 452 462
f 333 462 460
f 333 460 461
f 333 461 454
f 333 454 439
f 333 439 438
f 333 438 435
f 333 435 420
f 333 420 422
f 333 422 419
f 333 419 404
f 333 404 390
f 333 390 369
f 333 369 368
f 333 368 367
f 333 367 350
f 333 350 340
f 333 340 334
f 334 340 341
f 335 342 336
f 336 342 343
f 336 343 344
f 336 344 337
f 337 345 346
f 337 346 338
f 337 344 345
f 338 346 347
f 338 347 339
f 339 347 348
f 339 348 349
f 340 350 341
f 341 350 351
f 342 352 343
f 343 353 354
f 343 354 355
f 343 355 344
f 343 352 353
f 344 355 356
f 344 356 345
f 345 356 357
f 345 357 346
f 346 358 359
f 346 359 347
f 346 357 360
f 346 360 361
f 346 361 362
f 346 362 363
f 346 363 358
f 347 359 348
f 348 359 364
f 348 364 365
f 348 365 366
f 348 366 349
f 350 367 351
f 351 367 368
f 351 368 369
f 353 370 354
f 354 370 371
f 354 371 372
f 354 372 373
f 354 373 374
f 354 374 355
f 355 374 375
f 355 375 376
f 355 376 377
f 355 377 378
f 355 378 379
f 355 379 356
f 356 379 380
f 356 380 381
f 356 381 382
f 356 382 383
f 356 383 384
f 356 384 357
f 357 384 385
f 357 385 386
f 357 386 360
f 358 387 359
f 358 363 387
f 359 387 364
f 360 386 388
f 364 387 389
f 364 389 365
f 370 391 371
f 371 391 392
f 371 392 393
f 371 393 394
f 371 394 372
f 372 394 393
f 372 393 395
f 372 395 373
f 373 395 375
f 373 375 374
f 375 395 396
f 375 396 397
f 375 397 377
f 375 377 376
f 377 397 398
f 377 398 379
f 377 379 378
f 379 398 399
f 379 399 380
f 380 399 400
f 380 400 381
f 381 400 401
f 381 401 382
f 382 401 384
f 382 384 383
f 384 401 402
f 384 402 403
f 384 403 385
f 385 403 388
f 385 388 386
f 390 404 405
f 391 406 407
f 391 407 408
f 391 408 409
f 391 409 392
f 392 409 410
f 392 410 393
f 393 410 395
f 395 410 411
f 395 411 396
f 396 411 412
f 396 412 397
f 397 413 414
f 397 414 415
f 397 415 398
f 397 412 411
f 397 411 416
f 397 416 417
f 397 417 413
f 398 415 399
f 399 418 400
f 399 415 418
f 400 402 401
f 400 418 402
f 404 419 405
f 405 420 421
f 405 419 422
f 405 422 420
f 406 423 424
f 406 424 407
f 407 424 408
f 408 424 409
f 409 424 410
f 410 424 425
f 410 425 426
f 410 426 427
f 410 427 428
f 410 428 411
f 411 429 416
f 411 428 430
f 411 430 429
f 413 417 431
f 414 432 415
f 415 432 418
f 416 429 430
f 416 430 433
f 416 433 417
f 417 433 434
f 417 434 431
f 420 435 421
f 421 436 437
f 421 435 438
f 421 438 439
f 421 439 436
f 423 440 424
f 424 440 426
f 424 426 425
f 426 440 441
f 426 441 428
f 426 428 427
f 428 441 442
f 428 442 443
f 428 443 444
f 428 444 430
f 430 444 443
f 430 443 445
f 430 445 446
f 430 446 447
f 430 447 448
f 430 448 449
f 430 449 433
f 431 434 450
f 433 449 451
f 433 451 434
f 434 451 452
f 434 452 453
f 434 453 450
f 436 454 455
f 436 455 456
f 436 456 437
f 436 439 454
f 441 457 442
f 442 457 458
f 442 458 443
f 443 458 445
f 445 455 459
f 445 459 446
f 445 458 455
f 446 459 447
f 447 459 455
f 447 455 448
f 448 460 451
f 448 451 449
f 448 455 461
f 448 461 460
f 451 460 462
f 451 462 452
f 454 461 455
f 455 458 463
f 455 463 456

o geometry_4
v -0.00568760 0.03882446 -0.00443929
v -0.00554153 0.03877727 -0.00443929
v -0.00510981 0.03842212 -0.00461017
v -0.00568760 0.03851650 -0.00468124
v -0.00644554 0.03841467 -0.00460092
v -0.00644554 0.03861087 -0.00443929
v -0.00503921 0.03850159 -0.00443929
v -0.00521693 0.03756033 -0.00526301
v -0.00375461 0.03304769 -0.00681600
v -0.00568760 0.03796763 -0.00506049
v -0.00688984 0.03828801 -0.00450355
v -0.00617572 0.03753301 -0.00524938
v -0.00643540 0.03780868 -0.00499136
v -0.00692392 0.03831781 -0.00443929
v -0.00479090 0.03783600 -0.00443929
v -0.00375461 0.03322403 -0.00661640
v -0.00568760 0.03708597 -0.00549912
v -0.00568760 0.03758765 -0.00527810
v -0.00375461 0.03276705 -0.00692505
v -0.00668128 0.03733680 -0.00515347
v -0.00703347 0.03784345 -0.00463645
v -0.00722215 0.03784345 -0.00443929
v -0.00643540 0.03708597 -0.00534918
v -0.00568760 0.03632848 -0.00577856
v -0.00464564 0.03708597 -0.00443929
v -0.00375461 0.03311723 -0.00501911
v -0.00375461 0.03327370 -0.00528053
v -0.00375461 0.03339043 -0.00559162
v -0.00375461 0.03341030 -0.00591196
v -0.00375461 0.03336807 -0.00635789
v -0.00375461 0.03253608 -0.00698688
v -0.00568760 0.03543440 -0.00604291
v -0.00568760 0.03581190 -0.00593678
v -0.00689471 0.03683264 -0.00526203
v -0.00721930 0.03710087 -0.00483898
v -0.00751510 0.03734426 -0.00443929
v -0.00644554 0.03632848 -0.00560476
v -0.00411127 0.03177859 -0.00443929
v -0.00375461 0.03177859 -0.00474258
v -0.00375461 0.03207414 -0.00478640
v -0.00375461 0.03253608 -0.00486965
v -0.00375461 0.03275960 -0.00492466
v -0.00375461 0.03212133 -0.00708571
v -0.00417091 0.03253608 -0.00693917
v -0.00568760 0.03481102 -0.00619578
v -0.00612135 0.03529283 -0.00599472
v -0.00699087 0.03632848 -0.00533555
v -0.00736984 0.03632848 -0.00499233
v -0.00763236 0.03686244 -0.00452400
v -0.00764575 0.03691212 -0.00443929
v -0.00640253 0.03555609 -0.00580777
v -0.00406826 0.03101862 -0.00443929
v -0.00375461 0.03101862 -0.00468806
v -0.00375461 0.03136136 -0.00722835
v -0.00466106 0.03300051 -0.00676099
v -0.00375461 0.02984638 -0.00750487
v -0.00568760 0.03405354 -0.00631797
v -0.00619641 0.03481102 -0.00603561
v -0.00375461 0.02063485 -0.00895417
v -0.00375461 0.02013317 -0.00902914
v -0.00657538 0.03481102 -0.00583406
v -0.00707445 0.03556851 -0.00541393
v -0.00768592 0.03632848 -0.00461309
v -0.00745342 0.03556851 -0.00506438
v -0.00768997 0.03659919 -0.00443929
v -0.00523641 0.01412296 -0.00443929
v -0.00375461 0.03057407 -0.00472068
v -0.00375461 0.02929752 -0.00759883
v -0.00375461 0.02840343 -0.00774196
v -0.00375461 0.02002886 -0.00904375
v -0.00381020 0.02009095 -0.00901308
v -0.00386660 0.01964640 -0.00904180
v -0.00395302 0.01888891 -0.00908708
v -0.00433199 0.01888891 -0.00888407
v -0.00441030 0.01813142 -0.00892545
v -0.00448658 0.01737146 -0.00896780
v -0.00453325 0.01688468 -0.00899409
v -0.00486515 0.01662390 -0.00878816
v -0.00498322 0.01585648 -0.00877550
v -0.00540358 0.01737146 -0.00832518
v -0.00544699 0.01661397 -0.00836267
v -0.00548310 0.01585648 -0.00839626
v -0.00709799 0.03481102 -0.00545482
v -0.00771919 0.03556851 -0.00468514
v -0.00586207 0.01585648 -0.00804525
v -0.00622603 0.01585648 -0.00766601
v -0.00747696 0.03481102 -0.00508093
v -0.00771919 0.03556851 -0.00443929
v -0.00527374 0.01390937 -0.00443929
v -0.00375461 0.01473391 -0.00673957
v -0.00375461 0.02447692 -0.00545774
v -0.00375461 0.02517729 -0.00536914
v -0.00375461 0.02911622 -0.00488425
v -0.00375461 0.02986377 -0.00479224
v -0.00375461 0.03026114 -0.00474794
v -0.00375461 0.01946013 -0.00911044
v -0.00375461 0.01861075 -0.00920343
v -0.00375461 0.01779118 -0.00928911
v -0.00403093 0.01813142 -0.00912894
v -0.00410761 0.01737146 -0.00917032
v -0.00423664 0.01662390 -0.00917519
v -0.00456976 0.01638051 -0.00901648
v -0.00460385 0.01585648 -0.00903790
v -0.00460222 0.01542186 -0.00903644
v -0.00578985 0.01509651 -0.00804428
v -0.00623334 0.01509651 -0.00766504
v -0.00690160 0.01509651 -0.00684278
v -0.00718725 0.01509651 -0.00635010
v -0.00772365 0.03481102 -0.00470169
v -0.00789934 0.01509651 -0.00443929
v -0.00661230 0.01509651 -0.00722105
v -0.00660541 0.01585648 -0.00719622
v -0.00571519 0.01361879 -0.00443929
v -0.00453446 0.01395407 -0.00669381
v -0.00375461 0.01442347 -0.00709837
v -0.00375461 0.01469169 -0.00676294
v -0.00375461 0.01698650 -0.00937041
v -0.00375461 0.01661894 -0.00940303
v -0.00417091 0.01585648 -0.00924919
v -0.00417091 0.01532003 -0.00912894
v -0.00531756 0.01471404 -0.00825070
v -0.00541088 0.01509651 -0.00833249
v -0.00375461 0.01585648 -0.00941277
v -0.00617369 0.01461470 -0.00759445
v -0.00688172 0.01462464 -0.00681308
v -0.00762587 0.01455758 -0.00532338
v -0.00748953 0.01509651 -0.00574400
v -0.00764250 0.01509651 -0.00536476
v -0.00781089 0.01509651 -0.00483362
v -0.00783807 0.01432909 -0.00443929
v -0.00644554 0.01345239 -0.00443929
v -0.00453446 0.01395407 -0.00674639
v -0.00375461 0.01440360 -0.00786610
v -0.00375461 0.01527285 -0.00919467
v -0.00417091 0.01494005 -0.00877112
v -0.00492926 0.01466934 -0.00831399
v -0.00608077 0.01395407 -0.00674054
v -0.00561700 0.01455013 -0.00785490
v -0.00688172 0.01392427 -0.00603999
v -0.00701034 0.01435889 -0.00631554
v -0.00753944 0.01405342 -0.00512962
v -0.00740473 0.01431916 -0.00558237
v -0.00771513 0.01431916 -0.00485942
v -0.00764534 0.01389695 -0.00462428
v -0.00774597 0.01404596 -0.00443929
v -0.00719537 0.01359147 -0.00443929
v -0.00644554 0.01371068 -0.00559162
v -0.00568760 0.01384728 -0.00635010
v -0.00492926 0.01408322 -0.00713098
v -0.00417091 0.01437380 -0.00786610
v -0.00492926 0.01395159 -0.00675223
v -0.00375461 0.01462960 -0.00840064
v -0.00375461 0.01489286 -0.00877988
v -0.00417091 0.01462960 -0.00839188
v -0.00492926 0.01441353 -0.00786610
v -0.00568760 0.01395407 -0.00674785
v -0.00637819 0.01389447 -0.00631554
v -0.00702414 0.01384976 -0.00559162
v -0.00767780 0.01385225 -0.00443929
f 464 465 466
f 464 466 467
f 464 467 468
f 464 468 469
f 464 469 477
f 464 477 485
f 464 485 499
f 464 499 513
f 464 513 528
f 464 528 551
f 464 551 573
f 464 573 593
f 464 593 608
f 464 608 622
f 464 622 609
f 464 609 594
f 464 594 576
f 464 576 552
f 464 552 529
f 464 529 515
f 464 515 501
f 464 501 488
f 464 488 478
f 464 478 470
f 464 470 465
f 465 470 466
f 466 471 467
f 466 470 472
f 466 472 471
f 467 471 473
f 467 473 468
f 468 474 469
f 468 473 475
f 468 475 476
f 468 476 474
f 469 474 477
f 470 478 479
f 470 479 472
f 471 480 481
f 471 481 473
f 471 472 482
f 471 482 480
f 472 479 493
f 472 493 492
f 472 492 491
f 472 491 490
f 472 490 489
f 472 489 505
f 472 505 504
f 472 504 503
f 472 503 502
f 472 502 516
f 472 516 530
f 472 530 558
f 472 558 557
f 472 557 556
f 472 556 555
f 472 555 554
f 472 554 553
f 472 553 579
f 472 579 578
f 472 578 596
f 472 596 615
f 472 615 616
f 472 616 597
f 472 597 586
f 472 586 581
f 472 581 580
f 472 580 561
f 472 561 560
f 472 560 559
f 472 559 533
f 472 533 523
f 472 523 522
f 472 522 532
f 472 532 531
f 472 531 519
f 472 519 517
f 472 517 506
f 472 506 494
f 472 494 482
f 473 481 475
f 474 476 483
f 474 483 484
f 474 484 485
f 474 485 477
f 475 486 483
f 475 483 476
f 475 481 480
f 475 480 487
f 475 487 486
f 478 488 489
f 478 489 490
f 478 490 491
f 478 491 492
f 478 492 493
f 478 493 479
f 480 482 487
f 482 494 495
f 482 495 496
f 482 496 487
f 483 486 497
f 483 497 484
f 484 497 498
f 484 498 499
f 484 499 485
f 486 487 500
f 486 500 497
f 487 496 500
f 488 501 502
f 488 502 503
f 488 503 504
f 488 504 505
f 488 505 489
f 494 506 507
f 494 507 495
f 495 508 509
f 495 509 496
f 495 507 508
f 496 509 500
f 497 500 510
f 497 510 511
f 497 511 498
f 498 511 512
f 498 512 499
f 499 512 513
f 500 509 514
f 500 514 510
f 501 515 516
f 501 516 502
f 506 517 507
f 507 518 508
f 507 517 519
f 507 519 518
f 508 520 509
f 508 518 520
f 509 521 514
f 509 520 522
f 509 522 523
f 509 523 521
f 510 514 524
f 510 524 525
f 510 525 511
f 511 526 512
f 511 525 527
f 511 527 526
f 512 526 528
f 512 528 513
f 514 521 524
f 515 529 516
f 516 529 530
f 518 519 531
f 518 531 520
f 520 531 532
f 520 532 522
f 521 523 533
f 521 533 534
f 521 534 535
f 521 535 536
f 521 536 524
f 524 536 537
f 524 537 538
f 524 538 539
f 524 539 540
f 524 540 525
f 525 540 541
f 525 541 542
f 525 542 543
f 525 543 544
f 525 544 545
f 525 545 546
f 525 546 527
f 526 527 547
f 526 547 528
f 527 546 548
f 527 548 549
f 527 549 550
f 527 550 547
f 528 547 551
f 529 552 553
f 529 553 554
f 529 554 555
f 529 555 556
f 529 556 557
f 529 557 558
f 529 558 530
f 533 559 535
f 533 535 534
f 535 559 560
f 535 560 536
f 536 560 561
f 536 561 562
f 536 562 537
f 537 562 538
f 538 562 539
f 539 562 563
f 539 563 540
f 540 563 564
f 540 564 565
f 540 565 541
f 541 565 542
f 542 545 544
f 542 544 543
f 542 565 566
f 542 566 567
f 542 567 545
f 545 548 546
f 545 567 568
f 545 568 569
f 545 569 548
f 547 550 570
f 547 570 571
f 547 571 572
f 547 572 573
f 547 573 551
f 548 569 549
f 549 569 574
f 549 574 575
f 549 575 550
f 550 575 570
f 552 576 577
f 552 577 578
f 552 578 579
f 552 579 553
f 561 580 562
f 562 580 563
f 563 580 581
f 563 581 564
f 564 581 582
f 564 582 566
f 564 566 565
f 566 582 567
f 567 583 584
f 567 584 585
f 567 585 568
f 567 582 586
f 567 586 583
f 568 585 587
f 568 587 569
f 569 587 588
f 569 588 574
f 570 575 574
f 570 574 588
f 570 588 571
f 571 588 589
f 571 589 590
f 571 590 572
f 572 590 591
f 572 591 592
f 572 592 573
f 573 592 593
f 576 594 595
f 576 595 577
f 577 595 596
f 577 596 578
f 581 586 582
f 583 586 597
f 583 597 598
f 583 598 599
f 583 599 584
f 584 599 600
f 584 600 601
f 584 601 587
f 584 587 585
f 587 601 600
f 587 600 602
f 587 602 588
f 588 602 603
f 588 603 604
f 588 604 605
f 588 605 589
f 589 592 591
f 589 591 590
f 589 605 604
f 589 604 606
f 589 606 593
f 589 593 592
f 593 606 607
f 593 607 608
f 594 609 610
f 594 610 611
f 594 611 595
f 595 612 613
f 595 613 596
f 595 611 614
f 595 614 612
f 596 613 615
f 597 616 598
f 598 616 617
f 598 617 599
f 599 617 618
f 599 618 600
f 600 618 613
f 600 613 612
f 600 612 619
f 600 619 611
f 600 611 610
f 600 610 620
f 600 620 602
f 602 620 610
f 602 610 609
f 602 609 621
f 602 621 607
f 602 607 604
f 602 604 603
f 604 607 606
f 607 621 622
f 607 622 608
f 609 622 621
f 611 619 614
f 612 614 619
f 613 618 617
f 613 617 615
f 615 617 616

o geometry_5
v -0.00271123 -0.00001313 0.00146381
v -0.00265419 -0.00001313 0.00146381
v -0.00341228 -0.00001313 0.00147372
v -0.00407282 0.00145461 0.00002703
v -0.00341228 0.00144887 0.00002703
v -0.00310262 0.00144835 0.00002703
v -0.00214057 -0.00001313 0.00152445
v -0.00265419 0.00145096 0.00002703
v -0.00407282 -0.00001313 0.00148655
v -0.00407282 0.00265350 0.00002703
v -0.00209415 -0.00001313 0.00153611
v -0.00197537 0.00163994 0.00002703
v -0.00407282 -0.00001313 0.00505984
v -0.00155065 0.00265350 0.00002703
v -0.00407282 0.00265350 0.00555665
v -0.00177412 -0.00001313 0.00195129
v -0.00177066 0.00196701 0.00002703
v -0.00339104 -0.00001313 0.00544353
v -0.00380194 0.00025312 0.00541262
v -0.00407282 0.00006753 0.00510532
v -0.00155040 0.00265350 0.00048360
v -0.00158299 -0.00001313 0.00275015
v -0.00159090 -0.00001313 0.00269359
v -0.00158052 0.00247313 0.00002703
v -0.00407282 0.00068851 0.00521436
v -0.00401233 0.00265350 0.00561554
v -0.00174819 -0.00001313 0.00199211
v -0.00162942 0.00220480 0.00002703
v -0.00336906 -0.00001313 0.00544761
v -0.00341228 0.00265350 0.00590418
v -0.00364143 0.00265350 0.00580214
v -0.00155040 0.00265350 0.00427498
v -0.00158299 -0.00001313 0.00426623
v -0.00265419 -0.00001313 0.00550475
v -0.00265419 0.00068851 0.00563304
v -0.00265419 0.00144652 0.00577065
v -0.00265419 0.00220480 0.00590651
v -0.00265419 0.00265350 0.00598290
v -0.00155558 0.00265350 0.00502485
v -0.00161584 0.00144652 0.00502485
v -0.00167633 0.00068851 0.00502485
v -0.00179832 -0.00001313 0.00502485
v -0.00214427 -0.00001313 0.00545460
v -0.00202254 0.00068851 0.00551933
v -0.00196179 0.00144652 0.00558930
v -0.00187635 0.00265350 0.00569018
f 623 624 629
f 623 629 633
f 623 633 638
f 623 638 649
f 623 649 645
f 623 645 644
f 623 644 655
f 623 655 664
f 623 664 665
f 623 665 656
f 623 656 651
f 623 651 640
f 623 640 635
f 623 635 631
f 623 631 625
f 623 625 626
f 623 626 627
f 623 627 628
f 623 628 624
f 624 628 630
f 624 630 629
f 625 631 626
f 626 632 636
f 626 636 646
f 626 646 650
f 626 650 639
f 626 639 634
f 626 634 630
f 626 630 628
f 626 628 627
f 626 631 635
f 626 635 642
f 626 642 647
f 626 647 637
f 626 637 632
f 629 630 633
f 630 634 633
f 632 637 648
f 632 648 653
f 632 653 652
f 632 652 660
f 632 660 668
f 632 668 661
f 632 661 654
f 632 654 643
f 632 643 636
f 633 634 638
f 634 639 638
f 635 640 641
f 635 641 642
f 636 643 644
f 636 644 645
f 636 645 646
f 637 647 641
f 637 641 648
f 638 639 649
f 639 650 649
f 640 651 652
f 640 652 641
f 641 652 653
f 641 653 648
f 641 647 642
f 643 654 655
f 643 655 644
f 645 649 650
f 645 650 646
f 651 656 657
f 651 657 658
f 651 658 659
f 651 659 652
f 652 659 660
f 654 661 655
f 655 661 662
f 655 662 663
f 655 663 664
f 656 665 657
f 657 665 658
f 658 665 659
f 659 665 660
f 660 665 666
f 660 666 667
f 660 667 668
f 661 668 662
f 662 668 663
f 663 668 667
f 663 667 666
f 663 666 664
f 664 666 665

o geometry_6
v 0.00811708 0.00980160 0.00123415
v 0.00811708 0.00751330 0.00123415
v 0.00811708 0.00980160 -0.00104099
v 0.00809086 0.00980160 0.00197848
v 0.00809324 0.00902966 0.00199223
v 0.00809801 0.00751330 0.00199223
v 0.00810039 0.00675492 0.00199223
v 0.00810437 0.00675492 0.00123415
v 0.00811708 0.00751330 -0.00104099
v 0.00791847 0.00980160 -0.00179907
v 0.00809006 0.00980160 0.00199223
v 0.00801380 0.00675492 0.00274939
v 0.00791529 0.00599654 0.00274939
v 0.00807577 0.00675492 -0.00028291
v 0.00800506 0.00675492 -0.00104099
v 0.00788987 0.00751330 -0.00179907
v 0.00791847 0.00827128 -0.00179907
v 0.00791370 0.00980160 -0.00180732
v 0.00798600 0.00980160 0.00273564
v 0.00798441 0.00978804 0.00274939
v 0.00799394 0.00902966 0.00274939
v 0.00800188 0.00827128 0.00274939
v 0.00800824 0.00751330 0.00274939
v 0.00780407 0.00675492 0.00350746
v 0.00778660 0.00599654 0.00350746
v 0.00772701 0.00572606 0.00350746
v 0.00778739 0.00572606 0.00315180
v 0.00779772 0.00572606 0.00274939
v 0.00780884 0.00614933 -0.00028291
v 0.00773814 0.00622632 -0.00104099
v 0.00764280 0.00632127 -0.00148924
v 0.00772940 0.00682433 -0.00176515
v 0.00759037 0.00712353 -0.00218406
v 0.00762294 0.00751330 -0.00220790
v 0.00765154 0.00827128 -0.00222989
v 0.00765154 0.00980160 -0.00222989
v 0.00798361 0.00980160 0.00274939
v 0.00776753 0.00980160 0.00349463
v 0.00776435 0.00978804 0.00350746
v 0.00777865 0.00902966 0.00350746
v 0.00779136 0.00827128 0.00350746
v 0.00779851 0.00751330 0.00350746
v 0.00762215 0.00751330 0.00396213
v 0.00762374 0.00675492 0.00396488
v 0.00762374 0.00599654 0.00396213
v 0.00761500 0.00572606 0.00394563
v 0.00767776 0.00572606 0.00376963
v 0.00776515 0.00572606 0.00233048
v 0.00772066 0.00572606 0.00208664
v 0.00720349 0.00585571 -0.00028291
v 0.00720349 0.00600332 -0.00104099
v 0.00388279 0.00572606 -0.00224823
v 0.00720349 0.00667872 -0.00194940
v 0.00720349 0.00705771 -0.00221890
v 0.00720349 0.00751330 -0.00230414
v 0.00341249 0.00572606 -0.00239214
v 0.00720349 0.00827128 -0.00234906
v 0.00764360 0.00980160 -0.00223264
v 0.00776356 0.00980160 0.00350746
v 0.00760626 0.00980160 0.00391996
v 0.00760388 0.00978804 0.00392729
v 0.00761182 0.00902966 0.00394288
v 0.00761818 0.00827128 0.00395571
v 0.00740050 0.00827128 0.00433429
v 0.00740130 0.00751330 0.00434070
v 0.00739892 0.00675492 0.00434346
v 0.00739097 0.00599654 0.00434162
v 0.00724718 0.00572606 0.00451670
v 0.00758958 0.00572606 0.00176490
v 0.00479797 0.00572606 -0.00158548
v 0.00721620 0.00572606 0.00099857
v 0.00265461 0.00572606 -0.00246731
v 0.00644561 0.00751330 -0.00237014
v 0.00644561 0.00827128 -0.00241689
v 0.00720349 0.00980160 -0.00234906
v 0.00760308 0.00980160 0.00392729
v 0.00739256 0.00980160 0.00429946
v 0.00739494 0.00902966 0.00432237
v 0.00700965 0.00980160 0.00488337
v 0.00701600 0.00902966 0.00488612
v 0.00702077 0.00827128 0.00488887
v 0.00702156 0.00751330 0.00488520
v 0.00701998 0.00675492 0.00487695
v 0.00701203 0.00599654 0.00486137
v 0.00700329 0.00572606 0.00485128
v 0.00189594 0.00572606 -0.00246823
v 0.00644561 0.00980160 -0.00241689
v 0.00738859 0.00980160 0.00430587
v 0.00669506 0.00980160 0.00526286
v 0.00669506 0.00902966 0.00526561
v 0.00669347 0.00827128 0.00526836
v 0.00668632 0.00751330 0.00526470
v 0.00667361 0.00675492 0.00525645
v 0.00664898 0.00599654 0.00524086
v 0.00663547 0.00572606 0.00523078
v 0.00000124 0.00572606 -0.00246823
v 0.00568693 0.00978804 -0.00241598
v 0.00568693 0.00980160 -0.00241506
v 0.00632327 0.00980160 0.00561028
v 0.00631612 0.00902966 0.00561394
v 0.00631373 0.00827128 0.00560753
v 0.00630738 0.00751330 0.00559744
v 0.00629387 0.00675492 0.00558186
v 0.00627004 0.00599654 0.00555711
v 0.00625574 0.00572606 0.00554519
v 0.00000124 0.00751330 -0.00241689
v 0.00000124 0.00572606 0.00644077
v 0.00000124 0.00827128 -0.00239489
v 0.00000124 0.00875080 -0.00227573
v 0.00495129 0.00980160 -0.00230781
v 0.00631612 0.00980160 0.00561669
v 0.00631612 0.00978804 0.00561669
v 0.00581483 0.00978804 0.00599619
v 0.00580053 0.00902966 0.00599344
v 0.00578067 0.00827128 0.00598611
v 0.00575366 0.00751330 0.00597694
v 0.00571235 0.00675492 0.00596136
v 0.00561146 0.00607154 0.00596686
v 0.00564244 0.00572606 0.00591644
v 0.00265461 0.00572606 0.00644077
v 0.00189594 0.00599654 0.00647743
v 0.00037938 0.00599654 0.00647652
v 0.00000124 0.00599654 0.00647560
v 0.00000124 0.00888404 -0.00179907
v 0.00000124 0.00980160 0.00301705
v 0.00581483 0.00980160 0.00599619
v 0.00543589 0.00980160 0.00623727
v 0.00542080 0.00902966 0.00622535
v 0.00540094 0.00827128 0.00621252
v 0.00537472 0.00751330 0.00619694
v 0.00533341 0.00675492 0.00617494
v 0.00530799 0.00637433 0.00616210
v 0.00523173 0.00586888 0.00613735
v 0.00520710 0.00572606 0.00613002
v 0.00341249 0.00572606 0.00643618
v 0.00265461 0.00599654 0.00647652
v 0.00265461 0.00675492 0.00657185
v 0.00000124 0.00675492 0.00657093
v 0.00000124 0.00980160 0.00689543
v 0.00492905 0.00980160 0.00647010
v 0.00492905 0.00902966 0.00643985
v 0.00492905 0.00827128 0.00640593
v 0.00492905 0.00751330 0.00636560
v 0.00492905 0.00675492 0.00631335
v 0.00495924 0.00607154 0.00624277
v 0.00486947 0.00572606 0.00623360
v 0.00417037 0.00572606 0.00638302
v 0.00341249 0.00599654 0.00647193
v 0.00265461 0.00751330 0.00666076
v 0.00000124 0.00751330 0.00666076
v 0.00000124 0.00973857 0.00688993
v 0.00189594 0.00980160 0.00689635
v 0.00417037 0.00980160 0.00672218
v 0.00417037 0.00902966 0.00667543
v 0.00417037 0.00827128 0.00662593
v 0.00417037 0.00751330 0.00656452
v 0.00417037 0.00675492 0.00649393
v 0.00417037 0.00599654 0.00641510
v 0.00341249 0.00675492 0.00655993
v 0.00000124 0.00789348 0.00670293
v 0.00341249 0.00751330 0.00664518
v 0.00265461 0.00827128 0.00674418
v 0.00000124 0.00902966 0.00682210
v 0.00265461 0.00975971 0.00688993
v 0.00265461 0.00980160 0.00689360
v 0.00189594 0.00902966 0.00682210
v 0.00265461 0.00902966 0.00682118
v 0.00401626 0.00980160 0.00674876
v 0.00334497 0.00980160 0.00686060
v 0.00341249 0.00902966 0.00679093
v 0.00341249 0.00827128 0.00672310
v 0.00000124 0.00827128 0.00674418
v 0.00000124 0.00865146 0.00678360
v 0.00269433 0.00980160 0.00689268
v 0.00329095 0.00980160 0.00686335
f 669 670 677
f 669 677 671
f 669 671 678
f 669 678 686
f 669 686 704
f 669 704 726
f 669 726 743
f 669 743 755
f 669 755 766
f 669 766 778
f 669 778 793
f 669 793 807
f 669 807 820
f 669 820 833
f 669 833 842
f 669 842 843
f 669 843 837
f 669 837 836
f 669 836 821
f 669 821 808
f 669 808 795
f 669 795 794
f 669 794 779
f 669 779 767
f 669 767 757
f 669 757 747
f 669 747 756
f 669 756 745
f 669 745 744
f 669 744 728
f 669 728 727
f 669 727 706
f 669 706 705
f 669 705 687
f 669 687 679
f 669 679 672
f 669 672 673
f 669 673 674
f 669 674 675
f 669 675 670
f 670 676 677
f 670 675 676
f 671 677 685
f 671 685 678
f 672 679 673
f 673 679 680
f 673 680 674
f 674 680 675
f 675 680 681
f 675 681 676
f 676 682 677
f 676 681 682
f 677 682 683
f 677 683 684
f 677 684 685
f 678 685 686
f 679 687 688
f 679 688 689
f 679 689 690
f 679 690 691
f 679 691 680
f 680 691 710
f 680 710 692
f 680 692 693
f 680 693 681
f 681 693 694
f 681 694 695
f 681 695 696
f 681 696 682
f 682 697 683
f 682 696 697
f 683 697 698
f 683 698 699
f 683 699 700
f 683 700 684
f 684 700 701
f 684 701 702
f 684 702 703
f 684 703 685
f 685 703 686
f 686 703 704
f 687 705 688
f 688 705 706
f 688 706 707
f 688 707 708
f 688 708 709
f 688 709 689
f 689 709 690
f 690 709 710
f 690 710 691
f 692 710 711
f 692 711 712
f 692 712 713
f 692 713 693
f 693 713 714
f 693 714 715
f 693 715 694
f 694 715 714
f 694 714 736
f 694 736 753
f 694 753 763
f 694 763 773
f 694 773 787
f 694 787 802
f 694 802 814
f 694 814 815
f 694 815 803
f 694 803 788
f 694 788 775
f 694 775 764
f 694 764 754
f 694 754 740
f 694 740 724
f 694 724 720
f 694 720 738
f 694 738 739
f 694 739 737
f 694 737 717
f 694 717 716
f 694 716 696
f 694 696 695
f 696 716 697
f 697 716 717
f 697 717 698
f 698 718 719
f 698 719 699
f 698 717 718
f 699 719 720
f 699 720 721
f 699 721 701
f 699 701 700
f 701 722 723
f 701 723 702
f 701 721 720
f 701 720 724
f 701 724 722
f 702 723 725
f 702 725 703
f 703 726 704
f 703 725 726
f 706 727 707
f 707 727 728
f 707 728 729
f 707 729 708
f 708 729 730
f 708 730 709
f 709 730 731
f 709 731 710
f 710 731 711
f 711 731 732
f 711 732 733
f 711 733 712
f 712 733 734
f 712 734 713
f 713 734 735
f 713 735 714
f 714 735 736
f 717 737 718
f 718 738 719
f 718 737 739
f 718 739 738
f 719 738 720
f 722 724 723
f 723 724 740
f 723 740 741
f 723 741 742
f 723 742 725
f 725 742 755
f 725 755 743
f 725 743 726
f 728 744 729
f 729 744 745
f 729 745 730
f 730 745 746
f 730 746 731
f 731 746 732
f 732 746 747
f 732 747 748
f 732 748 749
f 732 749 733
f 733 749 734
f 734 749 750
f 734 750 751
f 734 751 735
f 735 751 752
f 735 752 753
f 735 753 736
f 740 754 755
f 740 755 742
f 740 742 741
f 745 756 746
f 746 756 747
f 747 757 748
f 748 757 749
f 749 757 758
f 749 758 759
f 749 759 750
f 750 759 751
f 751 759 760
f 751 760 761
f 751 761 752
f 752 761 762
f 752 762 753
f 753 762 763
f 754 764 755
f 755 764 765
f 755 765 766
f 757 767 758
f 758 767 759
f 759 767 768
f 759 768 769
f 759 769 760
f 760 769 770
f 760 770 761
f 761 770 771
f 761 771 762
f 762 771 772
f 762 772 763
f 763 772 773
f 764 774 765
f 764 775 791
f 764 791 806
f 764 806 818
f 764 818 828
f 764 828 840
f 764 840 841
f 764 841 831
f 764 831 819
f 764 819 807
f 764 807 793
f 764 793 792
f 764 792 777
f 764 777 776
f 764 776 774
f 765 776 766
f 765 774 776
f 766 776 777
f 766 777 778
f 767 779 780
f 767 780 768
f 768 780 781
f 768 781 769
f 769 781 782
f 769 782 770
f 770 782 783
f 770 783 771
f 771 783 784
f 771 784 772
f 772 784 785
f 772 785 773
f 773 785 786
f 773 786 787
f 775 788 789
f 775 789 790
f 775 790 791
f 777 792 778
f 778 792 793
f 779 794 781
f 779 781 780
f 781 794 795
f 781 795 782
f 782 795 783
f 783 795 796
f 783 796 797
f 783 797 784
f 784 797 798
f 784 798 785
f 785 798 799
f 785 799 800
f 785 800 786
f 786 800 787
f 787 800 801
f 787 801 802
f 788 803 816
f 788 816 804
f 788 804 789
f 789 804 805
f 789 805 806
f 789 806 790
f 790 806 791
f 795 808 796
f 796 808 797
f 797 808 798
f 798 808 809
f 798 809 810
f 798 810 799
f 799 810 811
f 799 811 800
f 800 811 812
f 800 812 813
f 800 813 801
f 801 813 802
f 802 813 814
f 803 815 816
f 804 816 805
f 805 817 818
f 805 818 806
f 805 816 817
f 807 819 820
f 808 821 809
f 809 821 810
f 810 821 811
f 811 821 822
f 811 822 823
f 811 823 812
f 812 814 813
f 812 823 824
f 812 824 814
f 814 824 825
f 814 825 826
f 814 826 815
f 815 826 816
f 816 826 827
f 816 827 817
f 817 828 818
f 817 827 829
f 817 829 830
f 817 830 828
f 819 831 820
f 820 832 833
f 820 831 834
f 820 834 835
f 820 835 832
f 821 836 822
f 822 836 837
f 822 837 823
f 823 837 838
f 823 838 824
f 824 838 839
f 824 839 825
f 825 839 829
f 825 829 826
f 826 829 827
f 828 830 840
f 829 839 830
f 830 835 834
f 830 834 841
f 830 841 840
f 830 839 835
f 831 841 834
f 832 842 833
f 832 835 842
f 835 839 842
f 837 843 838
f 838 843 842
f 838 842 839

o geometry_7
v 0.00779824 0.00572589 0.00274921
v 0.00769749 0.00549554 0.00274921
v 0.00776542 0.00572589 0.00233021
v 0.00778755 0.00572589 0.00315250
v 0.00767459 0.00548714 0.00350771
v 0.00764025 0.00556689 0.00218597
v 0.00699991 0.00469921 0.00426622
v 0.00696023 0.00475697 0.00363528
v 0.00474614 0.00401085 -0.00180185
v 0.00772115 0.00572589 0.00208588
v 0.00772726 0.00572589 0.00350771
v 0.00767841 0.00572589 0.00376971
v 0.00760972 0.00555548 0.00393456
v 0.00692207 0.00474807 0.00475979
v 0.00748761 0.00563624 0.00167964
v 0.00530710 0.00401085 0.00536719
v 0.00644506 0.00444167 0.00426622
v 0.00491710 0.00401085 -0.00104138
v 0.00455839 0.00401085 -0.00222281
v 0.00758988 0.00572589 0.00176403
v 0.00761506 0.00572589 0.00394535
v 0.00724719 0.00572589 0.00451644
v 0.00698770 0.00523816 0.00483339
v 0.00661067 0.00523816 0.00521215
v 0.00616114 0.00472037 0.00547218
v 0.00538571 0.00407599 0.00544765
v 0.00516286 0.00401085 0.00551438
v 0.00530710 0.00401085 0.00520528
v 0.00448207 0.00401085 -0.00235135
v 0.00721667 0.00572589 0.00099865
v 0.00700297 0.00572589 0.00485105
v 0.00663510 0.00572589 0.00523080
v 0.00625578 0.00572589 0.00554578
v 0.00623136 0.00523816 0.00552419
v 0.00568718 0.00523816 0.00584506
v 0.00512317 0.00523816 0.00610411
v 0.00463166 0.00476301 0.00618555
v 0.00490260 0.00449808 0.00597066
v 0.00565818 0.00447256 0.00559091
v 0.00427371 0.00401085 0.00598538
v 0.00435614 0.00401085 -0.00255545
v 0.00479804 0.00572589 -0.00158597
v 0.00396232 0.00401085 -0.00312556
v 0.00564292 0.00572589 0.00591669
v 0.00520712 0.00572589 0.00612962
v 0.00512164 0.00572589 0.00615612
v 0.00486978 0.00572589 0.00623364
v 0.00474385 0.00523816 0.00621990
v 0.00417068 0.00572589 0.00638279
v 0.00417068 0.00523816 0.00632489
v 0.00413404 0.00449808 0.00621597
v 0.00385852 0.00404627 0.00617574
v 0.00436301 0.00425748 0.00610509
v 0.00382341 0.00401085 0.00616985
v 0.00388294 0.00572589 -0.00224832
v 0.00341280 0.00401085 -0.00347292
v 0.00341280 0.00572589 0.00643676
v 0.00341280 0.00523816 0.00637297
v 0.00341280 0.00447994 0.00626602
v 0.00364787 0.00401085 0.00618065
v 0.00341280 0.00401085 0.00619242
v 0.00341280 0.00572589 -0.00239256
v 0.00265417 0.00401085 -0.00358282
v 0.00265417 0.00572589 0.00644068
v 0.00265417 0.00523816 0.00637494
v 0.00265417 0.00447994 0.00626994
v 0.00277094 0.00401085 0.00620125
v 0.00265417 0.00572589 -0.00246714
v 0.00263127 0.00401085 -0.00358184
v 0.00000124 0.00572589 -0.00246812
v 0.00189630 0.00572589 -0.00246812
v 0.00162536 0.00572589 0.00644166
v 0.00189630 0.00523816 0.00637592
v 0.00000124 0.00447994 0.00626994
v 0.00265417 0.00401085 0.00620125
v 0.00000124 0.00401085 -0.00315107
v 0.00000124 0.00433455 -0.00315107
v 0.00000124 0.00572589 0.00644068
v 0.00000124 0.00523816 0.00637592
v 0.00000124 0.00426571 0.00622971
v 0.00000124 0.00404997 0.00618850
v 0.00189630 0.00401085 0.00619341
v 0.00000124 0.00401085 0.00612472
v 0.00154293 0.00401085 0.00618850
f 844 845 846
f 844 846 853
f 844 853 863
f 844 863 873
f 844 873 885
f 844 885 898
f 844 898 905
f 844 905 911
f 844 911 914
f 844 914 913
f 844 913 921
f 844 921 915
f 844 915 907
f 844 907 900
f 844 900 892
f 844 892 890
f 844 890 889
f 844 889 888
f 844 888 887
f 844 887 876
f 844 876 875
f 844 875 874
f 844 874 865
f 844 865 864
f 844 864 855
f 844 855 854
f 844 854 847
f 844 847 848
f 844 848 845
f 845 849 846
f 845 848 850
f 845 850 851
f 845 851 852
f 845 852 849
f 846 849 853
f 847 854 848
f 848 854 855
f 848 855 856
f 848 856 857
f 848 857 850
f 849 852 858
f 849 858 853
f 850 857 859
f 850 859 860
f 850 860 861
f 850 861 851
f 851 861 852
f 852 862 858
f 852 861 871
f 852 871 859
f 852 859 870
f 852 870 883
f 852 883 897
f 852 897 903
f 852 903 904
f 852 904 910
f 852 910 918
f 852 918 925
f 852 925 927
f 852 927 926
f 852 926 919
f 852 919 912
f 852 912 906
f 852 906 899
f 852 899 886
f 852 886 884
f 852 884 872
f 852 872 862
f 853 858 863
f 855 864 856
f 856 864 865
f 856 865 866
f 856 866 857
f 857 866 867
f 857 867 868
f 857 868 869
f 857 869 859
f 858 862 863
f 859 869 870
f 859 871 860
f 860 871 861
f 862 872 873
f 862 873 863
f 865 874 866
f 866 874 875
f 866 875 867
f 867 875 876
f 867 876 877
f 867 877 868
f 868 877 878
f 868 878 879
f 868 879 880
f 868 880 881
f 868 881 882
f 868 882 869
f 869 882 883
f 869 883 870
f 872 884 873
f 873 884 886
f 873 886 885
f 876 887 877
f 877 887 878
f 878 887 888
f 878 888 879
f 879 888 889
f 879 889 890
f 879 890 891
f 879 891 880
f 880 891 892
f 880 892 893
f 880 893 894
f 880 894 895
f 880 895 896
f 880 896 881
f 881 896 882
f 882 896 883
f 883 896 897
f 885 886 898
f 886 899 898
f 890 892 891
f 892 900 893
f 893 900 901
f 893 901 902
f 893 902 895
f 893 895 894
f 895 903 897
f 895 897 896
f 895 902 904
f 895 904 903
f 898 899 905
f 899 906 905
f 900 907 901
f 901 908 909
f 901 909 902
f 901 907 908
f 902 909 910
f 902 910 904
f 905 906 911
f 906 912 913
f 906 913 914
f 906 914 911
f 907 915 916
f 907 916 908
f 908 916 909
f 909 917 918
f 909 918 910
f 909 916 922
f 909 922 917
f 912 919 920
f 912 920 913
f 913 920 919
f 913 919 926
f 913 926 924
f 913 924 923
f 913 923 917
f 913 917 922
f 913 922 921
f 915 921 922
f 915 922 916
f 917 923 918
f 918 923 924
f 918 924 925
f 924 926 927
f 924 927 925

o geometry_8
v 0.00000123 0.00447997 0.00627016
v 0.00000123 0.00358268 0.00247749
v 0.00000123 0.01642041 0.00310626
v 0.00000123 0.00910492 0.00247749
v -0.00149144 0.02317405 0.00311372
v -0.00138616 0.02343142 0.00347854
v -0.00165335 0.02368024 0.00320563
v -0.00215862 0.02385100 0.00311372
v -0.00407282 0.02116272 0.00259496
v -0.00407282 0.02040405 0.00253665
v -0.00407282 0.00959410 0.00247749
v -0.00407282 0.00265350 0.00247749
v -0.00407282 0.02442062 0.00578310
v -0.00407282 0.02387174 0.00310393
v -0.00265392 0.02387052 0.00310626
v -0.00265392 0.02416082 0.00350839
v -0.00190220 0.02398273 0.00347854
v -0.00265392 0.02439134 0.00426694
v -0.00341242 0.02441208 0.00426694
v -0.00341242 0.02417179 0.00350839
v -0.00407282 0.02417423 0.00350839
v -0.00407282 0.02441574 0.00426694
v -0.00341242 0.02441696 0.00578310
v -0.00265392 0.02440232 0.00578310
v -0.00265392 0.02430596 0.00654118
v -0.00341242 0.02431694 0.00654118
v -0.00407282 0.02431572 0.00654118
v -0.00341242 0.02401689 0.00705201
v -0.00407282 0.02401323 0.00704922
v -0.00407282 0.02192017 0.00724002
v -0.00407282 0.02343751 0.00719150
v -0.00341242 0.02343751 0.00719943
v -0.00265392 0.02343751 0.00719943
v -0.00265392 0.02267884 0.00723022
v -0.00341242 0.02267884 0.00722929
v -0.00341242 0.02192017 0.00725588
v -0.00341242 0.02116272 0.00727641
v -0.00265392 0.02116272 0.00727594
v -0.00265392 0.02040405 0.00729133
v -0.00341242 0.02040405 0.00728853
v -0.00407282 0.02116272 0.00725168
v -0.00341242 0.01964538 0.00729600
v -0.00407282 0.02040405 0.00725355
v -0.00341242 0.01888671 0.00729553
v -0.00407282 0.01964538 0.00725028
v -0.00407282 0.01813047 0.00721529
v -0.00407282 0.01888671 0.00723769
v -0.00341242 0.01813047 0.00728667
v -0.00341242 0.01737180 0.00727221
v -0.00341242 0.01661313 0.00725168
v -0.00265392 0.01661313 0.00727920
v -0.00265392 0.01585568 0.00725821
v -0.00341242 0.01585568 0.00722369
v -0.00407282 0.01737180 0.00718823
v -0.00341242 0.01509701 0.00719010
v -0.00407282 0.01661313 0.00715418
v -0.00407282 0.01371383 0.00699137
v -0.00407282 0.01585568 0.00711453
v -0.00341242 0.01433834 0.00715045
v -0.00381241 0.01158637 0.00692631
v -0.00407282 0.00912678 0.00670070
v -0.00407282 0.00836886 0.00664857
v -0.00371271 0.01108079 0.00691103
v -0.00354921 0.01054605 0.00689485
v -0.00407282 0.00761094 0.00658880
v -0.00407282 0.00441256 0.00620769
v -0.00407282 0.00609511 0.00643689
v -0.00407282 0.00685302 0.00651914
v -0.00341242 0.00827139 0.00672452
v -0.00341242 0.00902931 0.00679283
v -0.00304155 0.01015707 0.00692137
v -0.00265392 0.00902931 0.00682205
v -0.00341242 0.00751256 0.00664902
v -0.00341242 0.00675555 0.00656588
v -0.00265392 0.00827139 0.00674475
v -0.00265392 0.00751256 0.00666025
v -0.00265392 0.00675555 0.00657217
v -0.00341242 0.00599672 0.00647285
v -0.00407282 0.00523880 0.00633173
v -0.00341242 0.00523880 0.00637352
v -0.00265392 0.00599672 0.00647644
v -0.00189582 0.00523880 0.00637622
v -0.00265392 0.00447997 0.00627016
v -0.00341242 0.00447997 0.00626521
v -0.00384711 0.00405182 0.00617443
v -0.00341242 0.00265350 0.00590388
v -0.00265392 0.00265350 0.00598343
v -0.00341242 0.00397621 0.00618477
v -0.00265392 0.00354715 0.00613039
v -0.00265392 0.00392611 0.00618926
v 0.00000123 0.00523880 0.00637622
v -0.00189582 0.00599672 0.00647689
v 0.00000123 0.00599672 0.00647644
v 0.00000123 0.00675555 0.00657082
v 0.00000123 0.00561867 0.00642656
v 0.00000123 0.01685586 0.00668114
v 0.00000123 0.01585568 0.00725401
v 0.00000123 0.01054605 0.00696092
v 0.00000123 0.00827139 0.00674475
v 0.00000123 0.00751256 0.00666115
v -0.00113772 0.00751256 0.00666115
v 0.00000123 0.00902931 0.00682250
v 0.00000123 0.00973803 0.00689036
v -0.00189582 0.01011608 0.00692541
v -0.00265392 0.00975534 0.00688946
v -0.00265392 0.01013430 0.00692362
v -0.00265392 0.01054605 0.00695687
v -0.00189582 0.01130397 0.00702114
v -0.00265392 0.01130397 0.00701485
v -0.00265392 0.01195986 0.00706134
v -0.00189582 0.01206354 0.00707534
v 0.00000123 0.01130397 0.00702114
v 0.00000123 0.01206354 0.00707534
v 0.00000123 0.01282221 0.00711966
v -0.00189582 0.01282221 0.00711779
v -0.00265392 0.01282221 0.00711359
v -0.00341242 0.01282221 0.00706088
v -0.00316996 0.01054605 0.00693620
v -0.00334144 0.00985737 0.00686744
v -0.00341242 0.01206354 0.00701189
v -0.00265392 0.01433834 0.00719477
v -0.00265392 0.01509701 0.00722929
v 0.00000123 0.01358088 0.00715511
v -0.00189582 0.01661313 0.00727967
v -0.00265392 0.01737180 0.00729320
v -0.00265392 0.01813047 0.00730113
v -0.00265392 0.01888671 0.00730253
v -0.00265392 0.01964538 0.00729926
v -0.00189582 0.02040405 0.00726847
v -0.00189582 0.02116272 0.00725261
v -0.00189582 0.02192017 0.00723115
v -0.00189582 0.02267884 0.00720830
v -0.00189582 0.02343751 0.00713039
v -0.00136423 0.02267884 0.00705341
v -0.00143561 0.02343751 0.00699137
v -0.00150700 0.02382783 0.00692979
v -0.00189582 0.02392053 0.00699277
v -0.00189582 0.02410837 0.00654118
v -0.00146911 0.02386930 0.00654118
v -0.00189582 0.02418887 0.00578310
v -0.00143721 0.02390345 0.00578310
v -0.00122266 0.02343751 0.00578310
v -0.00128766 0.02343751 0.00654118
v 0.00000123 0.01664972 0.00708840
v 0.00000123 0.01692660 0.00654118
v 0.00000123 0.01695953 0.00578310
v 0.00000123 0.01696563 0.00426694
v -0.00122824 0.02343751 0.00426694
v -0.00144199 0.02389735 0.00426694
v -0.00189582 0.02417545 0.00426694
v -0.00146672 0.02387052 0.00371086
v 0.00000123 0.01682780 0.00343888
v -0.00265392 0.02401201 0.00705155
v 0.00000123 0.00405000 0.00618881
v 0.00000123 0.00359361 0.00502481
v 0.00000123 0.00380222 0.00578299
v -0.00155565 0.00265350 0.00502481
v -0.00187668 0.00265350 0.00569040
v -0.00155046 0.00265350 0.00275029
v -0.00155046 0.00265350 0.00427518
v 0.00000123 0.00358268 0.00426664
v -0.00155007 0.00265623 0.00247749
v -0.00246290 0.00265350 0.00247749
v -0.00407282 0.00265350 0.00555693
v -0.00401221 0.00265350 0.00561580
v -0.00364133 0.00265350 0.00580231
f 929 930 928
f 931 930 929
f 932 930 931
f 932 933 930
f 932 934 933
f 932 935 934
f 932 936 935
f 932 937 936
f 932 931 937
f 931 938 937
f 931 929 938
f 938 929 939
f 938 939 937
f 937 939 936
f 936 939 940
f 941 936 940
f 942 936 941
f 942 935 936
f 943 935 942
f 943 944 935
f 943 945 944
f 943 946 945
f 943 947 946
f 943 942 947
f 948 947 942
f 948 949 947
f 948 941 949
f 948 942 941
f 949 941 940
f 949 940 946
f 949 946 947
f 950 946 940
f 950 951 946
f 950 952 951
f 950 953 952
f 950 940 953
f 954 953 940
f 954 955 953
f 954 956 955
f 954 940 956
f 956 940 957
f 958 956 957
f 959 956 958
f 959 955 956
f 959 960 955
f 959 961 960
f 962 961 959
f 962 963 961
f 962 958 963
f 962 959 958
f 963 958 957
f 964 963 957
f 964 965 963
f 964 966 965
f 964 967 966
f 964 957 967
f 968 967 957
f 968 969 967
f 970 969 968
f 970 971 969
f 970 972 971
f 970 968 972
f 968 957 972
f 972 957 973
f 974 972 973
f 974 975 972
f 974 976 975
f 977 976 974
f 977 978 976
f 977 979 978
f 977 980 979
f 981 980 977
f 981 982 980
f 981 983 982
f 981 973 983
f 981 977 973
f 977 974 973
f 983 973 984
f 985 983 984
f 985 986 983
f 985 987 986
f 985 984 987
f 988 987 984
f 989 987 988
f 989 990 987
f 989 991 990
f 989 992 991
f 989 988 992
f 988 984 992
f 992 984 993
f 994 992 993
f 995 992 994
f 996 992 995
f 996 997 992
f 996 998 997
f 996 999 998
f 996 1000 999
f 996 995 1000
f 995 994 1000
f 1001 1000 994
f 1001 1002 1000
f 1001 1003 1002
f 1001 1004 1003
f 1001 1005 1004
f 1001 994 1005
f 1006 1005 994
f 1007 1005 1006
f 1007 1008 1005
f 1007 1009 1008
f 1007 1010 1009
f 1007 1011 1010
f 1007 1006 1011
f 1006 1012 1011
f 1006 993 1012
f 1006 994 993
f 1012 993 1013
f 1012 1013 1014
f 1015 1012 1014
f 1011 1012 1015
f 1011 1015 1016
f 1011 1016 1017
f 1010 1011 1017
f 1010 1017 928
f 1010 928 1018
f 1009 1010 1018
f 1009 1018 1019
f 1008 1009 1019
f 1008 1019 1004
f 1008 1004 1005
f 1020 1004 1019
f 1020 1021 1004
f 1020 1022 1021
f 1020 1019 1022
f 1019 1018 1022
f 1018 928 1022
f 1022 928 1023
f 1024 1022 1023
f 1025 1022 1024
f 1026 1022 1025
f 1027 1022 1026
f 1021 1022 1027
f 1004 1021 1027
f 1004 1027 1028
f 1003 1004 1028
f 1003 1028 1002
f 1028 1027 1002
f 1027 1026 1002
f 1029 1002 1026
f 1029 999 1002
f 1029 1030 999
f 1029 1026 1030
f 1030 1026 1025
f 1031 1030 1025
f 999 1030 1031
f 1032 999 1031
f 1032 998 999
f 1033 998 1032
f 1033 1034 998
f 1033 1031 1034
f 1033 1032 1031
f 1034 1031 1035
f 1036 1034 1035
f 1036 998 1034
f 1036 1037 998
f 1036 1038 1037
f 1036 1035 1038
f 1038 1035 1039
f 1038 1039 1040
f 1038 1040 1041
f 1038 1041 1042
f 1038 1042 1043
f 1038 1043 1037
f 1037 1043 1044
f 1037 1044 998
f 1045 998 1044
f 1045 1046 998
f 1045 991 1046
f 1045 1047 991
f 1045 1044 1047
f 990 1047 1044
f 991 1047 990
f 987 990 1044
f 987 1044 986
f 986 1044 1043
f 986 1043 1048
f 982 986 1048
f 982 983 986
f 1049 982 1048
f 1049 980 982
f 1049 979 980
f 1049 1024 979
f 1049 1050 1024
f 1049 1048 1050
f 1050 1048 1041
f 1050 1041 1024
f 1041 1025 1024
f 1040 1025 1041
f 1039 1025 1040
f 1039 1035 1025
f 1031 1025 1035
f 1042 1041 1048
f 1042 1048 1043
f 1051 979 1024
f 1051 978 979
f 1051 1052 978
f 1053 1052 1051
f 1053 971 1052
f 1053 1054 971
f 1053 1024 1054
f 1053 1051 1024
f 1055 1054 1024
f 1055 969 1054
f 1055 967 969
f 1055 966 967
f 1055 1056 966
f 1055 1024 1056
f 1057 1056 1024
f 1057 965 1056
f 1057 1058 965
f 1057 1024 1058
f 1059 1058 1024
f 1059 965 1058
f 1059 961 965
f 1059 960 961
f 1059 1060 960
f 1059 1061 1060
f 1059 1024 1061
f 1061 1024 1062
f 1061 1062 1060
f 1063 1060 1062
f 1063 1064 1060
f 1063 1065 1064
f 1066 1065 1063
f 1066 1067 1065
f 1066 1068 1067
f 1066 1069 1068
f 1066 1070 1069
f 1066 1063 1070
f 1070 1063 1062
f 1070 1062 1071
f 1070 1071 1023
f 1070 1023 1072
f 1069 1070 1072
f 1069 1072 1073
f 1069 1073 1074
f 1069 1074 1075
f 1068 1069 1075
f 1068 1075 1076
f 1068 1076 1067
f 1077 1067 1076
f 1077 945 1067
f 1077 944 945
f 1077 1078 944
f 1077 1076 1078
f 1078 1076 1075
f 1078 1075 933
f 1078 933 934
f 944 1078 934
f 944 934 935
f 1079 933 1075
f 1079 930 933
f 1079 1074 930
f 1079 1075 1074
f 1074 1023 930
f 1072 1023 1074
f 1073 1072 1074
f 1023 928 930
f 945 951 1067
f 945 946 951
f 1067 951 1065
f 951 952 1065
f 1065 952 1064
f 952 1080 1064
f 952 953 1080
f 955 1080 953
f 955 960 1080
f 1080 960 1060
f 1080 1060 1064
f 1071 1024 1023
f 1071 1062 1024
f 963 965 961
f 966 1056 965
f 969 971 1054
f 975 1052 971
f 975 978 1052
f 975 976 978
f 975 971 972
f 1046 991 997
f 1046 997 998
f 991 992 997
f 999 1000 1002
f 1016 928 1017
f 1016 1014 928
f 1015 1014 1016
f 1081 928 1014
f 1081 1082 928
f 1083 1082 1081
f 1083 1084 1082
f 1083 1085 1084
f 1083 1081 1085
f 1085 1081 1014
f 1085 1014 1084
f 1084 1014 1086
f 1087 1084 1086
f 1087 1088 1084
f 1087 929 1088
f 1087 1086 929
f 1086 1089 929
f 1090 1089 1086
f 1090 939 1089
f 1090 1086 939
f 1086 1014 939
f 1091 939 1014
f 1091 993 939
f 1092 993 1091
f 1093 993 1092
f 1093 1013 993
f 1093 1092 1013
f 1092 1091 1013
f 1013 1091 1014
f 993 940 939
f 957 940 993
f 984 957 993
f 973 957 984
f 1089 939 929
f 1088 929 1082
f 1088 1082 1084
f 1082 929 928

o geometry_9
v 0.00539602 0.00220502 -0.00104064
v 0.00539021 0.00220502 0.00047600
v 0.00538863 0.00144676 0.00199155
v 0.00537068 0.00132419 -0.00176750
v 0.00536064 0.00132419 -0.00239889
v 0.00536011 0.00144676 -0.00236092
v 0.00536117 0.00217398 -0.00175231
v 0.00534955 0.00266318 -0.00104064
v 0.00536223 0.00270684 -0.00028232
v 0.00530678 0.00401058 0.00520600
v 0.00530678 0.00401058 0.00536764
v 0.00538441 0.00132419 0.00208268
v 0.00538493 0.00132419 0.00199155
v 0.00523549 0.00132419 -0.00277099
v 0.00534110 0.00190019 -0.00224158
v 0.00532685 0.00261689 -0.00146699
v 0.00491759 0.00401058 -0.00104064
v 0.00516261 0.00401058 0.00551410
v 0.00427493 0.00132419 0.00512355
v 0.00463507 0.00132419 0.00474493
v 0.00481990 0.00132419 0.00426651
v 0.00534586 0.00132419 0.00247215
v 0.00507707 0.00132419 -0.00320385
v 0.00474649 0.00401058 -0.00180113
v 0.00500631 0.00144676 -0.00331559
v 0.00483046 0.00220502 -0.00331559
v 0.00463929 0.00289147 -0.00325918
v 0.00487693 0.00296301 -0.00255728
v 0.00389577 0.00132419 0.00549566
v 0.00421367 0.00132419 0.00518430
v 0.00427387 0.00401058 0.00598493
v 0.00478768 0.00132419 -0.00385152
v 0.00471798 0.00144676 -0.00396651
v 0.00465831 0.00354532 -0.00255728
v 0.00457170 0.00337252 -0.00296735
v 0.00455850 0.00401058 -0.00222205
v 0.00462715 0.00220502 -0.00380053
v 0.00455428 0.00259138 -0.00370072
v 0.00382289 0.00401058 0.00616936
v 0.00341206 0.00132419 0.00566164
v 0.00471587 0.00132419 -0.00399363
v 0.00447084 0.00132419 -0.00436466
v 0.00445341 0.00144676 -0.00434621
v 0.00438318 0.00309662 -0.00347290
v 0.00387729 0.00346063 -0.00380053
v 0.00412812 0.00366920 -0.00326244
v 0.00396231 0.00401058 -0.00312574
v 0.00435625 0.00401058 -0.00255511
v 0.00448246 0.00401058 -0.00235115
v 0.00430767 0.00220502 -0.00418023
v 0.00383029 0.00264556 -0.00448833
v 0.00410647 0.00287096 -0.00400340
v 0.00364757 0.00401058 0.00618021
v 0.00265427 0.00132419 0.00573975
v 0.00417670 0.00132419 -0.00466842
v 0.00407426 0.00144676 -0.00473785
v 0.00392851 0.00220502 -0.00459139
v 0.00341206 0.00357057 -0.00390034
v 0.00341206 0.00394983 -0.00354125
v 0.00341206 0.00401058 -0.00347290
v 0.00341206 0.00311424 -0.00427895
v 0.00341417 0.00200565 -0.00488105
v 0.00341206 0.00220502 -0.00480511
v 0.00341206 0.00273498 -0.00454474
v 0.00341206 0.00401058 0.00619214
v 0.00341206 0.00397113 0.00618563
v 0.00255235 0.00132419 0.00572131
v 0.00265427 0.00220502 0.00589923
v 0.00154268 0.00401058 0.00618889
v 0.00000123 0.00401058 0.00612488
v 0.00408799 0.00132419 -0.00475087
v 0.00385352 0.00132419 -0.00488105
v 0.00381920 0.00143387 -0.00488105
v 0.00265427 0.00362133 -0.00394698
v 0.00265427 0.00400059 -0.00359332
v 0.00265427 0.00317316 -0.00432669
v 0.00265427 0.00401058 -0.00358247
v 0.00266747 0.00220502 -0.00488105
v 0.00265427 0.00220765 -0.00488105
v 0.00265427 0.00279390 -0.00458163
v 0.00277045 0.00401058 0.00620082
v 0.00265427 0.00354611 0.00613030
v 0.00265427 0.00296301 0.00603483
v 0.00197411 0.00132419 0.00557268
v 0.00189596 0.00398218 0.00618889
v 0.00189596 0.00401058 0.00619322
v 0.00000123 0.00380123 0.00578315
v 0.00162770 0.00132419 0.00502483
v 0.00191814 0.00132419 0.00549349
v 0.00000123 0.00401058 -0.00315070
v 0.00195141 0.00132419 -0.00488105
v 0.00263156 0.00401058 -0.00358139
v 0.00209821 0.00272394 -0.00453932
v 0.00265005 0.00220502 -0.00488105
v 0.00265427 0.00401058 0.00620190
v 0.00265427 0.00392537 0.00618889
v 0.00000123 0.00359292 0.00502483
v 0.00161238 0.00132419 0.00490224
v 0.00197306 0.00220502 -0.00466733
v 0.00196883 0.00141073 -0.00488105
v 0.00196778 0.00140678 -0.00488105
v 0.00000123 0.00387092 -0.00315070
v 0.00194877 0.00132419 -0.00487780
v 0.00228515 0.00190703 -0.00488105
v 0.00000123 0.00358766 0.00464621
v 0.00158334 0.00132419 0.00426651
v 0.00000123 0.00374073 -0.00285344
v 0.00194401 0.00132419 -0.00487129
v 0.00161978 0.00132419 -0.00419650
v 0.00158651 0.00132419 -0.00407391
v 0.00000123 0.00358240 0.00426651
v 0.00158334 0.00132419 -0.00343818
v 0.00000123 0.00361160 -0.00255728
v 0.00000123 0.00358240 -0.00179896
v 0.00000123 0.00359687 -0.00217757
f 1094 1095 1096
f 1094 1096 1097
f 1094 1097 1098
f 1094 1098 1099
f 1094 1099 1100
f 1094 1100 1101
f 1094 1101 1102
f 1094 1102 1103
f 1094 1103 1104
f 1094 1104 1095
f 1095 1104 1096
f 1096 1104 1105
f 1096 1105 1106
f 1096 1106 1097
f 1097 1106 1105
f 1097 1105 1115
f 1097 1115 1114
f 1097 1114 1113
f 1097 1113 1112
f 1097 1112 1123
f 1097 1123 1122
f 1097 1122 1133
f 1097 1133 1147
f 1097 1147 1160
f 1097 1160 1177
f 1097 1177 1182
f 1097 1182 1181
f 1097 1181 1191
f 1097 1191 1199
f 1097 1199 1205
f 1097 1205 1203
f 1097 1203 1202
f 1097 1202 1201
f 1097 1201 1196
f 1097 1196 1184
f 1097 1184 1165
f 1097 1165 1164
f 1097 1164 1148
f 1097 1148 1135
f 1097 1135 1134
f 1097 1134 1125
f 1097 1125 1116
f 1097 1116 1107
f 1097 1107 1098
f 1098 1107 1099
f 1099 1108 1100
f 1099 1107 1108
f 1100 1108 1109
f 1100 1109 1101
f 1101 1109 1110
f 1101 1110 1103
f 1101 1103 1102
f 1103 1110 1117
f 1103 1117 1129
f 1103 1129 1142
f 1103 1142 1141
f 1103 1141 1140
f 1103 1140 1153
f 1103 1153 1170
f 1103 1170 1185
f 1103 1185 1183
f 1103 1183 1163
f 1103 1163 1162
f 1103 1162 1179
f 1103 1179 1188
f 1103 1188 1174
f 1103 1174 1158
f 1103 1158 1146
f 1103 1146 1132
f 1103 1132 1124
f 1103 1124 1111
f 1103 1111 1104
f 1104 1111 1112
f 1104 1112 1113
f 1104 1113 1114
f 1104 1114 1115
f 1104 1115 1105
f 1107 1116 1108
f 1108 1117 1109
f 1108 1116 1118
f 1108 1118 1119
f 1108 1119 1120
f 1108 1120 1121
f 1108 1121 1117
f 1109 1117 1110
f 1111 1122 1123
f 1111 1123 1112
f 1111 1124 1122
f 1116 1125 1126
f 1116 1126 1118
f 1117 1121 1127
f 1117 1127 1128
f 1117 1128 1129
f 1118 1126 1130
f 1118 1130 1119
f 1119 1130 1131
f 1119 1131 1120
f 1120 1128 1121
f 1120 1131 1128
f 1121 1128 1127
f 1122 1124 1132
f 1122 1132 1133
f 1125 1134 1126
f 1126 1134 1135
f 1126 1135 1136
f 1126 1136 1130
f 1128 1131 1137
f 1128 1137 1138
f 1128 1138 1139
f 1128 1139 1140
f 1128 1140 1141
f 1128 1141 1142
f 1128 1142 1129
f 1130 1136 1143
f 1130 1143 1131
f 1131 1143 1144
f 1131 1144 1145
f 1131 1145 1138
f 1131 1138 1137
f 1132 1146 1147
f 1132 1147 1133
f 1135 1148 1149
f 1135 1149 1136
f 1136 1149 1150
f 1136 1150 1143
f 1138 1151 1152
f 1138 1152 1153
f 1138 1153 1140
f 1138 1140 1139
f 1138 1145 1144
f 1138 1144 1154
f 1138 1154 1151
f 1143 1150 1144
f 1144 1150 1155
f 1144 1155 1156
f 1144 1156 1157
f 1144 1157 1154
f 1146 1158 1159
f 1146 1159 1147
f 1147 1159 1161
f 1147 1161 1162
f 1147 1162 1163
f 1147 1163 1160
f 1148 1164 1149
f 1149 1164 1165
f 1149 1165 1166
f 1149 1166 1150
f 1150 1166 1155
f 1151 1167 1168
f 1151 1168 1152
f 1151 1154 1169
f 1151 1169 1167
f 1152 1168 1170
f 1152 1170 1153
f 1154 1157 1169
f 1155 1166 1165
f 1155 1165 1184
f 1155 1184 1194
f 1155 1194 1193
f 1155 1193 1197
f 1155 1197 1187
f 1155 1187 1172
f 1155 1172 1171
f 1155 1171 1156
f 1156 1171 1157
f 1157 1171 1172
f 1157 1172 1173
f 1157 1173 1169
f 1158 1174 1175
f 1158 1175 1176
f 1158 1176 1159
f 1159 1176 1161
f 1160 1163 1177
f 1161 1176 1162
f 1162 1178 1179
f 1162 1176 1175
f 1162 1175 1178
f 1163 1180 1181
f 1163 1181 1182
f 1163 1182 1177
f 1163 1183 1195
f 1163 1195 1200
f 1163 1200 1206
f 1163 1206 1208
f 1163 1208 1207
f 1163 1207 1204
f 1163 1204 1198
f 1163 1198 1190
f 1163 1190 1180
f 1167 1185 1168
f 1167 1169 1183
f 1167 1183 1185
f 1168 1185 1170
f 1169 1173 1186
f 1169 1186 1183
f 1172 1187 1186
f 1172 1186 1173
f 1174 1188 1189
f 1174 1189 1175
f 1175 1189 1178
f 1178 1189 1188
f 1178 1188 1179
f 1180 1190 1181
f 1181 1190 1191
f 1183 1186 1192
f 1183 1192 1193
f 1183 1193 1194
f 1183 1194 1184
f 1183 1184 1195
f 1184 1196 1195
f 1186 1187 1197
f 1186 1197 1192
f 1190 1198 1199
f 1190 1199 1191
f 1192 1197 1193
f 1195 1196 1201
f 1195 1201 1202
f 1195 1202 1203
f 1195 1203 1200
f 1198 1204 1199
f 1199 1204 1207
f 1199 1207 1205
f 1200 1203 1206
f 1203 1205 1207
f 1203 1207 1208
f 1203 1208 1206

o geometry_10
v -0.00407282 0.02040381 0.00725397
v -0.00407282 0.02116224 0.00725168
v -0.00417100 0.02116224 0.00724825
v -0.00417100 0.02040381 0.00724825
v -0.00407282 0.01964538 0.00724939
v -0.00407282 0.02192067 0.00723909
v -0.00417100 0.02192067 0.00723680
v -0.00492910 0.02343753 0.00712005
v -0.00492910 0.02267910 0.00712921
v -0.00492910 0.02192067 0.00713265
v -0.00417100 0.01964538 0.00724367
v -0.00407282 0.01888696 0.00723680
v -0.00407282 0.02267910 0.00721735
v -0.00417100 0.02267910 0.00721506
v -0.00417100 0.02343753 0.00718988
v -0.00492910 0.02397191 0.00701704
v -0.00543463 0.02389398 0.00696553
v -0.00549480 0.02343753 0.00698957
v -0.00492910 0.02116224 0.00712234
v -0.00548174 0.02267910 0.00698842
v -0.00417100 0.01888696 0.00722879
v -0.00407282 0.01812853 0.00721506
v -0.00407282 0.02343753 0.00719102
v -0.00417100 0.02401226 0.00704909
v -0.00644569 0.02495021 0.00651227
v -0.00587405 0.02343753 0.00684077
v -0.00545918 0.02192067 0.00698270
v -0.00492910 0.02040381 0.00710403
v -0.00417100 0.01812853 0.00720476
v -0.00407282 0.01737149 0.00718759
v -0.00407282 0.02401366 0.00704909
v -0.00568760 0.02495021 0.00655233
v -0.00688789 0.02495021 0.00621925
v -0.00644569 0.02419596 0.00651342
v -0.00644569 0.02343753 0.00649968
v -0.00586099 0.02267910 0.00682933
v -0.00542830 0.02116224 0.00697355
v -0.00492910 0.01964538 0.00707885
v -0.00417100 0.01737149 0.00717500
v -0.00407282 0.01661306 0.00715439
v -0.00407282 0.02431564 0.00654089
v -0.00518444 0.02495021 0.00625931
v -0.00726713 0.02495021 0.00579689
v -0.00688036 0.02419596 0.00621353
v -0.00686493 0.02343753 0.00619979
v -0.00644569 0.02267910 0.00646534
v -0.00583842 0.02192067 0.00681330
v -0.00539148 0.02040381 0.00695867
v -0.00535308 0.01964538 0.00694150
v -0.00532418 0.01915136 0.00692776
v -0.00498927 0.01889391 0.00702391
v -0.00485705 0.01812853 0.00702849
v -0.00417100 0.01661306 0.00713951
v -0.00407282 0.01585602 0.00711433
v -0.00407282 0.02442001 0.00578316
v -0.00503084 0.02495021 0.00578316
v -0.00759333 0.02495021 0.00541803
v -0.00731939 0.02423631 0.00570876
v -0.00721884 0.02343753 0.00578316
v -0.00683999 0.02267910 0.00617690
v -0.00650943 0.02198608 0.00638064
v -0.00639977 0.02116224 0.00641269
v -0.00580755 0.02116224 0.00679270
v -0.00528222 0.01864621 0.00691059
v -0.00465872 0.01585602 0.00696324
v -0.00472602 0.01661306 0.00698728
v -0.00479213 0.01737149 0.00701017
v -0.00577073 0.02040381 0.00676637
v -0.00573233 0.01964538 0.00673890
v -0.00545561 0.01073350 0.00625130
v -0.00532220 0.01073350 0.00631769
v -0.00492910 0.01073350 0.00650655
v -0.00417100 0.01585602 0.00709831
v -0.00407282 0.01509759 0.00707084
v -0.00407282 0.02442001 0.00568472
v -0.00470068 0.02495021 -0.00443929
v -0.00500036 0.02495021 0.00502429
v -0.00777267 0.02495021 0.00502429
v -0.00758542 0.02451603 0.00540658
v -0.00757433 0.02401087 0.00538827
v -0.00716896 0.02267910 0.00578316
v -0.00682573 0.02228249 0.00616317
v -0.00636533 0.02040381 0.00638751
v -0.00455658 0.01468150 0.00692318
v -0.00632495 0.01964538 0.00636004
v -0.00574104 0.01073350 0.00606473
v -0.00473116 0.01073350 0.00657751
v -0.00417100 0.01509759 0.00705252
v -0.00407282 0.01358074 0.00698270
v -0.00407282 0.01371433 0.00699071
v -0.00407282 0.02441583 0.00426656
v -0.00752089 0.02495021 -0.00443929
v -0.00407282 0.02438522 0.00416812
v -0.00407282 0.02417369 0.00350769
v -0.00407282 0.02387171 0.00310364
v -0.00407282 0.02116224 0.00259430
v -0.00407282 0.02040381 0.00253592
v -0.00407282 0.01812853 0.00253592
v -0.00407282 0.01073350 0.00301436
v -0.00523630 0.01412068 -0.00443929
v -0.00772001 0.02423631 0.00509067
v -0.00777425 0.02495021 0.00501971
v -0.00796387 0.02267910 0.00426656
v -0.00774020 0.02343753 0.00497965
v -0.00755771 0.02343753 0.00535966
v -0.00710245 0.02116224 0.00573737
v -0.00772358 0.02267910 0.00493730
v -0.00759927 0.01073350 0.00391860
v -0.00706841 0.02198608 0.00584726
v -0.00707593 0.02040381 0.00570418
v -0.00680515 0.02177733 0.00614256
v -0.00677902 0.02116224 0.00611738
v -0.00421455 0.01439205 0.00699644
v -0.00415556 0.01073350 0.00678125
v -0.00674458 0.02040381 0.00608419
v -0.00632099 0.01073350 0.00562406
v -0.00620342 0.01073350 0.00571792
v -0.00583486 0.01073350 0.00600292
v -0.00407282 0.01073350 0.00680186
v -0.00755216 0.02495021 -0.00437290
v -0.00762896 0.02285305 -0.00443929
v -0.00512704 0.01073350 -0.00189713
v -0.00527391 0.01390777 -0.00443929
v -0.00801732 0.02495021 0.00426656
v -0.00800386 0.02419596 0.00426656
v -0.00798683 0.02343753 0.00426656
v -0.00793656 0.02192067 0.00426656
v -0.00797575 0.01073350 0.00274996
v -0.00790568 0.02116224 0.00426656
v -0.00775406 0.01073350 0.00350769
v -0.00771645 0.01073350 0.00360956
v -0.00754741 0.01073350 0.00401246
v -0.00738748 0.01073350 0.00429747
v -0.00729366 0.01073350 0.00444397
v -0.00700823 0.01073350 0.00488693
v -0.00693302 0.01073350 0.00498079
v -0.00670024 0.01073350 0.00526580
v -0.00660682 0.01073350 0.00535508
v -0.00769230 0.02495021 -0.00399404
v -0.00766578 0.02212802 -0.00443929
v -0.00523313 0.01073350 -0.00223822
v -0.00571531 0.01361831 -0.00443929
v -0.00810480 0.02495021 0.00350769
v -0.00810124 0.02419596 0.00350769
v -0.00809649 0.02343753 0.00350769
v -0.00809055 0.02267910 0.00350769
v -0.00808184 0.02192067 0.00350769
v -0.00806759 0.02116224 0.00350769
v -0.00808778 0.01073350 0.00199109
v -0.00789737 0.02495021 -0.00331643
v -0.00769943 0.02142387 -0.00443929
v -0.00773229 0.02071136 -0.00443929
v -0.00776514 0.01999329 -0.00443929
v -0.00533091 0.01073350 -0.00227484
v -0.00568760 0.01073350 -0.00236412
v -0.00587484 0.01073350 -0.00239732
v -0.00644569 0.01345271 -0.00443929
v -0.00811668 0.02495021 0.00274996
v -0.00811668 0.02192067 0.00274996
v -0.00811431 0.02116224 0.00274996
v -0.00811668 0.01073350 0.00123336
v -0.00803078 0.02495021 -0.00256214
v -0.00788628 0.01964538 -0.00407416
v -0.00791162 0.01888696 -0.00407416
v -0.00793022 0.01812853 -0.00407416
v -0.00777900 0.01964538 -0.00443929
v -0.00644569 0.01073350 -0.00243165
v -0.00719548 0.01359187 -0.00443929
v -0.00720379 0.01073350 -0.00236298
v -0.00811668 0.02495021 -0.00104554
v -0.00811708 0.02343753 -0.00104096
v -0.00811708 0.02116224 -0.00028324
v -0.00811708 0.01661306 0.00047564
v -0.00811708 0.01509759 -0.00028324
v -0.00811708 0.01433916 -0.00104096
v -0.00811708 0.01358074 -0.00179983
v -0.00811668 0.01073350 -0.00104096
v -0.00803157 0.02495021 -0.00255756
v -0.00779365 0.01927243 -0.00443929
v -0.00782175 0.01852235 -0.00443929
v -0.00784392 0.01776532 -0.00443929
v -0.00786174 0.01700828 -0.00443929
v -0.00787797 0.01624985 -0.00443929
v -0.00789341 0.01549142 -0.00443929
v -0.00796942 0.01585602 -0.00407416
v -0.00803473 0.01888696 -0.00331643
v -0.00802048 0.01964538 -0.00331643
v -0.00749397 0.01375190 -0.00443929
v -0.00765826 0.01073350 -0.00223593
v -0.00809372 0.02495021 -0.00179983
v -0.00811233 0.02116224 -0.00179983
v -0.00811589 0.02040381 -0.00179983
v -0.00811708 0.01964538 -0.00179983
v -0.00811510 0.01433916 -0.00255756
v -0.00792508 0.01073350 -0.00179983
v -0.00807670 0.01433916 -0.00331643
v -0.00794487 0.01433916 -0.00407416
v -0.00804463 0.01812853 -0.00331643
v -0.00808303 0.02040381 -0.00255756
v -0.00789974 0.01509759 -0.00443929
v -0.00798129 0.01509759 -0.00407416
v -0.00767805 0.01385210 -0.00443929
v -0.00808897 0.01964538 -0.00255756
v -0.00809372 0.01888696 -0.00255756
v -0.00811035 0.01585602 -0.00255756
v -0.00811391 0.01509759 -0.00255756
v -0.00807709 0.01509759 -0.00331643
v -0.00783838 0.01432942 -0.00443929
v -0.00774614 0.01404414 -0.00443929
v -0.00806918 0.01585602 -0.00331643
f 1209 1210 1211
f 1209 1211 1212
f 1209 1212 1219
f 1209 1219 1213
f 1209 1213 1220
f 1209 1220 1230
f 1209 1230 1238
f 1209 1238 1248
f 1209 1248 1262
f 1209 1262 1282
f 1209 1282 1298
f 1209 1298 1297
f 1209 1297 1327
f 1209 1327 1307
f 1209 1307 1306
f 1209 1306 1305
f 1209 1305 1304
f 1209 1304 1303
f 1209 1303 1302
f 1209 1302 1301
f 1209 1301 1299
f 1209 1299 1283
f 1209 1283 1263
f 1209 1263 1249
f 1209 1249 1239
f 1209 1239 1231
f 1209 1231 1221
f 1209 1221 1214
f 1209 1214 1210
f 1210 1214 1215
f 1210 1215 1211
f 1211 1215 1216
f 1211 1216 1217
f 1211 1217 1218
f 1211 1218 1212
f 1212 1218 1219
f 1213 1219 1220
f 1214 1221 1222
f 1214 1222 1215
f 1215 1222 1216
f 1216 1222 1223
f 1216 1223 1224
f 1216 1224 1225
f 1216 1225 1226
f 1216 1226 1217
f 1217 1226 1218
f 1218 1227 1219
f 1218 1226 1228
f 1218 1228 1227
f 1219 1229 1220
f 1219 1227 1229
f 1220 1229 1230
f 1221 1231 1223
f 1221 1223 1222
f 1223 1231 1232
f 1223 1232 1224
f 1224 1232 1233
f 1224 1233 1225
f 1225 1233 1226
f 1226 1234 1228
f 1226 1233 1234
f 1227 1228 1235
f 1227 1235 1236
f 1227 1236 1229
f 1228 1234 1235
f 1229 1237 1230
f 1229 1236 1237
f 1230 1237 1238
f 1231 1239 1232
f 1232 1239 1240
f 1232 1240 1233
f 1233 1240 1250
f 1233 1250 1264
f 1233 1264 1285
f 1233 1285 1284
f 1233 1284 1300
f 1233 1300 1328
f 1233 1328 1347
f 1233 1347 1358
f 1233 1358 1370
f 1233 1370 1386
f 1233 1386 1398
f 1233 1398 1378
f 1233 1378 1366
f 1233 1366 1351
f 1233 1351 1332
f 1233 1332 1310
f 1233 1310 1286
f 1233 1286 1265
f 1233 1265 1251
f 1233 1251 1241
f 1233 1241 1242
f 1233 1242 1234
f 1234 1243 1244
f 1234 1244 1235
f 1234 1242 1243
f 1235 1245 1236
f 1235 1244 1245
f 1236 1245 1246
f 1236 1246 1237
f 1237 1246 1247
f 1237 1247 1238
f 1238 1247 1248
f 1239 1249 1250
f 1239 1250 1240
f 1241 1251 1252
f 1241 1252 1242
f 1242 1252 1243
f 1243 1253 1254
f 1243 1254 1255
f 1243 1255 1244
f 1243 1252 1253
f 1244 1255 1245
f 1245 1255 1256
f 1245 1256 1246
f 1246 1257 1258
f 1246 1258 1259
f 1246 1259 1260
f 1246 1260 1247
f 1246 1256 1257
f 1247 1261 1248
f 1247 1260 1261
f 1248 1261 1262
f 1249 1263 1264
f 1249 1264 1250
f 1251 1265 1266
f 1251 1266 1252
f 1252 1266 1253
f 1253 1267 1268
f 1253 1268 1254
f 1253 1266 1267
f 1254 1268 1269
f 1254 1269 1270
f 1254 1270 1271
f 1254 1271 1255
f 1255 1271 1256
f 1256 1271 1257
f 1257 1271 1258
f 1258 1272 1273
f 1258 1273 1274
f 1258 1274 1275
f 1258 1275 1260
f 1258 1260 1259
f 1258 1271 1276
f 1258 1276 1277
f 1258 1277 1278
f 1258 1278 1279
f 1258 1279 1280
f 1258 1280 1272
f 1260 1275 1261
f 1261 1274 1281
f 1261 1281 1262
f 1261 1275 1274
f 1262 1281 1282
f 1263 1283 1284
f 1263 1284 1285
f 1263 1285 1264
f 1265 1286 1287
f 1265 1287 1266
f 1266 1287 1267
f 1267 1287 1288
f 1267 1288 1289
f 1267 1289 1290
f 1267 1290 1268
f 1268 1290 1270
f 1268 1270 1269
f 1270 1291 1271
f 1270 1290 1291
f 1271 1291 1276
f 1272 1280 1292
f 1272 1292 1273
f 1273 1292 1281
f 1273 1281 1274
f 1276 1291 1277
f 1277 1291 1293
f 1277 1293 1278
f 1278 1294 1326
f 1278 1326 1325
f 1278 1325 1324
f 1278 1324 1346
f 1278 1346 1345
f 1278 1345 1344
f 1278 1344 1343
f 1278 1343 1342
f 1278 1342 1341
f 1278 1341 1340
f 1278 1340 1316
f 1278 1316 1339
f 1278 1339 1338
f 1278 1338 1336
f 1278 1336 1357
f 1278 1357 1369
f 1278 1369 1385
f 1278 1385 1403
f 1278 1403 1397
f 1278 1397 1377
f 1278 1377 1375
f 1278 1375 1364
f 1278 1364 1363
f 1278 1363 1362
f 1278 1362 1349
f 1278 1349 1330
f 1278 1330 1307
f 1278 1307 1327
f 1278 1327 1322
f 1278 1322 1295
f 1278 1295 1280
f 1278 1280 1279
f 1278 1293 1294
f 1280 1295 1292
f 1281 1292 1296
f 1281 1296 1297
f 1281 1297 1298
f 1281 1298 1282
f 1283 1299 1284
f 1284 1299 1301
f 1284 1301 1302
f 1284 1302 1303
f 1284 1303 1304
f 1284 1304 1305
f 1284 1305 1306
f 1284 1306 1307
f 1284 1307 1308
f 1284 1308 1331
f 1284 1331 1350
f 1284 1350 1365
f 1284 1365 1376
f 1284 1376 1396
f 1284 1396 1410
f 1284 1410 1417
f 1284 1417 1416
f 1284 1416 1408
f 1284 1408 1392
f 1284 1392 1391
f 1284 1391 1390
f 1284 1390 1389
f 1284 1389 1388
f 1284 1388 1387
f 1284 1387 1374
f 1284 1374 1361
f 1284 1361 1360
f 1284 1360 1359
f 1284 1359 1348
f 1284 1348 1329
f 1284 1329 1300
f 1286 1309 1287
f 1286 1310 1311
f 1286 1311 1312
f 1286 1312 1309
f 1287 1309 1288
f 1288 1313 1314
f 1288 1314 1289
f 1288 1309 1312
f 1288 1312 1315
f 1288 1315 1316
f 1288 1316 1313
f 1289 1314 1317
f 1289 1317 1290
f 1290 1317 1314
f 1290 1314 1318
f 1290 1318 1319
f 1290 1319 1291
f 1291 1319 1320
f 1291 1320 1293
f 1292 1321 1296
f 1292 1295 1322
f 1292 1322 1321
f 1293 1320 1323
f 1293 1323 1324
f 1293 1324 1325
f 1293 1325 1326
f 1293 1326 1294
f 1296 1321 1322
f 1296 1322 1297
f 1297 1322 1327
f 1300 1329 1328
f 1307 1330 1308
f 1308 1330 1331
f 1310 1332 1333
f 1310 1333 1334
f 1310 1334 1311
f 1311 1335 1312
f 1311 1334 1336
f 1311 1336 1335
f 1312 1335 1337
f 1312 1337 1338
f 1312 1338 1339
f 1312 1339 1316
f 1312 1316 1315
f 1313 1318 1314
f 1313 1316 1340
f 1313 1340 1341
f 1313 1341 1342
f 1313 1342 1343
f 1313 1343 1318
f 1318 1320 1319
f 1318 1343 1344
f 1318 1344 1345
f 1318 1345 1320
f 1320 1345 1323
f 1323 1345 1346
f 1323 1346 1324
f 1328 1329 1348
f 1328 1348 1347
f 1330 1349 1331
f 1331 1349 1350
f 1332 1351 1352
f 1332 1352 1353
f 1332 1353 1354
f 1332 1354 1355
f 1332 1355 1333
f 1333 1355 1356
f 1333 1356 1336
f 1333 1336 1334
f 1335 1336 1338
f 1335 1338 1337
f 1336 1356 1357
f 1347 1348 1359
f 1347 1359 1360
f 1347 1360 1361
f 1347 1361 1358
f 1349 1362 1350
f 1350 1362 1363
f 1350 1363 1364
f 1350 1364 1365
f 1351 1366 1367
f 1351 1367 1368
f 1351 1368 1352
f 1352 1368 1357
f 1352 1357 1353
f 1353 1357 1354
f 1354 1357 1355
f 1355 1357 1356
f 1357 1368 1369
f 1358 1361 1371
f 1358 1371 1372
f 1358 1372 1373
f 1358 1373 1370
f 1361 1374 1371
f 1364 1375 1365
f 1365 1375 1377
f 1365 1377 1376
f 1366 1378 1379
f 1366 1379 1380
f 1366 1380 1381
f 1366 1381 1367
f 1367 1381 1369
f 1367 1369 1368
f 1369 1381 1382
f 1369 1382 1383
f 1369 1383 1384
f 1369 1384 1385
f 1370 1373 1386
f 1371 1374 1387
f 1371 1387 1388
f 1371 1388 1372
f 1372 1388 1389
f 1372 1389 1373
f 1373 1389 1390
f 1373 1390 1391
f 1373 1391 1392
f 1373 1392 1393
f 1373 1393 1394
f 1373 1394 1395
f 1373 1395 1386
f 1376 1377 1397
f 1376 1397 1396
f 1378 1398 1399
f 1378 1399 1400
f 1378 1400 1401
f 1378 1401 1379
f 1379 1401 1384
f 1379 1384 1383
f 1379 1383 1382
f 1379 1382 1381
f 1379 1381 1380
f 1384 1402 1385
f 1384 1401 1402
f 1385 1402 1404
f 1385 1404 1405
f 1385 1405 1403
f 1386 1395 1394
f 1386 1394 1406
f 1386 1406 1407
f 1386 1407 1398
f 1392 1408 1393
f 1393 1408 1409
f 1393 1409 1394
f 1394 1409 1406
f 1396 1397 1410
f 1397 1403 1410
f 1398 1407 1411
f 1398 1411 1412
f 1398 1412 1413
f 1398 1413 1399
f 1399 1413 1414
f 1399 1414 1400
f 1400 1414 1402
f 1400 1402 1401
f 1402 1414 1415
f 1402 1415 1404
f 1403 1405 1416
f 1403 1416 1417
f 1403 1417 1410
f 1404 1415 1409
f 1404 1409 1405
f 1405 1409 1408
f 1405 1408 1416
f 1406 1409 1418
f 1406 1418 1407
f 1407 1418 1415
f 1407 1415 1411
f 1409 1415 1418
f 1411 1415 1412
f 1412 1415 1413
f 1413 1415 1414

o geometry_11
v -0.00495008 0.03168834 -0.00008804
v -0.00514050 0.03176598 -0.00008804
v -0.00568760 0.03197657 -0.00008804
v -0.00493306 0.03406645 -0.00322187
v -0.00490693 0.03406645 -0.00325766
v -0.00458390 0.03406645 -0.00407466
v -0.00460963 0.03102086 -0.00008804
v -0.00644569 0.03195604 -0.00008804
v -0.00644569 0.03406645 -0.00288153
v -0.00669905 0.03406645 -0.00292029
v -0.00568760 0.03406645 -0.00287642
v -0.00770814 0.03406645 -0.00443886
v -0.00753791 0.03406645 -0.00376115
v -0.00720775 0.03406645 -0.00332666
v -0.00708899 0.03166871 -0.00008804
v -0.00737006 0.03138494 -0.00008804
v -0.00783046 0.03090218 -0.00008804
v -0.00769785 0.03406645 -0.00407338
v -0.00809728 0.03026237 -0.00008804
v -0.00806205 0.03102086 -0.00255822
v -0.00811668 0.03026237 -0.00104178
v -0.00811668 0.02950476 -0.00008804
v -0.00811668 0.02495200 -0.00008804
v -0.00811668 0.02495110 -0.00104604
v -0.00528301 0.02495110 -0.00008804
v -0.00809372 0.02495110 -0.00180000
v -0.00811470 0.03026237 -0.00180000
v -0.00807670 0.03026237 -0.00255822
v -0.00803157 0.02495110 -0.00255822
v -0.00796783 0.03102086 -0.00331644
v -0.00795516 0.03177847 -0.00331644
v -0.00782690 0.03253696 -0.00407466
v -0.00789737 0.02495110 -0.00331644
v -0.00752089 0.02495110 -0.00443886
v -0.00769230 0.02495110 -0.00399458
v -0.00755216 0.02495110 -0.00437369
v -0.00771803 0.03329546 -0.00443886
v -0.00406819 0.03102103 -0.00443929
v -0.00470068 0.02495110 -0.00443886
v -0.00411122 0.03177847 -0.00443886
v -0.00440971 0.03330171 -0.00443886
v -0.00457638 0.03406645 -0.00443886
v -0.00468960 0.03026237 -0.00008804
f 1420 1421 1419
f 1420 1422 1421
f 1420 1419 1422
f 1423 1422 1419
f 1423 1424 1422
f 1423 1425 1424
f 1423 1419 1425
f 1419 1426 1425
f 1421 1426 1419
f 1427 1426 1421
f 1427 1428 1426
f 1427 1429 1428
f 1427 1421 1429
f 1429 1421 1422
f 1429 1422 1428
f 1428 1422 1430
f 1431 1428 1430
f 1432 1428 1431
f 1432 1433 1428
f 1434 1433 1432
f 1434 1435 1433
f 1434 1431 1435
f 1434 1432 1431
f 1436 1435 1431
f 1436 1437 1435
f 1436 1430 1437
f 1436 1431 1430
f 1438 1437 1430
f 1439 1437 1438
f 1439 1440 1437
f 1439 1441 1440
f 1442 1441 1439
f 1442 1443 1441
f 1442 1444 1443
f 1442 1445 1444
f 1442 1439 1445
f 1439 1438 1445
f 1446 1445 1438
f 1446 1444 1445
f 1446 1447 1444
f 1446 1448 1447
f 1446 1449 1448
f 1446 1438 1449
f 1449 1438 1430
f 1449 1430 1450
f 1448 1449 1450
f 1448 1450 1451
f 1448 1451 1447
f 1451 1452 1447
f 1453 1452 1451
f 1454 1452 1453
f 1454 1455 1452
f 1454 1453 1455
f 1453 1450 1455
f 1453 1451 1450
f 1455 1450 1430
f 1455 1430 1456
f 1455 1456 1452
f 1456 1457 1452
f 1456 1425 1457
f 1458 1425 1456
f 1458 1424 1425
f 1459 1424 1458
f 1459 1460 1424
f 1459 1456 1460
f 1459 1458 1456
f 1456 1430 1460
f 1460 1430 1422
f 1424 1460 1422
f 1461 1457 1425
f 1461 1443 1457
f 1461 1425 1443
f 1443 1425 1441
f 1426 1441 1425
f 1437 1441 1426
f 1440 1441 1437
f 1435 1437 1426
f 1433 1435 1426
f 1433 1426 1428
f 1443 1452 1457
f 1447 1452 1443
f 1444 1447 1443

o geometry_12
v 0.00000124 0.00980160 0.00301810
v 0.00446431 0.00980160 0.00209034
v 0.00000124 0.00980160 0.00689592
v 0.00000124 0.01585585 0.00308338
v 0.00423949 0.02051396 0.00209034
v 0.00423631 0.02040446 0.00209034
v 0.00423631 0.01812943 0.00209034
v 0.00807656 0.00980160 0.00209034
v 0.00189594 0.00980160 0.00689592
v 0.00000124 0.01011857 0.00692500
v 0.00000124 0.01613680 0.00309460
v 0.00426888 0.02116232 0.00209034
v 0.00798600 0.00980160 0.00273656
v 0.00811072 0.01737013 0.00209034
v 0.00811390 0.02116232 0.00275033
v 0.00810119 0.02419521 0.00350876
v 0.00809642 0.02343734 0.00350876
v 0.00809006 0.02267948 0.00350876
v 0.00808212 0.02192018 0.00350876
v 0.00265461 0.00980160 0.00689388
v 0.00189594 0.01012002 0.00692500
v 0.00037938 0.01011857 0.00692500
v 0.00000124 0.01054649 0.00696121
v 0.00000124 0.01642064 0.00310634
v 0.00149158 0.02317368 0.00311399
v 0.00429272 0.02125741 0.00209034
v 0.00798361 0.00980160 0.00275033
v 0.00800983 0.02452083 0.00426667
v 0.00800347 0.02419521 0.00426667
v 0.00811310 0.01812943 0.00209034
v 0.00811628 0.02192018 0.00275033
v 0.00810278 0.02452083 0.00350876
v 0.00269433 0.00980160 0.00689337
v 0.00303832 0.01016180 0.00692091
v 0.00265461 0.01014019 0.00692295
v 0.00189594 0.01054649 0.00696070
v 0.00037938 0.01054649 0.00696121
v 0.00000124 0.01092686 0.00699130
v 0.00000124 0.01663964 0.00328485
v 0.00138592 0.02343158 0.00347815
v 0.00165364 0.02367940 0.00320528
v 0.00526748 0.02452083 0.00209034
v 0.00441347 0.02168965 0.00209034
v 0.00776356 0.00980160 0.00350876
v 0.00798679 0.02343734 0.00426667
v 0.00796375 0.02267948 0.00426667
v 0.00774052 0.02452083 0.00506488
v 0.00811469 0.01964515 0.00209034
v 0.00811628 0.02116232 0.00209034
v 0.00811708 0.02267948 0.00275033
v 0.00811708 0.02452083 0.00275033
v 0.00334497 0.00980160 0.00686124
v 0.00333941 0.00986067 0.00686634
v 0.00316622 0.01054649 0.00693571
v 0.00265461 0.01282152 0.00711524
v 0.00265461 0.01206366 0.00706781
v 0.00265461 0.01130580 0.00701425
v 0.00265461 0.01054649 0.00695560
v 0.00189594 0.01130580 0.00702088
v 0.00000124 0.01130580 0.00702088
v 0.00000124 0.01682839 0.00343888
v 0.00122783 0.02343734 0.00426667
v 0.00146695 0.02387103 0.00371073
v 0.00190229 0.02398197 0.00347815
v 0.00215889 0.02385085 0.00311399
v 0.00265461 0.02439115 0.00426667
v 0.00477652 0.02452083 0.00350876
v 0.00811708 0.02452083 0.00209034
v 0.00760626 0.00980160 0.00392036
v 0.00793674 0.02192018 0.00426667
v 0.00773972 0.02343734 0.00498073
v 0.00758640 0.02452083 0.00540457
v 0.00771986 0.02423699 0.00509141
v 0.00811708 0.02267948 0.00209034
v 0.00401626 0.00980160 0.00674903
v 0.00354516 0.01054649 0.00689388
v 0.00344030 0.01132597 0.00695866
v 0.00341249 0.01206366 0.00701119
v 0.00341249 0.01282152 0.00705964
v 0.00341249 0.01358082 0.00710606
v 0.00341249 0.01433868 0.00714992
v 0.00265461 0.01358082 0.00715655
v 0.00189594 0.01282152 0.00712136
v 0.00189594 0.01206366 0.00707495
v 0.00000124 0.01206366 0.00707546
v 0.00000124 0.01168617 0.00704842
v 0.00000124 0.01694653 0.00414732
v 0.00122385 0.02343734 0.00578302
v 0.00143914 0.02390272 0.00578302
v 0.00144232 0.02389840 0.00426667
v 0.00000124 0.01696526 0.00426667
v 0.00189594 0.02417503 0.00426667
v 0.00265461 0.02440268 0.00578302
v 0.00465974 0.02452083 0.00426667
v 0.00189594 0.02418944 0.00578302
v 0.00760308 0.00980160 0.00392750
v 0.00757448 0.02401078 0.00538825
v 0.00758481 0.02452083 0.00540712
v 0.00758481 0.02451650 0.00540712
v 0.00417037 0.00980160 0.00672251
v 0.00371120 0.01108679 0.00691071
v 0.00381209 0.01159107 0.00692602
v 0.00417037 0.01661371 0.00713768
v 0.00341249 0.01509654 0.00718817
v 0.00265461 0.01433868 0.00719430
v 0.00189594 0.01358082 0.00715859
v 0.00113806 0.01282152 0.00712085
v 0.00000124 0.01244403 0.00709790
v 0.00128900 0.02343734 0.00654145
v 0.00147013 0.02386814 0.00654145
v 0.00000124 0.01695950 0.00578302
v 0.00000124 0.01694942 0.00602733
v 0.00000124 0.01692636 0.00654145
v 0.00498545 0.02452083 0.00645831
v 0.00469469 0.02452083 0.00580444
v 0.00468834 0.02452083 0.00578302
v 0.00466053 0.02452083 0.00506182
v 0.00465974 0.02452083 0.00502459
v 0.00189594 0.02410876 0.00654145
v 0.00265461 0.02430615 0.00654145
v 0.00738859 0.00980160 0.00430697
v 0.00721858 0.02343734 0.00578302
v 0.00716853 0.02267948 0.00578302
v 0.00710260 0.02116232 0.00573661
v 0.00700965 0.00980160 0.00488331
v 0.00755780 0.02343734 0.00535969
v 0.00742752 0.02452083 0.00559430
v 0.00731868 0.02423699 0.00570906
v 0.00492905 0.00980160 0.00647004
v 0.00455567 0.01468159 0.00692295
v 0.00421407 0.01439343 0.00699640
v 0.00417037 0.01509654 0.00705148
v 0.00404486 0.01358082 0.00698977
v 0.00417037 0.01585585 0.00709535
v 0.00472409 0.01661371 0.00698722
v 0.00479082 0.01737013 0.00700966
v 0.00417037 0.01737013 0.00717491
v 0.00265461 0.01509654 0.00722898
v 0.00341249 0.01585585 0.00722184
v 0.00000124 0.01358082 0.00715502
v 0.00000124 0.01320189 0.00713768
v 0.00000124 0.01282152 0.00711983
v 0.00143597 0.02343734 0.00699130
v 0.00150746 0.02382780 0.00693010
v 0.00000124 0.01664973 0.00708821
v 0.00511733 0.02452083 0.00653533
v 0.00189594 0.02392001 0.00699283
v 0.00265461 0.02401222 0.00705148
v 0.00568693 0.02452083 0.00667151
v 0.00686427 0.02343734 0.00619972
v 0.00683885 0.02267948 0.00617626
v 0.00682534 0.02229335 0.00616249
v 0.00669506 0.00980160 0.00526278
v 0.00670062 0.00980160 0.00525615
v 0.00729802 0.02452083 0.00574426
v 0.00688016 0.02419521 0.00621298
v 0.00459063 0.01509654 0.00693724
v 0.00543589 0.00980160 0.00623695
v 0.00532388 0.01915240 0.00692806
v 0.00485596 0.01812943 0.00702802
v 0.00492905 0.01964515 0.00707852
v 0.00417037 0.01812943 0.00720399
v 0.00265461 0.01585585 0.00725805
v 0.00000124 0.01585585 0.00725397
v 0.00000124 0.01509654 0.00722133
v 0.00000124 0.01471905 0.00720501
v 0.00341249 0.01661371 0.00725040
v 0.00136447 0.02267948 0.00705352
v 0.00189594 0.02343734 0.00713105
v 0.00000124 0.01625207 0.00717134
v 0.00341249 0.02401655 0.00705199
v 0.00265461 0.02343734 0.00720042
v 0.00602774 0.02452083 0.00665416
v 0.00417037 0.02401222 0.00704893
v 0.00644561 0.02343734 0.00649962
v 0.00644561 0.02267948 0.00646494
v 0.00650837 0.02199222 0.00638027
v 0.00639794 0.02116232 0.00641292
v 0.00636458 0.02040446 0.00638741
v 0.00680389 0.02178762 0.00614158
v 0.00632327 0.00980160 0.00561063
v 0.00704540 0.02452083 0.00603549
v 0.00688333 0.02452083 0.00621553
v 0.00644561 0.02419521 0.00651288
v 0.00581483 0.00980160 0.00599621
v 0.00573142 0.01964515 0.00673934
v 0.00577035 0.02040446 0.00676637
v 0.00580689 0.02116232 0.00679188
v 0.00535248 0.01964515 0.00694183
v 0.00498863 0.01889450 0.00702445
v 0.00539061 0.02040446 0.00695866
v 0.00542715 0.02116232 0.00697345
v 0.00492905 0.02040446 0.00710351
v 0.00417037 0.01888729 0.00722796
v 0.00341249 0.01737013 0.00727233
v 0.00265461 0.01661371 0.00727947
v 0.00189594 0.01661371 0.00727947
v 0.00265461 0.01737013 0.00729426
v 0.00265461 0.01812943 0.00729987
v 0.00265461 0.01888729 0.00729936
v 0.00265461 0.01964515 0.00729783
v 0.00265461 0.02040446 0.00729171
v 0.00189594 0.02040446 0.00726774
v 0.00189594 0.02116232 0.00725244
v 0.00189594 0.02192018 0.00723102
v 0.00189594 0.02267948 0.00720858
v 0.00341249 0.02343734 0.00720093
v 0.00265461 0.02267948 0.00723051
v 0.00644561 0.02452083 0.00651237
v 0.00492905 0.02397188 0.00701782
v 0.00543430 0.02389408 0.00696631
v 0.00417037 0.02343734 0.00719124
v 0.00587362 0.02343734 0.00684084
v 0.00586012 0.02267948 0.00683013
v 0.00583787 0.02192018 0.00681381
v 0.00632565 0.01964515 0.00635987
v 0.00631612 0.00980160 0.00561726
v 0.00674431 0.02040446 0.00608394
v 0.00663468 0.02452083 0.00638690
v 0.00545814 0.02192018 0.00698314
v 0.00492905 0.02116232 0.00712136
v 0.00417037 0.01964515 0.00724275
v 0.00341249 0.01812943 0.00728610
v 0.00341249 0.01888729 0.00729375
v 0.00341249 0.01964515 0.00729528
v 0.00341249 0.02040446 0.00729018
v 0.00341249 0.02116232 0.00727641
v 0.00265461 0.02116232 0.00727590
v 0.00265461 0.02192018 0.00725397
v 0.00341249 0.02267948 0.00723051
v 0.00341249 0.02192018 0.00725499
v 0.00549468 0.02343734 0.00698977
v 0.00492905 0.02343734 0.00712034
v 0.00417037 0.02267948 0.00721419
v 0.00548118 0.02267948 0.00698824
v 0.00492905 0.02192018 0.00712850
v 0.00417037 0.02040446 0.00724887
v 0.00417037 0.02116232 0.00724632
v 0.00417037 0.02192018 0.00723306
v 0.00492905 0.02267948 0.00712697
f 1462 1463 1469
f 1462 1469 1474
f 1462 1474 1488
f 1462 1488 1505
f 1462 1505 1530
f 1462 1530 1557
f 1462 1557 1582
f 1462 1582 1586
f 1462 1586 1615
f 1462 1615 1614
f 1462 1614 1642
f 1462 1642 1678
f 1462 1678 1646
f 1462 1646 1619
f 1462 1619 1590
f 1462 1590 1561
f 1462 1561 1536
f 1462 1536 1513
f 1462 1513 1494
f 1462 1494 1481
f 1462 1481 1470
f 1462 1470 1464
f 1462 1464 1471
f 1462 1471 1484
f 1462 1484 1499
f 1462 1499 1521
f 1462 1521 1547
f 1462 1547 1546
f 1462 1546 1569
f 1462 1569 1603
f 1462 1603 1602
f 1462 1602 1601
f 1462 1601 1627
f 1462 1627 1626
f 1462 1626 1625
f 1462 1625 1631
f 1462 1631 1606
f 1462 1606 1574
f 1462 1574 1573
f 1462 1573 1572
f 1462 1572 1552
f 1462 1552 1548
f 1462 1548 1522
f 1462 1522 1500
f 1462 1500 1485
f 1462 1485 1472
f 1462 1472 1465
f 1462 1465 1466
f 1462 1466 1467
f 1462 1467 1468
f 1462 1468 1463
f 1463 1468 1467
f 1463 1467 1466
f 1463 1466 1473
f 1463 1473 1487
f 1463 1487 1504
f 1463 1504 1503
f 1463 1503 1529
f 1463 1529 1535
f 1463 1535 1510
f 1463 1510 1509
f 1463 1509 1491
f 1463 1491 1475
f 1463 1475 1469
f 1464 1470 1483
f 1464 1483 1471
f 1465 1472 1473
f 1465 1473 1466
f 1469 1475 1476
f 1469 1476 1477
f 1469 1477 1478
f 1469 1478 1479
f 1469 1479 1480
f 1469 1480 1474
f 1470 1481 1482
f 1470 1482 1483
f 1471 1483 1498
f 1471 1498 1484
f 1472 1485 1473
f 1473 1486 1487
f 1473 1485 1486
f 1474 1480 1489
f 1474 1489 1490
f 1474 1490 1488
f 1475 1491 1492
f 1475 1492 1476
f 1476 1492 1493
f 1476 1493 1477
f 1477 1493 1489
f 1477 1489 1478
f 1478 1489 1479
f 1479 1489 1480
f 1481 1494 1495
f 1481 1495 1496
f 1481 1496 1482
f 1482 1496 1497
f 1482 1497 1498
f 1482 1498 1483
f 1484 1498 1499
f 1485 1500 1501
f 1485 1501 1486
f 1486 1501 1502
f 1486 1502 1503
f 1486 1503 1504
f 1486 1504 1487
f 1488 1490 1506
f 1488 1506 1507
f 1488 1507 1505
f 1489 1493 1512
f 1489 1512 1529
f 1489 1529 1503
f 1489 1503 1528
f 1489 1528 1555
f 1489 1555 1579
f 1489 1579 1578
f 1489 1578 1577
f 1489 1577 1576
f 1489 1576 1575
f 1489 1575 1607
f 1489 1607 1610
f 1489 1610 1634
f 1489 1634 1670
f 1489 1670 1680
f 1489 1680 1644
f 1489 1644 1643
f 1489 1643 1616
f 1489 1616 1588
f 1489 1588 1559
f 1489 1559 1533
f 1489 1533 1508
f 1489 1508 1490
f 1490 1508 1506
f 1491 1509 1492
f 1492 1510 1511
f 1492 1511 1493
f 1492 1509 1510
f 1493 1511 1512
f 1494 1513 1495
f 1495 1513 1514
f 1495 1514 1515
f 1495 1515 1516
f 1495 1516 1517
f 1495 1517 1518
f 1495 1518 1519
f 1495 1519 1496
f 1496 1519 1497
f 1497 1519 1520
f 1497 1520 1498
f 1498 1520 1499
f 1499 1520 1521
f 1500 1522 1501
f 1501 1523 1524
f 1501 1524 1502
f 1501 1522 1523
f 1502 1524 1525
f 1502 1525 1526
f 1502 1526 1503
f 1503 1526 1525
f 1503 1525 1527
f 1503 1527 1528
f 1505 1507 1531
f 1505 1531 1532
f 1505 1532 1530
f 1506 1508 1532
f 1506 1532 1507
f 1507 1532 1531
f 1508 1533 1534
f 1508 1534 1532
f 1510 1535 1511
f 1511 1535 1529
f 1511 1529 1512
f 1513 1536 1537
f 1513 1537 1514
f 1514 1537 1515
f 1515 1537 1538
f 1515 1538 1539
f 1515 1539 1540
f 1515 1540 1516
f 1516 1540 1541
f 1516 1541 1542
f 1516 1542 1543
f 1516 1543 1544
f 1516 1544 1545
f 1516 1545 1517
f 1517 1545 1518
f 1518 1545 1520
f 1518 1520 1519
f 1520 1545 1546
f 1520 1546 1547
f 1520 1547 1521
f 1522 1548 1523
f 1523 1549 1550
f 1523 1550 1551
f 1523 1551 1524
f 1523 1548 1552
f 1523 1552 1549
f 1524 1551 1553
f 1524 1553 1525
f 1525 1553 1527
f 1527 1554 1555
f 1527 1555 1528
f 1527 1553 1556
f 1527 1556 1554
f 1530 1532 1557
f 1532 1534 1558
f 1532 1558 1557
f 1533 1559 1560
f 1533 1560 1558
f 1533 1558 1534
f 1536 1561 1537
f 1537 1561 1562
f 1537 1562 1538
f 1538 1562 1539
f 1539 1562 1540
f 1540 1562 1541
f 1541 1562 1563
f 1541 1563 1542
f 1542 1564 1565
f 1542 1565 1543
f 1542 1563 1564
f 1543 1565 1566
f 1543 1566 1544
f 1544 1566 1567
f 1544 1567 1568
f 1544 1568 1569
f 1544 1569 1546
f 1544 1546 1545
f 1549 1570 1571
f 1549 1571 1550
f 1549 1552 1572
f 1549 1572 1573
f 1549 1573 1574
f 1549 1574 1570
f 1550 1571 1556
f 1550 1556 1551
f 1551 1556 1553
f 1554 1575 1576
f 1554 1576 1577
f 1554 1577 1578
f 1554 1578 1579
f 1554 1579 1555
f 1554 1556 1580
f 1554 1580 1581
f 1554 1581 1575
f 1556 1571 1580
f 1557 1558 1582
f 1558 1560 1583
f 1558 1583 1584
f 1558 1584 1585
f 1558 1585 1586
f 1558 1586 1587
f 1558 1587 1582
f 1559 1588 1560
f 1560 1588 1589
f 1560 1589 1583
f 1561 1563 1562
f 1561 1590 1591
f 1561 1591 1592
f 1561 1592 1593
f 1561 1593 1594
f 1561 1594 1563
f 1563 1594 1593
f 1563 1593 1595
f 1563 1595 1564
f 1564 1595 1596
f 1564 1596 1597
f 1564 1597 1598
f 1564 1598 1565
f 1565 1599 1566
f 1565 1598 1600
f 1565 1600 1599
f 1566 1599 1567
f 1567 1599 1601
f 1567 1601 1602
f 1567 1602 1603
f 1567 1603 1568
f 1568 1603 1569
f 1570 1604 1605
f 1570 1605 1571
f 1570 1574 1606
f 1570 1606 1604
f 1571 1605 1580
f 1575 1581 1607
f 1580 1605 1608
f 1580 1608 1581
f 1581 1608 1609
f 1581 1609 1610
f 1581 1610 1607
f 1582 1587 1586
f 1583 1611 1612
f 1583 1612 1613
f 1583 1613 1584
f 1583 1589 1611
f 1584 1613 1585
f 1585 1613 1614
f 1585 1614 1615
f 1585 1615 1586
f 1588 1616 1589
f 1589 1616 1617
f 1589 1617 1611
f 1590 1596 1618
f 1590 1618 1591
f 1590 1619 1620
f 1590 1620 1596
f 1591 1618 1595
f 1591 1595 1593
f 1591 1593 1592
f 1595 1618 1596
f 1596 1620 1597
f 1597 1620 1621
f 1597 1621 1598
f 1598 1621 1622
f 1598 1622 1623
f 1598 1623 1600
f 1599 1600 1624
f 1599 1624 1625
f 1599 1625 1626
f 1599 1626 1627
f 1599 1627 1601
f 1600 1628 1624
f 1600 1623 1628
f 1604 1629 1630
f 1604 1630 1605
f 1604 1606 1631
f 1604 1631 1625
f 1604 1625 1629
f 1605 1630 1608
f 1608 1630 1609
f 1609 1632 1610
f 1609 1630 1633
f 1609 1633 1632
f 1610 1632 1635
f 1610 1635 1634
f 1611 1617 1636
f 1611 1636 1637
f 1611 1637 1612
f 1612 1637 1638
f 1612 1638 1639
f 1612 1639 1613
f 1613 1639 1640
f 1613 1640 1641
f 1613 1641 1614
f 1614 1641 1642
f 1616 1643 1617
f 1617 1643 1644
f 1617 1644 1645
f 1617 1645 1636
f 1619 1646 1647
f 1619 1647 1620
f 1620 1647 1648
f 1620 1648 1649
f 1620 1649 1650
f 1620 1650 1651
f 1620 1651 1621
f 1621 1651 1622
f 1622 1651 1650
f 1622 1650 1652
f 1622 1652 1653
f 1622 1653 1654
f 1622 1654 1623
f 1623 1654 1655
f 1623 1655 1628
f 1624 1628 1656
f 1624 1656 1657
f 1624 1657 1658
f 1624 1658 1625
f 1625 1658 1659
f 1625 1659 1660
f 1625 1660 1661
f 1625 1661 1662
f 1625 1662 1663
f 1625 1663 1664
f 1625 1664 1665
f 1625 1665 1666
f 1625 1666 1667
f 1625 1667 1629
f 1628 1655 1656
f 1629 1667 1630
f 1630 1667 1633
f 1632 1633 1668
f 1632 1668 1635
f 1633 1667 1669
f 1633 1669 1668
f 1634 1635 1671
f 1634 1671 1672
f 1634 1672 1670
f 1635 1668 1673
f 1635 1673 1671
f 1636 1674 1675
f 1636 1675 1676
f 1636 1676 1637
f 1636 1645 1674
f 1637 1676 1639
f 1637 1639 1638
f 1639 1649 1640
f 1639 1676 1649
f 1640 1649 1648
f 1640 1648 1647
f 1640 1647 1677
f 1640 1677 1678
f 1640 1678 1679
f 1640 1679 1641
f 1641 1679 1678
f 1641 1678 1642
f 1644 1680 1645
f 1645 1680 1670
f 1645 1670 1674
f 1646 1678 1677
f 1646 1677 1647
f 1649 1676 1650
f 1650 1676 1652
f 1652 1676 1653
f 1653 1676 1675
f 1653 1675 1681
f 1653 1681 1654
f 1654 1681 1682
f 1654 1682 1655
f 1655 1682 1683
f 1655 1683 1656
f 1656 1683 1684
f 1656 1684 1659
f 1656 1659 1657
f 1657 1659 1658
f 1659 1684 1685
f 1659 1685 1660
f 1660 1685 1686
f 1660 1686 1661
f 1661 1686 1662
f 1662 1686 1687
f 1662 1687 1663
f 1663 1687 1688
f 1663 1688 1689
f 1663 1689 1665
f 1663 1665 1664
f 1665 1689 1666
f 1666 1689 1690
f 1666 1690 1667
f 1667 1690 1669
f 1668 1669 1691
f 1668 1691 1673
f 1669 1690 1692
f 1669 1692 1691
f 1670 1672 1693
f 1670 1693 1674
f 1671 1673 1694
f 1671 1694 1672
f 1672 1694 1693
f 1673 1691 1692
f 1673 1692 1695
f 1673 1695 1694
f 1674 1693 1696
f 1674 1696 1681
f 1674 1681 1675
f 1681 1696 1682
f 1682 1696 1697
f 1682 1697 1683
f 1683 1697 1698
f 1683 1698 1685
f 1683 1685 1684
f 1685 1698 1686
f 1686 1698 1699
f 1686 1699 1687
f 1687 1699 1700
f 1687 1700 1688
f 1688 1700 1695
f 1688 1695 1692
f 1688 1692 1689
f 1689 1692 1690
f 1693 1694 1701
f 1693 1701 1697
f 1693 1697 1696
f 1694 1695 1700
f 1694 1700 1699
f 1694 1699 1701
f 1697 1701 1698
f 1698 1701 1699

o geometry_13
v -0.00568752 0.02950476 0.00663183
v -0.00501397 0.03026237 0.00640555
v -0.00568752 0.03026237 0.00659763
v -0.00644548 0.02874626 0.00647396
v -0.00644548 0.02798777 0.00650487
v -0.00644548 0.02723016 0.00651869
v -0.00644548 0.02647167 0.00652066
v -0.00644548 0.02571317 0.00651672
v -0.00644548 0.02495110 0.00651211
v -0.00568752 0.02495110 0.00655224
v -0.00465211 0.03102086 0.00578261
v -0.00500532 0.03102086 0.00636016
v -0.00518452 0.02495110 0.00625951
v -0.00644548 0.03026237 0.00638252
v -0.00644548 0.02950476 0.00643449
v -0.00505479 0.03177847 0.00630688
v -0.00513574 0.03253696 0.00625294
v -0.00523537 0.03329546 0.00619834
v -0.00529557 0.03371576 0.00616808
v -0.00568752 0.03102086 0.00651540
v -0.00606944 0.03368096 0.00616282
v -0.00613828 0.03329546 0.00618781
v -0.00626524 0.03253696 0.00623583
v -0.00636695 0.03177847 0.00627925
v -0.00686511 0.03026237 0.00619110
v -0.00689036 0.02950476 0.00621018
v -0.00690386 0.02874626 0.00622268
v -0.00691216 0.02798777 0.00623189
v -0.00690974 0.02723016 0.00623255
v -0.00644790 0.02495110 0.00651079
v -0.00460299 0.03102086 0.00502482
v -0.00458327 0.03177847 0.00502482
v -0.00458327 0.03329546 0.00502482
v -0.00458396 0.03406645 0.00502482
v -0.00469224 0.03177847 0.00578261
v -0.00503092 0.02495110 0.00578261
v -0.00477319 0.03253696 0.00578261
v -0.00650706 0.03101997 0.00629306
v -0.00680042 0.03127250 0.00615032
v -0.00683951 0.03076744 0.00617268
v -0.00500636 0.03406645 0.00582997
v -0.00568752 0.03406645 0.00611414
v -0.00568752 0.03370951 0.00616742
v -0.00568752 0.03253696 0.00632595
v -0.00568752 0.03177847 0.00642462
v -0.00570897 0.03406645 0.00611348
v -0.00630226 0.03406645 0.00600560
v -0.00637906 0.03406645 0.00599047
v -0.00637145 0.03398168 0.00600626
v -0.00651709 0.03329546 0.00604178
v -0.00664405 0.03253696 0.00608586
v -0.00674611 0.03177847 0.00612664
v -0.00724426 0.03026237 0.00583260
v -0.00757810 0.03208008 0.00539714
v -0.00726952 0.02950476 0.00584576
v -0.00729131 0.02798777 0.00584839
v -0.00728301 0.02874626 0.00584905
v -0.00728889 0.02723016 0.00584115
v -0.00690212 0.02647167 0.00622860
v -0.00688794 0.02495110 0.00621873
v -0.00689486 0.02571317 0.00622399
v -0.00460956 0.03102086 -0.00008695
v -0.00458396 0.03177847 0.00275014
v -0.00458327 0.03177847 0.00350793
v -0.00500048 0.02495110 0.00503140
v -0.00500048 0.02495110 0.00426638
v -0.00458293 0.03405396 0.00426638
v -0.00458293 0.03406645 0.00426638
v -0.00497799 0.03406645 0.00577603
v -0.00487282 0.03329546 0.00578261
v -0.00709966 0.03406645 0.00561553
v -0.00710070 0.03405396 0.00561618
v -0.00714463 0.03329546 0.00566289
v -0.00717957 0.03253696 0.00570696
v -0.00759228 0.03157501 0.00541556
v -0.00760439 0.03102086 0.00543200
v -0.00755872 0.03253696 0.00537148
v -0.00774311 0.03406645 0.00490379
v -0.00774346 0.03405396 0.00490444
v -0.00776041 0.03329546 0.00494983
v -0.00762791 0.02950476 0.00546621
v -0.00761926 0.03026237 0.00545305
v -0.00762861 0.02798777 0.00546949
v -0.00762964 0.02874626 0.00547015
v -0.00762376 0.02723016 0.00546226
v -0.00728128 0.02647167 0.00583063
v -0.00689036 0.02495110 0.00621610
v -0.00504338 0.02495110 0.00351517
v -0.00468982 0.03026237 -0.00008695
v -0.00494997 0.03168834 -0.00008695
v -0.00466734 0.03406645 0.00350793
v -0.00458327 0.03253696 0.00350793
v -0.00747881 0.03406645 0.00528268
v -0.00747985 0.03405396 0.00528334
v -0.00752378 0.03329546 0.00532873
v -0.00777355 0.03253696 0.00499259
v -0.00774865 0.03180791 0.00509652
v -0.00783582 0.03406645 0.00427559
v -0.00794964 0.03329546 0.00426638
v -0.00802056 0.03253696 0.00426638
v -0.00804892 0.03177847 0.00426638
v -0.00783755 0.02950476 0.00502482
v -0.00782787 0.03026237 0.00502482
v -0.00780953 0.03102086 0.00502482
v -0.00783513 0.02798777 0.00502482
v -0.00783825 0.02874626 0.00502482
v -0.00782579 0.02723016 0.00502482
v -0.00761650 0.02647167 0.00545108
v -0.00727401 0.02571317 0.00581616
v -0.00726744 0.02495110 0.00579774
v -0.00528311 0.02495110 -0.00008695
v -0.00514058 0.03176598 -0.00008695
v -0.00503023 0.03406645 0.00299682
v -0.00783582 0.03406645 0.00426506
v -0.00783790 0.03405396 0.00426638
v -0.00809736 0.03026237 -0.00008695
v -0.00809978 0.03177847 0.00350793
v -0.00811673 0.03102086 0.00350793
v -0.00805481 0.03102086 0.00426638
v -0.00805965 0.02950476 0.00426638
v -0.00805861 0.03026237 0.00426638
v -0.00805515 0.02798777 0.00426638
v -0.00804927 0.02723016 0.00426638
v -0.00804062 0.02647167 0.00426638
v -0.00805827 0.02874626 0.00426638
v -0.00802990 0.02571317 0.00426638
v -0.00801744 0.02495110 0.00426638
v -0.00781265 0.02647167 0.00502482
v -0.00760646 0.02571317 0.00543726
v -0.00759332 0.02495110 0.00541884
v -0.00600683 0.02495110 -0.00008695
v -0.00568752 0.03197657 -0.00008695
v -0.00568752 0.03406645 0.00286789
v -0.00767773 0.03406645 0.00378355
v -0.00783064 0.03090218 -0.00008695
v -0.00811189 0.02969929 -0.00008695
v -0.00811673 0.03026237 0.00123391
v -0.00811673 0.02874626 0.00350793
v -0.00811569 0.02798777 0.00350793
v -0.00811154 0.02647167 0.00350793
v -0.00810497 0.02495110 0.00350398
v -0.00810462 0.02495110 0.00350793
v -0.00811396 0.02723016 0.00350793
v -0.00777286 0.02495110 0.00502482
v -0.00777321 0.02495467 0.00502482
v -0.00779535 0.02571317 0.00502482
v -0.00811673 0.02495110 0.00047086
v -0.00811673 0.02495200 -0.00008695
v -0.00588332 0.03197211 -0.00008695
v -0.00644548 0.03406645 0.00288565
v -0.00767600 0.03406645 0.00377895
v -0.00737019 0.03138494 -0.00008695
v -0.00811673 0.02950476 -0.00008695
v -0.00811673 0.02495110 0.00275014
v -0.00644548 0.03195604 -0.00008695
v -0.00645275 0.03406645 0.00288631
v -0.00734424 0.03406645 0.00340071
v -0.00708893 0.03166871 -0.00008695
v -0.00696405 0.03406645 0.00301458
v -0.00697062 0.03406645 0.00302116
f 1702 1703 1704
f 1702 1704 1705
f 1702 1705 1706
f 1702 1706 1707
f 1702 1707 1708
f 1702 1708 1709
f 1702 1709 1710
f 1702 1710 1711
f 1702 1711 1703
f 1703 1712 1713
f 1703 1713 1704
f 1703 1711 1714
f 1703 1714 1712
f 1704 1715 1716
f 1704 1716 1705
f 1704 1713 1717
f 1704 1717 1718
f 1704 1718 1719
f 1704 1719 1720
f 1704 1720 1721
f 1704 1721 1722
f 1704 1722 1723
f 1704 1723 1724
f 1704 1724 1725
f 1704 1725 1715
f 1705 1716 1726
f 1705 1726 1727
f 1705 1727 1706
f 1706 1727 1728
f 1706 1728 1729
f 1706 1729 1707
f 1707 1729 1708
f 1708 1729 1730
f 1708 1730 1709
f 1709 1730 1731
f 1709 1731 1710
f 1710 1731 1761
f 1710 1761 1788
f 1710 1788 1811
f 1710 1811 1831
f 1710 1831 1845
f 1710 1845 1828
f 1710 1828 1843
f 1710 1843 1842
f 1710 1842 1855
f 1710 1855 1848
f 1710 1848 1832
f 1710 1832 1812
f 1710 1812 1789
f 1710 1789 1767
f 1710 1767 1766
f 1710 1766 1737
f 1710 1737 1714
f 1710 1714 1711
f 1712 1732 1733
f 1712 1733 1734
f 1712 1734 1735
f 1712 1735 1736
f 1712 1736 1713
f 1712 1714 1737
f 1712 1737 1732
f 1713 1736 1738
f 1713 1738 1717
f 1715 1725 1739
f 1715 1739 1740
f 1715 1740 1741
f 1715 1741 1716
f 1716 1741 1726
f 1717 1738 1742
f 1717 1742 1718
f 1718 1742 1719
f 1719 1742 1720
f 1720 1742 1743
f 1720 1743 1744
f 1720 1744 1745
f 1720 1745 1746
f 1720 1746 1721
f 1721 1746 1722
f 1722 1746 1745
f 1722 1745 1744
f 1722 1744 1743
f 1722 1743 1747
f 1722 1747 1748
f 1722 1748 1749
f 1722 1749 1750
f 1722 1750 1723
f 1723 1750 1751
f 1723 1751 1724
f 1724 1751 1752
f 1724 1752 1725
f 1725 1753 1739
f 1725 1752 1753
f 1726 1754 1727
f 1726 1741 1755
f 1726 1755 1754
f 1727 1754 1756
f 1727 1756 1728
f 1728 1756 1729
f 1729 1757 1730
f 1729 1756 1758
f 1729 1758 1757
f 1730 1759 1760
f 1730 1760 1731
f 1730 1757 1759
f 1731 1760 1762
f 1731 1762 1761
f 1732 1763 1764
f 1732 1764 1765
f 1732 1765 1733
f 1732 1737 1766
f 1732 1766 1767
f 1732 1767 1763
f 1733 1765 1768
f 1733 1768 1769
f 1733 1769 1734
f 1734 1769 1735
f 1735 1769 1792
f 1735 1792 1814
f 1735 1814 1834
f 1735 1834 1851
f 1735 1851 1857
f 1735 1857 1860
f 1735 1860 1861
f 1735 1861 1858
f 1735 1858 1852
f 1735 1852 1835
f 1735 1835 1815
f 1735 1815 1799
f 1735 1799 1779
f 1735 1779 1794
f 1735 1794 1772
f 1735 1772 1749
f 1735 1749 1748
f 1735 1748 1747
f 1735 1747 1743
f 1735 1743 1742
f 1735 1742 1770
f 1735 1770 1771
f 1735 1771 1738
f 1735 1738 1736
f 1738 1771 1742
f 1739 1753 1740
f 1740 1753 1772
f 1740 1772 1773
f 1740 1773 1774
f 1740 1774 1741
f 1741 1774 1775
f 1741 1775 1755
f 1742 1771 1770
f 1749 1772 1751
f 1749 1751 1750
f 1751 1772 1752
f 1752 1772 1753
f 1754 1755 1776
f 1754 1776 1777
f 1754 1777 1756
f 1755 1775 1778
f 1755 1778 1779
f 1755 1779 1780
f 1755 1780 1781
f 1755 1781 1776
f 1756 1782 1758
f 1756 1777 1783
f 1756 1783 1782
f 1757 1784 1759
f 1757 1758 1782
f 1757 1782 1785
f 1757 1785 1784
f 1759 1786 1787
f 1759 1787 1761
f 1759 1761 1762
f 1759 1762 1760
f 1759 1784 1786
f 1761 1787 1788
f 1763 1767 1789
f 1763 1789 1790
f 1763 1790 1812
f 1763 1812 1832
f 1763 1832 1849
f 1763 1849 1854
f 1763 1854 1837
f 1763 1837 1817
f 1763 1817 1836
f 1763 1836 1853
f 1763 1853 1859
f 1763 1859 1856
f 1763 1856 1850
f 1763 1850 1833
f 1763 1833 1813
f 1763 1813 1791
f 1763 1791 1792
f 1763 1792 1769
f 1763 1769 1764
f 1764 1769 1793
f 1764 1793 1765
f 1765 1793 1769
f 1765 1769 1768
f 1772 1794 1795
f 1772 1795 1773
f 1773 1795 1774
f 1774 1795 1796
f 1774 1796 1775
f 1775 1796 1778
f 1776 1781 1797
f 1776 1797 1798
f 1776 1798 1777
f 1777 1798 1783
f 1778 1796 1779
f 1779 1796 1795
f 1779 1795 1794
f 1779 1799 1800
f 1779 1800 1801
f 1779 1801 1780
f 1780 1801 1781
f 1781 1801 1802
f 1781 1802 1797
f 1782 1803 1785
f 1782 1783 1804
f 1782 1804 1803
f 1783 1798 1805
f 1783 1805 1804
f 1784 1806 1786
f 1784 1785 1807
f 1784 1807 1806
f 1785 1803 1807
f 1786 1808 1809
f 1786 1809 1787
f 1786 1806 1808
f 1787 1809 1810
f 1787 1810 1788
f 1788 1810 1811
f 1789 1812 1790
f 1791 1813 1814
f 1791 1814 1792
f 1797 1802 1805
f 1797 1805 1798
f 1799 1815 1816
f 1799 1816 1800
f 1800 1816 1817
f 1800 1817 1818
f 1800 1818 1801
f 1801 1818 1802
f 1802 1818 1819
f 1802 1819 1820
f 1802 1820 1803
f 1802 1803 1804
f 1802 1804 1805
f 1803 1821 1807
f 1803 1820 1822
f 1803 1822 1821
f 1806 1823 1824
f 1806 1824 1825
f 1806 1825 1808
f 1806 1807 1826
f 1806 1826 1823
f 1807 1821 1826
f 1808 1825 1827
f 1808 1827 1828
f 1808 1828 1829
f 1808 1829 1809
f 1809 1829 1830
f 1809 1830 1810
f 1810 1830 1811
f 1811 1830 1831
f 1813 1833 1814
f 1814 1833 1834
f 1815 1835 1836
f 1815 1836 1817
f 1815 1817 1816
f 1817 1837 1838
f 1817 1838 1818
f 1818 1838 1819
f 1819 1821 1822
f 1819 1822 1820
f 1819 1838 1854
f 1819 1854 1849
f 1819 1849 1848
f 1819 1848 1855
f 1819 1855 1839
f 1819 1839 1821
f 1821 1839 1840
f 1821 1840 1826
f 1823 1826 1841
f 1823 1841 1842
f 1823 1842 1843
f 1823 1843 1824
f 1824 1843 1825
f 1825 1843 1827
f 1826 1840 1844
f 1826 1844 1841
f 1827 1843 1828
f 1828 1845 1846
f 1828 1846 1847
f 1828 1847 1829
f 1829 1847 1830
f 1830 1847 1831
f 1831 1847 1846
f 1831 1846 1845
f 1832 1848 1849
f 1833 1850 1851
f 1833 1851 1834
f 1835 1852 1836
f 1836 1852 1853
f 1837 1854 1838
f 1839 1855 1840
f 1840 1855 1844
f 1841 1844 1855
f 1841 1855 1842
f 1850 1856 1851
f 1851 1856 1857
f 1852 1858 1859
f 1852 1859 1853
f 1856 1859 1860
f 1856 1860 1857
f 1858 1861 1859
f 1859 1861 1860

o geometry_14
v -0.00407282 -0.00136878 0.00061570
v -0.00407282 0.00058273 -0.00135810
v -0.00410519 -0.00136878 0.00061570
v -0.00407282 -0.00491500 0.00061570
v -0.00407282 0.00058273 -0.00443929
v -0.00411057 0.00058273 -0.00135860
v -0.00417085 -0.00136932 0.00061570
v -0.00428710 -0.00470841 0.00061570
v -0.00428762 -0.00473606 0.00047468
v -0.00407282 -0.00494266 0.00047468
v -0.00449849 0.00058273 -0.00443929
v -0.00407282 -0.00218538 -0.00443929
v -0.00417085 0.00058273 -0.00135959
v -0.00436927 -0.00141053 0.00061570
v -0.00463858 -0.00434294 0.00061570
v -0.00465012 -0.00435650 0.00047468
v -0.00429483 -0.00474420 -0.00028337
v -0.00407282 -0.00495675 -0.00028337
v -0.00466296 0.00058273 -0.00423295
v -0.00457030 0.00041301 -0.00443929
v -0.00407282 -0.00236541 -0.00435517
v -0.00431711 -0.00239415 -0.00406818
v -0.00416469 -0.00196361 -0.00443929
v -0.00498994 0.00058273 -0.00158077
v -0.00492900 -0.00154229 0.00061570
v -0.00535414 -0.00280462 0.00061570
v -0.00465693 -0.00436463 -0.00028337
v -0.00535951 -0.00281546 0.00047468
v -0.00424372 -0.00468292 -0.00104192
v -0.00407282 -0.00485319 -0.00104192
v -0.00407282 -0.00490741 -0.00067477
v -0.00460647 -0.00430390 -0.00104192
v -0.00532648 0.00044663 -0.00296871
v -0.00522806 0.00058273 -0.00312804
v -0.00457935 -0.00007012 -0.00443929
v -0.00533186 -0.00007012 -0.00297861
v -0.00407282 -0.00255573 -0.00425324
v -0.00452863 -0.00268045 -0.00366689
v -0.00463531 -0.00217508 -0.00381088
v -0.00442981 -0.00158676 -0.00431657
v -0.00431409 -0.00158676 -0.00443929
v -0.00503227 0.00058273 -0.00161441
v -0.00536069 -0.00182859 0.00061570
v -0.00540249 -0.00234589 0.00061570
v -0.00540957 -0.00234480 0.00047468
v -0.00536147 -0.00281980 -0.00028337
v -0.00534300 -0.00278239 -0.00087665
v -0.00407282 -0.00482174 -0.00122450
v -0.00456611 -0.00425835 -0.00146003
v -0.00538624 -0.00007012 -0.00255802
v -0.00534640 0.00058273 -0.00276188
v -0.00457332 -0.00047626 -0.00443929
v -0.00457148 -0.00052669 -0.00443929
v -0.00532137 -0.00053970 -0.00296030
v -0.00407282 -0.00256604 -0.00424631
v -0.00466912 -0.00294939 -0.00316119
v -0.00407282 -0.00296892 -0.00397268
v -0.00407282 -0.00339511 -0.00361048
v -0.00440767 -0.00316249 -0.00337495
v -0.00452981 -0.00345476 -0.00290488
v -0.00533264 -0.00201350 -0.00222303
v -0.00497867 -0.00158676 -0.00331656
v -0.00470765 -0.00158676 -0.00393755
v -0.00475234 -0.00239415 -0.00337495
v -0.00451133 -0.00101090 -0.00440811
v -0.00446507 -0.00106892 -0.00443929
v -0.00536252 0.00058273 -0.00196969
v -0.00540289 -0.00221412 0.00061570
v -0.00541167 -0.00234480 -0.00028337
v -0.00536593 0.00058273 -0.00203946
v -0.00537261 -0.00239794 -0.00109437
v -0.00535374 -0.00216315 -0.00179997
v -0.00530119 -0.00268641 -0.00138235
v -0.00469861 -0.00387608 -0.00174752
v -0.00407282 -0.00467859 -0.00167825
v -0.00465588 -0.00363261 -0.00239918
v -0.00445655 -0.00413798 -0.00196474
v -0.00413966 -0.00458641 -0.00172872
v -0.00536619 0.00058273 -0.00258573
v -0.00535964 -0.00080702 -0.00257633
v -0.00535374 -0.00158676 -0.00232942
v -0.00539162 -0.00158676 -0.00179997
v -0.00453820 -0.00073436 -0.00443929
v -0.00470725 -0.00078642 -0.00412310
v -0.00528376 -0.00104506 -0.00284105
v -0.00477160 -0.00316249 -0.00261443
v -0.00407282 -0.00377142 -0.00322057
v -0.00407282 -0.00409948 -0.00282324
v -0.00435787 -0.00387608 -0.00261443
v -0.00448446 -0.00099192 -0.00443929
v -0.00407282 -0.00452188 -0.00201422
v -0.00407282 -0.00433427 -0.00241056
f 1862 1863 1864
f 1862 1864 1868
f 1862 1868 1875
f 1862 1875 1886
f 1862 1886 1904
f 1862 1904 1929
f 1862 1929 1905
f 1862 1905 1887
f 1862 1887 1876
f 1862 1876 1869
f 1862 1869 1865
f 1862 1865 1871
f 1862 1871 1879
f 1862 1879 1892
f 1862 1892 1891
f 1862 1891 1909
f 1862 1909 1936
f 1862 1936 1952
f 1862 1952 1953
f 1862 1953 1949
f 1862 1949 1948
f 1862 1948 1919
f 1862 1919 1918
f 1862 1918 1916
f 1862 1916 1898
f 1862 1898 1882
f 1862 1882 1873
f 1862 1873 1866
f 1862 1866 1863
f 1863 1866 1872
f 1863 1872 1880
f 1863 1880 1895
f 1863 1895 1912
f 1863 1912 1940
f 1863 1940 1931
f 1863 1931 1928
f 1863 1928 1903
f 1863 1903 1885
f 1863 1885 1874
f 1863 1874 1867
f 1863 1867 1868
f 1863 1868 1864
f 1865 1869 1870
f 1865 1870 1871
f 1866 1873 1884
f 1866 1884 1902
f 1866 1902 1927
f 1866 1927 1951
f 1866 1951 1944
f 1866 1944 1914
f 1866 1914 1913
f 1866 1913 1896
f 1866 1896 1881
f 1866 1881 1872
f 1867 1874 1868
f 1868 1874 1875
f 1869 1876 1870
f 1870 1876 1877
f 1870 1877 1878
f 1870 1878 1871
f 1871 1878 1879
f 1872 1881 1880
f 1873 1882 1883
f 1873 1883 1884
f 1874 1885 1886
f 1874 1886 1875
f 1876 1887 1877
f 1877 1888 1878
f 1877 1887 1889
f 1877 1889 1888
f 1878 1890 1891
f 1878 1891 1892
f 1878 1892 1879
f 1878 1888 1893
f 1878 1893 1890
f 1880 1881 1894
f 1880 1894 1895
f 1881 1896 1897
f 1881 1897 1894
f 1882 1898 1883
f 1883 1898 1899
f 1883 1899 1900
f 1883 1900 1901
f 1883 1901 1884
f 1884 1901 1902
f 1885 1903 1904
f 1885 1904 1886
f 1887 1905 1906
f 1887 1906 1889
f 1888 1889 1907
f 1888 1907 1908
f 1888 1908 1893
f 1889 1906 1907
f 1890 1909 1891
f 1890 1893 1910
f 1890 1910 1909
f 1893 1908 1910
f 1894 1897 1911
f 1894 1911 1912
f 1894 1912 1895
f 1896 1913 1897
f 1897 1913 1914
f 1897 1914 1915
f 1897 1915 1911
f 1898 1916 1899
f 1899 1917 1900
f 1899 1916 1918
f 1899 1918 1919
f 1899 1919 1920
f 1899 1920 1921
f 1899 1921 1917
f 1900 1922 1923
f 1900 1923 1924
f 1900 1924 1901
f 1900 1917 1925
f 1900 1925 1922
f 1901 1924 1926
f 1901 1926 1927
f 1901 1927 1902
f 1903 1928 1904
f 1904 1928 1929
f 1905 1929 1906
f 1906 1930 1907
f 1906 1929 1931
f 1906 1931 1911
f 1906 1911 1930
f 1907 1930 1908
f 1908 1930 1932
f 1908 1932 1933
f 1908 1933 1922
f 1908 1922 1934
f 1908 1934 1935
f 1908 1935 1910
f 1909 1910 1936
f 1910 1935 1937
f 1910 1937 1938
f 1910 1938 1939
f 1910 1939 1936
f 1911 1931 1940
f 1911 1940 1912
f 1911 1915 1941
f 1911 1941 1942
f 1911 1942 1943
f 1911 1943 1930
f 1914 1944 1924
f 1914 1924 1945
f 1914 1945 1915
f 1915 1946 1922
f 1915 1922 1942
f 1915 1942 1941
f 1915 1945 1924
f 1915 1924 1946
f 1917 1922 1925
f 1917 1921 1937
f 1917 1937 1947
f 1917 1947 1922
f 1919 1948 1921
f 1919 1921 1920
f 1921 1948 1949
f 1921 1949 1950
f 1921 1950 1937
f 1922 1947 1937
f 1922 1937 1934
f 1922 1933 1942
f 1922 1946 1923
f 1923 1946 1924
f 1924 1944 1926
f 1926 1944 1951
f 1926 1951 1927
f 1928 1931 1929
f 1930 1943 1932
f 1932 1943 1933
f 1933 1943 1942
f 1934 1937 1935
f 1936 1939 1952
f 1937 1950 1938
f 1938 1950 1949
f 1938 1949 1953
f 1938 1953 1939
f 1939 1953 1952

o geometry_15
v 0.00802984 0.03102067 0.00208983
v 0.00805846 0.03102067 -0.00247167
v 0.00785192 0.03169875 -0.00247167
v 0.00796971 0.02461375 -0.00291828
v 0.00781986 0.03176248 -0.00247167
v 0.00776986 0.03162482 0.00208983
v 0.00725094 0.03254253 -0.00247167
v 0.00673029 0.03309230 -0.00247167
v 0.00700164 0.03258161 0.00208983
v 0.00644548 0.03281529 0.00208983
v 0.00644548 0.03325884 -0.00247167
v 0.00568761 0.03329453 -0.00247167
v 0.00525896 0.02461375 -0.00291828
v 0.00807644 0.01394106 -0.00291828
v 0.00806580 0.01888666 -0.00291828
v 0.00809846 0.01433833 -0.00291828
v 0.00811708 0.00980160 -0.00104122
v 0.00811518 0.01433833 -0.00255797
v 0.00809884 0.01509663 -0.00291828
v 0.00811466 0.03026187 -0.00179968
v 0.00808087 0.03026187 -0.00247167
v 0.00805669 0.01964496 -0.00291828
v 0.00807087 0.03093400 -0.00247167
v 0.00803238 0.02116155 -0.00291828
v 0.00811673 0.03026187 0.00208983
v 0.00811673 0.03026187 -0.00104151
v 0.00811708 0.02461375 -0.00104122
v 0.00811708 0.00980160 0.00123292
v 0.00811708 0.01812836 0.00199129
v 0.00809125 0.00980160 0.00197806
v 0.00807681 0.00980160 0.00208983
v 0.00811328 0.01812836 0.00208983
v 0.00811670 0.02116155 0.00208983
v 0.00461838 0.03177862 0.00208983
v 0.00502490 0.03261136 0.00208983
v 0.00463079 0.03187719 0.00208983
v 0.00459459 0.03177862 -0.00247167
v 0.00488112 0.03260371 -0.00247167
v 0.00498008 0.03257482 0.00208983
v 0.00546521 0.03281359 0.00208983
v 0.00568761 0.03283908 0.00208983
v 0.00609378 0.03282803 0.00208983
v 0.00528327 0.01433833 -0.00291828
v 0.00459907 0.03102067 -0.00247167
v 0.00528821 0.01360758 -0.00291828
v 0.00458289 0.00980160 -0.00179960
v 0.00529922 0.01313636 -0.00291828
v 0.00719868 0.01255640 -0.00291828
v 0.00644550 0.01246361 -0.00291828
v 0.00570524 0.01275214 -0.00291828
v 0.00540253 0.01302617 -0.00291828
v 0.00495207 0.00980160 -0.00230796
v 0.00568739 0.00980160 -0.00241581
v 0.00644550 0.00980160 -0.00241679
v 0.00719032 0.00980160 -0.00235061
v 0.00765218 0.00980160 -0.00223050
v 0.00720400 0.00980160 -0.00234914
v 0.00776157 0.01294788 -0.00291828
v 0.00785500 0.01311896 -0.00291828
v 0.00791881 0.00980160 -0.00179960
v 0.00446476 0.00980160 0.00208983
v 0.00452250 0.00980160 -0.00104122
v 0.00428549 0.01812836 0.00123292
v 0.00423687 0.01812836 0.00208983
v 0.00423991 0.02051344 0.00208983
v 0.00423687 0.02040325 0.00208983
v 0.00428549 0.02040325 0.00123292
f 1955 1956 1954
f 1957 1956 1955
f 1958 1956 1957
f 1958 1959 1956
f 1958 1960 1959
f 1958 1957 1960
f 1960 1957 1961
f 1960 1961 1962
f 1960 1962 1959
f 1959 1962 1954
f 1959 1954 1956
f 1962 1963 1954
f 1962 1964 1963
f 1962 1961 1964
f 1957 1964 1961
f 1957 1965 1964
f 1957 1966 1965
f 1957 1967 1966
f 1968 1967 1957
f 1969 1967 1968
f 1969 1970 1967
f 1969 1971 1970
f 1972 1971 1969
f 1972 1973 1971
f 1972 1974 1973
f 1972 1968 1974
f 1972 1969 1968
f 1975 1974 1968
f 1975 1976 1974
f 1977 1976 1975
f 1977 1957 1976
f 1977 1975 1957
f 1975 1968 1957
f 1976 1957 1955
f 1976 1955 1954
f 1976 1954 1978
f 1976 1978 1979
f 1976 1979 1973
f 1976 1973 1974
f 1971 1973 1979
f 1971 1979 1980
f 1971 1980 1970
f 1980 1981 1970
f 1982 1981 1980
f 1983 1981 1982
f 1983 1984 1981
f 1983 1985 1984
f 1983 1982 1985
f 1986 1985 1982
f 1986 1978 1985
f 1986 1982 1978
f 1982 1980 1978
f 1979 1978 1980
f 1985 1978 1984
f 1978 1954 1984
f 1954 1987 1984
f 1963 1987 1954
f 1988 1987 1963
f 1989 1987 1988
f 1989 1990 1987
f 1989 1991 1990
f 1992 1991 1989
f 1992 1965 1991
f 1992 1988 1965
f 1992 1989 1988
f 1993 1965 1988
f 1994 1965 1993
f 1995 1965 1994
f 1995 1963 1965
f 1995 1994 1963
f 1994 1993 1963
f 1993 1988 1963
f 1964 1965 1963
f 1966 1991 1965
f 1966 1990 1991
f 1996 1990 1966
f 1996 1997 1990
f 1998 1997 1996
f 1998 1999 1997
f 1998 2000 1999
f 1998 1996 2000
f 1996 1966 2000
f 2000 1966 1967
f 2001 2000 1967
f 2002 2000 2001
f 2003 2000 2002
f 2004 2000 2003
f 2004 2005 2000
f 2004 2003 2005
f 2003 2006 2005
f 2003 2002 2006
f 2002 2007 2006
f 2002 2001 2007
f 2007 2001 2008
f 2007 2008 2006
f 2008 2009 2006
f 2010 2009 2008
f 2010 2011 2009
f 2010 2001 2011
f 2010 2008 2001
f 2011 2001 1967
f 2012 2011 1967
f 2012 2009 2011
f 2012 1967 2009
f 2013 2009 1967
f 2013 1970 2009
f 2013 1967 1970
f 1970 1984 2009
f 1981 1984 1970
f 2009 1984 1999
f 2006 2009 1999
f 2005 2006 1999
f 2005 1999 2000
f 2014 1999 1984
f 2015 1999 2014
f 2015 2016 1999
f 2015 2017 2016
f 2015 2014 2017
f 2017 2014 1987
f 2018 2017 1987
f 2019 2017 2018
f 2019 2016 2017
f 2019 2020 2016
f 2019 1990 2020
f 2019 2018 1990
f 2018 1987 1990
f 2020 1990 2016
f 2016 1990 1999
f 1997 1999 1990
f 2014 1984 1987

o geometry_16
v -0.00407282 0.00409343 -0.00289238
v -0.00408391 0.00409343 -0.00287720
v -0.00764282 0.00632174 -0.00148888
v -0.00759017 0.00712387 -0.00218351
v -0.00762303 0.00751259 -0.00220818
v -0.00720379 0.00827118 -0.00234958
v -0.00720379 0.01073350 -0.00236286
v -0.00644569 0.01073350 -0.00243214
v -0.00587484 0.01073350 -0.00239703
v -0.00407282 0.00827118 -0.00241601
v -0.00407282 0.00409343 0.00606287
v -0.00441922 0.00409343 -0.00240082
v -0.00773822 0.00622618 -0.00104098
v -0.00800504 0.00675531 -0.00104098
v -0.00772991 0.00682486 -0.00176502
v -0.00454392 0.00409343 -0.00216074
v -0.00473710 0.00409343 -0.00177641
v -0.00788984 0.00751259 -0.00179919
v -0.00765192 0.00827118 -0.00223001
v -0.00765826 0.01073350 -0.00223665
v -0.00568760 0.01073350 -0.00236476
v -0.00407282 0.00892966 -0.00232396
v -0.00407282 0.00441259 0.00620711
v -0.00435310 0.00426309 0.00609988
v -0.00429333 0.00409343 0.00601827
v -0.00481826 0.00409343 -0.00150501
v -0.00769982 0.00549490 0.00274913
v -0.00780909 0.00614948 -0.00028276
v -0.00811668 0.00751259 -0.00104098
v -0.00807591 0.00675531 -0.00028276
v -0.00791914 0.00827118 -0.00179919
v -0.00792508 0.01073350 -0.00179919
v -0.00533091 0.01073350 -0.00227461
v -0.00407282 0.00900376 -0.00230782
v -0.00407282 0.00523878 0.00633142
v -0.00417100 0.00523878 0.00632478
v -0.00412864 0.00450165 0.00621565
v -0.00463140 0.00476816 0.00618623
v -0.00490218 0.00450165 0.00596513
v -0.00565355 0.00447630 0.00558839
v -0.00538871 0.00409343 0.00544985
v -0.00491049 0.00409343 -0.00104098
v -0.00700111 0.00469991 0.00426651
v -0.00767766 0.00548320 0.00350734
v -0.00791676 0.00599672 0.00274913
v -0.00810441 0.00675531 0.00123366
v -0.00811668 0.00751259 0.00123366
v -0.00811668 0.01073350 -0.00104098
v -0.00523313 0.01073350 -0.00223855
v -0.00407282 0.00932033 -0.00189693
v -0.00407282 0.00533629 0.00634376
v -0.00417100 0.00599672 0.00641778
v -0.00512268 0.00523878 0.00610272
v -0.00568760 0.00523878 0.00584461
v -0.00616146 0.00472591 0.00547262
v -0.00474344 0.00523878 0.00622039
v -0.00548768 0.00409343 0.00501997
v -0.00692272 0.00474866 0.00475806
v -0.00644569 0.00444640 0.00426651
v -0.00761115 0.00555210 0.00393627
v -0.00778969 0.00599672 0.00350734
v -0.00801336 0.00675531 0.00274913
v -0.00810005 0.00675531 0.00199092
v -0.00811668 0.01073350 0.00123366
v -0.00512704 0.01073350 -0.00189788
v -0.00407282 0.00935218 -0.00179919
v -0.00407282 0.00609487 0.00643675
v -0.00407282 0.00685281 0.00651931
v -0.00417100 0.00675531 0.00649939
v -0.00487051 0.00599672 0.00626405
v -0.00524976 0.00599672 0.00614258
v -0.00568760 0.00599672 0.00591578
v -0.00623113 0.00523878 0.00552481
v -0.00530676 0.00638479 0.00616156
v -0.00661038 0.00523878 0.00521071
v -0.00698804 0.00523878 0.00483208
v -0.00762540 0.00599672 0.00396379
v -0.00739104 0.00599672 0.00434337
v -0.00780434 0.00675531 0.00350734
v -0.00800781 0.00751259 0.00274913
v -0.00808778 0.01073350 0.00199092
v -0.00809609 0.00827118 0.00199092
v -0.00810955 0.01073350 0.00142060
v -0.00407282 0.01073350 0.00301484
v -0.00407282 0.00761075 0.00658859
v -0.00417100 0.00751259 0.00656866
v -0.00500392 0.00668445 0.00628397
v -0.00563178 0.00668445 0.00599929
v -0.00626953 0.00599672 0.00555613
v -0.00492910 0.00751259 0.00636558
v -0.00534200 0.00689051 0.00617864
v -0.00664838 0.00599672 0.00524013
v -0.00701179 0.00599672 0.00486150
v -0.00762421 0.00675531 0.00396474
v -0.00739936 0.00675531 0.00434432
v -0.00740134 0.00751259 0.00434052
v -0.00702050 0.00675531 0.00487763
v -0.00762184 0.00751259 0.00396189
v -0.00779879 0.00751259 0.00350734
v -0.00800188 0.00827118 0.00274913
v -0.00797575 0.01073350 0.00274913
v -0.00407282 0.01073350 0.00680210
v -0.00407282 0.00836933 0.00664837
v -0.00417100 0.00827118 0.00662749
v -0.00575410 0.00751259 0.00597651
v -0.00537486 0.00751259 0.00619667
v -0.00629328 0.00675531 0.00557985
v -0.00492910 0.00827118 0.00640639
v -0.00417100 0.00902976 0.00667779
v -0.00417100 0.00978770 0.00672334
v -0.00417100 0.01054629 0.00676604
v -0.00415556 0.01073350 0.00678122
v -0.00667214 0.00675531 0.00525626
v -0.00702209 0.00751259 0.00488522
v -0.00702090 0.00827118 0.00488807
v -0.00700823 0.01073350 0.00488712
v -0.00740015 0.00827118 0.00433388
v -0.00668559 0.00751259 0.00526385
v -0.00669391 0.00827118 0.00526765
v -0.00761827 0.00827118 0.00395525
v -0.00779127 0.00827118 0.00350734
v -0.00792112 0.01073350 0.00293703
v -0.00407678 0.01073350 0.00680115
v -0.00407282 0.00990731 0.00675086
v -0.00407282 0.00912727 0.00670056
v -0.00540217 0.00827118 0.00621280
v -0.00578142 0.00827118 0.00598790
v -0.00492910 0.00902976 0.00644150
v -0.00492910 0.01073350 0.00650698
v -0.00630674 0.00751259 0.00559693
v -0.00473116 0.01073350 0.00657815
v -0.00670024 0.01073350 0.00526575
v -0.00693302 0.01073350 0.00498107
v -0.00729366 0.01073350 0.00444491
v -0.00738748 0.01073350 0.00429782
v -0.00631466 0.00827118 0.00560832
v -0.00631664 0.00902976 0.00561496
v -0.00632099 0.01073350 0.00562445
v -0.00660682 0.01073350 0.00535495
v -0.00754741 0.01073350 0.00401219
v -0.00759927 0.01073350 0.00391919
v -0.00771645 0.01073350 0.00360888
v -0.00775406 0.01073350 0.00350734
v -0.00542236 0.00902976 0.00622609
v -0.00580161 0.00902976 0.00599360
v -0.00545561 0.01073350 0.00625076
v -0.00532220 0.01073350 0.00631814
v -0.00583486 0.01073350 0.00600309
v -0.00620342 0.01073350 0.00571745
v -0.00574104 0.01073350 0.00606572
f 2021 2022 2023
f 2021 2023 2024
f 2021 2024 2025
f 2021 2025 2026
f 2021 2026 2027
f 2021 2027 2028
f 2021 2028 2029
f 2021 2029 2030
f 2021 2030 2042
f 2021 2042 2054
f 2021 2054 2070
f 2021 2070 2086
f 2021 2086 2104
f 2021 2104 2122
f 2021 2122 2144
f 2021 2144 2145
f 2021 2145 2123
f 2021 2123 2105
f 2021 2105 2088
f 2021 2088 2087
f 2021 2087 2071
f 2021 2071 2055
f 2021 2055 2043
f 2021 2043 2031
f 2021 2031 2045
f 2021 2045 2061
f 2021 2061 2077
f 2021 2077 2062
f 2021 2062 2046
f 2021 2046 2037
f 2021 2037 2036
f 2021 2036 2032
f 2021 2032 2022
f 2022 2032 2023
f 2023 2033 2034
f 2023 2034 2035
f 2023 2035 2024
f 2023 2032 2036
f 2023 2036 2037
f 2023 2037 2033
f 2024 2035 2038
f 2024 2038 2025
f 2025 2038 2039
f 2025 2039 2026
f 2026 2039 2027
f 2027 2039 2040
f 2027 2040 2052
f 2027 2052 2068
f 2027 2068 2084
f 2027 2084 2103
f 2027 2103 2101
f 2027 2101 2121
f 2027 2121 2142
f 2027 2142 2163
f 2027 2163 2162
f 2027 2162 2161
f 2027 2161 2160
f 2027 2160 2155
f 2027 2155 2154
f 2027 2154 2136
f 2027 2136 2153
f 2027 2153 2152
f 2027 2152 2159
f 2027 2159 2158
f 2027 2158 2169
f 2027 2169 2168
f 2027 2168 2170
f 2027 2170 2166
f 2027 2166 2167
f 2027 2167 2149
f 2027 2149 2151
f 2027 2151 2132
f 2027 2132 2143
f 2027 2143 2122
f 2027 2122 2104
f 2027 2104 2085
f 2027 2085 2069
f 2027 2069 2053
f 2027 2053 2041
f 2027 2041 2029
f 2027 2029 2028
f 2029 2041 2030
f 2030 2041 2042
f 2031 2043 2044
f 2031 2044 2045
f 2033 2037 2046
f 2033 2046 2047
f 2033 2047 2048
f 2033 2048 2034
f 2034 2049 2038
f 2034 2038 2035
f 2034 2048 2050
f 2034 2050 2049
f 2038 2051 2039
f 2038 2049 2051
f 2039 2051 2040
f 2040 2051 2052
f 2041 2053 2042
f 2042 2053 2054
f 2043 2055 2056
f 2043 2056 2057
f 2043 2057 2058
f 2043 2058 2044
f 2044 2058 2059
f 2044 2059 2060
f 2044 2060 2045
f 2045 2060 2061
f 2046 2062 2063
f 2046 2063 2047
f 2047 2063 2064
f 2047 2064 2065
f 2047 2065 2050
f 2047 2050 2048
f 2049 2050 2066
f 2049 2066 2067
f 2049 2067 2084
f 2049 2084 2068
f 2049 2068 2052
f 2049 2052 2051
f 2050 2065 2066
f 2053 2069 2054
f 2054 2069 2070
f 2055 2071 2056
f 2056 2071 2072
f 2056 2072 2058
f 2056 2058 2057
f 2058 2073 2074
f 2058 2074 2075
f 2058 2075 2059
f 2058 2072 2076
f 2058 2076 2073
f 2059 2075 2060
f 2060 2075 2061
f 2061 2075 2078
f 2061 2078 2063
f 2061 2063 2079
f 2061 2079 2077
f 2062 2077 2079
f 2062 2079 2063
f 2063 2078 2064
f 2064 2078 2080
f 2064 2080 2081
f 2064 2081 2065
f 2065 2081 2082
f 2065 2082 2083
f 2065 2083 2066
f 2066 2083 2067
f 2067 2083 2084
f 2069 2085 2070
f 2070 2085 2086
f 2071 2087 2072
f 2072 2087 2088
f 2072 2088 2089
f 2072 2089 2076
f 2073 2076 2090
f 2073 2090 2091
f 2073 2091 2074
f 2074 2092 2093
f 2074 2093 2075
f 2074 2091 2094
f 2074 2094 2092
f 2075 2093 2095
f 2075 2095 2078
f 2076 2089 2090
f 2078 2096 2080
f 2078 2095 2096
f 2080 2097 2081
f 2080 2096 2098
f 2080 2098 2097
f 2081 2099 2082
f 2081 2097 2099
f 2082 2100 2101
f 2082 2101 2102
f 2082 2102 2083
f 2082 2099 2119
f 2082 2119 2100
f 2083 2102 2084
f 2084 2102 2103
f 2085 2104 2086
f 2088 2105 2106
f 2088 2106 2089
f 2089 2106 2090
f 2090 2107 2094
f 2090 2094 2091
f 2090 2106 2107
f 2092 2094 2108
f 2092 2108 2109
f 2092 2109 2093
f 2093 2109 2095
f 2094 2107 2110
f 2094 2110 2111
f 2094 2111 2108
f 2095 2109 2112
f 2095 2112 2096
f 2096 2113 2098
f 2096 2112 2113
f 2097 2114 2099
f 2097 2098 2115
f 2097 2115 2116
f 2097 2116 2114
f 2098 2113 2117
f 2098 2117 2115
f 2099 2114 2118
f 2099 2118 2119
f 2100 2120 2101
f 2100 2119 2120
f 2101 2103 2102
f 2101 2120 2121
f 2105 2123 2106
f 2106 2123 2124
f 2106 2124 2107
f 2107 2124 2110
f 2108 2125 2109
f 2108 2111 2126
f 2108 2126 2125
f 2109 2127 2112
f 2109 2125 2127
f 2110 2128 2111
f 2110 2124 2129
f 2110 2129 2130
f 2110 2130 2131
f 2110 2131 2132
f 2110 2132 2128
f 2111 2128 2126
f 2112 2127 2133
f 2112 2133 2113
f 2113 2133 2117
f 2114 2116 2118
f 2115 2117 2134
f 2115 2134 2135
f 2115 2135 2116
f 2116 2136 2137
f 2116 2137 2118
f 2116 2135 2136
f 2117 2133 2138
f 2117 2138 2139
f 2117 2139 2134
f 2118 2140 2119
f 2118 2137 2140
f 2119 2140 2141
f 2119 2141 2120
f 2120 2141 2121
f 2121 2141 2142
f 2122 2143 2130
f 2122 2130 2129
f 2122 2129 2144
f 2123 2145 2124
f 2124 2145 2129
f 2125 2126 2146
f 2125 2146 2147
f 2125 2147 2127
f 2126 2128 2148
f 2126 2148 2149
f 2126 2149 2146
f 2127 2150 2133
f 2127 2147 2150
f 2128 2132 2148
f 2129 2145 2144
f 2130 2143 2132
f 2130 2132 2131
f 2132 2151 2148
f 2133 2150 2138
f 2134 2139 2152
f 2134 2152 2135
f 2135 2152 2153
f 2135 2153 2136
f 2136 2154 2137
f 2137 2154 2155
f 2137 2155 2140
f 2138 2150 2156
f 2138 2156 2139
f 2139 2156 2157
f 2139 2157 2158
f 2139 2158 2159
f 2139 2159 2152
f 2140 2155 2160
f 2140 2160 2161
f 2140 2161 2141
f 2141 2161 2162
f 2141 2162 2163
f 2141 2163 2142
f 2146 2149 2164
f 2146 2164 2147
f 2147 2165 2150
f 2147 2164 2166
f 2147 2166 2165
f 2148 2151 2149
f 2149 2167 2164
f 2150 2165 2156
f 2156 2165 2168
f 2156 2168 2157
f 2157 2168 2169
f 2157 2169 2158
f 2164 2167 2166
f 2165 2166 2170
f 2165 2170 2168

o geometry_17
v -0.00407282 0.00959408 0.00247705
v 0.00000123 0.00910487 0.00247705
v 0.00000123 0.00888405 -0.00179963
v -0.00407282 0.00941199 -0.00104137
v -0.00407282 0.00265350 0.00247705
v 0.00000123 0.00358299 0.00247705
v 0.00000123 0.00875020 -0.00227556
v -0.00407282 0.00935219 -0.00179963
v -0.00407282 0.00939500 -0.00128984
v -0.00407282 0.00265350 -0.00416916
v -0.00246290 0.00265350 0.00247705
v -0.00155007 0.00265554 0.00247705
v -0.00155046 0.00265350 0.00199975
v 0.00000123 0.00358299 -0.00179963
v 0.00000123 0.00827119 -0.00239472
v -0.00205055 0.00278056 -0.00443929
v -0.00236001 0.00293615 -0.00443929
v -0.00265392 0.00300681 -0.00443929
v -0.00407282 0.00900364 -0.00230806
v -0.00407282 0.00932026 -0.00189712
v -0.00386505 0.00265350 -0.00443929
v -0.00155046 0.00265350 -0.00255788
v 0.00000123 0.00359726 -0.00217740
v -0.00156642 0.00265350 -0.00335269
v 0.00000123 0.00433446 -0.00315094
v -0.00200987 0.00265350 -0.00443929
v -0.00341242 0.00288655 -0.00443929
v -0.00385867 0.00266913 -0.00443929
v 0.00000123 0.00361220 -0.00255788
v -0.00178216 0.00265350 -0.00408927
v 0.00000123 0.00387107 -0.00315094
v 0.00000123 0.00374130 -0.00285373
f 2171 2172 2173
f 2171 2173 2174
f 2171 2174 2179
f 2171 2179 2178
f 2171 2178 2190
f 2171 2190 2189
f 2171 2189 2180
f 2171 2180 2175
f 2171 2175 2181
f 2171 2181 2182
f 2171 2182 2176
f 2171 2176 2172
f 2172 2176 2184
f 2172 2184 2193
f 2172 2193 2199
f 2172 2199 2202
f 2172 2202 2201
f 2172 2201 2195
f 2172 2195 2185
f 2172 2185 2177
f 2172 2177 2173
f 2173 2177 2178
f 2173 2178 2179
f 2173 2179 2174
f 2175 2180 2191
f 2175 2191 2196
f 2175 2196 2200
f 2175 2200 2194
f 2175 2194 2192
f 2175 2192 2183
f 2175 2183 2181
f 2176 2182 2183
f 2176 2183 2192
f 2176 2192 2184
f 2177 2185 2186
f 2177 2186 2187
f 2177 2187 2188
f 2177 2188 2189
f 2177 2189 2190
f 2177 2190 2178
f 2180 2189 2191
f 2181 2183 2182
f 2184 2192 2194
f 2184 2194 2193
f 2185 2195 2186
f 2186 2196 2191
f 2186 2191 2198
f 2186 2198 2197
f 2186 2197 2188
f 2186 2188 2187
f 2186 2195 2196
f 2188 2197 2189
f 2189 2197 2198
f 2189 2198 2191
f 2193 2194 2199
f 2194 2200 2199
f 2195 2201 2196
f 2196 2201 2200
f 2199 2200 2202
f 2200 2201 2202

o geometry_18
v 0.00265444 0.00132328 0.00573944
v 0.00341261 0.00132328 0.00566208
v 0.00255248 0.00132328 0.00572208
v 0.00225631 -0.00047909 0.00540965
v 0.00265444 0.00068803 0.00562637
v 0.00307760 -0.00047909 0.00540965
v 0.00389590 0.00132328 0.00549594
v 0.00336331 -0.00002719 0.00544238
v 0.00341261 0.00068803 0.00555496
v 0.00358292 -0.00025151 0.00536700
v 0.00380178 0.00025370 0.00541213
v 0.00197396 0.00132328 0.00557331
v 0.00202475 0.00068803 0.00551677
v 0.00215921 -0.00007011 0.00544685
v 0.00265444 -0.00087311 0.00533923
v 0.00265444 -0.00049404 0.00541213
v 0.00265444 -0.00007011 0.00548900
v 0.00195043 -0.00158703 0.00489339
v 0.00206995 -0.00220538 0.00476643
v 0.00265444 -0.00158703 0.00514185
v 0.00336331 -0.00077038 0.00530055
v 0.00421373 0.00132328 0.00518500
v 0.00341261 -0.00158703 0.00506449
v 0.00396611 -0.00158703 0.00481603
v 0.00407517 -0.00082890 0.00492811
v 0.00415659 0.00001052 0.00500944
v 0.00421934 0.00068803 0.00506796
v 0.00427498 0.00132328 0.00512400
v 0.00191794 0.00132328 0.00549396
v 0.00167891 0.00068803 0.00502481
v 0.00160421 -0.00158703 0.00426654
v 0.00187573 -0.00241279 0.00433845
v 0.00200608 -0.00310331 0.00412223
v 0.00214614 -0.00355065 0.00395460
v 0.00265444 -0.00270409 0.00463551
v 0.00265444 -0.00232502 0.00482694
v 0.00341261 -0.00225479 0.00478627
v 0.00386042 -0.00211175 0.00471238
v 0.00434520 -0.00158703 0.00442425
v 0.00445426 -0.00082890 0.00454228
v 0.00451177 -0.00023331 0.00460030
v 0.00455584 0.00027255 0.00465187
v 0.00458871 0.00068803 0.00468857
v 0.00463502 0.00132328 0.00474461
v 0.00162774 0.00132328 0.00502481
v 0.00158405 -0.00234452 0.00350827
v 0.00166024 -0.00310331 0.00350827
v 0.00158517 -0.00082890 0.00426654
v 0.00198106 -0.00382634 0.00347355
v 0.00214464 -0.00429579 0.00319881
v 0.00265444 -0.00396353 0.00361192
v 0.00265444 -0.00358446 0.00398783
v 0.00265444 -0.00310331 0.00435729
v 0.00341261 -0.00310331 0.00427795
v 0.00341261 -0.00263386 0.00459931
v 0.00379991 -0.00349213 0.00389658
v 0.00393437 -0.00310331 0.00404288
v 0.00417004 -0.00234062 0.00426356
v 0.00459095 -0.00206363 0.00393675
v 0.00466677 -0.00158703 0.00404486
v 0.00472951 -0.00082890 0.00416339
v 0.00481989 0.00132328 0.00426654
v 0.00502830 -0.00082890 0.00350827
v 0.00507386 -0.00007011 0.00350827
v 0.00161243 0.00132328 0.00490182
v 0.00158330 -0.00310331 0.00275000
v 0.00158292 -0.00007011 0.00426654
v 0.00158292 -0.00158703 0.00350827
v 0.00166397 -0.00386145 0.00275000
v 0.00200981 -0.00442323 0.00275000
v 0.00213941 -0.00505133 0.00173285
v 0.00265444 -0.00460593 0.00275000
v 0.00265444 -0.00432310 0.00323253
v 0.00341261 -0.00428798 0.00318939
v 0.00341261 -0.00391997 0.00356778
v 0.00341261 -0.00354090 0.00394468
v 0.00380066 -0.00424897 0.00314029
v 0.00391644 -0.00379123 0.00343884
v 0.00448787 -0.00339460 0.00303416
v 0.00432354 -0.00312672 0.00352711
v 0.00447928 -0.00256949 0.00379243
v 0.00464436 -0.00288939 0.00328659
v 0.00470710 -0.00232762 0.00352711
v 0.00489459 -0.00158703 0.00350827
v 0.00534576 0.00132328 0.00247327
v 0.00526583 -0.00007011 0.00297366
v 0.00536256 0.00068803 0.00256055
v 0.00536256 -0.00082890 0.00254468
v 0.00534426 -0.00141278 0.00246087
v 0.00158292 0.00132328 0.00426654
v 0.00158292 -0.00386145 0.00123345
v 0.00158890 -0.00386145 0.00199173
v 0.00168078 -0.00461959 0.00123345
v 0.00192130 -0.00465665 0.00198825
v 0.00202662 -0.00511049 0.00123345
v 0.00265444 -0.00531856 0.00067355
v 0.00265444 -0.00522233 0.00123345
v 0.00265444 -0.00507733 0.00179286
v 0.00265444 -0.00490243 0.00217175
v 0.00341261 -0.00453051 0.00275000
v 0.00445276 -0.00413129 0.00199173
v 0.00463502 -0.00359617 0.00252832
v 0.00341261 -0.00486146 0.00210033
v 0.00380328 -0.00500841 0.00163714
v 0.00389478 -0.00434780 0.00275000
v 0.00529534 -0.00191864 0.00232350
v 0.00473399 -0.00312672 0.00276884
v 0.00538460 0.00132328 0.00208397
v 0.00536256 -0.00007011 0.00259477
v 0.00537190 -0.00163450 0.00203933
v 0.00534426 -0.00210070 0.00181815
v 0.00158292 0.00132328 0.00275000
v 0.00158292 -0.00386145 0.00067355
v 0.00160944 -0.00442128 0.00067355
v 0.00163521 -0.00461959 0.00067355
v 0.00189067 -0.00502987 0.00067355
v 0.00198106 -0.00515861 0.00067355
v 0.00285276 -0.00530035 0.00067355
v 0.00341261 -0.00515341 0.00123345
v 0.00341261 -0.00504547 0.00172095
v 0.00402438 -0.00462414 0.00193073
v 0.00454464 -0.00423337 0.00159151
v 0.00470710 -0.00375222 0.00199173
v 0.00534015 -0.00277691 0.00098103
v 0.00496107 -0.00310331 0.00199173
v 0.00341261 -0.00524509 0.00067355
v 0.00352503 -0.00521583 0.00067355
v 0.00384249 -0.00504222 0.00123345
v 0.00417078 -0.00481595 0.00067355
v 0.00428656 -0.00469761 0.00067355
v 0.00438890 -0.00459293 0.00067355
v 0.00459991 -0.00429644 0.00108567
v 0.00538497 0.00132328 0.00199222
v 0.00539804 -0.00234582 0.00067355
v 0.00537078 -0.00234972 0.00123395
v 0.00160982 0.00132328 0.00199173
v 0.00158367 -0.00290435 0.00067355
v 0.00158292 -0.00310331 0.00067355
v 0.00535173 -0.00280032 0.00067355
v 0.00538124 -0.00251423 0.00067355
v 0.00463353 -0.00433675 0.00067355
v 0.00389104 -0.00508514 0.00067355
v 0.00536555 0.00132328 0.00142984
v 0.00536032 -0.00181200 0.00067355
v 0.00535547 0.00132328 0.00137083
v 0.00189777 0.00132328 0.00123841
v 0.00159338 -0.00234452 0.00067355
v 0.00519935 -0.00168912 0.00067355
v 0.00341261 0.00132328 0.00068000
v 0.00417041 0.00132328 0.00069289
v 0.00468171 0.00132328 0.00087787
v 0.00492895 0.00132328 0.00097210
v 0.00243857 0.00132328 0.00081440
v 0.00167293 -0.00211240 0.00067355
v 0.00265444 0.00132328 0.00068843
v 0.00492895 -0.00152201 0.00067355
v 0.00297415 0.00132328 0.00068446
v 0.00417041 -0.00135036 0.00067355
v 0.00381448 -0.00134711 0.00067355
v 0.00341261 -0.00134516 0.00067355
v 0.00265444 -0.00134321 0.00067355
v 0.00192093 -0.00164750 0.00067355
f 2203 2204 2209
f 2203 2209 2224
f 2203 2224 2230
f 2203 2230 2246
f 2203 2246 2264
f 2203 2264 2287
f 2203 2287 2310
f 2203 2310 2335
f 2203 2335 2345
f 2203 2345 2347
f 2203 2347 2354
f 2203 2354 2353
f 2203 2353 2352
f 2203 2352 2351
f 2203 2351 2359
f 2203 2359 2357
f 2203 2357 2355
f 2203 2355 2348
f 2203 2348 2338
f 2203 2338 2314
f 2203 2314 2292
f 2203 2292 2267
f 2203 2267 2247
f 2203 2247 2231
f 2203 2231 2214
f 2203 2214 2205
f 2203 2205 2206
f 2203 2206 2207
f 2203 2207 2208
f 2203 2208 2204
f 2204 2208 2210
f 2204 2210 2211
f 2204 2211 2212
f 2204 2212 2213
f 2204 2213 2209
f 2205 2214 2215
f 2205 2215 2216
f 2205 2216 2206
f 2206 2217 2218
f 2206 2218 2219
f 2206 2219 2207
f 2206 2216 2220
f 2206 2220 2221
f 2206 2221 2222
f 2206 2222 2217
f 2207 2219 2208
f 2208 2218 2217
f 2208 2217 2222
f 2208 2222 2223
f 2208 2223 2212
f 2208 2212 2210
f 2208 2219 2218
f 2209 2213 2224
f 2210 2212 2211
f 2212 2223 2225
f 2212 2225 2213
f 2213 2225 2226
f 2213 2226 2227
f 2213 2227 2228
f 2213 2228 2229
f 2213 2229 2230
f 2213 2230 2224
f 2214 2231 2215
f 2215 2231 2232
f 2215 2232 2220
f 2215 2220 2216
f 2220 2233 2234
f 2220 2234 2221
f 2220 2232 2233
f 2221 2234 2235
f 2221 2235 2236
f 2221 2236 2237
f 2221 2237 2238
f 2221 2238 2222
f 2222 2238 2239
f 2222 2239 2225
f 2222 2225 2223
f 2225 2239 2240
f 2225 2240 2226
f 2226 2240 2241
f 2226 2241 2242
f 2226 2242 2227
f 2227 2242 2243
f 2227 2243 2228
f 2228 2243 2244
f 2228 2244 2229
f 2229 2244 2230
f 2230 2244 2245
f 2230 2245 2246
f 2231 2247 2232
f 2232 2247 2233
f 2233 2248 2249
f 2233 2249 2234
f 2233 2247 2250
f 2233 2250 2248
f 2234 2249 2235
f 2235 2249 2251
f 2235 2251 2236
f 2236 2251 2252
f 2236 2252 2253
f 2236 2253 2254
f 2236 2254 2255
f 2236 2255 2237
f 2237 2255 2256
f 2237 2256 2257
f 2237 2257 2238
f 2238 2257 2239
f 2239 2257 2240
f 2240 2257 2258
f 2240 2258 2259
f 2240 2259 2260
f 2240 2260 2261
f 2240 2261 2241
f 2241 2261 2262
f 2241 2262 2242
f 2242 2263 2243
f 2242 2262 2263
f 2243 2263 2244
f 2244 2263 2245
f 2245 2263 2246
f 2246 2263 2265
f 2246 2265 2266
f 2246 2266 2264
f 2247 2267 2250
f 2248 2268 2249
f 2248 2250 2269
f 2248 2269 2270
f 2248 2270 2268
f 2249 2268 2271
f 2249 2271 2251
f 2250 2267 2269
f 2251 2271 2272
f 2251 2272 2252
f 2252 2272 2273
f 2252 2273 2274
f 2252 2274 2275
f 2252 2275 2253
f 2253 2275 2276
f 2253 2276 2277
f 2253 2277 2278
f 2253 2278 2254
f 2254 2278 2255
f 2255 2278 2256
f 2256 2278 2258
f 2256 2258 2257
f 2258 2278 2277
f 2258 2277 2279
f 2258 2279 2280
f 2258 2280 2281
f 2258 2281 2282
f 2258 2282 2283
f 2258 2283 2259
f 2259 2283 2260
f 2260 2283 2261
f 2261 2283 2284
f 2261 2284 2285
f 2261 2285 2262
f 2262 2285 2286
f 2262 2286 2265
f 2262 2265 2263
f 2264 2266 2288
f 2264 2288 2289
f 2264 2289 2287
f 2265 2290 2288
f 2265 2288 2266
f 2265 2286 2291
f 2265 2291 2290
f 2267 2292 2269
f 2268 2270 2293
f 2268 2293 2294
f 2268 2294 2271
f 2269 2292 2314
f 2269 2314 2340
f 2269 2340 2315
f 2269 2315 2293
f 2269 2293 2270
f 2271 2294 2295
f 2271 2295 2296
f 2271 2296 2272
f 2272 2296 2273
f 2273 2297 2298
f 2273 2298 2299
f 2273 2299 2300
f 2273 2300 2301
f 2273 2301 2274
f 2273 2296 2297
f 2274 2301 2302
f 2274 2302 2276
f 2274 2276 2275
f 2276 2279 2277
f 2276 2302 2279
f 2279 2303 2304
f 2279 2304 2281
f 2279 2281 2280
f 2279 2302 2305
f 2279 2305 2306
f 2279 2306 2307
f 2279 2307 2303
f 2281 2304 2284
f 2281 2284 2282
f 2282 2284 2283
f 2284 2308 2285
f 2284 2304 2309
f 2284 2309 2308
f 2285 2308 2286
f 2286 2308 2291
f 2287 2289 2310
f 2288 2290 2311
f 2288 2311 2289
f 2289 2311 2310
f 2290 2310 2311
f 2290 2291 2312
f 2290 2312 2310
f 2291 2308 2313
f 2291 2313 2312
f 2293 2315 2316
f 2293 2316 2294
f 2294 2316 2317
f 2294 2317 2295
f 2295 2317 2318
f 2295 2318 2319
f 2295 2319 2297
f 2295 2297 2296
f 2297 2319 2298
f 2298 2320 2321
f 2298 2321 2299
f 2298 2319 2318
f 2298 2318 2317
f 2298 2317 2316
f 2298 2316 2315
f 2298 2315 2340
f 2298 2340 2339
f 2298 2339 2349
f 2298 2349 2356
f 2298 2356 2364
f 2298 2364 2363
f 2298 2363 2362
f 2298 2362 2361
f 2298 2361 2360
f 2298 2360 2358
f 2298 2358 2350
f 2298 2350 2346
f 2298 2346 2336
f 2298 2336 2342
f 2298 2342 2341
f 2298 2341 2343
f 2298 2343 2333
f 2298 2333 2332
f 2298 2332 2331
f 2298 2331 2344
f 2298 2344 2329
f 2298 2329 2328
f 2298 2328 2320
f 2299 2321 2322
f 2299 2322 2300
f 2300 2322 2301
f 2301 2322 2305
f 2301 2305 2302
f 2303 2307 2323
f 2303 2323 2324
f 2303 2324 2304
f 2304 2325 2326
f 2304 2326 2327
f 2304 2327 2308
f 2304 2308 2309
f 2304 2324 2325
f 2305 2322 2306
f 2306 2322 2321
f 2306 2321 2328
f 2306 2328 2329
f 2306 2329 2330
f 2306 2330 2331
f 2306 2331 2332
f 2306 2332 2333
f 2306 2333 2334
f 2306 2334 2324
f 2306 2324 2323
f 2306 2323 2307
f 2308 2327 2326
f 2308 2326 2313
f 2310 2312 2336
f 2310 2336 2335
f 2312 2313 2337
f 2312 2337 2336
f 2313 2326 2337
f 2314 2338 2339
f 2314 2339 2340
f 2320 2328 2321
f 2324 2334 2325
f 2325 2334 2326
f 2326 2341 2342
f 2326 2342 2337
f 2326 2334 2343
f 2326 2343 2341
f 2329 2344 2330
f 2330 2344 2331
f 2333 2343 2334
f 2335 2336 2345
f 2336 2337 2342
f 2336 2346 2347
f 2336 2347 2345
f 2338 2348 2349
f 2338 2349 2339
f 2346 2350 2351
f 2346 2351 2352
f 2346 2352 2353
f 2346 2353 2354
f 2346 2354 2347
f 2348 2355 2349
f 2349 2355 2357
f 2349 2357 2356
f 2350 2358 2351
f 2351 2358 2360
f 2351 2360 2361
f 2351 2361 2362
f 2351 2362 2363
f 2351 2363 2364
f 2351 2364 2359
f 2356 2357 2364
f 2357 2359 2364

o geometry_19
v -0.00568758 0.03406645 0.00611369
v -0.00568758 0.03408960 0.00611045
v -0.00570923 0.03406645 0.00611369
v -0.00500644 0.03406645 0.00583005
v -0.00497014 0.03557155 0.00564852
v -0.00503829 0.03632939 0.00556910
v -0.00568758 0.03481305 0.00599969
v -0.00630184 0.03406645 0.00600563
v -0.00497810 0.03406645 0.00577656
v -0.00495104 0.03481305 0.00570903
v -0.00460744 0.03557155 0.00502452
v -0.00467591 0.03632939 0.00502452
v -0.00568758 0.03557155 0.00587543
v -0.00493257 0.03713220 0.00508719
v -0.00501154 0.03784573 0.00489215
v -0.00516375 0.03690868 0.00548266
v -0.00644545 0.03557155 0.00573226
v -0.00637890 0.03406645 0.00599051
v -0.00458388 0.03406645 0.00502452
v -0.00458834 0.03481305 0.00502452
v -0.00458452 0.03708789 0.00426653
v -0.00464884 0.03784573 0.00426653
v -0.00568758 0.03632939 0.00571551
v -0.00496409 0.03860622 0.00427518
v -0.00515229 0.03835493 0.00474412
v -0.00568758 0.03737886 0.00536867
v -0.00568758 0.03699928 0.00551184
v -0.00648972 0.03636378 0.00555019
v -0.00689731 0.03613365 0.00545241
v -0.00644545 0.03481305 0.00585328
v -0.00697151 0.03557155 0.00550535
v -0.00704220 0.03481305 0.00556262
v -0.00709952 0.03406645 0.00561556
v -0.00458293 0.03406645 0.00426653
v -0.00458293 0.03632939 0.00426653
v -0.00458293 0.03784573 0.00350800
v -0.00463260 0.03860357 0.00350800
v -0.00626618 0.03689678 0.00546915
v -0.00498161 0.03937463 0.00350530
v -0.00513255 0.03913062 0.00402773
v -0.00568758 0.03878543 0.00447129
v -0.00568758 0.03840651 0.00478086
v -0.00568758 0.03784573 0.00512447
v -0.00648972 0.03712492 0.00530221
v -0.00650214 0.03790723 0.00490890
v -0.00677185 0.03663954 0.00538271
v -0.00717149 0.03636378 0.00513527
v -0.00735077 0.03557155 0.00517255
v -0.00722276 0.03701515 0.00486298
v -0.00742114 0.03481305 0.00523144
v -0.00747273 0.03406645 0.00528817
v -0.00466731 0.03406645 0.00350800
v -0.00458611 0.03924238 0.00059545
v -0.00458293 0.03936207 0.00059545
v -0.00458293 0.03860357 0.00275002
v -0.00458579 0.03936207 0.00199203
v -0.00467209 0.03936207 0.00275002
v -0.00503479 0.03996715 0.00275002
v -0.00518158 0.03982035 0.00325138
v -0.00568758 0.03957368 0.00367711
v -0.00568758 0.03919477 0.00409203
v -0.00644545 0.03910020 0.00400288
v -0.00628719 0.03833707 0.00472737
v -0.00679287 0.03820151 0.00463013
v -0.00698234 0.03769562 0.00477438
v -0.00758450 0.03671360 0.00464742
v -0.00762526 0.03632939 0.00470468
v -0.00768449 0.03557155 0.00479383
v -0.00748801 0.03721949 0.00453018
v -0.00747878 0.03406645 0.00528276
v -0.00503001 0.03406645 0.00299692
v -0.00466031 0.03860357 0.00059545
v -0.00464629 0.04000088 0.00059545
v -0.00458293 0.03936207 0.00123350
v -0.00467145 0.04012057 0.00059545
v -0.00474182 0.04012057 0.00123350
v -0.00496537 0.04017811 0.00201148
v -0.00521661 0.04054644 0.00177214
v -0.00568758 0.04043932 0.00220813
v -0.00568758 0.04017216 0.00275002
v -0.00568758 0.03985341 0.00329838
v -0.00625312 0.03981241 0.00323247
v -0.00684987 0.03900497 0.00390888
v -0.00650214 0.03859497 0.00442537
v -0.00648176 0.03951351 0.00349396
v -0.00755743 0.03817505 0.00384729
v -0.00726988 0.03793500 0.00432704
v -0.00701418 0.03860357 0.00408176
v -0.00766029 0.03766917 0.00402449
v -0.00767685 0.03701515 0.00427301
v -0.00771856 0.03481305 0.00485272
v -0.00774308 0.03406645 0.00490350
v -0.00568758 0.03406645 0.00286779
v -0.00502300 0.03808710 0.00059545
v -0.00471794 0.03850570 0.00059545
v -0.00497683 0.04058811 0.00059545
v -0.00503415 0.04066680 0.00059545
v -0.00510452 0.04061456 0.00123350
v -0.00568758 0.04072499 0.00123350
v -0.00568758 0.04057157 0.00182887
v -0.00622287 0.04054843 0.00174135
v -0.00675880 0.03971123 0.00308120
v -0.00648176 0.03997046 0.00279702
v -0.00755297 0.03893752 0.00306985
v -0.00741318 0.03865251 0.00355987
v -0.00701036 0.03916633 0.00350800
v -0.00767780 0.03843164 0.00334268
v -0.00769659 0.03789136 0.00355987
v -0.00783574 0.03406645 0.00427572
v -0.00568758 0.03795418 0.00059545
v -0.00644545 0.03406645 0.00288562
v -0.00644545 0.03796344 0.00059545
v -0.00632572 0.03796080 0.00059545
v -0.00568758 0.04082154 0.00059545
v -0.00581463 0.04080038 0.00059545
v -0.00646361 0.04059736 0.00120757
v -0.00672854 0.04046180 0.00144312
v -0.00646361 0.04035996 0.00199311
v -0.00696769 0.03984945 0.00257605
v -0.00726033 0.03940969 0.00282295
v -0.00749215 0.03962923 0.00199203
v -0.00765678 0.03910813 0.00256417
v -0.00770296 0.03925031 0.00199203
v -0.00769914 0.03865251 0.00279054
v -0.00783574 0.03406645 0.00426545
v -0.00645278 0.03406645 0.00288616
v -0.00688808 0.03805867 0.00059545
v -0.00644864 0.04068466 0.00059545
v -0.00684923 0.04051536 0.00093744
v -0.00711290 0.03998369 0.00199203
v -0.00757176 0.03971917 0.00155712
v -0.00761634 0.03978464 0.00105143
v -0.00763991 0.03981638 0.00059545
v -0.00769309 0.03937133 0.00059545
v -0.00767780 0.03406645 0.00378408
v -0.00763991 0.03889586 0.00059545
v -0.00696387 0.03406645 0.00301420
v -0.00698234 0.03809636 0.00059545
v -0.00655022 0.04065291 0.00059545
v -0.00687471 0.04053190 0.00059545
v -0.00715557 0.04028457 0.00059545
v -0.00733644 0.04011660 0.00059545
v -0.00721034 0.04012322 0.00124701
v -0.00767589 0.03406645 0.00377921
v -0.00759883 0.03883569 0.00059545
v -0.00734408 0.03406645 0.00340103
v -0.00736159 0.03851694 0.00059545
f 2365 2366 2367
f 2365 2367 2372
f 2365 2372 2382
f 2365 2382 2397
f 2365 2397 2415
f 2365 2415 2434
f 2365 2434 2456
f 2365 2456 2473
f 2365 2473 2489
f 2365 2489 2499
f 2365 2499 2508
f 2365 2508 2510
f 2365 2510 2501
f 2365 2501 2490
f 2365 2490 2475
f 2365 2475 2457
f 2365 2457 2435
f 2365 2435 2416
f 2365 2416 2398
f 2365 2398 2383
f 2365 2383 2373
f 2365 2373 2368
f 2365 2368 2369
f 2365 2369 2370
f 2365 2370 2366
f 2366 2371 2367
f 2366 2370 2371
f 2367 2371 2372
f 2368 2373 2374
f 2368 2374 2369
f 2369 2375 2376
f 2369 2376 2370
f 2369 2374 2375
f 2370 2377 2371
f 2370 2376 2378
f 2370 2378 2379
f 2370 2379 2380
f 2370 2380 2377
f 2371 2377 2381
f 2371 2381 2372
f 2372 2381 2382
f 2373 2383 2384
f 2373 2384 2374
f 2374 2384 2375
f 2375 2385 2386
f 2375 2386 2376
f 2375 2384 2385
f 2376 2386 2379
f 2376 2379 2378
f 2377 2380 2387
f 2377 2387 2381
f 2379 2386 2388
f 2379 2388 2389
f 2379 2389 2380
f 2380 2390 2391
f 2380 2391 2387
f 2380 2389 2390
f 2381 2387 2392
f 2381 2392 2393
f 2381 2393 2394
f 2381 2394 2382
f 2382 2394 2395
f 2382 2395 2396
f 2382 2396 2397
f 2383 2398 2399
f 2383 2399 2385
f 2383 2385 2384
f 2385 2399 2400
f 2385 2400 2401
f 2385 2401 2386
f 2386 2401 2388
f 2387 2391 2402
f 2387 2402 2392
f 2388 2401 2403
f 2388 2403 2404
f 2388 2404 2389
f 2389 2404 2405
f 2389 2405 2406
f 2389 2406 2407
f 2389 2407 2390
f 2390 2408 2402
f 2390 2402 2391
f 2390 2407 2409
f 2390 2409 2408
f 2392 2402 2410
f 2392 2410 2393
f 2393 2411 2412
f 2393 2412 2395
f 2393 2395 2394
f 2393 2410 2413
f 2393 2413 2411
f 2395 2412 2414
f 2395 2414 2396
f 2396 2414 2397
f 2397 2414 2415
f 2398 2416 2417
f 2398 2417 2418
f 2398 2418 2438
f 2398 2438 2419
f 2398 2419 2400
f 2398 2400 2399
f 2400 2419 2401
f 2401 2419 2420
f 2401 2420 2421
f 2401 2421 2403
f 2402 2408 2410
f 2403 2421 2422
f 2403 2422 2423
f 2403 2423 2404
f 2404 2423 2424
f 2404 2424 2425
f 2404 2425 2405
f 2405 2426 2427
f 2405 2427 2406
f 2405 2425 2426
f 2406 2427 2407
f 2407 2427 2409
f 2408 2409 2428
f 2408 2428 2429
f 2408 2429 2410
f 2409 2427 2428
f 2410 2429 2413
f 2411 2413 2430
f 2411 2430 2412
f 2412 2430 2431
f 2412 2431 2432
f 2412 2432 2414
f 2413 2433 2430
f 2413 2429 2433
f 2414 2434 2415
f 2414 2432 2434
f 2416 2435 2436
f 2416 2436 2417
f 2417 2436 2459
f 2417 2459 2458
f 2417 2458 2474
f 2417 2474 2477
f 2417 2477 2476
f 2417 2476 2491
f 2417 2491 2502
f 2417 2502 2511
f 2417 2511 2509
f 2417 2509 2500
f 2417 2500 2498
f 2417 2498 2497
f 2417 2497 2506
f 2417 2506 2505
f 2417 2505 2504
f 2417 2504 2503
f 2417 2503 2492
f 2417 2492 2479
f 2417 2479 2478
f 2417 2478 2461
f 2417 2461 2460
f 2417 2460 2439
f 2417 2439 2437
f 2417 2437 2418
f 2418 2437 2438
f 2419 2438 2420
f 2420 2438 2437
f 2420 2437 2439
f 2420 2439 2440
f 2420 2440 2421
f 2421 2440 2441
f 2421 2441 2422
f 2422 2441 2442
f 2422 2442 2423
f 2423 2442 2443
f 2423 2443 2444
f 2423 2444 2445
f 2423 2445 2424
f 2424 2445 2446
f 2424 2446 2426
f 2424 2426 2425
f 2426 2447 2448
f 2426 2448 2427
f 2426 2446 2449
f 2426 2449 2447
f 2427 2448 2428
f 2428 2450 2451
f 2428 2451 2429
f 2428 2448 2447
f 2428 2447 2452
f 2428 2452 2450
f 2429 2451 2433
f 2430 2433 2453
f 2430 2453 2454
f 2430 2454 2431
f 2431 2454 2432
f 2432 2454 2455
f 2432 2455 2434
f 2433 2451 2450
f 2433 2450 2453
f 2434 2455 2456
f 2435 2457 2458
f 2435 2458 2459
f 2435 2459 2436
f 2439 2460 2440
f 2440 2460 2461
f 2440 2461 2462
f 2440 2462 2441
f 2441 2462 2442
f 2442 2462 2463
f 2442 2463 2464
f 2442 2464 2443
f 2443 2464 2465
f 2443 2465 2446
f 2443 2446 2444
f 2444 2446 2445
f 2446 2466 2449
f 2446 2465 2467
f 2446 2467 2466
f 2447 2468 2469
f 2447 2469 2450
f 2447 2450 2452
f 2447 2449 2466
f 2447 2466 2470
f 2447 2470 2468
f 2450 2469 2468
f 2450 2468 2471
f 2450 2471 2453
f 2453 2471 2472
f 2453 2472 2454
f 2454 2472 2473
f 2454 2473 2455
f 2455 2473 2456
f 2457 2474 2458
f 2457 2475 2476
f 2457 2476 2477
f 2457 2477 2474
f 2461 2478 2462
f 2462 2478 2463
f 2463 2478 2479
f 2463 2479 2480
f 2463 2480 2465
f 2463 2465 2464
f 2465 2480 2481
f 2465 2481 2482
f 2465 2482 2467
f 2466 2467 2482
f 2466 2482 2483
f 2466 2483 2484
f 2466 2484 2470
f 2468 2470 2484
f 2468 2484 2485
f 2468 2485 2486
f 2468 2486 2471
f 2471 2486 2487
f 2471 2487 2488
f 2471 2488 2472
f 2472 2488 2473
f 2473 2488 2487
f 2473 2487 2489
f 2475 2490 2476
f 2476 2490 2491
f 2479 2492 2480
f 2480 2492 2493
f 2480 2493 2481
f 2481 2493 2494
f 2481 2494 2483
f 2481 2483 2482
f 2483 2494 2485
f 2483 2485 2484
f 2485 2494 2495
f 2485 2495 2486
f 2486 2495 2487
f 2487 2495 2496
f 2487 2496 2497
f 2487 2497 2498
f 2487 2498 2489
f 2489 2498 2500
f 2489 2500 2499
f 2490 2501 2502
f 2490 2502 2491
f 2492 2503 2493
f 2493 2504 2505
f 2493 2505 2506
f 2493 2506 2496
f 2493 2496 2507
f 2493 2507 2494
f 2493 2503 2504
f 2494 2507 2495
f 2495 2507 2496
f 2496 2506 2497
f 2499 2500 2508
f 2500 2509 2501
f 2500 2501 2510
f 2500 2510 2508
f 2501 2509 2511
f 2501 2511 2502

o geometry_20
v 0.00337541 0.03102044 -0.00488105
v 0.00349701 0.03177917 -0.00488105
v 0.00461908 0.03620000 -0.00488105
v 0.00459881 0.03620000 -0.00483318
v 0.00458361 0.03620000 -0.00407470
v 0.00458361 0.03620000 -0.00420394
v 0.00470568 0.03620000 -0.00344594
v 0.00459467 0.03177917 -0.00247167
v 0.00477477 0.03620000 -0.00330679
v 0.00513589 0.03620000 -0.00284666
v 0.00507371 0.03620000 -0.00289666
v 0.00488117 0.03260368 -0.00247167
v 0.00556565 0.03620000 -0.00276341
v 0.00568772 0.03620000 -0.00275987
v 0.00568772 0.03329436 -0.00247167
v 0.00528283 0.02461375 -0.00247167
v 0.00459881 0.03102044 -0.00247167
v 0.00529928 0.01313694 -0.00291828
v 0.00515173 0.01434184 -0.00488105
v 0.00524413 0.01389461 -0.00488105
v 0.00540263 0.01302633 -0.00291828
v 0.00570540 0.01275157 -0.00291828
v 0.00565244 0.01370906 -0.00488105
v 0.00639785 0.01357346 -0.00488105
v 0.00644569 0.01246254 -0.00291828
v 0.00804010 0.02461375 -0.00247167
v 0.00807096 0.03093425 -0.00247167
v 0.00808109 0.03026284 -0.00247167
v 0.00806543 0.03102044 -0.00255846
v 0.00807649 0.03026284 -0.00255846
v 0.00808149 0.01509713 -0.00331676
v 0.00809902 0.01469867 -0.00291828
v 0.00809829 0.01433827 -0.00291828
v 0.00807638 0.01393981 -0.00291828
v 0.00807930 0.01433827 -0.00331676
v 0.00798726 0.01509713 -0.00407489
v 0.00794745 0.01433827 -0.00407489
v 0.00781050 0.01509713 -0.00483321
v 0.00771043 0.01433113 -0.00488105
v 0.00764469 0.01389699 -0.00462187
v 0.00759027 0.01397787 -0.00488105
v 0.00724624 0.01376615 -0.00488105
v 0.00719840 0.01255650 -0.00291828
v 0.00644569 0.01357346 -0.00488105
v 0.00776156 0.01294782 -0.00291828
v 0.00785505 0.01311791 -0.00291828
v 0.00760758 0.03481183 -0.00488105
v 0.00779516 0.01509713 -0.00488105
v 0.00772826 0.03481183 -0.00469898
v 0.00796778 0.03102044 -0.00331670
v 0.00772411 0.03557056 -0.00468365
v 0.00758316 0.03557056 -0.00488105
v 0.00769233 0.03620000 -0.00462186
v 0.00747492 0.03620000 -0.00488105
v 0.00770569 0.03620000 -0.00405088
v 0.00796087 0.03177917 -0.00331670
v 0.00805852 0.03102044 -0.00247167
v 0.00673010 0.03309249 -0.00247167
v 0.00781992 0.03176216 -0.00247167
v 0.00725106 0.03254244 -0.00247167
v 0.00644543 0.03620000 -0.00277874
v 0.00690053 0.03620000 -0.00286482
v 0.00624414 0.03620000 -0.00277072
v 0.00644543 0.03325921 -0.00247167
v 0.00758685 0.03620000 -0.00369735
v 0.00730863 0.03620000 -0.00332967
v 0.00785170 0.03169865 -0.00247167
f 2513 2514 2512
f 2515 2514 2513
f 2515 2516 2514
f 2517 2516 2515
f 2517 2513 2516
f 2517 2515 2513
f 2513 2518 2516
f 2513 2512 2518
f 2519 2518 2512
f 2520 2518 2519
f 2520 2521 2518
f 2522 2521 2520
f 2522 2519 2521
f 2522 2520 2519
f 2523 2521 2519
f 2524 2521 2523
f 2524 2525 2521
f 2524 2526 2525
f 2524 2523 2526
f 2523 2519 2526
f 2519 2527 2526
f 2528 2527 2519
f 2528 2529 2527
f 2528 2512 2529
f 2528 2519 2512
f 2529 2512 2530
f 2531 2529 2530
f 2531 2532 2529
f 2531 2533 2532
f 2531 2534 2533
f 2531 2530 2534
f 2534 2530 2535
f 2534 2535 2536
f 2534 2536 2533
f 2527 2533 2536
f 2527 2532 2533
f 2527 2529 2532
f 2537 2527 2536
f 2537 2538 2527
f 2539 2538 2537
f 2539 2540 2538
f 2539 2541 2540
f 2539 2542 2541
f 2539 2543 2542
f 2539 2544 2543
f 2539 2537 2544
f 2544 2537 2545
f 2544 2545 2546
f 2544 2546 2542
f 2544 2542 2543
f 2546 2547 2542
f 2548 2547 2546
f 2548 2549 2547
f 2548 2550 2549
f 2551 2550 2548
f 2552 2550 2551
f 2552 2553 2550
f 2554 2553 2552
f 2554 2555 2553
f 2554 2536 2555
f 2554 2537 2536
f 2554 2556 2537
f 2554 2552 2556
f 2552 2551 2556
f 2557 2556 2551
f 2557 2537 2556
f 2557 2545 2537
f 2557 2548 2545
f 2557 2551 2548
f 2548 2546 2545
f 2555 2536 2535
f 2555 2535 2553
f 2553 2535 2550
f 2535 2530 2550
f 2550 2530 2512
f 2558 2550 2512
f 2559 2550 2558
f 2559 2549 2550
f 2560 2549 2559
f 2560 2547 2549
f 2560 2561 2547
f 2560 2562 2561
f 2560 2558 2562
f 2560 2559 2558
f 2563 2562 2558
f 2563 2564 2562
f 2563 2565 2564
f 2563 2558 2565
f 2565 2558 2514
f 2565 2514 2564
f 2564 2514 2566
f 2564 2566 2540
f 2564 2540 2562
f 2567 2562 2540
f 2567 2561 2562
f 2541 2561 2567
f 2541 2547 2561
f 2541 2542 2547
f 2541 2567 2540
f 2540 2566 2538
f 2568 2538 2566
f 2568 2569 2538
f 2570 2569 2568
f 2571 2569 2570
f 2571 2572 2569
f 2571 2570 2572
f 2572 2570 2573
f 2572 2573 2525
f 2574 2572 2525
f 2574 2575 2572
f 2574 2525 2575
f 2575 2525 2526
f 2575 2526 2569
f 2572 2575 2569
f 2569 2526 2538
f 2527 2538 2526
f 2525 2573 2521
f 2521 2573 2518
f 2514 2518 2573
f 2516 2518 2514
f 2576 2514 2573
f 2566 2514 2576
f 2568 2566 2576
f 2568 2576 2577
f 2568 2577 2573
f 2578 2568 2573
f 2578 2570 2568
f 2578 2573 2570
f 2577 2576 2573
f 2514 2558 2512

o geometry_21
v -0.00407282 -0.00001313 -0.00443929
v -0.00407282 0.00219540 -0.00443929
v -0.00165781 -0.00001313 -0.00443929
v -0.00407282 -0.00001313 -0.00149433
v -0.00407282 0.00220480 -0.00443535
v -0.00406912 0.00220480 -0.00443929
v -0.00168152 0.00068851 -0.00443929
v -0.00158694 0.00144652 -0.00407472
v -0.00158299 0.00068851 -0.00407472
v -0.00158299 -0.00001313 -0.00407472
v -0.00341228 -0.00001313 -0.00149259
v -0.00341228 0.00144887 0.00002645
v -0.00407282 0.00145461 0.00002645
v -0.00386491 0.00265350 -0.00443929
v -0.00407282 0.00265350 -0.00416958
v -0.00183956 0.00220480 -0.00443929
v -0.00162719 0.00220480 -0.00407472
v -0.00156620 0.00265350 -0.00335302
v -0.00155040 0.00265350 -0.00255787
v -0.00158299 -0.00001313 -0.00331630
v -0.00332165 -0.00001313 -0.00149259
v -0.00310262 0.00144835 0.00002645
v -0.00407282 0.00265350 0.00002645
v -0.00200969 0.00265350 -0.00443929
v -0.00198401 0.00265350 -0.00439995
v -0.00178202 0.00265350 -0.00408915
v -0.00155040 0.00265350 -0.00104190
v -0.00158472 -0.00001313 -0.00255787
v -0.00155065 0.00265350 0.00002645
v -0.00265419 -0.00001313 -0.00149346
v -0.00265419 0.00145096 0.00002645
v -0.00158052 0.00247313 0.00002645
v -0.00162942 0.00220480 0.00002645
v -0.00192747 -0.00001313 -0.00183136
v -0.00259419 -0.00001313 -0.00151619
v -0.00197537 0.00163994 0.00002645
v -0.00177066 0.00196701 0.00002645
f 2579 2580 2584
f 2579 2584 2592
f 2579 2592 2602
f 2579 2602 2594
f 2579 2594 2585
f 2579 2585 2581
f 2579 2581 2588
f 2579 2588 2598
f 2579 2598 2606
f 2579 2606 2612
f 2579 2612 2613
f 2579 2613 2608
f 2579 2608 2599
f 2579 2599 2589
f 2579 2589 2582
f 2579 2582 2591
f 2579 2591 2601
f 2579 2601 2593
f 2579 2593 2583
f 2579 2583 2580
f 2580 2583 2584
f 2581 2585 2586
f 2581 2586 2587
f 2581 2587 2588
f 2582 2589 2590
f 2582 2590 2591
f 2583 2592 2584
f 2583 2593 2592
f 2585 2594 2595
f 2585 2595 2586
f 2586 2595 2596
f 2586 2596 2587
f 2587 2596 2588
f 2588 2596 2597
f 2588 2597 2605
f 2588 2605 2598
f 2589 2599 2600
f 2589 2600 2590
f 2590 2600 2609
f 2590 2609 2614
f 2590 2614 2615
f 2590 2615 2611
f 2590 2611 2610
f 2590 2610 2607
f 2590 2607 2601
f 2590 2601 2591
f 2592 2593 2601
f 2592 2601 2607
f 2592 2607 2605
f 2592 2605 2597
f 2592 2597 2596
f 2592 2596 2604
f 2592 2604 2603
f 2592 2603 2602
f 2594 2602 2603
f 2594 2603 2604
f 2594 2604 2595
f 2595 2604 2596
f 2598 2605 2607
f 2598 2607 2606
f 2599 2608 2600
f 2600 2608 2609
f 2606 2607 2610
f 2606 2610 2611
f 2606 2611 2612
f 2608 2613 2614
f 2608 2614 2609
f 2611 2615 2612
f 2612 2615 2614
f 2612 2614 2613

o geometry_22
v 0.00759228 0.03157416 0.00541587
v 0.00777321 0.03253710 0.00499228
v 0.00776006 0.03329515 0.00495005
v 0.00802160 0.03253710 0.00426689
v 0.00804892 0.03177904 0.00426689
v 0.00780953 0.03102098 0.00502473
v 0.00774865 0.03180772 0.00509629
v 0.00761926 0.03026210 0.00545321
v 0.00782787 0.03026210 0.00502473
v 0.00783755 0.02950486 0.00502473
v 0.00762791 0.02950486 0.00546654
v 0.00726952 0.02950486 0.00584568
v 0.00724426 0.03026210 0.00583235
v 0.00689036 0.02950486 0.00621060
v 0.00686511 0.03026210 0.00619104
v 0.00757810 0.03207980 0.00539720
v 0.00774380 0.03405403 0.00490472
v 0.00773170 0.03442610 0.00487849
v 0.00752378 0.03329515 0.00532920
v 0.00759712 0.03442610 0.00507184
v 0.00748020 0.03405403 0.00528386
v 0.00745079 0.03442610 0.00525764
v 0.00707164 0.03442610 0.00558877
v 0.00710104 0.03405403 0.00561589
v 0.00714463 0.03329515 0.00566300
v 0.00717957 0.03253710 0.00570700
v 0.00683951 0.03076693 0.00617237
v 0.00680042 0.03127257 0.00615060
v 0.00674611 0.03177904 0.00612659
v 0.00664405 0.03253710 0.00608615
v 0.00636695 0.03177904 0.00627949
v 0.00650671 0.03102016 0.00629283
v 0.00644548 0.03026210 0.00638306
v 0.00568752 0.03026210 0.00659774
v 0.00644548 0.02950486 0.00643417
v 0.00644548 0.02874680 0.00647284
v 0.00644548 0.02798793 0.00650440
v 0.00568752 0.02950486 0.00663063
v 0.00602833 0.02452097 0.00665388
v 0.00644548 0.02722987 0.00651818
v 0.00644548 0.02647181 0.00651951
v 0.00644561 0.02452097 0.00651260
v 0.00568754 0.02452097 0.00667182
v 0.00511764 0.02452097 0.00653547
v 0.00501432 0.03026210 0.00640573
v 0.00500532 0.03102098 0.00635995
v 0.00465211 0.03102098 0.00578301
v 0.00498599 0.02452097 0.00645833
v 0.00469563 0.02452097 0.00580440
v 0.00468852 0.02452097 0.00578287
v 0.00458327 0.03177904 0.00502473
v 0.00458396 0.03405403 0.00502473
v 0.00458604 0.03442610 0.00502473
v 0.00469224 0.03177904 0.00578301
v 0.00477319 0.03253710 0.00578301
v 0.00497972 0.03442610 0.00577190
v 0.00505479 0.03177904 0.00630705
v 0.00513574 0.03253710 0.00625283
v 0.00523537 0.03329515 0.00619815
v 0.00529557 0.03371557 0.00616793
v 0.00568752 0.03102098 0.00651551
v 0.00568752 0.03177904 0.00642439
v 0.00606944 0.03368115 0.00616304
v 0.00626524 0.03253710 0.00623549
v 0.00651709 0.03329515 0.00604214
v 0.00672915 0.03442610 0.00576834
v 0.00641089 0.03442610 0.00592480
v 0.00568752 0.03442610 0.00606037
v 0.00637145 0.03398192 0.00600614
v 0.00568752 0.03408927 0.00611104
v 0.00568752 0.03370983 0.00616749
v 0.00568752 0.03329515 0.00622393
v 0.00780642 0.03442610 0.00426689
v 0.00796002 0.03329515 0.00426689
v 0.00810220 0.03177904 0.00350861
v 0.00811673 0.03102098 0.00350861
v 0.00811673 0.03026210 0.00208983
v 0.00802990 0.03102098 0.00208983
v 0.00765801 0.03442610 0.00380641
v 0.00776975 0.03162497 0.00208983
v 0.00461025 0.03102098 0.00208983
v 0.00526824 0.02452097 0.00209028
v 0.00811674 0.02452097 0.00209028
v 0.00811674 0.02452097 0.00275004
v 0.00811569 0.02798793 0.00350861
v 0.00810286 0.02452097 0.00350847
v 0.00805515 0.02798793 0.00426689
v 0.00804097 0.02647181 0.00426689
v 0.00783513 0.02798793 0.00502473
v 0.00783825 0.02874680 0.00502473
v 0.00805965 0.02950486 0.00426689
v 0.00805481 0.03102098 0.00426689
v 0.00762964 0.02874680 0.00547010
v 0.00729131 0.02798793 0.00584879
v 0.00762861 0.02798793 0.00546965
v 0.00762376 0.02722987 0.00546254
v 0.00728958 0.02722987 0.00584168
v 0.00761650 0.02647181 0.00545187
v 0.00782579 0.02722987 0.00502473
v 0.00781230 0.02647181 0.00502473
v 0.00800980 0.02452097 0.00426690
v 0.00779524 0.02571276 0.00502489
v 0.00769918 0.02605385 0.00525186
v 0.00760640 0.02571276 0.00543797
v 0.00704597 0.02452097 0.00603538
v 0.00728197 0.02647181 0.00583101
v 0.00688353 0.02452097 0.00621568
v 0.00691043 0.02722987 0.00623238
v 0.00691216 0.02798793 0.00623193
v 0.00663512 0.02452097 0.00638701
v 0.00758541 0.02452097 0.00540747
v 0.00742737 0.02452097 0.00559450
v 0.00777290 0.02495450 0.00502489
v 0.00774109 0.02452097 0.00506480
v 0.00466043 0.02452097 0.00426690
v 0.00477685 0.02452097 0.00350847
v 0.00460714 0.03111850 0.00208983
v 0.00498007 0.03257561 0.00208983
v 0.00461856 0.03177904 0.00208983
v 0.00463067 0.03187738 0.00208983
v 0.00507797 0.03442610 0.00303301
v 0.00490015 0.03442610 0.00324725
v 0.00471542 0.03442610 0.00350861
v 0.00462513 0.03442610 0.00388019
v 0.00458293 0.03442610 0.00426689
v 0.00458396 0.03177904 0.00275033
v 0.00465975 0.02452097 0.00502489
v 0.00541388 0.03442610 0.00296634
v 0.00546508 0.03281328 0.00208983
v 0.00502469 0.03261085 0.00208983
v 0.00700176 0.03258217 0.00208983
v 0.00692772 0.03442610 0.00304857
v 0.00644548 0.03281574 0.00208983
v 0.00644548 0.03442610 0.00295834
v 0.00568752 0.03442610 0.00294234
v 0.00568752 0.03283950 0.00208983
v 0.00730688 0.03442610 0.00342727
v 0.00690386 0.02874680 0.00622260
v 0.00728301 0.02874680 0.00584924
v 0.00568752 0.03253710 0.00632616
f 2617 2618 2616
f 2617 2619 2618
f 2617 2620 2619
f 2617 2621 2620
f 2617 2622 2621
f 2617 2616 2622
f 2623 2622 2616
f 2623 2621 2622
f 2624 2621 2623
f 2624 2620 2621
f 2624 2625 2620
f 2624 2626 2625
f 2624 2623 2626
f 2623 2627 2626
f 2623 2616 2627
f 2628 2627 2616
f 2628 2629 2627
f 2628 2630 2629
f 2628 2631 2630
f 2628 2616 2631
f 2618 2631 2616
f 2618 2632 2631
f 2618 2619 2632
f 2633 2632 2619
f 2633 2631 2632
f 2633 2634 2631
f 2635 2634 2633
f 2635 2636 2634
f 2635 2637 2636
f 2635 2633 2637
f 2637 2633 2638
f 2637 2638 2639
f 2636 2637 2639
f 2636 2639 2640
f 2636 2640 2634
f 2640 2641 2634
f 2640 2642 2641
f 2640 2643 2642
f 2640 2639 2643
f 2639 2644 2643
f 2639 2638 2644
f 2644 2638 2645
f 2644 2645 2646
f 2647 2644 2646
f 2647 2643 2644
f 2647 2648 2643
f 2647 2646 2648
f 2648 2646 2649
f 2648 2649 2650
f 2642 2648 2650
f 2642 2643 2648
f 2642 2650 2630
f 2642 2630 2631
f 2642 2631 2641
f 2641 2631 2634
f 2651 2630 2650
f 2651 2629 2630
f 2651 2652 2629
f 2653 2652 2651
f 2654 2652 2653
f 2654 2655 2652
f 2654 2656 2655
f 2654 2657 2656
f 2654 2658 2657
f 2654 2653 2658
f 2653 2659 2658
f 2653 2660 2659
f 2653 2649 2660
f 2653 2651 2649
f 2651 2650 2649
f 2660 2649 2661
f 2662 2660 2661
f 2662 2663 2660
f 2664 2663 2662
f 2664 2665 2663
f 2664 2662 2665
f 2662 2666 2665
f 2662 2667 2666
f 2662 2668 2667
f 2662 2669 2668
f 2662 2661 2669
f 2661 2670 2669
f 2661 2671 2670
f 2672 2671 2661
f 2673 2671 2672
f 2674 2671 2673
f 2674 2675 2671
f 2674 2649 2675
f 2674 2673 2649
f 2673 2672 2649
f 2672 2661 2649
f 2676 2675 2649
f 2676 2677 2675
f 2676 2678 2677
f 2676 2649 2678
f 2679 2678 2649
f 2679 2680 2678
f 2679 2645 2680
f 2679 2646 2645
f 2679 2649 2646
f 2681 2680 2645
f 2681 2682 2680
f 2681 2638 2682
f 2681 2645 2638
f 2682 2638 2683
f 2682 2683 2678
f 2684 2682 2678
f 2684 2680 2682
f 2684 2678 2680
f 2685 2678 2683
f 2686 2678 2685
f 2686 2687 2678
f 2686 2675 2687
f 2686 2685 2675
f 2685 2683 2675
f 2683 2671 2675
f 2683 2638 2671
f 2638 2688 2671
f 2633 2688 2638
f 2689 2688 2633
f 2689 2690 2688
f 2689 2619 2690
f 2689 2633 2619
f 2690 2619 2620
f 2690 2620 2691
f 2690 2691 2692
f 2690 2692 2693
f 2690 2693 2688
f 2693 2694 2688
f 2693 2695 2694
f 2693 2692 2695
f 2692 2696 2695
f 2692 2697 2696
f 2692 2698 2697
f 2692 2691 2698
f 2691 2699 2698
f 2700 2699 2691
f 2700 2701 2699
f 2702 2701 2700
f 2702 2703 2701
f 2702 2704 2703
f 2702 2705 2704
f 2702 2706 2705
f 2702 2700 2706
f 2706 2700 2691
f 2706 2691 2707
f 2706 2707 2625
f 2706 2625 2705
f 2625 2708 2705
f 2625 2626 2708
f 2709 2708 2626
f 2710 2708 2709
f 2710 2705 2708
f 2710 2704 2705
f 2710 2711 2704
f 2712 2711 2710
f 2713 2711 2712
f 2713 2714 2711
f 2715 2714 2713
f 2715 2716 2714
f 2715 2717 2716
f 2715 2718 2717
f 2715 2713 2718
f 2713 2719 2718
f 2713 2720 2719
f 2721 2720 2713
f 2721 2722 2720
f 2721 2712 2722
f 2721 2713 2712
f 2712 2723 2722
f 2712 2709 2723
f 2712 2710 2709
f 2723 2709 2724
f 2723 2724 2656
f 2723 2656 2657
f 2725 2723 2657
f 2725 2722 2723
f 2725 2657 2722
f 2722 2657 2726
f 2720 2722 2726
f 2727 2720 2726
f 2727 2719 2720
f 2727 2726 2719
f 2717 2719 2726
f 2717 2718 2719
f 2717 2726 2728
f 2717 2728 2716
f 2729 2716 2728
f 2729 2726 2716
f 2729 2728 2726
f 2716 2726 2699
f 2701 2716 2699
f 2703 2716 2701
f 2714 2716 2703
f 2714 2703 2704
f 2714 2704 2711
f 2726 2663 2699
f 2657 2663 2726
f 2658 2663 2657
f 2659 2663 2658
f 2659 2660 2663
f 2697 2699 2663
f 2698 2699 2697
f 2730 2697 2663
f 2731 2697 2730
f 2731 2696 2697
f 2731 2730 2696
f 2732 2696 2730
f 2732 2733 2696
f 2734 2733 2732
f 2735 2733 2734
f 2735 2736 2733
f 2735 2737 2736
f 2735 2738 2737
f 2735 2739 2738
f 2735 2734 2739
f 2739 2734 2740
f 2739 2740 2738
f 2740 2668 2738
f 2740 2667 2668
f 2740 2666 2667
f 2740 2741 2666
f 2734 2741 2740
f 2734 2732 2741
f 2732 2730 2741
f 2742 2741 2730
f 2742 2666 2741
f 2742 2665 2666
f 2742 2730 2665
f 2665 2730 2663
f 2668 2671 2738
f 2668 2670 2671
f 2668 2669 2670
f 2738 2671 2743
f 2736 2738 2743
f 2737 2738 2736
f 2736 2743 2744
f 2745 2736 2744
f 2745 2733 2736
f 2745 2744 2733
f 2733 2744 2696
f 2744 2695 2696
f 2746 2695 2744
f 2746 2747 2695
f 2748 2747 2746
f 2748 2749 2747
f 2750 2749 2748
f 2750 2743 2749
f 2750 2744 2743
f 2751 2744 2750
f 2751 2748 2744
f 2751 2750 2748
f 2748 2746 2744
f 2749 2743 2747
f 2747 2743 2694
f 2752 2747 2694
f 2752 2695 2747
f 2752 2694 2695
f 2743 2671 2694
f 2688 2694 2671
f 2656 2724 2655
f 2724 2652 2655
f 2753 2652 2724
f 2753 2629 2652
f 2753 2627 2629
f 2753 2724 2627
f 2724 2754 2627
f 2709 2754 2724
f 2709 2626 2754
f 2626 2627 2754
f 2625 2707 2620
f 2707 2691 2620
f 2755 2687 2675
f 2755 2678 2687
f 2755 2677 2678
f 2755 2675 2677

o geometry_23
v -0.00449846 0.00058307 -0.00443929
v -0.00407282 0.00058307 -0.00443929
v -0.00466296 0.00058307 -0.00423265
v -0.00453045 0.00089917 -0.00442798
v -0.00452062 0.00089195 -0.00443929
v -0.00407282 0.00219585 -0.00443929
v -0.00407282 0.00058307 0.00519537
v -0.00470685 0.00066313 -0.00413499
v -0.00522803 0.00058307 -0.00312753
v -0.00471820 0.00144684 -0.00396742
v -0.00445401 0.00144684 -0.00434574
v -0.00436429 0.00144684 -0.00443929
v -0.00430821 0.00220513 -0.00418023
v -0.00407282 0.00220513 -0.00443518
v -0.00407282 0.00409244 0.00606302
v -0.00429326 0.00409244 0.00601882
v -0.00538837 0.00409244 0.00545032
v -0.00418886 0.00058307 0.00508023
v -0.00534627 0.00058307 -0.00276155
v -0.00529213 0.00095242 -0.00286435
v -0.00500634 0.00144684 -0.00331566
v -0.00462765 0.00220513 -0.00380088
v -0.00455468 0.00259098 -0.00370117
v -0.00407282 0.00284317 -0.00406303
v -0.00407282 0.00409244 -0.00289211
v -0.00481693 0.00058307 0.00416015
v -0.00460632 0.00058307 0.00463304
v -0.00458085 0.00058307 0.00467930
v -0.00430517 0.00058307 0.00496201
v -0.00421018 0.00058307 0.00505864
v -0.00548737 0.00409244 0.00501958
v -0.00536261 0.00058307 0.00256465
v -0.00524021 0.00058307 0.00294399
v -0.00507419 0.00058307 0.00343333
v -0.00536275 0.00069542 -0.00258987
v -0.00536026 0.00144684 -0.00236165
v -0.00536621 0.00058307 -0.00258576
v -0.00534129 0.00190037 -0.00224137
v -0.00483063 0.00220513 -0.00331566
v -0.00407282 0.00295861 -0.00397359
v -0.00410689 0.00287100 -0.00400341
v -0.00463983 0.00289161 -0.00325911
v -0.00457185 0.00337229 -0.00296818
v -0.00438340 0.00309673 -0.00347294
v -0.00407282 0.00378390 -0.00321697
v -0.00408362 0.00409244 -0.00287772
v -0.00491025 0.00409244 -0.00104063
v -0.00532717 0.00261674 -0.00146726
v -0.00534960 0.00266278 -0.00104063
v -0.00539889 0.00220513 -0.00104063
v -0.00536760 0.00058307 0.00202083
v -0.00536123 0.00217387 -0.00175203
v -0.00481790 0.00409244 -0.00150530
v -0.00473703 0.00409244 -0.00177670
v -0.00487702 0.00296308 -0.00255800
v -0.00407282 0.00362276 -0.00338248
v -0.00412863 0.00366914 -0.00326323
v -0.00465866 0.00354511 -0.00255800
v -0.00454402 0.00409244 -0.00216118
v -0.00441912 0.00409244 -0.00240071
f 2756 2757 2762
f 2756 2762 2773
f 2756 2773 2785
f 2756 2785 2784
f 2756 2784 2783
f 2756 2783 2782
f 2756 2782 2781
f 2756 2781 2789
f 2756 2789 2788
f 2756 2788 2787
f 2756 2787 2806
f 2756 2806 2792
f 2756 2792 2774
f 2756 2774 2764
f 2756 2764 2758
f 2756 2758 2759
f 2756 2759 2760
f 2756 2760 2767
f 2756 2767 2761
f 2756 2761 2757
f 2757 2761 2769
f 2757 2769 2779
f 2757 2779 2795
f 2757 2795 2811
f 2757 2811 2800
f 2757 2800 2780
f 2757 2780 2770
f 2757 2770 2762
f 2758 2763 2759
f 2758 2764 2763
f 2759 2763 2765
f 2759 2765 2766
f 2759 2766 2767
f 2759 2767 2760
f 2761 2767 2766
f 2761 2766 2768
f 2761 2768 2769
f 2762 2770 2771
f 2762 2771 2772
f 2762 2772 2773
f 2763 2764 2765
f 2764 2774 2775
f 2764 2775 2765
f 2765 2775 2776
f 2765 2776 2777
f 2765 2777 2766
f 2766 2777 2768
f 2768 2777 2778
f 2768 2778 2769
f 2769 2778 2779
f 2770 2780 2801
f 2770 2801 2815
f 2770 2815 2814
f 2770 2814 2809
f 2770 2809 2808
f 2770 2808 2802
f 2770 2802 2786
f 2770 2786 2772
f 2770 2772 2771
f 2772 2781 2782
f 2772 2782 2783
f 2772 2783 2784
f 2772 2784 2785
f 2772 2785 2773
f 2772 2786 2787
f 2772 2787 2788
f 2772 2788 2789
f 2772 2789 2781
f 2774 2790 2791
f 2774 2791 2775
f 2774 2792 2790
f 2775 2791 2793
f 2775 2793 2776
f 2776 2794 2777
f 2776 2793 2794
f 2777 2794 2778
f 2778 2795 2796
f 2778 2796 2779
f 2778 2794 2797
f 2778 2797 2798
f 2778 2798 2799
f 2778 2799 2795
f 2779 2796 2795
f 2780 2800 2801
f 2786 2802 2803
f 2786 2803 2804
f 2786 2804 2805
f 2786 2805 2792
f 2786 2792 2806
f 2786 2806 2787
f 2790 2792 2791
f 2791 2792 2805
f 2791 2805 2807
f 2791 2807 2793
f 2793 2807 2803
f 2793 2803 2808
f 2793 2808 2809
f 2793 2809 2810
f 2793 2810 2797
f 2793 2797 2794
f 2795 2799 2811
f 2797 2810 2798
f 2798 2801 2812
f 2798 2812 2811
f 2798 2811 2799
f 2798 2810 2813
f 2798 2813 2809
f 2798 2809 2814
f 2798 2814 2815
f 2798 2815 2801
f 2800 2811 2812
f 2800 2812 2801
f 2802 2808 2803
f 2803 2807 2804
f 2804 2807 2805
f 2809 2813 2810

o geometry_24
v -0.00458301 0.03690583 -0.00407473
v -0.00458301 0.03632912 -0.00407473
v -0.00457654 0.03407924 -0.00443929
v -0.00458363 0.03557091 -0.00443929
v -0.00459195 0.03632912 -0.00443929
v -0.00461197 0.03690583 -0.00424299
v -0.00462676 0.03690583 -0.00331674
v -0.00457654 0.03406673 -0.00443929
v -0.00458363 0.03406673 -0.00407473
v -0.00464586 0.03690583 -0.00443929
v -0.00490681 0.03406673 -0.00325797
v -0.00495056 0.03690583 -0.00261381
v -0.00770827 0.03406673 -0.00443929
v -0.00764696 0.03690583 -0.00443929
v -0.00491605 0.03406673 -0.00324209
v -0.00567673 0.03690583 -0.00233544
v -0.00568751 0.03406673 -0.00287671
v -0.00493300 0.03406673 -0.00322209
v -0.00769810 0.03406673 -0.00407370
v -0.00772367 0.03481270 -0.00423247
v -0.00771936 0.03446334 -0.00443929
v -0.00768978 0.03660149 -0.00443929
v -0.00769440 0.03690583 -0.00424546
v -0.00568751 0.03690583 -0.00233276
v -0.00620140 0.03406673 -0.00287939
v -0.00753820 0.03406673 -0.00376110
v -0.00766667 0.03690583 -0.00353613
v -0.00768916 0.03690583 -0.00361758
v -0.00771936 0.03557091 -0.00420443
v -0.00772367 0.03481270 -0.00443929
v -0.00771936 0.03557091 -0.00443929
v -0.00769563 0.03690583 -0.00409803
v -0.00644541 0.03690555 -0.00234554
v -0.00644541 0.03406673 -0.00288186
v -0.00644633 0.03690583 -0.00234575
v -0.00720762 0.03406673 -0.00332684
v -0.00716264 0.03690583 -0.00274825
v -0.00744423 0.03690583 -0.00316601
v -0.00752588 0.03690583 -0.00328931
v -0.00669897 0.03406673 -0.00292063
v -0.00706220 0.03690583 -0.00261958
f 2816 2817 2823
f 2816 2823 2818
f 2816 2818 2819
f 2816 2819 2820
f 2816 2820 2821
f 2816 2821 2825
f 2816 2825 2829
f 2816 2829 2838
f 2816 2838 2847
f 2816 2847 2843
f 2816 2843 2842
f 2816 2842 2854
f 2816 2854 2853
f 2816 2853 2852
f 2816 2852 2856
f 2816 2856 2850
f 2816 2850 2839
f 2816 2839 2831
f 2816 2831 2827
f 2816 2827 2822
f 2816 2822 2817
f 2817 2822 2824
f 2817 2824 2823
f 2818 2823 2828
f 2818 2828 2836
f 2818 2836 2845
f 2818 2845 2846
f 2818 2846 2837
f 2818 2837 2829
f 2818 2829 2825
f 2818 2825 2820
f 2818 2820 2819
f 2820 2825 2821
f 2822 2826 2824
f 2822 2827 2826
f 2823 2824 2826
f 2823 2826 2830
f 2823 2830 2833
f 2823 2833 2832
f 2823 2832 2840
f 2823 2840 2849
f 2823 2849 2855
f 2823 2855 2851
f 2823 2851 2841
f 2823 2841 2834
f 2823 2834 2828
f 2826 2827 2830
f 2827 2831 2832
f 2827 2832 2833
f 2827 2833 2830
f 2828 2834 2835
f 2828 2835 2836
f 2829 2837 2838
f 2831 2839 2832
f 2832 2839 2840
f 2834 2841 2842
f 2834 2842 2843
f 2834 2843 2835
f 2835 2844 2846
f 2835 2846 2845
f 2835 2845 2836
f 2835 2843 2844
f 2837 2846 2838
f 2838 2846 2847
f 2839 2848 2849
f 2839 2849 2840
f 2839 2850 2848
f 2841 2851 2852
f 2841 2852 2853
f 2841 2853 2854
f 2841 2854 2842
f 2843 2847 2844
f 2844 2847 2846
f 2848 2850 2855
f 2848 2855 2849
f 2850 2856 2855
f 2851 2855 2856
f 2851 2856 2852

o geometry_25
v 0.00568766 0.03442610 0.00606069
v 0.00497957 0.03442610 0.00577189
v 0.00641090 0.03442610 0.00592464
v 0.00568766 0.03481301 0.00600199
v 0.00503321 0.03632925 0.00557599
v 0.00496853 0.03557143 0.00565178
v 0.00495085 0.03481301 0.00570931
v 0.00458829 0.03481301 0.00502483
v 0.00458608 0.03442610 0.00502483
v 0.00672929 0.03442610 0.00576839
v 0.00696690 0.03557143 0.00550175
v 0.00644561 0.03481301 0.00585390
v 0.00644561 0.03557143 0.00573380
v 0.00568766 0.03557143 0.00588383
v 0.00515880 0.03690281 0.00548815
v 0.00501207 0.03784550 0.00488607
v 0.00493003 0.03712856 0.00508391
v 0.00467065 0.03632925 0.00502483
v 0.00460596 0.03557143 0.00502483
v 0.00458482 0.03708767 0.00426649
v 0.00458324 0.03442610 0.00426649
v 0.00458324 0.03632925 0.00426649
v 0.00707167 0.03442610 0.00558882
v 0.00704106 0.03481301 0.00556083
v 0.00734588 0.03557143 0.00516981
v 0.00689275 0.03611121 0.00544928
v 0.00742035 0.03481301 0.00523044
v 0.00647906 0.03635059 0.00554995
v 0.00568766 0.03632925 0.00572486
v 0.00568766 0.03698991 0.00551458
v 0.00568766 0.03736912 0.00536299
v 0.00515281 0.03835447 0.00474108
v 0.00496442 0.03860569 0.00427504
v 0.00464951 0.03784550 0.00426649
v 0.00463247 0.03860392 0.00350855
v 0.00458324 0.03784550 0.00350855
v 0.00462521 0.03442610 0.00388013
v 0.00458324 0.03860392 0.00275021
v 0.00458576 0.03860392 0.00208983
v 0.00725752 0.03442610 0.00542712
v 0.00768383 0.03557143 0.00479084
v 0.00762703 0.03632925 0.00470649
v 0.00758759 0.03672327 0.00465091
v 0.00722376 0.03702072 0.00486119
v 0.00675454 0.03661722 0.00537620
v 0.00745064 0.03442610 0.00525765
v 0.00624871 0.03689037 0.00546716
v 0.00649105 0.03790001 0.00490511
v 0.00568766 0.03784550 0.00511384
v 0.00568766 0.03840246 0.00477568
v 0.00568766 0.03878167 0.00446939
v 0.00513261 0.03913066 0.00402823
v 0.00498430 0.03937478 0.00350311
v 0.00467538 0.03936234 0.00275021
v 0.00459744 0.03936234 0.00208983
v 0.00471545 0.03442610 0.00350855
v 0.00483000 0.03780106 0.00208983
v 0.00490037 0.03442610 0.00324696
v 0.00769393 0.03702072 0.00427388
v 0.00759706 0.03442610 0.00507186
v 0.00771886 0.03481301 0.00485147
v 0.00766395 0.03768019 0.00402667
v 0.00748945 0.03722869 0.00453158
v 0.00698394 0.03768374 0.00477412
v 0.00647906 0.03712085 0.00529652
v 0.00677379 0.03818916 0.00462214
v 0.00626828 0.03833254 0.00472359
v 0.00644561 0.03909037 0.00399480
v 0.00568766 0.03919110 0.00409003
v 0.00568766 0.03957031 0.00366908
v 0.00518594 0.03981442 0.00324696
v 0.00503826 0.03996255 0.00275021
v 0.00497073 0.04015571 0.00208983
v 0.00501018 0.03745325 0.00208983
v 0.00507802 0.03442610 0.00303279
v 0.00773369 0.03632925 0.00426649
v 0.00771065 0.03789764 0.00356530
v 0.00773148 0.03442610 0.00487868
v 0.00768068 0.03843979 0.00335035
v 0.00756392 0.03818560 0.00385565
v 0.00727393 0.03793438 0.00432402
v 0.00701108 0.03860392 0.00406943
v 0.00683974 0.03899616 0.00390074
v 0.00649105 0.03859266 0.00441381
v 0.00647117 0.03950158 0.00349028
v 0.00623546 0.03980850 0.00322558
v 0.00568766 0.03984701 0.00328971
v 0.00568766 0.04016342 0.00275021
v 0.00568766 0.04043716 0.00220721
v 0.00568766 0.04047863 0.00208983
v 0.00555860 0.03720143 0.00208983
v 0.00541408 0.03442610 0.00296632
v 0.00780658 0.03442610 0.00426649
v 0.00771854 0.03918458 0.00208983
v 0.00770971 0.03865724 0.00279647
v 0.00770939 0.03923257 0.00208983
v 0.00765890 0.03910755 0.00257452
v 0.00755951 0.03894521 0.00308021
v 0.00741498 0.03865724 0.00356530
v 0.00700792 0.03915495 0.00350855
v 0.00674097 0.03970481 0.00307049
v 0.00647117 0.03996670 0.00279064
v 0.00581704 0.04046441 0.00208983
v 0.00568766 0.03716115 0.00208983
v 0.00568766 0.03442610 0.00294223
v 0.00774000 0.03442610 0.00406010
v 0.00771255 0.03853815 0.00208983
v 0.00771444 0.03860036 0.00208983
v 0.00746800 0.03961001 0.00208983
v 0.00726320 0.03940618 0.00282251
v 0.00696690 0.03984938 0.00256481
v 0.00645697 0.04030740 0.00208983
v 0.00572774 0.03716233 0.00208983
v 0.00644561 0.03718544 0.00208983
v 0.00644561 0.03442610 0.00295816
v 0.00765796 0.03442610 0.00380628
v 0.00756771 0.03823834 0.00208983
v 0.00748630 0.03442610 0.00362049
v 0.00730707 0.03442610 0.00342692
v 0.00712121 0.03442610 0.00324113
v 0.00692777 0.03442610 0.00304873
v 0.00709060 0.03995781 0.00208983
v 0.00686340 0.03733771 0.00208983
v 0.00723039 0.03774536 0.00208983
v 0.00709502 0.03755932 0.00208983
f 2857 2858 2865
f 2857 2865 2877
f 2857 2877 2893
f 2857 2893 2912
f 2857 2912 2914
f 2857 2914 2931
f 2857 2931 2948
f 2857 2948 2961
f 2857 2961 2971
f 2857 2971 2977
f 2857 2977 2976
f 2857 2976 2975
f 2857 2975 2974
f 2857 2974 2972
f 2857 2972 2962
f 2857 2962 2949
f 2857 2949 2934
f 2857 2934 2916
f 2857 2916 2902
f 2857 2902 2896
f 2857 2896 2879
f 2857 2879 2866
f 2857 2866 2859
f 2857 2859 2860
f 2857 2860 2861
f 2857 2861 2862
f 2857 2862 2858
f 2858 2862 2863
f 2858 2863 2864
f 2858 2864 2865
f 2859 2866 2867
f 2859 2867 2868
f 2859 2868 2869
f 2859 2869 2870
f 2859 2870 2860
f 2860 2870 2861
f 2861 2871 2872
f 2861 2872 2873
f 2861 2873 2874
f 2861 2874 2862
f 2861 2870 2871
f 2862 2874 2875
f 2862 2875 2863
f 2863 2875 2864
f 2864 2875 2876
f 2864 2876 2865
f 2865 2876 2878
f 2865 2878 2877
f 2866 2879 2880
f 2866 2880 2867
f 2867 2881 2882
f 2867 2882 2869
f 2867 2869 2868
f 2867 2880 2883
f 2867 2883 2881
f 2869 2882 2884
f 2869 2884 2885
f 2869 2885 2870
f 2870 2885 2871
f 2871 2885 2886
f 2871 2886 2887
f 2871 2887 2888
f 2871 2888 2872
f 2872 2888 2889
f 2872 2889 2890
f 2872 2890 2874
f 2872 2874 2873
f 2874 2890 2876
f 2874 2876 2875
f 2876 2890 2891
f 2876 2891 2892
f 2876 2892 2878
f 2877 2878 2892
f 2877 2892 2894
f 2877 2894 2895
f 2877 2895 2893
f 2879 2896 2880
f 2880 2896 2883
f 2881 2897 2898
f 2881 2898 2899
f 2881 2899 2882
f 2881 2883 2897
f 2882 2899 2900
f 2882 2900 2901
f 2882 2901 2884
f 2883 2896 2902
f 2883 2902 2897
f 2884 2901 2903
f 2884 2903 2885
f 2885 2903 2886
f 2886 2903 2887
f 2887 2904 2905
f 2887 2905 2888
f 2887 2903 2904
f 2888 2905 2906
f 2888 2906 2907
f 2888 2907 2908
f 2888 2908 2889
f 2889 2908 2909
f 2889 2909 2891
f 2889 2891 2890
f 2891 2909 2910
f 2891 2910 2911
f 2891 2911 2894
f 2891 2894 2892
f 2893 2895 2912
f 2894 2911 2895
f 2895 2911 2929
f 2895 2929 2946
f 2895 2946 2959
f 2895 2959 2968
f 2895 2968 2978
f 2895 2978 2965
f 2895 2965 2952
f 2895 2952 2950
f 2895 2950 2964
f 2895 2964 2963
f 2895 2963 2973
f 2895 2973 2980
f 2895 2980 2981
f 2895 2981 2979
f 2895 2979 2970
f 2895 2970 2969
f 2895 2969 2960
f 2895 2960 2947
f 2895 2947 2930
f 2895 2930 2913
f 2895 2913 2914
f 2895 2914 2912
f 2897 2915 2898
f 2897 2902 2916
f 2897 2916 2917
f 2897 2917 2915
f 2898 2915 2899
f 2899 2915 2918
f 2899 2918 2919
f 2899 2919 2900
f 2900 2919 2920
f 2900 2920 2901
f 2901 2920 2921
f 2901 2921 2903
f 2903 2921 2904
f 2904 2922 2923
f 2904 2923 2905
f 2904 2921 2920
f 2904 2920 2922
f 2905 2923 2906
f 2906 2923 2907
f 2907 2924 2925
f 2907 2925 2908
f 2907 2923 2924
f 2908 2925 2926
f 2908 2926 2927
f 2908 2927 2909
f 2909 2927 2928
f 2909 2928 2910
f 2910 2928 2929
f 2910 2929 2911
f 2913 2930 2931
f 2913 2931 2914
f 2915 2917 2932
f 2915 2932 2933
f 2915 2933 2918
f 2916 2934 2917
f 2917 2934 2932
f 2918 2933 2935
f 2918 2935 2936
f 2918 2936 2919
f 2919 2936 2937
f 2919 2937 2920
f 2920 2937 2922
f 2922 2936 2938
f 2922 2938 2939
f 2922 2939 2940
f 2922 2940 2923
f 2922 2937 2936
f 2923 2940 2924
f 2924 2940 2939
f 2924 2939 2941
f 2924 2941 2942
f 2924 2942 2926
f 2924 2926 2925
f 2926 2942 2943
f 2926 2943 2927
f 2927 2943 2944
f 2927 2944 2945
f 2927 2945 2928
f 2928 2945 2946
f 2928 2946 2929
f 2930 2947 2948
f 2930 2948 2931
f 2932 2934 2949
f 2932 2949 2933
f 2933 2950 2951
f 2933 2951 2935
f 2933 2949 2950
f 2935 2951 2950
f 2935 2950 2952
f 2935 2952 2953
f 2935 2953 2954
f 2935 2954 2936
f 2936 2954 2955
f 2936 2955 2939
f 2936 2939 2938
f 2939 2955 2954
f 2939 2954 2956
f 2939 2956 2957
f 2939 2957 2941
f 2941 2957 2942
f 2942 2957 2958
f 2942 2958 2959
f 2942 2959 2945
f 2942 2945 2944
f 2942 2944 2943
f 2945 2959 2946
f 2947 2960 2948
f 2948 2960 2961
f 2949 2962 2963
f 2949 2963 2964
f 2949 2964 2950
f 2952 2965 2953
f 2953 2965 2954
f 2954 2965 2966
f 2954 2966 2956
f 2956 2966 2957
f 2957 2967 2958
f 2957 2966 2967
f 2958 2968 2959
f 2958 2967 2968
f 2960 2969 2961
f 2961 2969 2970
f 2961 2970 2971
f 2962 2972 2963
f 2963 2972 2974
f 2963 2974 2975
f 2963 2975 2976
f 2963 2976 2977
f 2963 2977 2973
f 2965 2978 2967
f 2965 2967 2966
f 2967 2978 2968
f 2970 2979 2971
f 2971 2979 2977
f 2973 2977 2980
f 2977 2979 2981
f 2977 2981 2980

o geometry_26
v -0.00159657 -0.00234543 -0.00077519
v -0.00158292 -0.00386134 -0.00077519
v -0.00163801 -0.00461956 -0.00077519
v -0.00159365 -0.00412805 -0.00077519
v -0.00161315 -0.00461956 -0.00028277
v -0.00158292 -0.00386134 0.00123382
v -0.00158877 -0.00386134 0.00199181
v -0.00161900 -0.00461956 0.00047522
v -0.00168066 -0.00461956 0.00123382
v -0.00166384 -0.00386134 0.00274980
v -0.00158317 -0.00310312 0.00274980
v -0.00158292 -0.00001313 0.00426640
v -0.00158292 -0.00001313 0.00274980
v -0.00158292 -0.00310312 -0.00077519
v -0.00158926 -0.00261162 -0.00077519
v -0.00159097 -0.00001313 0.00269263
v -0.00407282 0.00058219 0.00133528
v -0.00407282 0.00058219 0.00519595
v -0.00536756 0.00058219 0.00202214
v -0.00488216 0.00058219 0.00147920
v -0.00519686 0.00058219 0.00169799
v -0.00536079 -0.00182818 0.00061614
v -0.00407258 -0.00130897 -0.00077519
v -0.00417087 0.00058219 0.00133708
v -0.00341233 -0.00129849 -0.00077519
v -0.00265459 -0.00130373 -0.00077519
v -0.00209402 -0.00001313 0.00153628
v -0.00190562 -0.00160921 -0.00077519
v -0.00341233 -0.00522739 -0.00077519
v -0.00407258 -0.00489256 -0.00077519
v -0.00540284 -0.00221404 0.00061614
v -0.00536261 0.00058219 0.00256553
v -0.00536261 -0.00007058 0.00259467
v -0.00526600 -0.00007058 0.00297352
v -0.00536261 -0.00082884 0.00254491
v -0.00537199 -0.00163445 0.00203918
v -0.00540245 -0.00234588 0.00061614
v -0.00535415 -0.00280492 0.00061614
v -0.00534035 -0.00277694 0.00098109
v -0.00537108 -0.00235019 0.00123396
v -0.00534438 -0.00210103 0.00181815
v -0.00529556 -0.00191859 0.00232343
v -0.00496120 -0.00310306 0.00199165
v -0.00463530 -0.00359654 0.00252832
v -0.00470743 -0.00375207 0.00199165
v -0.00460015 -0.00429614 0.00108601
v -0.00463856 -0.00434296 0.00061614
v -0.00407258 -0.00495649 -0.00028277
v -0.00407258 -0.00494234 0.00047522
v -0.00428701 -0.00470890 0.00061614
v -0.00384275 -0.00504190 0.00123382
v -0.00390831 -0.00510059 0.00047522
v -0.00391538 -0.00510687 -0.00028277
v -0.00341233 -0.00529079 -0.00028277
v -0.00370553 -0.00514146 -0.00077519
v -0.00388223 -0.00507648 -0.00077519
v -0.00265434 -0.00536573 -0.00028277
v -0.00341233 -0.00527717 0.00047522
v -0.00380351 -0.00500836 0.00163710
v -0.00454481 -0.00423318 0.00159129
v -0.00445315 -0.00413146 0.00199165
v -0.00380058 -0.00424910 0.00313956
v -0.00341233 -0.00486164 0.00210001
v -0.00341233 -0.00453048 0.00274980
v -0.00265434 -0.00490252 0.00217194
v -0.00341233 -0.00504557 0.00172071
v -0.00341233 -0.00515403 0.00123382
v -0.00265434 -0.00535210 0.00047522
v -0.00265434 -0.00522215 0.00123382
v -0.00213911 -0.00505133 0.00173300
v -0.00202651 -0.00511054 0.00123382
v -0.00196484 -0.00517552 0.00047522
v -0.00195924 -0.00518233 -0.00028277
v -0.00175963 -0.00481763 -0.00077519
v -0.00198410 -0.00514932 -0.00077519
v -0.00265434 -0.00530023 -0.00077519
v -0.00179277 -0.00181043 -0.00077519
v -0.00174817 -0.00001313 0.00199181
v -0.00177401 -0.00001313 0.00195185
v -0.00192122 -0.00465676 0.00198812
v -0.00200969 -0.00442306 0.00274980
v -0.00198117 -0.00382676 0.00347398
v -0.00214447 -0.00429573 0.00319796
v -0.00265434 -0.00460594 0.00274980
v -0.00265434 -0.00507753 0.00179263
v -0.00341233 -0.00428839 0.00318874
v -0.00265434 -0.00432350 0.00323238
v -0.00265434 -0.00396404 0.00361169
v -0.00341233 -0.00392003 0.00356804
v -0.00341233 -0.00354066 0.00394488
v -0.00379985 -0.00349192 0.00389693
v -0.00341233 -0.00310312 0.00427808
v -0.00265434 -0.00310312 0.00435738
v -0.00265434 -0.00270436 0.00463525
v -0.00214617 -0.00355061 0.00395410
v -0.00265434 -0.00358467 0.00398791
v -0.00200628 -0.00310312 0.00412193
v -0.00166043 -0.00310312 0.00350779
v -0.00158390 -0.00234543 0.00350779
v -0.00160413 -0.00158721 0.00426640
v -0.00187588 -0.00241302 0.00433832
v -0.00206989 -0.00220552 0.00476619
v -0.00195022 -0.00158721 0.00489344
v -0.00179813 -0.00001313 0.00502439
v -0.00214422 -0.00001313 0.00545471
v -0.00158512 -0.00082846 0.00426640
v -0.00265434 -0.00001313 0.00550512
v -0.00225220 -0.00048525 0.00541107
v -0.00265434 -0.00050359 0.00541414
v -0.00265434 -0.00088244 0.00533914
v -0.00308622 -0.00048525 0.00541107
v -0.00336919 -0.00001313 0.00544734
v -0.00339112 -0.00001313 0.00544303
v -0.00359171 -0.00025312 0.00536680
v -0.00407282 0.00006718 0.00510538
v -0.00407282 -0.00082561 0.00493053
v -0.00415720 0.00000906 0.00500944
v -0.00455627 0.00027168 0.00465211
v -0.00458088 0.00058219 0.00467946
v -0.00472983 -0.00082884 0.00416342
v -0.00445471 -0.00082884 0.00454271
v -0.00466720 -0.00158709 0.00404506
v -0.00502851 -0.00082884 0.00350794
v -0.00460627 0.00058219 0.00463283
v -0.00507395 -0.00007058 0.00350794
v -0.00481693 0.00058219 0.00416073
v -0.00507421 0.00058219 0.00343352
v -0.00524022 0.00058219 0.00294393
v -0.00534438 -0.00141327 0.00246107
v -0.00489466 -0.00158709 0.00350794
v -0.00470730 -0.00232759 0.00352677
v -0.00464467 -0.00288941 0.00328691
v -0.00473438 -0.00312620 0.00276863
v -0.00448791 -0.00339474 0.00303360
v -0.00432386 -0.00312620 0.00352677
v -0.00447945 -0.00256922 0.00379219
v -0.00393439 -0.00310312 0.00404263
v -0.00417022 -0.00234050 0.00426385
v -0.00459103 -0.00206443 0.00393701
v -0.00386078 -0.00211225 0.00471209
v -0.00341233 -0.00263467 0.00459959
v -0.00341233 -0.00225530 0.00478648
v -0.00265434 -0.00232551 0.00482705
v -0.00265434 -0.00158721 0.00514180
v -0.00341233 -0.00158721 0.00506435
v -0.00396607 -0.00158721 0.00481599
v -0.00434547 -0.00158709 0.00442435
v -0.00336821 -0.00077449 0.00530103
f 2983 2984 2982
f 2985 2984 2983
f 2985 2986 2984
f 2985 2983 2986
f 2987 2986 2983
f 2988 2986 2987
f 2988 2989 2986
f 2988 2990 2989
f 2988 2991 2990
f 2988 2992 2991
f 2988 2987 2992
f 2987 2993 2992
f 2987 2983 2993
f 2983 2994 2993
f 2995 2994 2983
f 2996 2994 2995
f 2996 2982 2994
f 2996 2995 2982
f 2995 2983 2982
f 2994 2982 2997
f 2994 2997 2998
f 2994 2998 2993
f 2998 2999 2993
f 2998 3000 2999
f 3001 3000 2998
f 3002 3000 3001
f 3002 3003 3000
f 3002 3004 3003
f 3002 3001 3004
f 3005 3004 3001
f 3005 2998 3004
f 3005 3001 2998
f 3006 3004 2998
f 3006 3007 3004
f 3006 2998 3007
f 3007 2998 3008
f 3007 3008 3009
f 3007 3009 3004
f 3004 3009 3010
f 3011 3004 3010
f 3012 3004 3011
f 3012 3003 3004
f 3012 3000 3003
f 3012 3013 3000
f 3014 3013 3012
f 3014 3015 3013
f 3014 3016 3015
f 3014 3012 3016
f 3012 3017 3016
f 3012 3018 3017
f 3012 3011 3018
f 3018 3011 3019
f 3020 3018 3019
f 3020 3021 3018
f 3020 3022 3021
f 3020 3023 3022
f 3020 3024 3023
f 3020 3025 3024
f 3020 3026 3025
f 3020 3027 3026
f 3020 3028 3027
f 3020 3019 3028
f 3028 3019 3011
f 3029 3028 3011
f 3030 3028 3029
f 3030 3031 3028
f 3030 3032 3031
f 3030 3033 3032
f 3030 3029 3033
f 3034 3033 3029
f 3034 3035 3033
f 3034 3036 3035
f 3034 3037 3036
f 3034 3029 3037
f 3029 3011 3037
f 3037 3011 3036
f 3036 3011 3010
f 3035 3036 3010
f 3035 3010 3038
f 3035 3038 3039
f 3035 3039 3033
f 3032 3033 3039
f 3032 3039 3040
f 3031 3032 3040
f 3031 3040 3027
f 3031 3027 3028
f 3041 3027 3040
f 3041 3026 3027
f 3041 3025 3026
f 3041 3042 3025
f 3041 3040 3042
f 3040 3043 3042
f 3044 3043 3040
f 3044 3045 3043
f 3044 3046 3045
f 3044 3047 3046
f 3044 3040 3047
f 3040 3048 3047
f 3040 3039 3048
f 3049 3048 3039
f 3049 3050 3048
f 3049 3051 3050
f 3049 3052 3051
f 3049 3053 3052
f 3049 3038 3053
f 3049 3039 3038
f 3054 3053 3038
f 3054 2989 3053
f 3054 2986 2989
f 3054 3055 2986
f 3054 3056 3055
f 3054 3038 3056
f 3057 3056 3038
f 3057 3010 3056
f 3057 3038 3010
f 3056 3010 2984
f 3055 3056 2984
f 3055 2984 2986
f 2984 3010 3009
f 2982 2984 3009
f 3058 2982 3009
f 3059 2982 3058
f 3059 2997 2982
f 3059 2998 2997
f 3060 2998 3059
f 3060 3008 2998
f 3060 3009 3008
f 3060 3059 3009
f 3059 3058 3009
f 3053 2989 2990
f 3052 3053 2990
f 3052 2990 3061
f 3052 3061 3051
f 3061 3062 3051
f 3061 2991 3062
f 3061 2990 2991
f 3062 2991 3063
f 3062 3063 3064
f 3062 3064 3051
f 3065 3051 3064
f 3046 3051 3065
f 3046 3066 3051
f 3046 3047 3066
f 3050 3066 3047
f 3050 3051 3066
f 3050 3047 3048
f 3046 3065 3045
f 3065 3067 3045
f 3065 3068 3067
f 3065 3064 3068
f 3069 3068 3064
f 3069 3067 3068
f 3069 3070 3067
f 3071 3070 3069
f 3071 3072 3070
f 3071 3073 3072
f 3074 3073 3071
f 3074 3075 3073
f 3074 3076 3075
f 3074 3077 3076
f 3074 3071 3077
f 3071 3069 3077
f 3069 3076 3077
f 3069 3064 3076
f 3064 3063 3076
f 3063 3078 3076
f 3063 3079 3078
f 2991 3079 3063
f 2991 2992 3079
f 3080 3079 2992
f 3081 3079 3080
f 3082 3079 3081
f 3082 3078 3079
f 3082 3083 3078
f 3082 3084 3083
f 3082 3081 3084
f 3085 3084 3081
f 3085 3086 3084
f 3085 2999 3086
f 3085 2993 2999
f 3085 3087 2993
f 3085 3081 3087
f 3087 3081 3080
f 3087 3080 2993
f 3080 2992 2993
f 3088 3086 2999
f 3088 3089 3086
f 3090 3089 3088
f 3090 3091 3089
f 3090 3092 3091
f 3090 3088 3092
f 3088 3093 3092
f 3088 2999 3093
f 3094 3093 2999
f 3094 3095 3093
f 3094 2999 3095
f 3096 3095 2999
f 3096 3097 3095
f 3096 3098 3097
f 3096 3099 3098
f 3096 2999 3099
f 3099 2999 3100
f 3101 3099 3100
f 3101 3102 3099
f 3101 3103 3102
f 3101 3104 3103
f 3105 3104 3101
f 3106 3104 3105
f 3106 3015 3104
f 3106 3107 3015
f 3106 3105 3107
f 3105 3100 3107
f 3105 3101 3100
f 3100 2999 3107
f 3107 2999 3000
f 3013 3107 3000
f 3108 3107 3013
f 3108 3015 3107
f 3109 3015 3108
f 3109 3013 3015
f 3109 3108 3013
f 3015 3016 3104
f 3110 3104 3016
f 3110 3111 3104
f 3110 3023 3111
f 3022 3023 3110
f 3022 3110 3017
f 3022 3017 3021
f 3021 3017 3018
f 3110 3016 3017
f 3023 3112 3111
f 3023 3113 3112
f 3023 3114 3113
f 3023 3025 3114
f 3023 3024 3025
f 3025 3113 3114
f 3025 3115 3113
f 3025 3043 3115
f 3025 3042 3043
f 3115 3043 3072
f 3115 3072 3116
f 3115 3116 3113
f 3116 3117 3113
f 3116 3072 3117
f 3118 3117 3072
f 3119 3117 3118
f 3119 3120 3117
f 3119 3121 3120
f 3119 3118 3121
f 3118 3072 3121
f 3122 3121 3072
f 3122 3123 3121
f 3122 3124 3123
f 3122 3075 3124
f 3122 3073 3075
f 3122 3072 3073
f 3124 3075 3083
f 3124 3083 3125
f 3124 3125 3123
f 3123 3125 3126
f 3123 3126 3121
f 3127 3121 3126
f 3127 3128 3121
f 3127 3102 3128
f 3127 3097 3102
f 3095 3097 3127
f 3095 3127 3126
f 3095 3126 3129
f 3095 3129 3092
f 3095 3092 3093
f 3129 3125 3092
f 3129 3126 3125
f 3091 3092 3125
f 3091 3125 3089
f 3089 3125 3083
f 3089 3083 3084
f 3089 3084 3086
f 3097 3098 3102
f 3099 3102 3098
f 3128 3102 3103
f 3120 3128 3103
f 3120 3121 3128
f 3112 3120 3103
f 3112 3113 3120
f 3120 3113 3117
f 3112 3103 3111
f 3104 3111 3103
f 3075 3076 3083
f 3083 3076 3078
f 3070 3072 3043
f 3067 3070 3043
f 3067 3043 3045

o geometry_27
v 0.00568759 0.03716104 0.00208983
v 0.00644542 0.03718526 0.00208983
v 0.00555861 0.03720152 0.00208983
v 0.00542870 0.03747909 -0.00178734
v 0.00568759 0.03742849 -0.00178734
v 0.00606002 0.03743644 -0.00178734
v 0.00644542 0.03744656 -0.00178734
v 0.00686353 0.03733778 0.00208983
v 0.00501029 0.03745379 0.00208983
v 0.00490414 0.03781918 -0.00178734
v 0.00719030 0.03790014 -0.00178734
v 0.00709526 0.03756005 0.00208983
v 0.00483008 0.03780147 0.00208983
v 0.00490136 0.03782135 -0.00178734
v 0.00730786 0.03805447 -0.00178734
v 0.00723041 0.03774581 0.00208983
v 0.00458570 0.03860454 0.00208983
v 0.00458971 0.03860454 -0.00178734
v 0.00761396 0.03850045 -0.00178734
v 0.00756767 0.03823879 0.00208983
v 0.00459743 0.03936243 0.00208983
v 0.00458601 0.03936243 0.00199152
v 0.00458292 0.03936243 0.00123317
v 0.00458292 0.03936243 -0.00028316
v 0.00458323 0.03936243 -0.00104152
v 0.00458385 0.03936243 -0.00178734
v 0.00458910 0.03861647 -0.00178734
v 0.00769881 0.03862478 -0.00178734
v 0.00769388 0.03850009 0.00208983
v 0.00497048 0.04015574 0.00208983
v 0.00473721 0.04012068 0.00123317
v 0.00465143 0.04012068 0.00047481
v 0.00464279 0.04012068 -0.00028316
v 0.00458570 0.03937472 -0.00178734
v 0.00770036 0.03909824 -0.00178734
v 0.00773492 0.03936243 -0.00104152
v 0.00771486 0.03859587 0.00202796
v 0.00771239 0.03853877 0.00208983
v 0.00568759 0.04047921 0.00208983
v 0.00521209 0.04055041 0.00177631
v 0.00496277 0.04017779 0.00201392
v 0.00509977 0.04062016 0.00123317
v 0.00501430 0.04067907 0.00047481
v 0.00500535 0.04068269 -0.00028316
v 0.00470049 0.04012068 -0.00104152
v 0.00491957 0.04018285 -0.00178734
v 0.00769850 0.03936533 -0.00178734
v 0.00770097 0.03938087 -0.00174066
v 0.00765716 0.03983770 -0.00028316
v 0.00772442 0.03936243 0.00047481
v 0.00771980 0.03925798 0.00199152
v 0.00771455 0.03860093 0.00208983
v 0.00568759 0.04057281 0.00182755
v 0.00581688 0.04046439 0.00208983
v 0.00620814 0.04054644 0.00173532
v 0.00568759 0.04072714 0.00123317
v 0.00568759 0.04083773 0.00047481
v 0.00568759 0.04085328 -0.00028316
v 0.00506305 0.04064293 -0.00104152
v 0.00494888 0.04022513 -0.00178734
v 0.00765777 0.03943941 -0.00178734
v 0.00759051 0.03975059 -0.00144840
v 0.00762260 0.03979288 -0.00104152
v 0.00726836 0.04021682 -0.00028316
v 0.00765068 0.03982794 0.00047481
v 0.00770622 0.03943183 0.00128896
v 0.00761951 0.03978746 0.00107337
v 0.00757631 0.03973072 0.00157894
v 0.00770930 0.03923268 0.00208983
v 0.00771856 0.03918462 0.00208983
v 0.00645684 0.04030718 0.00208983
v 0.00671387 0.04045716 0.00140663
v 0.00645468 0.04059089 0.00118572
v 0.00645468 0.04035597 0.00198963
v 0.00644542 0.04068811 0.00047481
v 0.00644542 0.04071232 -0.00028316
v 0.00568759 0.04076907 -0.00104152
v 0.00517475 0.04057535 -0.00163590
v 0.00501029 0.04030537 -0.00178734
v 0.00729151 0.03989227 -0.00178734
v 0.00723195 0.03996166 -0.00174066
v 0.00686415 0.04052583 -0.00077962
v 0.00688914 0.04054210 -0.00028316
v 0.00724923 0.04020707 0.00047481
v 0.00683884 0.04050921 0.00090106
v 0.00720758 0.04012249 0.00124000
v 0.00711624 0.03998009 0.00199152
v 0.00749516 0.03963711 0.00199152
v 0.00746801 0.03961000 0.00208983
v 0.00709063 0.03995769 0.00208983
v 0.00687001 0.04052944 0.00047481
v 0.00647165 0.04061655 -0.00103620
v 0.00568759 0.04059920 -0.00172016
v 0.00623652 0.04055655 -0.00160440
v 0.00568759 0.04057679 -0.00178734
v 0.00534261 0.04054173 -0.00178734
v 0.00721683 0.03995515 -0.00178734
v 0.00674195 0.04046873 -0.00128519
v 0.00642413 0.04042970 -0.00178734
v 0.00649479 0.04040331 -0.00178734
f 3130 3131 3137
f 3130 3137 3141
f 3130 3141 3145
f 3130 3145 3149
f 3130 3149 3158
f 3130 3158 3167
f 3130 3167 3181
f 3130 3181 3199
f 3130 3199 3198
f 3130 3198 3218
f 3130 3218 3219
f 3130 3219 3200
f 3130 3200 3183
f 3130 3183 3168
f 3130 3168 3159
f 3130 3159 3150
f 3130 3150 3146
f 3130 3146 3142
f 3130 3142 3138
f 3130 3138 3132
f 3130 3132 3133
f 3130 3133 3134
f 3130 3134 3135
f 3130 3135 3136
f 3130 3136 3131
f 3131 3136 3137
f 3132 3138 3133
f 3133 3139 3143
f 3133 3143 3147
f 3133 3147 3156
f 3133 3156 3155
f 3133 3155 3163
f 3133 3163 3175
f 3133 3175 3189
f 3133 3189 3208
f 3133 3208 3225
f 3133 3225 3224
f 3133 3224 3228
f 3133 3228 3229
f 3133 3229 3226
f 3133 3226 3209
f 3133 3209 3190
f 3133 3190 3176
f 3133 3176 3164
f 3133 3164 3157
f 3133 3157 3148
f 3133 3148 3144
f 3133 3144 3140
f 3133 3140 3136
f 3133 3136 3135
f 3133 3135 3134
f 3133 3138 3139
f 3136 3140 3137
f 3137 3140 3141
f 3138 3142 3143
f 3138 3143 3139
f 3140 3144 3141
f 3141 3144 3145
f 3142 3146 3147
f 3142 3147 3143
f 3144 3148 3145
f 3145 3148 3149
f 3146 3150 3151
f 3146 3151 3152
f 3146 3152 3153
f 3146 3153 3154
f 3146 3154 3155
f 3146 3155 3156
f 3146 3156 3147
f 3148 3157 3149
f 3149 3157 3158
f 3150 3159 3160
f 3150 3160 3151
f 3151 3160 3161
f 3151 3161 3162
f 3151 3162 3152
f 3152 3162 3153
f 3153 3162 3154
f 3154 3162 3155
f 3155 3162 3163
f 3157 3164 3165
f 3157 3165 3166
f 3157 3166 3167
f 3157 3167 3158
f 3159 3168 3169
f 3159 3169 3170
f 3159 3170 3160
f 3160 3171 3172
f 3160 3172 3161
f 3160 3170 3171
f 3161 3172 3173
f 3161 3173 3162
f 3162 3173 3174
f 3162 3174 3163
f 3163 3174 3175
f 3164 3176 3177
f 3164 3177 3165
f 3165 3177 3178
f 3165 3178 3179
f 3165 3179 3180
f 3165 3180 3166
f 3166 3180 3181
f 3166 3181 3167
f 3168 3182 3169
f 3168 3183 3184
f 3168 3184 3182
f 3169 3182 3185
f 3169 3185 3171
f 3169 3171 3170
f 3171 3185 3186
f 3171 3186 3172
f 3172 3186 3187
f 3172 3187 3173
f 3173 3187 3188
f 3173 3188 3174
f 3174 3188 3189
f 3174 3189 3175
f 3176 3190 3191
f 3176 3191 3177
f 3177 3191 3192
f 3177 3192 3178
f 3178 3192 3193
f 3178 3193 3194
f 3178 3194 3195
f 3178 3195 3179
f 3179 3195 3180
f 3180 3195 3194
f 3180 3194 3196
f 3180 3196 3197
f 3180 3197 3198
f 3180 3198 3199
f 3180 3199 3181
f 3182 3184 3185
f 3183 3200 3184
f 3184 3201 3202
f 3184 3202 3185
f 3184 3200 3203
f 3184 3203 3201
f 3185 3202 3186
f 3186 3204 3205
f 3186 3205 3187
f 3186 3202 3204
f 3187 3205 3206
f 3187 3206 3188
f 3188 3206 3207
f 3188 3207 3189
f 3189 3207 3208
f 3190 3209 3191
f 3191 3209 3210
f 3191 3210 3211
f 3191 3211 3192
f 3192 3211 3193
f 3193 3211 3212
f 3193 3212 3213
f 3193 3213 3194
f 3194 3213 3196
f 3196 3213 3214
f 3196 3214 3215
f 3196 3215 3197
f 3197 3215 3216
f 3197 3216 3217
f 3197 3217 3198
f 3198 3217 3218
f 3200 3219 3203
f 3201 3203 3219
f 3201 3219 3216
f 3201 3216 3214
f 3201 3214 3202
f 3202 3214 3204
f 3204 3214 3220
f 3204 3220 3205
f 3205 3212 3211
f 3205 3211 3221
f 3205 3221 3206
f 3205 3220 3212
f 3206 3222 3207
f 3206 3221 3223
f 3206 3223 3222
f 3207 3222 3224
f 3207 3224 3225
f 3207 3225 3208
f 3209 3226 3210
f 3210 3227 3211
f 3210 3226 3227
f 3211 3227 3221
f 3212 3220 3213
f 3213 3220 3214
f 3214 3216 3215
f 3216 3219 3217
f 3217 3219 3218
f 3221 3227 3223
f 3222 3223 3224
f 3223 3227 3228
f 3223 3228 3224
f 3226 3229 3227
f 3227 3229 3228

o geometry_28
v -0.00340867 -0.00129817 -0.00077519
v -0.00341233 -0.00129817 -0.00077519
v -0.00265459 -0.00130386 -0.00077519
v -0.00265434 -0.00001365 -0.00149359
v -0.00332166 -0.00001365 -0.00149251
v -0.00407258 -0.00130903 -0.00077519
v -0.00341233 -0.00001365 -0.00149251
v -0.00407258 -0.00001365 -0.00149431
v -0.00190562 -0.00160972 -0.00077519
v -0.00259414 -0.00001365 -0.00151618
v -0.00407258 -0.00489244 -0.00077519
v -0.00407258 -0.00001365 -0.00443929
v -0.00179277 -0.00181052 -0.00077519
v -0.00192755 -0.00001365 -0.00183109
v -0.00407258 -0.00485311 -0.00104167
v -0.00401555 -0.00494937 -0.00077519
v -0.00165775 -0.00001365 -0.00443929
v -0.00407258 -0.00218522 -0.00443929
v -0.00159657 -0.00234514 -0.00077519
v -0.00158463 -0.00001365 -0.00255846
v -0.00407258 -0.00482154 -0.00122423
v -0.00382276 -0.00502441 -0.00149144
v -0.00386444 -0.00506012 -0.00104167
v -0.00393756 -0.00502389 -0.00077519
v -0.00158292 -0.00001365 -0.00407489
v -0.00165336 -0.00007006 -0.00443929
v -0.00400141 -0.00235756 -0.00443929
v -0.00407258 -0.00236636 -0.00435536
v -0.00158926 -0.00261167 -0.00077519
v -0.00158292 -0.00001365 -0.00331631
v -0.00158292 -0.00310281 -0.00077519
v -0.00407258 -0.00467870 -0.00167830
v -0.00341233 -0.00507151 -0.00160549
v -0.00341233 -0.00519313 -0.00104167
v -0.00341233 -0.00522729 -0.00077519
v -0.00370553 -0.00514138 -0.00077519
v -0.00407258 -0.00452189 -0.00201437
v -0.00394560 -0.00439923 -0.00255846
v -0.00383763 -0.00428434 -0.00299603
v -0.00341233 -0.00463471 -0.00255846
v -0.00341233 -0.00490952 -0.00198460
v -0.00388223 -0.00507668 -0.00077519
v -0.00158292 -0.00082876 -0.00407489
v -0.00165336 -0.00046442 -0.00443929
v -0.00382764 -0.00271776 -0.00443929
v -0.00407258 -0.00255629 -0.00425350
v -0.00158292 -0.00386151 -0.00077519
v -0.00265434 -0.00494730 -0.00206350
v -0.00265434 -0.00510567 -0.00168440
v -0.00265434 -0.00526403 -0.00104167
v -0.00265434 -0.00530026 -0.00077519
v -0.00314594 -0.00525368 -0.00077519
v -0.00407258 -0.00433402 -0.00241069
v -0.00407258 -0.00409958 -0.00282351
v -0.00407258 -0.00377146 -0.00322055
v -0.00399288 -0.00382684 -0.00327579
v -0.00384860 -0.00355099 -0.00376823
v -0.00341233 -0.00401160 -0.00345368
v -0.00341233 -0.00434489 -0.00307458
v -0.00265434 -0.00471182 -0.00255846
v -0.00158292 -0.00234514 -0.00331631
v -0.00158829 -0.00158695 -0.00407489
v -0.00169869 -0.00122261 -0.00443929
v -0.00380789 -0.00275192 -0.00443929
v -0.00407258 -0.00296928 -0.00397267
v -0.00158292 -0.00386151 -0.00104167
v -0.00159365 -0.00412804 -0.00077519
v -0.00210791 -0.00506996 -0.00159653
v -0.00199750 -0.00513154 -0.00104167
v -0.00198410 -0.00514966 -0.00077519
v -0.00407258 -0.00339522 -0.00361042
v -0.00396900 -0.00303501 -0.00404225
v -0.00376232 -0.00277935 -0.00443929
v -0.00341233 -0.00318354 -0.00423306
v -0.00341233 -0.00363276 -0.00385395
v -0.00265434 -0.00405921 -0.00350318
v -0.00265434 -0.00438422 -0.00312407
v -0.00208914 -0.00433661 -0.00306202
v -0.00158292 -0.00310281 -0.00255846
v -0.00160900 -0.00310281 -0.00331631
v -0.00166604 -0.00234514 -0.00407489
v -0.00181666 -0.00196837 -0.00443929
v -0.00158561 -0.00386151 -0.00180025
v -0.00163801 -0.00461970 -0.00077519
v -0.00196509 -0.00447634 -0.00255846
v -0.00190001 -0.00467508 -0.00182966
v -0.00165141 -0.00461970 -0.00104167
v -0.00175963 -0.00481740 -0.00077519
v -0.00341233 -0.00289010 -0.00443929
v -0.00265434 -0.00324461 -0.00428255
v -0.00320151 -0.00292685 -0.00443929
v -0.00265434 -0.00368038 -0.00390345
v -0.00207891 -0.00361413 -0.00383422
v -0.00190757 -0.00386462 -0.00331524
v -0.00161924 -0.00386151 -0.00255846
v -0.00194266 -0.00308366 -0.00408206
v -0.00188953 -0.00234514 -0.00443929
v -0.00198727 -0.00261063 -0.00443929
v -0.00265434 -0.00300913 -0.00443929
v -0.00211498 -0.00286112 -0.00443929
f 3230 3231 3235
f 3230 3235 3240
f 3230 3240 3245
f 3230 3245 3253
f 3230 3253 3271
f 3230 3271 3265
f 3230 3265 3264
f 3230 3264 3281
f 3230 3281 3280
f 3230 3280 3299
f 3230 3299 3317
f 3230 3317 3313
f 3230 3313 3296
f 3230 3296 3276
f 3230 3276 3260
f 3230 3260 3258
f 3230 3258 3248
f 3230 3248 3242
f 3230 3242 3238
f 3230 3238 3232
f 3230 3232 3233
f 3230 3233 3234
f 3230 3234 3236
f 3230 3236 3231
f 3231 3236 3237
f 3231 3237 3235
f 3232 3238 3233
f 3233 3239 3243
f 3233 3243 3249
f 3233 3249 3259
f 3233 3259 3254
f 3233 3254 3246
f 3233 3246 3241
f 3233 3241 3237
f 3233 3237 3236
f 3233 3236 3234
f 3233 3238 3239
f 3235 3237 3241
f 3235 3241 3247
f 3235 3247 3257
f 3235 3257 3275
f 3235 3275 3294
f 3235 3294 3300
f 3235 3300 3284
f 3235 3284 3283
f 3235 3283 3282
f 3235 3282 3266
f 3235 3266 3261
f 3235 3261 3250
f 3235 3250 3244
f 3235 3244 3240
f 3238 3242 3243
f 3238 3243 3239
f 3240 3244 3245
f 3241 3246 3255
f 3241 3255 3273
f 3241 3273 3292
f 3241 3292 3311
f 3241 3311 3326
f 3241 3326 3327
f 3241 3327 3329
f 3241 3329 3328
f 3241 3328 3320
f 3241 3320 3318
f 3241 3318 3302
f 3241 3302 3293
f 3241 3293 3274
f 3241 3274 3256
f 3241 3256 3247
f 3242 3248 3243
f 3243 3248 3249
f 3244 3250 3251
f 3244 3251 3252
f 3244 3252 3245
f 3245 3252 3253
f 3246 3254 3255
f 3247 3256 3257
f 3248 3258 3249
f 3249 3258 3260
f 3249 3260 3259
f 3250 3261 3251
f 3251 3262 3263
f 3251 3263 3264
f 3251 3264 3265
f 3251 3265 3252
f 3251 3261 3266
f 3251 3266 3267
f 3251 3267 3268
f 3251 3268 3269
f 3251 3269 3270
f 3251 3270 3262
f 3252 3265 3271
f 3252 3271 3253
f 3254 3259 3260
f 3254 3260 3276
f 3254 3276 3295
f 3254 3295 3308
f 3254 3308 3290
f 3254 3290 3272
f 3254 3272 3273
f 3254 3273 3255
f 3256 3274 3275
f 3256 3275 3257
f 3262 3270 3277
f 3262 3277 3278
f 3262 3278 3279
f 3262 3279 3263
f 3263 3279 3280
f 3263 3280 3281
f 3263 3281 3264
f 3266 3282 3267
f 3267 3282 3268
f 3268 3282 3283
f 3268 3283 3284
f 3268 3284 3285
f 3268 3285 3286
f 3268 3286 3287
f 3268 3287 3288
f 3268 3288 3269
f 3269 3288 3289
f 3269 3289 3270
f 3270 3289 3277
f 3272 3290 3291
f 3272 3291 3273
f 3273 3291 3292
f 3274 3293 3294
f 3274 3294 3275
f 3276 3296 3295
f 3277 3289 3297
f 3277 3297 3278
f 3278 3297 3279
f 3279 3297 3298
f 3279 3298 3280
f 3280 3298 3299
f 3284 3300 3286
f 3284 3286 3285
f 3286 3300 3294
f 3286 3294 3301
f 3286 3301 3293
f 3286 3293 3302
f 3286 3302 3303
f 3286 3303 3304
f 3286 3304 3287
f 3287 3305 3288
f 3287 3304 3321
f 3287 3321 3305
f 3288 3305 3306
f 3288 3306 3289
f 3289 3306 3307
f 3289 3307 3297
f 3290 3308 3309
f 3290 3309 3291
f 3291 3309 3310
f 3291 3310 3292
f 3292 3310 3311
f 3293 3301 3294
f 3295 3312 3308
f 3295 3296 3312
f 3296 3313 3312
f 3297 3307 3314
f 3297 3314 3315
f 3297 3315 3298
f 3298 3315 3316
f 3298 3316 3299
f 3299 3316 3317
f 3302 3318 3303
f 3303 3319 3304
f 3303 3318 3320
f 3303 3320 3319
f 3304 3319 3321
f 3305 3321 3322
f 3305 3322 3307
f 3305 3307 3306
f 3307 3322 3323
f 3307 3323 3314
f 3308 3312 3309
f 3309 3312 3324
f 3309 3324 3323
f 3309 3323 3325
f 3309 3325 3310
f 3310 3326 3311
f 3310 3325 3327
f 3310 3327 3326
f 3312 3313 3324
f 3313 3317 3316
f 3313 3316 3324
f 3314 3316 3315
f 3314 3323 3324
f 3314 3324 3316
f 3319 3328 3329
f 3319 3329 3322
f 3319 3322 3321
f 3319 3320 3328
f 3322 3329 3325
f 3322 3325 3323
f 3325 3329 3327

o geometry_29
v 0.00265432 -0.00536625 -0.00028339
v 0.00341254 -0.00529076 -0.00028339
v 0.00341254 -0.00527765 0.00047455
v 0.00265432 -0.00535234 0.00047455
v 0.00196503 -0.00517554 0.00047455
v 0.00195941 -0.00518230 -0.00028339
v 0.00199762 -0.00513144 -0.00104187
v 0.00265432 -0.00526414 -0.00104187
v 0.00341254 -0.00519302 -0.00104187
v 0.00391565 -0.00510721 -0.00028339
v 0.00390816 -0.00510085 0.00047455
v 0.00382274 -0.00502457 -0.00149152
v 0.00386432 -0.00506032 -0.00104187
v 0.00389092 -0.00508536 0.00067355
v 0.00352492 -0.00521567 0.00067355
v 0.00341254 -0.00524507 0.00067355
v 0.00285287 -0.00530030 0.00067355
v 0.00265432 -0.00531817 0.00067355
v 0.00198114 -0.00515846 0.00067355
v 0.00189048 -0.00503013 0.00067355
v 0.00161889 -0.00461971 0.00047455
v 0.00161327 -0.00461971 -0.00028339
v 0.00165148 -0.00461971 -0.00104187
v 0.00189985 -0.00467494 -0.00182972
v 0.00210776 -0.00507026 -0.00159646
v 0.00265432 -0.00510562 -0.00168454
v 0.00341254 -0.00507145 -0.00160571
v 0.00429476 -0.00474447 -0.00028339
v 0.00428726 -0.00473573 0.00047455
v 0.00417076 -0.00481598 0.00067355
v 0.00456598 -0.00425856 -0.00145999
v 0.00424343 -0.00468368 -0.00104187
v 0.00341254 -0.00490935 -0.00198468
v 0.00341254 -0.00463481 -0.00255775
v 0.00383735 -0.00428399 -0.00299599
v 0.00394562 -0.00439921 -0.00255775
v 0.00413929 -0.00458634 -0.00172859
v 0.00163500 -0.00461971 0.00067355
v 0.00160952 -0.00442106 0.00067355
v 0.00158292 -0.00386126 -0.00104187
v 0.00158555 -0.00386126 -0.00180036
v 0.00161926 -0.00386126 -0.00255775
v 0.00158292 -0.00386126 0.00067355
v 0.00196541 -0.00447629 -0.00255775
v 0.00208940 -0.00433644 -0.00306178
v 0.00265432 -0.00471189 -0.00255775
v 0.00265432 -0.00494749 -0.00206351
v 0.00460681 -0.00430465 -0.00104187
v 0.00465738 -0.00436544 -0.00028339
v 0.00464989 -0.00435670 0.00047455
v 0.00463378 -0.00433723 0.00067355
v 0.00438878 -0.00459309 0.00067355
v 0.00534293 -0.00278258 -0.00087658
v 0.00445622 -0.00413818 -0.00196565
v 0.00465551 -0.00363281 -0.00239899
v 0.00469822 -0.00387596 -0.00174762
v 0.00341254 -0.00434518 -0.00307483
v 0.00341254 -0.00401184 -0.00345380
v 0.00384859 -0.00355096 -0.00376806
v 0.00399282 -0.00382669 -0.00327546
v 0.00452964 -0.00345482 -0.00290464
v 0.00435769 -0.00387596 -0.00261430
v 0.00158292 -0.00310360 -0.00255775
v 0.00160915 -0.00310360 -0.00331624
v 0.00190772 -0.00386483 -0.00331515
v 0.00158292 -0.00310360 0.00067355
v 0.00207891 -0.00361414 -0.00383385
v 0.00265432 -0.00405951 -0.00350327
v 0.00265432 -0.00438451 -0.00312430
v 0.00536128 -0.00281992 -0.00028339
v 0.00535941 -0.00281595 0.00047455
v 0.00535192 -0.00280085 0.00067355
v 0.00530097 -0.00268722 -0.00138224
v 0.00533244 -0.00201340 -0.00222282
v 0.00535342 -0.00216318 -0.00180036
v 0.00537252 -0.00239878 -0.00109461
v 0.00540961 -0.00234514 -0.00028339
v 0.00466900 -0.00294984 -0.00316128
v 0.00477164 -0.00316280 -0.00261430
v 0.00341254 -0.00363281 -0.00385397
v 0.00452852 -0.00268087 -0.00366639
v 0.00440752 -0.00316280 -0.00337496
v 0.00341254 -0.00318385 -0.00423294
v 0.00379877 -0.00273689 -0.00446076
v 0.00396884 -0.00303526 -0.00404210
v 0.00158292 -0.00234514 -0.00331624
v 0.00158854 -0.00158669 -0.00407472
v 0.00166609 -0.00234514 -0.00407472
v 0.00194293 -0.00308413 -0.00408179
v 0.00158367 -0.00290495 0.00067355
v 0.00158330 -0.00130778 -0.00255775
v 0.00158292 -0.00158669 -0.00255775
v 0.00214784 -0.00281873 -0.00450752
v 0.00265432 -0.00324504 -0.00428242
v 0.00265432 -0.00368009 -0.00390345
v 0.00540811 -0.00234514 0.00047455
v 0.00538151 -0.00251479 0.00067355
v 0.00475216 -0.00239481 -0.00337496
v 0.00463491 -0.00217510 -0.00381102
v 0.00497843 -0.00158669 -0.00331624
v 0.00531745 -0.00130778 -0.00259309
v 0.00535342 -0.00158669 -0.00232939
v 0.00538975 -0.00158669 -0.00180036
v 0.00431686 -0.00239481 -0.00406820
v 0.00341254 -0.00280483 -0.00449936
v 0.00341254 -0.00234514 -0.00474838
v 0.00338894 -0.00202015 -0.00488105
v 0.00356426 -0.00184216 -0.00488105
v 0.00389542 -0.00234514 -0.00456352
v 0.00158292 -0.00130778 -0.00331624
v 0.00158630 -0.00130778 -0.00407472
v 0.00194143 -0.00130778 -0.00486093
v 0.00201223 -0.00234514 -0.00463910
v 0.00159341 -0.00234514 0.00067355
v 0.00169756 -0.00130778 -0.00177806
v 0.00167321 -0.00211312 0.00067355
v 0.00265432 -0.00220609 -0.00488105
v 0.00265432 -0.00234514 -0.00482451
v 0.00265432 -0.00286601 -0.00453416
v 0.00536053 -0.00181196 0.00067355
v 0.00539837 -0.00234673 0.00067355
v 0.00537739 -0.00130778 -0.00181069
v 0.00470758 -0.00158669 -0.00393716
v 0.00442962 -0.00158669 -0.00431667
v 0.00503687 -0.00130778 -0.00329394
v 0.00535566 -0.00130778 -0.00241747
v 0.00537889 -0.00130778 -0.00207819
v 0.00314469 -0.00208491 -0.00488105
v 0.00387631 -0.00138248 -0.00488105
v 0.00405051 -0.00158669 -0.00471794
v 0.00196054 -0.00130778 -0.00488105
v 0.00200212 -0.00151319 -0.00488105
v 0.00199612 -0.00151994 -0.00487290
v 0.00192083 -0.00164788 0.00067355
v 0.00196578 -0.00130778 -0.00111582
v 0.00519908 -0.00168880 0.00067355
v 0.00535866 -0.00130778 -0.00141323
v 0.00533131 -0.00130778 -0.00131101
v 0.00461205 -0.00130778 -0.00416552
v 0.00470721 -0.00130778 -0.00400186
v 0.00446895 -0.00130778 -0.00436071
v 0.00389916 -0.00130778 -0.00488105
v 0.00408685 -0.00130778 -0.00475219
v 0.00265432 -0.00134314 0.00067355
v 0.00265320 -0.00130778 -0.00077980
v 0.00492898 -0.00152193 0.00067355
v 0.00509456 -0.00130778 -0.00111147
v 0.00417038 -0.00135069 0.00067355
v 0.00341254 -0.00134513 0.00067355
v 0.00417038 -0.00130778 -0.00079992
v 0.00341254 -0.00130778 -0.00078306
v 0.00492898 -0.00130778 -0.00099892
v 0.00381450 -0.00134712 0.00067355
f 3330 3331 3332
f 3330 3332 3333
f 3330 3333 3334
f 3330 3334 3335
f 3330 3335 3336
f 3330 3336 3337
f 3330 3337 3338
f 3330 3338 3331
f 3331 3339 3340
f 3331 3340 3332
f 3331 3338 3341
f 3331 3341 3342
f 3331 3342 3339
f 3332 3340 3343
f 3332 3343 3344
f 3332 3344 3345
f 3332 3345 3346
f 3332 3346 3333
f 3333 3346 3347
f 3333 3347 3348
f 3333 3348 3334
f 3334 3348 3349
f 3334 3349 3350
f 3334 3350 3335
f 3335 3350 3351
f 3335 3351 3352
f 3335 3352 3336
f 3336 3352 3353
f 3336 3353 3354
f 3336 3354 3337
f 3337 3354 3355
f 3337 3355 3356
f 3337 3356 3338
f 3338 3356 3341
f 3339 3342 3357
f 3339 3357 3340
f 3340 3358 3359
f 3340 3359 3343
f 3340 3357 3358
f 3341 3360 3361
f 3341 3361 3342
f 3341 3356 3362
f 3341 3362 3363
f 3341 3363 3364
f 3341 3364 3365
f 3341 3365 3366
f 3341 3366 3360
f 3342 3361 3357
f 3343 3359 3381
f 3343 3381 3380
f 3343 3380 3401
f 3343 3401 3426
f 3343 3426 3450
f 3343 3450 3449
f 3343 3449 3465
f 3343 3465 3475
f 3343 3475 3477
f 3343 3477 3482
f 3343 3482 3478
f 3343 3478 3473
f 3343 3473 3463
f 3343 3463 3445
f 3343 3445 3443
f 3343 3443 3419
f 3343 3419 3395
f 3343 3395 3372
f 3343 3372 3368
f 3343 3368 3367
f 3343 3367 3349
f 3343 3349 3348
f 3343 3348 3347
f 3343 3347 3346
f 3343 3346 3345
f 3343 3345 3344
f 3349 3367 3350
f 3350 3367 3368
f 3350 3368 3351
f 3351 3369 3370
f 3351 3370 3371
f 3351 3371 3352
f 3351 3368 3372
f 3351 3372 3369
f 3352 3371 3373
f 3352 3373 3353
f 3353 3373 3354
f 3354 3373 3374
f 3354 3374 3375
f 3354 3375 3376
f 3354 3376 3355
f 3355 3376 3356
f 3356 3376 3362
f 3357 3361 3377
f 3357 3377 3378
f 3357 3378 3379
f 3357 3379 3358
f 3358 3379 3380
f 3358 3380 3381
f 3358 3381 3359
f 3360 3382 3377
f 3360 3377 3361
f 3360 3366 3383
f 3360 3383 3384
f 3360 3384 3385
f 3360 3385 3382
f 3362 3376 3375
f 3362 3375 3363
f 3363 3375 3386
f 3363 3386 3364
f 3364 3386 3387
f 3364 3387 3388
f 3364 3388 3389
f 3364 3389 3390
f 3364 3390 3391
f 3364 3391 3383
f 3364 3383 3365
f 3365 3383 3366
f 3369 3372 3395
f 3369 3395 3421
f 3369 3421 3439
f 3369 3439 3415
f 3369 3415 3392
f 3369 3392 3370
f 3370 3392 3393
f 3370 3393 3371
f 3371 3393 3394
f 3371 3394 3373
f 3373 3394 3374
f 3374 3394 3396
f 3374 3396 3397
f 3374 3397 3398
f 3374 3398 3375
f 3375 3398 3386
f 3377 3382 3378
f 3378 3382 3399
f 3378 3399 3400
f 3378 3400 3379
f 3379 3400 3401
f 3379 3401 3380
f 3382 3385 3402
f 3382 3402 3403
f 3382 3403 3404
f 3382 3404 3405
f 3382 3405 3406
f 3382 3406 3399
f 3383 3391 3384
f 3384 3391 3390
f 3384 3390 3407
f 3384 3407 3408
f 3384 3408 3403
f 3384 3403 3402
f 3384 3402 3385
f 3386 3398 3397
f 3386 3397 3387
f 3387 3397 3409
f 3387 3409 3388
f 3388 3410 3411
f 3388 3411 3390
f 3388 3390 3389
f 3388 3409 3412
f 3388 3412 3413
f 3388 3413 3414
f 3388 3414 3410
f 3390 3411 3410
f 3390 3410 3407
f 3392 3415 3393
f 3393 3416 3417
f 3393 3417 3418
f 3393 3418 3394
f 3393 3415 3416
f 3394 3418 3396
f 3395 3419 3420
f 3395 3420 3421
f 3396 3418 3422
f 3396 3422 3423
f 3396 3423 3424
f 3396 3424 3397
f 3397 3424 3409
f 3399 3406 3425
f 3399 3425 3400
f 3400 3425 3426
f 3400 3426 3401
f 3403 3408 3407
f 3403 3407 3427
f 3403 3427 3428
f 3403 3428 3429
f 3403 3429 3430
f 3403 3430 3431
f 3403 3431 3404
f 3404 3431 3432
f 3404 3432 3405
f 3405 3432 3406
f 3406 3432 3425
f 3407 3410 3428
f 3407 3428 3427
f 3409 3424 3423
f 3409 3423 3412
f 3410 3414 3413
f 3410 3413 3433
f 3410 3433 3428
f 3412 3423 3434
f 3412 3434 3413
f 3413 3434 3435
f 3413 3435 3436
f 3413 3436 3437
f 3413 3437 3438
f 3413 3438 3433
f 3415 3439 3440
f 3415 3440 3416
f 3416 3440 3441
f 3416 3441 3417
f 3417 3441 3442
f 3417 3442 3418
f 3418 3442 3422
f 3419 3443 3420
f 3420 3444 3464
f 3420 3464 3474
f 3420 3474 3480
f 3420 3480 3479
f 3420 3479 3481
f 3420 3481 3476
f 3420 3476 3467
f 3420 3467 3466
f 3420 3466 3451
f 3420 3451 3456
f 3420 3456 3455
f 3420 3455 3430
f 3420 3430 3454
f 3420 3454 3469
f 3420 3469 3468
f 3420 3468 3470
f 3420 3470 3472
f 3420 3472 3471
f 3420 3471 3460
f 3420 3460 3441
f 3420 3441 3440
f 3420 3440 3439
f 3420 3439 3421
f 3420 3443 3445
f 3420 3445 3444
f 3422 3442 3446
f 3422 3446 3447
f 3422 3447 3448
f 3422 3448 3423
f 3423 3448 3434
f 3425 3449 3450
f 3425 3450 3426
f 3425 3432 3451
f 3425 3451 3449
f 3428 3452 3429
f 3428 3433 3453
f 3428 3453 3452
f 3429 3454 3430
f 3429 3452 3454
f 3430 3455 3431
f 3431 3455 3432
f 3432 3455 3456
f 3432 3456 3451
f 3433 3438 3453
f 3434 3448 3447
f 3434 3447 3435
f 3435 3447 3446
f 3435 3446 3457
f 3435 3457 3436
f 3436 3457 3446
f 3436 3446 3461
f 3436 3461 3460
f 3436 3460 3471
f 3436 3471 3458
f 3436 3458 3437
f 3437 3458 3438
f 3438 3458 3459
f 3438 3459 3453
f 3441 3460 3461
f 3441 3461 3462
f 3441 3462 3442
f 3442 3462 3461
f 3442 3461 3446
f 3444 3445 3463
f 3444 3463 3464
f 3449 3451 3466
f 3449 3466 3467
f 3449 3467 3465
f 3452 3453 3468
f 3452 3468 3469
f 3452 3469 3454
f 3453 3470 3468
f 3453 3459 3470
f 3458 3471 3472
f 3458 3472 3459
f 3459 3472 3470
f 3463 3473 3464
f 3464 3473 3474
f 3465 3467 3475
f 3467 3476 3477
f 3467 3477 3475
f 3473 3478 3479
f 3473 3479 3480
f 3473 3480 3474
f 3476 3481 3477
f 3477 3481 3482
f 3478 3482 3479
f 3479 3482 3481

o geometry_30
v -0.00764721 0.03690583 -0.00443929
v -0.00764598 0.03691473 -0.00443929
v -0.00464589 0.03690583 -0.00443929
v -0.00769428 0.03690583 -0.00424563
v -0.00766616 0.03784592 -0.00386077
v -0.00754359 0.03736969 -0.00440085
v -0.00751516 0.03734609 -0.00443929
v -0.00464589 0.03708766 -0.00443929
v -0.00461196 0.03690583 -0.00424267
v -0.00769550 0.03690583 -0.00409779
v -0.00769734 0.03710546 -0.00411849
v -0.00759555 0.03824981 -0.00371639
v -0.00770528 0.03779834 -0.00326697
v -0.00768480 0.03938024 -0.00173789
v -0.00765087 0.03910208 -0.00255787
v -0.00764690 0.03854306 -0.00324234
v -0.00722203 0.03784592 -0.00443929
v -0.00741276 0.03784592 -0.00424021
v -0.00479108 0.03783741 -0.00443929
v -0.00461532 0.03784592 -0.00407463
v -0.00458323 0.03708766 -0.00407463
v -0.00458323 0.03690583 -0.00407463
v -0.00768939 0.03690583 -0.00361734
v -0.00769520 0.03936245 0.00047467
v -0.00715753 0.03852217 -0.00400121
v -0.00692401 0.03831906 -0.00443929
v -0.00758455 0.03898564 -0.00294026
v -0.00742529 0.03875506 -0.00344585
v -0.00770528 0.03872257 -0.00179998
v -0.00770253 0.03936245 -0.00104209
v -0.00765424 0.03983713 -0.00028371
v -0.00762092 0.03979187 -0.00104209
v -0.00758944 0.03974893 -0.00144321
v -0.00749988 0.03964486 -0.00194831
v -0.00503928 0.03850321 -0.00443929
v -0.00490907 0.03864829 -0.00412440
v -0.00459576 0.03860457 -0.00331625
v -0.00458323 0.03860457 -0.00255787
v -0.00458292 0.03936245 -0.00104209
v -0.00459545 0.03708766 -0.00331625
v -0.00462694 0.03690583 -0.00331625
v -0.00458323 0.03936245 0.00059491
v -0.00458598 0.03924252 0.00059491
v -0.00766677 0.03690583 -0.00353603
v -0.00764018 0.03889588 0.00059491
v -0.00769306 0.03937173 0.00059491
v -0.00691973 0.03906262 -0.00377995
v -0.00644564 0.03861308 -0.00443929
v -0.00644564 0.03879646 -0.00428751
v -0.00685126 0.03976053 -0.00296540
v -0.00713828 0.03927695 -0.00320587
v -0.00735102 0.03948122 -0.00255787
v -0.00728072 0.04021665 -0.00028371
v -0.00764598 0.03982475 0.00047467
v -0.00687296 0.04053079 -0.00081049
v -0.00722967 0.03996441 -0.00173789
v -0.00697169 0.03985802 -0.00255787
v -0.00554118 0.03877828 -0.00443929
v -0.00508329 0.03917752 -0.00390512
v -0.00492252 0.03940307 -0.00334434
v -0.00463305 0.03936245 -0.00255787
v -0.00458384 0.03936245 -0.00179998
v -0.00465139 0.04012071 -0.00028371
v -0.00466056 0.03860457 0.00059491
v -0.00495064 0.03690583 -0.00261355
v -0.00471772 0.03850592 0.00059491
v -0.00502308 0.03808771 0.00059491
v -0.00464650 0.04000078 0.00059491
v -0.00752586 0.03690583 -0.00328866
v -0.00698239 0.03809661 0.00059491
v -0.00736141 0.03851714 0.00059491
v -0.00759891 0.03883630 0.00059491
v -0.00763987 0.03981663 0.00059491
v -0.00644564 0.03918255 -0.00390808
v -0.00644564 0.03956169 -0.00346014
v -0.00568759 0.03882470 -0.00443929
v -0.00568759 0.03889743 -0.00438114
v -0.00644564 0.03983984 -0.00308120
v -0.00676017 0.04047469 -0.00131607
v -0.00648263 0.04040235 -0.00183990
v -0.00644564 0.04011606 -0.00255787
v -0.00726299 0.04020427 0.00047467
v -0.00688366 0.04053775 0.00047467
v -0.00690169 0.04054897 -0.00028371
v -0.00644564 0.04072461 -0.00028371
v -0.00648263 0.04062364 -0.00105441
v -0.00568759 0.03926844 -0.00400220
v -0.00568759 0.03964796 -0.00356905
v -0.00513220 0.03986537 -0.00311027
v -0.00499557 0.04001006 -0.00255787
v -0.00470458 0.04012071 -0.00104209
v -0.00501391 0.04068244 -0.00028371
v -0.00465842 0.04012071 0.00047467
v -0.00567659 0.03690583 -0.00233513
v -0.00568759 0.03795463 0.00059491
v -0.00467156 0.04012071 0.00059491
v -0.00744425 0.03690583 -0.00316546
v -0.00688794 0.03805947 0.00059491
v -0.00716273 0.03690583 -0.00274808
v -0.00706217 0.03690583 -0.00261947
v -0.00733635 0.04011684 0.00059491
v -0.00568759 0.04026810 -0.00255787
v -0.00568759 0.03991837 -0.00318961
v -0.00625460 0.04056135 -0.00161322
v -0.00568759 0.04047044 -0.00209565
v -0.00715570 0.04028474 0.00059491
v -0.00687479 0.04053195 0.00059491
v -0.00655018 0.04065343 0.00059491
v -0.00644564 0.04070140 0.00047467
v -0.00568759 0.04077335 -0.00104209
v -0.00568759 0.04084028 0.00047467
v -0.00568759 0.04085808 -0.00028371
v -0.00517622 0.04057412 -0.00162357
v -0.00506740 0.04064182 -0.00104209
v -0.00493963 0.04018531 -0.00184581
v -0.00502094 0.04067625 0.00047467
v -0.00568759 0.03690583 -0.00233267
v -0.00632551 0.03796121 0.00059491
v -0.00644625 0.03690583 -0.00234548
v -0.00497692 0.04058843 0.00059491
v -0.00644564 0.03796392 0.00059491
v -0.00568759 0.04060197 -0.00171719
v -0.00644839 0.04068438 0.00059491
v -0.00581475 0.04080044 0.00059491
v -0.00568759 0.04082210 0.00059491
v -0.00503408 0.04066658 0.00059491
f 3483 3484 3489
f 3483 3489 3499
f 3483 3499 3508
f 3483 3508 3530
f 3483 3530 3558
f 3483 3558 3540
f 3483 3540 3517
f 3483 3517 3501
f 3483 3501 3490
f 3483 3490 3485
f 3483 3485 3491
f 3483 3491 3504
f 3483 3504 3523
f 3483 3523 3547
f 3483 3547 3576
f 3483 3576 3599
f 3483 3599 3601
f 3483 3601 3582
f 3483 3582 3581
f 3483 3581 3579
f 3483 3579 3551
f 3483 3551 3526
f 3483 3526 3505
f 3483 3505 3492
f 3483 3492 3486
f 3483 3486 3487
f 3483 3487 3484
f 3484 3487 3488
f 3484 3488 3489
f 3485 3490 3491
f 3486 3492 3493
f 3486 3493 3487
f 3487 3494 3488
f 3487 3493 3495
f 3487 3495 3496
f 3487 3496 3497
f 3487 3497 3498
f 3487 3498 3494
f 3488 3499 3489
f 3488 3494 3500
f 3488 3500 3499
f 3490 3501 3502
f 3490 3502 3503
f 3490 3503 3491
f 3491 3503 3504
f 3492 3505 3506
f 3492 3506 3495
f 3492 3495 3493
f 3494 3507 3508
f 3494 3508 3500
f 3494 3498 3509
f 3494 3509 3510
f 3494 3510 3507
f 3495 3506 3511
f 3495 3511 3512
f 3495 3512 3496
f 3496 3512 3513
f 3496 3513 3514
f 3496 3514 3515
f 3496 3515 3497
f 3497 3516 3509
f 3497 3509 3498
f 3497 3515 3516
f 3499 3500 3508
f 3501 3517 3518
f 3501 3518 3502
f 3502 3518 3519
f 3502 3519 3503
f 3503 3519 3520
f 3503 3520 3521
f 3503 3521 3504
f 3504 3522 3523
f 3504 3521 3524
f 3504 3524 3525
f 3504 3525 3522
f 3505 3526 3527
f 3505 3527 3528
f 3505 3528 3506
f 3506 3528 3513
f 3506 3513 3512
f 3506 3512 3511
f 3507 3510 3529
f 3507 3529 3508
f 3508 3529 3531
f 3508 3531 3530
f 3509 3532 3533
f 3509 3533 3529
f 3509 3529 3510
f 3509 3516 3534
f 3509 3534 3532
f 3513 3535 3514
f 3513 3528 3536
f 3513 3536 3535
f 3514 3535 3537
f 3514 3537 3515
f 3515 3538 3516
f 3515 3537 3538
f 3516 3539 3534
f 3516 3538 3539
f 3517 3540 3541
f 3517 3541 3518
f 3518 3541 3542
f 3518 3542 3519
f 3519 3542 3543
f 3519 3543 3544
f 3519 3544 3520
f 3520 3544 3521
f 3521 3544 3545
f 3521 3545 3524
f 3522 3525 3546
f 3522 3546 3523
f 3523 3546 3548
f 3523 3548 3549
f 3523 3549 3547
f 3524 3545 3550
f 3524 3550 3578
f 3524 3578 3602
f 3524 3602 3608
f 3524 3608 3607
f 3524 3607 3606
f 3524 3606 3605
f 3524 3605 3590
f 3524 3590 3589
f 3524 3589 3588
f 3524 3588 3583
f 3524 3583 3555
f 3524 3555 3528
f 3524 3528 3527
f 3524 3527 3554
f 3524 3554 3553
f 3524 3553 3552
f 3524 3552 3580
f 3524 3580 3603
f 3524 3603 3600
f 3524 3600 3577
f 3524 3577 3549
f 3524 3549 3548
f 3524 3548 3546
f 3524 3546 3525
f 3526 3551 3552
f 3526 3552 3553
f 3526 3553 3554
f 3526 3554 3527
f 3528 3555 3536
f 3529 3556 3531
f 3529 3533 3532
f 3529 3532 3557
f 3529 3557 3556
f 3530 3531 3559
f 3530 3559 3558
f 3531 3556 3559
f 3532 3560 3557
f 3532 3534 3539
f 3532 3539 3561
f 3532 3561 3562
f 3532 3562 3563
f 3532 3563 3560
f 3535 3536 3564
f 3535 3564 3565
f 3535 3565 3566
f 3535 3566 3537
f 3536 3555 3564
f 3537 3566 3567
f 3537 3567 3568
f 3537 3568 3561
f 3537 3561 3538
f 3538 3561 3539
f 3540 3558 3559
f 3540 3559 3541
f 3541 3559 3569
f 3541 3569 3570
f 3541 3570 3571
f 3541 3571 3542
f 3542 3571 3572
f 3542 3572 3543
f 3543 3572 3573
f 3543 3573 3545
f 3543 3545 3544
f 3545 3573 3574
f 3545 3574 3575
f 3545 3575 3550
f 3547 3549 3577
f 3547 3577 3576
f 3550 3575 3578
f 3551 3579 3552
f 3552 3579 3581
f 3552 3581 3582
f 3552 3582 3580
f 3555 3583 3564
f 3556 3557 3570
f 3556 3570 3569
f 3556 3569 3559
f 3557 3560 3570
f 3560 3563 3584
f 3560 3584 3585
f 3560 3585 3570
f 3561 3568 3586
f 3561 3586 3562
f 3562 3586 3563
f 3563 3587 3584
f 3563 3586 3587
f 3564 3583 3588
f 3564 3588 3589
f 3564 3589 3565
f 3565 3589 3590
f 3565 3590 3591
f 3565 3591 3567
f 3565 3567 3566
f 3567 3592 3568
f 3567 3591 3593
f 3567 3593 3594
f 3567 3594 3592
f 3568 3592 3586
f 3570 3585 3571
f 3571 3585 3584
f 3571 3584 3595
f 3571 3595 3572
f 3572 3595 3596
f 3572 3596 3597
f 3572 3597 3573
f 3573 3597 3596
f 3573 3596 3574
f 3574 3596 3594
f 3574 3594 3598
f 3574 3598 3575
f 3575 3598 3578
f 3576 3577 3599
f 3577 3600 3601
f 3577 3601 3599
f 3578 3598 3602
f 3580 3582 3603
f 3582 3601 3603
f 3584 3587 3595
f 3586 3592 3604
f 3586 3604 3587
f 3587 3604 3595
f 3590 3605 3591
f 3591 3605 3593
f 3592 3596 3595
f 3592 3595 3604
f 3592 3594 3596
f 3593 3598 3594
f 3593 3605 3606
f 3593 3606 3607
f 3593 3607 3608
f 3593 3608 3598
f 3598 3608 3602
f 3600 3603 3601

o geometry_31
v 0.00458337 0.03620043 -0.00420401
v 0.00459884 0.03620043 -0.00483321
v 0.00458337 0.03620043 -0.00407472
v 0.00458337 0.03708770 -0.00407472
v 0.00460224 0.03620043 -0.00484139
v 0.00460193 0.03632938 -0.00483321
v 0.00470557 0.03620043 -0.00344582
v 0.00458987 0.03860392 -0.00178803
v 0.00458925 0.03861634 -0.00178803
v 0.00458368 0.03936223 -0.00178803
v 0.00458337 0.03860392 -0.00255833
v 0.00458337 0.03784603 -0.00331683
v 0.00459575 0.03860392 -0.00331683
v 0.00462111 0.03628911 -0.00488105
v 0.00461926 0.03620043 -0.00488105
v 0.00462730 0.03632938 -0.00488105
v 0.00461462 0.03784603 -0.00407472
v 0.00471949 0.03708770 -0.00483321
v 0.00477487 0.03620043 -0.00330683
v 0.00490140 0.03782117 -0.00178803
v 0.00458585 0.03937466 -0.00178803
v 0.00458368 0.03936223 -0.00180014
v 0.00490852 0.03865233 -0.00412801
v 0.00463287 0.03936223 -0.00255833
v 0.00492275 0.03940294 -0.00334438
v 0.00747503 0.03620043 -0.00488105
v 0.00473682 0.03703415 -0.00488105
v 0.00475229 0.03708770 -0.00488105
v 0.00499297 0.03782289 -0.00485198
v 0.00507372 0.03620043 -0.00289685
v 0.00513559 0.03620043 -0.00284659
v 0.00490419 0.03781903 -0.00178803
v 0.00491934 0.04018310 -0.00178803
v 0.00510837 0.03843211 -0.00461187
v 0.00508331 0.03917758 -0.00391060
v 0.00499576 0.04001387 -0.00255833
v 0.00513219 0.03986521 -0.00311062
v 0.00745801 0.03632938 -0.00488105
v 0.00769251 0.03620043 -0.00462186
v 0.00499823 0.03778133 -0.00488105
v 0.00500968 0.03780404 -0.00488105
v 0.00556561 0.03620043 -0.00276362
v 0.00542856 0.03747929 -0.00178803
v 0.00494873 0.04022509 -0.00178803
v 0.00493883 0.04018825 -0.00185343
v 0.00568750 0.03889953 -0.00438205
v 0.00568750 0.03852037 -0.00468030
v 0.00568750 0.03822390 -0.00488105
v 0.00545672 0.03814807 -0.00488105
v 0.00568750 0.03964543 -0.00356633
v 0.00568750 0.03926627 -0.00400295
v 0.00501030 0.04030563 -0.00178803
v 0.00534256 0.04054170 -0.00178803
v 0.00568750 0.04026793 -0.00255833
v 0.00568750 0.03991619 -0.00318753
v 0.00726466 0.03687135 -0.00488105
v 0.00763126 0.03687092 -0.00452133
v 0.00768602 0.03632938 -0.00460914
v 0.00770582 0.03620043 -0.00405079
v 0.00771293 0.03710955 -0.00412316
v 0.00568750 0.03620043 -0.00275999
v 0.00568750 0.03742873 -0.00178803
v 0.00644545 0.03878771 -0.00428152
v 0.00644545 0.03840855 -0.00459552
v 0.00644545 0.03917801 -0.00390243
v 0.00643277 0.03796813 -0.00488105
v 0.00644545 0.03983222 -0.00307096
v 0.00644545 0.03955717 -0.00344975
v 0.00568750 0.04057683 -0.00178803
v 0.00568750 0.04047229 -0.00209960
v 0.00644545 0.04010642 -0.00255833
v 0.00718577 0.03707057 -0.00488105
v 0.00722104 0.03710013 -0.00483563
v 0.00754959 0.03737647 -0.00440839
v 0.00767333 0.03784603 -0.00386942
v 0.00758702 0.03620043 -0.00369744
v 0.00774356 0.03860392 -0.00255833
v 0.00769901 0.03862448 -0.00178803
v 0.00624437 0.03620043 -0.00277089
v 0.00606029 0.03743644 -0.00178803
v 0.00688290 0.03828302 -0.00449862
v 0.00691507 0.03905976 -0.00377677
v 0.00660540 0.03781903 -0.00488105
v 0.00684113 0.03975339 -0.00295529
v 0.00642411 0.04042945 -0.00178803
v 0.00647175 0.04039732 -0.00183466
v 0.00714153 0.03713312 -0.00488105
v 0.00703294 0.03784603 -0.00463034
v 0.00741192 0.03784603 -0.00424852
v 0.00759785 0.03825346 -0.00371984
v 0.00766251 0.03854479 -0.00324809
v 0.00730859 0.03620043 -0.00332985
v 0.00765601 0.03910775 -0.00255833
v 0.00769839 0.03936523 -0.00178803
v 0.00770056 0.03909832 -0.00178803
v 0.00761393 0.03849981 -0.00178803
v 0.00644545 0.03620043 -0.00277876
v 0.00644545 0.03744673 -0.00178803
v 0.00715174 0.03852080 -0.00400114
v 0.00713070 0.03927869 -0.00320510
v 0.00758888 0.03899207 -0.00294954
v 0.00742058 0.03875858 -0.00345490
v 0.00734602 0.03948691 -0.00255833
v 0.00696674 0.03985235 -0.00255833
v 0.00649464 0.04040332 -0.00178803
v 0.00690053 0.03620043 -0.00286476
v 0.00730797 0.03805424 -0.00178803
v 0.00750349 0.03964628 -0.00195426
v 0.00765756 0.03943935 -0.00178803
v 0.00692683 0.03735805 -0.00205327
v 0.00719041 0.03790043 -0.00178803
v 0.00721671 0.03995518 -0.00178803
v 0.00729157 0.03989220 -0.00178803
f 3609 3610 3613
f 3609 3613 3623
f 3609 3623 3634
f 3609 3634 3647
f 3609 3647 3667
f 3609 3667 3684
f 3609 3684 3700
f 3609 3700 3714
f 3609 3714 3705
f 3609 3705 3687
f 3609 3687 3669
f 3609 3669 3650
f 3609 3650 3639
f 3609 3639 3638
f 3609 3638 3627
f 3609 3627 3615
f 3609 3615 3611
f 3609 3611 3619
f 3609 3619 3620
f 3609 3620 3612
f 3609 3612 3610
f 3610 3612 3614
f 3610 3614 3613
f 3611 3615 3616
f 3611 3616 3617
f 3611 3617 3618
f 3611 3618 3619
f 3612 3620 3621
f 3612 3621 3614
f 3613 3614 3622
f 3613 3622 3623
f 3614 3624 3622
f 3614 3621 3625
f 3614 3625 3626
f 3614 3626 3624
f 3615 3627 3616
f 3616 3628 3640
f 3616 3640 3651
f 3616 3651 3670
f 3616 3670 3688
f 3616 3688 3706
f 3616 3706 3719
f 3616 3719 3715
f 3616 3715 3704
f 3616 3704 3686
f 3616 3686 3703
f 3616 3703 3702
f 3616 3702 3717
f 3616 3717 3721
f 3616 3721 3720
f 3616 3720 3713
f 3616 3713 3693
f 3616 3693 3677
f 3616 3677 3661
f 3616 3661 3660
f 3616 3660 3652
f 3616 3652 3641
f 3616 3641 3629
f 3616 3629 3618
f 3616 3618 3617
f 3616 3627 3628
f 3618 3629 3630
f 3618 3630 3619
f 3619 3630 3621
f 3619 3621 3620
f 3621 3631 3625
f 3621 3630 3632
f 3621 3632 3633
f 3621 3633 3631
f 3622 3624 3635
f 3622 3635 3636
f 3622 3636 3648
f 3622 3648 3649
f 3622 3649 3657
f 3622 3657 3656
f 3622 3656 3674
f 3622 3674 3691
f 3622 3691 3695
f 3622 3695 3680
f 3622 3680 3664
f 3622 3664 3646
f 3622 3646 3634
f 3622 3634 3623
f 3624 3626 3635
f 3625 3631 3626
f 3626 3636 3635
f 3626 3631 3637
f 3626 3637 3636
f 3627 3638 3628
f 3628 3638 3639
f 3628 3639 3640
f 3629 3632 3630
f 3629 3641 3632
f 3631 3642 3637
f 3631 3633 3643
f 3631 3643 3642
f 3632 3641 3644
f 3632 3644 3633
f 3633 3644 3645
f 3633 3645 3643
f 3634 3646 3647
f 3636 3637 3648
f 3637 3642 3649
f 3637 3649 3648
f 3639 3650 3651
f 3639 3651 3640
f 3641 3652 3653
f 3641 3653 3644
f 3642 3643 3654
f 3642 3654 3655
f 3642 3655 3656
f 3642 3656 3657
f 3642 3657 3649
f 3643 3645 3658
f 3643 3658 3659
f 3643 3659 3654
f 3644 3653 3652
f 3644 3652 3660
f 3644 3660 3661
f 3644 3661 3645
f 3645 3661 3662
f 3645 3662 3663
f 3645 3663 3658
f 3646 3664 3665
f 3646 3665 3666
f 3646 3666 3647
f 3647 3666 3668
f 3647 3668 3667
f 3650 3669 3670
f 3650 3670 3651
f 3654 3671 3672
f 3654 3672 3655
f 3654 3659 3673
f 3654 3673 3671
f 3655 3672 3656
f 3656 3672 3674
f 3658 3675 3676
f 3658 3676 3673
f 3658 3673 3659
f 3658 3663 3675
f 3661 3677 3678
f 3661 3678 3662
f 3662 3678 3679
f 3662 3679 3675
f 3662 3675 3663
f 3664 3680 3681
f 3664 3681 3682
f 3664 3682 3665
f 3665 3668 3666
f 3665 3682 3683
f 3665 3683 3668
f 3667 3668 3685
f 3667 3685 3686
f 3667 3686 3684
f 3668 3683 3685
f 3669 3687 3688
f 3669 3688 3670
f 3671 3689 3672
f 3671 3673 3690
f 3671 3690 3689
f 3672 3689 3674
f 3673 3676 3690
f 3674 3689 3691
f 3675 3692 3676
f 3675 3679 3692
f 3676 3692 3690
f 3677 3693 3678
f 3678 3693 3679
f 3679 3693 3694
f 3679 3694 3692
f 3680 3695 3696
f 3680 3696 3681
f 3681 3696 3682
f 3682 3696 3697
f 3682 3697 3698
f 3682 3698 3683
f 3683 3698 3699
f 3683 3699 3685
f 3684 3686 3700
f 3685 3699 3701
f 3685 3701 3702
f 3685 3702 3703
f 3685 3703 3686
f 3686 3704 3700
f 3687 3705 3706
f 3687 3706 3688
f 3689 3690 3707
f 3689 3707 3698
f 3689 3698 3697
f 3689 3697 3696
f 3689 3696 3691
f 3690 3692 3708
f 3690 3708 3709
f 3690 3709 3710
f 3690 3710 3698
f 3690 3698 3707
f 3691 3696 3695
f 3692 3711 3709
f 3692 3709 3708
f 3692 3694 3712
f 3692 3712 3711
f 3693 3713 3694
f 3694 3713 3712
f 3698 3710 3709
f 3698 3709 3699
f 3699 3709 3701
f 3700 3704 3715
f 3700 3715 3714
f 3701 3716 3717
f 3701 3717 3702
f 3701 3709 3716
f 3705 3714 3706
f 3706 3714 3718
f 3706 3718 3719
f 3709 3711 3716
f 3711 3712 3716
f 3712 3713 3720
f 3712 3720 3721
f 3712 3721 3716
f 3714 3715 3719
f 3714 3719 3718
f 3716 3721 3717

