# https://github.com/mikedh/trimesh

o geometry_0
v 0.00757175 0.01306102 0.00022068
v 0.00749986 0.01235779 0.00022068
v 0.00748504 0.01235779 -0.00048241
v 0.00755100 0.01306102 -0.00048241
v 0.00752580 0.01516952 0.00022068
v 0.00743391 0.01728218 0.00092256
v 0.00751024 0.01306102 0.00092256
v 0.00744576 0.01235779 0.00092256
v 0.00722122 0.01187372 -0.00048241
v 0.00689070 0.01121444 0.00304507
v 0.00717453 0.01188976 -0.00118550
v 0.00737981 0.01235779 -0.00118550
v 0.00753469 0.01376425 -0.00048241
v 0.00747763 0.01728218 0.00022068
v 0.00751024 0.01587275 0.00022068
v 0.00743168 0.01306102 -0.00118550
v 0.00726717 0.01728218 0.00162565
v 0.00735387 0.01446629 0.00162565
v 0.00737388 0.01376425 0.00162565
v 0.00739389 0.01306102 0.00162565
v 0.00734498 0.01235779 0.00162565
v 0.00681363 0.01121444 0.00347246
v 0.00574131 0.01121444 -0.00352230
v 0.00710487 0.01193906 -0.00174291
v 0.00701298 0.01207804 -0.00221123
v 0.00715527 0.01233047 -0.00194156
v 0.00750060 0.01516952 -0.00048241
v 0.00748208 0.01587275 -0.00048241
v 0.00745985 0.01657598 -0.00048241
v 0.00743613 0.01728218 -0.00048241
v 0.00741316 0.01376425 -0.00118550
v 0.00721974 0.01306102 -0.00188858
v 0.00721233 0.01306102 0.00232874
v 0.00708635 0.01728218 0.00206989
v 0.00707078 0.01306102 0.00277298
v 0.00718639 0.01235779 0.00232874
v 0.00675509 0.01121444 0.00373491
v 0.00567017 0.01121444 -0.00369807
v 0.00685439 0.01233047 -0.00254472
v 0.00705226 0.01254726 -0.00227986
v 0.00640753 0.01194024 -0.00304434
v 0.00647200 0.01235779 -0.00312140
v 0.00737610 0.01516952 -0.00118550
v 0.00735461 0.01587275 -0.00118550
v 0.00732868 0.01657598 -0.00118550
v 0.00729903 0.01727921 -0.00118550
v 0.00729829 0.01728218 -0.00118790
v 0.00705670 0.01306102 -0.00228708
v 0.00703595 0.01424712 -0.00224856
v 0.00716342 0.01516952 -0.00186210
v 0.00689293 0.01728218 0.00242264
v 0.00646311 0.01121444 0.00429233
v 0.00690923 0.01306102 0.00312453
v 0.00616816 0.01235779 -0.00347294
v 0.00535003 0.01121444 -0.00405082
v 0.00683957 0.01306102 -0.00263862
v 0.00648756 0.01306102 -0.00313584
v 0.00715156 0.01587275 -0.00182959
v 0.00713674 0.01657598 -0.00178625
v 0.00711895 0.01727921 -0.00173809
v 0.00711821 0.01728218 -0.00173930
v 0.00702706 0.01471515 -0.00223170
v 0.00701891 0.01516952 -0.00221364
v 0.00654240 0.01728218 0.00301136
v 0.00643940 0.01165456 0.00425139
v 0.00631416 0.01121444 0.00451264
v 0.00499876 0.01121444 -0.00439153
v 0.00581690 0.01235779 -0.00380522
v 0.00615779 0.01306102 -0.00348739
v 0.00677436 0.01516952 -0.00259167
v 0.00643495 0.01516952 -0.00306842
v 0.00700409 0.01587275 -0.00218114
v 0.00698186 0.01657598 -0.00213780
v 0.00695592 0.01727921 -0.00208964
v 0.00695444 0.01728218 -0.00209205
v 0.00673879 0.01587275 -0.00259167
v 0.00654092 0.01728218 0.00301377
v 0.00631341 0.01728218 0.00336531
v 0.00621856 0.01121444 0.00464387
v 0.00456968 0.01121444 -0.00457452
v 0.00498172 0.01165456 -0.00438190
v 0.00530260 0.01235779 -0.00415676
v 0.00580652 0.01306102 -0.00378716
v 0.00572427 0.01516952 -0.00372095
v 0.00613111 0.01376425 -0.00346451
v 0.00641494 0.01587275 -0.00304314
v 0.00668691 0.01657598 -0.00259167
v 0.00657427 0.01728218 -0.00265668
v 0.00596215 0.01728218 0.00371685
v 0.00566350 0.01121444 0.00527833
v 0.00583172 0.01165456 0.00501468
v 0.00618373 0.01165456 0.00460294
v 0.00599846 0.01121444 0.00490392
v 0.00456968 0.01165456 -0.00455526
v 0.00495133 0.01235779 -0.00436625
v 0.00386715 0.01121444 -0.00483216
v 0.00569462 0.01587275 -0.00369807
v 0.00520774 0.01303191 -0.00417362
v 0.00607553 0.01516952 -0.00341997
v 0.00638382 0.01657598 -0.00300702
v 0.00604589 0.01587275 -0.00339468
v 0.00635269 0.01715508 -0.00297211
v 0.00634602 0.01728218 -0.00296368
v 0.00559902 0.01728218 0.00406840
v 0.00553233 0.01121444 0.00540956
v 0.00586655 0.01121444 0.00505802
v 0.00456968 0.01235779 -0.00452396
v 0.00492984 0.01277889 -0.00435421
v 0.00328393 0.01121444 -0.00500071
v 0.00386715 0.01235779 -0.00477919
v 0.00527296 0.01516952 -0.00399785
v 0.00527296 0.01587275 -0.00395210
v 0.00566053 0.01645422 -0.00367279
v 0.00592732 0.01664369 -0.00341635
v 0.00603551 0.01728218 -0.00324179
v 0.00524998 0.01728218 0.00428269
v 0.00434810 0.01121444 0.00627156
v 0.00467788 0.01121444 0.00606690
v 0.00489279 0.01121444 0.00592363
v 0.00512845 0.01165456 0.00565155
v 0.00548045 0.01165456 0.00536622
v 0.00531223 0.01121444 0.00559617
v 0.00450076 0.01376425 -0.00446135
v 0.00462452 0.01303191 -0.00446135
v 0.00489501 0.01324752 -0.00433856
v 0.00293192 0.01121444 -0.00508137
v 0.00323650 0.01165456 -0.00498987
v 0.00386715 0.01306102 -0.00473464
v 0.00310830 0.01234710 -0.00498506
v 0.00316462 0.01306102 -0.00492607
v 0.00534336 0.01664369 -0.00384013
v 0.00485203 0.01376425 -0.00432170
v 0.00479274 0.01446629 -0.00429883
v 0.00473272 0.01516952 -0.00427595
v 0.00467195 0.01587275 -0.00425187
v 0.00562422 0.01692284 -0.00364630
v 0.00560866 0.01728218 -0.00360898
v 0.00524776 0.01728218 0.00428390
v 0.00429697 0.01147103 0.00624147
v 0.00408502 0.01121444 0.00640159
v 0.00518032 0.01121444 0.00570332
v 0.00432068 0.01587275 -0.00438912
v 0.00246135 0.01121444 -0.00516203
v 0.00283558 0.01210595 -0.00505850
v 0.00386715 0.01587275 -0.00453720
v 0.00276741 0.01257458 -0.00504646
v 0.00316462 0.01587275 -0.00471899
v 0.00523887 0.01728218 -0.00382809
v 0.00426659 0.01638532 -0.00436865
v 0.00452892 0.01660211 -0.00424104
v 0.00558865 0.01728218 -0.00362584
v 0.00559087 0.01727921 -0.00362463
v 0.00453559 0.01728218 0.00466674
v 0.00417914 0.01194024 0.00617766
v 0.00391384 0.01168544 0.00636427
v 0.00388345 0.01121444 0.00649309
v 0.00246135 0.01165456 -0.00514036
v 0.00219753 0.01121444 -0.00519815
v 0.00316462 0.01657598 -0.00465759
v 0.00392199 0.01660211 -0.00445533
v 0.00250433 0.01234710 -0.00509823
v 0.00229979 0.01306102 -0.00508137
v 0.00265180 0.01306102 -0.00502960
v 0.00246135 0.01587275 -0.00484179
v 0.00456968 0.01727921 -0.00414713
v 0.00456746 0.01728218 -0.00414713
v 0.00419322 0.01685395 -0.00434217
v 0.00424139 0.01728218 0.00480038
v 0.00370041 0.01235779 0.00627638
v 0.00316462 0.01165456 0.00666284
v 0.00317351 0.01121444 0.00676999
v 0.00340843 0.01121444 0.00667849
v 0.00175807 0.01121444 -0.00525714
v 0.00175807 0.01165456 -0.00523427
v 0.00246135 0.01657598 -0.00478039
v 0.00246135 0.01728218 -0.00470455
v 0.00316462 0.01728218 -0.00458054
v 0.00376711 0.01727921 -0.00442885
v 0.00175807 0.01235779 -0.00519695
v 0.00175807 0.01306102 -0.00514879
v 0.00217455 0.01353142 -0.00506331
v 0.00202634 0.01400064 -0.00504405
v 0.00175807 0.01587275 -0.00492727
v 0.00411615 0.01728218 -0.00431809
v 0.00392718 0.01728218 0.00489910
v 0.00246135 0.01235779 0.00664237
v 0.00150907 0.01205844 0.00691446
v 0.00150907 0.01198241 0.00691446
v 0.00105480 0.01195153 0.00693492
v 0.00035153 0.01192302 0.00695539
v 0.00000100 0.01192243 0.00695659
v 0.00252211 0.01121444 0.00659060
v 0.00105480 0.01121444 -0.00531373
v 0.00175807 0.01657598 -0.00486346
v 0.00175807 0.01727921 -0.00478521
v 0.00175807 0.01728218 -0.00478400
v 0.00376488 0.01728218 -0.00442885
v 0.00105480 0.01165456 -0.00528965
v 0.00105480 0.01235779 -0.00525112
v 0.00105480 0.01306102 -0.00520417
v 0.00135271 0.01478999 -0.00505127
v 0.00155798 0.01432077 -0.00506933
v 0.00105480 0.01587275 -0.00497663
v 0.00316684 0.01728218 0.00508691
v 0.00105480 0.01213328 0.00693492
v 0.00246357 0.01728218 0.00521091
v 0.00176104 0.01728218 0.00529158
v 0.00035153 0.01220396 0.00695539
v 0.00000100 0.01220396 0.00695659
v 0.00000100 0.01172642 0.00654726
v 0.00000100 0.01161357 0.00584417
v 0.00225459 0.01121444 0.00584417
v 0.00079172 0.01121444 -0.00532456
v 0.00105480 0.01657598 -0.00491042
v 0.00105480 0.01728218 -0.00482855
v 0.00035153 0.01235779 -0.00527881
v 0.00035153 0.01306102 -0.00523066
v 0.00088435 0.01491412 -0.00506091
v 0.00109333 0.01515705 -0.00503322
v 0.00035153 0.01587275 -0.00500191
v 0.00105480 0.01248489 0.00682657
v 0.00035153 0.01255557 0.00684944
v 0.00105776 0.01728218 0.00533853
v 0.00000100 0.01255557 0.00684944
v 0.00000100 0.01121444 -0.00296248
v 0.00035153 0.01121444 -0.00534142
v 0.00035153 0.01165456 -0.00531734
v 0.00035153 0.01657598 -0.00493449
v 0.00035153 0.01728218 -0.00485142
v 0.00000100 0.01165456 -0.00531854
v 0.00000100 0.01235779 -0.00527881
v 0.00000100 0.01306102 -0.00523066
v 0.00000100 0.01411467 -0.00514518
v 0.00000100 0.01562389 -0.00502238
v 0.00000100 0.01587275 -0.00500191
v 0.00035523 0.01728218 0.00536261
v 0.00000100 0.01728218 0.00536261
v 0.00000100 0.01121444 -0.00534262
v 0.00000100 0.01657598 -0.00493449
v 0.00000100 0.01692641 -0.00489356
v 0.00000100 0.01728218 -0.00485142
f 1 2 3
f 1 3 4
f 1 4 5
f 1 5 6
f 1 6 7
f 1 7 8
f 1 8 2
f 2 9 3
f 2 8 10
f 2 10 9
f 3 9 11
f 3 11 12
f 3 12 4
f 4 13 14
f 4 14 15
f 4 15 5
f 4 12 16
f 4 16 13
f 5 15 6
f 6 17 18
f 6 18 19
f 6 19 20
f 6 20 7
f 6 15 14
f 6 14 30
f 6 30 47
f 6 47 61
f 6 61 75
f 6 75 88
f 6 88 103
f 6 103 115
f 6 115 137
f 6 137 151
f 6 151 148
f 6 148 166
f 6 166 184
f 6 184 197
f 6 197 177
f 6 177 176
f 6 176 196
f 6 196 215
f 6 215 229
f 6 229 241
f 6 241 237
f 6 237 236
f 6 236 223
f 6 223 207
f 6 207 206
f 6 206 204
f 6 204 185
f 6 185 168
f 6 168 153
f 6 153 138
f 6 138 116
f 6 116 104
f 6 104 89
f 6 89 78
f 6 78 77
f 6 77 64
f 6 64 51
f 6 51 34
f 6 34 17
f 7 20 21
f 7 21 8
f 8 21 10
f 9 10 11
f 10 21 22
f 10 22 37
f 10 37 52
f 10 52 66
f 10 66 79
f 10 79 93
f 10 93 106
f 10 106 90
f 10 90 105
f 10 105 122
f 10 122 141
f 10 141 119
f 10 119 118
f 10 118 117
f 10 117 140
f 10 140 156
f 10 156 172
f 10 172 171
f 10 171 192
f 10 192 212
f 10 212 225
f 10 225 238
f 10 238 226
f 10 226 213
f 10 213 193
f 10 193 173
f 10 173 158
f 10 158 143
f 10 143 126
f 10 126 109
f 10 109 96
f 10 96 80
f 10 80 67
f 10 67 55
f 10 55 38
f 10 38 23
f 10 23 11
f 11 24 12
f 11 23 24
f 12 24 25
f 12 25 26
f 12 26 16
f 13 27 14
f 13 16 27
f 14 27 28
f 14 28 29
f 14 29 30
f 16 31 28
f 16 28 27
f 16 26 32
f 16 32 31
f 17 33 18
f 17 34 35
f 17 35 33
f 18 33 19
f 19 33 20
f 20 33 36
f 20 36 21
f 21 36 37
f 21 37 22
f 23 38 24
f 24 38 25
f 25 39 40
f 25 40 26
f 25 38 41
f 25 41 42
f 25 42 39
f 26 40 32
f 28 31 43
f 28 43 44
f 28 44 29
f 29 44 30
f 30 44 45
f 30 45 46
f 30 46 47
f 31 32 43
f 32 40 48
f 32 48 49
f 32 49 50
f 32 50 44
f 32 44 43
f 33 35 37
f 33 37 36
f 34 51 52
f 34 52 37
f 34 37 53
f 34 53 35
f 35 53 37
f 38 54 42
f 38 42 41
f 38 55 54
f 39 42 40
f 40 42 56
f 40 56 48
f 42 57 56
f 42 54 57
f 44 50 58
f 44 58 45
f 45 58 59
f 45 59 47
f 45 47 46
f 47 59 60
f 47 60 61
f 48 56 49
f 49 62 50
f 49 56 62
f 50 62 63
f 50 63 58
f 51 64 65
f 51 65 52
f 52 65 66
f 54 55 67
f 54 67 68
f 54 68 69
f 54 69 57
f 56 57 70
f 56 70 63
f 56 63 62
f 57 71 70
f 57 69 71
f 58 63 72
f 58 72 59
f 59 72 60
f 60 72 73
f 60 73 61
f 61 73 74
f 61 74 75
f 63 70 76
f 63 76 72
f 64 77 65
f 65 77 78
f 65 78 66
f 66 78 79
f 67 80 81
f 67 81 82
f 67 82 68
f 68 82 83
f 68 83 69
f 69 83 84
f 69 84 85
f 69 85 86
f 69 86 71
f 70 71 76
f 71 86 76
f 72 76 73
f 73 75 74
f 73 76 87
f 73 87 75
f 75 87 88
f 76 86 87
f 78 89 90
f 78 90 91
f 78 91 92
f 78 92 79
f 79 92 93
f 80 94 95
f 80 95 81
f 80 96 94
f 81 95 82
f 82 97 84
f 82 84 83
f 82 95 98
f 82 98 97
f 84 97 99
f 84 99 85
f 85 99 86
f 86 100 87
f 86 99 101
f 86 101 100
f 87 100 88
f 88 100 102
f 88 102 103
f 89 104 105
f 89 105 90
f 90 106 91
f 91 106 93
f 91 93 92
f 94 107 95
f 94 96 107
f 95 108 98
f 95 107 108
f 96 109 110
f 96 110 107
f 97 111 112
f 97 112 113
f 97 113 101
f 97 101 99
f 97 98 111
f 98 108 111
f 100 101 102
f 101 113 114
f 101 114 102
f 102 114 103
f 103 114 115
f 104 116 117
f 104 117 118
f 104 118 119
f 104 119 120
f 104 120 121
f 104 121 105
f 105 121 122
f 107 110 123
f 107 123 124
f 107 124 108
f 108 125 112
f 108 112 111
f 108 124 125
f 109 126 127
f 109 127 110
f 110 128 123
f 110 127 129
f 110 129 130
f 110 130 128
f 112 131 113
f 112 125 132
f 112 132 133
f 112 133 134
f 112 134 135
f 112 135 131
f 113 136 114
f 113 131 136
f 114 136 115
f 115 136 137
f 116 138 139
f 116 139 117
f 117 139 140
f 119 141 120
f 120 141 121
f 121 141 122
f 123 128 142
f 123 142 134
f 123 134 124
f 124 134 133
f 124 133 132
f 124 132 125
f 126 143 144
f 126 144 129
f 126 129 127
f 128 145 142
f 128 130 145
f 129 144 146
f 129 146 130
f 130 146 147
f 130 147 145
f 131 135 148
f 131 148 136
f 134 142 135
f 135 142 149
f 135 149 150
f 135 150 148
f 136 148 151
f 136 151 152
f 136 152 137
f 137 152 151
f 138 153 139
f 139 153 154
f 139 154 155
f 139 155 140
f 140 155 156
f 142 145 149
f 143 157 146
f 143 146 144
f 143 158 157
f 145 147 159
f 145 159 160
f 145 160 149
f 146 157 161
f 146 161 162
f 146 162 163
f 146 163 147
f 147 163 164
f 147 164 175
f 147 175 159
f 148 165 166
f 148 150 165
f 149 160 167
f 149 167 165
f 149 165 150
f 153 168 155
f 153 155 154
f 155 168 169
f 155 169 170
f 155 170 171
f 155 171 172
f 155 172 156
f 157 158 173
f 157 173 174
f 157 174 161
f 159 175 176
f 159 176 177
f 159 177 178
f 159 178 160
f 160 178 167
f 161 174 179
f 161 179 162
f 162 179 180
f 162 180 181
f 162 181 164
f 162 164 163
f 164 181 182
f 164 182 183
f 164 183 175
f 165 167 184
f 165 184 166
f 167 178 184
f 168 185 170
f 168 170 169
f 170 186 171
f 170 185 186
f 171 186 187
f 171 187 188
f 171 188 189
f 171 189 190
f 171 190 191
f 171 191 192
f 173 193 174
f 174 193 179
f 175 183 194
f 175 194 176
f 176 194 195
f 176 195 196
f 177 197 178
f 178 197 184
f 179 193 198
f 179 198 199
f 179 199 200
f 179 200 180
f 180 200 201
f 180 201 202
f 180 202 183
f 180 183 182
f 180 182 181
f 183 201 203
f 183 203 194
f 183 202 201
f 185 204 186
f 186 204 187
f 187 205 189
f 187 189 188
f 187 204 206
f 187 206 207
f 187 207 205
f 189 205 208
f 189 208 190
f 190 208 209
f 190 209 191
f 191 209 224
f 191 224 237
f 191 237 241
f 191 241 240
f 191 240 239
f 191 239 235
f 191 235 234
f 191 234 233
f 191 233 232
f 191 232 231
f 191 231 230
f 191 230 238
f 191 238 225
f 191 225 211
f 191 211 210
f 191 210 192
f 192 210 211
f 192 211 212
f 193 213 198
f 194 203 214
f 194 214 195
f 195 214 215
f 195 215 196
f 198 213 199
f 199 213 216
f 199 216 200
f 200 216 217
f 200 217 218
f 200 218 219
f 200 219 201
f 201 219 203
f 203 219 218
f 203 218 220
f 203 220 214
f 205 207 221
f 205 221 222
f 205 222 208
f 207 223 221
f 208 222 209
f 209 222 224
f 211 225 212
f 213 226 227
f 213 227 216
f 214 220 228
f 214 228 215
f 215 228 229
f 216 227 230
f 216 230 231
f 216 231 232
f 216 232 217
f 217 232 233
f 217 233 220
f 217 220 218
f 220 234 235
f 220 235 239
f 220 239 228
f 220 233 234
f 221 223 222
f 222 223 236
f 222 236 237
f 222 237 224
f 226 238 230
f 226 230 227
f 228 239 240
f 228 240 229
f 229 240 241

o geometry_1
v 0.00000026 0.01220414 0.00695588
v 0.00000026 0.01192238 0.00695588
v -0.00035212 0.01220414 0.00695709
v -0.00035212 0.01192177 0.00695709
v -0.00317713 0.01103215 0.00681610
v -0.00256287 0.01103215 0.00661005
v 0.00000026 0.01172623 0.00654739
v -0.00105541 0.01213370 0.00693540
v -0.00149978 0.01205779 0.00691250
v -0.00246198 0.01235778 0.00664138
v -0.00316452 0.01165458 0.00666427
v -0.00387225 0.01103215 0.00654377
v 0.00000026 0.01161329 0.00584488
v 0.00000026 0.01723462 0.00536408
v -0.00035212 0.01723462 0.00536408
v -0.00107766 0.01723462 0.00533878
v -0.00175869 0.01723462 0.00529299
v -0.00246198 0.01723462 0.00521225
v -0.00316452 0.01723462 0.00508694
v -0.00391306 0.01168433 0.00636423
v -0.00393642 0.01723462 0.00488871
v -0.00452212 0.01723462 0.00466639
v -0.00229506 0.01103215 0.00584488
v 0.00000026 0.01103215 -0.00299977
v 0.00000026 0.01723462 -0.00485667
v -0.00429734 0.01146997 0.00624132
v -0.00524618 0.01723462 0.00428321
v -0.00438043 0.01103215 0.00629313
v 0.00000026 0.01103215 -0.00535192
v 0.00000026 0.01622475 -0.00496813
v -0.00035212 0.01723462 -0.00485667
v -0.00559782 0.01723462 0.00406631
v -0.00472539 0.01103215 0.00607744
v -0.00035212 0.01587316 -0.00500247
v -0.00105541 0.01657636 -0.00490969
v -0.00105541 0.01723462 -0.00483136
v -0.00555628 0.01103215 0.00542795
v -0.00512896 0.01165458 0.00565328
v -0.00520463 0.01103215 0.00572317
v -0.00105541 0.01103215 -0.00532541
v -0.00035212 0.01270937 -0.00525492
v 0.00000026 0.01279697 -0.00524799
v -0.00105541 0.01587316 -0.00497837
v -0.00175869 0.01723462 -0.00478316
v -0.00631297 0.01723462 0.00336380
v -0.00588195 0.01103215 0.00507609
v -0.00175869 0.01103215 -0.00526998
v -0.00175869 0.01270937 -0.00517418
v -0.00105541 0.01306097 -0.00520491
v -0.00136773 0.01479650 -0.00505188
v -0.00175869 0.01587316 -0.00492897
v -0.00246198 0.01723462 -0.00470363
v -0.00623359 0.01103215 0.00466278
v -0.00647396 0.01103215 0.00431213
v -0.00246198 0.01103215 -0.00517720
v -0.00276911 0.01258671 -0.00504706
v -0.00246198 0.01587316 -0.00484462
v -0.00316452 0.01587316 -0.00472171
v -0.00316452 0.01723462 -0.00458554
v -0.00654073 0.01723462 0.00301194
v -0.00386706 0.01587316 -0.00455060
v -0.00379362 0.01723462 -0.00443130
v -0.00677664 0.01103215 0.00373493
v -0.00689237 0.01723462 0.00242149
v -0.00708525 0.01723462 0.00207084
v -0.00331808 0.01103215 -0.00500850
v -0.00316452 0.01306097 -0.00492897
v -0.00434704 0.01587316 -0.00440118
v -0.00414377 0.01723462 -0.00432647
v -0.00689830 0.01103215 0.00306978
v -0.00706967 0.01306097 0.00277094
v -0.00721433 0.01306097 0.00232871
v -0.00740128 0.01306097 0.00162499
v -0.00735158 0.01235778 0.00162499
v -0.00726626 0.01723462 0.00162499
v -0.00386706 0.01270937 -0.00476870
v -0.00469869 0.01587316 -0.00425538
v -0.00456812 0.01723462 -0.00416018
v -0.00745544 0.01235778 0.00092248
v -0.00750811 0.01235778 0.00021997
v -0.00748437 0.01235778 -0.00048254
v -0.00722101 0.01187380 -0.00048254
v -0.00717576 0.01188837 -0.00118626
v -0.00566904 0.01103215 -0.00363360
v -0.00743393 0.01723462 0.00092248
v -0.00752147 0.01306097 0.00092248
v -0.00457034 0.01235778 -0.00453734
v -0.00527363 0.01587316 -0.00395533
v -0.00524692 0.01723462 -0.00383001
v -0.00757710 0.01306097 0.00021997
v -0.00754966 0.01306097 -0.00048254
v -0.00738051 0.01235778 -0.00118626
v -0.00710751 0.01193695 -0.00174538
v -0.00701403 0.01207480 -0.00221412
v -0.00386706 0.01103215 -0.00485787
v -0.00457034 0.01103215 -0.00460000
v -0.00493534 0.01281989 -0.00435780
v -0.00571095 0.01552156 -0.00371072
v -0.00566088 0.01645612 -0.00367336
v -0.00559560 0.01723462 -0.00362757
v -0.00747918 0.01723462 0.00021997
v -0.00743170 0.01306097 -0.00118626
v -0.00715721 0.01232863 -0.00194299
v -0.00705335 0.01254360 -0.00227919
v -0.00647247 0.01235778 -0.00312148
v -0.00640793 0.01193999 -0.00304436
v -0.00540568 0.01103215 -0.00399148
v -0.00530924 0.01235778 -0.00415777
v -0.00604739 0.01587316 -0.00339501
v -0.00612640 0.01723462 -0.00316667
v -0.00743912 0.01723462 -0.00048254
v -0.00722101 0.01306097 -0.00188877
v -0.00705780 0.01306097 -0.00228883
v -0.00684044 0.01306097 -0.00263948
v -0.00648879 0.01306097 -0.00313594
v -0.00616980 0.01235778 -0.00347213
v -0.00500878 0.01103215 -0.00439877
v -0.00581815 0.01235778 -0.00380591
v -0.00642611 0.01552156 -0.00305641
v -0.00635378 0.01715507 -0.00297206
v -0.00736567 0.01552156 -0.00118626
v -0.00715276 0.01587316 -0.00183093
v -0.00700680 0.01569736 -0.00218761
v -0.00674029 0.01587316 -0.00259249
v -0.00615941 0.01306097 -0.00348780
v -0.00651216 0.01723462 -0.00274672
v -0.00730187 0.01723462 -0.00118626
v -0.00712012 0.01723462 -0.00174176
v -0.00695765 0.01723462 -0.00209362
f 242 243 248
f 242 248 254
f 242 254 265
f 242 265 270
f 242 270 283
f 242 283 271
f 242 271 266
f 242 266 255
f 242 244 245
f 242 245 243
f 243 245 246
f 243 246 247
f 243 247 248
f 244 249 245
f 246 245 250
f 246 250 251
f 246 251 252
f 246 252 253
f 246 253 269
f 246 269 274
f 246 274 280
f 246 280 278
f 246 278 287
f 246 287 294
f 246 294 295
f 246 295 304
f 246 304 311
f 246 311 325
f 246 325 348
f 246 348 358
f 246 358 337
f 246 337 336
f 246 336 307
f 246 307 296
f 246 296 288
f 246 288 281
f 246 281 270
f 246 270 265
f 246 265 264
f 246 264 247
f 247 254 248
f 242 255 256
f 242 256 244
f 244 256 257
f 244 257 249
f 249 257 258
f 249 258 250
f 249 250 245
f 250 258 259
f 250 259 260
f 250 260 251
f 251 260 252
f 252 261 253
f 252 260 262
f 252 262 263
f 252 263 261
f 247 264 254
f 254 264 265
f 255 266 272
f 255 272 277
f 255 277 285
f 255 285 293
f 255 293 300
f 255 300 303
f 255 303 310
f 255 310 319
f 255 319 330
f 255 330 341
f 255 341 351
f 255 351 367
f 255 367 370
f 255 370 369
f 255 369 368
f 255 368 352
f 255 352 342
f 255 342 326
f 255 326 316
f 255 316 306
f 255 306 305
f 255 305 301
f 255 301 286
f 255 286 273
f 255 273 268
f 255 268 263
f 255 263 262
f 255 262 260
f 255 260 259
f 255 259 258
f 255 258 257
f 255 257 256
f 261 263 267
f 261 267 253
f 263 268 267
f 253 267 269
f 266 271 272
f 267 268 273
f 267 273 269
f 269 273 274
f 271 275 272
f 272 276 277
f 273 278 279
f 273 279 274
f 274 279 280
f 270 281 282
f 270 282 283
f 275 284 276
f 275 276 272
f 276 284 292
f 276 292 285
f 276 285 277
f 273 286 278
f 278 286 287
f 278 280 279
f 281 288 289
f 281 289 290
f 281 290 282
f 284 291 292
f 271 283 275
f 284 275 282
f 284 282 290
f 285 292 293
f 287 286 294
f 286 295 294
f 288 296 289
f 289 296 297
f 290 289 291
f 290 291 284
f 282 275 283
f 292 298 293
f 293 299 300
f 293 298 299
f 286 301 295
f 297 298 289
f 289 292 291
f 292 289 298
f 299 302 303
f 299 303 300
f 295 301 305
f 295 305 306
f 295 306 304
f 297 307 308
f 297 308 299
f 297 299 298
f 302 299 308
f 302 309 303
f 303 309 310
f 304 306 312
f 304 312 313
f 304 313 314
f 304 314 315
f 304 315 311
f 306 316 312
f 296 307 297
f 307 317 308
f 308 317 302
f 302 317 309
f 309 318 319
f 309 319 310
f 311 315 320
f 311 320 321
f 311 321 322
f 311 322 323
f 311 323 324
f 311 324 325
f 312 316 313
f 313 316 314
f 314 316 326
f 314 326 327
f 314 327 315
f 315 327 320
f 317 328 309
f 309 328 318
f 318 329 330
f 318 330 319
f 320 327 331
f 320 331 321
f 321 331 322
f 322 331 332
f 322 332 333
f 322 333 324
f 322 324 323
f 324 333 334
f 324 334 325
f 325 334 335
f 327 326 331
f 307 336 317
f 317 336 328
f 328 337 338
f 328 336 337
f 329 339 340
f 329 340 330
f 329 318 338
f 330 340 341
f 331 326 342
f 331 342 332
f 332 343 333
f 333 343 344
f 333 344 335
f 333 335 334
f 335 344 345
f 335 345 346
f 335 346 347
f 335 347 325
f 325 347 348
f 338 349 329
f 328 338 318
f 339 329 349
f 339 350 340
f 340 350 351
f 340 351 341
f 342 352 332
f 343 332 352
f 343 353 344
f 344 353 345
f 345 353 354
f 345 354 355
f 345 355 346
f 346 356 357
f 346 357 348
f 346 348 347
f 346 355 356
f 348 357 358
f 337 358 338
f 338 358 349
f 349 359 339
f 349 358 359
f 350 360 361
f 350 361 351
f 352 362 343
f 343 362 353
f 353 362 363
f 355 354 364
f 355 365 356
f 356 365 360
f 356 360 366
f 356 366 357
f 357 366 359
f 357 359 358
f 359 366 339
f 339 366 350
f 350 366 360
f 360 365 361
f 361 365 367
f 361 367 351
f 362 368 363
f 362 352 368
f 363 369 364
f 363 368 369
f 363 364 354
f 353 363 354
f 364 365 355
f 365 364 370
f 365 370 367
f 364 369 370

o geometry_2
v -0.00550010 0.03405083 0.00436752
v -0.00513234 0.03470615 0.00514170
v -0.00392584 0.03526305 0.00647942
v -0.00367103 0.03601055 0.00567302
v -0.00498425 0.03425150 0.00626564
v -0.00377240 0.03326228 0.00847215
v -0.00601191 0.03285156 0.00557870
v -0.00640511 0.03255199 0.00398004
v -0.00703920 0.03031093 0.00336856
v -0.00636850 0.02615144 -0.00017774
v -0.00562018 0.03168975 0.00268319
v -0.00390278 0.03559959 0.00476601
v -0.00327070 0.03487802 0.00407200
v -0.00358097 0.02609383 -0.00155319
v -0.00529691 0.02574240 -0.00119950
v -0.00370371 0.02402993 -0.00262879
v -0.00213248 0.03667403 0.00549303
v -0.00221394 0.03595486 0.00694629
v 0.00035156 0.03685622 0.00584476
v 0.00052735 0.03662129 0.00509817
v -0.00156126 0.03438245 0.00883841
v -0.00168528 0.03269865 0.01008545
v -0.00281947 0.03100034 0.01041870
v -0.00467169 0.03135704 0.00866010
v -0.00560242 0.02951182 0.00791382
v -0.00457641 0.02961000 0.00936629
v -0.00653361 0.03110548 0.00536256
v -0.00723910 0.02782599 0.00303373
v -0.00701504 0.02554269 0.00061295
v -0.00529984 0.02225407 -0.00261032
v -0.00630187 0.02104905 -0.00221026
v -0.00715178 0.02038029 -0.00084640
v -0.00713000 0.01723522 -0.00163886
v -0.00605365 0.01723522 -0.00318761
v -0.00489309 0.01968176 -0.00363443
v -0.00414404 0.01723522 -0.00432609
v -0.00367286 0.02016905 -0.00393389
v -0.00204644 0.01939274 -0.00445243
v -0.00192142 0.02186340 -0.00381943
v -0.00123113 0.02448745 -0.00286536
v -0.00089647 0.03595321 0.00455532
v 0.00035156 0.02501523 -0.00261126
v 0.00189928 0.02489655 -0.00256500
v 0.00269792 0.03513898 0.00413305
v 0.00342393 0.03588671 0.00482645
v 0.00355677 0.02466555 -0.00239637
v 0.00388428 0.02607383 -0.00154189
v 0.00564075 0.02609011 -0.00084651
v 0.00559830 0.03272624 0.00340507
v 0.00453253 0.03387058 0.00369029
v 0.00224709 0.03665886 0.00551397
v 0.00367130 0.03600933 0.00567347
v 0.00469848 0.03513898 0.00490188
v 0.00221562 0.03595377 0.00694635
v 0.00085619 0.03448323 0.00898532
v -0.00000018 0.03319625 0.01006339
v 0.00035156 0.03134192 0.01095357
v -0.00129574 0.02923169 0.01110564
v -0.00340158 0.02923169 0.01035111
v -0.00287366 0.02737086 0.01044228
v -0.00143084 0.02676115 0.01063072
v -0.00325550 0.02423012 0.00905269
v -0.00422239 0.02746112 0.00971447
v -0.00489529 0.02471885 0.00828244
v -0.00572351 0.02659744 0.00785173
v -0.00664930 0.02808956 0.00573315
v -0.00708753 0.02642221 0.00423784
v -0.00745656 0.01723522 0.00057208
v -0.00070302 0.01723522 -0.00483186
v -0.00035192 0.01938986 -0.00457760
v 0.00281283 0.01728218 -0.00464237
v 0.00141423 0.02114128 -0.00409433
v 0.00086621 0.02261596 -0.00364749
v 0.00428525 0.02167633 -0.00329367
v 0.00268255 0.01962355 -0.00432887
v 0.00489279 0.01968295 -0.00363428
v 0.00636896 0.02615334 -0.00017864
v 0.00640336 0.03255092 0.00398258
v 0.00703935 0.03031301 0.00336814
v 0.00567680 0.03406122 0.00486731
v 0.00490889 0.03448802 0.00617476
v 0.00355347 0.03523718 0.00692749
v 0.00261559 0.03414074 0.00864274
v 0.00160269 0.03332978 0.00974944
v 0.00217098 0.03175961 0.01044285
v 0.00131031 0.02923238 0.01110757
v 0.00000026 0.02815785 0.01112154
v 0.00175821 0.02817761 0.01091428
v -0.00174349 0.02396799 0.00935765
v -0.00559748 0.01723522 0.00406650
v -0.00631285 0.01723522 0.00336384
v -0.00635166 0.02481487 0.00624756
v -0.00726619 0.01723522 0.00162685
v -0.00281325 0.01723522 0.00514956
v -0.00422788 0.01723522 0.00477780
v -0.00000018 0.02318400 0.00905554
v 0.00174357 0.02396812 0.00935697
v 0.00000100 0.01723522 0.00536335
v 0.00415763 0.01728218 0.00481584
v 0.00745578 0.01728218 0.00057251
v 0.00717657 0.01728218 0.00184932
v 0.00633676 0.02462244 0.00621405
v 0.00716193 0.02606975 0.00381208
v 0.00700019 0.02888079 0.00464259
v 0.00726220 0.02624483 0.00197818
v 0.00729843 0.01728218 -0.00118752
v 0.00703642 0.01728218 -0.00191511
v 0.00703422 0.02608436 0.00091745
v 0.00630163 0.02105099 -0.00221054
v 0.00587916 0.01728218 -0.00334513
v 0.00683022 0.03106649 0.00433262
v 0.00652484 0.03122216 0.00534110
v 0.00629467 0.02765023 0.00680531
v 0.00565411 0.02969270 0.00783383
v 0.00457662 0.02961175 0.00936561
v 0.00494109 0.03140131 0.00833238
v 0.00564441 0.03314297 0.00622348
v 0.00316412 0.03134096 0.01006255
v 0.00340051 0.02923238 0.01035013
v 0.00390422 0.03281198 0.00869656
v 0.00145595 0.02604796 0.01042399
v 0.00356299 0.02600389 0.00973883
v 0.00458833 0.02752090 0.00937897
v 0.00493688 0.02545016 0.00850131
v 0.00558147 0.02480638 0.00754508
v 0.00565832 0.02747491 0.00804932
v 0.00631334 0.01728218 0.00336500
v 0.00559904 0.01728218 0.00406744
v 0.00385793 0.02469525 0.00900103
f 373 374 372
f 376 373 375
f 375 372 377
f 373 372 375
f 371 378 372
f 378 380 379
f 371 382 381
f 381 382 383
f 381 383 384
f 381 384 385
f 385 384 386
f 371 372 382
f 374 388 387
f 389 390 387
f 389 387 388
f 391 388 373
f 376 391 373
f 374 373 388
f 376 393 392
f 376 375 394
f 394 375 377
f 394 395 396
f 396 393 394
f 395 377 397
f 394 377 395
f 377 372 378
f 379 377 378
f 379 380 399
f 381 380 378
f 371 381 378
f 380 381 385
f 380 385 400
f 380 400 401
f 399 398 379
f 399 402 398
f 401 400 405
f 405 406 404
f 406 405 407
f 408 407 409
f 405 400 407
f 400 386 407
f 386 400 385
f 386 384 410
f 383 410 384
f 411 383 382
f 411 382 387
f 411 410 383
f 410 411 412
f 413 410 412
f 390 412 411
f 414 412 390
f 390 415 414
f 413 412 414
f 417 413 414
f 413 417 416
f 416 417 418
f 417 420 418
f 417 414 420
f 415 420 414
f 390 421 415
f 411 387 390
f 382 374 387
f 421 390 389
f 422 415 421
f 423 415 422
f 423 420 415
f 423 419 420
f 422 421 424
f 424 421 389
f 425 388 391
f 425 389 388
f 391 426 425
f 426 391 392
f 392 391 376
f 393 427 392
f 393 429 428
f 429 393 396
f 428 430 431
f 432 431 430
f 430 433 432
f 433 434 432
f 433 430 429
f 396 433 429
f 428 429 430
f 396 435 433
f 396 395 435
f 436 435 395
f 436 395 397
f 379 436 397
f 379 397 377
f 436 379 398
f 398 437 436
f 398 438 437
f 402 438 398
f 404 403 401
f 401 403 402
f 407 408 406
f 406 408 439
f 408 440 439
f 439 440 441
f 443 440 409
f 407 386 409
f 410 409 386
f 410 443 409
f 413 443 410
f 443 413 416
f 416 444 443
f 444 442 443
f 444 445 442
f 440 408 409
f 441 440 445
f 445 440 442
f 444 446 445
f 444 416 418
f 418 419 447
f 447 419 448
f 447 448 449
f 418 420 419
f 423 450 419
f 451 422 452
f 451 423 422
f 422 424 452
f 453 424 425
f 425 454 453
f 455 454 426
f 427 456 455
f 427 455 426
f 426 392 427
f 428 427 393
f 428 456 427
f 428 431 457
f 459 431 432
f 461 460 434
f 434 462 461
f 434 435 462
f 434 433 435
f 436 462 435
f 436 437 462
f 462 437 463
f 463 437 438
f 463 438 461
f 463 461 462
f 461 438 460
f 438 403 460
f 402 403 438
f 403 439 460
f 406 439 403
f 404 406 403
f 464 460 439
f 465 460 464
f 434 460 432
f 460 465 432
f 459 432 465
f 459 465 464
f 459 464 466
f 467 466 468
f 469 467 468
f 468 466 464
f 468 464 439
f 468 439 470
f 471 468 470
f 471 473 472
f 471 470 473
f 473 470 449
f 474 473 449
f 476 475 470
f 470 439 476
f 476 439 477
f 477 478 476
f 480 479 477
f 480 477 439
f 480 446 479
f 441 446 480
f 441 445 446
f 441 480 439
f 418 479 446
f 418 446 444
f 447 478 479
f 447 449 478
f 449 475 478
f 474 449 481
f 474 481 482
f 474 482 483
f 473 474 483
f 484 486 485
f 486 484 487
f 488 456 489
f 486 490 488
f 486 487 490
f 490 487 451
f 490 451 452
f 453 454 490
f 455 488 454
f 488 490 454
f 455 456 488
f 456 428 457
f 456 457 458
f 492 458 491
f 458 457 491
f 491 457 431
f 431 459 491
f 467 491 466
f 491 459 466
f 491 467 492
f 494 493 492
f 493 494 496
f 496 484 485
f 496 483 484
f 484 483 482
f 483 496 472
f 496 495 472
f 496 494 495
f 497 495 494
f 471 497 468
f 471 495 497
f 471 472 495
f 498 468 497
f 498 469 468
f 498 499 469
f 499 498 494
f 499 494 492
f 499 492 467
f 467 469 499
f 498 497 494
f 483 472 473
f 485 493 496
f 493 485 489
f 492 493 489
f 485 488 489
f 488 485 486
f 458 489 456
f 458 492 489
f 453 452 424
f 453 490 452
f 450 451 487
f 487 481 448
f 482 481 487
f 484 482 487
f 449 448 481
f 448 450 487
f 450 448 419
f 450 423 451
f 478 475 476
f 475 449 470
f 478 477 479
f 418 447 479
f 426 454 425
f 389 425 424
f 440 443 442
f 404 401 405
f 394 393 376
f 399 401 402
f 399 380 401
f 374 382 372

o geometry_3
v -0.00521174 0.00528321 -0.00193964
v -0.00521174 0.00907731 0.00515714
v -0.00521174 0.01009536 0.00576000
v -0.00521174 0.00954793 0.00556483
v -0.00506688 0.00528321 0.00514220
v -0.00506890 0.00528321 0.00509914
v -0.00508671 0.00528321 0.00443898
v -0.00521174 0.00528321 -0.00133186
v -0.00498468 0.00528321 0.00562908
v -0.00521174 0.01024948 0.00578743
v -0.00521174 0.01006814 -0.00193964
v -0.00521143 0.01103154 0.00211385
v -0.00521143 0.01103154 0.00535297
v -0.00520489 0.01103154 0.00572298
v -0.00521143 0.01103001 0.00571774
v -0.00521143 0.01095100 0.00573436
v -0.00482056 0.01024753 0.00611734
v -0.00474743 0.01095100 0.00608337
v -0.00472562 0.01103154 0.00607812
v -0.00467763 0.01103154 0.00610874
v -0.00439593 0.01095100 0.00630293
v -0.00438066 0.01103154 0.00629331
v -0.00317719 0.01103154 0.00681640
v -0.00387241 0.01103154 0.00654436
v -0.00386742 0.01095100 0.00656622
v -0.00380511 0.01024948 0.00672159
v -0.00342056 0.01037541 0.00686626
v -0.00295189 0.01080211 0.00694498
v -0.00326103 0.01024948 0.00694037
v -0.00351970 0.00990624 0.00690113
v -0.00317767 0.01018336 0.00697857
v -0.00316445 0.00954453 0.00706469
v -0.00356799 0.00954453 0.00692127
v -0.00391922 0.00954453 0.00676743
v -0.00379908 0.01018336 0.00673618
v -0.00446905 0.01024753 0.00636842
v -0.00398647 0.00884152 0.00679625
v -0.00363525 0.00884152 0.00694870
v -0.00316445 0.00884152 0.00711400
v -0.00364272 0.00813803 0.00695114
v -0.00399423 0.00813803 0.00680146
v -0.00451475 0.00884152 0.00644482
v -0.00449693 0.00954453 0.00641599
v -0.00452050 0.00813803 0.00644968
v -0.00486511 0.00743550 0.00607254
v -0.00451360 0.00743550 0.00643683
v -0.00449147 0.00673250 0.00641217
v -0.00395802 0.00743550 0.00678827
v -0.00446043 0.00602900 0.00638196
v -0.00484298 0.00673250 0.00604302
v -0.00481194 0.00602900 0.00601073
v -0.00477027 0.00528321 0.00598086
v -0.00441875 0.00528321 0.00634237
v -0.00386748 0.00602900 0.00671048
v -0.00382408 0.00668874 0.00678861
v -0.00356109 0.00689391 0.00691780
v -0.00350275 0.00642475 0.00689557
v -0.00322682 0.00668874 0.00700566
v -0.00316445 0.00743550 0.00708483
v -0.00360650 0.00743550 0.00693586
v -0.00316445 0.00813803 0.00711748
v -0.00264077 0.00673250 0.00701851
v -0.00261807 0.00743550 0.00704872
v -0.00239503 0.00673250 0.00654795
v -0.00243355 0.00602900 0.00654795
v -0.00267958 0.00602900 0.00698169
v -0.00274568 0.00528321 0.00693655
v -0.00250166 0.00528321 0.00655177
v -0.00249505 0.00532600 0.00654795
v -0.00231513 0.00528321 0.00584508
v -0.00294228 0.00528321 0.00693655
v -0.00308714 0.00602900 0.00698169
v -0.00329207 0.00528321 0.00683549
v -0.00343865 0.00602900 0.00687682
v -0.00386748 0.00528321 0.00662922
v -0.00478579 0.00528321 0.00595933
v -0.00217648 0.00528321 -0.00193964
v -0.00202856 0.01103146 -0.00193964
v -0.00229499 0.01103154 0.00584457
v -0.00236456 0.00813803 0.00654795
v -0.00237347 0.00743550 0.00654795
v -0.00260801 0.00813803 0.00706573
v -0.00260887 0.00884152 0.00706469
v -0.00236514 0.00884152 0.00654795
v -0.00237750 0.00954453 0.00654795
v -0.00262267 0.00954453 0.00704316
v -0.00241902 0.01024955 0.00654610
v -0.00256236 0.01103154 0.00660996
v -0.00266521 0.01024753 0.00699732
v -0.00273562 0.01080211 0.00694498
v -0.00314322 0.01103154 0.00681115
v -0.00393878 0.01103154 -0.00193964
f 501 502 500
f 503 502 501
f 503 504 502
f 503 505 504
f 503 501 505
f 506 505 501
f 506 507 505
f 506 501 507
f 507 501 500
f 507 500 505
f 505 500 508
f 504 505 508
f 504 508 502
f 509 502 508
f 509 510 502
f 509 511 510
f 512 511 509
f 512 513 511
f 512 514 513
f 512 509 514
f 509 515 514
f 516 515 509
f 517 515 516
f 517 513 515
f 518 513 517
f 518 519 513
f 518 517 519
f 520 519 517
f 521 519 520
f 521 522 519
f 523 522 521
f 523 524 522
f 523 521 524
f 524 521 520
f 524 520 525
f 524 525 526
f 524 526 522
f 526 527 522
f 526 528 527
f 529 528 526
f 529 530 528
f 529 531 530
f 529 532 531
f 529 533 532
f 529 534 533
f 529 526 534
f 534 526 525
f 534 525 520
f 534 520 533
f 533 520 535
f 533 535 536
f 532 533 536
f 532 536 537
f 532 537 531
f 537 538 531
f 537 539 538
f 537 540 539
f 537 536 540
f 536 541 540
f 536 542 541
f 536 535 542
f 542 535 516
f 542 516 541
f 516 509 541
f 509 543 541
f 544 543 509
f 544 545 543
f 546 545 544
f 546 547 545
f 546 548 547
f 546 549 548
f 546 544 549
f 544 509 549
f 509 508 549
f 550 549 508
f 548 549 550
f 548 550 551
f 548 551 552
f 548 552 547
f 553 547 552
f 554 547 553
f 554 555 547
f 554 553 555
f 555 553 556
f 555 556 557
f 555 557 558
f 555 558 559
f 555 559 547
f 559 539 547
f 559 560 539
f 559 558 560
f 561 560 558
f 561 562 560
f 561 563 562
f 561 564 563
f 561 565 564
f 561 558 565
f 565 558 566
f 565 566 567
f 565 567 568
f 565 568 564
f 568 569 564
f 568 567 569
f 567 570 569
f 566 570 567
f 566 558 570
f 571 570 558
f 571 572 570
f 573 572 571
f 573 574 572
f 573 556 574
f 557 556 573
f 557 573 571
f 557 571 558
f 556 553 574
f 553 552 574
f 574 552 572
f 552 551 572
f 551 508 572
f 575 508 551
f 550 508 575
f 550 575 551
f 572 508 569
f 570 572 569
f 569 508 576
f 569 576 577
f 578 569 577
f 579 569 578
f 579 580 569
f 581 580 579
f 581 562 580
f 581 560 562
f 581 582 560
f 581 583 582
f 581 579 583
f 579 578 583
f 584 583 578
f 584 582 583
f 584 585 582
f 584 586 585
f 584 578 586
f 586 578 587
f 586 587 588
f 586 588 585
f 538 585 588
f 538 582 585
f 538 560 582
f 538 539 560
f 538 588 531
f 531 588 589
f 527 531 589
f 530 531 527
f 530 527 528
f 527 589 522
f 590 522 589
f 590 587 522
f 590 589 587
f 589 588 587
f 591 522 587
f 513 522 591
f 519 522 513
f 511 513 591
f 511 591 510
f 591 577 510
f 578 577 591
f 578 591 587
f 510 577 500
f 502 510 500
f 576 500 577
f 508 500 576
f 563 580 562
f 563 569 580
f 563 564 569
f 547 539 540
f 547 540 545
f 543 545 540
f 543 540 541
f 517 516 535
f 520 517 535
f 515 513 514

o geometry_4
v -0.00169859 -0.00049547 -0.00463290
v -0.00169859 0.01103041 -0.00253578
v -0.00169859 0.01103041 -0.00527511
v 0.00000100 0.01121444 -0.00296344
v 0.00000100 0.01121444 -0.00534251
v -0.00105492 0.01103041 -0.00532558
v -0.00105492 0.00673105 -0.00555853
v -0.00035186 0.00602804 -0.00562550
v -0.00105492 0.00532502 -0.00563197
v -0.00035186 0.00532502 -0.00566173
v 0.00035142 0.00532670 -0.00566148
v 0.00035142 0.00602854 -0.00562500
v -0.00035186 0.01103041 -0.00535308
v 0.00035142 0.01121444 -0.00534219
v 0.00105452 0.01121444 -0.00531410
v 0.00154338 0.01121444 -0.00527471
v 0.00105452 0.00532670 -0.00563178
v 0.00105452 0.00462258 -0.00566310
v 0.00035142 0.00462258 -0.00569280
v -0.00015738 0.00301849 -0.00576300
v -0.00035186 0.00462313 -0.00569247
v -0.00105492 0.00462313 -0.00566303
v -0.00105492 0.00110691 -0.00580247
v -0.00035186 0.00110691 -0.00583061
v 0.00035142 0.00110768 -0.00583066
v -0.00035186 0.00040389 -0.00584032
v -0.00105492 0.00040389 -0.00581379
v -0.00162306 0.00003489 -0.00577076
v -0.00105492 0.00001910 -0.00578403
v -0.00035186 0.00000556 -0.00579664
v 0.00035142 0.00000544 -0.00579676
v 0.00035142 0.00040470 -0.00584034
v 0.00105452 0.00040470 -0.00581387
v 0.00154338 0.00008620 -0.00577642
v 0.00154338 0.00040470 -0.00578578
v 0.00154338 0.00112133 -0.00577254
v 0.00105452 0.00110768 -0.00580289
v 0.00132507 0.00207684 -0.00575350
v 0.00145733 0.00160819 -0.00576286
v 0.00154338 0.00483757 -0.00561080
v 0.00154338 0.00532670 -0.00558852
v 0.00154338 0.00602854 -0.00555204
v 0.00154338 0.01121444 -0.00254245
v 0.00028620 0.01121444 -0.00282074
v -0.00169859 0.00040389 -0.00326663
v 0.00154338 0.00040470 -0.00333343
v 0.00154338 -0.00016632 -0.00346515
v 0.00154338 0.00028185 -0.00335215
v -0.00169859 -0.00022013 -0.00341966
v -0.00169859 -0.00045823 -0.00399943
v -0.00169859 -0.00044582 -0.00395511
v 0.00154338 -0.00021751 -0.00359881
v 0.00154338 -0.00035629 -0.00399946
v 0.00154338 -0.00037335 -0.00413861
v 0.00154338 -0.00040634 -0.00470230
v 0.00154338 -0.00019249 -0.00543517
v 0.00154338 -0.00014130 -0.00557754
v 0.00154338 0.00003388 -0.00577222
v 0.00105452 0.00002023 -0.00578384
v -0.00169859 -0.00021675 -0.00544464
v -0.00169859 -0.00049434 -0.00470214
v 0.00154338 -0.00038245 -0.00484113
v -0.00169859 0.00010486 -0.00576656
v -0.00169859 -0.00005989 -0.00566011
v -0.00169859 0.00040389 -0.00577626
v -0.00166997 0.00040389 -0.00577853
v -0.00154420 0.00110691 -0.00577238
v -0.00145536 0.00159891 -0.00576267
v -0.00169859 0.00110691 -0.00575491
v -0.00169859 0.00532502 -0.00557535
v -0.00131828 0.00206834 -0.00575329
v -0.00169859 0.00737539 -0.00546955
v 0.00016089 0.00301756 -0.00576286
f 593 594 592
f 595 594 593
f 596 594 595
f 597 594 596
f 597 598 594
f 599 598 597
f 599 600 598
f 599 601 600
f 599 602 601
f 599 603 602
f 599 604 603
f 599 597 604
f 604 597 596
f 605 604 596
f 605 603 604
f 605 606 603
f 605 596 606
f 606 596 607
f 606 607 608
f 603 606 608
f 602 603 608
f 602 608 609
f 602 609 610
f 602 610 601
f 611 601 610
f 612 601 611
f 612 613 601
f 612 614 613
f 612 615 614
f 612 611 615
f 615 611 616
f 617 615 616
f 617 618 615
f 617 619 618
f 617 620 619
f 617 621 620
f 617 622 621
f 617 623 622
f 617 616 623
f 624 623 616
f 624 625 623
f 626 625 624
f 626 627 625
f 626 628 627
f 626 624 628
f 624 616 628
f 610 628 616
f 629 628 610
f 629 630 628
f 629 631 630
f 629 608 631
f 629 609 608
f 629 610 609
f 632 631 608
f 632 633 631
f 632 608 633
f 633 608 607
f 633 607 631
f 631 607 625
f 627 631 625
f 627 630 631
f 627 628 630
f 607 634 625
f 595 634 607
f 635 634 595
f 635 593 634
f 635 595 593
f 636 634 593
f 637 634 636
f 637 638 634
f 639 638 637
f 639 640 638
f 639 636 640
f 639 637 636
f 640 636 592
f 641 640 592
f 642 640 641
f 642 638 640
f 642 643 638
f 642 644 643
f 642 641 644
f 641 645 644
f 641 592 645
f 645 592 646
f 645 646 644
f 644 646 638
f 643 644 638
f 646 625 638
f 647 625 646
f 648 625 647
f 649 625 648
f 649 623 625
f 650 623 649
f 650 622 623
f 650 648 622
f 650 649 648
f 648 621 622
f 648 651 621
f 648 652 651
f 648 647 652
f 653 652 647
f 653 646 652
f 653 647 646
f 652 646 592
f 652 592 651
f 651 592 654
f 655 651 654
f 655 621 651
f 620 621 655
f 620 655 619
f 655 654 619
f 656 619 654
f 656 657 619
f 658 657 656
f 658 614 657
f 658 659 614
f 658 660 659
f 658 656 660
f 656 654 660
f 660 654 661
f 660 661 659
f 600 659 661
f 613 659 600
f 613 662 659
f 613 614 662
f 662 614 659
f 613 600 601
f 600 661 663
f 600 663 598
f 663 594 598
f 663 661 594
f 661 654 594
f 654 592 594
f 614 618 657
f 614 615 618
f 657 618 619
f 638 625 634
f 636 593 592
f 596 595 607
f 664 610 616
f 664 611 610
f 664 616 611

o geometry_5
v -0.00547297 0.01004665 -0.00193988
v -0.00547297 0.01103154 -0.00346663
v -0.00592727 0.01002075 -0.00193988
v -0.00547297 0.00533071 -0.00193988
v -0.00547297 0.01103154 -0.00390489
v -0.00566923 0.01103154 -0.00359606
v -0.00664893 0.00993981 -0.00193988
v -0.00659447 0.00995146 -0.00193988
v -0.00668018 0.00570821 -0.00193988
v -0.00547297 0.00531970 -0.00194131
v -0.00564749 0.01103154 -0.00368005
v -0.00547297 0.00954417 -0.00416922
v -0.00585709 0.00954417 -0.00385849
v -0.00620870 0.00954417 -0.00346782
v -0.00566923 0.01103154 -0.00363437
v -0.00694571 0.00982714 -0.00193988
v -0.00681888 0.00575354 -0.00193988
v -0.00547297 0.00471426 -0.00267506
v -0.00646527 0.00954417 -0.00311641
v -0.00708551 0.00933113 -0.00234340
v -0.00547297 0.00884095 -0.00421752
v -0.00589474 0.00884095 -0.00388443
v -0.00624634 0.00884095 -0.00354848
v -0.00652868 0.00884095 -0.00319683
v -0.00705334 0.00965943 -0.00193988
v -0.00714435 0.00951632 -0.00193988
v -0.00704494 0.00566224 -0.00221159
v -0.00716336 0.00601644 -0.00193988
v -0.00635306 0.00495643 -0.00291632
v -0.00547297 0.00441834 -0.00329580
v -0.00727373 0.00884095 -0.00193988
v -0.00688028 0.00884095 -0.00270242
v -0.00714380 0.00673260 -0.00243595
v -0.00547297 0.00602939 -0.00434909
v -0.00555228 0.00602939 -0.00430317
v -0.00597716 0.00602939 -0.00395937
v -0.00632931 0.00638164 -0.00364817
v -0.00662060 0.00602939 -0.00329580
v -0.00716555 0.00601838 -0.00193988
v -0.00716500 0.00601644 -0.00194226
v -0.00704494 0.00566224 -0.00230176
v -0.00634722 0.00496097 -0.00329580
v -0.00547297 0.00441640 -0.00332531
v -0.00733970 0.00673260 -0.00193988
v -0.00696435 0.00602939 -0.00274929
v -0.00547297 0.00586233 -0.00435552
v -0.00547297 0.00532617 -0.00437027
v -0.00556945 0.00532617 -0.00431198
v -0.00633662 0.00602939 -0.00365531
v -0.00597716 0.00532617 -0.00396794
v -0.00633625 0.00532617 -0.00365507
v -0.00632894 0.00497457 -0.00364769
v -0.00717432 0.00605011 -0.00193988
v -0.00733404 0.00666332 -0.00193988
v -0.00710031 0.00602939 -0.00239764
v -0.00547297 0.00444748 -0.00404455
v -0.00547297 0.00515264 -0.00436503
v -0.00547297 0.00449863 -0.00410165
f 665 666 667
f 665 667 672
f 665 672 671
f 665 671 680
f 665 680 689
f 665 689 690
f 665 690 695
f 665 695 708
f 665 708 718
f 665 718 717
f 665 717 703
f 665 703 692
f 665 692 681
f 665 681 673
f 665 673 668
f 665 668 674
f 665 674 682
f 665 682 694
f 665 694 707
f 665 707 720
f 665 720 722
f 665 722 721
f 665 721 711
f 665 711 710
f 665 710 698
f 665 698 685
f 665 685 676
f 665 676 669
f 665 669 666
f 666 669 675
f 666 675 679
f 666 679 670
f 666 670 671
f 666 671 672
f 666 672 667
f 668 673 674
f 669 676 677
f 669 677 678
f 669 678 675
f 670 679 680
f 670 680 671
f 673 681 682
f 673 682 674
f 675 678 683
f 675 683 684
f 675 684 679
f 676 685 686
f 676 686 677
f 677 686 687
f 677 687 678
f 678 684 683
f 678 687 688
f 678 688 684
f 679 689 680
f 679 684 690
f 679 690 689
f 681 691 682
f 681 692 691
f 682 693 694
f 682 691 693
f 684 695 690
f 684 688 696
f 684 696 697
f 684 697 695
f 685 698 699
f 685 699 686
f 686 699 700
f 686 700 701
f 686 701 687
f 687 701 688
f 688 701 702
f 688 702 696
f 691 692 703
f 691 703 704
f 691 704 705
f 691 705 693
f 693 706 707
f 693 707 694
f 693 705 706
f 695 697 708
f 696 702 697
f 697 702 709
f 697 709 708
f 698 710 699
f 699 710 711
f 699 711 712
f 699 712 700
f 700 713 701
f 700 712 714
f 700 714 713
f 701 713 702
f 702 713 715
f 702 715 716
f 702 716 709
f 703 717 704
f 704 717 705
f 705 716 706
f 705 717 718
f 705 718 719
f 705 719 709
f 705 709 716
f 706 716 720
f 706 720 707
f 708 709 718
f 709 719 718
f 711 721 712
f 712 721 716
f 712 716 714
f 713 714 715
f 714 716 715
f 716 721 722
f 716 722 720

o geometry_6
v 0.00541113 0.00531391 -0.00190009
v 0.00515192 0.00531507 -0.00190009
v 0.00667976 0.00573266 -0.00190009
v 0.00540174 0.00531391 -0.00185842
v 0.00515192 0.00531391 -0.00187888
v 0.00515192 0.00994897 -0.00190009
v 0.00716556 0.00603242 -0.00190009
v 0.00716383 0.00624150 -0.00134326
v 0.00515192 0.00561136 -0.00006519
v 0.00515192 0.00542827 -0.00057960
v 0.00515192 0.00531391 -0.00095233
v 0.00515192 0.01006738 -0.00189782
v 0.00527374 0.01005178 -0.00190009
v 0.00732396 0.00659498 -0.00190009
v 0.00754857 0.00743535 -0.00048262
v 0.00732667 0.00667931 -0.00113946
v 0.00723327 0.00690514 -0.00048262
v 0.00515192 0.00909762 0.00553271
v 0.00597675 0.01001077 -0.00190009
v 0.00515192 0.01121444 0.00218109
v 0.00527374 0.01121444 0.00218640
v 0.00597675 0.01121444 0.00222655
v 0.00636248 0.01121444 0.00230685
v 0.00665653 0.01121444 0.00236822
v 0.00735731 0.00673244 -0.00190009
v 0.00736152 0.00673244 -0.00188948
v 0.00754487 0.00743535 -0.00118643
v 0.00765606 0.00813884 -0.00048262
v 0.00764025 0.00813884 0.00022043
v 0.00735386 0.00811632 0.00092878
v 0.00729801 0.00744979 0.00017649
v 0.00718632 0.00769353 0.00069772
v 0.00720016 0.00833522 0.00148334
v 0.00705906 0.00916520 0.00271975
v 0.00644872 0.00978205 0.00426752
v 0.00625227 0.01024758 0.00470314
v 0.00515192 0.00959492 0.00571453
v 0.00666147 0.00993858 -0.00190009
v 0.00515192 0.01121444 0.00572590
v 0.00689103 0.01121444 0.00304551
v 0.00704226 0.00990334 -0.00157963
v 0.00728986 0.00885273 -0.00190009
v 0.00729455 0.00884118 -0.00188948
v 0.00752658 0.00884118 -0.00118643
v 0.00764741 0.00884118 -0.00048262
v 0.00767608 0.00884118 0.00022043
v 0.00761257 0.00884118 0.00092348
v 0.00732840 0.00878515 0.00168108
v 0.00715840 0.00901387 0.00232883
v 0.00703509 0.00988833 0.00339174
v 0.00650061 0.01024758 0.00435161
v 0.00623967 0.01095049 0.00466905
v 0.00588829 0.01095049 0.00508421
v 0.00558707 0.01024758 0.00544786
v 0.00515192 0.01009741 0.00583575
v 0.00674277 0.00990219 -0.00190009
v 0.00515192 0.01119654 0.00572969
v 0.00518083 0.01121444 0.00570393
v 0.00681394 0.01121444 0.00347280
v 0.00709489 0.01070964 0.00287884
v 0.00710181 0.01070502 0.00232883
v 0.00731506 0.00954467 -0.00118643
v 0.00715494 0.00955911 -0.00184403
v 0.00708946 0.00962553 -0.00190009
v 0.00714703 0.00953427 -0.00190009
v 0.00739562 0.00954467 -0.00048262
v 0.00726193 0.01024758 0.00232883
v 0.00746456 0.00954467 0.00162653
v 0.00731877 0.00954467 0.00232883
v 0.00703509 0.00995359 0.00339174
v 0.00688090 0.01021177 0.00366977
v 0.00712059 0.01021177 0.00308112
v 0.00647713 0.01095049 0.00431752
v 0.00646305 0.01121444 0.00429328
v 0.00631454 0.01121444 0.00451298
v 0.00621891 0.01121444 0.00464480
v 0.00599899 0.01121444 0.00490466
v 0.00586728 0.01121444 0.00505845
v 0.00556359 0.01095049 0.00543574
v 0.00523544 0.01024758 0.00576757
v 0.00515192 0.01024758 0.00583954
v 0.00515192 0.01095049 0.00578120
v 0.00531254 0.01121444 0.00559711
v 0.00521197 0.01095049 0.00573499
v 0.00675537 0.01121444 0.00373493
v 0.00701952 0.01042201 0.00334780
v 0.00678329 0.01095049 0.00373493
v 0.00566416 0.01121444 0.00527816
v 0.00553246 0.01121444 0.00540998
v 0.00515192 0.01084191 0.00579484
f 723 724 728
f 723 728 735
f 723 735 741
f 723 741 760
f 723 760 778
f 723 778 786
f 723 786 787
f 723 787 764
f 723 764 747
f 723 747 736
f 723 736 729
f 723 729 725
f 723 725 726
f 723 726 733
f 723 733 727
f 723 727 724
f 724 727 733
f 724 733 732
f 724 732 731
f 724 731 740
f 724 740 759
f 724 759 777
f 724 777 803
f 724 803 812
f 724 812 804
f 724 804 779
f 724 779 761
f 724 761 742
f 724 742 734
f 724 734 728
f 725 729 730
f 725 730 731
f 725 731 732
f 725 732 733
f 725 733 726
f 728 734 735
f 729 736 737
f 729 737 738
f 729 738 730
f 730 738 737
f 730 737 739
f 730 739 740
f 730 740 731
f 734 741 735
f 734 742 743
f 734 743 744
f 734 744 745
f 734 745 746
f 734 746 741
f 736 747 748
f 736 748 737
f 737 748 749
f 737 749 750
f 737 750 751
f 737 751 752
f 737 752 753
f 737 753 739
f 739 753 754
f 739 754 740
f 740 755 756
f 740 756 757
f 740 757 758
f 740 758 759
f 740 754 755
f 741 746 760
f 742 761 780
f 742 780 805
f 742 805 811
f 742 811 810
f 742 810 800
f 742 800 799
f 742 799 798
f 742 798 797
f 742 797 796
f 742 796 807
f 742 807 781
f 742 781 762
f 742 762 746
f 742 746 745
f 742 745 744
f 742 744 743
f 746 762 763
f 746 763 760
f 747 764 765
f 747 765 748
f 748 765 766
f 748 766 749
f 749 766 767
f 749 767 750
f 750 767 768
f 750 768 751
f 751 768 769
f 751 769 770
f 751 770 752
f 752 754 753
f 752 770 771
f 752 771 756
f 752 756 755
f 752 755 754
f 756 771 772
f 756 772 757
f 757 772 773
f 757 773 758
f 758 774 775
f 758 775 776
f 758 776 759
f 758 773 774
f 759 776 777
f 760 763 778
f 761 779 780
f 762 781 782
f 762 782 783
f 762 783 763
f 763 784 785
f 763 785 786
f 763 786 778
f 763 783 784
f 764 787 766
f 764 766 765
f 766 784 767
f 766 787 785
f 766 785 784
f 767 788 783
f 767 783 768
f 767 784 788
f 768 783 789
f 768 789 790
f 768 790 769
f 769 790 791
f 769 791 770
f 770 791 772
f 770 772 771
f 772 792 793
f 772 793 773
f 772 791 794
f 772 794 792
f 773 793 795
f 773 795 774
f 774 795 796
f 774 796 797
f 774 797 798
f 774 798 799
f 774 799 775
f 775 800 801
f 775 801 776
f 775 799 800
f 776 801 802
f 776 802 777
f 777 802 803
f 779 804 780
f 780 804 806
f 780 806 805
f 781 807 782
f 782 807 808
f 782 808 794
f 782 794 789
f 782 789 783
f 783 788 784
f 785 787 786
f 789 794 790
f 790 794 791
f 792 794 808
f 792 808 793
f 793 808 809
f 793 809 795
f 795 809 796
f 796 809 807
f 800 810 801
f 801 810 811
f 801 811 806
f 801 806 812
f 801 812 803
f 801 803 802
f 804 812 806
f 805 806 811
f 807 809 808

o geometry_7
v -0.00217706 0.00321790 -0.00193964
v -0.00169859 0.00321790 -0.00318797
v -0.00512516 0.00321790 -0.00193964
v -0.00217706 0.00257176 -0.00193964
v -0.00169859 0.00321617 -0.00318797
v -0.00169859 0.00321790 -0.00566323
v -0.00509031 0.00321790 -0.00329613
v -0.00524549 0.00251223 -0.00193964
v -0.00218892 -0.00165533 -0.00193964
v -0.00169859 0.00127775 -0.00321802
v -0.00175822 0.00321617 -0.00565797
v -0.00176001 0.00321790 -0.00565759
v -0.00169859 0.00180743 -0.00572557
v -0.00503894 0.00321790 -0.00399916
v -0.00534787 0.00180916 -0.00193964
v -0.00525304 0.00246306 -0.00193964
v -0.00218928 -0.00170537 -0.00193964
v -0.00169859 0.00115956 -0.00322252
v -0.00171727 0.00182296 -0.00572294
v -0.00189616 0.00110608 -0.00573233
v -0.00202188 0.00040300 -0.00574735
v -0.00246156 0.00321617 -0.00555732
v -0.00246300 0.00321790 -0.00555694
v -0.00169859 0.00174618 -0.00572820
v -0.00495381 0.00321790 -0.00439912
v -0.00522107 0.00040300 -0.00329613
v -0.00536727 0.00040300 -0.00259310
v -0.00532883 0.00110608 -0.00259310
v -0.00535326 0.00175912 -0.00193964
v -0.00224711 -0.00446851 -0.00193964
v -0.00169859 0.00040300 -0.00326684
v -0.00169859 0.00110608 -0.00575486
v -0.00169859 0.00040300 -0.00577589
v -0.00169859 0.00010365 -0.00576650
v -0.00316455 -0.00100315 -0.00558624
v -0.00246156 0.00040300 -0.00567712
v -0.00246156 0.00110608 -0.00564783
v -0.00246156 0.00180916 -0.00561816
v -0.00316635 0.00321790 -0.00541161
v -0.00461794 0.00321790 -0.00475176
v -0.00463878 0.00251223 -0.00476228
v -0.00465889 0.00180916 -0.00477317
v -0.00467865 0.00110608 -0.00478444
v -0.00469733 0.00040300 -0.00479533
v -0.00471565 -0.00030008 -0.00480659
v -0.00473325 -0.00100315 -0.00481711
v -0.00497249 0.00040300 -0.00444381
v -0.00497644 -0.00030008 -0.00445470
v -0.00498003 -0.00100315 -0.00446560
v -0.00536835 -0.00030008 -0.00259310
v -0.00535613 -0.00170537 -0.00193964
v -0.00224927 -0.00451854 -0.00193964
v -0.00169859 -0.00022157 -0.00341969
v -0.00169859 -0.00006112 -0.00566022
v -0.00269972 -0.00288205 -0.00512694
v -0.00316455 -0.00240845 -0.00538269
v -0.00316455 -0.00170537 -0.00555582
v -0.00386754 -0.00170537 -0.00538945
v -0.00386754 -0.00100315 -0.00539095
v -0.00316455 -0.00030008 -0.00556108
v -0.00316455 0.00040300 -0.00553141
v -0.00386754 0.00321617 -0.00521670
v -0.00386826 0.00321790 -0.00521632
v -0.00426735 0.00321790 -0.00508187
v -0.00428746 0.00251223 -0.00509614
v -0.00430758 0.00180916 -0.00510929
v -0.00432698 0.00110608 -0.00512281
v -0.00436398 -0.00030008 -0.00515022
v -0.00438158 -0.00100315 -0.00516374
v -0.00438840 -0.00170537 -0.00516863
v -0.00473972 -0.00170537 -0.00481899
v -0.00497895 -0.00170537 -0.00446710
v -0.00506193 -0.00170537 -0.00399916
v -0.00533853 -0.00100315 -0.00259310
v -0.00505834 -0.00311152 -0.00329613
v -0.00504182 -0.00381460 -0.00259310
v -0.00526597 -0.00245848 -0.00193964
v -0.00251078 -0.00525871 -0.00193964
v -0.00228842 -0.00451854 -0.00259310
v -0.00169859 -0.00049504 -0.00470219
v -0.00169859 -0.00049677 -0.00463309
v -0.00169859 -0.00045881 -0.00399916
v -0.00169859 -0.00044673 -0.00395485
v -0.00169859 -0.00021812 -0.00544466
v -0.00251760 -0.00455219 -0.00331641
v -0.00250970 -0.00386291 -0.00404798
v -0.00265339 -0.00366018 -0.00450991
v -0.00316455 -0.00374645 -0.00458314
v -0.00316455 -0.00328061 -0.00493466
v -0.00316455 -0.00292950 -0.00515210
v -0.00386754 -0.00285445 -0.00510628
v -0.00386754 -0.00240845 -0.00526589
v -0.00431584 -0.00240845 -0.00511905
v -0.00426663 0.00321617 -0.00508262
v -0.00386754 0.00040300 -0.00533312
v -0.00471816 -0.00247746 -0.00467703
v -0.00495848 -0.00228940 -0.00442616
v -0.00500913 -0.00247746 -0.00406826
v -0.00497644 -0.00311152 -0.00385683
v -0.00496926 -0.00377319 -0.00323529
v -0.00495992 -0.00426578 -0.00259310
v -0.00498327 -0.00448749 -0.00193964
v -0.00507738 -0.00381460 -0.00193964
v -0.00251760 -0.00527338 -0.00193964
v -0.00256574 -0.00510257 -0.00259310
v -0.00264620 -0.00433997 -0.00384669
v -0.00267027 -0.00496886 -0.00309521
v -0.00316455 -0.00409756 -0.00428533
v -0.00386754 -0.00368693 -0.00453808
v -0.00386754 -0.00320642 -0.00488997
v -0.00423717 -0.00278285 -0.00506572
v -0.00492184 -0.00275783 -0.00434917
v -0.00494088 -0.00351094 -0.00369384
v -0.00492759 -0.00417692 -0.00296001
v -0.00486401 -0.00475750 -0.00204329
v -0.00492687 -0.00463673 -0.00193964
v -0.00295549 -0.00557618 -0.00193964
v -0.00316455 -0.00441761 -0.00393382
v -0.00316455 -0.00531910 -0.00259310
v -0.00316455 -0.00500940 -0.00315605
v -0.00316455 -0.00476958 -0.00350756
v -0.00386754 -0.00403890 -0.00422712
v -0.00386754 -0.00436930 -0.00387560
v -0.00433775 -0.00358168 -0.00445020
v -0.00444121 -0.00305459 -0.00469168
v -0.00483491 -0.00311152 -0.00420834
v -0.00457484 -0.00378096 -0.00396574
v -0.00481228 -0.00398023 -0.00342870
v -0.00454502 -0.00446074 -0.00321877
v -0.00427776 -0.00491192 -0.00300846
v -0.00474654 -0.00461775 -0.00259310
v -0.00439523 -0.00501544 -0.00259310
v -0.00452023 -0.00515692 -0.00193964
v -0.00472858 -0.00494039 -0.00193964
v -0.00316455 -0.00559516 -0.00193964
v -0.00316455 -0.00553132 -0.00212516
v -0.00386754 -0.00523197 -0.00259310
v -0.00386754 -0.00496627 -0.00309108
v -0.00386754 -0.00472041 -0.00344259
v -0.00434350 -0.00427527 -0.00376932
v -0.00386754 -0.00548732 -0.00201137
v -0.00386754 -0.00551320 -0.00193964
f 813 814 818
f 813 818 824
f 813 824 835
f 813 835 851
f 813 851 875
f 813 875 876
f 813 876 852
f 813 852 837
f 813 837 826
f 813 826 819
f 813 819 815
f 813 815 820
f 813 820 828
f 813 828 827
f 813 827 841
f 813 841 863
f 813 863 889
f 813 889 915
f 813 915 914
f 813 914 928
f 813 928 946
f 813 946 945
f 813 945 954
f 813 954 947
f 813 947 929
f 813 929 916
f 813 916 890
f 813 890 864
f 813 864 842
f 813 842 829
f 813 829 821
f 813 821 816
f 813 816 817
f 813 817 814
f 814 817 822
f 814 822 830
f 814 830 843
f 814 843 865
f 814 865 895
f 814 895 894
f 814 894 893
f 814 893 892
f 814 892 896
f 814 896 866
f 814 866 846
f 814 846 845
f 814 845 844
f 814 844 836
f 814 836 825
f 814 825 818
f 815 819 820
f 816 821 817
f 817 821 822
f 818 823 824
f 818 825 823
f 819 826 827
f 819 827 828
f 819 828 820
f 821 829 822
f 822 829 830
f 823 831 832
f 823 832 833
f 823 833 834
f 823 834 824
f 823 825 831
f 824 834 835
f 825 836 831
f 826 837 838
f 826 838 839
f 826 839 840
f 826 840 841
f 826 841 827
f 829 842 843
f 829 843 830
f 831 836 844
f 831 844 833
f 831 833 832
f 833 844 845
f 833 845 846
f 833 846 847
f 833 847 848
f 833 848 849
f 833 849 850
f 833 850 834
f 834 851 835
f 834 850 851
f 837 852 853
f 837 853 854
f 837 854 855
f 837 855 856
f 837 856 857
f 837 857 858
f 837 858 859
f 837 859 838
f 838 859 860
f 838 860 861
f 838 861 839
f 839 861 862
f 839 862 841
f 839 841 840
f 841 862 863
f 842 864 843
f 843 864 865
f 846 866 867
f 846 867 868
f 846 868 869
f 846 869 847
f 847 869 870
f 847 870 871
f 847 871 872
f 847 872 848
f 848 872 849
f 849 872 873
f 849 873 850
f 850 873 851
f 851 874 875
f 851 873 874
f 852 876 877
f 852 877 878
f 852 878 879
f 852 879 880
f 852 880 853
f 853 880 881
f 853 881 855
f 853 855 854
f 855 857 856
f 855 881 857
f 857 881 858
f 858 881 882
f 858 882 883
f 858 883 861
f 858 861 860
f 858 860 859
f 861 883 884
f 861 884 862
f 862 884 885
f 862 885 886
f 862 886 863
f 863 886 887
f 863 887 888
f 863 888 889
f 864 890 891
f 864 891 892
f 864 892 893
f 864 893 894
f 864 894 895
f 864 895 865
f 866 896 891
f 866 891 897
f 866 897 898
f 866 898 899
f 866 899 867
f 867 899 900
f 867 900 901
f 867 901 902
f 867 902 868
f 868 902 903
f 868 903 904
f 868 904 869
f 869 904 870
f 870 882 871
f 870 904 905
f 870 905 882
f 871 881 880
f 871 880 879
f 871 879 877
f 871 877 906
f 871 906 907
f 871 907 872
f 871 882 881
f 872 907 874
f 872 874 873
f 874 906 875
f 874 907 906
f 875 906 876
f 876 906 877
f 877 879 878
f 882 905 883
f 883 905 908
f 883 908 909
f 883 909 884
f 884 909 885
f 885 909 886
f 886 909 910
f 886 910 887
f 887 911 912
f 887 912 888
f 887 910 911
f 888 912 913
f 888 913 914
f 888 914 915
f 888 915 889
f 890 916 891
f 891 916 917
f 891 917 897
f 891 896 892
f 897 918 898
f 897 917 919
f 897 919 918
f 898 918 899
f 899 918 920
f 899 920 900
f 900 921 901
f 900 920 921
f 901 921 922
f 901 922 902
f 902 922 903
f 903 923 904
f 903 922 923
f 904 923 905
f 905 923 908
f 908 923 924
f 908 924 909
f 909 924 910
f 910 924 911
f 911 925 912
f 911 924 925
f 912 926 913
f 912 925 926
f 913 926 927
f 913 927 928
f 913 928 914
f 916 929 917
f 917 929 919
f 918 919 930
f 918 930 920
f 919 929 931
f 919 931 932
f 919 932 933
f 919 933 930
f 920 934 921
f 920 930 935
f 920 935 934
f 921 934 936
f 921 936 922
f 922 936 923
f 923 936 937
f 923 937 924
f 924 937 938
f 924 938 925
f 925 938 939
f 925 939 940
f 925 940 926
f 926 940 941
f 926 941 942
f 926 942 943
f 926 943 927
f 927 943 944
f 927 944 945
f 927 945 946
f 927 946 928
f 929 947 948
f 929 948 931
f 930 933 935
f 931 948 949
f 931 949 950
f 931 950 932
f 932 950 933
f 933 950 951
f 933 951 935
f 934 935 952
f 934 952 936
f 935 951 952
f 936 938 937
f 936 952 939
f 936 939 938
f 939 952 940
f 940 952 941
f 941 952 942
f 942 952 951
f 942 951 950
f 942 950 949
f 942 949 953
f 942 953 944
f 942 944 943
f 944 953 954
f 944 954 945
f 947 954 948
f 948 954 953
f 948 953 949

o geometry_8
v 0.00154338 0.01121444 -0.00292368
v 0.00399644 0.01121444 -0.00190009
v 0.00529775 0.01121444 -0.00409369
v 0.00529775 0.01121444 -0.00324324
v 0.00536758 0.00040321 -0.00259311
v 0.00529775 0.00976837 -0.00427487
v 0.00499898 0.01121444 -0.00439198
v 0.00529775 0.00911682 -0.00431121
v 0.00529775 0.00602913 -0.00444851
v 0.00529775 0.00532580 -0.00447678
v 0.00536833 -0.00030029 -0.00259311
v 0.00529775 0.00460623 -0.00437636
v 0.00497895 -0.00170555 -0.00446486
v 0.00495836 -0.00229020 -0.00442264
v 0.00533838 -0.00100292 -0.00259311
v 0.00536272 -0.00169507 -0.00190009
v 0.00535373 0.00180934 -0.00190009
v 0.00529775 0.01004893 -0.00190009
v 0.00224689 -0.00451782 -0.00190009
v 0.00188405 0.01121444 -0.00190009
v 0.00169994 0.01121444 -0.00220669
v 0.00154338 0.01121444 -0.00254244
v 0.00154338 0.00462324 -0.00562040
v 0.00154376 -0.00016746 -0.00346489
v 0.00154376 -0.00035710 -0.00399892
v 0.00154376 -0.00040691 -0.00470221
v 0.00154376 -0.00038332 -0.00484142
v 0.00228995 -0.00451782 -0.00259311
v 0.00154376 -0.00014211 -0.00557780
v 0.00154376 0.00003267 -0.00577216
v 0.00251871 -0.00455365 -0.00331693
v 0.00256701 -0.00510335 -0.00259311
v 0.00267185 -0.00496789 -0.00309632
v 0.00264601 -0.00434216 -0.00384640
v 0.00316419 -0.00477126 -0.00350940
v 0.00316419 -0.00500896 -0.00315794
v 0.00386696 -0.00496701 -0.00309176
v 0.00386696 -0.00472144 -0.00344359
v 0.00386696 -0.00436926 -0.00387568
v 0.00316419 -0.00441994 -0.00393350
v 0.00316419 -0.00409747 -0.00428533
v 0.00386696 -0.00403891 -0.00422714
v 0.00434320 -0.00427487 -0.00376956
v 0.00433721 -0.00358186 -0.00445003
v 0.00386696 -0.00368760 -0.00453827
v 0.00316419 -0.00374615 -0.00458277
v 0.00316419 -0.00327948 -0.00493423
v 0.00269806 -0.00288097 -0.00512593
v 0.00265313 -0.00365963 -0.00450936
v 0.00250973 -0.00386238 -0.00404799
v 0.00316419 -0.00240906 -0.00538115
v 0.00316419 -0.00292729 -0.00515103
v 0.00386696 -0.00285388 -0.00510539
v 0.00386696 -0.00320520 -0.00488972
v 0.00423612 -0.00278222 -0.00506507
v 0.00386696 -0.00240906 -0.00526514
v 0.00316419 -0.00170555 -0.00555574
v 0.00386696 -0.00170555 -0.00538876
v 0.00431250 -0.00240906 -0.00511870
v 0.00471537 -0.00247810 -0.00467520
v 0.00492166 -0.00275862 -0.00434961
v 0.00473671 -0.00170555 -0.00481631
v 0.00438514 -0.00170555 -0.00516891
v 0.00386696 -0.00100292 -0.00539028
v 0.00316419 -0.00100292 -0.00558654
v 0.00162051 0.00003442 -0.00577064
v 0.00202000 0.00040321 -0.00574706
v 0.00166843 0.00040321 -0.00577863
v 0.00154376 0.00111021 -0.00577292
v 0.00154376 0.00040321 -0.00578585
v 0.00154376 0.00008510 -0.00577635
v 0.00175800 0.00462324 -0.00560155
v 0.00246103 0.00462324 -0.00550141
v 0.00175800 0.00532580 -0.00556979
v 0.00246103 0.00602913 -0.00543329
v 0.00175800 0.00602913 -0.00553317
v 0.00154338 0.00532580 -0.00558863
v 0.00154338 0.01121444 -0.00527473
v 0.00175800 0.01121444 -0.00525777
v 0.00246103 0.01121444 -0.00516300
v 0.00293179 0.01121444 -0.00508116
v 0.00316442 0.00532580 -0.00532426
v 0.00316419 0.00251285 -0.00544619
v 0.00386708 0.00391991 -0.00519181
v 0.00386708 0.00331860 -0.00521739
v 0.00423127 0.00436587 -0.00505909
v 0.00424818 0.00391991 -0.00507013
v 0.00457010 0.01121444 -0.00457558
v 0.00386708 0.01121444 -0.00483295
v 0.00349958 0.00911064 -0.00504993
v 0.00328349 0.01121444 -0.00500094
v 0.00522095 0.00532580 -0.00452120
v 0.00430726 0.00180934 -0.00511071
v 0.00438102 -0.00100292 -0.00516396
v 0.00316419 -0.00030029 -0.00556182
v 0.00246106 0.00040321 -0.00567783
v 0.00500890 -0.00247810 -0.00406891
v 0.00497595 -0.00311169 -0.00385743
v 0.00505832 -0.00311169 -0.00329639
v 0.00528072 -0.00239857 -0.00190009
v 0.00504185 -0.00381519 -0.00259311
v 0.00499093 -0.00446626 -0.00190009
v 0.00488385 -0.00479573 -0.00190009
v 0.00498457 -0.00450122 -0.00190009
v 0.00495985 -0.00426613 -0.00259311
v 0.00492728 -0.00417787 -0.00296054
v 0.00496922 -0.00377324 -0.00323554
v 0.00494038 -0.00351107 -0.00369425
v 0.00483480 -0.00311169 -0.00420888
v 0.00444093 -0.00305401 -0.00469156
v 0.00457459 -0.00378111 -0.00396583
v 0.00481196 -0.00398036 -0.00342914
v 0.00454464 -0.00446102 -0.00321880
v 0.00427731 -0.00491196 -0.00300846
v 0.00386696 -0.00523269 -0.00259311
v 0.00316419 -0.00532095 -0.00259311
v 0.00316419 -0.00553331 -0.00212717
v 0.00386696 -0.00548700 -0.00201116
v 0.00350491 -0.00557177 -0.00190009
v 0.00386696 -0.00552632 -0.00190009
v 0.00395607 -0.00550972 -0.00190009
v 0.00439487 -0.00501508 -0.00259311
v 0.00452779 -0.00516539 -0.00190009
v 0.00486363 -0.00475815 -0.00204387
v 0.00474644 -0.00461832 -0.00259311
v 0.00316419 -0.00560934 -0.00190009
v 0.00253818 -0.00532008 -0.00190009
v 0.00251010 -0.00527726 -0.00190009
v 0.00154376 0.00027999 -0.00335193
v 0.00154376 0.00040321 -0.00333329
f 956 957 955
f 958 957 956
f 959 957 958
f 960 957 959
f 960 961 957
f 962 961 960
f 962 963 961
f 962 959 963
f 962 960 959
f 959 964 963
f 965 964 959
f 966 964 965
f 966 967 964
f 966 968 967
f 966 969 968
f 966 965 969
f 965 970 969
f 965 959 970
f 959 971 970
f 959 972 971
f 959 958 972
f 958 956 972
f 956 973 972
f 974 973 956
f 975 973 974
f 975 976 973
f 975 974 976
f 976 974 955
f 977 976 955
f 977 978 976
f 979 978 977
f 979 973 978
f 979 980 973
f 979 977 980
f 981 980 977
f 981 973 980
f 981 982 973
f 981 983 982
f 981 977 983
f 983 977 984
f 983 984 985
f 983 985 982
f 985 986 982
f 985 987 986
f 988 987 985
f 989 987 988
f 989 990 987
f 989 991 990
f 989 992 991
f 989 993 992
f 989 994 993
f 989 988 994
f 994 988 995
f 993 994 995
f 996 993 995
f 996 997 993
f 996 998 997
f 996 999 998
f 996 995 999
f 1000 999 995
f 1000 1001 999
f 1000 1002 1001
f 1000 1003 1002
f 1000 995 1003
f 995 988 1003
f 1004 1003 988
f 1004 984 1003
f 1004 985 984
f 1004 988 985
f 1002 1003 984
f 1005 1002 984
f 1005 1006 1002
f 1007 1006 1005
f 1007 1008 1006
f 1007 1009 1008
f 1007 1010 1009
f 1007 1005 1010
f 1010 1005 1011
f 1010 1011 1012
f 1010 1012 1013
f 1010 1013 1009
f 1014 1009 1013
f 1014 1015 1009
f 1014 968 1015
f 1014 1016 968
f 1014 1013 1016
f 1013 1017 1016
f 1013 1012 1017
f 1012 1018 1017
f 1012 1019 1018
f 1012 1011 1019
f 1020 1019 1011
f 1020 1021 1019
f 1022 1021 1020
f 1022 1023 1021
f 1022 1024 1023
f 1022 1020 1024
f 1025 1024 1020
f 1025 977 1024
f 1025 984 977
f 1025 1020 984
f 1020 1011 984
f 1005 984 1011
f 1024 977 1023
f 1026 1023 977
f 1026 1021 1023
f 1026 1027 1021
f 1028 1027 1026
f 1028 1029 1027
f 1028 1030 1029
f 1028 1031 1030
f 1028 1026 1031
f 1026 977 1031
f 1031 977 1032
f 1033 1031 1032
f 1033 1030 1031
f 1033 1034 1030
f 1033 1032 1034
f 1034 1032 1035
f 1029 1034 1035
f 1029 1030 1034
f 1029 1035 1036
f 1029 1036 1027
f 1036 1037 1027
f 1038 1037 1036
f 1038 1039 1037
f 1040 1039 1038
f 1040 1018 1039
f 1040 1041 1018
f 1040 961 1041
f 1040 1042 961
f 1040 1043 1042
f 1044 1043 1040
f 1044 1045 1043
f 1044 1036 1045
f 1044 1038 1036
f 1044 1040 1038
f 1045 1036 1035
f 1045 1035 1043
f 1035 1032 1043
f 1043 1032 957
f 961 1043 957
f 1042 1043 961
f 1032 955 957
f 977 955 1032
f 1046 1041 961
f 1046 1047 1041
f 1046 1048 1047
f 1046 964 1048
f 1046 963 964
f 1046 961 963
f 1048 964 1017
f 1048 1017 1018
f 1048 1018 1047
f 1041 1047 1018
f 1016 1017 964
f 967 1016 964
f 967 968 1016
f 1039 1018 1049
f 1039 1049 1037
f 1049 1050 1037
f 1049 1019 1050
f 1049 1018 1019
f 1021 1050 1019
f 1021 1027 1050
f 1037 1050 1027
f 1051 1015 968
f 1051 1052 1015
f 1051 1053 1052
f 1051 969 1053
f 1051 968 969
f 1053 969 970
f 1054 1053 970
f 1054 1055 1053
f 1054 1056 1055
f 1054 970 1056
f 1056 970 1057
f 1058 1056 1057
f 1058 1059 1056
f 1058 1057 1059
f 1059 1057 1060
f 1059 1060 1061
f 1059 1061 1055
f 1059 1055 1056
f 1055 1061 1053
f 1061 1052 1053
f 1062 1052 1061
f 1062 1015 1052
f 1063 1015 1062
f 1063 1064 1015
f 998 1064 1063
f 998 1009 1064
f 998 1008 1009
f 998 999 1008
f 999 1001 1008
f 1001 1006 1008
f 1001 1002 1006
f 1064 1009 1015
f 998 1063 1065
f 998 1065 997
f 1066 997 1065
f 1066 1067 997
f 1066 1060 1067
f 1066 1062 1060
f 1066 1065 1062
f 1063 1062 1065
f 1062 1061 1060
f 1067 1060 1068
f 997 1067 1068
f 992 997 1068
f 992 993 997
f 992 1068 991
f 1069 991 1068
f 1069 1070 991
f 1069 1071 1070
f 1072 1071 1069
f 1072 1073 1071
f 1072 1074 1073
f 1072 1075 1074
f 1072 1069 1075
f 1069 1068 1075
f 1076 1075 1068
f 1076 1077 1075
f 1076 1078 1077
f 1076 1079 1078
f 1076 1068 1079
f 1079 1068 1060
f 1078 1079 1060
f 1078 1060 1057
f 1077 1078 1057
f 1077 1057 1075
f 1075 1057 1080
f 1074 1075 1080
f 1073 1074 1080
f 1073 1080 1071
f 1071 1080 986
f 1071 986 987
f 1071 987 1070
f 990 1070 987
f 990 991 1070
f 986 1080 1081
f 1082 986 1081
f 1082 982 986
f 1082 973 982
f 1082 1081 973
f 1081 1080 973
f 973 1080 972
f 970 972 1080
f 971 972 970
f 1057 970 1080
f 1083 978 973
f 1083 976 978
f 1083 1084 976
f 1083 973 1084
f 1084 973 976
f 974 956 955

o geometry_9
v -0.00540933 0.00528273 -0.00193964
v -0.00521198 0.00528273 -0.00193964
v -0.00539126 0.00528273 -0.00187686
v -0.00681896 0.00575373 -0.00193964
v -0.00521198 0.01006815 -0.00193964
v -0.00521198 0.00528273 -0.00133226
v -0.00716233 0.00624217 -0.00134436
v -0.00716329 0.00601652 -0.00193964
v -0.00592716 0.01002088 -0.00193964
v -0.00597728 0.01103154 0.00218573
v -0.00521198 0.01103154 0.00211312
v -0.00521198 0.00907719 0.00515685
v -0.00709703 0.00705363 -0.00009026
v -0.00723173 0.00690732 -0.00048283
v -0.00755076 0.00743572 -0.00048283
v -0.00732498 0.00667941 -0.00114013
v -0.00716546 0.00601821 -0.00193964
v -0.00659438 0.00995110 -0.00193964
v -0.00665631 0.01103154 0.00236878
v -0.00521198 0.01103154 0.00535351
v -0.00521198 0.00954763 0.00556455
v -0.00645005 0.00978285 0.00426885
v -0.00706064 0.00916441 0.00272051
v -0.00720329 0.00833552 0.00148304
v -0.00718353 0.00769626 0.00069639
v -0.00729751 0.00745147 0.00017448
v -0.00766088 0.00813856 -0.00048283
v -0.00754570 0.00743572 -0.00118627
v -0.00735944 0.00673231 -0.00188896
v -0.00735221 0.00811662 0.00092785
v -0.00763847 0.00813856 0.00021987
v -0.00717414 0.00605028 -0.00193964
v -0.00664884 0.00993985 -0.00193964
v -0.00666378 0.01103154 0.00238996
v -0.00704691 0.00990665 -0.00159170
v -0.00551656 0.01103154 0.00546168
v -0.00521198 0.01102985 0.00571810
v -0.00521198 0.01009516 0.00575970
v -0.00558933 0.01024766 0.00544882
v -0.00625559 0.01024766 0.00470680
v -0.00650306 0.01024766 0.00435583
v -0.00703727 0.00988470 0.00339597
v -0.00716305 0.00901304 0.00232869
v -0.00764763 0.00884141 -0.00048283
v -0.00752763 0.00884141 -0.00118627
v -0.00767341 0.00884141 0.00021987
v -0.00729606 0.00884141 -0.00188896
v -0.00733968 0.00673231 -0.00193964
v -0.00733390 0.00666309 -0.00193964
v -0.00733365 0.00878457 0.00168122
v -0.00761413 0.00884141 0.00092331
v -0.00694571 0.00982730 -0.00193964
v -0.00689824 0.01103154 0.00306996
v -0.00705317 0.00965961 -0.00193964
v -0.00715727 0.00955720 -0.00185114
v -0.00732016 0.00954425 -0.00118627
v -0.00710161 0.01070403 0.00232869
v -0.00555680 0.01103154 0.00542840
v -0.00521488 0.01095051 0.00573247
v -0.00521198 0.01095051 0.00573474
v -0.00521198 0.01024766 0.00578769
v -0.00523777 0.01024766 0.00576575
v -0.00556644 0.01095051 0.00543672
v -0.00588933 0.01095051 0.00508575
v -0.00624113 0.01095051 0.00467125
v -0.00647872 0.01095051 0.00431952
v -0.00688354 0.01022571 0.00367281
v -0.00703727 0.00997643 0.00339597
v -0.00712305 0.01022571 0.00308206
v -0.00732811 0.00954425 0.00232869
v -0.00739823 0.00954425 -0.00048283
v -0.00726667 0.01024766 0.00232869
v -0.00714450 0.00951668 -0.00193964
v -0.00747197 0.00954425 0.00162676
v -0.00727365 0.00884141 -0.00193964
v -0.00709462 0.01070853 0.00288086
v -0.00677679 0.01103154 0.00373559
v -0.00588234 0.01103154 0.00507667
v -0.00623390 0.01103154 0.00466368
v -0.00647414 0.01103154 0.00431196
v -0.00678547 0.01095051 0.00373559
v -0.00702089 0.01044518 0.00334983
f 1085 1086 1090
f 1085 1090 1087
f 1085 1087 1088
f 1085 1088 1092
f 1085 1092 1101
f 1085 1101 1116
f 1085 1116 1133
f 1085 1133 1132
f 1085 1132 1159
f 1085 1159 1157
f 1085 1157 1138
f 1085 1138 1136
f 1085 1136 1117
f 1085 1117 1102
f 1085 1102 1093
f 1085 1093 1089
f 1085 1089 1086
f 1086 1089 1095
f 1086 1095 1104
f 1086 1104 1121
f 1086 1121 1144
f 1086 1144 1145
f 1086 1145 1122
f 1086 1122 1105
f 1086 1105 1096
f 1086 1096 1090
f 1087 1090 1088
f 1088 1090 1091
f 1088 1091 1092
f 1089 1093 1094
f 1089 1094 1095
f 1090 1096 1091
f 1091 1096 1097
f 1091 1097 1098
f 1091 1098 1099
f 1091 1099 1100
f 1091 1100 1101
f 1091 1101 1092
f 1093 1102 1103
f 1093 1103 1094
f 1094 1103 1118
f 1094 1118 1137
f 1094 1137 1161
f 1094 1161 1164
f 1094 1164 1163
f 1094 1163 1162
f 1094 1162 1142
f 1094 1142 1120
f 1094 1120 1104
f 1094 1104 1095
f 1096 1105 1106
f 1096 1106 1107
f 1096 1107 1108
f 1096 1108 1109
f 1096 1109 1097
f 1097 1109 1098
f 1098 1109 1110
f 1098 1110 1099
f 1099 1111 1112
f 1099 1112 1113
f 1099 1113 1101
f 1099 1101 1100
f 1099 1110 1114
f 1099 1114 1115
f 1099 1115 1111
f 1101 1113 1116
f 1102 1117 1103
f 1103 1117 1119
f 1103 1119 1118
f 1104 1120 1121
f 1105 1122 1123
f 1105 1123 1124
f 1105 1124 1106
f 1106 1124 1125
f 1106 1125 1126
f 1106 1126 1107
f 1107 1127 1114
f 1107 1114 1108
f 1107 1126 1127
f 1108 1114 1110
f 1108 1110 1109
f 1111 1128 1129
f 1111 1129 1112
f 1111 1115 1130
f 1111 1130 1128
f 1112 1129 1113
f 1113 1131 1132
f 1113 1132 1133
f 1113 1133 1116
f 1113 1129 1131
f 1114 1127 1134
f 1114 1134 1115
f 1115 1134 1135
f 1115 1135 1130
f 1117 1136 1119
f 1118 1119 1137
f 1119 1136 1138
f 1119 1138 1139
f 1119 1139 1140
f 1119 1140 1141
f 1119 1141 1137
f 1120 1142 1121
f 1121 1142 1143
f 1121 1143 1144
f 1122 1145 1146
f 1122 1146 1123
f 1123 1146 1147
f 1123 1147 1148
f 1123 1148 1124
f 1124 1148 1149
f 1124 1149 1125
f 1125 1149 1150
f 1125 1150 1151
f 1125 1151 1126
f 1126 1151 1152
f 1126 1152 1153
f 1126 1153 1154
f 1126 1154 1134
f 1126 1134 1127
f 1128 1155 1140
f 1128 1140 1129
f 1128 1130 1156
f 1128 1156 1155
f 1129 1140 1139
f 1129 1139 1157
f 1129 1157 1131
f 1130 1135 1158
f 1130 1158 1156
f 1131 1157 1159
f 1131 1159 1132
f 1134 1154 1135
f 1135 1154 1158
f 1137 1141 1160
f 1137 1160 1161
f 1138 1157 1139
f 1140 1155 1141
f 1141 1156 1160
f 1141 1155 1156
f 1142 1162 1147
f 1142 1147 1143
f 1143 1145 1144
f 1143 1147 1145
f 1145 1147 1146
f 1147 1162 1148
f 1148 1162 1163
f 1148 1163 1149
f 1149 1163 1164
f 1149 1164 1150
f 1150 1164 1165
f 1150 1165 1151
f 1151 1165 1166
f 1151 1166 1152
f 1152 1166 1153
f 1153 1166 1160
f 1153 1160 1156
f 1153 1156 1158
f 1153 1158 1154
f 1160 1166 1161
f 1161 1166 1165
f 1161 1165 1164

o geometry_10
v -0.00540931 0.00528273 -0.00193964
v -0.00508747 0.00528273 0.00007208
v -0.00217644 0.00528273 -0.00193964
v -0.00535329 0.00176039 -0.00193964
v -0.00535519 0.00181025 -0.00188962
v -0.00535488 0.00251275 0.00007208
v -0.00221473 0.00528273 0.00007208
v -0.00217707 0.00257193 -0.00193964
v -0.00221473 0.00321579 0.00007208
v -0.00531121 0.00105680 -0.00193964
v -0.00515994 -0.00031531 -0.00193964
v -0.00512925 -0.00031531 -0.00183960
v -0.00530709 0.00236863 0.00007208
v -0.00219258 0.00251275 -0.00118635
v -0.00217739 0.00251275 -0.00193964
v -0.00221789 0.00266015 0.00007208
v -0.00249036 -0.00031531 -0.00193964
v -0.00512482 -0.00031531 -0.00183251
v -0.00513241 0.00187053 0.00007208
v -0.00221884 0.00251275 0.00007208
v -0.00218308 0.00181025 -0.00193964
v -0.00253972 -0.00031531 -0.00184137
v -0.00227928 0.00111105 -0.00193964
v -0.00472609 -0.00031531 -0.00155699
v -0.00467862 0.00163819 0.00007208
v -0.00252548 0.00186176 0.00007208
v -0.00218625 0.00181025 -0.00188962
v -0.00316472 -0.00031531 -0.00156822
v -0.00457071 -0.00031531 -0.00154813
v -0.00457071 0.00159161 0.00007208
v -0.00316472 0.00158668 0.00007208
v -0.00340016 -0.00031531 -0.00156310
v -0.00416344 -0.00031531 -0.00155148
v -0.00386755 0.00157682 0.00007208
v -0.00386755 -0.00031531 -0.00155463
f 1167 1168 1173
f 1167 1173 1169
f 1167 1169 1174
f 1167 1174 1181
f 1167 1181 1187
f 1167 1187 1189
f 1167 1189 1183
f 1167 1183 1177
f 1167 1177 1176
f 1167 1176 1170
f 1167 1170 1171
f 1167 1171 1172
f 1167 1172 1168
f 1168 1172 1179
f 1168 1179 1185
f 1168 1185 1191
f 1168 1191 1196
f 1168 1196 1200
f 1168 1200 1197
f 1168 1197 1192
f 1168 1192 1186
f 1168 1186 1182
f 1168 1182 1175
f 1168 1175 1173
f 1169 1173 1175
f 1169 1175 1174
f 1170 1176 1172
f 1170 1172 1171
f 1172 1176 1177
f 1172 1177 1178
f 1172 1178 1179
f 1174 1175 1180
f 1174 1180 1181
f 1175 1182 1180
f 1177 1183 1188
f 1177 1188 1194
f 1177 1194 1198
f 1177 1198 1201
f 1177 1201 1199
f 1177 1199 1195
f 1177 1195 1190
f 1177 1190 1184
f 1177 1184 1178
f 1178 1184 1185
f 1178 1185 1179
f 1180 1186 1187
f 1180 1187 1181
f 1180 1182 1186
f 1183 1189 1186
f 1183 1186 1188
f 1184 1190 1185
f 1185 1190 1191
f 1186 1192 1188
f 1186 1189 1193
f 1186 1193 1187
f 1187 1193 1189
f 1188 1192 1194
f 1190 1195 1196
f 1190 1196 1191
f 1192 1197 1194
f 1194 1197 1198
f 1195 1199 1200
f 1195 1200 1196
f 1197 1200 1201
f 1197 1201 1198
f 1199 1201 1200

o geometry_11
v 0.00217953 0.00531188 -0.00190009
v 0.00221464 0.00321582 0.00007155
v 0.00221496 0.00531391 0.00007155
v 0.00220484 0.00531391 -0.00049528
v 0.00217985 0.00531391 -0.00189855
v 0.00223014 0.00531391 -0.00190009
v 0.00217985 0.00250241 -0.00190009
v 0.00221907 0.00251308 0.00007155
v 0.00219282 0.00251308 -0.00118639
v 0.00508859 0.00531391 0.00007155
v 0.00541091 0.00531391 -0.00190009
v 0.00218586 0.00180119 -0.00190009
v 0.00228771 0.00109641 -0.00190009
v 0.00249679 0.00012658 -0.00190009
v 0.00228645 0.00236786 0.00007155
v 0.00535460 0.00251308 0.00007155
v 0.00535524 0.00181033 -0.00188967
v 0.00535397 0.00181033 -0.00190009
v 0.00515501 0.00012658 -0.00190009
v 0.00252557 0.00012658 -0.00184296
v 0.00252526 0.00186111 0.00007155
v 0.00513224 0.00187075 0.00007155
v 0.00513699 0.00012658 -0.00183891
v 0.00514458 0.00012658 -0.00186419
v 0.00530684 0.00110707 -0.00188967
v 0.00530716 0.00110707 -0.00190009
v 0.00316419 0.00012658 -0.00159400
v 0.00316419 0.00158691 0.00007155
v 0.00304241 0.00163312 0.00007155
v 0.00457017 0.00159199 0.00007155
v 0.00486496 0.00012658 -0.00171578
v 0.00386702 0.00012658 -0.00158686
v 0.00370159 0.00157879 0.00007155
v 0.00439873 0.00158844 0.00007155
v 0.00457017 0.00012658 -0.00158512
v 0.00386702 0.00157777 0.00007155
f 1202 1203 1204
f 1202 1204 1205
f 1202 1205 1206
f 1202 1206 1207
f 1202 1207 1212
f 1202 1212 1219
f 1202 1219 1227
f 1202 1227 1220
f 1202 1220 1215
f 1202 1215 1214
f 1202 1214 1213
f 1202 1213 1208
f 1202 1208 1203
f 1203 1209 1216
f 1203 1216 1222
f 1203 1222 1230
f 1203 1230 1229
f 1203 1229 1234
f 1203 1234 1237
f 1203 1237 1235
f 1203 1235 1231
f 1203 1231 1223
f 1203 1223 1217
f 1203 1217 1211
f 1203 1211 1204
f 1203 1208 1210
f 1203 1210 1209
f 1204 1211 1212
f 1204 1212 1207
f 1204 1207 1206
f 1204 1206 1205
f 1208 1213 1210
f 1209 1210 1213
f 1209 1213 1214
f 1209 1214 1215
f 1209 1215 1216
f 1211 1217 1212
f 1212 1218 1219
f 1212 1217 1218
f 1215 1220 1225
f 1215 1225 1224
f 1215 1224 1232
f 1215 1232 1236
f 1215 1236 1233
f 1215 1233 1228
f 1215 1228 1221
f 1215 1221 1222
f 1215 1222 1216
f 1217 1223 1224
f 1217 1224 1225
f 1217 1225 1220
f 1217 1220 1226
f 1217 1226 1227
f 1217 1227 1218
f 1218 1227 1219
f 1220 1227 1226
f 1221 1228 1229
f 1221 1229 1230
f 1221 1230 1222
f 1223 1231 1224
f 1224 1231 1232
f 1228 1233 1234
f 1228 1234 1229
f 1231 1235 1236
f 1231 1236 1232
f 1233 1236 1237
f 1233 1237 1234
f 1235 1237 1236

o geometry_12
v -0.00386750 0.00049152 0.00150146
v -0.00330069 0.00049152 0.00152297
v -0.00457048 0.00049152 0.00150550
v -0.00386750 0.00157723 0.00007227
v -0.00316453 0.00158661 0.00007227
v -0.00316453 0.00049152 0.00152834
v -0.00513360 0.00049152 0.00174201
v -0.00457048 0.00159177 0.00007227
v -0.00403724 0.00158052 0.00007227
v -0.00252532 0.00186191 0.00007227
v -0.00255859 0.00049152 0.00175747
v -0.00267811 0.00049152 0.00170573
v -0.00535201 0.00049152 0.00232995
v -0.00513237 0.00187082 0.00007227
v -0.00467861 0.00163820 0.00007227
v -0.00221881 0.00251334 0.00007227
v -0.00231769 0.00049152 0.00223655
v -0.00526021 0.00049152 0.00303279
v -0.00505689 0.00462239 0.00514129
v -0.00506706 0.00528273 0.00514129
v -0.00534985 0.00110684 0.00232995
v -0.00536156 0.00181032 0.00162644
v -0.00535478 0.00251334 0.00007227
v -0.00530703 0.00236889 0.00007227
v -0.00221788 0.00266060 0.00007227
v -0.00226625 0.00049152 0.00303279
v -0.00226686 0.00049152 0.00294476
v -0.00228781 0.00049152 0.00232995
v -0.00504827 0.00049152 0.00443846
v -0.00506675 0.00110684 0.00443846
v -0.00503718 0.00391937 0.00514129
v -0.00497464 0.00462239 0.00559619
v -0.00498481 0.00528273 0.00562911
v -0.00498974 0.00528273 0.00560156
v -0.00506891 0.00528273 0.00509829
v -0.00535724 0.00251334 0.00092361
v -0.00535540 0.00251334 0.00022010
v -0.00508770 0.00528273 0.00007227
v -0.00221480 0.00321589 0.00007227
v -0.00221727 0.00321589 0.00022010
v -0.00227672 0.00049152 0.00364760
v -0.00503810 0.00049152 0.00450028
v -0.00499652 0.00181032 0.00501228
v -0.00500298 0.00251334 0.00509628
v -0.00495493 0.00391937 0.00555117
v -0.00478581 0.00528273 0.00595903
v -0.00508647 0.00528273 0.00443846
v -0.00221480 0.00528273 0.00007227
v -0.00221788 0.00528273 0.00026310
v -0.00224160 0.00251334 0.00162644
v -0.00230260 0.00110684 0.00514129
v -0.00227826 0.00049152 0.00373562
v -0.00496571 0.00049152 0.00487588
v -0.00498450 0.00110684 0.00493367
v -0.00493675 0.00335002 0.00551690
v -0.00492073 0.00288150 0.00548868
v -0.00477040 0.00528273 0.00598053
v -0.00231492 0.00528273 0.00584480
v -0.00231523 0.00391937 0.00584480
v -0.00230383 0.00049152 0.00514129
v -0.00229058 0.00049152 0.00443846
v -0.00494014 0.00049152 0.00491956
v -0.00490441 0.00251334 0.00544837
v -0.00437178 0.00462239 0.00630239
v -0.00472327 0.00462239 0.00594761
v -0.00444017 0.00528273 0.00632053
v -0.00250191 0.00528273 0.00655167
v -0.00232324 0.00321589 0.00584480
v -0.00234634 0.00251334 0.00584480
v -0.00239809 0.00181032 0.00584480
v -0.00256198 0.00049152 0.00581121
v -0.00470109 0.00049152 0.00522730
v -0.00477965 0.00110684 0.00528509
v -0.00485543 0.00181032 0.00536370
v -0.00450363 0.00181032 0.00572386
v -0.00455261 0.00251334 0.00579038
v -0.00430802 0.00391937 0.00625602
v -0.00389831 0.00528273 0.00661416
v -0.00441861 0.00528273 0.00634203
v -0.00274588 0.00528273 0.00693668
v -0.00257522 0.00321589 0.00643543
v -0.00259833 0.00251334 0.00637428
v -0.00265008 0.00181032 0.00630642
v -0.00272863 0.00124190 0.00624527
v -0.00317038 0.00049152 0.00602488
v -0.00465704 0.00049152 0.00527299
v -0.00442816 0.00110684 0.00565062
v -0.00425503 0.00342552 0.00621974
v -0.00386750 0.00528273 0.00662894
v -0.00294242 0.00528273 0.00693668
v -0.00278963 0.00488315 0.00691115
v -0.00300003 0.00124190 0.00624527
v -0.00320642 0.00104727 0.00614515
v -0.00346888 0.00152189 0.00618345
v -0.00377724 0.00049152 0.00583674
v -0.00434961 0.00049152 0.00558678
v -0.00386750 0.00391937 0.00645290
v -0.00386750 0.00462239 0.00654697
v -0.00418018 0.00295700 0.00618009
v -0.00333796 0.00528273 0.00681977
v -0.00329206 0.00528273 0.00683522
v -0.00285401 0.00488315 0.00691115
v -0.00316453 0.00251334 0.00645558
v -0.00320642 0.00177796 0.00630440
v -0.00360781 0.00199088 0.00622982
v -0.00385210 0.00177796 0.00609207
v -0.00386750 0.00110684 0.00594290
v -0.00386750 0.00049152 0.00580717
v -0.00427937 0.00049152 0.00562307
v -0.00408283 0.00251334 0.00614179
v -0.00391463 0.00320135 0.00632389
v -0.00373165 0.00251334 0.00627752
v -0.00316453 0.00321589 0.00657720
v -0.00316453 0.00391937 0.00668606
v -0.00311893 0.00463833 0.00679961
f 1238 1239 1243
f 1238 1243 1249
f 1238 1249 1248
f 1238 1248 1254
f 1238 1254 1265
f 1238 1265 1264
f 1238 1264 1263
f 1238 1263 1278
f 1238 1278 1289
f 1238 1289 1298
f 1238 1298 1297
f 1238 1297 1308
f 1238 1308 1322
f 1238 1322 1332
f 1238 1332 1345
f 1238 1345 1346
f 1238 1346 1333
f 1238 1333 1323
f 1238 1323 1309
f 1238 1309 1299
f 1238 1299 1290
f 1238 1290 1279
f 1238 1279 1266
f 1238 1266 1255
f 1238 1255 1250
f 1238 1250 1244
f 1238 1244 1240
f 1238 1240 1241
f 1238 1241 1242
f 1238 1242 1239
f 1239 1242 1243
f 1240 1244 1245
f 1240 1245 1246
f 1240 1246 1241
f 1241 1246 1245
f 1241 1245 1252
f 1241 1252 1251
f 1241 1251 1261
f 1241 1261 1260
f 1241 1260 1275
f 1241 1275 1285
f 1241 1285 1276
f 1241 1276 1262
f 1241 1262 1253
f 1241 1253 1247
f 1241 1247 1242
f 1242 1247 1248
f 1242 1248 1249
f 1242 1249 1243
f 1244 1250 1251
f 1244 1251 1252
f 1244 1252 1245
f 1247 1253 1254
f 1247 1254 1248
f 1250 1255 1256
f 1250 1256 1257
f 1250 1257 1258
f 1250 1258 1259
f 1250 1259 1260
f 1250 1260 1261
f 1250 1261 1251
f 1253 1262 1263
f 1253 1263 1264
f 1253 1264 1265
f 1253 1265 1254
f 1255 1266 1267
f 1255 1267 1256
f 1256 1267 1268
f 1256 1268 1269
f 1256 1269 1270
f 1256 1270 1271
f 1256 1271 1257
f 1257 1271 1270
f 1257 1270 1283
f 1257 1283 1294
f 1257 1294 1303
f 1257 1303 1316
f 1257 1316 1315
f 1257 1315 1326
f 1257 1326 1337
f 1257 1337 1338
f 1257 1338 1327
f 1257 1327 1317
f 1257 1317 1304
f 1257 1304 1295
f 1257 1295 1286
f 1257 1286 1285
f 1257 1285 1275
f 1257 1275 1284
f 1257 1284 1272
f 1257 1272 1259
f 1257 1259 1258
f 1259 1273 1274
f 1259 1274 1260
f 1259 1272 1273
f 1260 1274 1275
f 1262 1276 1263
f 1263 1276 1277
f 1263 1277 1278
f 1266 1279 1280
f 1266 1280 1267
f 1267 1280 1268
f 1268 1280 1281
f 1268 1281 1269
f 1269 1282 1283
f 1269 1283 1270
f 1269 1281 1280
f 1269 1280 1282
f 1272 1284 1273
f 1273 1275 1274
f 1273 1284 1275
f 1276 1285 1286
f 1276 1286 1277
f 1277 1286 1287
f 1277 1287 1278
f 1278 1288 1289
f 1278 1287 1288
f 1279 1290 1291
f 1279 1291 1280
f 1280 1291 1282
f 1282 1292 1283
f 1282 1291 1292
f 1283 1292 1293
f 1283 1293 1294
f 1286 1295 1288
f 1286 1288 1287
f 1288 1295 1296
f 1288 1296 1297
f 1288 1297 1298
f 1288 1298 1289
f 1290 1299 1300
f 1290 1300 1293
f 1290 1293 1291
f 1291 1293 1292
f 1293 1300 1301
f 1293 1301 1302
f 1293 1302 1294
f 1294 1302 1303
f 1295 1304 1296
f 1296 1304 1305
f 1296 1305 1297
f 1297 1305 1306
f 1297 1306 1307
f 1297 1307 1308
f 1299 1309 1310
f 1299 1310 1311
f 1299 1311 1300
f 1300 1311 1312
f 1300 1312 1313
f 1300 1313 1314
f 1300 1314 1301
f 1301 1314 1315
f 1301 1315 1316
f 1301 1316 1303
f 1301 1303 1302
f 1304 1317 1318
f 1304 1318 1306
f 1304 1306 1305
f 1306 1318 1307
f 1307 1318 1319
f 1307 1319 1320
f 1307 1320 1308
f 1308 1320 1321
f 1308 1321 1322
f 1309 1323 1324
f 1309 1324 1310
f 1310 1324 1311
f 1311 1324 1312
f 1312 1324 1325
f 1312 1325 1314
f 1312 1314 1313
f 1314 1325 1326
f 1314 1326 1315
f 1317 1327 1339
f 1317 1339 1328
f 1317 1328 1319
f 1317 1319 1318
f 1319 1328 1320
f 1320 1328 1321
f 1321 1328 1339
f 1321 1339 1329
f 1321 1329 1322
f 1322 1330 1331
f 1322 1331 1332
f 1322 1329 1330
f 1323 1333 1324
f 1324 1333 1325
f 1325 1334 1335
f 1325 1335 1326
f 1325 1333 1336
f 1325 1336 1334
f 1326 1335 1337
f 1327 1338 1339
f 1329 1331 1330
f 1329 1339 1340
f 1329 1340 1341
f 1329 1341 1331
f 1331 1341 1340
f 1331 1340 1342
f 1331 1342 1343
f 1331 1343 1344
f 1331 1344 1345
f 1331 1345 1332
f 1333 1346 1347
f 1333 1347 1336
f 1334 1336 1348
f 1334 1348 1349
f 1334 1349 1350
f 1334 1350 1351
f 1334 1351 1338
f 1334 1338 1337
f 1334 1337 1335
f 1336 1347 1349
f 1336 1349 1348
f 1338 1351 1352
f 1338 1352 1339
f 1339 1352 1351
f 1339 1351 1350
f 1339 1350 1340
f 1340 1350 1342
f 1342 1350 1349
f 1342 1349 1347
f 1342 1347 1343
f 1343 1347 1344
f 1344 1347 1346
f 1344 1346 1345

o geometry_13
v 0.00386694 -0.00030277 0.00156196
v 0.00316431 0.00158687 0.00007155
v 0.00370184 0.00157917 0.00007155
v 0.00386694 0.00157752 0.00007155
v 0.00457019 -0.00030277 0.00156196
v 0.00316431 -0.00030277 0.00158348
v 0.00304264 0.00163305 0.00007155
v 0.00457019 0.00159182 0.00007155
v 0.00512928 -0.00030277 0.00177306
v 0.00256426 -0.00030277 0.00178717
v 0.00252514 0.00186122 0.00007155
v 0.00513205 0.00187056 0.00007155
v 0.00535383 -0.00030277 0.00232969
v 0.00535476 0.00251272 0.00007155
v 0.00228918 -0.00030277 0.00232633
v 0.00221895 0.00251272 0.00007155
v 0.00228641 0.00236812 0.00007155
v 0.00536154 0.00181009 0.00162650
v 0.00535383 -0.00029947 0.00232969
v 0.00535353 -0.00030277 0.00233306
v 0.00508862 0.00531391 0.00007155
v 0.00535507 0.00251272 0.00022012
v 0.00228826 -0.00030277 0.00232969
v 0.00221464 0.00321590 0.00007155
v 0.00226608 -0.00030277 0.00302953
v 0.00226608 -0.00030277 0.00303289
v 0.00534983 0.00110690 0.00232969
v 0.00535199 0.00040372 0.00232969
v 0.00535630 0.00251272 0.00092331
v 0.00506582 0.00531391 0.00514179
v 0.00526389 -0.00029947 0.00303289
v 0.00526358 -0.00030277 0.00303289
v 0.00221494 0.00531391 0.00007155
v 0.00508646 0.00531391 0.00443860
v 0.00221710 0.00531391 0.00020802
v 0.00226608 0.00321590 0.00303289
v 0.00227840 -0.00030277 0.00373541
v 0.00231506 0.00462227 0.00584498
v 0.00508615 0.00531391 0.00445003
v 0.00506459 0.00531391 0.00514919
v 0.00505473 0.00462227 0.00514179
v 0.00503841 0.00391909 0.00514179
v 0.00499590 0.00181009 0.00500129
v 0.00504672 0.00040372 0.00443860
v 0.00499990 -0.00030277 0.00448230
v 0.00231506 0.00531391 0.00584498
v 0.00229165 -0.00030277 0.00443860
v 0.00231536 0.00391909 0.00584498
v 0.00249033 0.00531391 0.00653607
v 0.00498358 0.00531391 0.00562313
v 0.00497218 0.00462227 0.00558885
v 0.00500267 0.00251272 0.00508666
v 0.00495585 0.00391909 0.00555255
v 0.00498450 0.00110690 0.00493272
v 0.00496417 0.00040372 0.00487087
v 0.00499713 -0.00030277 0.00449574
v 0.00232522 -0.00030277 0.00513843
v 0.00232522 -0.00029947 0.00514179
v 0.00230489 0.00040372 0.00514179
v 0.00230397 0.00110690 0.00514179
v 0.00232306 0.00321590 0.00584498
v 0.00234678 0.00251272 0.00584498
v 0.00249495 0.00531391 0.00654885
v 0.00476610 0.00531391 0.00597473
v 0.00493860 0.00335225 0.00552095
v 0.00494045 -0.00008450 0.00482246
v 0.00492012 0.00288328 0.00548734
v 0.00492443 -0.00030277 0.00478683
v 0.00232584 -0.00030277 0.00514179
v 0.00258274 -0.00030277 0.00570448
v 0.00258243 -0.00029947 0.00570515
v 0.00239915 0.00181009 0.00584498
v 0.00259845 0.00251272 0.00637473
v 0.00257473 0.00321590 0.00643389
v 0.00273645 0.00531391 0.00693406
v 0.00471990 0.00462227 0.00594044
v 0.00441463 0.00531391 0.00634448
v 0.00489887 0.00251272 0.00543826
v 0.00484835 0.00181009 0.00535288
v 0.00477904 0.00110690 0.00528431
v 0.00469217 0.00040372 0.00522246
v 0.00466137 0.00391909 0.00590414
v 0.00430959 0.00391909 0.00625910
v 0.00454740 0.00251272 0.00579053
v 0.00449688 0.00181009 0.00572196
v 0.00458867 -0.00030277 0.00514381
v 0.00316185 -0.00030277 0.00582481
v 0.00272906 0.00122731 0.00624498
v 0.00265082 0.00181009 0.00630616
v 0.00278450 0.00487023 0.00691389
v 0.00274015 0.00531391 0.00693943
v 0.00436843 0.00462227 0.00630481
v 0.00386694 0.00531391 0.00663019
v 0.00442757 0.00110690 0.00564935
v 0.00434040 0.00040372 0.00557742
v 0.00425692 0.00341603 0.00622078
v 0.00386694 0.00462227 0.00654750
v 0.00457358 -0.00030277 0.00515860
v 0.00426801 -0.00007185 0.00552498
v 0.00316431 -0.00030277 0.00582481
v 0.00299520 0.00122731 0.00624498
v 0.00285997 0.00487023 0.00691389
v 0.00294776 0.00531391 0.00693943
v 0.00329862 0.00531391 0.00683389
v 0.00418299 0.00294706 0.00618179
v 0.00386694 0.00391909 0.00645271
v 0.00420085 -0.00030277 0.00549473
v 0.00408349 0.00251272 0.00614212
v 0.00385062 0.00178260 0.00608969
v 0.00386694 0.00110690 0.00593977
v 0.00386694 0.00040372 0.00578717
v 0.00369783 -0.00030277 0.00566549
v 0.00316431 0.00040372 0.00600902
v 0.00320343 0.00178260 0.00630347
v 0.00316431 0.00251272 0.00645338
v 0.00320343 0.00103818 0.00614683
v 0.00346403 0.00152914 0.00618246
v 0.00316431 0.00321590 0.00657305
v 0.00316431 0.00391909 0.00668196
v 0.00312242 0.00463052 0.00679893
v 0.00329030 0.00531391 0.00683658
v 0.00391592 0.00319556 0.00632229
v 0.00373233 0.00251272 0.00627523
v 0.00388512 -0.00030277 0.00560902
v 0.00360542 0.00199811 0.00622818
f 1353 1354 1355
f 1353 1355 1356
f 1353 1356 1357
f 1353 1357 1361
f 1353 1361 1365
f 1353 1365 1372
f 1353 1372 1384
f 1353 1384 1397
f 1353 1397 1408
f 1353 1408 1420
f 1353 1420 1438
f 1353 1438 1450
f 1353 1450 1459
f 1353 1459 1476
f 1353 1476 1464
f 1353 1464 1452
f 1353 1452 1439
f 1353 1439 1422
f 1353 1422 1421
f 1353 1421 1409
f 1353 1409 1399
f 1353 1399 1389
f 1353 1389 1378
f 1353 1378 1377
f 1353 1377 1375
f 1353 1375 1367
f 1353 1367 1362
f 1353 1362 1358
f 1353 1358 1354
f 1354 1359 1363
f 1354 1363 1369
f 1354 1369 1368
f 1354 1368 1376
f 1354 1376 1385
f 1354 1385 1373
f 1354 1373 1366
f 1354 1366 1364
f 1354 1364 1360
f 1354 1360 1356
f 1354 1356 1355
f 1354 1358 1359
f 1356 1360 1357
f 1357 1360 1361
f 1358 1362 1359
f 1359 1362 1363
f 1360 1364 1361
f 1361 1364 1366
f 1361 1366 1365
f 1362 1367 1368
f 1362 1368 1369
f 1362 1369 1363
f 1365 1366 1370
f 1365 1370 1371
f 1365 1371 1372
f 1366 1373 1374
f 1366 1374 1370
f 1367 1375 1368
f 1368 1375 1377
f 1368 1377 1378
f 1368 1378 1376
f 1370 1379 1380
f 1370 1380 1371
f 1370 1374 1381
f 1370 1381 1382
f 1370 1382 1379
f 1371 1380 1372
f 1372 1383 1384
f 1372 1380 1382
f 1372 1382 1383
f 1373 1381 1374
f 1373 1385 1387
f 1373 1387 1398
f 1373 1398 1401
f 1373 1401 1415
f 1373 1415 1427
f 1373 1427 1443
f 1373 1443 1455
f 1373 1455 1473
f 1373 1473 1456
f 1373 1456 1445
f 1373 1445 1429
f 1373 1429 1416
f 1373 1416 1402
f 1373 1402 1392
f 1373 1392 1382
f 1373 1382 1391
f 1373 1391 1386
f 1373 1386 1381
f 1376 1387 1385
f 1376 1378 1388
f 1376 1388 1387
f 1378 1389 1390
f 1378 1390 1398
f 1378 1398 1388
f 1379 1382 1380
f 1381 1386 1391
f 1381 1391 1382
f 1382 1392 1393
f 1382 1393 1383
f 1383 1393 1394
f 1383 1394 1395
f 1383 1395 1396
f 1383 1396 1397
f 1383 1397 1384
f 1387 1388 1398
f 1389 1399 1400
f 1389 1400 1390
f 1390 1400 1401
f 1390 1401 1398
f 1392 1402 1393
f 1393 1402 1394
f 1394 1402 1403
f 1394 1403 1404
f 1394 1404 1395
f 1395 1404 1405
f 1395 1405 1406
f 1395 1406 1396
f 1396 1406 1407
f 1396 1407 1397
f 1397 1407 1408
f 1399 1409 1410
f 1399 1410 1411
f 1399 1411 1412
f 1399 1412 1400
f 1400 1413 1401
f 1400 1412 1411
f 1400 1411 1413
f 1401 1413 1414
f 1401 1414 1415
f 1402 1416 1403
f 1403 1416 1405
f 1403 1405 1404
f 1405 1416 1417
f 1405 1417 1406
f 1406 1417 1407
f 1407 1418 1408
f 1407 1417 1419
f 1407 1419 1418
f 1408 1418 1420
f 1409 1421 1410
f 1410 1421 1422
f 1410 1422 1423
f 1410 1423 1424
f 1410 1424 1414
f 1410 1414 1413
f 1410 1413 1411
f 1414 1424 1425
f 1414 1425 1426
f 1414 1426 1415
f 1415 1426 1427
f 1416 1428 1419
f 1416 1419 1417
f 1416 1429 1428
f 1418 1419 1430
f 1418 1430 1431
f 1418 1431 1432
f 1418 1432 1433
f 1418 1433 1420
f 1419 1428 1434
f 1419 1434 1435
f 1419 1435 1436
f 1419 1436 1437
f 1419 1437 1430
f 1420 1433 1438
f 1422 1439 1440
f 1422 1440 1423
f 1423 1440 1441
f 1423 1441 1425
f 1423 1425 1424
f 1425 1441 1442
f 1425 1442 1443
f 1425 1443 1426
f 1426 1443 1427
f 1428 1429 1444
f 1428 1444 1434
f 1429 1445 1444
f 1430 1437 1431
f 1431 1437 1432
f 1432 1437 1446
f 1432 1446 1433
f 1433 1446 1447
f 1433 1447 1438
f 1434 1444 1435
f 1435 1448 1437
f 1435 1437 1436
f 1435 1444 1445
f 1435 1445 1449
f 1435 1449 1448
f 1437 1448 1446
f 1438 1447 1451
f 1438 1451 1450
f 1439 1452 1453
f 1439 1453 1440
f 1440 1453 1454
f 1440 1454 1442
f 1440 1442 1441
f 1442 1454 1455
f 1442 1455 1443
f 1445 1456 1449
f 1446 1448 1447
f 1447 1448 1457
f 1447 1457 1451
f 1448 1449 1458
f 1448 1458 1457
f 1449 1456 1458
f 1450 1451 1459
f 1451 1457 1460
f 1451 1460 1461
f 1451 1461 1462
f 1451 1462 1463
f 1451 1463 1459
f 1452 1464 1465
f 1452 1465 1453
f 1453 1466 1467
f 1453 1467 1454
f 1453 1465 1468
f 1453 1468 1469
f 1453 1469 1466
f 1454 1467 1470
f 1454 1470 1471
f 1454 1471 1472
f 1454 1472 1473
f 1454 1473 1455
f 1456 1473 1472
f 1456 1472 1458
f 1457 1458 1474
f 1457 1474 1475
f 1457 1475 1460
f 1458 1472 1471
f 1458 1471 1470
f 1458 1470 1475
f 1458 1475 1474
f 1459 1463 1476
f 1460 1475 1477
f 1460 1477 1461
f 1461 1477 1469
f 1461 1469 1462
f 1462 1469 1463
f 1463 1469 1465
f 1463 1465 1476
f 1464 1476 1465
f 1465 1469 1468
f 1466 1469 1467
f 1467 1469 1477
f 1467 1477 1470
f 1470 1477 1475

o geometry_14
v -0.00536703 -0.00240922 -0.00048348
v -0.00535428 -0.00240922 0.00007208
v -0.00536330 -0.00170595 -0.00188962
v -0.00535397 -0.00240922 -0.00118635
v -0.00505497 -0.00451848 -0.00048348
v -0.00505684 -0.00451848 0.00007208
v -0.00512964 -0.00183148 0.00007208
v -0.00512933 -0.00031531 -0.00183960
v -0.00515982 -0.00031531 -0.00193964
v -0.00528583 -0.00100323 -0.00188962
v -0.00528956 -0.00100323 -0.00193964
v -0.00535614 -0.00170595 -0.00193964
v -0.00527929 -0.00240922 -0.00188962
v -0.00507768 -0.00381521 -0.00193964
v -0.00498341 -0.00448778 -0.00193964
v -0.00498683 -0.00452122 -0.00184097
v -0.00503413 -0.00451848 -0.00118635
v -0.00497252 -0.00496960 -0.00048348
v -0.00497439 -0.00497399 0.00007208
v -0.00500955 -0.00177392 0.00007208
v -0.00472580 -0.00031531 -0.00155699
v -0.00512466 -0.00031531 -0.00183251
v -0.00249034 -0.00031531 -0.00193964
v -0.00526592 -0.00245910 -0.00193964
v -0.00492679 -0.00463633 -0.00193964
v -0.00493021 -0.00488300 -0.00157412
v -0.00495168 -0.00492520 -0.00118635
v -0.00471242 -0.00532096 -0.00048348
v -0.00477464 -0.00525190 0.00007208
v -0.00457054 -0.00158810 0.00007208
v -0.00457054 -0.00031531 -0.00154813
v -0.00231300 -0.00095335 -0.00193964
v -0.00253950 -0.00031531 -0.00184137
v -0.00253577 -0.00182709 0.00007208
v -0.00230056 -0.00227986 0.00007208
v -0.00223802 -0.00240922 0.00007208
v -0.00472860 -0.00494055 -0.00193964
v -0.00454721 -0.00518722 -0.00180060
v -0.00423017 -0.00557969 -0.00155837
v -0.00464273 -0.00527656 -0.00118635
v -0.00472020 -0.00532535 0.00007208
v -0.00436084 -0.00566520 -0.00048348
v -0.00436862 -0.00567068 0.00007208
v -0.00386740 -0.00157221 0.00007208
v -0.00416328 -0.00031531 -0.00155148
v -0.00218886 -0.00165607 -0.00193964
v -0.00316456 -0.00031531 -0.00156822
v -0.00316456 -0.00158481 0.00007208
v -0.00221935 -0.00296504 0.00007208
v -0.00452045 -0.00515707 -0.00193964
v -0.00386740 -0.00551281 -0.00193964
v -0.00386740 -0.00561312 -0.00165960
v -0.00386740 -0.00572769 -0.00118635
v -0.00429115 -0.00561915 -0.00118635
v -0.00386740 -0.00582197 -0.00048348
v -0.00397100 -0.00580114 0.00007208
v -0.00386740 -0.00031531 -0.00155463
v -0.00372023 -0.00157385 0.00007208
v -0.00221873 -0.00311249 0.00007208
v -0.00221997 -0.00451848 0.00007208
v -0.00218917 -0.00170595 -0.00193964
v -0.00340039 -0.00031531 -0.00156310
v -0.00316456 -0.00559504 -0.00193964
v -0.00316456 -0.00565149 -0.00177323
v -0.00316456 -0.00580497 -0.00118635
v -0.00316456 -0.00590309 -0.00048348
v -0.00331203 -0.00589816 0.00007208
v -0.00386740 -0.00583403 0.00007208
v -0.00224175 -0.00507375 0.00007208
v -0.00222184 -0.00451848 -0.00048348
v -0.00223397 -0.00451848 -0.00118635
v -0.00224642 -0.00451848 -0.00188962
v -0.00224735 -0.00446860 -0.00193964
v -0.00269662 -0.00563066 -0.00171001
v -0.00295548 -0.00557585 -0.00193964
v -0.00259862 -0.00569644 -0.00118635
v -0.00316456 -0.00591515 0.00007208
v -0.00254946 -0.00574632 -0.00048348
v -0.00224860 -0.00522175 0.00007208
v -0.00225358 -0.00522175 -0.00048348
v -0.00224922 -0.00451848 -0.00193964
v -0.00251772 -0.00527328 -0.00193964
v -0.00251648 -0.00527821 -0.00192251
v -0.00230927 -0.00522175 -0.00118635
v -0.00254510 -0.00575181 0.00007208
v -0.00248288 -0.00564163 0.00007208
v -0.00251057 -0.00525847 -0.00193964
f 1478 1479 1480
f 1478 1480 1481
f 1478 1481 1482
f 1478 1482 1483
f 1478 1483 1479
f 1479 1484 1485
f 1479 1485 1486
f 1479 1486 1487
f 1479 1487 1488
f 1479 1488 1480
f 1479 1483 1496
f 1479 1496 1506
f 1479 1506 1518
f 1479 1518 1520
f 1479 1520 1533
f 1479 1533 1545
f 1479 1545 1544
f 1479 1544 1554
f 1479 1554 1562
f 1479 1562 1563
f 1479 1563 1556
f 1479 1556 1546
f 1479 1546 1537
f 1479 1537 1536
f 1479 1536 1526
f 1479 1526 1513
f 1479 1513 1512
f 1479 1512 1511
f 1479 1511 1525
f 1479 1525 1535
f 1479 1535 1521
f 1479 1521 1507
f 1479 1507 1497
f 1479 1497 1484
f 1480 1489 1490
f 1480 1490 1481
f 1480 1488 1489
f 1481 1490 1491
f 1481 1491 1492
f 1481 1492 1493
f 1481 1493 1494
f 1481 1494 1482
f 1482 1494 1495
f 1482 1495 1496
f 1482 1496 1483
f 1484 1497 1498
f 1484 1498 1499
f 1484 1499 1485
f 1485 1499 1498
f 1485 1498 1508
f 1485 1508 1522
f 1485 1522 1534
f 1485 1534 1539
f 1485 1539 1524
f 1485 1524 1510
f 1485 1510 1500
f 1485 1500 1486
f 1486 1500 1509
f 1486 1509 1523
f 1486 1523 1538
f 1486 1538 1550
f 1486 1550 1558
f 1486 1558 1564
f 1486 1564 1559
f 1486 1559 1552
f 1486 1552 1540
f 1486 1540 1528
f 1486 1528 1527
f 1486 1527 1514
f 1486 1514 1502
f 1486 1502 1492
f 1486 1492 1491
f 1486 1491 1501
f 1486 1501 1489
f 1486 1489 1488
f 1486 1488 1487
f 1489 1501 1490
f 1490 1501 1491
f 1492 1502 1503
f 1492 1503 1493
f 1493 1503 1504
f 1493 1504 1494
f 1494 1504 1495
f 1495 1504 1505
f 1495 1505 1506
f 1495 1506 1496
f 1497 1507 1498
f 1498 1507 1508
f 1500 1510 1511
f 1500 1511 1512
f 1500 1512 1513
f 1500 1513 1509
f 1502 1514 1503
f 1503 1514 1515
f 1503 1515 1516
f 1503 1516 1517
f 1503 1517 1505
f 1503 1505 1504
f 1505 1518 1506
f 1505 1517 1519
f 1505 1519 1520
f 1505 1520 1518
f 1507 1521 1508
f 1508 1521 1522
f 1509 1513 1523
f 1510 1524 1525
f 1510 1525 1511
f 1513 1526 1523
f 1514 1527 1515
f 1515 1527 1516
f 1516 1527 1528
f 1516 1528 1529
f 1516 1529 1530
f 1516 1530 1531
f 1516 1531 1517
f 1517 1531 1519
f 1519 1531 1532
f 1519 1532 1533
f 1519 1533 1520
f 1521 1534 1522
f 1521 1535 1534
f 1523 1526 1536
f 1523 1536 1537
f 1523 1537 1538
f 1524 1539 1535
f 1524 1535 1525
f 1528 1540 1529
f 1529 1540 1541
f 1529 1541 1542
f 1529 1542 1530
f 1530 1542 1543
f 1530 1543 1532
f 1530 1532 1531
f 1532 1543 1544
f 1532 1544 1545
f 1532 1545 1533
f 1534 1535 1539
f 1537 1546 1547
f 1537 1547 1538
f 1538 1547 1548
f 1538 1548 1549
f 1538 1549 1550
f 1540 1551 1541
f 1540 1552 1551
f 1541 1551 1542
f 1542 1551 1553
f 1542 1553 1543
f 1543 1554 1544
f 1543 1553 1555
f 1543 1555 1554
f 1546 1556 1557
f 1546 1557 1547
f 1547 1557 1548
f 1548 1557 1549
f 1549 1557 1558
f 1549 1558 1550
f 1551 1552 1559
f 1551 1559 1553
f 1553 1559 1560
f 1553 1560 1561
f 1553 1561 1555
f 1554 1555 1562
f 1555 1561 1557
f 1555 1557 1563
f 1555 1563 1562
f 1556 1563 1557
f 1557 1561 1558
f 1558 1561 1564
f 1559 1564 1561
f 1559 1561 1560

o geometry_15
v 0.00219025 -0.00170625 -0.00190009
v 0.00219056 -0.00170625 -0.00188967
v 0.00249688 0.00012658 -0.00190009
v 0.00224685 -0.00451848 -0.00190009
v 0.00224623 -0.00451848 -0.00188967
v 0.00222166 -0.00451848 -0.00048351
v 0.00221979 -0.00451848 0.00007155
v 0.00221824 -0.00311207 0.00007155
v 0.00224125 -0.00240945 0.00007155
v 0.00251430 0.00012658 -0.00186497
v 0.00515523 0.00012658 -0.00190009
v 0.00250995 -0.00527728 -0.00190009
v 0.00231029 -0.00522168 -0.00118639
v 0.00225400 -0.00522168 -0.00048351
v 0.00224840 -0.00522168 0.00007155
v 0.00253918 -0.00183518 0.00007155
v 0.00252550 0.00012658 -0.00184296
v 0.00528709 -0.00099240 -0.00190009
v 0.00513688 0.00012658 -0.00183891
v 0.00535426 -0.00240945 0.00007155
v 0.00253794 -0.00531986 -0.00190009
v 0.00259951 -0.00569600 -0.00118639
v 0.00254944 -0.00574568 -0.00048351
v 0.00254478 -0.00575219 0.00007155
v 0.00267446 -0.00177840 0.00007155
v 0.00316427 0.00012658 -0.00159400
v 0.00536266 -0.00169560 -0.00190009
v 0.00486476 0.00012658 -0.00171578
v 0.00512942 -0.00183222 0.00007155
v 0.00530699 -0.00227934 0.00007155
v 0.00536733 -0.00240945 -0.00048351
v 0.00505665 -0.00451848 0.00007155
v 0.00316427 -0.00560907 -0.00190009
v 0.00269747 -0.00563036 -0.00171366
v 0.00316427 -0.00580423 -0.00118639
v 0.00316427 -0.00590241 -0.00048351
v 0.00303459 -0.00588230 0.00007155
v 0.00316427 -0.00159802 0.00007155
v 0.00386711 0.00012658 -0.00158686
v 0.00386711 -0.00158087 0.00007155
v 0.00536297 -0.00170625 -0.00188967
v 0.00536173 -0.00170625 -0.00190009
v 0.00457026 0.00012658 -0.00158512
v 0.00457026 -0.00159270 0.00007155
v 0.00505509 -0.00451848 -0.00048351
v 0.00535395 -0.00240945 -0.00118639
v 0.00499165 -0.00487925 0.00007155
v 0.00386711 -0.00561261 -0.00165904
v 0.00316427 -0.00565046 -0.00177542
v 0.00350543 -0.00557180 -0.00190009
v 0.00386711 -0.00572735 -0.00118639
v 0.00316427 -0.00591483 0.00007155
v 0.00386711 -0.00582198 -0.00048351
v 0.00401545 -0.00158205 0.00007155
v 0.00528087 -0.00240945 -0.00188967
v 0.00528056 -0.00239881 -0.00190009
v 0.00497423 -0.00497447 0.00007155
v 0.00497237 -0.00496973 -0.00048351
v 0.00503394 -0.00451848 -0.00118639
v 0.00499103 -0.00446643 -0.00190009
v 0.00386711 -0.00552686 -0.00190009
v 0.00395605 -0.00551030 -0.00190009
v 0.00423003 -0.00558009 -0.00155849
v 0.00429099 -0.00561912 -0.00118639
v 0.00371908 -0.00585096 0.00007155
v 0.00386711 -0.00583381 0.00007155
v 0.00436065 -0.00566525 -0.00048351
v 0.00471984 -0.00532577 0.00007155
v 0.00495153 -0.00492538 -0.00118639
v 0.00471207 -0.00532104 -0.00048351
v 0.00498667 -0.00452143 -0.00184123
v 0.00498450 -0.00450133 -0.00190009
v 0.00452796 -0.00516550 -0.00190009
v 0.00454693 -0.00518679 -0.00180089
v 0.00493007 -0.00488339 -0.00157470
v 0.00464241 -0.00527668 -0.00118639
v 0.00436842 -0.00567057 0.00007155
v 0.00444244 -0.00559842 0.00007155
v 0.00488405 -0.00479645 -0.00190009
f 1565 1566 1567
f 1565 1567 1575
f 1565 1575 1582
f 1565 1582 1591
f 1565 1591 1606
f 1565 1606 1620
f 1565 1620 1624
f 1565 1624 1636
f 1565 1636 1643
f 1565 1643 1637
f 1565 1637 1626
f 1565 1626 1625
f 1565 1625 1614
f 1565 1614 1597
f 1565 1597 1585
f 1565 1585 1576
f 1565 1576 1568
f 1565 1568 1569
f 1565 1569 1570
f 1565 1570 1571
f 1565 1571 1572
f 1565 1572 1566
f 1566 1573 1567
f 1566 1572 1573
f 1567 1574 1581
f 1567 1581 1590
f 1567 1590 1603
f 1567 1603 1607
f 1567 1607 1592
f 1567 1592 1583
f 1567 1583 1575
f 1567 1573 1574
f 1568 1576 1577
f 1568 1577 1578
f 1568 1578 1569
f 1569 1578 1570
f 1570 1578 1579
f 1570 1579 1571
f 1571 1579 1588
f 1571 1588 1601
f 1571 1601 1616
f 1571 1616 1629
f 1571 1629 1630
f 1571 1630 1641
f 1571 1641 1642
f 1571 1642 1632
f 1571 1632 1621
f 1571 1621 1611
f 1571 1611 1596
f 1571 1596 1584
f 1571 1584 1594
f 1571 1594 1593
f 1571 1593 1608
f 1571 1608 1618
f 1571 1618 1604
f 1571 1604 1602
f 1571 1602 1589
f 1571 1589 1580
f 1571 1580 1573
f 1571 1573 1572
f 1573 1580 1581
f 1573 1581 1574
f 1575 1583 1584
f 1575 1584 1582
f 1576 1585 1586
f 1576 1586 1577
f 1577 1586 1587
f 1577 1587 1578
f 1578 1587 1588
f 1578 1588 1579
f 1580 1589 1581
f 1581 1589 1590
f 1582 1584 1591
f 1583 1592 1593
f 1583 1593 1594
f 1583 1594 1584
f 1584 1595 1591
f 1584 1596 1595
f 1585 1597 1598
f 1585 1598 1586
f 1586 1598 1599
f 1586 1599 1600
f 1586 1600 1587
f 1587 1600 1601
f 1587 1601 1588
f 1589 1602 1590
f 1590 1602 1604
f 1590 1604 1603
f 1591 1595 1605
f 1591 1605 1606
f 1592 1607 1593
f 1593 1607 1608
f 1595 1596 1609
f 1595 1609 1610
f 1595 1610 1605
f 1596 1611 1609
f 1597 1612 1613
f 1597 1613 1598
f 1597 1614 1612
f 1598 1613 1599
f 1599 1615 1600
f 1599 1613 1612
f 1599 1612 1615
f 1600 1616 1601
f 1600 1615 1617
f 1600 1617 1616
f 1603 1604 1607
f 1604 1618 1607
f 1605 1610 1619
f 1605 1619 1606
f 1606 1619 1620
f 1607 1618 1608
f 1609 1611 1621
f 1609 1621 1622
f 1609 1622 1623
f 1609 1623 1610
f 1610 1623 1624
f 1610 1624 1619
f 1612 1614 1625
f 1612 1625 1626
f 1612 1626 1627
f 1612 1627 1615
f 1615 1627 1628
f 1615 1628 1617
f 1616 1617 1629
f 1617 1630 1629
f 1617 1628 1631
f 1617 1631 1630
f 1619 1624 1620
f 1621 1632 1622
f 1622 1633 1623
f 1622 1632 1634
f 1622 1634 1633
f 1623 1633 1635
f 1623 1635 1624
f 1624 1635 1636
f 1626 1637 1627
f 1627 1637 1638
f 1627 1638 1639
f 1627 1639 1640
f 1627 1640 1628
f 1628 1640 1631
f 1630 1631 1641
f 1631 1640 1634
f 1631 1634 1642
f 1631 1642 1641
f 1632 1642 1634
f 1633 1639 1635
f 1633 1634 1639
f 1634 1640 1639
f 1635 1639 1636
f 1636 1639 1643
f 1637 1643 1639
f 1637 1639 1638

o geometry_16
v 0.00231524 0.00531391 0.00584498
v 0.00189507 0.01121444 -0.00164535
v 0.00188419 0.01121444 -0.00190009
v 0.00225431 0.01121444 0.00584462
v 0.00236486 0.00813791 0.00654825
v 0.00236373 0.00884117 0.00654825
v 0.00237923 0.00954443 0.00654825
v 0.00260700 0.00884117 0.00706829
v 0.00260813 0.00813791 0.00706582
v 0.00316430 0.00813791 0.00711525
v 0.00261912 0.00743564 0.00704605
v 0.00264252 0.00673239 0.00701639
v 0.00239756 0.00673239 0.00654825
v 0.00237472 0.00743564 0.00654825
v 0.00243787 0.00602913 0.00654825
v 0.00249509 0.00531391 0.00654896
v 0.00268339 0.00602913 0.00697826
v 0.00316430 0.00743564 0.00707959
v 0.00274005 0.00531391 0.00693943
v 0.00249030 0.00531391 0.00653625
v 0.00223017 0.00531391 -0.00190009
v 0.00217993 0.00531391 -0.00189850
v 0.00217964 0.00532587 -0.00190009
v 0.00515163 0.00531491 -0.00190009
v 0.00515163 0.00994885 -0.00190009
v 0.00515163 0.01006739 -0.00189797
v 0.00399646 0.01121444 -0.00190009
v 0.00515192 0.01121444 0.00218179
v 0.00340817 0.01121444 0.00667925
v 0.00489312 0.01121444 0.00592373
v 0.00515192 0.01121444 0.00572638
v 0.00515192 0.01095100 0.00578115
v 0.00475173 0.01095100 0.00608631
v 0.00482436 0.01024769 0.00611965
v 0.00447284 0.01024769 0.00636890
v 0.00440017 0.01095100 0.00630193
v 0.00386706 0.01024769 0.00669512
v 0.00386722 0.01095100 0.00656449
v 0.00434802 0.01121444 0.00627150
v 0.00467847 0.01121444 0.00606632
v 0.00388385 0.01121444 0.00649320
v 0.00408507 0.01121444 0.00640104
v 0.00317753 0.01100022 0.00682270
v 0.00317305 0.01121444 0.00677054
v 0.00295200 0.01079864 0.00694616
v 0.00344366 0.01024769 0.00687447
v 0.00353668 0.01040159 0.00680668
v 0.00351469 0.00989257 0.00689918
v 0.00309214 0.01024769 0.00699556
v 0.00266620 0.01024769 0.00699556
v 0.00316430 0.00884117 0.00711384
v 0.00323393 0.00961266 0.00702769
v 0.00357304 0.00942390 0.00692354
v 0.00362801 0.00884117 0.00694508
v 0.00364013 0.00813791 0.00694896
v 0.00262391 0.00954443 0.00704181
v 0.00252174 0.01121444 0.00659144
v 0.00242067 0.01024769 0.00654825
v 0.00273383 0.01079864 0.00694616
v 0.00360039 0.00743564 0.00693343
v 0.00399137 0.00813791 0.00680351
v 0.00395191 0.00743564 0.00678691
v 0.00355528 0.00691418 0.00691578
v 0.00322293 0.00670051 0.00700263
v 0.00349637 0.00644550 0.00689353
v 0.00342731 0.00602913 0.00687306
v 0.00307579 0.00602913 0.00697826
v 0.00294781 0.00531391 0.00693943
v 0.00386706 0.00531391 0.00663016
v 0.00329848 0.00531391 0.00683387
v 0.00330158 0.00532587 0.00683457
v 0.00386706 0.00602913 0.00670536
v 0.00382054 0.00670051 0.00678550
v 0.00441449 0.00531391 0.00634419
v 0.00445875 0.00602913 0.00638020
v 0.00449286 0.00673239 0.00640986
v 0.00484438 0.00673239 0.00604763
v 0.00481027 0.00602913 0.00601162
v 0.00476601 0.00531391 0.00597490
v 0.00498363 0.00531391 0.00562326
v 0.00515192 0.01009777 0.00583580
v 0.00486580 0.00743564 0.00607587
v 0.00451400 0.00743564 0.00643528
v 0.00487708 0.00813791 0.00609317
v 0.00515192 0.01024769 0.00583933
v 0.00452556 0.00813791 0.00645187
v 0.00451569 0.00884117 0.00644445
v 0.00515192 0.01084214 0.00579419
v 0.00515192 0.01040209 0.00582723
v 0.00515192 0.00909767 0.00553324
v 0.00515192 0.00959473 0.00571435
v 0.00506594 0.00531391 0.00514206
v 0.00508652 0.00531391 0.00443914
v 0.00515163 0.00561125 -0.00006511
v 0.00515163 0.00531391 -0.00095242
v 0.00449229 0.00954443 0.00641550
v 0.00397925 0.00884117 0.00679609
v 0.00383126 0.00961266 0.00679362
f 1645 1646 1644
f 1645 1647 1646
f 1645 1644 1647
f 1648 1647 1644
f 1649 1647 1648
f 1649 1650 1647
f 1649 1651 1650
f 1649 1648 1651
f 1652 1651 1648
f 1652 1653 1651
f 1654 1653 1652
f 1654 1655 1653
f 1654 1656 1655
f 1654 1657 1656
f 1654 1652 1657
f 1652 1648 1657
f 1657 1648 1644
f 1657 1644 1656
f 1656 1644 1658
f 1655 1656 1658
f 1655 1658 1659
f 1660 1655 1659
f 1660 1661 1655
f 1660 1662 1661
f 1660 1659 1662
f 1659 1644 1662
f 1663 1644 1659
f 1663 1658 1644
f 1663 1659 1658
f 1644 1664 1662
f 1665 1664 1644
f 1666 1664 1665
f 1666 1646 1664
f 1666 1665 1646
f 1665 1644 1646
f 1646 1667 1664
f 1668 1667 1646
f 1668 1669 1667
f 1670 1669 1668
f 1670 1671 1669
f 1670 1646 1671
f 1670 1668 1646
f 1671 1646 1672
f 1673 1671 1672
f 1674 1671 1673
f 1674 1675 1671
f 1674 1673 1675
f 1676 1675 1673
f 1676 1677 1675
f 1676 1678 1677
f 1679 1678 1676
f 1679 1680 1678
f 1679 1681 1680
f 1679 1682 1681
f 1679 1676 1682
f 1683 1682 1676
f 1683 1673 1682
f 1683 1676 1673
f 1682 1673 1672
f 1684 1682 1672
f 1685 1682 1684
f 1685 1681 1682
f 1685 1684 1681
f 1684 1686 1681
f 1684 1672 1686
f 1686 1672 1687
f 1686 1687 1688
f 1689 1686 1688
f 1689 1690 1686
f 1689 1680 1690
f 1689 1691 1680
f 1689 1692 1691
f 1689 1688 1692
f 1692 1688 1693
f 1694 1692 1693
f 1694 1695 1692
f 1694 1696 1695
f 1694 1697 1696
f 1694 1698 1697
f 1694 1653 1698
f 1694 1651 1653
f 1694 1699 1651
f 1694 1693 1699
f 1700 1699 1693
f 1701 1699 1700
f 1701 1650 1699
f 1701 1647 1650
f 1701 1700 1647
f 1700 1687 1647
f 1702 1687 1700
f 1702 1688 1687
f 1702 1693 1688
f 1702 1700 1693
f 1687 1672 1647
f 1672 1646 1647
f 1650 1651 1699
f 1703 1698 1653
f 1703 1704 1698
f 1703 1705 1704
f 1703 1706 1705
f 1703 1661 1706
f 1703 1653 1661
f 1661 1653 1655
f 1707 1706 1661
f 1707 1708 1706
f 1707 1709 1708
f 1710 1709 1707
f 1710 1711 1709
f 1710 1661 1711
f 1710 1707 1661
f 1711 1661 1662
f 1711 1662 1712
f 1713 1711 1712
f 1713 1714 1711
f 1713 1712 1714
f 1714 1712 1709
f 1714 1709 1711
f 1708 1709 1712
f 1708 1712 1715
f 1708 1715 1706
f 1716 1706 1715
f 1716 1705 1706
f 1716 1715 1705
f 1705 1715 1717
f 1718 1705 1717
f 1718 1719 1705
f 1718 1720 1719
f 1718 1721 1720
f 1718 1717 1721
f 1721 1717 1722
f 1721 1722 1723
f 1721 1723 1720
f 1724 1720 1723
f 1725 1720 1724
f 1725 1719 1720
f 1725 1726 1719
f 1725 1727 1726
f 1725 1724 1727
f 1727 1724 1728
f 1727 1728 1729
f 1727 1729 1726
f 1729 1704 1726
f 1729 1730 1704
f 1729 1728 1730
f 1728 1677 1730
f 1728 1731 1677
f 1728 1732 1731
f 1728 1724 1732
f 1724 1733 1732
f 1734 1733 1724
f 1734 1735 1733
f 1734 1723 1735
f 1734 1724 1723
f 1735 1723 1736
f 1735 1736 1733
f 1737 1733 1736
f 1738 1733 1737
f 1738 1667 1733
f 1738 1664 1667
f 1738 1736 1664
f 1738 1737 1736
f 1736 1723 1664
f 1723 1662 1664
f 1717 1662 1723
f 1712 1662 1717
f 1712 1717 1715
f 1722 1717 1723
f 1733 1667 1671
f 1733 1671 1732
f 1675 1732 1671
f 1731 1732 1675
f 1731 1675 1677
f 1671 1667 1669
f 1739 1730 1677
f 1740 1730 1739
f 1740 1704 1730
f 1740 1697 1704
f 1696 1697 1740
f 1741 1696 1740
f 1741 1691 1696
f 1741 1680 1691
f 1741 1678 1680
f 1741 1740 1678
f 1740 1739 1678
f 1739 1677 1678
f 1691 1695 1696
f 1691 1692 1695
f 1697 1698 1704
f 1719 1726 1704
f 1705 1719 1704
f 1681 1690 1680
f 1681 1686 1690

o geometry_17
v 0.00529775 0.01004887 -0.00190034
v 0.00597680 0.01001100 -0.00190034
v 0.00529775 0.01121374 -0.00324295
v 0.00529775 0.00502400 -0.00190034
v 0.00666150 0.00993806 -0.00190034
v 0.00551086 0.01121374 -0.00334813
v 0.00529775 0.01121374 -0.00409346
v 0.00529775 0.00450573 -0.00247239
v 0.00667984 0.00573302 -0.00190034
v 0.00674275 0.00990230 -0.00190034
v 0.00574212 0.01121374 -0.00352292
v 0.00535078 0.01121374 -0.00405083
v 0.00541953 0.00954463 -0.00421024
v 0.00529775 0.00976835 -0.00427456
v 0.00529775 0.00418173 -0.00294961
v 0.00704316 0.00566430 -0.00221462
v 0.00716554 0.00603248 -0.00190034
v 0.00708953 0.00962528 -0.00190034
v 0.00567075 0.01121374 -0.00369923
v 0.00714719 0.00953411 -0.00190034
v 0.00708510 0.00933424 -0.00234225
v 0.00585603 0.00954463 -0.00385864
v 0.00589474 0.00884122 -0.00388487
v 0.00544635 0.00884122 -0.00423647
v 0.00529775 0.00911683 -0.00431138
v 0.00529775 0.00407373 -0.00329592
v 0.00704316 0.00566430 -0.00229659
v 0.00716574 0.00601635 -0.00194398
v 0.00635322 0.00495597 -0.00291581
v 0.00732401 0.00659493 -0.00190034
v 0.00620766 0.00954463 -0.00346920
v 0.00728974 0.00885244 -0.00190034
v 0.00687945 0.00884122 -0.00269940
v 0.00652782 0.00884122 -0.00319629
v 0.00714437 0.00673239 -0.00243708
v 0.00624616 0.00884122 -0.00354789
v 0.00632984 0.00638384 -0.00364929
v 0.00597680 0.00602898 -0.00396331
v 0.00555159 0.00602898 -0.00430432
v 0.00529775 0.00602898 -0.00444859
v 0.00529775 0.00405059 -0.00401098
v 0.00634738 0.00496018 -0.00329592
v 0.00632883 0.00497351 -0.00364828
v 0.00696392 0.00602898 -0.00274631
v 0.00709981 0.00602898 -0.00239471
v 0.00735728 0.00673239 -0.00190034
v 0.00662259 0.00602898 -0.00329592
v 0.00633830 0.00602898 -0.00365786
v 0.00557276 0.00532626 -0.00431668
v 0.00529775 0.00532626 -0.00447684
v 0.00529775 0.00460672 -0.00437621
v 0.00597680 0.00532626 -0.00397466
v 0.00633750 0.00532626 -0.00365711
f 1742 1743 1744
f 1742 1744 1748
f 1742 1748 1755
f 1742 1755 1766
f 1742 1766 1781
f 1742 1781 1791
f 1742 1791 1792
f 1742 1792 1782
f 1742 1782 1767
f 1742 1767 1756
f 1742 1756 1749
f 1742 1749 1745
f 1742 1745 1750
f 1742 1750 1758
f 1742 1758 1771
f 1742 1771 1787
f 1742 1787 1773
f 1742 1773 1761
f 1742 1761 1759
f 1742 1759 1751
f 1742 1751 1746
f 1742 1746 1743
f 1743 1746 1744
f 1744 1747 1752
f 1744 1752 1760
f 1744 1760 1753
f 1744 1753 1748
f 1744 1746 1747
f 1745 1749 1750
f 1746 1751 1752
f 1746 1752 1747
f 1748 1753 1754
f 1748 1754 1755
f 1749 1756 1757
f 1749 1757 1750
f 1750 1757 1758
f 1751 1759 1752
f 1752 1759 1761
f 1752 1761 1762
f 1752 1762 1760
f 1753 1760 1763
f 1753 1763 1754
f 1754 1763 1764
f 1754 1764 1765
f 1754 1765 1755
f 1755 1765 1766
f 1756 1767 1757
f 1757 1768 1769
f 1757 1769 1758
f 1757 1767 1770
f 1757 1770 1768
f 1758 1769 1771
f 1760 1762 1772
f 1760 1772 1763
f 1761 1773 1762
f 1762 1774 1775
f 1762 1775 1772
f 1762 1773 1776
f 1762 1776 1774
f 1763 1772 1777
f 1763 1777 1764
f 1764 1777 1778
f 1764 1778 1779
f 1764 1779 1780
f 1764 1780 1765
f 1765 1780 1766
f 1766 1780 1781
f 1767 1782 1770
f 1768 1770 1783
f 1768 1783 1784
f 1768 1784 1785
f 1768 1785 1786
f 1768 1786 1787
f 1768 1787 1771
f 1768 1771 1769
f 1770 1782 1783
f 1772 1775 1777
f 1773 1787 1776
f 1774 1776 1788
f 1774 1788 1775
f 1775 1788 1778
f 1775 1778 1777
f 1776 1787 1785
f 1776 1785 1788
f 1778 1788 1789
f 1778 1789 1779
f 1779 1789 1790
f 1779 1790 1780
f 1780 1790 1791
f 1780 1791 1781
f 1782 1792 1784
f 1782 1784 1783
f 1784 1792 1790
f 1784 1790 1793
f 1784 1793 1794
f 1784 1794 1788
f 1784 1788 1785
f 1785 1787 1786
f 1788 1794 1789
f 1789 1794 1793
f 1789 1793 1790
f 1790 1792 1791

o geometry_18
v -0.00547296 0.00441641 -0.00332544
v -0.00547296 0.00441870 -0.00329628
v -0.00547296 0.00444777 -0.00404423
v -0.00512531 0.00321790 -0.00194000
v -0.00547296 0.00471470 -0.00267519
v -0.00547296 0.00449825 -0.00410182
v -0.00495351 0.00321790 -0.00439888
v -0.00503885 0.00321790 -0.00399903
v -0.00509021 0.00321790 -0.00329628
v -0.00547296 0.00531969 -0.00194146
v -0.00217703 0.00321790 -0.00194000
v -0.00547296 0.00533040 -0.00194000
v -0.00547296 0.00515219 -0.00436498
v -0.00461804 0.00321790 -0.00475171
v -0.00169859 0.00321790 -0.00318803
v -0.00169859 0.01103154 -0.00253558
v -0.00192285 0.01103154 -0.00211532
v -0.00202851 0.01103077 -0.00194000
v -0.00547296 0.01004642 -0.00194000
v -0.00547296 0.00532581 -0.00437008
v -0.00426742 0.00321790 -0.00508194
v -0.00169859 0.00321790 -0.00566331
v -0.00169859 0.01103154 -0.00527513
v -0.00202851 0.01103154 -0.00194000
v -0.00393861 0.01103154 -0.00194000
v -0.00547296 0.01103154 -0.00346687
v -0.00547296 0.00586273 -0.00435551
v -0.00521767 0.00532581 -0.00452354
v -0.00424747 0.00392002 -0.00506919
v -0.00386841 0.00321790 -0.00521644
v -0.00175992 0.00321790 -0.00565784
v -0.00175844 0.00462292 -0.00560098
v -0.00169859 0.00456326 -0.00560864
v -0.00169859 0.01089081 -0.00528278
v -0.00175844 0.01103154 -0.00527039
v -0.00547296 0.01103154 -0.00390463
v -0.00547296 0.00602946 -0.00434894
v -0.00520030 0.00602946 -0.00450641
v -0.00457038 0.00532581 -0.00485450
v -0.00423270 0.00438046 -0.00505971
v -0.00316644 0.00321790 -0.00541145
v -0.00386730 0.00392002 -0.00518910
v -0.00246300 0.00321790 -0.00555688
v -0.00169859 0.00462292 -0.00560609
v -0.00246152 0.00462292 -0.00550002
v -0.00246152 0.00532581 -0.00546977
v -0.00175844 0.00532581 -0.00557000
v -0.00169859 0.00532581 -0.00557547
v -0.00169859 0.01018792 -0.00532069
v -0.00175844 0.01095046 -0.00527476
v -0.00183861 0.01103154 -0.00525982
v -0.00540572 0.01103154 -0.00399138
v -0.00547296 0.00954468 -0.00416888
v -0.00547296 0.00884103 -0.00421773
v -0.00544932 0.00884103 -0.00423595
v -0.00507063 0.00954468 -0.00443059
v -0.00509797 0.00884103 -0.00444590
v -0.00500930 0.01103154 -0.00439888
v -0.00365339 0.00743448 -0.00509470
v -0.00392457 0.00461833 -0.00514172
v -0.00461804 0.01103154 -0.00457858
v -0.00457038 0.01103154 -0.00460008
v -0.00394784 0.01103154 -0.00482935
v -0.00386730 0.01103154 -0.00485851
v -0.00386730 0.01095046 -0.00486252
v -0.00395117 0.00813814 -0.00497077
v -0.00316459 0.00462292 -0.00535458
v -0.00370400 0.00673235 -0.00511147
v -0.00316459 0.00532581 -0.00532470
v -0.00316459 0.00602946 -0.00529189
v -0.00246152 0.00602946 -0.00543587
v -0.00175844 0.00602946 -0.00553501
v -0.00169859 0.00596980 -0.00554339
v -0.00169859 0.00948502 -0.00535823
v -0.00175844 0.01024757 -0.00531267
v -0.00246152 0.01103154 -0.00517744
v -0.00504957 0.01103154 -0.00436608
v -0.00542198 0.00954468 -0.00421007
v -0.00359945 0.00813814 -0.00507830
v -0.00338922 0.01103154 -0.00499009
v -0.00340548 0.01024757 -0.00502836
v -0.00347900 0.00954468 -0.00504513
v -0.00351521 0.00918827 -0.00505351
v -0.00355326 0.00871942 -0.00506445
v -0.00386730 0.01024757 -0.00489605
v -0.00316459 0.00673235 -0.00525763
v -0.00246152 0.00673235 -0.00540051
v -0.00297543 0.01095046 -0.00509033
v -0.00296620 0.01103154 -0.00508814
v -0.00175844 0.00673235 -0.00549820
v -0.00246152 0.00884103 -0.00529189
v -0.00246152 0.00954468 -0.00525544
v -0.00169859 0.00667270 -0.00550658
v -0.00169859 0.00878137 -0.00539541
v -0.00175844 0.00954468 -0.00535021
v -0.00251102 0.01103154 -0.00516906
v -0.00175844 0.00884103 -0.00538739
v -0.00246152 0.01024757 -0.00521863
v -0.00331792 0.01103154 -0.00500904
v -0.00312728 0.00954468 -0.00512714
v -0.00316459 0.00743448 -0.00522300
v -0.00305376 0.01024757 -0.00510855
v -0.00300647 0.01103154 -0.00507939
f 1795 1796 1799
f 1795 1799 1804
f 1795 1804 1806
f 1795 1806 1813
f 1795 1813 1820
f 1795 1820 1830
f 1795 1830 1847
f 1795 1847 1848
f 1795 1848 1831
f 1795 1831 1821
f 1795 1821 1814
f 1795 1814 1807
f 1795 1807 1800
f 1795 1800 1797
f 1795 1797 1798
f 1795 1798 1796
f 1796 1798 1799
f 1797 1800 1801
f 1797 1801 1802
f 1797 1802 1803
f 1797 1803 1798
f 1798 1804 1799
f 1798 1803 1802
f 1798 1802 1801
f 1798 1801 1808
f 1798 1808 1815
f 1798 1815 1824
f 1798 1824 1835
f 1798 1835 1837
f 1798 1837 1825
f 1798 1825 1816
f 1798 1816 1809
f 1798 1809 1805
f 1798 1805 1812
f 1798 1812 1818
f 1798 1818 1819
f 1798 1819 1813
f 1798 1813 1806
f 1798 1806 1804
f 1800 1807 1801
f 1801 1807 1808
f 1805 1809 1810
f 1805 1810 1811
f 1805 1811 1812
f 1807 1814 1815
f 1807 1815 1808
f 1809 1816 1827
f 1809 1827 1838
f 1809 1838 1842
f 1809 1842 1867
f 1809 1867 1887
f 1809 1887 1888
f 1809 1888 1868
f 1809 1868 1843
f 1809 1843 1828
f 1809 1828 1817
f 1809 1817 1810
f 1810 1817 1829
f 1810 1829 1845
f 1810 1845 1870
f 1810 1870 1890
f 1810 1890 1883
f 1810 1883 1897
f 1810 1897 1893
f 1810 1893 1874
f 1810 1874 1858
f 1810 1858 1857
f 1810 1857 1856
f 1810 1856 1855
f 1810 1855 1852
f 1810 1852 1871
f 1810 1871 1846
f 1810 1846 1830
f 1810 1830 1820
f 1810 1820 1819
f 1810 1819 1818
f 1810 1818 1811
f 1811 1818 1812
f 1813 1819 1820
f 1814 1821 1822
f 1814 1822 1815
f 1815 1823 1824
f 1815 1822 1823
f 1816 1825 1826
f 1816 1826 1827
f 1817 1828 1829
f 1821 1831 1832
f 1821 1832 1822
f 1822 1832 1833
f 1822 1833 1823
f 1823 1834 1824
f 1823 1833 1834
f 1824 1834 1836
f 1824 1836 1835
f 1825 1837 1839
f 1825 1839 1826
f 1826 1838 1827
f 1826 1839 1840
f 1826 1840 1841
f 1826 1841 1842
f 1826 1842 1838
f 1828 1843 1869
f 1828 1869 1844
f 1828 1844 1829
f 1829 1844 1845
f 1830 1846 1847
f 1831 1848 1849
f 1831 1849 1850
f 1831 1850 1851
f 1831 1851 1832
f 1832 1851 1833
f 1833 1851 1850
f 1833 1850 1852
f 1833 1852 1834
f 1834 1853 1854
f 1834 1854 1836
f 1834 1852 1855
f 1834 1855 1856
f 1834 1856 1857
f 1834 1857 1858
f 1834 1858 1859
f 1834 1859 1860
f 1834 1860 1853
f 1835 1836 1861
f 1835 1861 1839
f 1835 1839 1837
f 1836 1854 1862
f 1836 1862 1863
f 1836 1863 1861
f 1839 1861 1863
f 1839 1863 1840
f 1840 1863 1864
f 1840 1864 1865
f 1840 1865 1841
f 1841 1865 1866
f 1841 1866 1842
f 1842 1866 1867
f 1843 1868 1889
f 1843 1889 1869
f 1844 1869 1845
f 1845 1869 1870
f 1846 1871 1847
f 1847 1872 1848
f 1847 1871 1852
f 1847 1852 1872
f 1848 1872 1849
f 1849 1872 1852
f 1849 1852 1850
f 1853 1863 1862
f 1853 1862 1854
f 1853 1860 1873
f 1853 1873 1863
f 1858 1874 1875
f 1858 1875 1876
f 1858 1876 1877
f 1858 1877 1859
f 1859 1877 1878
f 1859 1878 1873
f 1859 1873 1879
f 1859 1879 1860
f 1860 1879 1873
f 1863 1873 1877
f 1863 1877 1864
f 1864 1880 1865
f 1864 1877 1876
f 1864 1876 1880
f 1865 1881 1866
f 1865 1880 1882
f 1865 1882 1883
f 1865 1883 1881
f 1866 1884 1887
f 1866 1887 1867
f 1866 1881 1885
f 1866 1885 1886
f 1866 1886 1892
f 1866 1892 1884
f 1868 1888 1891
f 1868 1891 1889
f 1869 1889 1870
f 1870 1889 1891
f 1870 1891 1884
f 1870 1884 1892
f 1870 1892 1890
f 1873 1878 1877
f 1874 1893 1875
f 1875 1893 1894
f 1875 1894 1895
f 1875 1895 1880
f 1875 1880 1876
f 1880 1895 1894
f 1880 1894 1896
f 1880 1896 1882
f 1881 1883 1885
f 1882 1896 1897
f 1882 1897 1883
f 1883 1890 1886
f 1883 1886 1885
f 1884 1891 1887
f 1886 1890 1892
f 1887 1891 1888
f 1893 1897 1896
f 1893 1896 1894

o geometry_19
v 0.00316431 -0.00591824 0.00022023
v 0.00254355 -0.00575387 0.00022023
v 0.00303444 -0.00588195 0.00007155
v 0.00316431 -0.00591494 0.00007155
v 0.00386703 -0.00583413 0.00007155
v 0.00386703 -0.00583688 0.00022023
v 0.00386703 -0.00577531 0.00092306
v 0.00316431 -0.00585282 0.00092306
v 0.00257364 -0.00571979 0.00092306
v 0.00224699 -0.00522173 0.00022023
v 0.00224853 -0.00522173 0.00007155
v 0.00254478 -0.00575222 0.00007155
v 0.00228168 -0.00522173 0.00092306
v 0.00436836 -0.00567086 0.00007155
v 0.00437050 -0.00567251 0.00022023
v 0.00432630 -0.00564227 0.00092306
v 0.00426428 -0.00560049 0.00137191
v 0.00380041 -0.00563128 0.00161464
v 0.00316431 -0.00569285 0.00162647
v 0.00278424 -0.00558455 0.00200717
v 0.00268447 -0.00564062 0.00162647
v 0.00239896 -0.00522173 0.00162647
v 0.00221936 -0.00451808 0.00022023
v 0.00221998 -0.00451808 0.00007155
v 0.00226572 -0.00451808 0.00232931
v 0.00224147 -0.00451808 0.00162647
v 0.00222919 -0.00451808 0.00092306
v 0.00444234 -0.00559829 0.00007155
v 0.00472202 -0.00532728 0.00022023
v 0.00467812 -0.00530089 0.00092306
v 0.00457834 -0.00521733 0.00161408
v 0.00445708 -0.00507715 0.00232931
v 0.00433182 -0.00495731 0.00282997
v 0.00399044 -0.00552738 0.00184103
v 0.00352196 -0.00557411 0.00198070
v 0.00316431 -0.00558235 0.00200210
v 0.00258162 -0.00523877 0.00227693
v 0.00316431 -0.00543283 0.00235352
v 0.00279867 -0.00487650 0.00339314
v 0.00267587 -0.00498425 0.00303214
v 0.00240264 -0.00451808 0.00303214
v 0.00221813 -0.00311188 0.00022023
v 0.00221844 -0.00311188 0.00007155
v 0.00235659 -0.00381498 0.00373555
v 0.00226603 -0.00381498 0.00303214
v 0.00227831 -0.00311188 0.00373555
v 0.00224147 -0.00240932 0.00162647
v 0.00222919 -0.00311188 0.00092306
v 0.00471987 -0.00532563 0.00007155
v 0.00497406 -0.00497435 0.00007155
v 0.00497468 -0.00497545 0.00022023
v 0.00496363 -0.00494907 0.00092306
v 0.00494306 -0.00490729 0.00138768
v 0.00489210 -0.00479954 0.00185624
v 0.00480859 -0.00469014 0.00232931
v 0.00459922 -0.00452303 0.00303947
v 0.00439783 -0.00434437 0.00360320
v 0.00416635 -0.00415086 0.00407232
v 0.00386703 -0.00482318 0.00331317
v 0.00386703 -0.00503757 0.00296118
v 0.00380041 -0.00539819 0.00226116
v 0.00317075 -0.00504307 0.00309691
v 0.00265315 -0.00447685 0.00367078
v 0.00294050 -0.00487650 0.00339314
v 0.00316431 -0.00423222 0.00415229
v 0.00274095 -0.00421463 0.00413540
v 0.00226603 -0.00030277 0.00303214
v 0.00226603 -0.00030277 0.00302877
v 0.00224116 -0.00240932 0.00007155
v 0.00262706 -0.00381498 0.00429196
v 0.00252176 -0.00317070 0.00450315
v 0.00232067 -0.00240932 0.00443839
v 0.00229151 -0.00170622 0.00443839
v 0.00229151 -0.00030277 0.00443839
v 0.00227831 -0.00030277 0.00373217
v 0.00499156 -0.00487925 0.00007155
v 0.00505726 -0.00451808 0.00022023
v 0.00504621 -0.00451808 0.00092306
v 0.00499862 -0.00454612 0.00162365
v 0.00498297 -0.00433887 0.00232931
v 0.00495165 -0.00423222 0.00278153
v 0.00486662 -0.00404806 0.00324953
v 0.00462716 -0.00386500 0.00378173
v 0.00390602 -0.00443397 0.00379693
v 0.00438739 -0.00368194 0.00422494
v 0.00391860 -0.00312947 0.00470477
v 0.00390602 -0.00387600 0.00431223
v 0.00369787 -0.00420583 0.00412582
v 0.00340929 -0.00486386 0.00337455
v 0.00317075 -0.00463737 0.00367078
v 0.00316431 -0.00381498 0.00446936
v 0.00316431 -0.00338344 0.00475601
v 0.00267986 -0.00297609 0.00488273
v 0.00228813 -0.00030277 0.00232931
v 0.00253926 -0.00183541 0.00007155
v 0.00228936 -0.00030277 0.00232649
v 0.00258469 -0.00240932 0.00499818
v 0.00240663 -0.00100312 0.00514179
v 0.00232558 -0.00030277 0.00514179
v 0.00232528 -0.00030277 0.00513841
v 0.00505665 -0.00451808 0.00007155
v 0.00535444 -0.00240932 0.00007155
v 0.00535045 -0.00240932 0.00092306
v 0.00531176 -0.00240932 0.00162647
v 0.00506555 -0.00381498 0.00232931
v 0.00499555 -0.00381443 0.00302201
v 0.00496025 -0.00357914 0.00349057
v 0.00487153 -0.00311188 0.00398728
v 0.00451971 -0.00311188 0.00435898
v 0.00418753 -0.00273146 0.00478023
v 0.00371905 -0.00290738 0.00484781
v 0.00316431 -0.00303217 0.00490300
v 0.00275446 -0.00144455 0.00552418
v 0.00267434 -0.00177824 0.00007155
v 0.00256443 -0.00030277 0.00178753
v 0.00266359 -0.00100312 0.00559739
v 0.00258285 -0.00030277 0.00570440
v 0.00530685 -0.00227904 0.00007155
v 0.00535382 -0.00030277 0.00232931
v 0.00535352 -0.00100312 0.00232931
v 0.00531545 -0.00170622 0.00232931
v 0.00507476 -0.00311188 0.00303214
v 0.00499187 -0.00311188 0.00363586
v 0.00492003 -0.00275125 0.00408133
v 0.00441625 -0.00170622 0.00494468
v 0.00431125 -0.00226310 0.00485626
v 0.00413135 -0.00054135 0.00546280
v 0.00386703 -0.00170622 0.00520712
v 0.00391860 -0.00246210 0.00494806
v 0.00341727 -0.00127853 0.00547068
v 0.00317536 -0.00168973 0.00539240
v 0.00316431 -0.00240932 0.00514573
v 0.00294849 -0.00144455 0.00552418
v 0.00316431 -0.00030277 0.00582492
v 0.00316431 -0.00159793 0.00007155
v 0.00256811 -0.00030277 0.00178584
v 0.00512941 -0.00183211 0.00007155
v 0.00535352 -0.00030277 0.00233268
v 0.00512910 -0.00030277 0.00177289
v 0.00526357 -0.00030277 0.00303214
v 0.00523379 -0.00100312 0.00303214
v 0.00500630 -0.00247364 0.00380256
v 0.00495258 -0.00228234 0.00414610
v 0.00492433 -0.00030277 0.00478699
v 0.00490622 -0.00055344 0.00474700
v 0.00486232 -0.00100312 0.00466872
v 0.00476776 -0.00170622 0.00457017
v 0.00451080 -0.00100312 0.00504774
v 0.00420104 -0.00030277 0.00549433
v 0.00388514 -0.00030442 0.00560922
v 0.00366287 -0.00080962 0.00554051
v 0.00388514 -0.00102786 0.00540423
v 0.00317536 -0.00102786 0.00560528
v 0.00388514 -0.00030277 0.00560922
v 0.00386703 -0.00158088 0.00007155
v 0.00316431 -0.00030277 0.00158310
v 0.00386703 -0.00030277 0.00156226
v 0.00457036 -0.00159243 0.00007155
v 0.00457036 -0.00030277 0.00156170
v 0.00526295 -0.00030277 0.00303552
v 0.00499985 -0.00030277 0.00448231
v 0.00499678 -0.00100312 0.00431730
v 0.00497836 -0.00170622 0.00421819
v 0.00499709 -0.00030277 0.00449527
v 0.00458847 -0.00030277 0.00514348
v 0.00457374 -0.00030277 0.00515868
v 0.00401531 -0.00158198 0.00007155
f 1898 1899 1900
f 1898 1900 1901
f 1898 1901 1902
f 1898 1902 1903
f 1898 1903 1904
f 1898 1904 1905
f 1898 1905 1906
f 1898 1906 1899
f 1899 1907 1908
f 1899 1908 1909
f 1899 1909 1900
f 1899 1906 1910
f 1899 1910 1907
f 1900 1909 1908
f 1900 1908 1921
f 1900 1921 1940
f 1900 1940 1966
f 1900 1966 1992
f 1900 1992 2011
f 1900 2011 2032
f 1900 2032 2052
f 1900 2052 2064
f 1900 2064 2055
f 1900 2055 2034
f 1900 2034 2015
f 1900 2015 1999
f 1900 1999 1998
f 1900 1998 1973
f 1900 1973 1947
f 1900 1947 1946
f 1900 1946 1925
f 1900 1925 1911
f 1900 1911 1902
f 1900 1902 1901
f 1902 1911 1903
f 1903 1911 1912
f 1903 1912 1913
f 1903 1913 1904
f 1904 1913 1914
f 1904 1914 1915
f 1904 1915 1905
f 1905 1915 1916
f 1905 1916 1917
f 1905 1917 1918
f 1905 1918 1906
f 1906 1918 1919
f 1906 1919 1910
f 1907 1920 1921
f 1907 1921 1908
f 1907 1910 1922
f 1907 1922 1923
f 1907 1923 1924
f 1907 1924 1920
f 1910 1919 1922
f 1911 1925 1912
f 1912 1925 1926
f 1912 1926 1927
f 1912 1927 1913
f 1913 1927 1914
f 1914 1927 1928
f 1914 1928 1929
f 1914 1929 1930
f 1914 1930 1931
f 1914 1931 1915
f 1915 1931 1932
f 1915 1932 1916
f 1916 1932 1933
f 1916 1933 1917
f 1917 1934 1918
f 1917 1933 1935
f 1917 1935 1936
f 1917 1936 1937
f 1917 1937 1934
f 1918 1934 1919
f 1919 1934 1938
f 1919 1938 1922
f 1920 1939 1940
f 1920 1940 1921
f 1920 1924 1939
f 1922 1938 1941
f 1922 1941 1942
f 1922 1942 1923
f 1923 1942 1943
f 1923 1943 1944
f 1923 1944 1945
f 1923 1945 1924
f 1924 1945 1939
f 1925 1946 1926
f 1926 1946 1947
f 1926 1947 1948
f 1926 1948 1949
f 1926 1949 1927
f 1927 1949 1950
f 1927 1950 1928
f 1928 1951 1929
f 1928 1950 1951
f 1929 1951 1952
f 1929 1952 1930
f 1930 1953 1954
f 1930 1954 1955
f 1930 1955 1956
f 1930 1956 1957
f 1930 1957 1958
f 1930 1958 1931
f 1930 1952 1953
f 1931 1958 1932
f 1932 1958 1935
f 1932 1935 1933
f 1934 1937 1938
f 1935 1957 1959
f 1935 1959 1936
f 1935 1958 1957
f 1936 1960 1937
f 1936 1959 1961
f 1936 1961 1962
f 1936 1962 1963
f 1936 1963 1960
f 1937 1960 1938
f 1938 1960 1941
f 1939 1945 1964
f 1939 1964 1965
f 1939 1965 1940
f 1940 1965 1966
f 1941 1943 1942
f 1941 1960 1963
f 1941 1963 1967
f 1941 1967 1968
f 1941 1968 1969
f 1941 1969 1943
f 1943 1969 1970
f 1943 1970 1971
f 1943 1971 1972
f 1943 1972 1964
f 1943 1964 1944
f 1944 1964 1945
f 1947 1973 1948
f 1948 1973 1974
f 1948 1974 1975
f 1948 1975 1949
f 1949 1975 1976
f 1949 1976 1950
f 1950 1976 1977
f 1950 1977 1978
f 1950 1978 1951
f 1951 1978 1952
f 1952 1978 1953
f 1953 1979 1954
f 1953 1978 1979
f 1954 1979 1980
f 1954 1980 1955
f 1955 1981 1956
f 1955 1980 1982
f 1955 1982 1983
f 1955 1983 1984
f 1955 1984 1985
f 1955 1985 1981
f 1956 1981 1986
f 1956 1986 1957
f 1957 1986 1959
f 1959 1986 1961
f 1961 1987 1962
f 1961 1986 1987
f 1962 1987 1985
f 1962 1985 1988
f 1962 1988 1963
f 1963 1988 1989
f 1963 1989 1990
f 1963 1990 1967
f 1964 1972 1971
f 1964 1971 1997
f 1964 1997 1996
f 1964 1996 2014
f 1964 2014 2031
f 1964 2031 2051
f 1964 2051 2046
f 1964 2046 2063
f 1964 2063 2062
f 1964 2062 2041
f 1964 2041 2061
f 1964 2061 2058
f 1964 2058 2057
f 1964 2057 2037
f 1964 2037 2035
f 1964 2035 2016
f 1964 2016 2036
f 1964 2036 2056
f 1964 2056 2054
f 1964 2054 2053
f 1964 2053 2033
f 1964 2033 2012
f 1964 2012 1993
f 1964 1993 1991
f 1964 1991 1965
f 1965 1991 1966
f 1966 1991 1993
f 1966 1993 1992
f 1967 1990 1968
f 1968 1990 1994
f 1968 1994 1969
f 1969 1994 1995
f 1969 1995 1996
f 1969 1996 1970
f 1970 1996 1997
f 1970 1997 1971
f 1973 1998 1974
f 1974 1998 1999
f 1974 1999 2000
f 1974 2000 1975
f 1975 2000 2001
f 1975 2001 2002
f 1975 2002 1976
f 1976 2002 1977
f 1977 2002 2003
f 1977 2003 1978
f 1978 2003 2004
f 1978 2004 1979
f 1979 2004 1980
f 1980 2005 1982
f 1980 2004 2005
f 1981 1985 1986
f 1982 2006 2007
f 1982 2007 1983
f 1982 2005 2006
f 1983 2007 2008
f 1983 2008 1989
f 1983 1989 1984
f 1984 1989 1988
f 1984 1988 1985
f 1985 1987 1986
f 1989 2008 2009
f 1989 2009 1990
f 1990 2009 2010
f 1990 2010 1994
f 1992 1993 2012
f 1992 2012 2011
f 1994 2010 2013
f 1994 2013 2014
f 1994 2014 1995
f 1995 2014 1996
f 1999 2015 2016
f 1999 2016 2017
f 1999 2017 2000
f 2000 2017 2018
f 2000 2018 2001
f 2001 2018 2003
f 2001 2003 2002
f 2003 2018 2019
f 2003 2019 2004
f 2004 2020 2021
f 2004 2021 2005
f 2004 2019 2020
f 2005 2021 2006
f 2006 2022 2023
f 2006 2023 2007
f 2006 2021 2022
f 2007 2023 2024
f 2007 2024 2025
f 2007 2025 2026
f 2007 2026 2008
f 2008 2026 2027
f 2008 2027 2028
f 2008 2028 2029
f 2008 2029 2009
f 2009 2029 2030
f 2009 2030 2010
f 2010 2030 2031
f 2010 2031 2013
f 2011 2012 2033
f 2011 2033 2032
f 2013 2031 2014
f 2015 2034 2016
f 2016 2035 2017
f 2016 2034 2036
f 2017 2035 2037
f 2017 2037 2038
f 2017 2038 2018
f 2018 2038 2039
f 2018 2039 2020
f 2018 2020 2019
f 2020 2039 2040
f 2020 2040 2021
f 2021 2040 2041
f 2021 2041 2042
f 2021 2042 2043
f 2021 2043 2044
f 2021 2044 2022
f 2022 2044 2045
f 2022 2045 2046
f 2022 2046 2023
f 2023 2046 2024
f 2024 2046 2047
f 2024 2047 2048
f 2024 2048 2049
f 2024 2049 2025
f 2025 2049 2048
f 2025 2048 2027
f 2025 2027 2026
f 2027 2048 2031
f 2027 2031 2050
f 2027 2050 2030
f 2027 2030 2028
f 2028 2030 2029
f 2030 2050 2031
f 2031 2048 2047
f 2031 2047 2051
f 2032 2033 2053
f 2032 2053 2054
f 2032 2054 2052
f 2034 2055 2036
f 2036 2055 2056
f 2037 2057 2038
f 2038 2057 2058
f 2038 2058 2059
f 2038 2059 2060
f 2038 2060 2039
f 2039 2060 2040
f 2040 2060 2041
f 2041 2060 2061
f 2041 2062 2042
f 2042 2062 2045
f 2042 2045 2043
f 2043 2045 2044
f 2045 2062 2063
f 2045 2063 2046
f 2046 2051 2047
f 2052 2054 2056
f 2052 2056 2064
f 2055 2064 2056
f 2058 2061 2059
f 2059 2061 2060

o geometry_20
v -0.00317035 0.00049152 0.00602510
v -0.00377725 0.00049152 0.00583689
v -0.00386750 0.00040305 0.00578794
v -0.00316452 0.00040305 0.00600587
v -0.00266353 -0.00100303 0.00559623
v -0.00258464 -0.00029967 0.00570170
v -0.00256192 0.00049152 0.00581125
v -0.00386750 0.00049152 0.00580775
v -0.00426719 -0.00008258 0.00552573
v -0.00414010 -0.00055127 0.00546746
v -0.00389052 -0.00031034 0.00560847
v -0.00316452 -0.00029967 0.00582174
v -0.00294779 -0.00144223 0.00552631
v -0.00275194 -0.00144223 0.00552631
v -0.00268195 -0.00298383 0.00488068
v -0.00258709 -0.00240910 0.00499198
v -0.00232678 -0.00029967 0.00514173
v -0.00256223 0.00040305 0.00579493
v -0.00240628 -0.00100303 0.00514173
v -0.00230406 0.00040305 0.00514173
v -0.00230375 0.00049152 0.00514173
v -0.00427946 0.00049152 0.00562304
v -0.00433841 0.00040305 0.00557759
v -0.00451645 -0.00100303 0.00505025
v -0.00441914 -0.00170638 0.00494420
v -0.00431323 -0.00226981 0.00485679
v -0.00389052 -0.00102499 0.00540569
v -0.00367165 -0.00080538 0.00554030
v -0.00419013 -0.00273788 0.00478221
v -0.00341655 -0.00127408 0.00546862
v -0.00317526 -0.00102499 0.00560381
v -0.00372169 -0.00289474 0.00483815
v -0.00316452 -0.00240910 0.00512716
v -0.00316452 -0.00302901 0.00489409
v -0.00316452 -0.00338037 0.00475832
v -0.00273598 -0.00421799 0.00413833
v -0.00262332 -0.00381518 0.00429740
v -0.00252324 -0.00317583 0.00450543
v -0.00232340 -0.00240910 0.00443842
v -0.00229393 -0.00170638 0.00443842
v -0.00227889 -0.00311183 0.00373510
v -0.00229086 -0.00029967 0.00443842
v -0.00229055 0.00040305 0.00443842
v -0.00229055 0.00049152 0.00443842
v -0.00434946 0.00049152 0.00558691
v -0.00468990 0.00040305 0.00521923
v -0.00491184 -0.00057323 0.00475948
v -0.00486794 -0.00100303 0.00468198
v -0.00477063 -0.00170638 0.00457477
v -0.00492105 -0.00275294 0.00408239
v -0.00452075 -0.00311183 0.00436150
v -0.00386750 -0.00170638 0.00520058
v -0.00438814 -0.00368216 0.00422632
v -0.00392061 -0.00312250 0.00470646
v -0.00390649 -0.00387604 0.00431197
v -0.00316452 -0.00381518 0.00447454
v -0.00235287 -0.00381518 0.00373510
v -0.00316452 -0.00423493 0.00415464
v -0.00280351 -0.00487429 0.00339015
v -0.00265309 -0.00447838 0.00366867
v -0.00226630 -0.00381518 0.00303295
v -0.00226599 -0.00029967 0.00303295
v -0.00224144 -0.00451853 0.00162633
v -0.00227827 0.00049152 0.00373510
v -0.00465705 0.00049152 0.00527284
v -0.00470125 0.00049152 0.00522739
v -0.00493947 -0.00010454 0.00481950
v -0.00495328 -0.00228487 0.00414765
v -0.00499196 -0.00311183 0.00363663
v -0.00496034 -0.00357864 0.00349095
v -0.00487224 -0.00311183 0.00398799
v -0.00462758 -0.00386475 0.00378114
v -0.00416711 -0.00415086 0.00407190
v -0.00369866 -0.00420670 0.00412551
v -0.00240628 -0.00451853 0.00303295
v -0.00226569 -0.00451853 0.00232964
v -0.00314825 -0.00463900 0.00366867
v -0.00290297 -0.00487429 0.00339015
v -0.00314825 -0.00503993 0.00309530
v -0.00316452 -0.00543082 0.00235003
v -0.00278878 -0.00558266 0.00200216
v -0.00267980 -0.00498095 0.00303295
v -0.00226630 0.00049152 0.00303295
v -0.00227674 0.00049152 0.00364712
v -0.00222916 -0.00451853 0.00092301
v -0.00224727 -0.00522126 0.00022028
v -0.00494008 0.00049152 0.00491972
v -0.00496311 0.00040305 0.00486728
v -0.00497938 -0.00170638 0.00422282
v -0.00500670 -0.00247498 0.00380328
v -0.00507485 -0.00311183 0.00303295
v -0.00531552 -0.00170638 0.00232964
v -0.00499565 -0.00381393 0.00302246
v -0.00495175 -0.00423180 0.00278123
v -0.00486671 -0.00404733 0.00324913
v -0.00439796 -0.00434473 0.00360341
v -0.00433196 -0.00495711 0.00283018
v -0.00386750 -0.00482159 0.00331090
v -0.00390649 -0.00443383 0.00379687
v -0.00337173 -0.00486237 0.00337208
v -0.00258433 -0.00523757 0.00227370
v -0.00240291 -0.00522126 0.00162633
v -0.00228257 -0.00522126 0.00092301
v -0.00386750 -0.00503679 0.00296012
v -0.00352276 -0.00557388 0.00198060
v -0.00316452 -0.00558141 0.00199867
v -0.00316452 -0.00568995 0.00162633
v -0.00316452 -0.00585058 0.00092301
v -0.00268870 -0.00563787 0.00162633
v -0.00226661 0.00049152 0.00294497
v -0.00222977 -0.00311183 0.00092301
v -0.00221841 -0.00311183 0.00022028
v -0.00221933 -0.00296438 0.00007227
v -0.00221933 -0.00451853 0.00022028
v -0.00254381 -0.00575332 0.00022028
v -0.00224850 -0.00522126 0.00007227
v -0.00224174 -0.00507381 0.00007227
v -0.00496556 0.00049152 0.00487544
v -0.00504568 0.00040305 0.00443842
v -0.00499749 -0.00100303 0.00433062
v -0.00503801 0.00049152 0.00450018
v -0.00523386 -0.00100303 0.00303295
v -0.00535328 -0.00100303 0.00232964
v -0.00535051 -0.00240910 0.00092301
v -0.00531153 -0.00240910 0.00162633
v -0.00506564 -0.00381518 0.00232964
v -0.00498306 -0.00433846 0.00232964
v -0.00494346 -0.00490692 0.00138684
v -0.00489250 -0.00479900 0.00185591
v -0.00480900 -0.00468982 0.00232964
v -0.00459934 -0.00452293 0.00303995
v -0.00445721 -0.00507695 0.00232964
v -0.00426442 -0.00560086 0.00137169
v -0.00399121 -0.00552745 0.00184076
v -0.00380119 -0.00539757 0.00226088
v -0.00257420 -0.00571819 0.00092301
v -0.00380119 -0.00563097 0.00161409
v -0.00386750 -0.00577465 0.00092301
v -0.00316452 -0.00591834 0.00022028
v -0.00228779 0.00049152 0.00232964
v -0.00223806 -0.00240910 0.00007227
v -0.00221872 -0.00311183 0.00007227
v -0.00221995 -0.00451853 0.00007227
v -0.00254504 -0.00575207 0.00007227
v -0.00248303 -0.00564164 0.00007227
v -0.00526394 -0.00029967 0.00303295
v -0.00504845 0.00049152 0.00443842
v -0.00535389 -0.00029967 0.00232964
v -0.00535450 -0.00240910 0.00007227
v -0.00505704 -0.00451853 0.00022028
v -0.00504599 -0.00451853 0.00092301
v -0.00499872 -0.00454614 0.00162341
v -0.00496372 -0.00494895 0.00092301
v -0.00467823 -0.00530032 0.00092301
v -0.00457846 -0.00521687 0.00161351
v -0.00432674 -0.00564227 0.00092301
v -0.00386750 -0.00583677 0.00022028
v -0.00386750 -0.00583363 0.00007227
v -0.00331218 -0.00589763 0.00007227
v -0.00316452 -0.00591457 0.00007227
v -0.00231787 0.00049152 0.00223641
v -0.00230068 -0.00227985 0.00007227
v -0.00255885 0.00049152 0.00175743
v -0.00526425 0.00040305 0.00303295
v -0.00526026 0.00049152 0.00303295
v -0.00535205 0.00040305 0.00232964
v -0.00505673 -0.00451853 0.00007227
v -0.00535174 0.00049152 0.00232964
v -0.00513348 0.00049152 0.00174170
v -0.00512949 -0.00183187 0.00007227
v -0.00497477 -0.00497531 0.00022028
v -0.00472213 -0.00532667 0.00022028
v -0.00437064 -0.00567238 0.00022028
v -0.00397095 -0.00580101 0.00007227
v -0.00253583 -0.00182747 0.00007227
v -0.00267827 0.00049152 0.00170557
v -0.00497446 -0.00497405 0.00007227
v -0.00457048 0.00049152 0.00150512
v -0.00500946 -0.00177414 0.00007227
v -0.00477462 -0.00525200 0.00007227
v -0.00471998 -0.00532541 0.00007227
v -0.00436849 -0.00567050 0.00007227
v -0.00316452 -0.00158528 0.00007227
v -0.00316452 0.00049152 0.00152785
v -0.00386750 0.00049152 0.00150105
v -0.00386750 -0.00157211 0.00007227
v -0.00457048 -0.00158779 0.00007227
v -0.00372015 -0.00157336 0.00007227
f 2065 2066 2067
f 2065 2067 2068
f 2065 2068 2069
f 2065 2069 2070
f 2065 2070 2071
f 2065 2071 2085
f 2065 2085 2108
f 2065 2108 2128
f 2065 2128 2148
f 2065 2148 2147
f 2065 2147 2174
f 2065 2174 2204
f 2065 2204 2225
f 2065 2225 2227
f 2065 2227 2240
f 2065 2240 2248
f 2065 2248 2249
f 2065 2249 2242
f 2065 2242 2233
f 2065 2233 2232
f 2065 2232 2229
f 2065 2229 2211
f 2065 2211 2185
f 2065 2185 2182
f 2065 2182 2151
f 2065 2151 2130
f 2065 2130 2129
f 2065 2129 2109
f 2065 2109 2086
f 2065 2086 2072
f 2065 2072 2066
f 2066 2072 2067
f 2067 2072 2073
f 2067 2073 2074
f 2067 2074 2075
f 2067 2075 2068
f 2068 2075 2076
f 2068 2076 2077
f 2068 2077 2078
f 2068 2078 2069
f 2069 2078 2079
f 2069 2079 2080
f 2069 2080 2070
f 2070 2081 2082
f 2070 2082 2071
f 2070 2080 2083
f 2070 2083 2081
f 2071 2082 2081
f 2071 2081 2084
f 2071 2084 2085
f 2072 2086 2073
f 2073 2086 2087
f 2073 2087 2088
f 2073 2088 2089
f 2073 2089 2090
f 2073 2090 2074
f 2074 2091 2092
f 2074 2092 2075
f 2074 2090 2093
f 2074 2093 2091
f 2075 2092 2076
f 2076 2092 2094
f 2076 2094 2095
f 2076 2095 2077
f 2077 2095 2094
f 2077 2094 2093
f 2077 2093 2096
f 2077 2096 2097
f 2077 2097 2098
f 2077 2098 2099
f 2077 2099 2078
f 2078 2099 2079
f 2079 2099 2100
f 2079 2100 2101
f 2079 2101 2102
f 2079 2102 2080
f 2080 2102 2103
f 2080 2103 2083
f 2081 2083 2103
f 2081 2103 2104
f 2081 2104 2084
f 2084 2104 2105
f 2084 2105 2085
f 2085 2106 2107
f 2085 2107 2108
f 2085 2105 2106
f 2086 2109 2087
f 2087 2110 2111
f 2087 2111 2088
f 2087 2109 2110
f 2088 2111 2112
f 2088 2112 2089
f 2089 2112 2113
f 2089 2113 2114
f 2089 2114 2115
f 2089 2115 2090
f 2090 2115 2093
f 2091 2093 2092
f 2092 2093 2116
f 2092 2116 2094
f 2093 2115 2117
f 2093 2117 2118
f 2093 2118 2096
f 2093 2094 2116
f 2096 2118 2099
f 2096 2099 2098
f 2096 2098 2097
f 2099 2118 2119
f 2099 2119 2120
f 2099 2120 2100
f 2100 2121 2101
f 2100 2120 2122
f 2100 2122 2123
f 2100 2123 2124
f 2100 2124 2121
f 2101 2121 2102
f 2102 2121 2103
f 2103 2121 2105
f 2103 2105 2104
f 2105 2121 2125
f 2105 2125 2107
f 2105 2107 2106
f 2107 2126 2108
f 2107 2125 2127
f 2107 2127 2126
f 2108 2126 2128
f 2109 2129 2110
f 2110 2129 2130
f 2110 2130 2111
f 2111 2130 2131
f 2111 2131 2132
f 2111 2132 2114
f 2111 2114 2112
f 2112 2114 2113
f 2114 2132 2133
f 2114 2133 2134
f 2114 2134 2135
f 2114 2135 2115
f 2115 2135 2117
f 2117 2136 2137
f 2117 2137 2118
f 2117 2135 2136
f 2118 2137 2119
f 2119 2137 2138
f 2119 2138 2120
f 2120 2138 2122
f 2121 2124 2139
f 2121 2139 2140
f 2121 2140 2125
f 2122 2141 2142
f 2122 2142 2123
f 2122 2138 2141
f 2123 2142 2143
f 2123 2143 2144
f 2123 2144 2145
f 2123 2145 2146
f 2123 2146 2124
f 2124 2146 2139
f 2125 2140 2127
f 2126 2147 2148
f 2126 2148 2128
f 2126 2127 2149
f 2126 2149 2147
f 2127 2140 2150
f 2127 2150 2149
f 2130 2151 2131
f 2131 2151 2152
f 2131 2152 2153
f 2131 2153 2132
f 2132 2154 2133
f 2132 2153 2154
f 2133 2155 2134
f 2133 2154 2156
f 2133 2156 2155
f 2134 2157 2158
f 2134 2158 2159
f 2134 2159 2136
f 2134 2136 2135
f 2134 2155 2157
f 2136 2159 2160
f 2136 2160 2137
f 2137 2160 2161
f 2137 2161 2162
f 2137 2162 2163
f 2137 2163 2138
f 2138 2163 2164
f 2138 2164 2141
f 2139 2146 2165
f 2139 2165 2166
f 2139 2166 2140
f 2140 2166 2167
f 2140 2167 2150
f 2141 2164 2142
f 2142 2164 2143
f 2143 2164 2168
f 2143 2168 2144
f 2144 2169 2170
f 2144 2170 2145
f 2144 2168 2169
f 2145 2165 2146
f 2145 2170 2171
f 2145 2171 2172
f 2145 2172 2173
f 2145 2173 2165
f 2147 2149 2175
f 2147 2175 2176
f 2147 2176 2177
f 2147 2177 2174
f 2149 2150 2178
f 2149 2178 2176
f 2149 2176 2175
f 2150 2167 2179
f 2150 2179 2180
f 2150 2180 2181
f 2150 2181 2178
f 2151 2182 2152
f 2152 2183 2184
f 2152 2184 2153
f 2152 2182 2185
f 2152 2185 2183
f 2153 2184 2186
f 2153 2186 2154
f 2154 2186 2156
f 2155 2156 2157
f 2156 2186 2187
f 2156 2187 2188
f 2156 2188 2189
f 2156 2189 2157
f 2157 2189 2190
f 2157 2190 2191
f 2157 2191 2158
f 2158 2191 2192
f 2158 2192 2193
f 2158 2193 2194
f 2158 2194 2195
f 2158 2195 2159
f 2159 2195 2160
f 2160 2195 2161
f 2161 2196 2197
f 2161 2197 2198
f 2161 2198 2199
f 2161 2199 2168
f 2161 2168 2162
f 2161 2195 2194
f 2161 2194 2196
f 2162 2168 2164
f 2162 2164 2163
f 2165 2173 2166
f 2166 2173 2200
f 2166 2200 2167
f 2167 2200 2179
f 2168 2199 2169
f 2169 2199 2198
f 2169 2198 2201
f 2169 2201 2171
f 2169 2171 2170
f 2171 2201 2172
f 2172 2202 2203
f 2172 2203 2200
f 2172 2200 2173
f 2172 2201 2202
f 2174 2177 2205
f 2174 2205 2204
f 2176 2178 2206
f 2176 2206 2177
f 2177 2206 2207
f 2177 2207 2181
f 2177 2181 2180
f 2177 2180 2209
f 2177 2209 2208
f 2177 2208 2224
f 2177 2224 2223
f 2177 2223 2222
f 2177 2222 2238
f 2177 2238 2246
f 2177 2246 2245
f 2177 2245 2244
f 2177 2244 2241
f 2177 2241 2231
f 2177 2231 2213
f 2177 2213 2234
f 2177 2234 2243
f 2177 2243 2251
f 2177 2251 2250
f 2177 2250 2252
f 2177 2252 2247
f 2177 2247 2239
f 2177 2239 2226
f 2177 2226 2205
f 2178 2181 2207
f 2178 2207 2206
f 2179 2203 2208
f 2179 2208 2209
f 2179 2209 2180
f 2179 2200 2203
f 2183 2185 2210
f 2183 2210 2186
f 2183 2186 2184
f 2185 2211 2210
f 2186 2210 2187
f 2187 2210 2212
f 2187 2212 2213
f 2187 2213 2188
f 2188 2213 2214
f 2188 2214 2215
f 2188 2215 2189
f 2189 2215 2190
f 2190 2215 2216
f 2190 2216 2191
f 2191 2216 2192
f 2192 2216 2217
f 2192 2217 2218
f 2192 2218 2197
f 2192 2197 2219
f 2192 2219 2193
f 2193 2219 2196
f 2193 2196 2194
f 2196 2219 2197
f 2197 2218 2220
f 2197 2220 2202
f 2197 2202 2201
f 2197 2201 2198
f 2202 2221 2203
f 2202 2220 2221
f 2203 2221 2222
f 2203 2222 2223
f 2203 2223 2224
f 2203 2224 2208
f 2204 2205 2225
f 2205 2226 2227
f 2205 2227 2225
f 2210 2211 2228
f 2210 2228 2212
f 2211 2229 2228
f 2212 2228 2230
f 2212 2230 2213
f 2213 2231 2214
f 2213 2230 2232
f 2213 2232 2233
f 2213 2233 2234
f 2214 2231 2235
f 2214 2235 2215
f 2215 2235 2217
f 2215 2217 2216
f 2217 2235 2236
f 2217 2236 2218
f 2218 2236 2237
f 2218 2237 2220
f 2220 2237 2221
f 2221 2237 2238
f 2221 2238 2222
f 2226 2239 2227
f 2227 2239 2240
f 2228 2229 2232
f 2228 2232 2230
f 2231 2241 2235
f 2233 2242 2234
f 2234 2242 2243
f 2235 2241 2244
f 2235 2244 2236
f 2236 2244 2245
f 2236 2245 2237
f 2237 2245 2246
f 2237 2246 2238
f 2239 2247 2248
f 2239 2248 2240
f 2242 2249 2250
f 2242 2250 2251
f 2242 2251 2243
f 2247 2252 2249
f 2247 2249 2248
f 2249 2252 2250

