# https://github.com/mikedh/trimesh

o geometry_0
v 0.00078330 0.03316975 0.01255709
v 0.00000125 0.03277906 0.01252522
v 0.00078330 0.03395335 0.01253948
v 0.00078330 0.03140942 0.01233529
v 0.00215244 0.03277906 0.01231474
v 0.00195675 0.03434515 0.01233739
v 0.00117469 0.03512764 0.01232732
v 0.00000125 0.03512764 0.01238854
v 0.00318558 0.03446835 0.01198771
v 0.00230309 0.03587794 0.01195417
v 0.00000125 0.03016632 0.01205479
v 0.00223478 0.03147546 0.01211852
v 0.00142947 0.03030728 0.01200532
v 0.00333927 0.03246772 0.01186591
v 0.00000125 0.03661048 0.01193069
v 0.00247257 0.03030395 0.01176130
v 0.00394252 0.03595341 0.01119947
v 0.00320921 0.03676143 0.01121959
v 0.00391889 0.03041938 0.01118437
v 0.00130984 0.02814627 0.01115083
v 0.00245448 0.02879003 0.01121792
v 0.00000125 0.02866016 0.01146026
v 0.00441810 0.03277906 0.01125817
v 0.00453072 0.03434515 0.01119695
v 0.00117469 0.03764936 0.01129506
v 0.00310139 0.02926840 0.01117515
v 0.00471386 0.02998762 0.01041710
v 0.00471165 0.03634077 0.01041542
v 0.00387237 0.03744069 0.01036930
v 0.00000125 0.03791019 0.01120450
v 0.00401194 0.02871455 0.01046657
v 0.00252685 0.01893621 0.00653040
v 0.00352233 0.01893621 0.00623187
v 0.00540656 0.03277906 0.01030641
v 0.00554835 0.03473694 0.01011354
v 0.00552139 0.03600003 0.00967498
v 0.00220229 0.03846848 0.01040368
v 0.00470316 0.01893621 0.00570694
v 0.00559820 0.01893621 0.00503106
v 0.00545788 0.02990493 0.00959112
v 0.00000125 0.01893621 0.00676855
v 0.00156572 0.01893621 0.00667547
v 0.00557752 0.03841520 0.00742598
v 0.00468543 0.03746289 0.00960454
v 0.00078330 0.03917882 0.01014792
v 0.00631231 0.01893621 0.00420928
v 0.00623920 0.02900535 0.00800122
v 0.00633668 0.03687908 0.00741423
v 0.00622738 0.03530300 0.00875089
v 0.00468913 0.03981591 0.00725826
v 0.00393661 0.03984477 0.00806998
v 0.00277831 0.04062171 0.00806747
v 0.00000125 0.03982923 0.00962131
v 0.00000125 0.01893621 -0.00454354
v 0.00627391 0.03266585 0.00885822
v 0.00634425 0.03402993 0.00877563
v 0.00629163 0.03775758 0.00637107
v 0.00555389 0.03915218 0.00662599
v 0.00705411 0.03483129 0.00649770
v 0.00361648 0.04066944 0.00732451
v 0.00237916 0.04139865 0.00728510
v 0.00156572 0.04093027 0.00818612
v 0.00000125 0.04131208 0.00794085
v 0.00727086 0.01893621 0.00218166
v 0.00000125 0.02064991 -0.00433223
v 0.00672327 0.03669261 0.00609267
v 0.00483608 0.03995798 0.00632579
v 0.00398535 0.04065057 0.00643313
v 0.00660659 0.02984666 0.00726749
v 0.00709362 0.03277906 0.00623439
v 0.00635588 0.03765824 0.00556103
v 0.00706630 0.03520755 0.00487174
v 0.00542982 0.03900345 0.00576396
v 0.00161631 0.04139643 0.00647673
v 0.00000125 0.04161175 0.00687588
v 0.00000125 0.04156736 0.00754840
v 0.00748132 0.01893621 0.00139845
v 0.00156572 0.02133501 -0.00414334
v 0.00182677 0.01893621 -0.00446053
v 0.00632265 0.03678806 0.00484994
v 0.00723393 0.03395335 0.00531114
v 0.00551549 0.03673257 0.00411201
v 0.00726052 0.03238837 0.00531114
v 0.00374350 0.03989138 0.00564992
v 0.00000125 0.04143194 0.00644151
v 0.00117469 0.04055734 0.00573377
v 0.00754557 0.01893621 0.00061692
v 0.00000125 0.02362892 -0.00375363
v 0.00313019 0.01893621 -0.00425760
v 0.00623329 0.03353380 0.00259087
v 0.00700426 0.03165305 0.00266467
v 0.00730852 0.03199657 0.00452793
v 0.00479694 0.03833085 0.00487174
v 0.00000125 0.04057731 0.00572036
v 0.00273954 0.04004233 0.00555265
v 0.00202339 0.02972513 -0.00139184
v 0.00000125 0.02981336 -0.00145431
v 0.00751160 0.01893621 -0.00016629
v 0.00310961 0.02189413 -0.00377627
v 0.00377175 0.02057444 -0.00385719
v 0.00705670 0.02972235 0.00176070
v 0.00733141 0.02965132 0.00296487
v 0.00455066 0.02981891 -0.00066775
v 0.00300317 0.02959138 -0.00131343
v 0.00554207 0.03049485 0.00017416
v 0.00000125 0.02926063 -0.00175284
v 0.00722544 0.01893621 -0.00123545
v 0.00219527 0.02329817 -0.00366642
v 0.00465682 0.01893621 -0.00379262
v 0.00637471 0.03030728 0.00086764
v 0.00468691 0.02807524 -0.00133691
v 0.00171342 0.02812851 -0.00214109
v 0.00078330 0.02643479 -0.00287650
v 0.00235700 0.02574442 -0.00290836
v 0.00373390 0.02380373 -0.00310878
v 0.00447977 0.02276985 -0.00310710
v 0.00466919 0.01982081 -0.00367983
v 0.00723652 0.02162886 -0.00049501
v 0.00695331 0.02182420 -0.00115327
v 0.00548890 0.02654356 -0.00134865
v 0.00469577 0.02573776 -0.00212348
v 0.00398831 0.02661459 -0.00215534
v 0.00693115 0.01893621 -0.00191216
v 0.00000125 0.02647474 -0.00288992
v 0.00633215 0.02558487 -0.00084720
v 0.00563697 0.02331704 -0.00224674
v 0.00584153 0.02025922 -0.00286602
v 0.00618972 0.01893621 -0.00283960
v 0.00626357 0.02183530 -0.00212683
f 1 3 2
f 2 8 15
f 2 15 30
f 2 30 53
f 2 53 63
f 2 63 76
f 2 76 75
f 2 75 85
f 2 85 94
f 2 94 97
f 2 97 106
f 2 106 124
f 2 124 88
f 2 88 65
f 2 65 54
f 2 54 41
f 2 41 22
f 2 22 11
f 2 4 1
f 1 5 6
f 1 6 3
f 3 6 7
f 3 7 8
f 3 8 2
f 1 4 5
f 6 9 10
f 6 10 7
f 2 11 4
f 5 4 12
f 4 11 13
f 5 14 9
f 5 9 6
f 7 10 15
f 7 15 8
f 5 12 14
f 4 13 12
f 12 13 16
f 10 9 17
f 10 17 18
f 12 16 14
f 14 16 19
f 13 20 21
f 13 21 16
f 11 22 20
f 11 20 13
f 14 23 24
f 14 24 9
f 9 24 17
f 10 25 15
f 14 19 23
f 16 26 19
f 23 19 27
f 10 18 25
f 15 25 30
f 19 31 27
f 21 32 33
f 21 26 16
f 23 27 34
f 23 34 24
f 24 35 28
f 24 28 17
f 17 28 18
f 18 28 29
f 29 37 18
f 18 37 25
f 19 26 31
f 31 38 39
f 22 41 42
f 22 42 20
f 20 42 32
f 20 32 21
f 32 42 41
f 32 41 54
f 32 54 79
f 32 79 89
f 32 89 109
f 32 109 128
f 32 128 123
f 32 123 107
f 32 107 98
f 32 98 87
f 32 87 77
f 32 77 64
f 32 64 46
f 32 46 39
f 32 39 38
f 32 38 33
f 33 38 26
f 33 26 21
f 31 26 38
f 27 40 34
f 34 35 24
f 28 35 36
f 36 43 44
f 36 44 28
f 28 44 29
f 37 45 25
f 30 25 45
f 31 39 27
f 27 39 40
f 36 48 43
f 36 35 49
f 44 43 50
f 44 50 51
f 44 51 29
f 29 51 52
f 29 52 37
f 45 53 30
f 40 39 46
f 46 47 40
f 34 40 55
f 40 47 55
f 34 55 56
f 34 56 35
f 35 56 49
f 36 49 48
f 48 57 58
f 48 58 43
f 49 56 59
f 49 59 48
f 51 60 52
f 52 60 61
f 37 52 62
f 37 62 45
f 52 61 62
f 53 45 62
f 53 62 63
f 47 46 64
f 57 48 66
f 48 59 66
f 58 67 50
f 58 50 43
f 50 67 60
f 50 60 51
f 61 60 68
f 47 69 55
f 56 55 70
f 66 71 57
f 66 72 71
f 59 72 66
f 57 71 58
f 58 73 67
f 58 71 73
f 67 68 60
f 59 56 70
f 61 75 76
f 61 74 75
f 61 76 62
f 62 76 63
f 64 77 70
f 64 70 69
f 64 69 47
f 65 78 54
f 54 78 79
f 55 69 70
f 71 80 73
f 71 72 80
f 59 81 72
f 67 73 68
f 70 83 59
f 59 83 81
f 68 74 61
f 68 73 84
f 75 74 85
f 77 87 83
f 77 83 70
f 65 88 78
f 79 78 89
f 80 82 73
f 82 93 73
f 73 93 84
f 83 92 81
f 68 84 74
f 85 74 94
f 86 74 95
f 86 95 96
f 86 94 74
f 86 96 97
f 86 97 94
f 87 92 83
f 78 99 89
f 80 90 82
f 80 72 90
f 91 72 101
f 72 91 90
f 92 102 81
f 81 102 72
f 93 82 103
f 93 103 104
f 82 90 105
f 82 105 103
f 84 95 74
f 84 93 104
f 84 104 96
f 84 96 95
f 96 106 97
f 87 102 92
f 88 108 78
f 78 108 99
f 99 100 89
f 100 109 89
f 91 110 90
f 91 101 110
f 102 87 98
f 102 101 72
f 105 90 110
f 103 111 104
f 96 104 112
f 96 112 106
f 88 124 113
f 108 88 113
f 108 113 114
f 100 116 117
f 100 117 109
f 101 118 119
f 110 120 105
f 105 111 103
f 111 121 122
f 112 104 114
f 112 114 113
f 107 118 98
f 108 114 122
f 108 122 115
f 108 115 99
f 99 116 100
f 99 115 116
f 101 102 98
f 101 98 118
f 101 119 125
f 101 125 110
f 111 122 104
f 110 125 120
f 105 120 111
f 111 120 121
f 122 121 115
f 114 104 122
f 112 113 106
f 116 126 117
f 117 126 127
f 117 127 109
f 109 127 128
f 118 107 119
f 120 126 121
f 116 121 126
f 116 115 121
f 113 124 106
f 123 129 119
f 123 119 107
f 126 129 127
f 119 129 125
f 125 129 126
f 125 126 120
f 123 128 129
f 129 128 127

o geometry_1
v 0.00000125 0.03277864 0.01256003
v 0.00000125 0.03551921 0.01230229
v -0.00078291 0.03434554 0.01249229
v -0.00078291 0.03277864 0.01252699
v 0.00000125 0.03069027 0.01218994
v -0.00195712 0.03434554 0.01233863
v -0.00117407 0.03582630 0.01214450
v -0.00195712 0.03277864 0.01236837
v -0.00142896 0.03030767 0.01200572
v -0.00230310 0.03588002 0.01195367
v 0.00000125 0.03661178 0.01193054
v -0.00320057 0.03354841 0.01199498
v -0.00223405 0.03147626 0.01211807
v -0.00329184 0.03525468 0.01175541
v -0.00117407 0.03764963 0.01129445
v -0.00326851 0.03191208 0.01182769
v -0.00247242 0.03030564 0.01176119
v -0.00393055 0.03356209 0.01161373
v -0.00421005 0.03473677 0.01138366
v -0.00320883 0.03676179 0.01121844
v -0.00391843 0.03042118 0.01118375
v -0.00245149 0.02879144 0.01121514
v -0.00104570 0.02860242 0.01138263
v -0.00409876 0.03573610 0.01116888
v -0.00458468 0.03238742 0.01109122
v -0.00322646 0.02952928 0.01122836
v 0.00000125 0.02826846 0.01129279
v -0.00464125 0.03356209 0.01113666
v -0.00471140 0.03634016 0.01041547
v -0.00387215 0.03744085 0.01036921
v -0.00117407 0.03862261 0.01057285
v -0.00220026 0.03846805 0.01040308
v -0.00488402 0.03121477 0.01058648
v -0.00467063 0.02971374 0.01037748
v -0.00397444 0.02780680 0.01005117
v -0.00221092 0.02718196 0.01046835
v -0.00078291 0.02699446 0.01057822
v -0.00542099 0.03434554 0.01032626
v -0.00553816 0.03641719 0.00931759
v 0.00000125 0.03941924 0.00999582
v -0.00550951 0.03029551 0.00965712
v -0.00471837 0.02804143 0.00963564
v -0.00298626 0.02739886 0.01034774
v -0.00315337 0.02090420 0.00660137
v -0.00157294 0.02090420 0.00692686
v -0.00625510 0.03508744 0.00881780
v -0.00568727 0.03473677 0.00991486
v -0.00468605 0.03746314 0.00960425
v -0.00277617 0.04062027 0.00806770
v -0.00393826 0.03984695 0.00807101
v -0.00087914 0.03977702 0.00956625
v -0.00554330 0.03277864 0.01010899
v -0.00629660 0.02978368 0.00812470
v -0.00548600 0.02806373 0.00884258
v -0.00453216 0.02090420 0.00602352
v 0.00000125 0.02090420 0.00701690
v -0.00623233 0.03741044 0.00717056
v -0.00633664 0.03688746 0.00741343
v -0.00558003 0.03841788 0.00742665
v -0.00469266 0.03982060 0.00726308
v -0.00237730 0.04139967 0.00728291
v -0.00389492 0.04059291 0.00722012
v 0.00000125 0.04131048 0.00794048
v -0.00156559 0.04092889 0.00818501
v -0.00627346 0.03266513 0.00885910
v -0.00623857 0.02801356 0.00761335
v -0.00545937 0.02090420 0.00538412
v -0.00634141 0.02090420 0.00439404
v -0.00624821 0.03403085 0.00899417
v -0.00555285 0.03914965 0.00662698
v -0.00398895 0.04065169 0.00643037
v -0.00483591 0.03996047 0.00632298
v 0.00000125 0.02090420 -0.00428744
v -0.00703815 0.03508339 0.00643533
v -0.00706753 0.03425838 0.00655263
v -0.00635280 0.03765166 0.00556462
v -0.00672008 0.03669287 0.00609332
v 0.00000125 0.04156792 0.00754891
v -0.00160085 0.04139359 0.00647994
v -0.00669290 0.02925969 0.00687647
v -0.00714981 0.02090420 0.00280214
v -0.00706607 0.03520704 0.00487235
v -0.00542577 0.03899965 0.00576949
v -0.00352249 0.03993209 0.00562079
v 0.00000125 0.04161251 0.00687647
v -0.00723502 0.03395433 0.00531018
v -0.00730113 0.02964989 0.00452869
v -0.00713530 0.03062794 0.00557990
v -0.00551465 0.03673341 0.00411399
v -0.00479550 0.03833275 0.00487235
v 0.00000125 0.04143210 0.00644029
v -0.00117407 0.04055642 0.00573480
v -0.00735402 0.02090420 0.00218092
v -0.00248390 0.02296900 -0.00368336
v -0.00084507 0.02302297 -0.00386427
v -0.00725632 0.03316986 0.00452869
v -0.00624114 0.03471345 0.00337050
v -0.00234828 0.04027567 0.00566375
v -0.00221936 0.02971273 -0.00138370
v -0.00300315 0.02959212 -0.00131183
v -0.00454942 0.02981814 -0.00066747
v 0.00000125 0.04057669 0.00571993
v -0.00748918 0.02090420 0.00139943
v -0.00325676 0.02090420 -0.00393304
v -0.00750167 0.02090420 0.00061628
v -0.00632856 0.03058132 0.00092690
v -0.00705578 0.02971780 0.00176126
v -0.00730921 0.03004212 0.00296406
v -0.00554036 0.03049821 0.00017680
v -0.00225242 0.02805156 -0.00210984
v -0.00393165 0.02888671 -0.00134818
v 0.00000125 0.02981510 -0.00145392
v -0.00379575 0.02166029 -0.00365465
v 0.00000125 0.02647452 -0.00288968
v -0.00468532 0.02807386 -0.00133496
v -0.00078291 0.02820157 -0.00219287
v -0.00237950 0.02576303 -0.00291446
v -0.00078291 0.02643500 -0.00287646
v -0.00739883 0.02090420 -0.00016686
v -0.00628228 0.02893941 0.00019993
v -0.00702199 0.02090420 -0.00129035
v -0.00550363 0.02657790 -0.00135974
v -0.00398821 0.02661236 -0.00215610
v -0.00465520 0.02332652 -0.00288803
v -0.00475363 0.02090420 -0.00340351
v -0.00373331 0.02380287 -0.00311066
v -0.00644021 0.02299814 -0.00155801
v -0.00555909 0.02233124 -0.00258155
v -0.00636382 0.02090420 -0.00224202
f 130 131 132
f 130 132 133
f 130 134 156
f 130 156 185
f 130 185 202
f 130 202 243
f 130 243 241
f 130 241 231
f 130 231 220
f 130 220 214
f 130 214 207
f 130 207 192
f 130 192 169
f 130 169 140
f 130 140 131
f 133 138 134
f 133 134 130
f 132 135 133
f 132 131 136
f 132 136 135
f 133 135 137
f 133 137 138
f 135 136 139
f 131 140 136
f 137 135 141
f 137 142 138
f 135 139 143
f 135 143 141
f 136 140 144
f 136 144 139
f 137 145 142
f 137 141 145
f 142 146 138
f 141 143 148
f 141 148 147
f 139 149 143
f 141 147 145
f 145 150 146
f 145 146 142
f 138 146 151
f 138 151 152
f 138 152 134
f 148 143 153
f 143 149 153
f 139 144 149
f 147 154 145
f 145 154 150
f 150 155 146
f 152 156 134
f 147 148 157
f 144 160 161
f 144 161 149
f 149 161 159
f 147 157 154
f 154 162 150
f 150 162 163
f 150 163 164
f 146 155 151
f 151 165 152
f 152 165 166
f 152 166 156
f 157 148 167
f 148 153 158
f 148 158 167
f 153 149 158
f 149 159 158
f 144 140 169
f 144 169 160
f 163 162 170
f 164 155 150
f 164 172 155
f 155 172 151
f 151 172 165
f 165 172 173
f 165 173 174
f 165 174 166
f 168 175 176
f 168 176 158
f 168 158 177
f 158 176 167
f 158 159 177
f 159 178 179
f 160 169 180
f 160 180 161
f 161 178 159
f 157 167 181
f 157 181 154
f 154 181 162
f 163 170 183
f 163 183 171
f 163 171 164
f 172 184 173
f 173 184 196
f 173 196 197
f 173 197 210
f 173 210 222
f 173 222 232
f 173 232 234
f 173 234 248
f 173 248 250
f 173 250 258
f 173 258 254
f 173 254 233
f 173 233 202
f 173 202 185
f 173 185 174
f 174 185 166
f 168 186 187
f 168 188 186
f 177 159 179
f 177 179 189
f 177 189 168
f 178 190 191
f 178 191 179
f 180 169 192
f 180 192 193
f 180 193 161
f 161 193 178
f 178 193 190
f 181 170 162
f 182 170 194
f 170 182 195
f 170 195 183
f 171 183 196
f 183 197 196
f 171 196 164
f 164 196 184
f 172 164 184
f 166 185 156
f 176 198 167
f 167 198 181
f 175 168 187
f 175 198 176
f 186 188 199
f 168 189 188
f 191 200 201
f 191 201 189
f 191 189 179
f 191 190 200
f 189 199 188
f 189 201 199
f 181 198 194
f 181 194 170
f 195 197 183
f 175 203 204
f 175 204 198
f 175 187 203
f 186 205 206
f 186 199 205
f 186 206 187
f 187 206 203
f 192 207 193
f 193 207 190
f 190 208 200
f 182 210 195
f 198 204 194
f 206 205 211
f 206 211 203
f 199 201 212
f 199 212 205
f 200 213 212
f 200 212 201
f 207 214 190
f 190 214 208
f 182 194 209
f 209 210 182
f 195 210 197
f 194 204 209
f 203 211 215
f 203 215 204
f 204 215 216
f 204 216 217
f 213 219 212
f 214 220 208
f 209 217 222
f 209 222 210
f 202 223 224
f 204 217 209
f 215 211 225
f 212 218 205
f 205 218 226
f 205 226 211
f 212 219 218
f 200 208 227
f 200 227 213
f 213 227 228
f 213 228 229
f 213 229 219
f 219 229 230
f 219 230 218
f 220 231 221
f 220 221 208
f 221 227 208
f 217 216 222
f 223 202 233
f 215 232 216
f 211 235 236
f 211 236 237
f 218 238 226
f 218 230 238
f 229 239 240
f 221 231 241
f 221 241 228
f 221 228 227
f 222 216 232
f 233 242 223
f 224 243 202
f 211 237 225
f 225 237 215
f 215 237 234
f 215 234 232
f 226 238 235
f 226 235 211
f 230 229 240
f 230 240 244
f 228 241 245
f 228 245 239
f 228 239 229
f 224 223 246
f 224 246 247
f 237 248 234
f 235 249 236
f 237 236 248
f 238 230 244
f 238 244 251
f 238 249 235
f 244 252 253
f 239 245 247
f 239 252 240
f 233 254 242
f 242 255 223
f 223 255 246
f 224 247 243
f 249 256 236
f 236 250 248
f 249 238 251
f 244 253 251
f 240 252 244
f 245 241 243
f 246 252 239
f 254 253 242
f 236 256 250
f 252 255 253
f 252 246 255
f 253 255 242
f 245 243 247
f 239 247 246
f 253 254 257
f 249 251 256
f 256 258 250
f 251 253 257
f 257 254 258
f 251 258 256
f 251 257 258

o geometry_2
v -0.00171216 -0.00057562 -0.00486298
v -0.00171216 -0.00056740 -0.00408047
v -0.00171216 -0.00037883 -0.00340453
v 0.00000125 -0.00012739 -0.00365448
v 0.00000125 -0.00021904 -0.00408047
v 0.00000125 -0.00025898 -0.00486298
v 0.00000125 -0.00016734 -0.00540772
v 0.00000125 0.00108336 -0.00585973
v 0.00000125 0.00030028 -0.00572078
v -0.00039138 0.00108336 -0.00586056
v -0.00039138 0.00186585 -0.00581932
v -0.00117379 0.00108336 -0.00582347
v -0.00171216 0.00030028 -0.00571662
v -0.00171216 -0.00036531 -0.00546197
v -0.00171216 0.00108336 -0.00577420
v -0.00117379 0.00186585 -0.00578167
v -0.00039138 0.00343084 -0.00572963
v 0.00000125 0.00264776 -0.00577669
v 0.00000125 0.00343084 -0.00573046
v -0.00039134 0.00890903 -0.00539071
v 0.00000125 0.00890903 -0.00539101
v 0.00000125 0.01047781 -0.00528391
v 0.00000125 0.00969194 -0.00534004
v -0.00039134 0.00969194 -0.00534004
v -0.00117385 0.00890903 -0.00535399
v -0.00104332 0.01029284 -0.00526965
v -0.00156510 0.01008314 -0.00525418
v -0.00117385 0.00812661 -0.00540284
v -0.00117379 0.00343084 -0.00569171
v -0.00171216 0.00542526 -0.00552148
v -0.00170616 0.00956434 -0.00527177
v -0.00170616 0.01022410 -0.00522808
v -0.00128365 0.01047781 -0.00524204
v -0.00052572 0.01047781 -0.00527875
v -0.00170616 0.01047781 -0.00520381
v -0.00170616 0.01047781 -0.00250780
v -0.00171216 0.00542349 -0.00303307
v -0.00171216 0.00318587 -0.00565628
v -0.00171216 0.00043480 -0.00322572
v -0.00170616 0.00983338 -0.00253723
v 0.00000125 0.00108336 -0.00348536
v -0.00171216 0.00030028 -0.00323818
v 0.00000125 0.00030028 -0.00356425
v 0.00000125 0.01047781 -0.00290070
v -0.00040104 0.01047781 -0.00528391
f 260 261 259
f 260 262 261
f 263 262 260
f 263 264 262
f 263 260 264
f 264 260 259
f 264 259 265
f 264 265 262
f 265 266 262
f 267 266 265
f 268 266 267
f 268 269 266
f 268 270 269
f 268 271 270
f 268 267 271
f 267 272 271
f 267 265 272
f 265 259 272
f 272 259 273
f 271 272 273
f 270 271 273
f 270 273 274
f 269 270 274
f 269 274 275
f 276 269 275
f 276 266 269
f 276 277 266
f 276 275 277
f 278 277 275
f 279 277 278
f 279 280 277
f 281 280 279
f 281 282 280
f 281 279 282
f 279 278 282
f 283 282 278
f 283 284 282
f 283 285 284
f 283 286 285
f 283 278 286
f 278 275 286
f 286 275 287
f 286 287 285
f 285 287 288
f 285 288 289
f 290 285 289
f 291 285 290
f 291 284 285
f 291 292 284
f 291 293 292
f 291 290 293
f 290 288 293
f 290 289 288
f 288 294 293
f 288 295 294
f 288 273 295
f 296 273 288
f 296 274 273
f 296 287 274
f 296 288 287
f 274 287 275
f 295 273 259
f 261 295 259
f 297 295 261
f 297 294 295
f 297 298 294
f 297 299 298
f 300 299 297
f 300 301 299
f 300 262 301
f 300 261 262
f 300 297 261
f 301 262 299
f 299 262 302
f 298 299 302
f 298 302 294
f 294 302 293
f 280 293 302
f 292 293 280
f 303 292 280
f 303 282 292
f 303 280 282
f 282 284 292
f 280 302 266
f 277 280 266
f 262 266 302

o geometry_3
v 0.00039534 0.01121193 -0.00523089
v 0.00117902 0.01121193 -0.00519441
v 0.00000125 0.01121193 -0.00522959
v 0.00000125 0.01121949 -0.00522959
v 0.00039159 0.01204061 -0.00517096
v 0.00117452 0.01282317 -0.00507976
v 0.00195746 0.01121193 -0.00512796
v 0.00195746 0.01282317 -0.00501722
v 0.00000125 0.01121193 -0.00248835
v 0.00000125 0.01282317 -0.00511102
v 0.00039159 0.01282317 -0.00511363
v 0.00117452 0.01360573 -0.00501982
v 0.00195746 0.01360573 -0.00495859
v 0.00200241 0.01121193 -0.00512145
v 0.00273964 0.01360573 -0.00484785
v 0.00273964 0.01282317 -0.00490387
v 0.00192075 0.01121193 0.00687665
v 0.00000125 0.01157410 0.00687665
v 0.00000125 0.01360573 -0.00504849
v 0.00039159 0.01360573 -0.00505240
v 0.00117452 0.01438829 -0.00495207
v 0.00195746 0.01438829 -0.00489214
v 0.00273964 0.01595265 -0.00465763
v 0.00273964 0.01125805 -0.00500680
v 0.00273964 0.01121193 -0.00500940
v 0.00324312 0.01673597 -0.00449607
v 0.00339296 0.01595265 -0.00452864
v 0.00352258 0.01360573 -0.00468629
v 0.00352258 0.01282317 -0.00474101
v 0.00206010 0.01121193 0.00740822
v 0.00000125 0.01161190 0.00743037
v 0.00000125 0.01399587 -0.00501722
v 0.00000125 0.01477843 -0.00495077
v 0.00039159 0.01438829 -0.00498465
v 0.00039159 0.01517009 -0.00491429
v 0.00039159 0.01595265 -0.00484263
v 0.00039159 0.01673597 -0.00476837
v 0.00117452 0.01517009 -0.00487781
v 0.00195746 0.01673597 -0.00467978
v 0.00195746 0.01595265 -0.00475274
v 0.00195746 0.01517009 -0.00482309
v 0.00273964 0.01673597 -0.00458857
v 0.00315096 0.01716467 -0.00447523
v 0.00352258 0.01125805 -0.00483873
v 0.00352258 0.01121193 -0.00484133
v 0.00363496 0.01673597 -0.00440748
v 0.00378405 0.01595265 -0.00444135
v 0.00387096 0.01543850 -0.00446089
v 0.00394289 0.01491755 -0.00448174
v 0.00408224 0.01360573 -0.00453385
v 0.00273964 0.01121193 0.00762971
v 0.00000125 0.01190678 0.00782123
v 0.00000125 0.01556023 -0.00488172
v 0.00000125 0.01595265 -0.00484654
v 0.00000125 0.01634279 -0.00481137
v 0.00117452 0.01595265 -0.00480224
v 0.00000125 0.01673597 -0.00477358
v 0.00000125 0.01712611 -0.00473450
v 0.00039159 0.01751852 -0.00468890
v 0.00132062 0.01893620 -0.00449477
v 0.00171246 0.01882657 -0.00448435
v 0.00195746 0.01751852 -0.00459900
v 0.00223392 0.01860428 -0.00446089
v 0.00246243 0.01808257 -0.00449086
v 0.00272990 0.01746257 -0.00451561
v 0.00298464 0.01768638 -0.00444526
v 0.00288724 0.01893620 -0.00430976
v 0.00352258 0.01893620 -0.00417426
v 0.00352258 0.01830108 -0.00425244
v 0.00345589 0.01746257 -0.00436969
v 0.00415267 0.01282317 -0.00455991
v 0.00426580 0.01125805 -0.00460812
v 0.00427254 0.01121193 -0.00460812
v 0.00430401 0.01751852 -0.00412475
v 0.00430401 0.01673597 -0.00420814
v 0.00430401 0.01595265 -0.00427328
v 0.00447408 0.01360573 -0.00438924
v 0.00352258 0.01121193 0.00756066
v 0.00093253 0.01238010 0.00805965
v 0.00039159 0.01230297 0.00807789
v 0.00000125 0.01229844 0.00807920
v 0.00000125 0.01751852 -0.00469411
v 0.00043504 0.01893620 -0.00453776
v 0.00117452 0.01893620 -0.00450259
v 0.00122397 0.01893620 -0.00449998
v 0.00160383 0.01893620 -0.00447913
v 0.00181960 0.01893620 -0.00446220
v 0.00204961 0.01893620 -0.00444265
v 0.00273814 0.01893620 -0.00434103
v 0.00272990 0.01832603 -0.00441529
v 0.00367017 0.01893620 -0.00413127
v 0.00430401 0.01830108 -0.00402834
v 0.00454451 0.01282317 -0.00441529
v 0.00460145 0.01204061 -0.00443614
v 0.00465989 0.01121193 -0.00445699
v 0.00481348 0.01893620 -0.00374953
v 0.00489889 0.01830108 -0.00379252
v 0.00498730 0.01751852 -0.00383943
v 0.00508694 0.01595265 -0.00393063
v 0.00352258 0.01125805 0.00755935
v 0.00273964 0.01204061 0.00774175
v 0.00403055 0.01121193 0.00732875
v 0.00093253 0.01246478 0.00805965
v 0.00039159 0.01251544 0.00807789
v 0.00000125 0.01251846 0.00807920
v 0.00000125 0.01830108 -0.00461072
v 0.00023950 0.01893620 -0.00454037
v 0.00430401 0.01893620 -0.00394496
v 0.00508694 0.01360573 -0.00410000
v 0.00508694 0.01282317 -0.00415602
v 0.00508694 0.01204061 -0.00420162
v 0.00508320 0.01121193 -0.00423941
v 0.00488765 0.01893620 -0.00370914
v 0.00528998 0.01830108 -0.00358016
v 0.00537839 0.01751852 -0.00363097
v 0.00543983 0.01689474 -0.00366615
v 0.00514239 0.01667472 -0.00384333
v 0.00548253 0.01637228 -0.00369090
v 0.00399458 0.01204061 0.00731051
v 0.00352258 0.01204061 0.00752027
v 0.00195746 0.01282317 0.00781732
v 0.00273964 0.01282317 0.00763101
v 0.00439916 0.01121193 0.00711638
v 0.00195746 0.01893620 0.00663041
v 0.00180911 0.01893620 0.00664735
v 0.00117452 0.01893620 0.00671900
v 0.00039159 0.01893620 0.00676851
v 0.00000125 0.01893620 0.00676851
v 0.00000125 0.01893620 -0.00454297
v 0.00550651 0.01595265 -0.00370653
v 0.00563762 0.01360573 -0.00379122
v 0.00567733 0.01282317 -0.00382119
v 0.00567208 0.01204061 -0.00384594
v 0.00563313 0.01121193 -0.00385897
v 0.00520457 0.01893620 -0.00353195
v 0.00581069 0.01893620 -0.00313197
v 0.00586988 0.01751852 -0.00328962
v 0.00579421 0.01667472 -0.00344075
v 0.00589760 0.01595265 -0.00342902
v 0.00442014 0.01125805 0.00710205
v 0.00438568 0.01204061 0.00707990
v 0.00395562 0.01249805 0.00729096
v 0.00352258 0.01893620 0.00623303
v 0.00341619 0.01893620 0.00626821
v 0.00252686 0.01893620 0.00653009
v 0.00241148 0.01893620 0.00655224
v 0.00291796 0.01893620 0.00642977
v 0.00284453 0.01893620 0.00644931
v 0.00442164 0.01121193 0.00710335
v 0.00602871 0.01360573 -0.00351241
v 0.00606917 0.01282317 -0.00353716
v 0.00647974 0.01282317 -0.00314630
v 0.00687083 0.01282317 -0.00263949
v 0.00709635 0.01231961 -0.00221736
v 0.00719600 0.01217822 -0.00173139
v 0.00730613 0.01207993 -0.00094967
v 0.00695400 0.01121193 0.00296414
v 0.00590209 0.01893620 -0.00306292
v 0.00627596 0.01800394 -0.00292091
v 0.00592907 0.01827916 -0.00314109
v 0.00631117 0.01751852 -0.00295608
v 0.00635687 0.01673597 -0.00300299
v 0.00497906 0.01125805 0.00671119
v 0.00495508 0.01204061 0.00668773
v 0.00470260 0.01893620 0.00570668
v 0.00462543 0.01893620 0.00574446
v 0.00430401 0.01893620 0.00590080
v 0.00415641 0.01893620 0.00596464
v 0.00494834 0.01121193 0.00673464
v 0.00638759 0.01595265 -0.00303686
v 0.00645951 0.01360573 -0.00312155
v 0.00677943 0.01595265 -0.00252874
v 0.00685061 0.01360573 -0.00260822
v 0.00704390 0.01635565 -0.00212355
v 0.00711283 0.01282317 -0.00224863
v 0.00733385 0.01282317 -0.00173139
v 0.00755787 0.01282317 -0.00094967
v 0.00765527 0.01282317 -0.00016665
v 0.00735408 0.01206631 -0.00016665
v 0.00695550 0.01121193 0.00297457
v 0.00618979 0.01893620 -0.00283882
v 0.00622950 0.01852564 -0.00287661
v 0.00652919 0.01893620 -0.00245969
v 0.00652544 0.01827916 -0.00257434
v 0.00666555 0.01751852 -0.00251441
v 0.00679891 0.01666414 -0.00243624
v 0.00498056 0.01121193 0.00671119
v 0.00534917 0.01121193 0.00640632
v 0.00537015 0.01125805 0.00638677
v 0.00534617 0.01204061 0.00636593
v 0.00559791 0.01893620 0.00503179
v 0.00550501 0.01893620 0.00510475
v 0.00509444 0.01893620 0.00542265
v 0.00502026 0.01893620 0.00547737
v 0.00702892 0.01687736 -0.00209098
v 0.00716753 0.01666414 -0.00179132
v 0.00722297 0.01595265 -0.00173139
v 0.00744474 0.01673597 -0.00094967
v 0.00747171 0.01595265 -0.00094967
v 0.00749418 0.01517009 -0.00094967
v 0.00751591 0.01438829 -0.00094967
v 0.00753764 0.01360573 -0.00094967
v 0.00756012 0.01751852 -0.00016665
v 0.00757735 0.01673597 -0.00016665
v 0.00755862 0.01830108 0.00061638
v 0.00757285 0.01751852 0.00061638
v 0.00764852 0.01282317 0.00061638
v 0.00734959 0.01206631 0.00061638
v 0.00695699 0.01121193 0.00372371
v 0.00695699 0.01121193 0.00371329
v 0.00661385 0.01893620 -0.00234895
v 0.00697123 0.01830108 -0.00197893
v 0.00700719 0.01751852 -0.00204538
v 0.00537165 0.01121193 0.00638677
v 0.00571254 0.01121193 0.00601936
v 0.00571854 0.01204061 0.00597376
v 0.00567283 0.01282317 0.00590862
v 0.00591558 0.01893620 0.00468393
v 0.00717502 0.01751852 -0.00165452
v 0.00740952 0.01751852 -0.00094967
v 0.00751217 0.01893620 -0.00016665
v 0.00753614 0.01830108 -0.00016665
v 0.00754513 0.01893620 0.00061638
v 0.00748070 0.01893620 0.00139940
v 0.00756611 0.01282317 0.00139940
v 0.00744024 0.01282317 0.00217982
v 0.00725818 0.01282317 0.00296284
v 0.00709710 0.01282317 0.00349962
v 0.00670825 0.01121193 0.00452758
v 0.00693152 0.01893620 -0.00191249
v 0.00712182 0.01893620 -0.00152163
v 0.00714805 0.01830108 -0.00158807
v 0.00573277 0.01121193 0.00599591
v 0.00611038 0.01204061 0.00549301
v 0.00606393 0.01282317 0.00546304
v 0.00598900 0.01893620 0.00460185
v 0.00732936 0.01893620 -0.00094967
v 0.00736832 0.01830108 -0.00094967
v 0.00727092 0.01893620 0.00217982
v 0.00723421 0.01360573 0.00296284
v 0.00742451 0.01360573 0.00217982
v 0.00694651 0.01282317 0.00389048
v 0.00708136 0.01360573 0.00344229
v 0.00665656 0.01282317 0.00452758
v 0.00638010 0.01204061 0.00510084
v 0.00639358 0.01121193 0.00512039
v 0.00610139 0.01121193 0.00553991
v 0.00612386 0.01121193 0.00551125
v 0.00636212 0.01282317 0.00507218
v 0.00631192 0.01893620 0.00420968
v 0.00625198 0.01893620 0.00428395
v 0.00691504 0.01893620 0.00303710
v 0.00684986 0.01893620 0.00317651
v 0.00657489 0.01893620 0.00374586
v 0.00652694 0.01893620 0.00383185
f 304 305 310
f 304 310 317
f 304 317 328
f 304 328 348
f 304 348 376
f 304 376 398
f 304 398 415
f 304 415 437
f 304 437 460
f 304 460 483
f 304 483 513
f 304 513 512
f 304 512 532
f 304 532 549
f 304 549 551
f 304 551 550
f 304 550 536
f 304 536 518
f 304 518 517
f 304 517 491
f 304 491 490
f 304 490 472
f 304 472 452
f 304 452 426
f 304 426 405
f 304 405 381
f 304 381 354
f 304 354 333
f 304 333 320
f 304 320 312
f 304 312 306
f 304 306 307
f 304 307 308
f 304 308 309
f 304 309 305
f 305 309 311
f 305 311 310
f 306 312 321
f 306 321 334
f 306 334 355
f 306 355 384
f 306 384 408
f 306 408 431
f 306 431 432
f 306 432 409
f 306 409 385
f 306 385 361
f 306 361 360
f 306 360 358
f 306 358 357
f 306 357 356
f 306 356 336
f 306 336 335
f 306 335 322
f 306 322 313
f 306 313 307
f 307 313 314
f 307 314 308
f 308 314 309
f 309 315 316
f 309 316 311
f 309 314 315
f 310 311 319
f 310 319 317
f 311 316 318
f 311 318 319
f 312 320 321
f 313 322 323
f 313 323 314
f 314 323 315
f 315 323 337
f 315 337 324
f 315 324 325
f 315 325 316
f 316 325 326
f 316 326 318
f 317 319 327
f 317 327 328
f 318 326 329
f 318 329 330
f 318 330 331
f 318 331 319
f 319 331 332
f 319 332 327
f 320 333 321
f 321 333 334
f 322 335 323
f 323 335 336
f 323 336 337
f 324 337 338
f 324 338 339
f 324 339 340
f 324 340 341
f 324 341 342
f 324 342 343
f 324 343 344
f 324 344 325
f 325 344 345
f 325 345 326
f 326 345 346
f 326 346 329
f 327 332 347
f 327 347 348
f 327 348 328
f 329 346 349
f 329 349 350
f 329 350 330
f 330 350 331
f 331 350 351
f 331 351 352
f 331 352 332
f 332 352 353
f 332 353 347
f 333 354 334
f 334 354 355
f 336 356 337
f 337 356 357
f 337 357 338
f 338 357 358
f 338 358 339
f 339 358 340
f 340 359 341
f 340 358 360
f 340 360 361
f 340 361 362
f 340 362 363
f 340 363 364
f 340 364 342
f 340 342 359
f 341 359 342
f 342 365 366
f 342 366 367
f 342 367 345
f 342 345 343
f 342 364 365
f 343 345 344
f 345 367 368
f 345 368 346
f 346 368 369
f 346 369 370
f 346 370 371
f 346 371 372
f 346 372 373
f 346 373 349
f 347 353 374
f 347 374 348
f 348 374 375
f 348 375 376
f 349 373 372
f 349 372 377
f 349 377 378
f 349 378 350
f 350 378 351
f 351 378 352
f 352 378 379
f 352 379 353
f 353 379 380
f 353 380 396
f 353 396 374
f 354 381 382
f 354 382 383
f 354 383 384
f 354 384 355
f 361 385 362
f 362 385 386
f 362 386 387
f 362 387 388
f 362 388 363
f 363 388 387
f 363 387 386
f 363 386 410
f 363 410 432
f 363 432 431
f 363 431 430
f 363 430 429
f 363 429 428
f 363 428 427
f 363 427 449
f 363 449 448
f 363 448 451
f 363 451 450
f 363 450 447
f 363 447 446
f 363 446 471
f 363 471 470
f 363 470 469
f 363 469 468
f 363 468 497
f 363 497 496
f 363 496 495
f 363 495 494
f 363 494 521
f 363 521 539
f 363 539 554
f 363 554 553
f 363 553 558
f 363 558 557
f 363 557 556
f 363 556 555
f 363 555 542
f 363 542 527
f 363 527 526
f 363 526 524
f 363 524 540
f 363 540 534
f 363 534 533
f 363 533 514
f 363 514 486
f 363 486 484
f 363 484 461
f 363 461 439
f 363 439 438
f 363 438 416
f 363 416 399
f 363 399 411
f 363 411 394
f 363 394 371
f 363 371 370
f 363 370 392
f 363 392 391
f 363 391 390
f 363 390 389
f 363 389 364
f 364 389 390
f 364 390 391
f 364 391 366
f 364 366 365
f 366 391 392
f 366 392 367
f 367 392 393
f 367 393 369
f 367 369 368
f 369 393 392
f 369 392 370
f 371 394 395
f 371 395 377
f 371 377 372
f 374 396 375
f 375 396 376
f 376 396 397
f 376 397 398
f 377 395 399
f 377 399 400
f 377 400 401
f 377 401 378
f 378 401 402
f 378 402 379
f 379 402 380
f 380 402 396
f 381 403 404
f 381 404 382
f 381 405 403
f 382 406 407
f 382 407 383
f 382 404 406
f 383 407 408
f 383 408 384
f 385 409 410
f 385 410 386
f 394 411 395
f 395 411 399
f 396 402 412
f 396 412 413
f 396 413 397
f 397 413 398
f 398 413 414
f 398 414 415
f 399 416 417
f 399 417 400
f 400 417 418
f 400 418 401
f 401 418 419
f 401 419 420
f 401 420 402
f 402 420 421
f 402 421 412
f 403 405 422
f 403 422 423
f 403 423 404
f 404 424 406
f 404 423 425
f 404 425 424
f 405 426 422
f 406 424 427
f 406 427 428
f 406 428 429
f 406 429 430
f 406 430 407
f 407 430 408
f 408 430 431
f 409 432 410
f 412 421 413
f 413 421 433
f 413 433 434
f 413 434 435
f 413 435 414
f 414 435 415
f 415 435 436
f 415 436 437
f 416 438 417
f 417 438 439
f 417 439 418
f 418 439 440
f 418 440 419
f 419 440 441
f 419 441 421
f 419 421 420
f 421 441 442
f 421 442 433
f 422 426 443
f 422 443 444
f 422 444 445
f 422 445 423
f 423 445 446
f 423 446 447
f 423 447 425
f 424 425 448
f 424 448 449
f 424 449 427
f 425 447 450
f 425 450 451
f 425 451 448
f 426 452 443
f 433 442 434
f 434 442 453
f 434 453 435
f 435 453 454
f 435 454 436
f 436 454 437
f 437 454 455
f 437 455 456
f 437 456 457
f 437 457 458
f 437 458 459
f 437 459 460
f 439 461 462
f 439 462 463
f 439 463 440
f 440 463 462
f 440 462 464
f 440 464 441
f 441 464 465
f 441 465 442
f 442 465 453
f 443 452 466
f 443 466 467
f 443 467 444
f 444 467 468
f 444 468 445
f 445 468 469
f 445 469 470
f 445 470 471
f 445 471 446
f 452 472 466
f 453 465 473
f 453 473 454
f 454 473 474
f 454 474 455
f 455 474 456
f 456 474 475
f 456 475 476
f 456 476 477
f 456 477 478
f 456 478 457
f 457 478 479
f 457 479 480
f 457 480 458
f 458 480 459
f 459 480 481
f 459 481 482
f 459 482 483
f 459 483 460
f 461 484 485
f 461 485 462
f 462 485 486
f 462 486 487
f 462 487 464
f 464 487 488
f 464 488 465
f 465 488 489
f 465 489 475
f 465 475 473
f 466 490 491
f 466 491 492
f 466 492 493
f 466 493 467
f 466 472 490
f 467 493 494
f 467 494 495
f 467 495 496
f 467 496 497
f 467 497 468
f 473 475 474
f 475 489 477
f 475 477 476
f 477 498 499
f 477 499 500
f 477 500 479
f 477 479 478
f 477 489 498
f 479 500 501
f 479 501 502
f 479 502 503
f 479 503 504
f 479 504 505
f 479 505 480
f 480 505 506
f 480 506 507
f 480 507 481
f 481 507 508
f 481 508 509
f 481 509 510
f 481 510 511
f 481 511 482
f 482 511 512
f 482 512 513
f 482 513 483
f 484 486 485
f 486 514 487
f 487 514 488
f 488 514 515
f 488 515 516
f 488 516 489
f 489 516 498
f 491 517 492
f 492 517 518
f 492 518 519
f 492 519 493
f 493 519 520
f 493 520 494
f 494 520 521
f 498 516 522
f 498 522 499
f 499 522 500
f 500 522 523
f 500 523 501
f 501 523 524
f 501 524 525
f 501 525 502
f 502 525 506
f 502 506 503
f 503 506 504
f 504 506 505
f 506 525 526
f 506 526 507
f 507 526 508
f 508 526 527
f 508 527 509
f 509 527 510
f 510 527 528
f 510 528 512
f 510 512 511
f 512 528 529
f 512 529 530
f 512 530 531
f 512 531 532
f 514 533 515
f 515 533 534
f 515 534 535
f 515 535 516
f 516 535 522
f 518 536 519
f 519 536 537
f 519 537 538
f 519 538 520
f 520 538 539
f 520 539 521
f 522 535 540
f 522 540 541
f 522 541 523
f 523 541 524
f 524 541 540
f 524 526 525
f 527 542 543
f 527 543 530
f 527 530 544
f 527 544 529
f 527 529 528
f 529 544 530
f 530 543 531
f 531 545 532
f 531 543 542
f 531 542 546
f 531 546 545
f 532 545 547
f 532 547 548
f 532 548 549
f 534 540 535
f 536 550 537
f 537 550 551
f 537 551 549
f 537 549 548
f 537 548 552
f 537 552 538
f 538 552 553
f 538 553 554
f 538 554 539
f 542 555 545
f 542 545 546
f 545 555 547
f 547 555 556
f 547 556 557
f 547 557 552
f 547 552 548
f 552 557 558
f 552 558 553

o geometry_4
v -0.00665467 0.00996953 -0.00172989
v -0.00723429 0.00958589 -0.00172989
v -0.00549514 0.00542526 -0.00172294
v -0.00739981 0.00890950 -0.00172989
v -0.00712282 0.00944940 -0.00226971
v -0.00714177 0.00890950 -0.00231006
v -0.00691271 0.00890950 -0.00270171
v -0.00652147 0.00890950 -0.00321976
v -0.00629665 0.00577904 -0.00372483
v -0.00618930 0.00890950 -0.00361070
v -0.00564869 0.01047781 -0.00387597
v -0.00645013 0.00954320 -0.00312764
v -0.00578691 0.01047781 -0.00327045
v -0.00558627 0.01047781 -0.00269743
v -0.00576852 0.01047781 -0.00312693
v -0.00438579 0.01047781 -0.00172989
v -0.00170616 0.01047781 -0.00250785
v -0.00211691 0.01047755 -0.00172989
v -0.00213650 0.00542526 -0.00172294
v -0.00213887 0.00264718 -0.00172294
v -0.00215783 -0.00205684 -0.00172294
v -0.00170616 0.00983357 -0.00253713
v -0.00170616 0.00542526 -0.00552190
v -0.00170616 0.00542526 -0.00303659
v -0.00171216 -0.00057542 -0.00486296
v -0.00171216 -0.00056673 -0.00408013
v -0.00171216 -0.00037869 -0.00340438
v -0.00171216 0.00029952 -0.00323822
v -0.00171216 0.00043429 -0.00322553
v -0.00220098 -0.00440451 -0.00172294
v -0.00227399 -0.00517945 -0.00172294
v -0.00171216 -0.00036456 -0.00546178
v -0.00228821 -0.00493490 -0.00251528
v -0.00231429 -0.00483926 -0.00299473
v -0.00246696 -0.00552073 -0.00172294
v -0.00346829 -0.00567833 -0.00172294
v -0.00281259 -0.00563811 -0.00172294
v -0.00311270 -0.00557182 -0.00213061
v -0.00346450 -0.00566529 -0.00177766
v -0.00316486 -0.00557182 -0.00213061
v -0.00352234 -0.00498273 -0.00321482
v -0.00346450 -0.00540118 -0.00244112
v -0.00368686 -0.00554899 -0.00206835
v -0.00360673 -0.00565877 -0.00172294
v -0.00425959 -0.00546204 -0.00172294
v -0.00433640 -0.00541204 -0.00172294
v -0.00431886 -0.00540661 -0.00177766
v -0.00435773 -0.00505663 -0.00255652
v -0.00413300 -0.00490664 -0.00309704
v -0.00465406 -0.00474905 -0.00284522
v -0.00476642 -0.00487512 -0.00232334
v -0.00480198 -0.00419691 -0.00329810
v -0.00489491 -0.00445124 -0.00255652
v -0.00483517 -0.00499142 -0.00172294
v -0.00505089 -0.00439472 -0.00172294
v -0.00505042 -0.00439472 -0.00173285
v -0.00500348 -0.00361217 -0.00329810
v -0.00472043 -0.00403822 -0.00372600
v -0.00435773 -0.00459797 -0.00333419
v -0.00430416 -0.00418821 -0.00388225
v -0.00430416 -0.00378824 -0.00427366
v -0.00470668 -0.00323828 -0.00448503
v -0.00479155 -0.00354478 -0.00402382
v -0.00497551 -0.00282961 -0.00408013
v -0.00477401 -0.00282961 -0.00458298
v -0.00447911 -0.00204706 -0.00510288
v -0.00485414 -0.00204706 -0.00471147
v -0.00714481 0.00601682 -0.00233164
v -0.00719771 0.00656170 -0.00240811
v -0.00739541 0.00656425 -0.00172989
v -0.00692984 0.00656170 -0.00279938
v -0.00660295 0.00577904 -0.00329792
v -0.00629071 0.00532961 -0.00371965
v -0.00452178 -0.00126450 -0.00513025
v -0.00586951 0.00577904 -0.00405855
v -0.00537555 0.00577904 -0.00441418
v -0.00579806 0.00890950 -0.00393523
v -0.00574177 0.00969208 -0.00390524
v -0.00511143 0.01047781 -0.00426762
v -0.00520339 0.00890950 -0.00432653
v -0.00498405 0.00577904 -0.00461724
v -0.00413111 -0.00126450 -0.00535510
v -0.00408796 -0.00204706 -0.00533329
v -0.00399172 -0.00251876 -0.00528887
v -0.00427287 -0.00279918 -0.00497439
v -0.00430416 -0.00339697 -0.00460757
v -0.00352234 -0.00298612 -0.00512866
v -0.00352234 -0.00259485 -0.00532774
v -0.00352234 -0.00204706 -0.00547883
v -0.00352234 -0.00126450 -0.00555180
v -0.00273957 -0.00126450 -0.00560176
v -0.00273957 -0.00204706 -0.00547169
v -0.00273957 -0.00254268 -0.00530553
v -0.00234369 -0.00244920 -0.00525953
v -0.00171216 0.00029952 -0.00571677
v -0.00171216 0.00108208 -0.00577387
v -0.00195681 0.00029952 -0.00572232
v -0.00273957 -0.00048195 -0.00565213
v -0.00273957 0.00029952 -0.00566601
v -0.00195681 0.00108208 -0.00575167
v -0.00195681 0.00264718 -0.00566442
v -0.00273957 0.00264718 -0.00554030
v -0.00344553 0.00343083 -0.00533606
v -0.00312068 0.00613652 -0.00525203
v -0.00273957 0.00421338 -0.00544869
v -0.00236492 0.00857144 -0.00525765
v -0.00266681 0.00656170 -0.00532033
v -0.00274279 0.01047781 -0.00506343
v -0.00352583 0.01047781 -0.00489313
v -0.00356596 0.00542526 -0.00518616
v -0.00383715 0.00343083 -0.00523415
v -0.00358635 0.00265588 -0.00534241
v -0.00389026 0.00292217 -0.00524803
v -0.00352234 -0.00048195 -0.00552602
v -0.00393056 0.00240046 -0.00526191
v -0.00430416 0.00499594 -0.00496726
v -0.00409507 -0.00048195 -0.00533963
v -0.00472186 0.01047781 -0.00448220
v -0.00430776 0.01047781 -0.00464500
v -0.00170616 0.01047781 -0.00520374
v -0.00195975 0.01047781 -0.00518089
v -0.00195696 0.01047465 -0.00518161
v -0.00170616 0.01022433 -0.00522802
v -0.00171341 0.00956138 -0.00527122
v -0.00170616 0.00956455 -0.00527158
v -0.00195676 0.00656170 -0.00543095
v -0.00171216 0.00318628 -0.00565609
v -0.00231524 -0.00331871 -0.00453777
v -0.00273957 -0.00387085 -0.00434702
v -0.00273957 -0.00347957 -0.00466111
v -0.00273957 -0.00293395 -0.00505252
v -0.00352234 -0.00356978 -0.00473725
v -0.00352234 -0.00396106 -0.00443308
v -0.00273957 -0.00425017 -0.00395561
v -0.00352234 -0.00433494 -0.00404167
v -0.00352234 -0.00472622 -0.00360624
v -0.00273957 -0.00464144 -0.00352930
v -0.00273957 -0.00493273 -0.00313789
v -0.00231002 -0.00410018 -0.00379500
v -0.00280690 -0.00530444 -0.00244112
v -0.00259070 -0.00545443 -0.00196445
f 560 561 559
f 560 562 561
f 563 562 560
f 563 564 562
f 563 565 564
f 566 565 563
f 566 567 565
f 566 568 567
f 566 569 568
f 570 569 566
f 570 563 569
f 570 566 563
f 563 560 569
f 571 569 560
f 571 572 569
f 573 572 571
f 573 559 572
f 573 571 559
f 571 560 559
f 572 559 574
f 572 574 569
f 574 575 569
f 574 576 575
f 577 576 574
f 577 578 576
f 577 561 578
f 577 574 561
f 574 559 561
f 578 561 579
f 578 579 575
f 578 575 576
f 580 575 579
f 580 581 575
f 582 581 580
f 582 583 581
f 582 584 583
f 582 585 584
f 582 586 585
f 582 580 586
f 586 580 587
f 586 587 588
f 586 588 585
f 589 585 588
f 584 585 589
f 584 589 583
f 589 590 583
f 591 590 589
f 591 592 590
f 591 589 592
f 589 593 592
f 589 588 593
f 593 588 594
f 595 593 594
f 595 596 593
f 595 594 596
f 597 596 594
f 598 596 597
f 598 599 596
f 598 600 599
f 598 601 600
f 598 597 601
f 602 601 597
f 602 603 601
f 602 594 603
f 602 597 594
f 603 594 604
f 605 603 604
f 606 603 605
f 606 601 603
f 606 607 601
f 606 608 607
f 606 605 608
f 609 608 605
f 609 610 608
f 609 611 610
f 609 612 611
f 609 604 612
f 609 605 604
f 612 604 613
f 612 613 614
f 611 612 614
f 611 614 615
f 611 615 610
f 616 610 615
f 616 608 610
f 616 617 608
f 616 618 617
f 616 619 618
f 616 620 619
f 616 621 620
f 616 615 621
f 622 621 615
f 622 620 621
f 623 620 622
f 623 624 620
f 623 625 624
f 623 622 625
f 626 625 622
f 626 627 625
f 626 628 627
f 626 622 628
f 622 615 628
f 628 615 614
f 628 614 613
f 628 613 561
f 628 561 562
f 627 628 562
f 564 627 562
f 564 565 627
f 627 565 629
f 630 627 629
f 625 627 630
f 631 625 630
f 631 632 625
f 631 567 632
f 631 630 567
f 630 565 567
f 630 629 565
f 633 632 567
f 633 634 632
f 633 635 634
f 633 567 635
f 568 635 567
f 568 636 635
f 568 569 636
f 636 569 637
f 636 637 635
f 638 635 637
f 634 635 638
f 634 638 639
f 634 639 640
f 634 640 632
f 632 640 641
f 632 641 624
f 632 624 625
f 642 624 641
f 642 643 624
f 642 644 643
f 642 645 644
f 642 646 645
f 642 647 646
f 642 641 647
f 647 641 648
f 647 648 649
f 647 649 650
f 647 650 646
f 650 651 646
f 650 652 651
f 653 652 650
f 653 590 652
f 653 581 590
f 653 654 581
f 655 654 653
f 655 656 654
f 655 649 656
f 655 653 649
f 653 650 649
f 656 649 648
f 657 656 648
f 658 656 657
f 658 654 656
f 658 659 654
f 658 660 659
f 658 657 660
f 660 657 661
f 660 661 662
f 663 660 662
f 663 664 660
f 663 665 664
f 663 662 665
f 662 666 665
f 662 667 666
f 662 661 667
f 661 668 667
f 661 669 668
f 670 669 661
f 670 671 669
f 672 671 670
f 673 671 672
f 673 674 671
f 673 675 674
f 673 672 675
f 675 672 640
f 675 640 639
f 675 639 674
f 674 639 676
f 674 676 677
f 674 677 671
f 671 677 669
f 677 667 669
f 677 676 667
f 667 676 666
f 676 575 666
f 569 575 676
f 637 569 676
f 638 637 676
f 638 676 639
f 678 666 575
f 679 666 678
f 679 680 666
f 679 678 680
f 681 680 678
f 681 682 680
f 681 683 682
f 681 678 683
f 683 678 581
f 683 581 682
f 684 682 581
f 684 664 682
f 684 659 664
f 684 685 659
f 684 581 685
f 685 581 654
f 685 654 659
f 660 664 659
f 682 664 680
f 680 664 666
f 664 665 666
f 581 678 575
f 668 669 667
f 672 648 640
f 672 657 648
f 672 661 657
f 672 670 661
f 640 648 641
f 581 583 590
f 686 652 590
f 687 652 686
f 688 652 687
f 688 689 652
f 688 690 689
f 688 691 690
f 688 687 691
f 692 691 687
f 693 691 692
f 693 618 691
f 693 694 618
f 695 694 693
f 695 696 694
f 695 592 696
f 695 692 592
f 695 693 692
f 692 697 592
f 692 687 697
f 687 686 697
f 697 686 590
f 697 590 592
f 698 696 592
f 698 596 696
f 699 596 698
f 699 593 596
f 699 592 593
f 699 698 592
f 596 599 696
f 694 696 599
f 694 599 607
f 694 607 618
f 617 618 607
f 608 617 607
f 599 601 607
f 600 601 599
f 619 691 618
f 619 644 691
f 619 620 644
f 643 644 620
f 624 643 620
f 690 691 644
f 690 644 645
f 690 645 689
f 645 651 689
f 645 646 651
f 689 651 652
f 613 594 561
f 604 594 613
f 588 561 594
f 579 561 588
f 580 579 588
f 580 588 587

o geometry_5
v -0.00539596 -0.00204798 -0.00172294
v -0.00532432 -0.00282998 -0.00094966
v -0.00536648 -0.00282998 -0.00016724
v -0.00536014 -0.00282998 0.00007474
v -0.00534841 -0.00258885 0.00007474
v -0.00536236 -0.00204798 -0.00094966
v -0.00526853 -0.00126598 -0.00172294
v -0.00505108 -0.00439521 -0.00172294
v -0.00509450 -0.00439521 -0.00094966
v -0.00510750 -0.00439521 -0.00016724
v -0.00510655 -0.00439521 0.00007474
v -0.00527487 -0.00204798 0.00007474
v -0.00483077 0.00030169 -0.00172294
v -0.00483521 -0.00499102 -0.00172294
v -0.00487832 -0.00509541 -0.00094966
v -0.00489037 -0.00513936 -0.00016724
v -0.00495662 -0.00490922 0.00007474
v -0.00516170 -0.00188255 0.00007474
v -0.00482792 0.00030169 -0.00172170
v -0.00257542 0.00030169 -0.00172294
v -0.00490875 -0.00155839 0.00007474
v -0.00483172 -0.00499590 -0.00172294
v -0.00458764 -0.00548672 -0.00094966
v -0.00465104 -0.00553067 -0.00016724
v -0.00488941 -0.00513570 0.00007474
v -0.00430426 0.00030169 -0.00150859
v -0.00256940 0.00030169 -0.00172276
v -0.00257003 0.00029986 -0.00172294
v -0.00430426 -0.00146072 0.00007474
v -0.00433659 -0.00541224 -0.00172294
v -0.00425956 -0.00546230 -0.00172294
v -0.00406779 -0.00563994 -0.00154642
v -0.00419648 -0.00570221 -0.00094966
v -0.00425956 -0.00573762 -0.00016724
v -0.00425354 -0.00573456 0.00007474
v -0.00464502 -0.00552701 0.00007474
v -0.00430172 0.00030169 -0.00150859
v -0.00222452 -0.00111580 -0.00172294
v -0.00273930 0.00030169 -0.00161928
v -0.00240298 -0.00168170 0.00007474
v -0.00226065 -0.00198877 0.00007474
v -0.00352194 -0.00147048 0.00007474
v -0.00352194 0.00030169 -0.00151387
v -0.00360689 -0.00565887 -0.00172294
v -0.00346805 -0.00567779 -0.00172294
v -0.00352194 -0.00586154 -0.00094966
v -0.00352194 -0.00593418 -0.00016724
v -0.00352194 -0.00592686 0.00007474
v -0.00221786 -0.00120005 -0.00172294
v -0.00217443 -0.00282998 0.00007474
v -0.00270031 -0.00156327 0.00007474
v -0.00293361 -0.00152909 0.00007474
v -0.00281253 -0.00563872 -0.00172294
v -0.00280682 -0.00563994 -0.00171502
v -0.00273930 -0.00579622 -0.00094966
v -0.00273930 -0.00586276 -0.00016724
v -0.00273930 -0.00585421 0.00007474
v -0.00215795 -0.00204798 -0.00172294
v -0.00217158 -0.00282998 -0.00016724
v -0.00215763 -0.00205775 -0.00172294
v -0.00217443 -0.00307234 0.00007474
v -0.00246701 -0.00552090 -0.00172294
v -0.00232310 -0.00559782 -0.00144242
v -0.00229362 -0.00563689 -0.00094966
v -0.00227397 -0.00566619 -0.00016724
v -0.00259793 -0.00579805 0.00007474
v -0.00217951 -0.00439521 0.00007474
v -0.00217824 -0.00439521 -0.00016724
v -0.00218933 -0.00517782 -0.00016724
v -0.00218648 -0.00439521 -0.00094966
v -0.00220074 -0.00439521 -0.00172294
v -0.00227460 -0.00518454 -0.00172294
v -0.00221279 -0.00517782 -0.00094966
v -0.00227650 -0.00566192 0.00007474
v -0.00221786 -0.00532494 0.00007474
v -0.00219250 -0.00517782 0.00007474
v -0.00220106 -0.00440498 -0.00172294
v -0.00227397 -0.00517965 -0.00172294
f 700 701 702
f 700 702 703
f 700 703 704
f 700 704 705
f 700 705 706
f 700 706 712
f 700 712 719
f 700 719 727
f 700 727 737
f 700 737 748
f 700 748 757
f 700 757 759
f 700 759 770
f 700 770 776
f 700 776 777
f 700 777 771
f 700 771 761
f 700 761 752
f 700 752 744
f 700 744 743
f 700 743 730
f 700 730 729
f 700 729 721
f 700 721 713
f 700 713 707
f 700 707 708
f 700 708 701
f 701 708 702
f 702 708 709
f 702 709 710
f 702 710 703
f 703 710 716
f 703 716 724
f 703 724 735
f 703 735 734
f 703 734 747
f 703 747 756
f 703 756 765
f 703 765 773
f 703 773 774
f 703 774 775
f 703 775 766
f 703 766 760
f 703 760 749
f 703 749 740
f 703 740 739
f 703 739 750
f 703 750 751
f 703 751 741
f 703 741 728
f 703 728 720
f 703 720 717
f 703 717 711
f 703 711 704
f 704 711 705
f 705 711 706
f 706 711 712
f 707 713 714
f 707 714 708
f 708 714 715
f 708 715 709
f 709 716 710
f 709 715 716
f 711 717 712
f 712 718 725
f 712 725 736
f 712 736 742
f 712 742 738
f 712 738 726
f 712 726 719
f 712 717 720
f 712 720 718
f 713 721 714
f 714 721 722
f 714 722 723
f 714 723 715
f 715 724 716
f 715 723 724
f 718 720 725
f 719 726 727
f 720 728 725
f 721 729 722
f 722 729 730
f 722 730 731
f 722 731 732
f 722 732 723
f 723 732 733
f 723 733 734
f 723 734 735
f 723 735 724
f 725 728 736
f 726 737 727
f 726 738 739
f 726 739 740
f 726 740 737
f 728 741 742
f 728 742 736
f 730 743 731
f 731 743 744
f 731 744 745
f 731 745 732
f 732 745 746
f 732 746 733
f 733 746 734
f 734 746 747
f 737 740 749
f 737 749 748
f 738 742 750
f 738 750 739
f 741 751 742
f 742 751 750
f 744 752 745
f 745 752 753
f 745 753 754
f 745 754 746
f 746 754 755
f 746 755 747
f 747 755 756
f 748 749 757
f 749 758 759
f 749 759 757
f 749 760 758
f 752 761 762
f 752 762 753
f 753 762 754
f 754 762 763
f 754 763 755
f 755 763 764
f 755 764 765
f 755 765 756
f 758 760 766
f 758 766 759
f 759 767 768
f 759 768 769
f 759 769 770
f 759 766 767
f 761 771 762
f 762 771 772
f 762 772 763
f 763 772 764
f 764 773 765
f 764 772 768
f 764 768 774
f 764 774 773
f 766 775 768
f 766 768 767
f 768 775 774
f 768 772 776
f 768 776 770
f 768 770 769
f 771 777 772
f 772 777 776

o geometry_6
v -0.00549537 0.00542526 -0.00172294
v -0.00514024 0.00542526 0.00007474
v -0.00213611 0.00542526 -0.00172294
v -0.00540462 0.00187547 -0.00172294
v -0.00540626 0.00264832 -0.00016724
v -0.00540297 0.00264832 0.00007474
v -0.00217096 0.00542526 0.00007474
v -0.00213874 0.00264832 -0.00172294
v -0.00217096 0.00264832 0.00007474
v -0.00540330 0.00186594 -0.00172294
v -0.00509980 0.00074754 -0.00172294
v -0.00503600 0.00180626 0.00007474
v -0.00214104 0.00186544 -0.00172294
v -0.00219661 0.00241762 0.00007474
v -0.00222292 0.00104394 -0.00172294
v -0.00489888 0.00039196 -0.00172294
v -0.00427445 0.00152039 0.00007474
v -0.00483082 0.00030219 -0.00172294
v -0.00226040 0.00197878 0.00007474
v -0.00256950 0.00030219 -0.00172276
v -0.00257542 0.00030219 -0.00172294
v -0.00385783 0.00152340 0.00007474
v -0.00482786 0.00030219 -0.00172170
v -0.00430437 0.00030219 -0.00150859
v -0.00430174 0.00030219 -0.00150859
v -0.00352210 0.00030219 -0.00151387
v -0.00260041 0.00172552 0.00007474
v -0.00273950 0.00030219 -0.00161928
v -0.00273950 0.00164026 0.00007474
v -0.00352210 0.00153243 0.00007474
v -0.00320577 0.00156102 0.00007474
f 778 779 784
f 778 784 780
f 778 780 785
f 778 785 790
f 778 790 792
f 778 792 798
f 778 798 795
f 778 795 793
f 778 793 788
f 778 788 787
f 778 787 781
f 778 781 782
f 778 782 783
f 778 783 779
f 779 783 789
f 779 789 794
f 779 794 799
f 779 799 807
f 779 807 808
f 779 808 806
f 779 806 804
f 779 804 796
f 779 796 791
f 779 791 786
f 779 786 784
f 780 784 786
f 780 786 785
f 781 787 783
f 781 783 782
f 783 787 788
f 783 788 789
f 785 786 790
f 786 791 792
f 786 792 790
f 788 793 789
f 789 793 795
f 789 795 794
f 791 796 792
f 792 797 798
f 792 796 797
f 794 795 800
f 794 800 801
f 794 801 802
f 794 802 803
f 794 803 799
f 795 798 797
f 795 797 805
f 795 805 803
f 795 803 802
f 795 802 801
f 795 801 800
f 796 804 797
f 797 804 806
f 797 806 805
f 799 803 807
f 803 805 808
f 803 808 807
f 805 806 808

o geometry_7
v 0.00000125 0.01157746 -0.00520289
v 0.00000125 0.01157746 0.00691776
v 0.00000125 0.01360625 -0.00504946
v -0.00195693 0.01157746 -0.00510147
v -0.00039159 0.01282285 -0.00510797
v -0.00242024 0.01157746 0.00769009
v -0.00195693 0.01673524 -0.00469190
v -0.00117426 0.01556244 -0.00484988
v 0.00000125 0.01161216 0.00743005
v -0.00039159 0.01654031 -0.00479494
v -0.00273961 0.01157746 -0.00499095
v 0.00000125 0.01190707 0.00782141
v -0.00352228 0.01360625 -0.00468800
v -0.00314743 0.01715524 -0.00447476
v -0.00273961 0.01634446 -0.00462429
v -0.00117426 0.01712694 -0.00470815
v 0.00000125 0.01229785 0.00807886
v -0.00403019 0.01413284 -0.00451409
v -0.00363473 0.01673524 -0.00440715
v -0.00234677 0.01833763 -0.00447541
v 0.00000125 0.01251790 0.00807886
v -0.00039159 0.01252064 0.00808016
v -0.00094561 0.01247133 0.00806325
v -0.00320291 0.01157746 0.00764068
v 0.00000125 0.01962913 -0.00447281
v -0.00352228 0.01157746 -0.00482452
v -0.00430420 0.01673524 -0.00420822
v -0.00352228 0.01986607 -0.00404959
v -0.00273961 0.01986607 -0.00422382
v -0.00174384 0.01947825 -0.00440715
v -0.00060675 0.01962251 -0.00446534
v 0.00000125 0.02090328 0.00701658
v -0.00039159 0.02090328 0.00701658
v -0.00273961 0.01204038 0.00773430
v -0.00352228 0.01204038 0.00752496
v -0.00451261 0.01321455 -0.00440325
v -0.00508687 0.01595368 -0.00393777
v -0.00494293 0.01790987 -0.00381425
v -0.00468879 0.01970172 -0.00369008
v -0.00432032 0.01946113 -0.00386366
v -0.00273961 0.02090328 -0.00406259
v -0.00195693 0.02090328 -0.00419002
v -0.00117426 0.02064854 -0.00430183
v 0.00000125 0.02090328 -0.00428883
v -0.00118851 0.02090328 0.00697107
v -0.00195693 0.02090328 0.00688265
v -0.00277109 0.02090328 0.00672143
v -0.00397846 0.01227001 0.00730262
v -0.00353502 0.02090328 0.00648219
v -0.00422698 0.01157746 0.00721616
v -0.00548571 0.01639011 -0.00369333
v -0.00537850 0.01751863 -0.00363222
v -0.00523793 0.01869235 -0.00355291
v -0.00402382 0.02090328 -0.00372974
v -0.00352528 0.02090328 -0.00387666
v -0.00429970 0.02090328 0.00615193
v -0.00487846 0.02090328 0.00582948
v -0.00439341 0.01204038 0.00708289
v -0.00464681 0.01157746 -0.00445266
v -0.00564389 0.01360579 -0.00379670
v -0.00597750 0.01477996 -0.00346774
v -0.00574322 0.01947483 -0.00309913
v -0.00510187 0.02090328 -0.00322655
v -0.00526980 0.02090328 0.00554863
v -0.00495493 0.01204038 0.00669152
v -0.00535976 0.01157746 0.00637557
v -0.00508687 0.01243162 -0.00418351
v -0.00633885 0.01673524 -0.00298991
v -0.00620391 0.01879141 -0.00285209
v -0.00609220 0.01986607 -0.00275327
v -0.00555018 0.02090328 -0.00295481
v -0.00564951 0.02090328 0.00522097
v -0.00534626 0.01204038 0.00636387
v -0.00517908 0.01157746 -0.00416791
v -0.00607046 0.01282285 -0.00353080
v -0.00640257 0.01517120 -0.00306273
v -0.00704430 0.01635633 -0.00212397
v -0.00658587 0.01789116 -0.00254459
v -0.00649928 0.01947483 -0.00239896
v -0.00636359 0.02090328 -0.00224229
v -0.00572036 0.01204038 0.00597250
v -0.00564989 0.01157746 -0.00385456
v -0.00647004 0.01282285 -0.00314074
v -0.00686138 0.01282285 -0.00264015
v -0.00698845 0.01790987 -0.00201280
v -0.00689062 0.01947483 -0.00185352
v -0.00610645 0.02090328 0.00472169
v -0.00611169 0.01204038 0.00549532
v -0.00625451 0.01157746 0.00531134
v -0.00710053 0.01231429 -0.00222278
v -0.00583431 0.01157746 -0.00362052
v -0.00722423 0.01595368 -0.00173130
v -0.00716163 0.01790987 -0.00162143
v -0.00702181 0.02090328 -0.00129053
v -0.00634147 0.02090328 0.00439403
v -0.00638083 0.01204038 0.00510395
v -0.00719649 0.01217459 -0.00173130
v -0.00755784 0.01282285 -0.00094857
v -0.00733443 0.01282285 -0.00173130
v -0.00711552 0.01282285 -0.00224879
v -0.00613044 0.01157746 -0.00267136
v -0.00745851 0.01634446 -0.00094857
v -0.00738878 0.01790987 -0.00094857
v -0.00726396 0.01986607 -0.00094857
v -0.00716650 0.02090328 -0.00093947
v -0.00659074 0.02090328 0.00395846
v -0.00669645 0.01157746 0.00452796
v -0.00730669 0.01208055 -0.00094857
v -0.00765755 0.01282285 -0.00016714
v -0.00756833 0.01712694 -0.00016714
v -0.00665222 0.01168977 -0.00094857
v -0.00691086 0.01157746 0.00219016
v -0.00749561 0.01927921 -0.00016714
v -0.00739890 0.02090328 -0.00016714
v -0.00715001 0.02090328 0.00280126
v -0.00694459 0.01282285 0.00388825
v -0.00735692 0.01206594 -0.00016714
v -0.00732918 0.01206366 0.00100696
v -0.00764855 0.01282285 0.00061560
v -0.00755934 0.01830111 0.00061560
v -0.00750161 0.02090328 0.00061560
v -0.00697758 0.01157746 0.00296379
v -0.00709678 0.01282285 0.00349688
v -0.00694759 0.01157746 0.00373482
v -0.00756533 0.01282285 0.00139833
v -0.00748887 0.02090328 0.00139833
v -0.00735392 0.02090328 0.00217976
v -0.00725347 0.01282285 0.00296249
v -0.00743564 0.01282285 0.00217976
f 809 811 833
f 809 833 852
f 809 852 840
f 809 840 829
f 809 829 825
f 809 825 820
f 809 820 817
f 809 817 810
f 809 810 814
f 809 814 832
f 809 832 858
f 809 858 874
f 809 874 897
f 809 897 915
f 809 915 932
f 809 932 930
f 809 930 920
f 809 920 909
f 809 909 899
f 809 899 890
f 809 890 882
f 809 882 867
f 809 867 834
f 809 834 819
f 809 819 812
f 809 812 813
f 809 813 811
f 812 815 816
f 812 816 813
f 810 817 814
f 811 813 818
f 812 819 815
f 815 819 823
f 817 820 814
f 813 816 818
f 819 821 822
f 819 822 823
f 816 815 824
f 816 824 818
f 820 825 814
f 821 826 827
f 822 821 827
f 815 823 828
f 825 829 830
f 825 830 831
f 825 831 832
f 825 832 814
f 811 818 833
f 819 834 821
f 821 834 826
f 826 835 827
f 827 835 836
f 823 822 828
f 828 822 837
f 815 828 838
f 815 838 824
f 824 838 839
f 824 839 818
f 829 840 830
f 830 841 831
f 830 840 841
f 831 842 832
f 832 842 843
f 826 844 835
f 835 844 845
f 835 845 846
f 822 827 836
f 822 836 837
f 835 846 847
f 835 847 848
f 835 848 836
f 837 836 849
f 837 849 850
f 837 850 838
f 837 838 828
f 838 851 839
f 840 852 850
f 840 850 849
f 840 849 863
f 840 863 862
f 840 862 871
f 840 871 879
f 840 879 888
f 840 888 902
f 840 902 913
f 840 913 922
f 840 922 929
f 840 929 934
f 840 934 935
f 840 935 923
f 840 923 914
f 840 914 903
f 840 903 895
f 840 895 880
f 840 880 872
f 840 872 865
f 840 865 864
f 840 864 857
f 840 857 855
f 840 855 854
f 840 854 853
f 840 853 841
f 841 853 831
f 831 853 854
f 831 854 855
f 831 855 842
f 842 855 843
f 843 856 832
f 843 855 857
f 843 857 856
f 832 856 858
f 818 839 833
f 846 845 860
f 846 860 861
f 846 861 847
f 836 848 862
f 836 862 863
f 836 863 849
f 850 851 838
f 839 851 852
f 839 852 833
f 856 857 864
f 856 864 865
f 856 865 866
f 856 866 858
f 834 867 826
f 826 867 844
f 845 868 859
f 859 860 845
f 860 870 861
f 847 861 871
f 861 870 871
f 848 847 862
f 850 852 851
f 865 872 873
f 865 873 866
f 866 873 858
f 858 873 874
f 844 867 875
f 844 875 845
f 845 875 868
f 868 869 859
f 869 876 859
f 859 876 860
f 860 876 877
f 860 877 870
f 870 877 878
f 870 878 879
f 870 879 871
f 847 871 862
f 872 880 881
f 872 881 873
f 873 881 874
f 867 882 875
f 869 868 883
f 869 883 884
f 869 884 876
f 876 884 885
f 876 885 886
f 876 886 887
f 876 887 877
f 877 887 878
f 878 887 888
f 881 889 874
f 881 880 889
f 882 868 875
f 868 890 883
f 868 882 890
f 883 891 884
f 883 890 891
f 884 892 885
f 885 893 886
f 886 893 887
f 887 893 894
f 887 894 888
f 878 888 879
f 880 895 889
f 889 895 896
f 889 896 897
f 889 897 874
f 891 890 898
f 891 898 892
f 891 892 884
f 890 899 898
f 885 900 901
f 885 901 893
f 893 901 902
f 893 902 894
f 894 902 888
f 895 903 896
f 896 903 904
f 896 904 897
f 898 905 906
f 898 906 907
f 898 907 908
f 898 908 892
f 898 899 905
f 892 908 885
f 899 909 905
f 900 910 911
f 900 911 901
f 885 908 900
f 901 911 912
f 901 912 902
f 902 912 913
f 904 903 914
f 904 914 915
f 904 915 897
f 905 909 916
f 905 916 906
f 906 916 917
f 906 917 918
f 907 900 908
f 907 906 910
f 907 910 900
f 909 919 916
f 909 920 919
f 910 906 918
f 910 918 921
f 910 921 911
f 911 921 912
f 912 921 922
f 912 922 913
f 915 914 923
f 915 923 924
f 916 919 920
f 916 920 925
f 916 925 917
f 917 925 926
f 917 926 927
f 917 927 928
f 917 928 918
f 918 928 929
f 918 929 921
f 920 930 925
f 921 929 922
f 924 931 915
f 924 923 931
f 915 931 932
f 925 930 926
f 926 930 932
f 927 926 932
f 927 932 933
f 927 933 934
f 927 934 928
f 928 934 929
f 923 935 931
f 931 935 936
f 931 936 932
f 932 936 937
f 932 937 933
f 933 937 934
f 935 934 937
f 935 937 936

o geometry_8
v -0.00430454 0.00026315 0.00149113
v -0.00352195 0.00026315 0.00149802
v -0.00495733 0.00026315 0.00163234
v -0.00427446 0.00152033 0.00007492
v -0.00385784 0.00152336 0.00007492
v -0.00273936 0.00026315 0.00159239
v -0.00352195 0.00153245 0.00007492
v -0.00320600 0.00156126 0.00007492
v -0.00499025 0.00026315 0.00164061
v -0.00503584 0.00180582 0.00007492
v -0.00230533 0.00026315 0.00173429
v -0.00273936 0.00164059 0.00007492
v -0.00533912 0.00026315 0.00215447
v -0.00540307 0.00264865 0.00007492
v -0.00535622 0.00026315 0.00218133
v -0.00223853 0.00026315 0.00218133
v -0.00260038 0.00172548 0.00007492
v -0.00226069 0.00197914 0.00007492
v -0.00514031 0.00542475 0.00007492
v -0.00540497 0.00108325 0.00218133
v -0.00539579 0.00264865 0.00061564
v -0.00512448 0.00542475 0.00495729
v -0.00513018 0.00542475 0.00452815
v -0.00531759 0.00026315 0.00292664
v -0.00222144 0.00026315 0.00296384
v -0.00219674 0.00241773 0.00007492
v -0.00217078 0.00264865 0.00007492
v -0.00217110 0.00542475 0.00007492
v -0.00531506 0.00026315 0.00296384
v -0.00511340 0.00542475 0.00531134
v -0.00222207 0.00026315 0.00300103
v -0.00218028 0.00542475 0.00061564
v -0.00220751 0.00343035 0.00218133
v -0.00220751 0.00186595 0.00218133
v -0.00507636 0.00026315 0.00449164
v -0.00510200 0.00108325 0.00452815
v -0.00508617 0.00421305 0.00531134
v -0.00510612 0.00499575 0.00531134
v -0.00496999 0.00542475 0.00582934
v -0.00223568 0.00026315 0.00378284
v -0.00226829 0.00542475 0.00566471
v -0.00226228 0.00108325 0.00531134
v -0.00224866 0.00026315 0.00452815
v -0.00506971 0.00026315 0.00452815
v -0.00507193 0.00030054 0.00452815
v -0.00505673 0.00343035 0.00531134
v -0.00488388 0.00542475 0.00612140
v -0.00227589 0.00542475 0.00609384
v -0.00227589 0.00421305 0.00609384
v -0.00226829 0.00030054 0.00531134
v -0.00226987 0.00026315 0.00531134
v -0.00486425 0.00026315 0.00513294
v -0.00500735 0.00264865 0.00531134
v -0.00486868 0.00421305 0.00596986
v -0.00488894 0.00499575 0.00604769
v -0.00470881 0.00542475 0.00645685
v -0.00231546 0.00542475 0.00661873
v -0.00231546 0.00421305 0.00655535
v -0.00228222 0.00343035 0.00609384
v -0.00227304 0.00026315 0.00534234
v -0.00232179 0.00343035 0.00652918
v -0.00231483 0.00030054 0.00576114
v -0.00231578 0.00026315 0.00575839
v -0.00485412 0.00026315 0.00515842
v -0.00485634 0.00030054 0.00516324
v -0.00483956 0.00343035 0.00589822
v -0.00469330 0.00539949 0.00648234
v -0.00466734 0.00542475 0.00650231
v -0.00272480 0.00542475 0.00702169
v -0.00233477 0.00289928 0.00650438
v -0.00240221 0.00237782 0.00640657
v -0.00274000 0.00026315 0.00596228
v -0.00449259 0.00026315 0.00553108
v -0.00463093 0.00108325 0.00565024
v -0.00469456 0.00147889 0.00570121
v -0.00473952 0.00200086 0.00575288
v -0.00479144 0.00264865 0.00582038
v -0.00453912 0.00421305 0.00636111
v -0.00414783 0.00421305 0.00661597
v -0.00425230 0.00499575 0.00668416
v -0.00432986 0.00542475 0.00670483
v -0.00304138 0.00542475 0.00706164
v -0.00273936 0.00343035 0.00672687
v -0.00269346 0.00264259 0.00658635
v -0.00292393 0.00206554 0.00653193
v -0.00352037 0.00026315 0.00598776
v -0.00446631 0.00026315 0.00555036
v -0.00447707 0.00030054 0.00555450
v -0.00423964 0.00108325 0.00588720
v -0.00401613 0.00343035 0.00653951
v -0.00440743 0.00343035 0.00629016
v -0.00352195 0.00499575 0.00703409
v -0.00351404 0.00542475 0.00711192
v -0.00380909 0.00542475 0.00697002
v -0.00326045 0.00206554 0.00653193
v -0.00352195 0.00030054 0.00599810
v -0.00355677 0.00026315 0.00597674
v -0.00409433 0.00026315 0.00577285
v -0.00408578 0.00030054 0.00578801
v -0.00393129 0.00299832 0.00649405
v -0.00352195 0.00421305 0.00689357
v -0.00352195 0.00343035 0.00673651
v -0.00352163 0.00270222 0.00658015
v -0.00378218 0.00247685 0.00643688
v -0.00352163 0.00182906 0.00638315
v -0.00352195 0.00108325 0.00620199
v -0.00407660 0.00026315 0.00578318
f 938 939 943
f 938 943 948
f 938 948 953
f 938 953 962
f 938 962 968
f 938 968 977
f 938 977 980
f 938 980 988
f 938 988 997
f 938 997 1000
f 938 1000 1009
f 938 1009 1023
f 938 1023 1034
f 938 1034 1044
f 938 1044 1035
f 938 1035 1024
f 938 1024 1010
f 938 1010 1001
f 938 1001 989
f 938 989 981
f 938 981 972
f 938 972 966
f 938 966 961
f 938 961 952
f 938 952 950
f 938 950 946
f 938 946 940
f 938 940 941
f 938 941 942
f 938 942 939
f 939 942 944
f 939 944 945
f 939 945 943
f 940 946 941
f 941 947 951
f 941 951 956
f 941 956 965
f 941 965 964
f 941 964 963
f 941 963 955
f 941 955 954
f 941 954 949
f 941 949 945
f 941 945 944
f 941 944 942
f 941 946 947
f 943 945 949
f 943 949 948
f 946 950 947
f 947 950 952
f 947 952 951
f 948 949 954
f 948 954 955
f 948 955 953
f 951 952 957
f 951 957 958
f 951 958 959
f 951 959 960
f 951 960 956
f 952 961 957
f 953 955 963
f 953 963 964
f 953 964 962
f 956 960 959
f 956 959 967
f 956 967 976
f 956 976 984
f 956 984 993
f 956 993 1005
f 956 1005 1018
f 956 1018 1031
f 956 1031 1030
f 956 1030 1019
f 956 1019 1006
f 956 1006 994
f 956 994 985
f 956 985 978
f 956 978 969
f 956 969 965
f 957 961 966
f 957 966 967
f 957 967 958
f 958 967 959
f 962 964 968
f 964 965 969
f 964 969 970
f 964 970 971
f 964 971 968
f 966 972 973
f 966 973 974
f 966 974 975
f 966 975 967
f 967 975 976
f 968 971 977
f 969 978 970
f 970 978 971
f 971 978 979
f 971 979 980
f 971 980 977
f 972 981 982
f 972 982 973
f 973 982 983
f 973 983 974
f 974 983 984
f 974 984 976
f 974 976 975
f 978 985 986
f 978 986 979
f 979 986 987
f 979 987 980
f 980 987 988
f 981 989 990
f 981 990 983
f 981 983 982
f 983 990 991
f 983 991 992
f 983 992 984
f 984 992 991
f 984 991 993
f 985 994 986
f 986 994 995
f 986 995 996
f 986 996 987
f 987 997 988
f 987 996 998
f 987 998 999
f 987 999 1000
f 987 1000 997
f 989 1001 1002
f 989 1002 990
f 990 1002 1003
f 990 1003 991
f 991 1003 1004
f 991 1004 993
f 993 1004 1005
f 994 1006 998
f 994 998 995
f 995 998 996
f 998 1006 1007
f 998 1007 999
f 999 1007 1000
f 1000 1007 1008
f 1000 1008 1009
f 1001 1010 1011
f 1001 1011 1012
f 1001 1012 1013
f 1001 1013 1014
f 1001 1014 1002
f 1002 1014 1003
f 1003 1014 1004
f 1004 1015 1016
f 1004 1016 1017
f 1004 1017 1005
f 1004 1014 1013
f 1004 1013 1012
f 1004 1012 1015
f 1005 1017 1018
f 1006 1019 1020
f 1006 1020 1007
f 1007 1020 1021
f 1007 1021 1008
f 1008 1021 1022
f 1008 1022 1009
f 1009 1022 1023
f 1010 1024 1025
f 1010 1025 1011
f 1011 1025 1026
f 1011 1026 1012
f 1012 1026 1027
f 1012 1027 1028
f 1012 1028 1015
f 1015 1028 1016
f 1016 1029 1030
f 1016 1030 1031
f 1016 1031 1017
f 1016 1028 1027
f 1016 1027 1029
f 1017 1031 1018
f 1019 1030 1020
f 1020 1030 1022
f 1020 1022 1021
f 1022 1030 1032
f 1022 1032 1023
f 1023 1033 1034
f 1023 1032 1033
f 1024 1035 1025
f 1025 1035 1036
f 1025 1036 1026
f 1026 1036 1037
f 1026 1037 1027
f 1027 1037 1038
f 1027 1038 1029
f 1029 1038 1030
f 1030 1038 1032
f 1032 1038 1039
f 1032 1039 1040
f 1032 1040 1041
f 1032 1041 1042
f 1032 1042 1043
f 1032 1043 1033
f 1033 1043 1034
f 1034 1043 1044
f 1035 1044 1036
f 1036 1044 1041
f 1036 1041 1037
f 1037 1041 1039
f 1037 1039 1038
f 1039 1041 1040
f 1041 1044 1042
f 1042 1044 1043

o geometry_9
v 0.00401655 0.00052395 0.00137774
v 0.00430445 0.00052395 0.00137858
v 0.00352207 0.00052395 0.00137941
v 0.00430445 0.00078289 -0.00131937
v 0.00473819 0.00052395 0.00147714
v 0.00326264 0.00052395 0.00141032
v 0.00352241 0.00079526 -0.00131937
v 0.00437720 0.00080507 -0.00131937
v 0.00528105 0.00052395 0.00196077
v 0.00501786 0.00052395 0.00157236
v 0.00273968 0.00052395 0.00147714
v 0.00290886 0.00088811 -0.00131937
v 0.00229805 0.00052395 0.00165673
v 0.00500893 0.00115427 -0.00131937
v 0.00537062 0.00052395 0.00218128
v 0.00273968 0.00091596 -0.00131937
v 0.00223079 0.00052395 0.00218128
v 0.00226579 0.00125537 -0.00131937
v 0.00532257 0.00186557 -0.00131937
v 0.00565028 0.00579295 -0.00131937
v 0.00540493 0.00108309 0.00218128
v 0.00534008 0.00052395 0.00274092
v 0.00214706 0.00227874 -0.00131937
v 0.00218653 0.00185319 -0.00131937
v 0.00222668 0.00145808 -0.00131937
v 0.00222119 0.00052395 0.00296310
v 0.00214501 0.00579295 -0.00131937
v 0.00511977 0.00579295 0.00531107
v 0.00510639 0.00499603 0.00531107
v 0.00508649 0.00421302 0.00531107
v 0.00510193 0.00108309 0.00452841
v 0.00508100 0.00052395 0.00452841
v 0.00214638 0.00264857 -0.00131937
v 0.00225241 0.00052395 0.00475143
v 0.00214501 0.00577851 -0.00131937
v 0.00214569 0.00421302 -0.00131937
v 0.00214603 0.00343054 -0.00131937
v 0.00226236 0.00579295 0.00532527
v 0.00489055 0.00579295 0.00616305
v 0.00505698 0.00343054 0.00531107
v 0.00500893 0.00264857 0.00531107
v 0.00485452 0.00052395 0.00521167
v 0.00226751 0.00052395 0.00531107
v 0.00226236 0.00108309 0.00531107
v 0.00227609 0.00421302 0.00609373
v 0.00227609 0.00579295 0.00609373
v 0.00482055 0.00579295 0.00631006
v 0.00488918 0.00499603 0.00604778
v 0.00486927 0.00421302 0.00597094
v 0.00483976 0.00343054 0.00589911
v 0.00493859 0.00186557 0.00531107
v 0.00479344 0.00264857 0.00582310
v 0.00473098 0.00186557 0.00574291
v 0.00469633 0.00147098 0.00570282
v 0.00461294 0.00094949 0.00563432
v 0.00452647 0.00052395 0.00558170
v 0.00228089 0.00052395 0.00545223
v 0.00232104 0.00343054 0.00653058
v 0.00228158 0.00343054 0.00609373
v 0.00231555 0.00421302 0.00655647
v 0.00231555 0.00579295 0.00664752
v 0.00227678 0.00579295 0.00610709
v 0.00472000 0.00579295 0.00651136
v 0.00469324 0.00539991 0.00648213
v 0.00464451 0.00499603 0.00643870
v 0.00453985 0.00421302 0.00636185
v 0.00440842 0.00343054 0.00629085
v 0.00401723 0.00343054 0.00653976
v 0.00433327 0.00115943 0.00585400
v 0.00426945 0.00052395 0.00573790
v 0.00231418 0.00052395 0.00577214
v 0.00233374 0.00290390 0.00650552
v 0.00268718 0.00579295 0.00708520
v 0.00231830 0.00579295 0.00665503
v 0.00437376 0.00579295 0.00673773
v 0.00414866 0.00421302 0.00661577
v 0.00425298 0.00499603 0.00668510
v 0.00353099 0.00579295 0.00716873
v 0.00352207 0.00499603 0.00703425
v 0.00352207 0.00421302 0.00689058
v 0.00393282 0.00299520 0.00649466
v 0.00415278 0.00052395 0.00580806
v 0.00243703 0.00052395 0.00586235
v 0.00240889 0.00238241 0.00639860
v 0.00293082 0.00205848 0.00653141
v 0.00269782 0.00264496 0.00658654
v 0.00280042 0.00579295 0.00715620
v 0.00341672 0.00579295 0.00721383
v 0.00326093 0.00205848 0.00653141
v 0.00352207 0.00343054 0.00673438
v 0.00352172 0.00270015 0.00658069
v 0.00378252 0.00247320 0.00643786
v 0.00352207 0.00108309 0.00620732
v 0.00352207 0.00052395 0.00605781
v 0.00273968 0.00052395 0.00601020
v 0.00296273 0.00052395 0.00603442
v 0.00352172 0.00182482 0.00638607
f 1045 1046 1049
f 1045 1049 1054
f 1045 1054 1053
f 1045 1053 1059
f 1045 1059 1066
f 1045 1066 1076
f 1045 1076 1086
f 1045 1086 1100
f 1045 1100 1114
f 1045 1114 1126
f 1045 1126 1138
f 1045 1138 1140
f 1045 1140 1139
f 1045 1139 1127
f 1045 1127 1115
f 1045 1115 1101
f 1045 1101 1087
f 1045 1087 1078
f 1045 1078 1070
f 1045 1070 1061
f 1045 1061 1057
f 1045 1057 1055
f 1045 1055 1050
f 1045 1050 1047
f 1045 1047 1048
f 1045 1048 1046
f 1046 1048 1049
f 1047 1050 1048
f 1048 1051 1056
f 1048 1056 1060
f 1048 1060 1062
f 1048 1062 1069
f 1048 1069 1068
f 1048 1068 1067
f 1048 1067 1077
f 1048 1077 1081
f 1048 1081 1080
f 1048 1080 1079
f 1048 1079 1071
f 1048 1071 1064
f 1048 1064 1063
f 1048 1063 1058
f 1048 1058 1052
f 1048 1052 1053
f 1048 1053 1054
f 1048 1054 1049
f 1048 1050 1055
f 1048 1055 1051
f 1051 1055 1057
f 1051 1057 1056
f 1052 1058 1053
f 1053 1058 1059
f 1056 1057 1060
f 1057 1061 1062
f 1057 1062 1060
f 1058 1063 1059
f 1059 1063 1064
f 1059 1064 1065
f 1059 1065 1066
f 1061 1067 1068
f 1061 1068 1069
f 1061 1069 1062
f 1061 1070 1067
f 1064 1071 1082
f 1064 1082 1090
f 1064 1090 1106
f 1064 1106 1105
f 1064 1105 1118
f 1064 1118 1117
f 1064 1117 1131
f 1064 1131 1132
f 1064 1132 1122
f 1064 1122 1119
f 1064 1119 1107
f 1064 1107 1091
f 1064 1091 1083
f 1064 1083 1072
f 1064 1072 1065
f 1065 1072 1066
f 1066 1072 1073
f 1066 1073 1074
f 1066 1074 1075
f 1066 1075 1076
f 1067 1070 1077
f 1070 1078 1079
f 1070 1079 1080
f 1070 1080 1081
f 1070 1081 1077
f 1071 1079 1082
f 1072 1083 1073
f 1073 1083 1074
f 1074 1083 1084
f 1074 1084 1076
f 1074 1076 1075
f 1076 1084 1085
f 1076 1085 1086
f 1078 1087 1088
f 1078 1088 1089
f 1078 1089 1082
f 1078 1082 1079
f 1082 1089 1090
f 1083 1091 1092
f 1083 1092 1084
f 1084 1092 1093
f 1084 1093 1085
f 1085 1093 1094
f 1085 1094 1095
f 1085 1095 1086
f 1086 1095 1094
f 1086 1094 1096
f 1086 1096 1097
f 1086 1097 1098
f 1086 1098 1099
f 1086 1099 1100
f 1087 1101 1102
f 1087 1102 1103
f 1087 1103 1088
f 1088 1103 1089
f 1089 1103 1104
f 1089 1104 1105
f 1089 1105 1106
f 1089 1106 1090
f 1091 1093 1092
f 1091 1107 1093
f 1093 1107 1094
f 1094 1107 1108
f 1094 1108 1096
f 1096 1108 1097
f 1097 1108 1098
f 1098 1108 1109
f 1098 1109 1110
f 1098 1110 1111
f 1098 1111 1112
f 1098 1112 1113
f 1098 1113 1099
f 1099 1113 1114
f 1099 1114 1100
f 1101 1115 1102
f 1102 1116 1117
f 1102 1117 1118
f 1102 1118 1105
f 1102 1105 1104
f 1102 1104 1103
f 1102 1115 1116
f 1107 1119 1108
f 1108 1120 1110
f 1108 1110 1109
f 1108 1119 1121
f 1108 1121 1120
f 1110 1120 1111
f 1111 1120 1112
f 1112 1120 1122
f 1112 1122 1123
f 1112 1123 1124
f 1112 1124 1125
f 1112 1125 1113
f 1113 1126 1114
f 1113 1125 1126
f 1115 1127 1116
f 1116 1128 1129
f 1116 1129 1130
f 1116 1130 1131
f 1116 1131 1117
f 1116 1127 1128
f 1119 1122 1121
f 1120 1121 1122
f 1122 1132 1123
f 1123 1132 1124
f 1124 1132 1133
f 1124 1133 1134
f 1124 1134 1125
f 1125 1134 1135
f 1125 1135 1136
f 1125 1136 1126
f 1126 1137 1138
f 1126 1136 1137
f 1127 1139 1128
f 1128 1139 1129
f 1129 1133 1132
f 1129 1132 1131
f 1129 1131 1130
f 1129 1139 1140
f 1129 1140 1138
f 1129 1138 1133
f 1133 1138 1137
f 1133 1137 1141
f 1133 1141 1136
f 1133 1136 1135
f 1133 1135 1134
f 1136 1141 1137

o geometry_10
v -0.00352049 0.00026315 0.00598810
v -0.00348943 -0.00045607 0.00579130
v -0.00320674 -0.00093596 0.00572242
v -0.00302388 -0.00093596 0.00572242
v -0.00273992 0.00026315 0.00596263
v -0.00355662 0.00026315 0.00597710
v -0.00372839 -0.00069965 0.00565354
v -0.00348943 -0.00122437 0.00555688
v -0.00352208 -0.00204781 0.00527037
v -0.00352208 -0.00269190 0.00502437
v -0.00275355 -0.00046698 0.00579246
v -0.00352208 -0.00308271 0.00486520
v -0.00273929 -0.00264524 0.00500816
v -0.00233268 -0.00249376 0.00494102
v -0.00232983 -0.00019553 0.00572821
v -0.00231589 0.00026315 0.00575889
v -0.00407668 0.00026315 0.00578320
v -0.00396766 -0.00017735 0.00572647
v -0.00400537 -0.00255678 0.00496244
v -0.00403168 -0.00407762 0.00420072
v -0.00352208 -0.00361289 0.00458910
v -0.00273929 -0.00408187 0.00420882
v -0.00234409 -0.00401037 0.00414283
v -0.00231842 -0.00361289 0.00421750
v -0.00229624 -0.00278521 0.00451096
v -0.00231335 -0.00204781 0.00498675
v -0.00226011 -0.00204781 0.00452833
v -0.00226993 0.00026315 0.00531146
v -0.00409443 0.00026315 0.00577278
v -0.00468421 -0.00162730 0.00490861
v -0.00437585 -0.00132616 0.00516387
v -0.00416954 -0.00204781 0.00505158
v -0.00428141 -0.00282278 0.00469676
v -0.00429726 -0.00359835 0.00433442
v -0.00456061 -0.00204781 0.00482468
v -0.00426747 -0.00436059 0.00370583
v -0.00398129 -0.00481987 0.00340079
v -0.00352208 -0.00452358 0.00383490
v -0.00352208 -0.00413216 0.00425223
v -0.00455333 -0.00385041 0.00401029
v -0.00291930 -0.00483987 0.00342684
v -0.00239734 -0.00473141 0.00330355
v -0.00230353 -0.00487561 0.00278262
v -0.00231525 -0.00416306 0.00374577
v -0.00225853 -0.00361289 0.00374577
v -0.00224870 -0.00126557 0.00452833
v -0.00223507 -0.00283065 0.00374577
v -0.00224870 0.00026315 0.00452833
v -0.00446649 0.00026315 0.00555051
v -0.00449279 0.00026315 0.00553141
v -0.00474760 -0.00110561 0.00498154
v -0.00480749 -0.00283065 0.00429043
v -0.00474506 -0.00332811 0.00419609
v -0.00477073 -0.00412125 0.00348877
v -0.00450325 -0.00464294 0.00315132
v -0.00426715 -0.00493378 0.00292037
v -0.00396386 -0.00559241 0.00185130
v -0.00352208 -0.00546275 0.00231204
v -0.00352208 -0.00513616 0.00296379
v -0.00352208 -0.00485138 0.00344362
v -0.00292437 -0.00561180 0.00190282
v -0.00269080 -0.00499135 0.00301183
v -0.00240272 -0.00552213 0.00172743
v -0.00227786 -0.00501376 0.00218123
v -0.00220782 -0.00439573 0.00218123
v -0.00227088 -0.00444057 0.00301183
v -0.00231145 -0.00561362 0.00120592
v -0.00222145 -0.00361289 0.00296379
v -0.00222208 0.00026315 0.00300083
v -0.00223571 0.00026315 0.00378281
v -0.00485408 0.00026315 0.00515808
v -0.00480623 -0.00048273 0.00506489
v -0.00486866 -0.00204781 0.00443340
v -0.00501983 -0.00283065 0.00374577
v -0.00485313 -0.00359835 0.00374808
v -0.00483665 -0.00438725 0.00292037
v -0.00472256 -0.00481866 0.00263039
v -0.00506388 -0.00361289 0.00296379
v -0.00425669 -0.00530278 0.00213955
v -0.00352208 -0.00561847 0.00192076
v -0.00449058 -0.00543185 0.00139867
v -0.00409918 -0.00565543 0.00139867
v -0.00352208 -0.00576752 0.00139867
v -0.00269397 -0.00568572 0.00143918
v -0.00220021 -0.00517797 0.00061553
v -0.00219482 -0.00439573 0.00139867
v -0.00218088 -0.00361289 0.00061553
v -0.00219419 -0.00361289 0.00139867
v -0.00273929 -0.00583538 0.00061553
v -0.00228229 -0.00565300 0.00061553
v -0.00222145 0.00026315 0.00296379
v -0.00219419 -0.00283065 0.00139867
v -0.00218056 -0.00283065 0.00061553
v -0.00486422 0.00026315 0.00513319
v -0.00502078 -0.00048273 0.00452833
v -0.00489116 -0.00132616 0.00460010
v -0.00508670 -0.00204781 0.00374577
v -0.00528319 -0.00126557 0.00296379
v -0.00541186 -0.00126557 0.00218123
v -0.00534055 -0.00204781 0.00218123
v -0.00499321 -0.00439573 0.00218123
v -0.00478563 -0.00490531 0.00218123
v -0.00540805 -0.00204781 0.00139867
v -0.00507561 -0.00439573 0.00139867
v -0.00463192 -0.00551789 0.00061553
v -0.00424053 -0.00572692 0.00061553
v -0.00352208 -0.00590870 0.00061553
v -0.00218278 -0.00439573 0.00061553
v -0.00221796 -0.00532520 0.00007492
v -0.00219261 -0.00517797 0.00007492
v -0.00217454 -0.00307241 0.00007492
v -0.00217423 -0.00283065 0.00007492
v -0.00273929 -0.00585417 0.00007492
v -0.00259794 -0.00579782 0.00007492
v -0.00227659 -0.00566209 0.00007492
v -0.00223856 0.00026315 0.00218123
v -0.00506958 0.00026315 0.00452833
v -0.00507624 0.00026315 0.00449128
v -0.00531551 -0.00048273 0.00296379
v -0.00531520 0.00026315 0.00296379
v -0.00531773 0.00026315 0.00292674
v -0.00535640 0.00026315 0.00218123
v -0.00485979 -0.00504042 0.00139867
v -0.00536020 -0.00283065 0.00007492
v -0.00534625 -0.00283065 0.00061553
v -0.00510445 -0.00439573 0.00061553
v -0.00488767 -0.00512646 0.00061553
v -0.00464491 -0.00552697 0.00007492
v -0.00425384 -0.00573420 0.00007492
v -0.00352208 -0.00592627 0.00007492
v -0.00217961 -0.00439573 0.00007492
v -0.00226074 -0.00198843 0.00007492
v -0.00230511 0.00026315 0.00173438
v -0.00533896 0.00026315 0.00215402
v -0.00527495 -0.00204781 0.00007492
v -0.00534847 -0.00258889 0.00007492
v -0.00510666 -0.00439573 0.00007492
v -0.00495645 -0.00490955 0.00007492
v -0.00488958 -0.00513555 0.00007492
v -0.00240304 -0.00168184 0.00007492
v -0.00273929 0.00026315 0.00159257
v -0.00270031 -0.00156368 0.00007492
v -0.00499036 0.00026315 0.00164061
v -0.00516181 -0.00188239 0.00007492
v -0.00352208 0.00026315 0.00149822
v -0.00293388 -0.00152915 0.00007492
v -0.00495708 0.00026315 0.00163251
v -0.00490859 -0.00155884 0.00007492
v -0.00426747 0.00026315 0.00149128
v -0.00352208 -0.00147037 0.00007492
v -0.00430455 -0.00146068 0.00007492
v -0.00430455 0.00026315 0.00149128
f 1142 1143 1144
f 1142 1144 1145
f 1142 1145 1146
f 1142 1146 1157
f 1142 1157 1169
f 1142 1169 1189
f 1142 1189 1211
f 1142 1211 1210
f 1142 1210 1232
f 1142 1232 1257
f 1142 1257 1274
f 1142 1274 1282
f 1142 1282 1286
f 1142 1286 1290
f 1142 1290 1293
f 1142 1293 1288
f 1142 1288 1284
f 1142 1284 1275
f 1142 1275 1263
f 1142 1263 1262
f 1142 1262 1261
f 1142 1261 1259
f 1142 1259 1258
f 1142 1258 1235
f 1142 1235 1212
f 1142 1212 1191
f 1142 1191 1190
f 1142 1190 1170
f 1142 1170 1158
f 1142 1158 1147
f 1142 1147 1148
f 1142 1148 1143
f 1143 1148 1144
f 1144 1148 1149
f 1144 1149 1150
f 1144 1150 1151
f 1144 1151 1145
f 1145 1152 1146
f 1145 1151 1153
f 1145 1153 1154
f 1145 1154 1155
f 1145 1155 1152
f 1146 1152 1156
f 1146 1156 1157
f 1147 1158 1159
f 1147 1159 1148
f 1148 1159 1160
f 1148 1160 1149
f 1149 1160 1150
f 1150 1160 1151
f 1151 1160 1153
f 1152 1155 1156
f 1153 1160 1161
f 1153 1161 1162
f 1153 1162 1154
f 1154 1162 1163
f 1154 1163 1164
f 1154 1164 1155
f 1155 1164 1165
f 1155 1165 1166
f 1155 1166 1167
f 1155 1167 1156
f 1156 1167 1157
f 1157 1167 1168
f 1157 1168 1169
f 1158 1170 1171
f 1158 1171 1159
f 1159 1171 1172
f 1159 1172 1173
f 1159 1173 1160
f 1160 1174 1175
f 1160 1175 1161
f 1160 1173 1171
f 1160 1171 1176
f 1160 1176 1174
f 1161 1177 1178
f 1161 1178 1179
f 1161 1179 1180
f 1161 1180 1162
f 1161 1175 1181
f 1161 1181 1177
f 1162 1180 1163
f 1163 1180 1182
f 1163 1182 1164
f 1164 1182 1183
f 1164 1183 1184
f 1164 1184 1185
f 1164 1185 1186
f 1164 1186 1165
f 1165 1186 1166
f 1166 1186 1168
f 1166 1168 1167
f 1168 1187 1169
f 1168 1186 1188
f 1168 1188 1187
f 1169 1187 1189
f 1170 1190 1171
f 1171 1173 1172
f 1171 1190 1191
f 1171 1191 1192
f 1171 1192 1193
f 1171 1193 1194
f 1171 1194 1176
f 1174 1194 1175
f 1174 1176 1194
f 1175 1194 1181
f 1177 1181 1195
f 1177 1195 1196
f 1177 1196 1178
f 1178 1197 1198
f 1178 1198 1199
f 1178 1199 1200
f 1178 1200 1201
f 1178 1201 1179
f 1178 1196 1197
f 1179 1201 1182
f 1179 1182 1180
f 1181 1194 1195
f 1182 1201 1200
f 1182 1200 1202
f 1182 1202 1203
f 1182 1203 1183
f 1183 1203 1204
f 1183 1204 1184
f 1184 1205 1206
f 1184 1206 1207
f 1184 1207 1185
f 1184 1204 1208
f 1184 1208 1205
f 1185 1207 1186
f 1186 1207 1206
f 1186 1206 1209
f 1186 1209 1188
f 1187 1210 1211
f 1187 1211 1189
f 1187 1188 1209
f 1187 1209 1210
f 1191 1212 1213
f 1191 1213 1192
f 1192 1214 1193
f 1192 1213 1214
f 1193 1215 1194
f 1193 1214 1215
f 1194 1216 1195
f 1194 1215 1216
f 1195 1217 1218
f 1195 1218 1196
f 1195 1216 1219
f 1195 1219 1217
f 1196 1218 1197
f 1197 1218 1220
f 1197 1220 1198
f 1198 1221 1199
f 1198 1220 1222
f 1198 1222 1223
f 1198 1223 1224
f 1198 1224 1221
f 1199 1221 1202
f 1199 1202 1200
f 1202 1221 1224
f 1202 1224 1225
f 1202 1225 1204
f 1202 1204 1203
f 1204 1225 1208
f 1205 1226 1206
f 1205 1208 1226
f 1206 1226 1227
f 1206 1227 1228
f 1206 1228 1229
f 1206 1229 1210
f 1206 1210 1209
f 1208 1225 1230
f 1208 1230 1231
f 1208 1231 1226
f 1210 1229 1233
f 1210 1233 1234
f 1210 1234 1232
f 1212 1235 1213
f 1213 1235 1236
f 1213 1236 1237
f 1213 1237 1214
f 1214 1237 1236
f 1214 1236 1215
f 1215 1236 1238
f 1215 1238 1239
f 1215 1239 1240
f 1215 1240 1241
f 1215 1241 1219
f 1215 1219 1216
f 1217 1219 1242
f 1217 1242 1243
f 1217 1243 1218
f 1218 1243 1222
f 1218 1222 1220
f 1219 1241 1244
f 1219 1244 1245
f 1219 1245 1242
f 1222 1246 1223
f 1222 1243 1246
f 1223 1247 1248
f 1223 1248 1224
f 1223 1246 1247
f 1224 1248 1225
f 1225 1248 1230
f 1226 1249 1227
f 1226 1231 1250
f 1226 1250 1251
f 1226 1251 1249
f 1227 1249 1228
f 1228 1252 1253
f 1228 1253 1234
f 1228 1234 1229
f 1228 1249 1252
f 1229 1234 1233
f 1230 1248 1254
f 1230 1254 1255
f 1230 1255 1231
f 1231 1255 1256
f 1231 1256 1250
f 1232 1234 1253
f 1232 1253 1257
f 1235 1258 1236
f 1236 1258 1238
f 1238 1258 1239
f 1239 1258 1259
f 1239 1259 1260
f 1239 1260 1240
f 1240 1260 1261
f 1240 1261 1262
f 1240 1262 1263
f 1240 1263 1244
f 1240 1244 1241
f 1242 1245 1264
f 1242 1264 1243
f 1243 1264 1246
f 1244 1265 1266
f 1244 1266 1245
f 1244 1263 1265
f 1245 1266 1267
f 1245 1267 1268
f 1245 1268 1264
f 1246 1269 1247
f 1246 1264 1268
f 1246 1268 1269
f 1247 1270 1271
f 1247 1271 1248
f 1247 1269 1270
f 1248 1271 1254
f 1249 1272 1252
f 1249 1251 1272
f 1250 1256 1255
f 1250 1255 1254
f 1250 1254 1271
f 1250 1271 1270
f 1250 1270 1269
f 1250 1269 1280
f 1250 1280 1279
f 1250 1279 1278
f 1250 1278 1265
f 1250 1265 1277
f 1250 1277 1276
f 1250 1276 1285
f 1250 1285 1289
f 1250 1289 1292
f 1250 1292 1291
f 1250 1291 1287
f 1250 1287 1283
f 1250 1283 1281
f 1250 1281 1273
f 1250 1273 1253
f 1250 1253 1252
f 1250 1252 1272
f 1250 1272 1251
f 1253 1273 1257
f 1257 1273 1274
f 1259 1261 1260
f 1263 1275 1276
f 1263 1276 1277
f 1263 1277 1265
f 1265 1278 1267
f 1265 1267 1266
f 1267 1278 1279
f 1267 1279 1280
f 1267 1280 1268
f 1268 1280 1269
f 1273 1281 1274
f 1274 1281 1283
f 1274 1283 1282
f 1275 1284 1276
f 1276 1284 1285
f 1282 1283 1287
f 1282 1287 1286
f 1284 1288 1289
f 1284 1289 1285
f 1286 1287 1291
f 1286 1291 1292
f 1286 1292 1290
f 1288 1293 1289
f 1289 1293 1292
f 1290 1292 1293

o geometry_11
v 0.00169810 0.00579109 -0.00301048
v 0.00169810 0.00579233 -0.00302526
v 0.00169345 0.00579233 -0.00301829
v 0.00000125 0.00579233 -0.00321325
v 0.00169810 0.00421299 -0.00306989
v 0.00169810 0.00579233 -0.00550220
v 0.00169810 0.00343047 -0.00310085
v 0.00000125 0.00579233 -0.00558420
v 0.00000125 0.00421299 -0.00330138
v 0.00169810 0.00108291 -0.00319791
v 0.00117389 0.00577865 -0.00555073
v 0.00117389 0.00579233 -0.00554961
v 0.00169810 0.00499613 -0.00555157
v 0.00117389 0.00421299 -0.00564862
v 0.00037729 0.00579233 -0.00558531
v 0.00000125 0.00577865 -0.00558531
v 0.00000125 0.00264795 -0.00339118
v 0.00000125 0.00225855 -0.00341405
v 0.00000125 0.00147541 -0.00346035
v 0.00169810 0.00030039 -0.00324532
v 0.00039141 0.00579233 -0.00558531
v 0.00115978 0.00579233 -0.00555045
v 0.00169810 0.00447175 -0.00558392
v 0.00117389 0.00343047 -0.00569687
v 0.00039141 0.00421299 -0.00568349
v 0.00039141 0.00499613 -0.00563496
v 0.00000125 0.00499613 -0.00563384
v 0.00000125 0.00108291 -0.00348545
v 0.00000125 0.00030039 -0.00356438
v 0.00000125 0.00008703 -0.00360873
v 0.00000125 -0.00012757 -0.00365447
v 0.00169810 -0.00037265 -0.00341099
v 0.00000125 0.00069289 -0.00352394
v 0.00169810 0.00343047 -0.00564807
v 0.00039141 0.00343047 -0.00573146
v 0.00117389 0.00264795 -0.00574233
v 0.00039141 0.00264795 -0.00577720
v 0.00000125 0.00421299 -0.00568237
v 0.00000125 0.00343047 -0.00573062
v 0.00000125 -0.00021901 -0.00408063
v 0.00169810 -0.00055367 -0.00408063
v 0.00169810 0.00264795 -0.00569297
v 0.00000125 0.00264795 -0.00577664
v 0.00169810 0.00212419 -0.00572086
v 0.00169810 0.00134167 -0.00576214
v 0.00117389 0.00186605 -0.00578278
v 0.00039141 0.00186605 -0.00581820
v 0.00000125 0.00186605 -0.00581875
v 0.00000125 -0.00023892 -0.00447054
v 0.00000125 -0.00025882 -0.00486295
v 0.00169810 -0.00055802 -0.00420642
v 0.00169810 0.00108291 -0.00577525
v 0.00117389 0.00108291 -0.00582266
v 0.00039141 0.00108291 -0.00585864
v 0.00000125 0.00108291 -0.00585975
v 0.00000125 -0.00021341 -0.00513461
v 0.00169810 -0.00056175 -0.00486295
v 0.00169810 0.00055915 -0.00575461
v 0.00169810 0.00030039 -0.00571500
v 0.00039141 0.00030039 -0.00572030
v 0.00000125 0.00069040 -0.00579031
v 0.00000125 -0.00016738 -0.00540765
v 0.00169810 -0.00053998 -0.00495945
v 0.00169810 -0.00018791 -0.00556133
v 0.00000125 0.00030039 -0.00572086
v 0.00169810 -0.00035897 -0.00545813
f 1294 1295 1296
f 1294 1296 1297
f 1294 1297 1298
f 1294 1298 1300
f 1294 1300 1303
f 1294 1303 1313
f 1294 1313 1325
f 1294 1325 1334
f 1294 1334 1344
f 1294 1344 1350
f 1294 1350 1356
f 1294 1356 1359
f 1294 1359 1357
f 1294 1357 1352
f 1294 1352 1351
f 1294 1351 1345
f 1294 1345 1338
f 1294 1338 1337
f 1294 1337 1335
f 1294 1335 1327
f 1294 1327 1316
f 1294 1316 1306
f 1294 1306 1299
f 1294 1299 1295
f 1295 1299 1305
f 1295 1305 1315
f 1295 1315 1314
f 1295 1314 1308
f 1295 1308 1301
f 1295 1301 1297
f 1295 1297 1296
f 1297 1300 1298
f 1297 1301 1309
f 1297 1309 1320
f 1297 1320 1331
f 1297 1331 1332
f 1297 1332 1336
f 1297 1336 1341
f 1297 1341 1348
f 1297 1348 1354
f 1297 1354 1358
f 1297 1358 1355
f 1297 1355 1349
f 1297 1349 1343
f 1297 1343 1342
f 1297 1342 1333
f 1297 1333 1324
f 1297 1324 1323
f 1297 1323 1322
f 1297 1322 1326
f 1297 1326 1321
f 1297 1321 1312
f 1297 1312 1311
f 1297 1311 1310
f 1297 1310 1302
f 1297 1302 1303
f 1297 1303 1300
f 1299 1304 1305
f 1299 1306 1307
f 1299 1307 1304
f 1301 1308 1309
f 1302 1310 1303
f 1303 1310 1311
f 1303 1311 1312
f 1303 1312 1313
f 1304 1314 1315
f 1304 1315 1305
f 1304 1307 1314
f 1306 1316 1307
f 1307 1316 1317
f 1307 1317 1318
f 1307 1318 1319
f 1307 1319 1314
f 1308 1314 1319
f 1308 1319 1309
f 1309 1319 1320
f 1312 1321 1313
f 1313 1322 1323
f 1313 1323 1324
f 1313 1324 1325
f 1313 1321 1326
f 1313 1326 1322
f 1316 1327 1317
f 1317 1328 1318
f 1317 1327 1329
f 1317 1329 1330
f 1317 1330 1328
f 1318 1331 1320
f 1318 1320 1319
f 1318 1328 1332
f 1318 1332 1331
f 1324 1333 1334
f 1324 1334 1325
f 1327 1335 1329
f 1328 1330 1336
f 1328 1336 1332
f 1329 1335 1337
f 1329 1337 1338
f 1329 1338 1339
f 1329 1339 1340
f 1329 1340 1330
f 1330 1340 1341
f 1330 1341 1336
f 1333 1342 1334
f 1334 1342 1343
f 1334 1343 1344
f 1338 1345 1346
f 1338 1346 1339
f 1339 1346 1347
f 1339 1347 1340
f 1340 1347 1348
f 1340 1348 1341
f 1343 1349 1350
f 1343 1350 1344
f 1345 1351 1346
f 1346 1351 1347
f 1347 1351 1352
f 1347 1352 1353
f 1347 1353 1348
f 1348 1353 1354
f 1349 1355 1350
f 1350 1355 1356
f 1352 1357 1353
f 1353 1358 1354
f 1353 1357 1358
f 1355 1358 1359
f 1355 1359 1356
f 1357 1359 1358

o geometry_12
v 0.00531989 0.00579295 -0.00116934
v 0.00551683 0.00579295 -0.00116934
v 0.00531989 0.00579295 -0.00094064
v 0.00531989 0.01012612 -0.00116934
v 0.00665252 0.00607568 -0.00116934
v 0.00532392 0.00579295 -0.00094363
v 0.00531989 0.00893422 0.00533165
v 0.00615080 0.01007732 -0.00116934
v 0.00531989 0.01121193 0.00185543
v 0.00588299 0.01121193 0.00192420
v 0.00717202 0.00624436 -0.00116934
v 0.00531989 0.00918512 0.00579206
v 0.00665252 0.01001950 -0.00116934
v 0.00531989 0.01121193 0.00643110
v 0.00665181 0.01121193 0.00221793
v 0.00733033 0.00655360 -0.00116934
v 0.00730924 0.00655042 -0.00097502
v 0.00722534 0.00680397 -0.00033897
v 0.00531989 0.00960363 0.00614035
v 0.00713315 0.00768079 0.00108784
v 0.00719169 0.00838150 0.00198548
v 0.00706087 0.00928219 0.00338987
v 0.00617118 0.00937077 0.00479127
v 0.00636054 0.00989272 0.00507006
v 0.00730972 0.00963440 -0.00116934
v 0.00531989 0.01114933 0.00643408
v 0.00537227 0.01121193 0.00638775
v 0.00670229 0.01121193 0.00230388
v 0.00753889 0.00735563 -0.00116934
v 0.00761781 0.00734449 -0.00094961
v 0.00763156 0.00812689 0.00061622
v 0.00743272 0.00728349 -0.00011400
v 0.00728933 0.00752060 0.00061622
v 0.00531989 0.00962697 0.00615605
v 0.00565714 0.00987363 0.00591463
v 0.00731683 0.00812318 0.00136887
v 0.00729123 0.00969169 0.00296310
v 0.00709950 0.00969169 0.00349601
v 0.00761544 0.00890929 0.00139877
v 0.00673784 0.01047462 0.00452818
v 0.00640486 0.01047462 0.00513732
v 0.00613445 0.01047462 0.00552897
v 0.00574317 0.01047462 0.00601329
v 0.00695422 0.01121193 0.00296460
v 0.00733934 0.00965403 -0.00094961
v 0.00752159 0.00909865 -0.00116934
v 0.00531989 0.01047462 0.00646622
v 0.00539383 0.01047462 0.00640419
v 0.00571283 0.01121193 0.00601927
v 0.00756709 0.00834649 -0.00116934
v 0.00763274 0.00812689 -0.00094961
v 0.00774105 0.00812689 -0.00016706
v 0.00531989 0.01034890 0.00645427
v 0.00743082 0.00969169 0.00218131
v 0.00710732 0.01047462 0.00355281
v 0.00698574 0.01047462 0.00394445
v 0.00772067 0.00890929 0.00061622
v 0.00670822 0.01121193 0.00452818
v 0.00639372 0.01121193 0.00512013
v 0.00637808 0.01121193 0.00514330
v 0.00612449 0.01121193 0.00551178
v 0.00610174 0.01121193 0.00554018
v 0.00573321 0.01121193 0.00599610
v 0.00695540 0.01121193 0.00297506
v 0.00773062 0.00890929 -0.00016706
v 0.00763369 0.00890929 -0.00094961
v 0.00756804 0.00890929 -0.00116934
v 0.00707130 0.01093928 0.00346611
v 0.00695730 0.01121193 0.00372397
v 0.00695730 0.01121193 0.00371425
v 0.00707130 0.01093928 0.00322619
f 1360 1361 1365
f 1360 1365 1362
f 1360 1362 1366
f 1360 1366 1371
f 1360 1371 1378
f 1360 1378 1393
f 1360 1393 1412
f 1360 1412 1406
f 1360 1406 1385
f 1360 1385 1373
f 1360 1373 1368
f 1360 1368 1363
f 1360 1363 1367
f 1360 1367 1372
f 1360 1372 1384
f 1360 1384 1405
f 1360 1405 1426
f 1360 1426 1409
f 1360 1409 1388
f 1360 1388 1375
f 1360 1375 1370
f 1360 1370 1364
f 1360 1364 1361
f 1361 1364 1365
f 1362 1365 1364
f 1362 1364 1366
f 1363 1368 1369
f 1363 1369 1367
f 1364 1370 1366
f 1366 1370 1371
f 1367 1369 1372
f 1368 1373 1386
f 1368 1386 1408
f 1368 1408 1422
f 1368 1422 1421
f 1368 1421 1420
f 1368 1420 1419
f 1368 1419 1418
f 1368 1418 1417
f 1368 1417 1428
f 1368 1428 1429
f 1368 1429 1423
f 1368 1423 1403
f 1368 1403 1387
f 1368 1387 1374
f 1368 1374 1369
f 1369 1374 1372
f 1370 1375 1376
f 1370 1376 1377
f 1370 1377 1371
f 1371 1377 1379
f 1371 1379 1380
f 1371 1380 1381
f 1371 1381 1382
f 1371 1382 1383
f 1371 1383 1378
f 1372 1374 1384
f 1373 1385 1386
f 1374 1387 1384
f 1375 1388 1389
f 1375 1389 1376
f 1376 1389 1390
f 1376 1390 1391
f 1376 1391 1377
f 1377 1391 1392
f 1377 1392 1379
f 1378 1383 1394
f 1378 1394 1393
f 1379 1392 1380
f 1380 1392 1395
f 1380 1395 1390
f 1380 1390 1381
f 1381 1396 1397
f 1381 1397 1383
f 1381 1383 1382
f 1381 1390 1398
f 1381 1398 1396
f 1383 1399 1400
f 1383 1400 1401
f 1383 1401 1402
f 1383 1402 1394
f 1383 1397 1399
f 1384 1387 1403
f 1384 1403 1404
f 1384 1404 1405
f 1385 1406 1386
f 1386 1406 1407
f 1386 1407 1408
f 1388 1409 1389
f 1389 1409 1410
f 1389 1410 1411
f 1389 1411 1390
f 1390 1392 1391
f 1390 1411 1398
f 1390 1395 1392
f 1393 1394 1412
f 1394 1402 1412
f 1396 1413 1414
f 1396 1414 1415
f 1396 1415 1397
f 1396 1398 1413
f 1397 1415 1399
f 1398 1411 1416
f 1398 1416 1413
f 1399 1415 1417
f 1399 1417 1418
f 1399 1418 1400
f 1400 1418 1419
f 1400 1419 1420
f 1400 1420 1401
f 1401 1420 1421
f 1401 1421 1402
f 1402 1421 1422
f 1402 1422 1408
f 1402 1408 1407
f 1402 1407 1412
f 1403 1423 1404
f 1404 1424 1425
f 1404 1425 1405
f 1404 1423 1424
f 1405 1425 1426
f 1406 1412 1407
f 1409 1426 1410
f 1410 1426 1425
f 1410 1425 1411
f 1411 1424 1416
f 1411 1425 1424
f 1413 1427 1414
f 1413 1416 1427
f 1414 1427 1428
f 1414 1428 1417
f 1414 1417 1415
f 1416 1424 1427
f 1423 1429 1430
f 1423 1430 1424
f 1424 1430 1427
f 1427 1430 1429
f 1427 1429 1428

o geometry_13
v 0.00214821 0.00579295 -0.00116934
v 0.00178180 0.01121193 -0.00116934
v 0.00531954 0.00579295 -0.00116934
v 0.00226216 0.00579295 0.00531128
v 0.00192102 0.01121193 0.00687631
v 0.00430238 0.01121193 -0.00116934
v 0.00531954 0.01012612 -0.00116934
v 0.00531954 0.00579295 -0.00094023
v 0.00227601 0.00579295 0.00609337
v 0.00227670 0.00579295 0.00610715
v 0.00231549 0.00579295 0.00664720
v 0.00234562 0.00692650 0.00727080
v 0.00205990 0.01121193 0.00740861
v 0.00531954 0.01121193 0.00185564
v 0.00531954 0.00893422 0.00533195
v 0.00511971 0.00579295 0.00531128
v 0.00231826 0.00579295 0.00665495
v 0.00244155 0.00640455 0.00713902
v 0.00268745 0.00579295 0.00708475
v 0.00280070 0.00579295 0.00715624
v 0.00296347 0.00593936 0.00730870
v 0.00271723 0.00662415 0.00734574
v 0.00273940 0.00734449 0.00743876
v 0.00273940 0.00812689 0.00750078
v 0.00273940 0.00890929 0.00754470
v 0.00273940 0.01121193 0.00762997
v 0.00531954 0.01121193 0.00643101
v 0.00531954 0.00918512 0.00579190
v 0.00531954 0.00960363 0.00613988
v 0.00531954 0.00962697 0.00615538
v 0.00531954 0.01034890 0.00645426
v 0.00489079 0.00579295 0.00616227
v 0.00341682 0.00579295 0.00721309
v 0.00323776 0.00593936 0.00730870
v 0.00337560 0.00656156 0.00736296
v 0.00352210 0.00890929 0.00756279
v 0.00352210 0.00969169 0.00759983
v 0.00352210 0.01047462 0.00758863
v 0.00352210 0.01121193 0.00756107
v 0.00498049 0.01121193 0.00671180
v 0.00531954 0.01110743 0.00643618
v 0.00531954 0.01047462 0.00646546
v 0.00442394 0.00890929 0.00707614
v 0.00480005 0.00734449 0.00661275
v 0.00476576 0.00656156 0.00656537
v 0.00472871 0.00592185 0.00652059
v 0.00472005 0.00579295 0.00651111
v 0.00482048 0.00579295 0.00630956
v 0.00353110 0.00579295 0.00716830
v 0.00357543 0.00737526 0.00739311
v 0.00352210 0.00812689 0.00749044
v 0.00376661 0.00656156 0.00720879
v 0.00387189 0.00713550 0.00725013
v 0.00392730 0.00765692 0.00727511
v 0.00396921 0.00812689 0.00729578
v 0.00403259 0.00890929 0.00733109
v 0.00406791 0.00969169 0.00735090
v 0.00405995 0.01047462 0.00734488
v 0.00403051 0.01121193 0.00732937
v 0.00494863 0.01121193 0.00673506
v 0.00500231 0.01047462 0.00672989
v 0.00436056 0.00812689 0.00704686
v 0.00445926 0.00969169 0.00710715
v 0.00423484 0.00737526 0.00704686
v 0.00430445 0.00656156 0.00689785
v 0.00437372 0.00579295 0.00673764
v 0.00445130 0.01047462 0.00712093
v 0.00439900 0.01121193 0.00711662
v 0.00442186 0.01121193 0.00710284
f 1431 1432 1436
f 1431 1436 1437
f 1431 1437 1433
f 1431 1433 1438
f 1431 1438 1446
f 1431 1446 1462
f 1431 1462 1478
f 1431 1478 1477
f 1431 1477 1496
f 1431 1496 1479
f 1431 1479 1463
f 1431 1463 1450
f 1431 1450 1449
f 1431 1449 1447
f 1431 1447 1441
f 1431 1441 1440
f 1431 1440 1439
f 1431 1439 1434
f 1431 1434 1435
f 1431 1435 1432
f 1432 1435 1443
f 1432 1443 1456
f 1432 1456 1469
f 1432 1469 1489
f 1432 1489 1498
f 1432 1498 1499
f 1432 1499 1490
f 1432 1490 1470
f 1432 1470 1457
f 1432 1457 1444
f 1432 1444 1436
f 1433 1437 1444
f 1433 1444 1457
f 1433 1457 1471
f 1433 1471 1472
f 1433 1472 1461
f 1433 1461 1460
f 1433 1460 1459
f 1433 1459 1458
f 1433 1458 1445
f 1433 1445 1438
f 1434 1439 1435
f 1435 1439 1440
f 1435 1440 1441
f 1435 1441 1442
f 1435 1442 1443
f 1436 1444 1437
f 1438 1445 1446
f 1441 1447 1442
f 1442 1448 1449
f 1442 1449 1450
f 1442 1450 1451
f 1442 1451 1452
f 1442 1452 1453
f 1442 1453 1454
f 1442 1454 1443
f 1442 1447 1448
f 1443 1454 1455
f 1443 1455 1456
f 1445 1458 1446
f 1446 1458 1459
f 1446 1459 1460
f 1446 1460 1461
f 1446 1461 1462
f 1447 1449 1448
f 1450 1463 1451
f 1451 1463 1464
f 1451 1464 1453
f 1451 1453 1452
f 1453 1464 1465
f 1453 1465 1466
f 1453 1466 1454
f 1454 1466 1455
f 1455 1466 1467
f 1455 1467 1456
f 1456 1467 1468
f 1456 1468 1469
f 1457 1470 1471
f 1461 1472 1473
f 1461 1473 1474
f 1461 1474 1475
f 1461 1475 1476
f 1461 1476 1477
f 1461 1477 1478
f 1461 1478 1462
f 1463 1479 1465
f 1463 1465 1464
f 1465 1480 1481
f 1465 1481 1466
f 1465 1479 1482
f 1465 1482 1483
f 1465 1483 1480
f 1466 1481 1484
f 1466 1484 1485
f 1466 1485 1486
f 1466 1486 1467
f 1467 1486 1487
f 1467 1487 1488
f 1467 1488 1468
f 1468 1488 1469
f 1469 1488 1489
f 1470 1490 1491
f 1470 1491 1471
f 1471 1491 1472
f 1472 1491 1473
f 1473 1492 1475
f 1473 1475 1474
f 1473 1491 1493
f 1473 1493 1486
f 1473 1486 1492
f 1475 1492 1476
f 1476 1492 1494
f 1476 1494 1477
f 1477 1494 1495
f 1477 1495 1496
f 1479 1496 1482
f 1480 1483 1481
f 1481 1483 1484
f 1482 1496 1483
f 1483 1496 1495
f 1483 1495 1494
f 1483 1494 1484
f 1484 1494 1492
f 1484 1492 1485
f 1485 1492 1486
f 1486 1493 1487
f 1487 1493 1497
f 1487 1497 1488
f 1488 1497 1489
f 1489 1497 1498
f 1490 1499 1497
f 1490 1497 1491
f 1491 1497 1493
f 1497 1499 1498

o geometry_14
v 0.00490649 0.01121193 -0.00240628
v 0.00197217 0.01121193 -0.00240628
v 0.00430270 0.01121193 -0.00116947
v 0.00665203 0.01001950 -0.00116947
v 0.00730974 0.00963440 -0.00116947
v 0.00723388 0.00958454 -0.00173253
v 0.00712227 0.00944875 -0.00226908
v 0.00688841 0.00957817 -0.00240628
v 0.00116273 0.01121140 -0.00240628
v 0.00117464 0.01121193 -0.00240507
v 0.00178219 0.01121193 -0.00116947
v 0.00752167 0.00909865 -0.00116947
v 0.00714171 0.00890929 -0.00230989
v 0.00708528 0.00890929 -0.00240628
v 0.00756806 0.00890929 -0.00116947
v 0.00739878 0.00890929 -0.00173253
v 0.00199663 0.00579295 -0.00240628
v 0.00214836 0.00579295 -0.00116947
v 0.00719626 0.00656050 -0.00240628
v 0.00756681 0.00834649 -0.00116947
v 0.00684828 0.00579295 -0.00240628
v 0.00551655 0.00579295 -0.00116947
v 0.00739188 0.00656156 -0.00173253
v 0.00719563 0.00655307 -0.00240628
v 0.00753859 0.00735563 -0.00116947
v 0.00694421 0.00586668 -0.00240628
v 0.00685580 0.00579295 -0.00226799
v 0.00670094 0.00579295 -0.00168204
v 0.00711287 0.00611334 -0.00125278
v 0.00665203 0.00607568 -0.00116947
v 0.00733043 0.00655360 -0.00116947
v 0.00717055 0.00601256 -0.00173253
v 0.00714359 0.00601680 -0.00233072
v 0.00710911 0.00610485 -0.00240628
v 0.00672852 0.00579295 -0.00173253
v 0.00717181 0.00624436 -0.00116947
f 1500 1501 1509
f 1500 1509 1510
f 1500 1510 1502
f 1500 1502 1503
f 1500 1503 1504
f 1500 1504 1505
f 1500 1505 1506
f 1500 1506 1507
f 1500 1507 1513
f 1500 1513 1518
f 1500 1518 1523
f 1500 1523 1533
f 1500 1533 1525
f 1500 1525 1520
f 1500 1520 1516
f 1500 1516 1508
f 1500 1508 1501
f 1501 1508 1509
f 1502 1510 1517
f 1502 1517 1521
f 1502 1521 1529
f 1502 1529 1535
f 1502 1535 1530
f 1502 1530 1524
f 1502 1524 1519
f 1502 1519 1514
f 1502 1514 1511
f 1502 1511 1504
f 1502 1504 1503
f 1504 1511 1505
f 1505 1511 1506
f 1506 1512 1513
f 1506 1513 1507
f 1506 1511 1514
f 1506 1514 1515
f 1506 1515 1512
f 1508 1510 1509
f 1508 1516 1517
f 1508 1517 1510
f 1512 1515 1518
f 1512 1518 1513
f 1514 1519 1518
f 1514 1518 1515
f 1516 1520 1526
f 1516 1526 1534
f 1516 1534 1527
f 1516 1527 1521
f 1516 1521 1517
f 1518 1519 1522
f 1518 1522 1523
f 1519 1524 1522
f 1520 1525 1526
f 1521 1527 1528
f 1521 1528 1529
f 1522 1524 1530
f 1522 1530 1531
f 1522 1531 1532
f 1522 1532 1523
f 1523 1532 1533
f 1525 1533 1532
f 1525 1532 1526
f 1526 1531 1534
f 1526 1532 1531
f 1527 1534 1528
f 1528 1534 1531
f 1528 1531 1535
f 1528 1535 1529
f 1530 1535 1531

o geometry_15
v -0.00507711 0.01157655 0.00061815
v -0.00438198 0.01047781 0.00061815
v -0.00561886 0.01157655 0.00085288
v -0.00139815 0.01157655 0.00061815
v -0.00666788 0.01047781 0.00194895
v -0.00216785 0.01047781 0.00061815
v -0.00590662 0.01157655 0.00105713
v 0.00000125 0.01157655 0.00208605
v -0.00690709 0.01047781 0.00220168
v -0.00649480 0.01157655 0.00154666
v 0.00000125 0.01156988 0.00218091
v 0.00000125 0.01157204 0.00492075
v 0.00000125 0.01157268 0.00570386
v 0.00000125 0.01157332 0.00648627
v 0.00000125 0.01157365 0.00687610
v -0.00219600 0.01047781 0.00218091
v 0.00000125 0.01157655 0.00691833
v -0.00717585 0.01047781 0.00280545
v -0.00691061 0.01157655 0.00219129
v -0.00231842 0.01047781 0.00731439
v -0.00228183 0.01047781 0.00687610
v -0.00126518 0.01157655 0.00740578
v -0.00273986 0.01047781 0.00756642
v -0.00273704 0.01047781 0.00756504
v -0.00718641 0.01047781 0.00292109
v -0.00697745 0.01157655 0.00296471
v -0.00174149 0.01157655 0.00756435
v -0.00242043 0.01157655 0.00769036
v -0.00351941 0.01047781 0.00760797
v -0.00710901 0.01047781 0.00356364
v -0.00707032 0.01093899 0.00346808
v -0.00694790 0.01157655 0.00373535
v -0.00273986 0.01157655 0.00767513
v -0.00352222 0.01125734 0.00757612
v -0.00352222 0.01047781 0.00760727
v -0.00320280 0.01157655 0.00764051
v -0.00698870 0.01047781 0.00395761
v -0.00669672 0.01157655 0.00452816
v -0.00352222 0.01157655 0.00755534
v -0.00403161 0.01157655 0.00733239
v -0.00405201 0.01125734 0.00734347
v -0.00407804 0.01047781 0.00735801
v -0.00674316 0.01047781 0.00452816
v -0.00657430 0.01157655 0.00476288
v -0.00442279 0.01157655 0.00709974
v -0.00444319 0.01125734 0.00711082
v -0.00446923 0.01047781 0.00712605
v -0.00640615 0.01047781 0.00514509
v -0.00639419 0.01125734 0.00512431
v -0.00638856 0.01157655 0.00511601
v -0.00496876 0.01157655 0.00670853
v -0.00497791 0.01125734 0.00671961
v -0.00499831 0.01047781 0.00673485
v -0.00614020 0.01047781 0.00553630
v -0.00612683 0.01125734 0.00551552
v -0.00612050 0.01157655 0.00550721
v -0.00535994 0.01157655 0.00637549
v -0.00536909 0.01125734 0.00638241
v -0.00538949 0.01047781 0.00639972
v -0.00574902 0.01047781 0.00600851
v -0.00573565 0.01125734 0.00599120
v -0.00572932 0.01157655 0.00598428
v -0.00596149 0.01157655 0.00570247
f 1536 1537 1538
f 1536 1538 1542
f 1536 1542 1545
f 1536 1545 1554
f 1536 1554 1561
f 1536 1561 1567
f 1536 1567 1573
f 1536 1573 1579
f 1536 1579 1585
f 1536 1585 1591
f 1536 1591 1598
f 1536 1598 1597
f 1536 1597 1592
f 1536 1592 1586
f 1536 1586 1580
f 1536 1580 1575
f 1536 1575 1574
f 1536 1574 1571
f 1536 1571 1568
f 1536 1568 1563
f 1536 1563 1562
f 1536 1562 1557
f 1536 1557 1552
f 1536 1552 1543
f 1536 1543 1539
f 1536 1539 1541
f 1536 1541 1537
f 1537 1540 1538
f 1537 1541 1551
f 1537 1551 1556
f 1537 1556 1555
f 1537 1555 1559
f 1537 1559 1558
f 1537 1558 1564
f 1537 1564 1570
f 1537 1570 1577
f 1537 1577 1582
f 1537 1582 1588
f 1537 1588 1594
f 1537 1594 1595
f 1537 1595 1589
f 1537 1589 1583
f 1537 1583 1578
f 1537 1578 1572
f 1537 1572 1565
f 1537 1565 1560
f 1537 1560 1553
f 1537 1553 1544
f 1537 1544 1540
f 1538 1540 1542
f 1539 1543 1541
f 1540 1544 1545
f 1540 1545 1542
f 1541 1543 1546
f 1541 1546 1547
f 1541 1547 1548
f 1541 1548 1549
f 1541 1549 1550
f 1541 1550 1551
f 1543 1552 1550
f 1543 1550 1549
f 1543 1549 1548
f 1543 1548 1547
f 1543 1547 1546
f 1544 1553 1554
f 1544 1554 1545
f 1550 1552 1555
f 1550 1555 1556
f 1550 1556 1551
f 1552 1557 1558
f 1552 1558 1559
f 1552 1559 1555
f 1553 1560 1554
f 1554 1560 1561
f 1557 1562 1558
f 1558 1562 1563
f 1558 1563 1564
f 1560 1565 1566
f 1560 1566 1567
f 1560 1567 1561
f 1563 1568 1564
f 1564 1569 1570
f 1564 1568 1571
f 1564 1571 1569
f 1565 1572 1567
f 1565 1567 1566
f 1567 1572 1573
f 1569 1571 1574
f 1569 1574 1575
f 1569 1575 1576
f 1569 1576 1570
f 1570 1576 1577
f 1572 1578 1573
f 1573 1578 1579
f 1575 1580 1581
f 1575 1581 1576
f 1576 1581 1582
f 1576 1582 1577
f 1578 1583 1584
f 1578 1584 1585
f 1578 1585 1579
f 1580 1586 1581
f 1581 1586 1587
f 1581 1587 1582
f 1582 1587 1588
f 1583 1589 1584
f 1584 1589 1590
f 1584 1590 1585
f 1585 1590 1591
f 1586 1592 1587
f 1587 1592 1593
f 1587 1593 1594
f 1587 1594 1588
f 1589 1595 1596
f 1589 1596 1597
f 1589 1597 1598
f 1589 1598 1590
f 1590 1598 1591
f 1592 1597 1593
f 1593 1597 1594
f 1594 1597 1596
f 1594 1596 1595

o geometry_16
v -0.00532065 0.00542526 -0.00172989
v -0.00213618 0.00542526 -0.00172989
v -0.00532065 0.00542526 -0.00145202
v -0.00532065 0.01012865 -0.00172989
v -0.00211674 0.01047732 -0.00172989
v -0.00227576 0.00542526 0.00609343
v -0.00511364 0.00542526 0.00531101
v -0.00532065 0.00893326 0.00533021
v -0.00438504 0.01047781 -0.00172989
v -0.00532065 0.01047781 0.00172429
v -0.00218982 0.01047781 -0.00172989
v -0.00213963 0.01047781 -0.00095295
v -0.00213963 0.01047781 -0.00094930
v -0.00215343 0.01047781 -0.00016687
v -0.00218166 0.01047781 0.00139889
v -0.00228172 0.01047781 0.00687586
v -0.00229238 0.00812661 0.00687586
v -0.00230336 0.00734420 0.00687586
v -0.00231528 0.00542526 0.00661901
v -0.00496999 0.00542526 0.00582928
v -0.00532065 0.00964495 0.00615559
v -0.00532065 0.00960984 0.00613914
v -0.00532065 0.01047781 0.00645905
v -0.00231810 0.01047781 0.00731460
v -0.00232437 0.00812661 0.00730546
v -0.00233566 0.00734420 0.00728627
v -0.00234601 0.00692925 0.00727073
v -0.00272490 0.00542526 0.00702211
v -0.00488374 0.00542526 0.00612177
v -0.00532065 0.01047435 0.00645905
v -0.00499853 0.01047781 0.00673510
v -0.00273682 0.01047781 0.00756505
v -0.00231967 0.01047435 0.00731643
v -0.00232280 0.00969194 0.00731734
v -0.00232280 0.00890903 0.00731369
v -0.00273933 0.00969194 0.00757053
v -0.00273933 0.00890903 0.00754951
v -0.00273933 0.00812661 0.00750838
v -0.00273933 0.00734420 0.00744074
v -0.00271486 0.00662558 0.00734568
v -0.00295951 0.00593615 0.00730912
v -0.00304137 0.00542526 0.00706141
v -0.00470872 0.00542526 0.00645631
v -0.00472817 0.00592181 0.00652030
v -0.00476518 0.00656178 0.00656417
v -0.00479968 0.00734420 0.00661170
v -0.00499853 0.01047435 0.00673510
v -0.00446972 0.01047435 0.00712631
v -0.00446941 0.01047781 0.00712631
v -0.00273933 0.01047781 0.00756596
v -0.00351906 0.01047781 0.00760801
v -0.00352219 0.00969194 0.00760710
v -0.00352219 0.00890903 0.00756779
v -0.00352219 0.00812661 0.00750015
v -0.00337635 0.00656178 0.00736305
v -0.00323834 0.00593615 0.00730912
v -0.00351404 0.00542526 0.00711168
v -0.00466764 0.00542526 0.00650201
v -0.00423574 0.00737091 0.00704587
v -0.00436277 0.00812661 0.00704587
v -0.00442362 0.00890903 0.00707604
v -0.00446157 0.00969194 0.00710711
v -0.00407014 0.00969194 0.00735391
v -0.00407829 0.01047435 0.00735848
v -0.00407829 0.01047781 0.00735756
v -0.00352219 0.01047781 0.00760710
v -0.00403250 0.00890903 0.00733197
v -0.00397165 0.00812661 0.00729724
v -0.00392900 0.00764935 0.00727621
v -0.00357551 0.00737091 0.00739687
v -0.00387191 0.00712758 0.00725062
v -0.00376715 0.00656178 0.00720857
v -0.00380918 0.00542526 0.00697001
v -0.00430443 0.00656178 0.00689688
v -0.00432984 0.00542526 0.00670493
f 1599 1600 1604
f 1599 1604 1617
f 1599 1617 1626
f 1599 1626 1640
f 1599 1640 1655
f 1599 1655 1671
f 1599 1671 1673
f 1599 1673 1656
f 1599 1656 1641
f 1599 1641 1627
f 1599 1627 1618
f 1599 1618 1605
f 1599 1605 1601
f 1599 1601 1606
f 1599 1606 1620
f 1599 1620 1619
f 1599 1619 1628
f 1599 1628 1621
f 1599 1621 1608
f 1599 1608 1602
f 1599 1602 1607
f 1599 1607 1609
f 1599 1609 1603
f 1599 1603 1600
f 1600 1603 1604
f 1601 1605 1606
f 1602 1608 1607
f 1603 1609 1610
f 1603 1610 1611
f 1603 1611 1612
f 1603 1612 1613
f 1603 1613 1614
f 1603 1614 1604
f 1604 1614 1615
f 1604 1615 1616
f 1604 1616 1617
f 1605 1618 1619
f 1605 1619 1620
f 1605 1620 1606
f 1607 1608 1621
f 1607 1621 1629
f 1607 1629 1647
f 1607 1647 1663
f 1607 1663 1664
f 1607 1664 1649
f 1607 1649 1648
f 1607 1648 1630
f 1607 1630 1622
f 1607 1622 1614
f 1607 1614 1613
f 1607 1613 1612
f 1607 1612 1611
f 1607 1611 1610
f 1607 1610 1609
f 1614 1622 1623
f 1614 1623 1615
f 1615 1623 1616
f 1616 1623 1624
f 1616 1624 1617
f 1617 1624 1625
f 1617 1625 1626
f 1618 1627 1628
f 1618 1628 1619
f 1621 1628 1645
f 1621 1645 1629
f 1622 1630 1631
f 1622 1631 1632
f 1622 1632 1633
f 1622 1633 1623
f 1623 1633 1634
f 1623 1634 1635
f 1623 1635 1624
f 1624 1635 1625
f 1625 1635 1636
f 1625 1636 1637
f 1625 1637 1638
f 1625 1638 1639
f 1625 1639 1626
f 1626 1639 1640
f 1627 1641 1628
f 1628 1641 1642
f 1628 1642 1643
f 1628 1643 1644
f 1628 1644 1645
f 1629 1645 1646
f 1629 1646 1647
f 1630 1648 1634
f 1630 1634 1631
f 1631 1634 1632
f 1632 1634 1633
f 1634 1649 1650
f 1634 1650 1635
f 1634 1648 1649
f 1635 1650 1651
f 1635 1651 1636
f 1636 1651 1652
f 1636 1652 1637
f 1637 1652 1653
f 1637 1653 1654
f 1637 1654 1639
f 1637 1639 1638
f 1639 1654 1655
f 1639 1655 1640
f 1641 1656 1642
f 1642 1656 1657
f 1642 1657 1658
f 1642 1658 1643
f 1643 1658 1659
f 1643 1659 1644
f 1644 1659 1645
f 1645 1659 1660
f 1645 1660 1646
f 1646 1660 1661
f 1646 1661 1662
f 1646 1662 1647
f 1647 1662 1663
f 1649 1664 1650
f 1650 1664 1662
f 1650 1662 1661
f 1650 1661 1651
f 1651 1661 1665
f 1651 1665 1666
f 1651 1666 1667
f 1651 1667 1652
f 1652 1668 1653
f 1652 1667 1669
f 1652 1669 1668
f 1653 1668 1669
f 1653 1669 1670
f 1653 1670 1655
f 1653 1655 1654
f 1655 1670 1671
f 1656 1672 1657
f 1656 1673 1669
f 1656 1669 1672
f 1657 1669 1667
f 1657 1667 1658
f 1657 1672 1669
f 1658 1667 1666
f 1658 1666 1665
f 1658 1665 1659
f 1659 1665 1660
f 1660 1665 1661
f 1662 1664 1663
f 1669 1673 1670
f 1670 1673 1671

o geometry_17
v 0.00519562 0.00343312 -0.00131981
v 0.00513556 0.00343312 -0.00330137
v 0.00214621 0.00343312 -0.00131981
v 0.00527352 0.00301754 -0.00131981
v 0.00503873 0.00343042 -0.00408039
v 0.00503800 0.00343312 -0.00408257
v 0.00533723 0.00264794 -0.00131981
v 0.00540530 0.00186546 -0.00173287
v 0.00538673 0.00108208 -0.00251538
v 0.00169846 0.00343312 -0.00310073
v 0.00214621 0.00264794 -0.00131981
v 0.00541695 0.00029960 -0.00251538
v 0.00527607 0.00029960 -0.00329788
v 0.00507622 0.00029960 -0.00408039
v 0.00481777 0.00343312 -0.00461951
v 0.00487091 -0.00126445 -0.00473989
v 0.00486400 -0.00048287 -0.00471939
v 0.00485635 0.00029960 -0.00469889
v 0.00484762 0.00108208 -0.00467795
v 0.00537800 -0.00204693 -0.00131981
v 0.00541586 -0.00048287 -0.00251538
v 0.00539511 -0.00204693 -0.00173287
v 0.00214730 0.00227834 -0.00131981
v 0.00169846 0.00343312 -0.00564758
v 0.00169846 0.00108208 -0.00319800
v 0.00219280 -0.00439526 -0.00131981
v 0.00217606 -0.00204693 -0.00131981
v 0.00527316 -0.00048287 -0.00329788
v 0.00508969 -0.00126445 -0.00408039
v 0.00508387 -0.00048287 -0.00408039
v 0.00430450 0.00343042 -0.00498590
v 0.00430231 0.00343312 -0.00498677
v 0.00452182 -0.00126445 -0.00513115
v 0.00448505 -0.00048287 -0.00511108
v 0.00507404 -0.00204693 -0.00408039
v 0.00485672 -0.00204693 -0.00471416
v 0.00535761 -0.00246070 -0.00131981
v 0.00537654 -0.00126445 -0.00251538
v 0.00511554 -0.00283030 -0.00329788
v 0.00505074 -0.00439526 -0.00173287
v 0.00510899 -0.00361278 -0.00251538
v 0.00195364 0.00343312 -0.00562403
v 0.00169846 0.00343042 -0.00564802
v 0.00169846 0.00029960 -0.00324554
v 0.00224231 -0.00518225 -0.00131981
v 0.00169846 -0.00037379 -0.00341085
v 0.00392446 0.00234234 -0.00525895
v 0.00388005 0.00286429 -0.00524455
v 0.00382544 0.00343042 -0.00522929
v 0.00409373 -0.00048287 -0.00533571
v 0.00404968 0.00029960 -0.00531434
v 0.00400309 0.00108208 -0.00529297
v 0.00395467 0.00186546 -0.00527203
v 0.00382362 0.00343312 -0.00522972
v 0.00447741 -0.00204693 -0.00510541
v 0.00408608 -0.00204693 -0.00533092
v 0.00413049 -0.00126445 -0.00535229
v 0.00497721 -0.00283030 -0.00408039
v 0.00477591 -0.00283030 -0.00458548
v 0.00507367 -0.00439526 -0.00131981
v 0.00500378 -0.00361278 -0.00329788
v 0.00495974 -0.00476486 -0.00131981
v 0.00483488 -0.00499023 -0.00173287
v 0.00489494 -0.00445115 -0.00255638
v 0.00195692 0.00343312 -0.00562359
v 0.00195692 0.00264794 -0.00566852
v 0.00169846 0.00264794 -0.00569294
v 0.00229582 -0.00549325 -0.00131981
v 0.00169846 -0.00055409 -0.00408039
v 0.00169846 -0.00055860 -0.00420601
v 0.00169846 -0.00056220 -0.00486289
v 0.00169846 -0.00054057 -0.00495929
v 0.00169846 -0.00036027 -0.00545828
v 0.00352221 -0.00048287 -0.00552807
v 0.00352221 0.00029960 -0.00548576
v 0.00343448 0.00343042 -0.00533877
v 0.00343157 0.00343312 -0.00533920
v 0.00352221 0.00186546 -0.00540027
v 0.00470674 -0.00323867 -0.00448516
v 0.00427137 -0.00279695 -0.00497630
v 0.00398852 -0.00251479 -0.00528643
v 0.00352221 -0.00204693 -0.00547834
v 0.00352221 -0.00126445 -0.00555249
v 0.00479156 -0.00354517 -0.00402369
v 0.00480211 -0.00419784 -0.00329788
v 0.00472057 -0.00403918 -0.00372534
v 0.00485781 -0.00504522 -0.00131981
v 0.00476680 -0.00487484 -0.00232302
v 0.00446940 -0.00545359 -0.00131981
v 0.00273629 0.00343312 -0.00550015
v 0.00273956 0.00264794 -0.00554377
v 0.00273956 0.00186546 -0.00558564
v 0.00273956 0.00029960 -0.00566939
v 0.00195692 0.00108208 -0.00575183
v 0.00169846 0.00212328 -0.00572086
v 0.00231584 -0.00560774 -0.00131981
v 0.00169846 -0.00018899 -0.00556122
v 0.00234424 -0.00244808 -0.00525895
v 0.00231548 -0.00331800 -0.00453707
v 0.00231002 -0.00410048 -0.00379513
v 0.00231439 -0.00483969 -0.00299517
v 0.00228745 -0.00493614 -0.00251538
v 0.00273956 0.00343042 -0.00549972
v 0.00430450 -0.00378767 -0.00427231
v 0.00430450 -0.00339643 -0.00460729
v 0.00352221 -0.00259322 -0.00532743
v 0.00352221 -0.00298446 -0.00512766
v 0.00273956 -0.00204693 -0.00547398
v 0.00273956 -0.00126445 -0.00560440
v 0.00273956 -0.00048287 -0.00565500
v 0.00465432 -0.00474864 -0.00284513
v 0.00430450 -0.00418792 -0.00388105
v 0.00435801 -0.00459809 -0.00333452
v 0.00431906 -0.00541212 -0.00179088
v 0.00411957 -0.00566363 -0.00131981
v 0.00406788 -0.00563839 -0.00156930
v 0.00169846 0.00108208 -0.00577538
v 0.00169846 0.00134081 -0.00576186
v 0.00232349 -0.00559782 -0.00144237
v 0.00242723 -0.00564740 -0.00131981
v 0.00169846 0.00029960 -0.00571475
v 0.00273956 -0.00254274 -0.00530693
v 0.00273956 -0.00293397 -0.00505132
v 0.00273956 -0.00347937 -0.00466007
v 0.00273956 -0.00387060 -0.00434646
v 0.00273956 -0.00425102 -0.00395520
v 0.00273956 -0.00464226 -0.00353167
v 0.00273956 -0.00493254 -0.00314042
v 0.00279453 -0.00530485 -0.00244646
v 0.00257029 -0.00545449 -0.00196404
v 0.00352221 -0.00395985 -0.00443151
v 0.00352221 -0.00356861 -0.00473640
v 0.00169846 0.00055833 -0.00575445
v 0.00435801 -0.00506145 -0.00255638
v 0.00413268 -0.00490639 -0.00309768
v 0.00352221 -0.00433666 -0.00404026
v 0.00352221 -0.00472790 -0.00360844
v 0.00351530 -0.00577541 -0.00131981
v 0.00350620 -0.00566633 -0.00179088
v 0.00375591 -0.00555816 -0.00209097
v 0.00309194 -0.00557619 -0.00213939
v 0.00279453 -0.00564199 -0.00171499
v 0.00276614 -0.00572133 -0.00131981
v 0.00352221 -0.00498302 -0.00321719
v 0.00317057 -0.00575468 -0.00131981
v 0.00323463 -0.00557619 -0.00213939
v 0.00350620 -0.00540671 -0.00244646
f 1674 1675 1679
f 1674 1679 1688
f 1674 1688 1705
f 1674 1705 1727
f 1674 1727 1750
f 1674 1750 1763
f 1674 1763 1738
f 1674 1738 1715
f 1674 1715 1697
f 1674 1697 1683
f 1674 1683 1676
f 1674 1676 1684
f 1674 1684 1696
f 1674 1696 1700
f 1674 1700 1699
f 1674 1699 1718
f 1674 1718 1741
f 1674 1741 1769
f 1674 1769 1793
f 1674 1793 1816
f 1674 1816 1818
f 1674 1818 1811
f 1674 1811 1788
f 1674 1788 1762
f 1674 1762 1760
f 1674 1760 1735
f 1674 1735 1733
f 1674 1733 1710
f 1674 1710 1693
f 1674 1693 1680
f 1674 1680 1677
f 1674 1677 1675
f 1675 1678 1679
f 1675 1677 1680
f 1675 1680 1681
f 1675 1681 1682
f 1675 1682 1678
f 1676 1683 1684
f 1678 1682 1685
f 1678 1685 1686
f 1678 1686 1687
f 1678 1687 1679
f 1679 1687 1689
f 1679 1689 1690
f 1679 1690 1691
f 1679 1691 1692
f 1679 1692 1688
f 1680 1693 1681
f 1681 1694 1685
f 1681 1685 1682
f 1681 1693 1695
f 1681 1695 1694
f 1683 1696 1684
f 1683 1697 1716
f 1683 1716 1740
f 1683 1740 1768
f 1683 1768 1791
f 1683 1791 1790
f 1683 1790 1806
f 1683 1806 1794
f 1683 1794 1770
f 1683 1770 1746
f 1683 1746 1745
f 1683 1745 1744
f 1683 1744 1743
f 1683 1743 1742
f 1683 1742 1719
f 1683 1719 1717
f 1683 1717 1698
f 1683 1698 1699
f 1683 1699 1700
f 1683 1700 1696
f 1685 1694 1686
f 1686 1694 1701
f 1686 1701 1702
f 1686 1702 1703
f 1686 1703 1687
f 1687 1703 1689
f 1688 1704 1705
f 1688 1692 1691
f 1688 1691 1706
f 1688 1706 1707
f 1688 1707 1704
f 1689 1702 1708
f 1689 1708 1709
f 1689 1709 1706
f 1689 1706 1690
f 1689 1703 1702
f 1690 1706 1691
f 1693 1710 1695
f 1694 1695 1711
f 1694 1711 1708
f 1694 1708 1701
f 1695 1712 1711
f 1695 1710 1713
f 1695 1713 1714
f 1695 1714 1712
f 1697 1715 1716
f 1698 1717 1699
f 1699 1717 1719
f 1699 1719 1718
f 1701 1708 1702
f 1704 1720 1721
f 1704 1721 1722
f 1704 1722 1705
f 1704 1707 1723
f 1704 1723 1724
f 1704 1724 1725
f 1704 1725 1726
f 1704 1726 1720
f 1705 1722 1727
f 1706 1709 1728
f 1706 1728 1729
f 1706 1729 1730
f 1706 1730 1723
f 1706 1723 1707
f 1708 1712 1731
f 1708 1731 1709
f 1708 1711 1712
f 1709 1731 1732
f 1709 1732 1728
f 1710 1733 1713
f 1712 1714 1734
f 1712 1734 1731
f 1713 1733 1735
f 1713 1735 1736
f 1713 1736 1737
f 1713 1737 1734
f 1713 1734 1714
f 1715 1738 1739
f 1715 1739 1740
f 1715 1740 1716
f 1718 1719 1742
f 1718 1742 1743
f 1718 1743 1744
f 1718 1744 1745
f 1718 1745 1746
f 1718 1746 1741
f 1720 1726 1747
f 1720 1747 1721
f 1721 1727 1722
f 1721 1747 1748
f 1721 1748 1727
f 1723 1730 1747
f 1723 1747 1724
f 1724 1747 1725
f 1725 1747 1726
f 1727 1749 1750
f 1727 1748 1751
f 1727 1751 1749
f 1728 1732 1752
f 1728 1752 1753
f 1728 1753 1754
f 1728 1754 1729
f 1729 1754 1755
f 1729 1755 1756
f 1729 1756 1730
f 1730 1756 1747
f 1731 1734 1757
f 1731 1757 1752
f 1731 1752 1732
f 1734 1737 1758
f 1734 1758 1759
f 1734 1759 1757
f 1735 1760 1736
f 1736 1761 1737
f 1736 1760 1762
f 1736 1762 1761
f 1737 1761 1758
f 1738 1763 1739
f 1739 1764 1765
f 1739 1765 1766
f 1739 1766 1767
f 1739 1767 1768
f 1739 1768 1740
f 1739 1763 1764
f 1741 1746 1769
f 1746 1770 1771
f 1746 1771 1772
f 1746 1772 1773
f 1746 1773 1774
f 1746 1774 1775
f 1746 1775 1769
f 1747 1756 1766
f 1747 1766 1765
f 1747 1765 1764
f 1747 1764 1749
f 1747 1749 1748
f 1748 1749 1751
f 1749 1764 1776
f 1749 1776 1750
f 1750 1776 1763
f 1752 1757 1759
f 1752 1759 1777
f 1752 1777 1778
f 1752 1778 1753
f 1753 1778 1754
f 1754 1779 1755
f 1754 1778 1780
f 1754 1780 1779
f 1755 1781 1782
f 1755 1782 1756
f 1755 1779 1781
f 1756 1783 1766
f 1756 1782 1783
f 1758 1761 1784
f 1758 1784 1759
f 1759 1785 1777
f 1759 1784 1786
f 1759 1786 1785
f 1761 1762 1787
f 1761 1787 1784
f 1762 1788 1789
f 1762 1789 1787
f 1763 1776 1764
f 1766 1790 1767
f 1766 1783 1790
f 1767 1790 1791
f 1767 1791 1768
f 1769 1775 1792
f 1769 1792 1793
f 1770 1794 1771
f 1771 1781 1795
f 1771 1795 1796
f 1771 1796 1797
f 1771 1797 1798
f 1771 1798 1772
f 1771 1794 1781
f 1772 1798 1773
f 1773 1798 1799
f 1773 1799 1800
f 1773 1800 1774
f 1774 1800 1801
f 1774 1801 1802
f 1774 1802 1803
f 1774 1803 1792
f 1774 1792 1775
f 1777 1785 1804
f 1777 1804 1778
f 1778 1805 1780
f 1778 1804 1805
f 1779 1795 1781
f 1779 1780 1795
f 1780 1805 1796
f 1780 1796 1795
f 1781 1794 1782
f 1782 1806 1783
f 1782 1794 1806
f 1783 1806 1790
f 1784 1787 1807
f 1784 1807 1808
f 1784 1808 1786
f 1785 1809 1804
f 1785 1786 1808
f 1785 1808 1810
f 1785 1810 1809
f 1787 1789 1807
f 1788 1811 1789
f 1789 1811 1812
f 1789 1812 1813
f 1789 1813 1807
f 1792 1803 1814
f 1792 1814 1815
f 1792 1815 1793
f 1793 1815 1816
f 1796 1805 1797
f 1797 1805 1804
f 1797 1804 1798
f 1798 1804 1799
f 1799 1804 1809
f 1799 1809 1800
f 1800 1810 1801
f 1800 1809 1810
f 1801 1817 1814
f 1801 1814 1802
f 1801 1810 1817
f 1802 1814 1803
f 1807 1813 1808
f 1808 1813 1817
f 1808 1817 1810
f 1811 1818 1814
f 1811 1814 1812
f 1812 1819 1813
f 1812 1814 1819
f 1813 1819 1820
f 1813 1820 1817
f 1814 1818 1815
f 1814 1817 1819
f 1815 1818 1816
f 1817 1820 1819

o geometry_18
v 0.00574638 0.01121193 -0.00324782
v 0.00574638 0.01121193 -0.00326462
v 0.00557030 0.01121193 -0.00273251
v 0.00688808 0.00957817 -0.00240640
v 0.00563298 0.01121193 -0.00386021
v 0.00490613 0.01121193 -0.00240640
v 0.00708529 0.00890929 -0.00240640
v 0.00691273 0.00890929 -0.00270139
v 0.00652113 0.00890929 -0.00322012
v 0.00619010 0.00890929 -0.00361158
v 0.00579920 0.00890929 -0.00393583
v 0.00508291 0.01121193 -0.00423985
v 0.00197264 0.01121193 -0.00240640
v 0.00719587 0.00656846 -0.00240640
v 0.00719657 0.00656156 -0.00240795
v 0.00693034 0.00656156 -0.00279910
v 0.00659156 0.00579295 -0.00331099
v 0.00629504 0.00579295 -0.00372330
v 0.00587034 0.00579295 -0.00405563
v 0.00585977 0.00579295 -0.00406372
v 0.00537238 0.00579295 -0.00441411
v 0.00519983 0.00890929 -0.00432698
v 0.00472441 0.01029427 -0.00448474
v 0.00466032 0.01121193 -0.00445798
v 0.00000125 0.01121193 -0.00248855
v 0.00116337 0.01121140 -0.00240640
v 0.00719587 0.00656050 -0.00240640
v 0.00719516 0.00655307 -0.00240640
v 0.00710924 0.00610485 -0.00240640
v 0.00660001 0.00579295 -0.00329792
v 0.00536534 0.00579295 -0.00441784
v 0.00498149 0.00579295 -0.00461388
v 0.00480823 0.00890929 -0.00452395
v 0.00476244 0.00969169 -0.00450248
v 0.00430464 0.00579295 -0.00491448
v 0.00430464 0.00969169 -0.00468888
v 0.00427294 0.01121193 -0.00460890
v 0.00000125 0.01121193 -0.00523032
v 0.00000125 0.00579295 -0.00321328
v 0.00199658 0.00579295 -0.00240640
v 0.00694372 0.00586668 -0.00240640
v 0.00684652 0.00579295 -0.00244343
v 0.00357215 0.00579295 -0.00516373
v 0.00352214 0.00812689 -0.00503677
v 0.00352214 0.00890929 -0.00498885
v 0.00352214 0.00969169 -0.00494031
v 0.00352214 0.01047462 -0.00488990
v 0.00352214 0.01121193 -0.00484166
v 0.00000125 0.01093292 -0.00525926
v 0.00038792 0.01121193 -0.00523063
v 0.00000125 0.00579295 -0.00558444
v 0.00684864 0.00579295 -0.00240640
v 0.00318195 0.00579295 -0.00526766
v 0.00352214 0.00734449 -0.00508438
v 0.00313547 0.00618866 -0.00525553
v 0.00278542 0.01121193 -0.00500005
v 0.00305517 0.00671061 -0.00523904
v 0.00273964 0.00969169 -0.00511270
v 0.00273964 0.01047462 -0.00505980
v 0.00014775 0.01093292 -0.00525926
v 0.00039144 0.00890929 -0.00539120
v 0.00000125 0.00929916 -0.00536568
v 0.00039567 0.01121193 -0.00523063
v 0.00000125 0.00695196 -0.00551256
v 0.00039144 0.00656156 -0.00553745
v 0.00037735 0.00579295 -0.00558506
v 0.00274034 0.00579295 -0.00535728
v 0.00277204 0.00649473 -0.00530780
v 0.00273964 0.01121193 -0.00500970
v 0.00295446 0.00734449 -0.00521943
v 0.00267203 0.00886261 -0.00517960
v 0.00236565 0.00857087 -0.00525771
v 0.00282909 0.00812689 -0.00519516
v 0.00040693 0.01121193 -0.00523032
v 0.00066965 0.01081463 -0.00525055
v 0.00040200 0.01052182 -0.00528073
v 0.00039144 0.00969169 -0.00534017
v 0.00116056 0.00579295 -0.00555052
v 0.00039144 0.00812689 -0.00544005
v 0.00000125 0.00851676 -0.00541547
v 0.00000125 0.00890929 -0.00539089
v 0.00117464 0.00890929 -0.00535417
v 0.00117464 0.00734449 -0.00545250
v 0.00117464 0.00656156 -0.00550167
v 0.00039144 0.00579295 -0.00558506
v 0.00195714 0.00579295 -0.00547895
v 0.00256286 0.00734449 -0.00529598
v 0.00223535 0.00909282 -0.00524121
v 0.00195714 0.01121193 -0.00512826
v 0.00117887 0.01121193 -0.00519423
v 0.00103237 0.01029267 -0.00526953
v 0.00117464 0.00579295 -0.00554959
v 0.00124578 0.00976383 -0.00529380
v 0.00155427 0.01007254 -0.00525366
v 0.00171345 0.00955112 -0.00527140
v 0.00195714 0.00656156 -0.00543134
v 0.00195714 0.00734449 -0.00538280
v 0.00196771 0.00886261 -0.00528633
v 0.00196771 0.00976383 -0.00522752
v 0.00195714 0.01047462 -0.00517991
f 1821 1822 1825
f 1821 1825 1832
f 1821 1832 1844
f 1821 1844 1857
f 1821 1857 1868
f 1821 1868 1876
f 1821 1876 1889
f 1821 1889 1909
f 1821 1909 1910
f 1821 1910 1894
f 1821 1894 1883
f 1821 1883 1870
f 1821 1870 1858
f 1821 1858 1845
f 1821 1845 1833
f 1821 1833 1826
f 1821 1826 1823
f 1821 1823 1824
f 1821 1824 1822
f 1822 1824 1825
f 1823 1826 1824
f 1824 1827 1825
f 1824 1826 1833
f 1824 1833 1846
f 1824 1846 1860
f 1824 1860 1872
f 1824 1872 1861
f 1824 1861 1849
f 1824 1849 1848
f 1824 1848 1847
f 1824 1847 1834
f 1824 1834 1827
f 1825 1827 1828
f 1825 1828 1829
f 1825 1829 1830
f 1825 1830 1831
f 1825 1831 1832
f 1827 1834 1835
f 1827 1835 1828
f 1828 1835 1836
f 1828 1836 1837
f 1828 1837 1838
f 1828 1838 1829
f 1829 1838 1830
f 1830 1838 1831
f 1831 1838 1839
f 1831 1839 1840
f 1831 1840 1841
f 1831 1841 1842
f 1831 1842 1832
f 1832 1842 1843
f 1832 1843 1844
f 1833 1845 1846
f 1834 1847 1835
f 1835 1847 1848
f 1835 1848 1849
f 1835 1849 1850
f 1835 1850 1837
f 1835 1837 1836
f 1837 1850 1862
f 1837 1862 1872
f 1837 1872 1860
f 1837 1860 1859
f 1837 1859 1871
f 1837 1871 1886
f 1837 1886 1905
f 1837 1905 1898
f 1837 1898 1912
f 1837 1912 1906
f 1837 1906 1887
f 1837 1887 1873
f 1837 1873 1863
f 1837 1863 1855
f 1837 1855 1852
f 1837 1852 1851
f 1837 1851 1841
f 1837 1841 1840
f 1837 1840 1839
f 1837 1839 1838
f 1841 1851 1842
f 1842 1851 1852
f 1842 1852 1853
f 1842 1853 1854
f 1842 1854 1843
f 1843 1854 1855
f 1843 1855 1844
f 1844 1855 1856
f 1844 1856 1857
f 1845 1858 1869
f 1845 1869 1882
f 1845 1882 1901
f 1845 1901 1900
f 1845 1900 1884
f 1845 1884 1871
f 1845 1871 1859
f 1845 1859 1860
f 1845 1860 1846
f 1849 1861 1850
f 1850 1861 1862
f 1852 1854 1853
f 1852 1855 1854
f 1855 1863 1856
f 1856 1863 1857
f 1857 1863 1864
f 1857 1864 1865
f 1857 1865 1866
f 1857 1866 1867
f 1857 1867 1868
f 1858 1870 1869
f 1861 1872 1862
f 1863 1873 1874
f 1863 1874 1864
f 1864 1874 1873
f 1864 1873 1875
f 1864 1875 1865
f 1865 1875 1866
f 1866 1875 1867
f 1867 1875 1868
f 1868 1875 1877
f 1868 1877 1878
f 1868 1878 1879
f 1868 1879 1876
f 1869 1870 1883
f 1869 1883 1880
f 1869 1880 1881
f 1869 1881 1882
f 1871 1884 1885
f 1871 1885 1886
f 1873 1887 1875
f 1875 1887 1888
f 1875 1888 1877
f 1876 1879 1889
f 1877 1888 1890
f 1877 1890 1878
f 1878 1891 1892
f 1878 1892 1879
f 1878 1890 1893
f 1878 1893 1891
f 1879 1892 1889
f 1880 1883 1894
f 1880 1894 1895
f 1880 1895 1896
f 1880 1896 1897
f 1880 1897 1881
f 1881 1898 1899
f 1881 1899 1900
f 1881 1900 1901
f 1881 1901 1882
f 1881 1897 1902
f 1881 1902 1903
f 1881 1903 1904
f 1881 1904 1898
f 1884 1900 1885
f 1885 1905 1886
f 1885 1900 1899
f 1885 1899 1898
f 1885 1898 1905
f 1887 1906 1892
f 1887 1892 1907
f 1887 1907 1888
f 1888 1907 1890
f 1889 1892 1908
f 1889 1908 1909
f 1890 1907 1893
f 1891 1893 1892
f 1892 1893 1907
f 1892 1906 1908
f 1894 1910 1895
f 1895 1911 1897
f 1895 1897 1896
f 1895 1910 1911
f 1897 1911 1902
f 1898 1904 1912
f 1902 1913 1914
f 1902 1914 1903
f 1902 1911 1913
f 1903 1914 1904
f 1904 1914 1912
f 1906 1915 1916
f 1906 1916 1908
f 1906 1912 1915
f 1908 1916 1917
f 1908 1917 1918
f 1908 1918 1915
f 1908 1915 1919
f 1908 1919 1920
f 1908 1920 1909
f 1909 1920 1914
f 1909 1914 1910
f 1910 1914 1911
f 1911 1914 1913
f 1912 1914 1915
f 1914 1920 1915
f 1915 1920 1919
f 1915 1918 1917
f 1915 1917 1916

o geometry_19
v 0.00169810 0.00343402 -0.00564747
v 0.00169810 0.00421356 -0.00560001
v 0.00195712 0.00343402 -0.00562374
v 0.00169810 0.00343402 -0.00310103
v 0.00169810 0.00499610 -0.00555171
v 0.00195712 0.00579295 -0.00547884
v 0.00195712 0.00499610 -0.00552798
v 0.00274025 0.00579295 -0.00535723
v 0.00273975 0.00499610 -0.00540596
v 0.00273975 0.00421356 -0.00545341
v 0.00273975 0.00343402 -0.00549960
v 0.00169810 0.00421356 -0.00306968
v 0.00214596 0.00343402 -0.00131937
v 0.00169810 0.00578349 -0.00550299
v 0.00169810 0.00579295 -0.00550214
v 0.00318155 0.00579295 -0.00526783
v 0.00318357 0.00577864 -0.00526826
v 0.00327244 0.00499610 -0.00529241
v 0.00335625 0.00421356 -0.00531613
v 0.00343401 0.00343402 -0.00533859
v 0.00169810 0.00579134 -0.00301078
v 0.00214495 0.00577864 -0.00131937
v 0.00519568 0.00343402 -0.00131937
v 0.00169810 0.00579295 -0.00302519
v 0.00355974 0.00579295 -0.00516699
v 0.00357236 0.00579295 -0.00516360
v 0.00366375 0.00499610 -0.00518564
v 0.00374757 0.00421356 -0.00520767
v 0.00382381 0.00343402 -0.00522970
v 0.00169860 0.00579295 -0.00300993
v 0.00214495 0.00579295 -0.00131937
v 0.00513559 0.00343402 -0.00329805
v 0.00685636 0.00579295 -0.00226846
v 0.00672811 0.00579295 -0.00173248
v 0.00670084 0.00579295 -0.00168206
v 0.00625651 0.00579295 -0.00150919
v 0.00565011 0.00579295 -0.00131937
v 0.00430449 0.00579295 -0.00491447
v 0.00430449 0.00499610 -0.00496362
v 0.00499522 0.00499610 -0.00464076
v 0.00430197 0.00343402 -0.00498650
v 0.00503814 0.00343402 -0.00408232
v 0.00641607 0.00523208 -0.00329805
v 0.00684626 0.00579295 -0.00244345
v 0.00498109 0.00579295 -0.00461406
v 0.00498210 0.00577864 -0.00461449
v 0.00537341 0.00577864 -0.00441450
v 0.00538654 0.00499610 -0.00438145
v 0.00481749 0.00343402 -0.00461957
v 0.00628933 0.00533299 -0.00371751
v 0.00660188 0.00577864 -0.00329805
v 0.00659986 0.00579295 -0.00329805
v 0.00536533 0.00579295 -0.00441789
v 0.00586015 0.00579295 -0.00406368
v 0.00586975 0.00577864 -0.00405775
v 0.00537240 0.00579295 -0.00441408
v 0.00629539 0.00577864 -0.00372345
v 0.00659178 0.00579295 -0.00331119
v 0.00629489 0.00579295 -0.00372302
f 1921 1922 1923
f 1921 1923 1931
f 1921 1931 1940
f 1921 1940 1949
f 1921 1949 1961
f 1921 1961 1969
f 1921 1969 1962
f 1921 1962 1952
f 1921 1952 1943
f 1921 1943 1933
f 1921 1933 1924
f 1921 1924 1932
f 1921 1932 1941
f 1921 1941 1944
f 1921 1944 1935
f 1921 1935 1934
f 1921 1934 1925
f 1921 1925 1922
f 1922 1925 1926
f 1922 1926 1927
f 1922 1927 1923
f 1923 1927 1928
f 1923 1928 1929
f 1923 1929 1930
f 1923 1930 1931
f 1924 1933 1932
f 1925 1934 1926
f 1926 1934 1935
f 1926 1935 1944
f 1926 1944 1950
f 1926 1950 1951
f 1926 1951 1957
f 1926 1957 1956
f 1926 1956 1955
f 1926 1955 1954
f 1926 1954 1953
f 1926 1953 1964
f 1926 1964 1972
f 1926 1972 1978
f 1926 1978 1979
f 1926 1979 1974
f 1926 1974 1976
f 1926 1976 1973
f 1926 1973 1965
f 1926 1965 1958
f 1926 1958 1946
f 1926 1946 1945
f 1926 1945 1936
f 1926 1936 1928
f 1926 1928 1927
f 1928 1936 1929
f 1929 1936 1930
f 1930 1936 1931
f 1931 1936 1937
f 1931 1937 1938
f 1931 1938 1939
f 1931 1939 1940
f 1932 1933 1941
f 1933 1942 1941
f 1933 1943 1957
f 1933 1957 1951
f 1933 1951 1942
f 1936 1945 1937
f 1937 1945 1938
f 1938 1945 1946
f 1938 1946 1939
f 1939 1946 1947
f 1939 1947 1948
f 1939 1948 1940
f 1940 1948 1949
f 1941 1950 1944
f 1941 1942 1951
f 1941 1951 1950
f 1943 1952 1953
f 1943 1953 1954
f 1943 1954 1955
f 1943 1955 1956
f 1943 1956 1957
f 1946 1958 1947
f 1947 1958 1948
f 1948 1958 1949
f 1949 1958 1959
f 1949 1959 1960
f 1949 1960 1961
f 1952 1962 1963
f 1952 1963 1953
f 1953 1963 1964
f 1958 1965 1959
f 1959 1965 1966
f 1959 1966 1960
f 1960 1966 1967
f 1960 1967 1968
f 1960 1968 1961
f 1961 1968 1969
f 1962 1969 1963
f 1963 1970 1971
f 1963 1971 1964
f 1963 1969 1970
f 1964 1971 1972
f 1965 1973 1966
f 1966 1973 1967
f 1967 1974 1975
f 1967 1975 1968
f 1967 1973 1976
f 1967 1976 1974
f 1968 1975 1970
f 1968 1970 1969
f 1970 1975 1977
f 1970 1977 1971
f 1971 1977 1978
f 1971 1978 1972
f 1974 1979 1975
f 1975 1979 1977
f 1977 1979 1978

o geometry_20
v 0.00352208 0.00052343 0.00605846
v 0.00296269 0.00052343 0.00603423
v 0.00301141 -0.00094742 0.00572680
v 0.00321454 -0.00094742 0.00572680
v 0.00352208 0.00030020 0.00599869
v 0.00397011 -0.00017898 0.00572788
v 0.00408939 0.00030020 0.00579249
v 0.00415267 0.00052343 0.00580864
v 0.00273962 0.00052343 0.00601000
v 0.00273962 0.00030020 0.00596478
v 0.00274627 -0.00046321 0.00579087
v 0.00233305 -0.00249059 0.00494074
v 0.00273962 -0.00264654 0.00500912
v 0.00352208 -0.00269873 0.00502850
v 0.00373660 -0.00070028 0.00565196
v 0.00349424 -0.00045692 0.00579195
v 0.00352208 -0.00204788 0.00527832
v 0.00349424 -0.00123102 0.00555882
v 0.00400839 -0.00256102 0.00496604
v 0.00417166 -0.00204788 0.00505542
v 0.00468454 -0.00162782 0.00490897
v 0.00448078 0.00030020 0.00555451
v 0.00426974 0.00052343 0.00573811
v 0.00243683 0.00052343 0.00586302
v 0.00233178 -0.00018967 0.00572573
v 0.00229729 -0.00278237 0.00450787
v 0.00232039 -0.00361306 0.00421228
v 0.00234570 -0.00400797 0.00414068
v 0.00231375 -0.00204788 0.00498596
v 0.00273962 -0.00408092 0.00420798
v 0.00352208 -0.00361306 0.00459239
v 0.00352208 -0.00308987 0.00486644
v 0.00456305 -0.00204788 0.00482175
v 0.00403560 -0.00407903 0.00420259
v 0.00429980 -0.00359986 0.00433504
v 0.00428335 -0.00282513 0.00469361
v 0.00474846 -0.00110588 0.00498220
v 0.00452634 0.00052343 0.00558197
v 0.00474498 -0.00333008 0.00419613
v 0.00480604 -0.00283016 0.00428712
v 0.00231406 0.00052343 0.00577257
v 0.00231628 0.00030020 0.00575911
v 0.00226059 -0.00204788 0.00452833
v 0.00226249 -0.00361306 0.00374603
v 0.00231786 -0.00416329 0.00374603
v 0.00230520 -0.00487514 0.00278553
v 0.00239411 -0.00473428 0.00330723
v 0.00291586 -0.00483992 0.00342568
v 0.00352208 -0.00413437 0.00425428
v 0.00455735 -0.00385139 0.00401200
v 0.00352208 -0.00452550 0.00383487
v 0.00398340 -0.00482169 0.00340253
v 0.00427037 -0.00436138 0.00370727
v 0.00480699 -0.00048271 0.00506565
v 0.00486711 -0.00204788 0.00443034
v 0.00485445 0.00052343 0.00521155
v 0.00477092 -0.00412116 0.00349029
v 0.00485350 -0.00359986 0.00374872
v 0.00501835 -0.00283016 0.00374603
v 0.00228084 0.00052343 0.00545222
v 0.00226977 0.00030020 0.00531116
v 0.00223623 -0.00283016 0.00374603
v 0.00224857 -0.00126561 0.00452833
v 0.00221155 -0.00439534 0.00218090
v 0.00227388 -0.00444187 0.00301327
v 0.00227989 -0.00501285 0.00218090
v 0.00231121 -0.00561339 0.00120694
v 0.00240234 -0.00552158 0.00172865
v 0.00268868 -0.00499147 0.00301327
v 0.00292440 -0.00561276 0.00190309
v 0.00352208 -0.00513925 0.00296374
v 0.00352208 -0.00485250 0.00344345
v 0.00450514 -0.00464310 0.00315218
v 0.00352208 -0.00546436 0.00231227
v 0.00396346 -0.00559264 0.00185140
v 0.00426848 -0.00493614 0.00292013
v 0.00489179 -0.00132661 0.00460047
v 0.00502183 -0.00048271 0.00452833
v 0.00485667 0.00030020 0.00516310
v 0.00507245 0.00030020 0.00452833
v 0.00508100 0.00052343 0.00452833
v 0.00506391 -0.00361306 0.00296374
v 0.00472283 -0.00481854 0.00263047
v 0.00483673 -0.00438716 0.00292013
v 0.00534045 -0.00204788 0.00218090
v 0.00541195 -0.00126561 0.00218090
v 0.00508511 -0.00204788 0.00374603
v 0.00226755 0.00052343 0.00531116
v 0.00223496 -0.00204788 0.00374603
v 0.00218117 -0.00439534 0.00061578
v 0.00219636 -0.00439534 0.00139861
v 0.00225268 0.00052343 0.00475176
v 0.00224857 0.00052343 0.00452833
v 0.00223876 0.00052343 0.00396893
v 0.00220743 -0.00204788 0.00218090
v 0.00219889 -0.00517824 0.00061578
v 0.00228274 -0.00565112 0.00061578
v 0.00273962 -0.00582846 0.00061578
v 0.00269374 -0.00568508 0.00144007
v 0.00352208 -0.00576620 0.00139861
v 0.00352208 -0.00561968 0.00192086
v 0.00448996 -0.00543166 0.00139861
v 0.00425645 -0.00530401 0.00213998
v 0.00409857 -0.00565427 0.00139861
v 0.00528001 -0.00126561 0.00296374
v 0.00531134 -0.00048271 0.00296374
v 0.00531418 0.00030020 0.00296374
v 0.00534013 0.00052343 0.00274030
v 0.00540784 -0.00204788 0.00139861
v 0.00499304 -0.00439534 0.00218090
v 0.00507562 -0.00439534 0.00139861
v 0.00478579 -0.00490532 0.00218090
v 0.00537082 0.00052343 0.00218090
v 0.00218054 -0.00439534 0.00055817
v 0.00218149 -0.00445256 0.00055817
v 0.00218086 -0.00361306 0.00061578
v 0.00222515 0.00052343 0.00318717
v 0.00218054 -0.00283016 0.00061578
v 0.00219826 -0.00517824 0.00055817
v 0.00220427 -0.00521345 0.00055817
v 0.00228211 -0.00565175 0.00055817
v 0.00273962 -0.00583034 0.00055817
v 0.00352208 -0.00590077 0.00055817
v 0.00352208 -0.00589826 0.00061578
v 0.00463076 -0.00551781 0.00061578
v 0.00423937 -0.00572093 0.00061578
v 0.00534456 -0.00283016 0.00061578
v 0.00534614 -0.00283016 0.00055817
v 0.00485983 -0.00504052 0.00139861
v 0.00488799 -0.00512667 0.00061578
v 0.00510473 -0.00439534 0.00061578
v 0.00528096 0.00052343 0.00196070
v 0.00530469 -0.00204788 0.00055817
v 0.00217991 -0.00283016 0.00055817
v 0.00222136 0.00052343 0.00296374
v 0.00418684 -0.00573602 0.00055817
v 0.00463202 -0.00551844 0.00055817
v 0.00487059 -0.00515623 0.00055817
v 0.00424095 -0.00572218 0.00055817
v 0.00510504 -0.00439534 0.00055817
v 0.00488831 -0.00512730 0.00055817
v 0.00501803 0.00052343 0.00157197
v 0.00493862 -0.00151714 0.00055817
v 0.00223085 0.00052343 0.00218090
v 0.00229824 0.00052343 0.00165650
v 0.00225236 -0.00199066 0.00055817
v 0.00473802 0.00052343 0.00147668
v 0.00434758 -0.00138132 0.00055817
v 0.00430455 0.00052343 0.00137815
v 0.00273962 0.00052343 0.00147722
v 0.00234950 -0.00162656 0.00055817
v 0.00430455 -0.00137566 0.00055817
v 0.00401630 0.00052343 0.00137761
v 0.00326263 0.00052343 0.00141045
v 0.00270260 -0.00150268 0.00055817
v 0.00269849 -0.00150394 0.00055817
v 0.00352208 -0.00138446 0.00055817
v 0.00352208 0.00052343 0.00137923
f 1980 1981 1982
f 1980 1982 1983
f 1980 1983 1984
f 1980 1984 1985
f 1980 1985 1986
f 1980 1986 1987
f 1980 1987 2002
f 1980 2002 2017
f 1980 2017 2035
f 1980 2035 2060
f 1980 2060 2087
f 1980 2087 2092
f 1980 2092 2111
f 1980 2111 2121
f 1980 2121 2126
f 1980 2126 2128
f 1980 2128 2132
f 1980 2132 2137
f 1980 2137 2133
f 1980 2133 2129
f 1980 2129 2124
f 1980 2124 2123
f 1980 2123 2114
f 1980 2114 2096
f 1980 2096 2073
f 1980 2073 2072
f 1980 2072 2071
f 1980 2071 2067
f 1980 2067 2039
f 1980 2039 2020
f 1980 2020 2003
f 1980 2003 1988
f 1980 1988 1981
f 1981 1988 1989
f 1981 1989 1982
f 1982 1989 1990
f 1982 1990 1991
f 1982 1991 1992
f 1982 1992 1993
f 1982 1993 1983
f 1983 1994 1995
f 1983 1995 1984
f 1983 1993 1996
f 1983 1996 1997
f 1983 1997 1994
f 1984 1995 1994
f 1984 1994 1985
f 1985 1994 1998
f 1985 1998 1999
f 1985 1999 2000
f 1985 2000 1986
f 1986 2000 2001
f 1986 2001 2002
f 1986 2002 1987
f 1988 2003 2004
f 1988 2004 1989
f 1989 2004 1990
f 1990 2004 1991
f 1991 2005 2006
f 1991 2006 2007
f 1991 2007 1992
f 1991 2004 2008
f 1991 2008 2005
f 1992 2007 2009
f 1992 2009 2010
f 1992 2010 2011
f 1992 2011 1993
f 1993 2011 1998
f 1993 1998 1996
f 1994 1997 1998
f 1996 1998 1997
f 1998 2012 2000
f 1998 2000 1999
f 1998 2011 2013
f 1998 2013 2014
f 1998 2014 2015
f 1998 2015 2012
f 2000 2016 2017
f 2000 2017 2001
f 2000 2012 2018
f 2000 2018 2019
f 2000 2019 2016
f 2001 2017 2002
f 2003 2020 2021
f 2003 2021 2004
f 2004 2021 2008
f 2005 2008 2022
f 2005 2022 2023
f 2005 2023 2006
f 2006 2023 2007
f 2007 2023 2024
f 2007 2024 2025
f 2007 2025 2026
f 2007 2026 2027
f 2007 2027 2009
f 2008 2021 2022
f 2009 2028 2010
f 2009 2027 2028
f 2010 2028 2013
f 2010 2013 2011
f 2012 2015 2018
f 2013 2029 2014
f 2013 2028 2030
f 2013 2030 2031
f 2013 2031 2032
f 2013 2032 2029
f 2014 2029 2018
f 2014 2018 2015
f 2016 2033 2017
f 2016 2019 2034
f 2016 2034 2033
f 2017 2033 2035
f 2018 2029 2036
f 2018 2036 2037
f 2018 2037 2038
f 2018 2038 2019
f 2019 2038 2034
f 2020 2039 2040
f 2020 2040 2021
f 2021 2040 2022
f 2022 2041 2023
f 2022 2040 2042
f 2022 2042 2041
f 2023 2041 2043
f 2023 2043 2044
f 2023 2044 2024
f 2024 2044 2025
f 2025 2044 2043
f 2025 2043 2045
f 2025 2045 2046
f 2025 2046 2047
f 2025 2047 2026
f 2026 2047 2048
f 2026 2048 2027
f 2027 2048 2049
f 2027 2049 2050
f 2027 2050 2051
f 2027 2051 2030
f 2027 2030 2028
f 2029 2032 2052
f 2029 2052 2036
f 2030 2051 2031
f 2031 2051 2050
f 2031 2050 2053
f 2031 2053 2054
f 2031 2054 2055
f 2031 2055 2052
f 2031 2052 2032
f 2033 2034 2056
f 2033 2056 2057
f 2033 2057 2058
f 2033 2058 2035
f 2034 2038 2057
f 2034 2057 2056
f 2035 2058 2059
f 2035 2059 2060
f 2036 2061 2037
f 2036 2052 2062
f 2036 2062 2063
f 2036 2063 2061
f 2037 2061 2038
f 2038 2064 2065
f 2038 2065 2066
f 2038 2066 2057
f 2038 2061 2064
f 2039 2067 2040
f 2040 2067 2042
f 2041 2042 2068
f 2041 2068 2069
f 2041 2069 2070
f 2041 2070 2043
f 2042 2067 2071
f 2042 2071 2072
f 2042 2072 2073
f 2042 2073 2074
f 2042 2074 2068
f 2043 2070 2075
f 2043 2075 2045
f 2045 2075 2046
f 2046 2075 2076
f 2046 2076 2077
f 2046 2077 2078
f 2046 2078 2047
f 2047 2078 2049
f 2047 2049 2048
f 2049 2078 2079
f 2049 2079 2080
f 2049 2080 2053
f 2049 2053 2050
f 2052 2055 2062
f 2053 2080 2054
f 2054 2081 2082
f 2054 2082 2055
f 2054 2080 2079
f 2054 2079 2083
f 2054 2083 2081
f 2055 2082 2062
f 2057 2059 2058
f 2057 2066 2059
f 2059 2084 2085
f 2059 2085 2060
f 2059 2066 2084
f 2060 2085 2086
f 2060 2086 2087
f 2061 2088 2064
f 2061 2063 2089
f 2061 2089 2090
f 2061 2090 2088
f 2062 2082 2081
f 2062 2081 2091
f 2062 2091 2063
f 2063 2091 2089
f 2064 2088 2065
f 2065 2092 2087
f 2065 2087 2086
f 2065 2086 2085
f 2065 2085 2084
f 2065 2084 2066
f 2065 2088 2092
f 2068 2074 2069
f 2069 2093 2094
f 2069 2094 2075
f 2069 2075 2070
f 2069 2074 2095
f 2069 2095 2093
f 2073 2096 2074
f 2074 2097 2095
f 2074 2096 2097
f 2075 2098 2099
f 2075 2099 2076
f 2075 2094 2098
f 2076 2100 2101
f 2076 2101 2077
f 2076 2099 2100
f 2077 2101 2102
f 2077 2102 2103
f 2077 2103 2079
f 2077 2079 2078
f 2079 2103 2083
f 2081 2083 2104
f 2081 2104 2091
f 2083 2103 2105
f 2083 2105 2104
f 2088 2090 2106
f 2088 2106 2107
f 2088 2107 2092
f 2089 2091 2108
f 2089 2108 2090
f 2090 2108 2109
f 2090 2109 2110
f 2090 2110 2106
f 2091 2104 2108
f 2092 2107 2112
f 2092 2112 2111
f 2093 2095 2113
f 2093 2113 2125
f 2093 2125 2130
f 2093 2130 2135
f 2093 2135 2134
f 2093 2134 2136
f 2093 2136 2131
f 2093 2131 2127
f 2093 2127 2122
f 2093 2122 2112
f 2093 2112 2107
f 2093 2107 2119
f 2093 2119 2120
f 2093 2120 2117
f 2093 2117 2116
f 2093 2116 2118
f 2093 2118 2115
f 2093 2115 2102
f 2093 2102 2101
f 2093 2101 2100
f 2093 2100 2099
f 2093 2099 2098
f 2093 2098 2094
f 2095 2097 2113
f 2096 2114 2097
f 2097 2114 2113
f 2102 2115 2105
f 2102 2105 2103
f 2104 2116 2117
f 2104 2117 2109
f 2104 2109 2108
f 2104 2105 2118
f 2104 2118 2116
f 2105 2115 2118
f 2106 2110 2107
f 2107 2110 2119
f 2109 2120 2110
f 2109 2117 2120
f 2110 2120 2119
f 2111 2112 2121
f 2112 2122 2121
f 2113 2114 2123
f 2113 2123 2124
f 2113 2124 2125
f 2121 2122 2126
f 2122 2127 2128
f 2122 2128 2126
f 2124 2129 2130
f 2124 2130 2125
f 2127 2131 2128
f 2128 2131 2132
f 2129 2133 2134
f 2129 2134 2135
f 2129 2135 2130
f 2131 2136 2137
f 2131 2137 2132
f 2133 2137 2134
f 2134 2137 2136

o geometry_21
v -0.00035950 0.01047781 -0.00528412
v -0.00014762 0.01093297 -0.00525928
v 0.00000125 0.01093297 -0.00525928
v 0.00000125 0.01047781 -0.00528354
v -0.00040152 0.01047781 -0.00528354
v -0.00016982 0.01157655 -0.00520267
v -0.00040152 0.01052223 -0.00528065
v -0.00066923 0.01081477 -0.00525062
v -0.00040152 0.01121916 -0.00522924
v -0.00039732 0.01157655 -0.00520209
v 0.00000125 0.01157655 -0.00520267
v 0.00000125 0.01047781 -0.00290004
v -0.00052577 0.01047781 -0.00527834
v -0.00121186 0.01047781 -0.00524599
v -0.00117404 0.01125734 -0.00518938
v -0.00117404 0.01157655 -0.00516454
v 0.00000125 0.01157655 -0.00156964
v -0.00216746 0.01047781 0.00061746
v -0.00128389 0.01047781 -0.00524195
v -0.00149338 0.01157655 -0.00513970
v -0.00139794 0.01157655 0.00061746
v -0.00438178 0.01047781 0.00061746
v -0.00195677 0.01047781 -0.00518129
v -0.00195677 0.01125734 -0.00512526
v -0.00195677 0.01157655 -0.00510215
v -0.00507687 0.01157655 0.00061746
v -0.00607329 0.01157655 -0.00206240
v -0.00576836 0.01047781 -0.00312649
v -0.00227610 0.01157655 -0.00505825
v -0.00273950 0.01047781 -0.00506403
v -0.00273950 0.01125734 -0.00501319
v -0.00273950 0.01157655 -0.00499181
v -0.00613091 0.01157655 -0.00267185
v -0.00578697 0.01047781 -0.00326975
v -0.00274250 0.01047781 -0.00506345
v -0.00305883 0.01157655 -0.00492423
v -0.00583439 0.01157655 -0.00362098
v -0.00564831 0.01047781 -0.00387574
v -0.00564891 0.01047781 -0.00387343
v -0.00352162 0.01047781 -0.00489419
v -0.00352162 0.01125734 -0.00484508
v -0.00352162 0.01157655 -0.00482429
v -0.00564951 0.01157655 -0.00385436
v -0.00511349 0.01047781 -0.00426567
v -0.00429715 0.01157655 -0.00458397
v -0.00380674 0.01157655 -0.00473937
v -0.00430435 0.01047781 -0.00464578
v -0.00531337 0.01157655 -0.00408601
v -0.00511109 0.01047781 -0.00426740
v -0.00447662 0.01157655 -0.00451754
v -0.00430735 0.01047781 -0.00464463
v -0.00464709 0.01157655 -0.00445342
v -0.00504506 0.01157655 -0.00425065
v -0.00472153 0.01047781 -0.00448230
v -0.00469691 0.01087736 -0.00447190
v -0.00466030 0.01139899 -0.00445804
v -0.00477855 0.01157655 -0.00438872
f 2138 2139 2140
f 2138 2140 2141
f 2138 2141 2149
f 2138 2149 2155
f 2138 2155 2159
f 2138 2159 2165
f 2138 2165 2171
f 2138 2171 2176
f 2138 2176 2175
f 2138 2175 2181
f 2138 2181 2186
f 2138 2186 2191
f 2138 2191 2188
f 2138 2188 2184
f 2138 2184 2177
f 2138 2177 2172
f 2138 2172 2167
f 2138 2167 2160
f 2138 2160 2156
f 2138 2156 2151
f 2138 2151 2150
f 2138 2150 2142
f 2138 2142 2139
f 2139 2143 2148
f 2139 2148 2140
f 2139 2142 2144
f 2139 2144 2145
f 2139 2145 2146
f 2139 2146 2147
f 2139 2147 2143
f 2140 2148 2154
f 2140 2154 2149
f 2140 2149 2141
f 2142 2150 2145
f 2142 2145 2144
f 2143 2147 2153
f 2143 2153 2157
f 2143 2157 2162
f 2143 2162 2166
f 2143 2166 2169
f 2143 2169 2173
f 2143 2173 2179
f 2143 2179 2183
f 2143 2183 2182
f 2143 2182 2187
f 2143 2187 2189
f 2143 2189 2194
f 2143 2194 2190
f 2143 2190 2185
f 2143 2185 2180
f 2143 2180 2174
f 2143 2174 2170
f 2143 2170 2164
f 2143 2164 2163
f 2143 2163 2158
f 2143 2158 2154
f 2143 2154 2148
f 2145 2147 2146
f 2145 2150 2151
f 2145 2151 2152
f 2145 2152 2153
f 2145 2153 2147
f 2149 2154 2155
f 2151 2156 2152
f 2152 2156 2153
f 2153 2156 2157
f 2154 2158 2155
f 2155 2158 2163
f 2155 2163 2159
f 2156 2160 2161
f 2156 2161 2162
f 2156 2162 2157
f 2159 2163 2164
f 2159 2164 2165
f 2160 2166 2161
f 2160 2167 2168
f 2160 2168 2169
f 2160 2169 2166
f 2161 2166 2162
f 2164 2170 2171
f 2164 2171 2165
f 2167 2172 2168
f 2168 2172 2173
f 2168 2173 2169
f 2170 2174 2175
f 2170 2175 2176
f 2170 2176 2171
f 2172 2177 2178
f 2172 2178 2173
f 2173 2178 2179
f 2174 2180 2175
f 2175 2180 2181
f 2177 2182 2183
f 2177 2183 2178
f 2177 2184 2182
f 2178 2183 2179
f 2180 2185 2186
f 2180 2186 2181
f 2182 2184 2187
f 2184 2188 2189
f 2184 2189 2187
f 2185 2190 2186
f 2186 2190 2191
f 2188 2191 2192
f 2188 2192 2193
f 2188 2193 2189
f 2189 2193 2194
f 2190 2194 2192
f 2190 2192 2191
f 2192 2194 2193

o geometry_22
v -0.00550216 0.00542526 -0.00172989
v -0.00532089 0.00542526 -0.00172989
v -0.00532089 0.00542526 -0.00145172
v -0.00665232 0.00575662 -0.00172989
v -0.00532089 0.01012865 -0.00172989
v -0.00711343 0.00611321 -0.00125210
v -0.00532089 0.00893326 0.00533032
v -0.00717243 0.00601429 -0.00172989
v -0.00614643 0.01007671 -0.00172989
v -0.00666820 0.01047781 0.00194892
v -0.00588365 0.01047781 0.00177656
v -0.00532089 0.01047781 0.00172446
v -0.00722267 0.00680412 -0.00033901
v -0.00730868 0.00655041 -0.00097473
v -0.00532089 0.00960984 0.00613919
v -0.00617131 0.00936997 0.00479080
v -0.00713357 0.00768100 0.00108794
v -0.00739540 0.00656426 -0.00172989
v -0.00665469 0.00996939 -0.00172989
v -0.00690705 0.01047781 0.00220144
v -0.00532089 0.01047781 0.00645905
v -0.00728949 0.00752027 0.00061576
v -0.00743142 0.00728337 -0.00011375
v -0.00761743 0.00734420 -0.00094908
v -0.00763093 0.00812661 0.00061576
v -0.00532089 0.00964495 0.00615522
v -0.00566234 0.00987295 0.00591232
v -0.00636182 0.00989174 0.00507699
v -0.00706083 0.00928194 0.00338950
v -0.00719234 0.00838082 0.00198580
v -0.00763307 0.00812661 -0.00094908
v -0.00739967 0.00890903 -0.00172989
v -0.00723428 0.00958560 -0.00172989
v -0.00717622 0.01047781 0.00280429
v -0.00539008 0.01047781 0.00639973
v -0.00532089 0.01047435 0.00645986
v -0.00731721 0.00812266 0.00136852
v -0.00774135 0.00812661 -0.00016666
v -0.00761577 0.00890903 0.00139818
v -0.00539032 0.01047435 0.00639973
v -0.00574930 0.01047435 0.00600852
v -0.00674379 0.01047435 0.00452866
v -0.00710182 0.00969194 0.00350494
v -0.00614051 0.01047435 0.00553634
v -0.00640660 0.01047435 0.00514513
v -0.00729541 0.00969194 0.00296302
v -0.00763354 0.00890903 -0.00094908
v -0.00733901 0.00965435 -0.00094908
v -0.00718618 0.01047781 0.00292053
v -0.00574906 0.01047781 0.00600852
v -0.00772003 0.00890903 0.00061576
v -0.00773022 0.00890903 -0.00016666
v -0.00743284 0.00969194 0.00218140
v -0.00614051 0.01047781 0.00553634
v -0.00674355 0.01047781 0.00452866
v -0.00698879 0.01047781 0.00395708
v -0.00698998 0.01047435 0.00395467
v -0.00640660 0.01047781 0.00514513
v -0.00710940 0.01047435 0.00356346
v -0.00738308 0.00966226 -0.00016666
v -0.00710917 0.01047781 0.00356266
f 2195 2196 2197
f 2195 2197 2198
f 2195 2198 2202
f 2195 2202 2212
f 2195 2212 2226
f 2195 2226 2227
f 2195 2227 2213
f 2195 2213 2203
f 2195 2203 2199
f 2195 2199 2196
f 2196 2199 2206
f 2196 2206 2215
f 2196 2215 2230
f 2196 2230 2220
f 2196 2220 2209
f 2196 2209 2201
f 2196 2201 2197
f 2197 2200 2198
f 2197 2201 2200
f 2198 2200 2202
f 2199 2203 2204
f 2199 2204 2205
f 2199 2205 2206
f 2200 2207 2208
f 2200 2208 2202
f 2200 2201 2207
f 2201 2209 2210
f 2201 2210 2211
f 2201 2211 2207
f 2202 2208 2212
f 2203 2213 2214
f 2203 2214 2204
f 2204 2214 2228
f 2204 2228 2243
f 2204 2243 2255
f 2204 2255 2250
f 2204 2250 2249
f 2204 2249 2252
f 2204 2252 2248
f 2204 2248 2244
f 2204 2244 2229
f 2204 2229 2215
f 2204 2215 2206
f 2204 2206 2205
f 2207 2211 2216
f 2207 2216 2217
f 2207 2217 2208
f 2208 2218 2212
f 2208 2217 2219
f 2208 2219 2218
f 2209 2220 2221
f 2209 2221 2222
f 2209 2222 2210
f 2210 2222 2223
f 2210 2223 2224
f 2210 2224 2211
f 2211 2224 2216
f 2212 2218 2225
f 2212 2225 2226
f 2213 2227 2228
f 2213 2228 2214
f 2215 2229 2230
f 2216 2224 2231
f 2216 2231 2219
f 2216 2219 2217
f 2218 2219 2232
f 2218 2232 2225
f 2219 2231 2224
f 2219 2224 2223
f 2219 2223 2233
f 2219 2233 2232
f 2220 2230 2234
f 2220 2234 2221
f 2221 2234 2235
f 2221 2235 2222
f 2222 2236 2237
f 2222 2237 2223
f 2222 2235 2238
f 2222 2238 2239
f 2222 2239 2236
f 2223 2237 2240
f 2223 2240 2233
f 2225 2232 2241
f 2225 2241 2226
f 2226 2241 2227
f 2227 2241 2242
f 2227 2242 2228
f 2228 2242 2243
f 2229 2244 2235
f 2229 2235 2234
f 2229 2234 2230
f 2232 2233 2245
f 2232 2245 2246
f 2232 2246 2241
f 2233 2240 2247
f 2233 2247 2245
f 2235 2244 2248
f 2235 2248 2238
f 2236 2249 2250
f 2236 2250 2251
f 2236 2251 2237
f 2236 2239 2252
f 2236 2252 2249
f 2237 2251 2240
f 2238 2248 2252
f 2238 2252 2239
f 2240 2251 2253
f 2240 2253 2247
f 2241 2246 2242
f 2242 2246 2254
f 2242 2254 2243
f 2243 2254 2246
f 2243 2246 2245
f 2243 2245 2247
f 2243 2247 2255
f 2247 2253 2255
f 2250 2255 2253
f 2250 2253 2251

o geometry_23
v 0.00217173 -0.00283089 -0.00016723
v 0.00217989 -0.00283089 0.00055817
v 0.00217612 -0.00204823 -0.00131937
v 0.00217581 -0.00283089 -0.00094978
v 0.00217644 -0.00439571 -0.00016723
v 0.00218083 -0.00439571 0.00055817
v 0.00225239 -0.00199100 0.00055817
v 0.00225271 -0.00136146 -0.00131937
v 0.00219276 -0.00439571 -0.00131937
v 0.00218617 -0.00439571 -0.00094978
v 0.00218836 -0.00517837 -0.00016723
v 0.00218146 -0.00445294 0.00055817
v 0.00225334 -0.00198698 0.00055817
v 0.00234970 -0.00162653 0.00055817
v 0.00248027 -0.00104317 -0.00131937
v 0.00224235 -0.00518289 -0.00131937
v 0.00221253 -0.00517837 -0.00094978
v 0.00219809 -0.00517837 0.00055817
v 0.00229351 -0.00563723 -0.00094978
v 0.00227437 -0.00566434 -0.00016723
v 0.00269842 -0.00150353 0.00055817
v 0.00257852 -0.00099146 -0.00131937
v 0.00229571 -0.00549315 -0.00131937
v 0.00231580 -0.00560761 -0.00131937
v 0.00228190 -0.00565179 0.00055817
v 0.00242691 -0.00564727 -0.00131937
v 0.00273954 -0.00579637 -0.00094978
v 0.00273954 -0.00585762 -0.00016723
v 0.00270250 -0.00150253 0.00055817
v 0.00304086 -0.00085290 -0.00131937
v 0.00273954 -0.00583051 0.00055817
v 0.00276590 -0.00572157 -0.00131937
v 0.00317050 -0.00575470 -0.00131937
v 0.00352204 -0.00586013 -0.00094978
v 0.00352204 -0.00592690 -0.00016723
v 0.00346492 -0.00589527 0.00055817
v 0.00352204 -0.00138455 0.00055817
v 0.00352204 -0.00081877 -0.00131937
v 0.00351514 -0.00577529 -0.00131937
v 0.00411936 -0.00566383 -0.00131937
v 0.00419626 -0.00570099 -0.00094978
v 0.00425872 -0.00573312 -0.00016723
v 0.00424083 -0.00572207 0.00055817
v 0.00418684 -0.00573613 0.00055817
v 0.00352204 -0.00590029 0.00055817
v 0.00430455 -0.00137552 0.00055817
v 0.00430455 -0.00079868 -0.00131937
v 0.00354025 -0.00081826 -0.00131937
v 0.00446965 -0.00545399 -0.00131937
v 0.00458736 -0.00548712 -0.00094978
v 0.00464982 -0.00553080 -0.00016723
v 0.00426940 -0.00570751 0.00055817
v 0.00434755 -0.00138154 0.00055817
v 0.00474147 -0.00083533 -0.00131937
v 0.00485792 -0.00504584 -0.00131937
v 0.00487832 -0.00509554 -0.00094978
v 0.00463224 -0.00551875 0.00055817
v 0.00489057 -0.00513972 -0.00016723
v 0.00487048 -0.00515629 0.00055817
v 0.00493859 -0.00151759 0.00055817
v 0.00498567 -0.00096435 -0.00131937
v 0.00495962 -0.00476521 -0.00131937
v 0.00507387 -0.00439571 -0.00131937
v 0.00509459 -0.00439571 -0.00094978
v 0.00510777 -0.00439571 -0.00016723
v 0.00510495 -0.00439571 0.00055817
v 0.00488806 -0.00512767 0.00055817
v 0.00530458 -0.00204823 0.00055817
v 0.00532153 -0.00167824 -0.00131937
v 0.00535762 -0.00246090 -0.00131937
v 0.00532435 -0.00283089 -0.00094978
v 0.00536641 -0.00283089 -0.00016723
v 0.00534632 -0.00283089 0.00055817
v 0.00537802 -0.00204823 -0.00131937
f 2256 2257 2258
f 2256 2258 2259
f 2256 2259 2260
f 2256 2260 2261
f 2256 2261 2257
f 2257 2262 2258
f 2257 2261 2267
f 2257 2267 2273
f 2257 2273 2280
f 2257 2280 2286
f 2257 2286 2291
f 2257 2291 2300
f 2257 2300 2299
f 2257 2299 2298
f 2257 2298 2307
f 2257 2307 2312
f 2257 2312 2314
f 2257 2314 2322
f 2257 2322 2321
f 2257 2321 2328
f 2257 2328 2323
f 2257 2323 2315
f 2257 2315 2308
f 2257 2308 2301
f 2257 2301 2292
f 2257 2292 2284
f 2257 2284 2276
f 2257 2276 2269
f 2257 2269 2268
f 2257 2268 2262
f 2258 2262 2263
f 2258 2263 2270
f 2258 2270 2277
f 2258 2277 2285
f 2258 2285 2293
f 2258 2293 2303
f 2258 2303 2302
f 2258 2302 2309
f 2258 2309 2316
f 2258 2316 2324
f 2258 2324 2329
f 2258 2329 2325
f 2258 2325 2318
f 2258 2318 2317
f 2258 2317 2310
f 2258 2310 2304
f 2258 2304 2295
f 2258 2295 2294
f 2258 2294 2288
f 2258 2288 2287
f 2258 2287 2281
f 2258 2281 2279
f 2258 2279 2278
f 2258 2278 2271
f 2258 2271 2264
f 2258 2264 2265
f 2258 2265 2259
f 2259 2265 2260
f 2260 2265 2266
f 2260 2266 2267
f 2260 2267 2261
f 2262 2268 2263
f 2263 2269 2270
f 2263 2268 2269
f 2264 2271 2272
f 2264 2272 2266
f 2264 2266 2265
f 2266 2273 2267
f 2266 2272 2274
f 2266 2274 2275
f 2266 2275 2273
f 2269 2276 2277
f 2269 2277 2270
f 2271 2278 2272
f 2272 2278 2279
f 2272 2279 2274
f 2273 2275 2280
f 2274 2279 2281
f 2274 2281 2282
f 2274 2282 2283
f 2274 2283 2275
f 2275 2283 2280
f 2276 2284 2285
f 2276 2285 2277
f 2280 2283 2286
f 2281 2287 2282
f 2282 2287 2288
f 2282 2288 2289
f 2282 2289 2290
f 2282 2290 2283
f 2283 2290 2291
f 2283 2291 2286
f 2284 2292 2285
f 2285 2292 2293
f 2288 2294 2289
f 2289 2294 2295
f 2289 2295 2296
f 2289 2296 2290
f 2290 2296 2297
f 2290 2297 2298
f 2290 2298 2299
f 2290 2299 2300
f 2290 2300 2291
f 2292 2301 2302
f 2292 2302 2303
f 2292 2303 2293
f 2295 2304 2305
f 2295 2305 2296
f 2296 2305 2306
f 2296 2306 2297
f 2297 2307 2298
f 2297 2306 2307
f 2301 2308 2309
f 2301 2309 2302
f 2304 2310 2305
f 2305 2310 2311
f 2305 2311 2306
f 2306 2312 2307
f 2306 2311 2313
f 2306 2313 2314
f 2306 2314 2312
f 2308 2315 2309
f 2309 2315 2316
f 2310 2317 2311
f 2311 2317 2318
f 2311 2318 2319
f 2311 2319 2313
f 2313 2319 2320
f 2313 2320 2321
f 2313 2321 2322
f 2313 2322 2314
f 2315 2323 2316
f 2316 2323 2324
f 2318 2325 2326
f 2318 2326 2319
f 2319 2326 2327
f 2319 2327 2320
f 2320 2327 2321
f 2321 2327 2328
f 2323 2328 2329
f 2323 2329 2324
f 2325 2329 2327
f 2325 2327 2326
f 2327 2329 2328

