# https://github.com/mikedh/trimesh

o geometry_0
v -0.00786927 0.01742574 0.02082497
v -0.00862046 0.01742574 0.02000034
v -0.00854357 0.02992524 0.02151630
v -0.00764574 0.02992524 0.02234116
v -0.00843449 0.04065072 0.02138745
v -0.00925065 0.03982614 0.02037435
v -0.00980479 0.04477366 0.01936773
v -0.00990971 0.03614733 0.01955963
v -0.01023449 0.04188760 0.01862542
v -0.00906258 0.04477366 0.02037435
v -0.01008791 0.05137590 0.01824793
v -0.00752638 0.03723399 0.02225743
v -0.00677150 0.03405003 0.02296341
v -0.00548375 0.03464185 0.02358515
v -0.00577868 0.02992524 0.02355094
v -0.00682056 0.02992524 0.02299737
v -0.00533717 0.01742574 0.02254693
v -0.00548375 0.02992524 0.02366580
v -0.00661441 0.04077482 0.02285617
v -0.00604352 0.04127121 0.02309399
v -0.00488552 0.05132579 0.02278966
v -0.00533717 0.01742574 0.01682964
v -0.00488552 0.05132579 0.01873140
v -0.00488552 0.07084785 0.00972340
v -0.00668312 0.01742574 0.01008594
v -0.00722724 0.05132579 0.00972340
v -0.00488552 0.07976124 0.00972340
v -0.00488552 0.06457619 0.02087884
v -0.00556440 0.05962677 0.02146078
v -0.00628583 0.06019325 0.02105342
v -0.00577828 0.06457619 0.02051944
v -0.00488552 0.06616011 0.02034038
v -0.00679627 0.06571193 0.01968681
v -0.00637045 0.06681149 0.01943485
v -0.00527024 0.06727915 0.01969193
v -0.00672177 0.06882132 0.01798190
v -0.00488552 0.07027441 0.01784633
v -0.00488552 0.06737936 0.01975716
v -0.00488552 0.07499556 0.01409214
v -0.00531263 0.07302331 0.01558122
v -0.00627604 0.07179987 0.01610433
v -0.00577828 0.07564973 0.01327518
v -0.00577828 0.07961928 0.00972340
v -0.00711805 0.07904027 0.00972340
v -0.00676352 0.07543260 0.01305519
v -0.00800502 0.07671867 0.01109704
v -0.00984256 0.07512082 0.00972340
v -0.00798768 0.07832486 0.00972340
v -0.00846553 0.07561632 0.01154469
v -0.00824973 0.07199474 0.01459767
v -0.00855866 0.07089517 0.01497881
v -0.00861582 0.07748140 0.00972340
v -0.00985027 0.07349515 0.01116483
v -0.01040968 0.07286046 0.00972340
v -0.01011424 0.07264612 0.01107210
v -0.01003235 0.07003362 0.01324449
v -0.00977705 0.07164399 0.01268556
v -0.00967541 0.06851859 0.01490527
v -0.01052401 0.06952281 0.01212536
v -0.01060236 0.07117354 0.01047545
v -0.01081110 0.06787208 0.01212536
v -0.01071797 0.07117354 0.00972340
v -0.01116949 0.06622414 0.00972340
v -0.01106223 0.06787208 0.01047545
v -0.01116884 0.06622414 0.01047545
v -0.01114637 0.06375082 0.01212536
v -0.01127289 0.06045074 0.01212536
v -0.01121958 0.05632531 0.01377527
v -0.01114356 0.04928603 0.01542483
v -0.01138436 0.05052373 0.01377538
v -0.01155428 0.04567826 0.01296773
v -0.01150434 0.04229990 0.01406618
v -0.01129339 0.04147531 0.01542483
v -0.01084751 0.04147531 0.01707545
v -0.01155310 0.03406729 0.01460100
v -0.01169095 0.02992524 0.01377493
v -0.01182692 0.02992524 0.01212523
v -0.01125106 0.06292545 0.01047545
v -0.01181947 0.02992524 0.01118184
v -0.01127289 0.05132579 0.00972340
v -0.01060618 0.01742574 0.01008594
v -0.01104621 0.02497426 0.01008594
v -0.01058930 0.01742574 0.01542475
v -0.01025676 0.01742574 0.01707402
v -0.01157049 0.02906115 0.01469143
v -0.01140098 0.02992524 0.01553950
v -0.01100236 0.02992524 0.01707555
v -0.01037214 0.02992524 0.01872403
v -0.01074678 0.04642447 0.01707545
v -0.01095433 0.05508865 0.01542518
v -0.01105356 0.06045074 0.01377527
v -0.01046877 0.05385130 0.01707381
v -0.00991000 0.05724393 0.01791028
v -0.01061730 0.06086343 0.01542518
v -0.01018938 0.05962677 0.01688708
v -0.00963758 0.05055017 0.01911258
v -0.00937306 0.05632531 0.01879151
v -0.00861133 0.05508865 0.01994005
v -0.00800952 0.05137590 0.02098755
v -0.00828019 0.04630364 0.02122556
v -0.00881253 0.05055017 0.02020431
v -0.00741926 0.04727967 0.02179481
v -0.00622712 0.04642447 0.02266662
v -0.00577828 0.05302663 0.02221284
v -0.00706410 0.05302663 0.02151962
v -0.00667296 0.05749724 0.02124463
v -0.00828505 0.06064561 0.01958193
v -0.00738491 0.06207642 0.02002638
v -0.00876515 0.06207642 0.01868343
v -0.00861197 0.06457619 0.01833619
v -0.00700886 0.06457619 0.01984157
v -0.00783354 0.06457619 0.01916114
v -0.00844305 0.06593184 0.01812643
v -0.00824588 0.06703141 0.01789109
v -0.00978989 0.06622414 0.01602887
v -0.00989587 0.06534170 0.01623351
v -0.00805705 0.07008512 0.01607875
v -0.00695684 0.07069753 0.01650722
v -0.01014378 0.06773707 0.01438663
v -0.01018906 0.06546558 0.01539193
v -0.01062805 0.06622414 0.01377527
v -0.00975746 0.06045074 0.01762442
v -0.00908083 0.05962677 0.01872372
v -0.01081495 0.06457619 0.01377527
v -0.00936814 0.02992524 0.02044461
v -0.00993440 0.02903874 0.01960021
v -0.00992252 0.01742574 0.01793750
v -0.00944536 0.01742574 0.01876214
v -0.00704380 0.01742574 0.02153431
f 2 1 3
f 4 3 1
f 5 3 4
f 5 6 3
f 7 8 6
f 7 9 8
f 10 7 6
f 7 11 9
f 10 6 5
f 5 4 12
f 13 12 4
f 13 15 14
f 13 16 15
f 13 4 16
f 15 16 17
f 15 17 18
f 14 15 18
f 19 13 14
f 19 12 13
f 20 19 14
f 20 14 21
f 14 18 21
f 17 21 18
f 21 17 22
f 23 21 22
f 23 24 21
f 23 22 24
f 24 22 25
f 24 25 26
f 24 26 27
f 24 27 28
f 21 24 28
f 31 30 29
f 31 29 28
f 29 21 28
f 32 31 28
f 32 33 31
f 32 34 33
f 35 34 32
f 35 36 34
f 35 37 36
f 38 37 35
f 32 38 35
f 32 28 38
f 38 28 37
f 37 28 27
f 39 37 27
f 40 41 37
f 39 42 40
f 39 40 37
f 42 39 43
f 42 43 44
f 45 42 44
f 45 44 46
f 43 27 44
f 39 27 43
f 44 27 47
f 48 44 47
f 48 46 44
f 49 46 48
f 50 46 49
f 50 45 46
f 50 49 51
f 52 49 48
f 52 48 47
f 47 53 52
f 55 47 54
f 53 47 55
f 56 53 55
f 56 57 53
f 56 58 57
f 60 55 54
f 60 59 55
f 60 61 59
f 60 62 61
f 60 54 62
f 62 54 63
f 62 63 64
f 65 64 63
f 65 66 64
f 67 66 65
f 67 68 66
f 68 70 69
f 68 67 70
f 70 67 71
f 70 72 69
f 70 71 72
f 73 69 72
f 73 74 69
f 73 72 75
f 72 76 75
f 72 71 76
f 71 77 76
f 71 78 77
f 67 78 71
f 67 65 78
f 63 78 65
f 63 79 78
f 80 79 63
f 80 63 26
f 80 26 81
f 82 80 81
f 82 79 80
f 82 81 79
f 79 81 77
f 78 79 77
f 83 77 81
f 83 81 84
f 83 84 85
f 83 85 77
f 76 77 85
f 85 75 76
f 86 75 85
f 86 73 75
f 86 87 73
f 86 85 87
f 87 85 84
f 87 84 88
f 87 88 9
f 74 87 9
f 73 87 74
f 89 74 9
f 89 69 74
f 69 89 90
f 69 90 68
f 90 91 68
f 92 90 89
f 92 89 11
f 9 11 89
f 92 11 93
f 92 95 94
f 92 93 95
f 97 93 96
f 98 100 99
f 98 101 100
f 98 97 101
f 101 97 96
f 101 10 100
f 96 10 101
f 96 7 10
f 96 11 7
f 96 93 11
f 19 5 12
f 19 100 5
f 100 10 5
f 102 100 19
f 20 103 19
f 20 21 103
f 103 21 104
f 105 103 104
f 106 105 104
f 106 99 105
f 106 107 99
f 106 108 107
f 106 104 30
f 106 30 108
f 107 110 109
f 108 111 107
f 30 111 108
f 29 30 104
f 104 21 29
f 30 31 111
f 31 33 111
f 112 111 33
f 112 107 111
f 112 110 107
f 112 113 110
f 112 33 113
f 113 33 114
f 115 113 114
f 115 116 113
f 51 57 58
f 51 58 114
f 114 58 115
f 51 114 117
f 51 117 50
f 57 51 53
f 49 52 53
f 51 49 53
f 117 118 50
f 117 36 118
f 117 114 36
f 36 114 34
f 33 34 114
f 36 41 118
f 37 41 36
f 41 45 118
f 40 45 41
f 40 42 45
f 45 50 118
f 119 115 58
f 119 116 115
f 119 120 116
f 56 59 119
f 56 55 59
f 119 59 121
f 120 119 121
f 109 110 122
f 116 122 110
f 113 116 110
f 123 107 109
f 107 98 99
f 107 123 98
f 98 123 97
f 123 122 97
f 123 109 122
f 95 122 116
f 95 120 94
f 95 116 120
f 94 120 124
f 121 124 120
f 121 61 124
f 59 61 121
f 66 124 61
f 94 124 90
f 92 94 90
f 124 91 90
f 124 66 91
f 91 66 68
f 64 66 61
f 64 61 62
f 95 93 122
f 93 97 122
f 105 99 102
f 105 102 103
f 19 103 102
f 99 100 102
f 56 119 58
f 125 6 8
f 125 3 6
f 125 2 3
f 125 126 2
f 8 126 125
f 8 88 126
f 8 9 88
f 126 88 127
f 126 127 128
f 126 128 2
f 2 128 1
f 1 128 17
f 129 1 17
f 129 4 1
f 129 16 4
f 129 17 16
f 128 84 17
f 127 84 128
f 127 88 84
f 84 81 17
f 17 81 25
f 22 17 25
f 26 25 81
f 26 63 27
f 47 27 63
f 54 47 63

o geometry_1
v 0.01173171 0.03464185 0.01130533
v 0.00769804 0.03464185 0.01130533
v 0.00579455 0.03464185 -0.00126426
v 0.00579455 0.03464185 0.00337798
v 0.00533840 0.05302557 0.00436198
v 0.00523255 0.06216001 0.00436198
v 0.00734640 0.05132300 0.01130533
v 0.00712480 0.06216001 0.00972340
v 0.01141087 0.05132300 0.01130533
v 0.00748822 0.04312449 0.01130533
v 0.00739406 0.04807364 0.01130533
v 0.00736617 0.04972445 0.01130533
v 0.01154688 0.04562927 0.01130533
v 0.01122864 0.06216001 0.00972340
v 0.01171427 0.03464185 0.01047359
v 0.01116359 0.06216001 0.00882440
v 0.01160209 0.03464185 0.00923829
v 0.01125743 0.03464185 0.00717371
v 0.01148934 0.03464185 0.00841270
v 0.01097378 0.06216001 0.00717441
v 0.01082772 0.06216001 0.00628959
v 0.01068166 0.06216001 0.00552495
v 0.01038718 0.06216001 0.00436198
v 0.01046523 0.06216001 0.00463960
v 0.01083198 0.03464185 0.00552376
v 0.00989389 0.03464185 0.00305685
v 0.01018217 0.03464185 0.00374463
v 0.00946902 0.03464185 0.00236414
v 0.00856057 0.03464185 0.00103287
v 0.00695176 0.03464185 -0.00053341
v 0.00777651 0.03464185 0.00020851
v 0.00777128 0.03487534 0.00021343
v 0.00680296 0.03982614 -0.00041037
v 0.00762771 0.03982614 0.00034262
v 0.00844491 0.03982614 0.00116698
v 0.00673089 0.04147531 -0.00035255
v 0.00665533 0.04275709 -0.00029349
v 0.00579455 0.04147531 -0.00090376
v 0.00579455 0.03982614 -0.00101818
v 0.00579455 0.03652615 -0.00117813
v 0.00579455 0.04477366 -0.00059370
v 0.00658210 0.04385600 -0.00024058
v 0.00650712 0.04477366 -0.00019260
v 0.00579455 0.04642447 -0.00041283
v 0.00635136 0.04642447 -0.00009786
v 0.00615258 0.04807364 0.00001165
v 0.00579455 0.05132300 0.00026880
v 0.00579455 0.04807364 -0.00018767
v 0.01106957 0.06216001 0.00793906
f 131 132 130
f 133 132 131
f 134 132 133
f 134 135 132
f 136 135 134
f 136 137 135
f 136 138 137
f 136 131 138
f 139 131 136
f 139 134 131
f 140 134 139
f 141 134 140
f 141 136 134
f 141 140 136
f 140 139 136
f 134 133 131
f 138 131 130
f 142 138 130
f 142 143 138
f 144 143 142
f 144 145 143
f 144 146 145
f 144 130 146
f 144 142 130
f 146 130 147
f 148 146 147
f 148 149 146
f 148 150 149
f 148 147 150
f 150 147 151
f 150 151 149
f 151 152 149
f 153 152 151
f 153 154 152
f 153 147 154
f 153 151 147
f 154 147 155
f 156 154 155
f 156 152 154
f 156 155 152
f 157 152 155
f 157 158 152
f 157 155 158
f 158 155 132
f 159 158 132
f 160 158 159
f 160 161 158
f 160 159 161
f 161 159 162
f 161 162 163
f 161 163 152
f 161 152 164
f 161 164 158
f 164 152 158
f 162 152 163
f 165 152 162
f 165 166 152
f 165 167 166
f 165 168 167
f 165 162 168
f 169 168 162
f 169 135 168
f 169 132 135
f 169 162 132
f 159 132 162
f 168 135 167
f 170 167 135
f 171 167 170
f 171 166 167
f 171 152 166
f 171 172 152
f 171 170 172
f 172 170 173
f 172 173 174
f 172 174 152
f 175 152 174
f 175 176 152
f 177 176 175
f 177 135 176
f 177 173 135
f 177 175 173
f 175 174 173
f 173 170 135
f 176 135 152
f 143 152 135
f 149 152 143
f 145 149 143
f 178 149 145
f 178 146 149
f 178 145 146
f 137 143 135
f 138 143 137
f 155 130 132
f 147 130 155

o geometry_2
v 0.00521254 0.03464185 0.02368338
v 0.00769827 0.03464185 0.01130654
v 0.01173110 0.03464185 0.01130654
v 0.01127338 0.05132301 0.00972340
v 0.01123063 0.06202697 0.00972340
v 0.01121834 0.06367798 0.00972340
v 0.01119643 0.06532623 0.00972340
v 0.01087152 0.07027373 0.00972340
v 0.01104039 0.06862549 0.00972340
v 0.01114513 0.06697448 0.00972340
v 0.01121941 0.06457527 0.01047552
v 0.01125521 0.06292702 0.01047552
v 0.01130224 0.05962500 0.01212477
v 0.01125895 0.06127601 0.01212477
v 0.01116597 0.06622352 0.01047552
v 0.01105749 0.06787453 0.01047552
v 0.01109863 0.06457527 0.01212477
v 0.01097573 0.06622352 0.01212477
v 0.01079457 0.06787453 0.01212477
v 0.01086831 0.06952278 0.01047552
v 0.01062036 0.07117379 0.01047552
v 0.01062517 0.07192475 0.00972340
v 0.00984710 0.07515499 0.00972340
v 0.01021476 0.07376902 0.00972340
v 0.01021369 0.07288278 0.01053819
v 0.01003254 0.07413898 0.01002941
v 0.01002345 0.07237201 0.01157297
v 0.00982573 0.07347361 0.01112932
v 0.00974824 0.07158516 0.01267288
v 0.00951044 0.07288278 0.01212354
v 0.00964190 0.07460281 0.01053819
v 0.00873772 0.07441231 0.01211125
v 0.00856404 0.07265914 0.01369292
v 0.00837273 0.07382148 0.01308827
v 0.00846091 0.07562158 0.01155208
v 0.00885421 0.07615167 0.01051361
v 0.00887826 0.07699926 0.00972340
v 0.00851328 0.07736094 0.00999008
v 0.00861053 0.07748517 0.00972340
v 0.00799118 0.07833553 0.00972340
v 0.00799118 0.07672041 0.01108999
v 0.00784850 0.07492031 0.01265199
v 0.00824769 0.07199930 0.01460111
v 0.00848549 0.07117379 0.01488992
v 0.00933837 0.07109096 0.01367325
v 0.00970335 0.06952278 0.01422628
v 0.00885795 0.06954487 0.01549210
v 0.00842350 0.06900925 0.01644946
v 0.00868054 0.06787453 0.01680585
v 0.00956922 0.06798496 0.01541837
v 0.00987222 0.06860892 0.01454704
v 0.01008437 0.06952278 0.01340165
v 0.01050279 0.06952278 0.01212477
v 0.01025858 0.06798496 0.01390798
v 0.01001437 0.06751009 0.01486411
v 0.00974824 0.06651341 0.01596402
v 0.00990054 0.06541734 0.01625528
v 0.00909683 0.06622352 0.01707254
v 0.00844541 0.06593086 0.01813804
v 0.00823860 0.06703246 0.01788979
v 0.00805638 0.07011084 0.01608446
v 0.00792278 0.06787453 0.01763048
v 0.00709769 0.06787453 0.01829166
v 0.00672308 0.06883532 0.01798811
v 0.00695661 0.07070719 0.01651336
v 0.00625870 0.07180603 0.01610781
v 0.00599258 0.07012465 0.01743753
v 0.00599258 0.07151062 0.01643840
v 0.00599258 0.07300977 0.01530653
v 0.00657239 0.07363374 0.01458882
v 0.00742206 0.07239962 0.01490835
v 0.00742206 0.07322513 0.01428281
v 0.00674873 0.07542555 0.01305140
v 0.00599258 0.07438470 0.01423366
v 0.00521254 0.05132300 0.02263895
v 0.00599258 0.07455587 0.01409355
v 0.00599258 0.07559397 0.01322100
v 0.00599258 0.07952823 0.00972340
v 0.00700898 0.07892360 0.00989422
v 0.00689088 0.07715111 0.01149432
v 0.00711799 0.07903956 0.00972340
v 0.00599258 0.07074585 0.00972340
v 0.00521254 0.05132300 0.01851698
v 0.00521254 0.03464185 0.01964743
v 0.00722754 0.05132301 0.00972340
v 0.00521254 0.04442913 0.02323629
v 0.00521254 0.05088540 0.02272256
v 0.00599258 0.06457527 0.02041775
v 0.00599258 0.06482098 0.02035753
v 0.00679843 0.06571551 0.01968898
v 0.00701379 0.06457527 0.01984751
v 0.00611175 0.06127601 0.02096463
v 0.00639283 0.05962500 0.02109859
v 0.00599258 0.06127601 0.02101993
v 0.00599258 0.06174812 0.02094251
v 0.00599258 0.05962500 0.02127924
v 0.00654994 0.05865316 0.02117478
v 0.00721472 0.06292702 0.02000482
v 0.00803928 0.06292702 0.01935347
v 0.00783888 0.06457527 0.01917896
v 0.00861962 0.06457527 0.01835310
v 0.00816592 0.06170118 0.01947268
v 0.00827173 0.06059959 0.01957346
v 0.00668247 0.05755433 0.02125589
v 0.00762406 0.05632574 0.02070164
v 0.00679897 0.05632574 0.02133578
v 0.00599258 0.05333845 0.02208175
v 0.00693630 0.05467473 0.02143286
v 0.00589268 0.04972445 0.02251052
v 0.00566234 0.05132300 0.02246448
v 0.00599258 0.05503088 0.02189003
v 0.00599258 0.05662391 0.02169831
v 0.00521254 0.04829407 0.02297094
v 0.00606032 0.04807364 0.02258322
v 0.00706135 0.05302648 0.02152503
v 0.00788644 0.05302648 0.02089212
v 0.00776140 0.05467473 0.02079749
v 0.00846037 0.05797675 0.01976763
v 0.00855816 0.05632574 0.01987701
v 0.00799492 0.05137546 0.02097815
v 0.00716983 0.05137546 0.02161106
v 0.00734381 0.04807364 0.02175931
v 0.00632584 0.04477366 0.02270802
v 0.00658753 0.04052663 0.02284372
v 0.00570521 0.04147531 0.02322296
v 0.00550111 0.04477366 0.02311149
v 0.00521254 0.04096260 0.02343863
v 0.00538274 0.04642447 0.02305091
v 0.00521254 0.04620077 0.02312482
v 0.00523494 0.04807364 0.02298063
v 0.00620811 0.04642447 0.02265228
v 0.00521254 0.03761689 0.02358161
v 0.00577239 0.03817533 0.02333928
v 0.00577239 0.03487534 0.02345317
v 0.00577239 0.03464185 0.02345923
v 0.00673725 0.03464185 0.02294186
v 0.00756199 0.03464185 0.02228637
v 0.00748073 0.03817533 0.02223427
v 0.00665599 0.03817533 0.02288734
v 0.00727279 0.03991594 0.02233120
v 0.00826644 0.04585950 0.02121649
v 0.00829715 0.04477366 0.02124679
v 0.00842895 0.03982614 0.02138128
v 0.00900864 0.04477366 0.02037441
v 0.00915004 0.04147531 0.02037441
v 0.00921274 0.03982614 0.02037441
v 0.00925817 0.03817533 0.02037441
v 0.00847630 0.03652615 0.02143338
v 0.00849934 0.03464185 0.02146125
v 0.00932471 0.03464185 0.02039501
v 0.00987496 0.03817533 0.01950809
v 0.00985641 0.03982614 0.01947295
v 0.00981098 0.04312449 0.01939299
v 0.01022431 0.04312449 0.01856786
v 0.01025246 0.03982614 0.01864783
v 0.01085902 0.04147531 0.01707513
v 0.01079567 0.04477366 0.01707513
v 0.01018272 0.04642447 0.01846487
v 0.00978347 0.04477366 0.01934573
v 0.00974828 0.04642447 0.01928879
v 0.00970605 0.04807364 0.01922457
v 0.01007779 0.05132300 0.01828313
v 0.01012514 0.04972445 0.01832917
v 0.01065747 0.04972445 0.01707513
v 0.01060053 0.05132300 0.01707513
v 0.01058389 0.05132300 0.01711390
v 0.01052684 0.05302648 0.01707377
v 0.01005070 0.05302648 0.01817122
v 0.01044508 0.05467473 0.01707377
v 0.01089450 0.05632574 0.01542451
v 0.01096878 0.05467473 0.01542451
v 0.01103184 0.05302648 0.01542451
v 0.01108935 0.05132300 0.01542489
v 0.01121887 0.05632574 0.01377526
v 0.01131666 0.05302648 0.01377526
v 0.01117445 0.04807364 0.01542489
v 0.01071122 0.04807364 0.01707513
v 0.01124099 0.04477366 0.01542489
v 0.01143038 0.04807364 0.01377464
v 0.01147517 0.04477366 0.01391156
v 0.01150972 0.03982614 0.01425808
v 0.01154107 0.03530152 0.01455009
v 0.01133825 0.03817533 0.01542489
v 0.01094987 0.03464185 0.01707513
v 0.01141055 0.03464185 0.01528676
v 0.01144830 0.03464185 0.01509411
v 0.01159994 0.03464185 0.01409451
v 0.01162233 0.03464185 0.01389580
v 0.01174902 0.03464185 0.01212561
v 0.01158650 0.04147531 0.01332634
v 0.01155131 0.04590359 0.01299919
v 0.01135942 0.05137546 0.01377526
v 0.01109917 0.05962500 0.01377526
v 0.01102703 0.06127601 0.01377526
v 0.01118841 0.06292702 0.01212477
v 0.01093137 0.06292702 0.01377526
v 0.01080312 0.05797675 0.01542451
v 0.01070533 0.05962500 0.01542451
v 0.01035210 0.05632574 0.01707377
v 0.01059257 0.06127601 0.01542451
v 0.01080686 0.06457527 0.01377526
v 0.01061662 0.06622352 0.01377526
v 0.01009826 0.06606891 0.01541837
v 0.01031042 0.06457527 0.01542451
v 0.01046218 0.06292702 0.01542451
v 0.00994757 0.06457527 0.01634623
v 0.01010842 0.06127601 0.01670262
v 0.00986420 0.05848751 0.01783326
v 0.00980061 0.05962500 0.01771282
v 0.00969801 0.06127601 0.01752725
v 0.00875642 0.06292702 0.01852885
v 0.00907331 0.05962500 0.01872425
v 0.00938807 0.05795190 0.01857923
v 0.00991764 0.05738592 0.01793280
v 0.01017842 0.05962500 0.01688696
v 0.01018270 0.05795190 0.01719912
v 0.00995451 0.05632574 0.01799425
v 0.00960289 0.05137546 0.01907942
v 0.00953716 0.05302648 0.01899585
v 0.00877833 0.05137546 0.02015352
v 0.00871314 0.05302648 0.02006627
v 0.00938272 0.05632574 0.01882011
v 0.00876283 0.06120146 0.01884346
v 0.00944418 0.06457527 0.01717085
v 0.00958151 0.06292702 0.01734413
v 0.00636611 0.06681710 0.01943335
v 0.00599258 0.06614621 0.01991265
v 0.00599258 0.06644163 0.01978361
v 0.00599258 0.06749628 0.01919985
v 0.00599258 0.06805675 0.01884960
v 0.00599258 0.06908932 0.01816876
v 0.00822357 0.04696004 0.02117651
v 0.00757287 0.04641467 0.02171205
v 0.00888131 0.04807364 0.02030171
v 0.00965806 0.04972445 0.01915430
v 0.00879941 0.04641467 0.02052587
v 0.00990887 0.03464185 0.01956988
v 0.01029917 0.03464185 0.01872417
v 0.00593171 0.03991594 0.02319388
v 0.00599258 0.05813136 0.02149677
f 180 181 179
f 182 181 180
f 183 181 182
f 184 181 183
f 184 185 181
f 184 183 185
f 183 182 185
f 185 182 186
f 187 185 186
f 188 185 187
f 189 185 188
f 189 190 185
f 189 191 190
f 189 192 191
f 189 193 192
f 189 188 193
f 188 187 193
f 194 193 187
f 194 195 193
f 194 196 195
f 194 197 196
f 198 197 194
f 198 199 197
f 198 200 199
f 198 186 200
f 198 194 186
f 194 187 186
f 200 186 201
f 202 200 201
f 202 199 200
f 202 203 199
f 204 203 202
f 204 205 203
f 204 201 205
f 204 202 201
f 206 205 201
f 206 207 205
f 206 208 207
f 209 208 206
f 210 208 209
f 210 211 208
f 210 212 211
f 210 213 212
f 210 214 213
f 210 209 214
f 214 209 201
f 215 214 201
f 215 216 214
f 215 217 216
f 215 201 217
f 217 201 218
f 216 217 218
f 216 218 213
f 216 213 214
f 219 213 218
f 212 213 219
f 212 219 220
f 212 220 221
f 212 221 211
f 211 221 222
f 211 222 208
f 223 208 222
f 223 224 208
f 223 225 224
f 223 222 225
f 225 222 226
f 225 226 227
f 225 227 228
f 225 228 224
f 229 224 228
f 207 224 229
f 207 208 224
f 207 229 205
f 230 205 229
f 230 231 205
f 230 232 231
f 230 233 232
f 230 229 233
f 234 233 229
f 234 235 233
f 236 235 234
f 236 237 235
f 236 238 237
f 236 227 238
f 236 234 227
f 234 228 227
f 234 229 228
f 227 226 238
f 239 238 226
f 240 238 239
f 240 241 238
f 240 242 241
f 240 239 242
f 243 242 239
f 244 242 243
f 244 245 242
f 244 246 245
f 244 247 246
f 244 248 247
f 244 243 248
f 249 248 243
f 250 248 249
f 250 220 248
f 250 221 220
f 250 249 221
f 249 243 221
f 243 239 221
f 239 226 221
f 222 221 226
f 248 220 251
f 252 248 251
f 252 247 248
f 252 253 247
f 252 254 253
f 252 251 254
f 255 254 251
f 255 253 254
f 255 256 253
f 255 257 256
f 255 258 257
f 255 251 258
f 219 258 251
f 219 218 258
f 259 258 218
f 259 257 258
f 259 256 257
f 259 218 256
f 218 201 256
f 201 186 256
f 182 256 186
f 260 256 182
f 260 261 256
f 260 262 261
f 260 180 262
f 263 180 260
f 263 182 180
f 263 260 182
f 262 180 179
f 253 262 179
f 261 262 253
f 261 253 256
f 264 253 179
f 265 253 264
f 266 253 265
f 266 267 253
f 266 268 267
f 266 269 268
f 270 269 266
f 270 271 269
f 270 272 271
f 273 272 270
f 273 265 272
f 273 266 265
f 273 270 266
f 274 272 265
f 271 272 274
f 271 274 275
f 271 275 269
f 276 269 275
f 277 269 276
f 277 278 269
f 277 279 278
f 280 279 277
f 280 281 279
f 280 276 281
f 280 277 276
f 282 281 276
f 282 283 281
f 282 284 283
f 285 284 282
f 285 286 284
f 285 287 286
f 285 288 287
f 285 289 288
f 285 282 289
f 289 282 290
f 289 290 265
f 289 265 288
f 288 265 287
f 287 265 291
f 292 287 291
f 286 287 292
f 286 292 293
f 286 293 294
f 286 294 295
f 286 295 283
f 286 283 284
f 295 296 283
f 295 294 296
f 294 297 296
f 294 298 297
f 294 293 298
f 299 298 293
f 299 300 298
f 301 300 299
f 301 302 300
f 301 303 302
f 304 303 301
f 304 305 303
f 304 264 305
f 306 264 304
f 306 307 264
f 306 308 307
f 306 292 308
f 306 309 292
f 306 304 309
f 304 301 309
f 301 299 309
f 299 293 309
f 292 309 293
f 292 291 308
f 307 308 291
f 307 291 264
f 291 265 264
f 305 264 179
f 310 305 179
f 310 311 305
f 310 312 311
f 310 179 312
f 313 312 179
f 313 314 312
f 313 179 314
f 314 179 315
f 316 314 315
f 317 314 316
f 317 312 314
f 317 302 312
f 318 302 317
f 318 319 302
f 318 320 319
f 321 320 318
f 321 322 320
f 321 323 322
f 321 324 323
f 321 325 324
f 321 326 325
f 321 315 326
f 321 316 315
f 321 318 316
f 318 317 316
f 326 315 327
f 326 327 325
f 325 327 328
f 325 328 329
f 330 325 329
f 330 324 325
f 330 331 324
f 330 332 331
f 330 329 332
f 332 329 333
f 332 333 334
f 332 334 335
f 332 335 336
f 332 336 331
f 337 331 336
f 324 331 337
f 323 324 337
f 323 337 322
f 338 322 337
f 338 339 322
f 338 340 339
f 338 341 340
f 338 337 341
f 337 336 341
f 341 336 342
f 341 342 343
f 341 343 344
f 340 341 344
f 345 340 344
f 345 346 340
f 345 347 346
f 345 348 347
f 345 349 348
f 345 343 349
f 345 344 343
f 343 350 349
f 343 342 350
f 351 350 342
f 351 352 350
f 351 353 352
f 351 354 353
f 351 355 354
f 351 342 355
f 342 336 355
f 336 335 355
f 355 335 354
f 356 354 335
f 356 357 354
f 356 358 357
f 356 359 358
f 356 360 359
f 356 361 360
f 356 334 361
f 356 335 334
f 361 334 362
f 361 362 363
f 364 361 363
f 364 360 361
f 365 360 364
f 365 366 360
f 365 364 366
f 364 363 366
f 366 363 181
f 367 366 181
f 368 366 367
f 368 359 366
f 368 358 359
f 368 369 358
f 368 367 369
f 367 190 369
f 367 181 190
f 190 181 185
f 191 369 190
f 370 369 191
f 370 357 369
f 370 354 357
f 370 353 354
f 370 191 353
f 191 192 353
f 352 353 192
f 371 352 192
f 371 350 352
f 371 349 350
f 371 372 349
f 373 372 371
f 373 195 372
f 373 193 195
f 373 192 193
f 373 371 192
f 374 372 195
f 374 375 372
f 376 375 374
f 376 377 375
f 376 378 377
f 376 374 378
f 374 379 378
f 374 196 379
f 374 195 196
f 197 379 196
f 197 380 379
f 231 380 197
f 231 232 380
f 381 380 232
f 382 380 381
f 382 379 380
f 382 383 379
f 384 383 382
f 384 385 383
f 384 386 385
f 384 387 386
f 384 235 387
f 384 382 235
f 382 381 235
f 381 233 235
f 381 232 233
f 387 235 388
f 387 388 389
f 387 389 390
f 387 390 386
f 386 390 391
f 386 391 392
f 393 386 392
f 393 385 386
f 393 383 385
f 393 378 383
f 393 377 378
f 394 377 393
f 394 392 377
f 394 393 392
f 395 377 392
f 347 377 395
f 347 375 377
f 347 348 375
f 372 375 348
f 349 372 348
f 347 395 346
f 395 396 346
f 395 392 396
f 397 396 392
f 397 398 396
f 397 399 398
f 400 399 397
f 400 297 399
f 400 296 297
f 400 391 296
f 400 392 391
f 400 397 392
f 390 296 391
f 281 296 390
f 281 283 296
f 281 390 401
f 281 401 389
f 281 389 279
f 389 402 279
f 403 402 389
f 403 235 402
f 403 388 235
f 403 389 388
f 402 235 279
f 237 279 235
f 237 278 279
f 237 268 278
f 237 238 268
f 404 268 238
f 404 405 268
f 404 406 405
f 404 407 406
f 408 407 404
f 408 253 407
f 408 409 253
f 408 242 409
f 408 404 242
f 404 241 242
f 404 238 241
f 245 409 242
f 245 253 409
f 245 246 253
f 247 253 246
f 406 407 253
f 406 253 405
f 405 253 267
f 268 405 267
f 269 278 268
f 389 401 390
f 297 298 399
f 410 399 298
f 410 398 399
f 410 319 398
f 410 411 319
f 410 300 411
f 410 298 300
f 411 300 302
f 411 302 319
f 412 398 319
f 413 398 412
f 413 396 398
f 413 346 396
f 413 340 346
f 413 339 340
f 413 412 339
f 412 322 339
f 414 322 412
f 414 319 322
f 414 412 319
f 320 322 319
f 378 379 383
f 231 197 199
f 231 199 205
f 203 205 199
f 358 369 357
f 366 359 360
f 363 415 181
f 362 415 363
f 416 415 362
f 416 333 415
f 416 334 333
f 416 362 334
f 329 415 333
f 328 415 329
f 328 327 415
f 327 315 415
f 315 179 415
f 415 179 181
f 311 312 302
f 417 311 302
f 417 303 311
f 417 302 303
f 311 303 305
f 290 418 265
f 290 275 418
f 290 282 275
f 282 276 275
f 274 418 275
f 274 265 418
f 219 251 220
f 209 206 201

o geometry_3
v 0.00579397 0.05132300 0.00484855
v 0.00579397 0.03464185 0.00337644
v 0.00579397 0.03464185 -0.00126379
v -0.00560171 0.03464185 0.00315873
v 0.00579397 0.04972445 0.00471758
v -0.00560171 0.05090826 0.00458216
v -0.00560171 0.05132300 0.00461477
v -0.00432173 0.05132300 -0.00040057
v -0.00560171 0.05132300 0.00015732
v -0.00560171 0.04312449 -0.00085639
v -0.00560171 0.04642447 -0.00051045
v -0.00560171 0.04603422 -0.00055795
v -0.00552516 0.04642447 -0.00055298
v -0.00532027 0.04807364 -0.00044027
v -0.00412786 0.04477366 -0.00133772
v -0.00412786 0.04642447 -0.00113143
v -0.00508895 0.04972445 -0.00031905
v -0.00496227 0.05059966 -0.00025454
v -0.00547394 0.05132300 0.00009493
v -0.00419781 0.05132300 -0.00044382
v -0.00247831 0.04642447 -0.00156810
v -0.00246014 0.04484387 -0.00177510
v -0.00189780 0.04434096 -0.00194807
v -0.00140211 0.04543986 -0.00188072
v -0.00084253 0.04484387 -0.00199698
v -0.00082821 0.04312449 -0.00217703
v -0.00030223 0.04575990 -0.00192325
v -0.00084253 0.04635589 -0.00179778
v -0.00082821 0.05132300 -0.00108890
v 0.00002383 0.04575990 -0.00192325
v 0.00082238 0.04312449 -0.00217618
v 0.00082238 0.04147531 -0.00230349
v -0.00082821 0.04147531 -0.00230392
v -0.00219577 0.04312449 -0.00200619
v -0.00302027 0.04312449 -0.00184315
v -0.00323121 0.04210069 -0.00188568
v -0.00260058 0.04152103 -0.00205156
v -0.00247831 0.03982614 -0.00217703
v -0.00338653 0.04100179 -0.00192538
v -0.00247831 0.03652615 -0.00233512
v -0.00349227 0.03982614 -0.00195799
v -0.00374838 0.03652615 -0.00203880
v -0.00247831 0.03487534 -0.00240529
v -0.00082821 0.03652615 -0.00255558
v -0.00082821 0.03982614 -0.00240104
v 0.00082238 0.03982614 -0.00240007
v 0.00082238 0.03652615 -0.00255445
v 0.00082238 0.03487534 -0.00261957
v 0.00247205 0.03652615 -0.00234373
v 0.00247205 0.03982614 -0.00219959
v 0.00261832 0.04160104 -0.00206131
v 0.00342706 0.04113568 -0.00194278
v 0.00354679 0.03982614 -0.00198156
v 0.00247205 0.03487534 -0.00240665
v 0.00247205 0.03464185 -0.00241324
v 0.00082238 0.03464185 -0.00262542
v -0.00082821 0.03464185 -0.00262647
v -0.00082821 0.03487534 -0.00262009
v -0.00247831 0.03464185 -0.00241309
v -0.00386569 0.03487534 -0.00207496
v -0.00469074 0.03487534 -0.00181054
v -0.00457343 0.03652615 -0.00177084
v -0.00560171 0.03960733 -0.00110733
v -0.00560171 0.03625837 -0.00128455
v -0.00560171 0.03464185 -0.00136111
v -0.00470286 0.03464185 -0.00181479
v -0.00387836 0.03464185 -0.00207921
v 0.00388395 0.03464185 -0.00208033
v 0.00400029 0.03464185 -0.00204375
v 0.00470906 0.03464185 -0.00181986
v 0.00577138 0.03464185 -0.00127769
v 0.00577138 0.03487534 -0.00126964
v 0.00469720 0.03487534 -0.00181547
v 0.00577138 0.03652615 -0.00119209
v 0.00579397 0.03652615 -0.00117892
v 0.00577138 0.03982614 -0.00103112
v 0.00459103 0.03652615 -0.00177669
v 0.00437190 0.03982614 -0.00169547
v 0.00403474 0.04160104 -0.00168816
v 0.00412171 0.04312449 -0.00151329
v 0.00326497 0.04223622 -0.00189449
v 0.00221960 0.04312449 -0.00200570
v 0.00304415 0.04312449 -0.00184986
v 0.00412171 0.04642447 -0.00116355
v 0.00247205 0.04642447 -0.00158865
v 0.00245398 0.04484387 -0.00178400
v 0.00189204 0.04433932 -0.00194717
v 0.00083650 0.04484387 -0.00199692
v 0.00139618 0.04543986 -0.00188058
v 0.00029659 0.04575990 -0.00192302
v 0.00083650 0.04635589 -0.00179791
v 0.00082238 0.05132300 -0.00108819
v -0.00247831 0.05132300 -0.00088545
v 0.00420191 0.05132300 -0.00044798
v 0.00247205 0.05132300 -0.00088771
v 0.00487510 0.05132300 -0.00022629
v 0.00532691 0.04807364 -0.00044871
v 0.00552571 0.04642447 -0.00056359
v 0.00562172 0.05132300 0.00016003
v 0.00579397 0.05132300 0.00026759
v 0.00579397 0.04807364 -0.00018824
v 0.00579397 0.04642447 -0.00041286
v 0.00579397 0.04172514 -0.00088186
v 0.00579397 0.04465936 -0.00060529
v 0.00568158 0.04477366 -0.00065651
v 0.00412171 0.04477366 -0.00135159
v 0.00577138 0.04147531 -0.00091771
v 0.00579397 0.04147531 -0.00090454
v 0.00579397 0.03982614 -0.00101795
v 0.00579397 0.03487045 -0.00125574
v 0.00376591 0.03652615 -0.00204814
v 0.00387265 0.03487534 -0.00207667
v -0.00560171 0.04127774 -0.00100312
v -0.00431677 0.03982614 -0.00168578
v -0.00412786 0.04312449 -0.00150856
v -0.00401275 0.04152103 -0.00167798
f 420 421 419
f 420 422 421
f 423 422 420
f 424 422 423
f 424 425 422
f 424 419 425
f 424 423 419
f 423 420 419
f 425 419 426
f 427 425 426
f 427 428 425
f 429 428 427
f 430 428 429
f 430 431 428
f 430 429 431
f 429 427 431
f 432 431 427
f 432 433 431
f 432 434 433
f 435 434 432
f 435 436 434
f 435 437 436
f 435 432 437
f 437 432 427
f 437 427 426
f 437 426 436
f 436 426 434
f 438 434 426
f 439 434 438
f 439 440 434
f 439 441 440
f 442 441 439
f 443 441 442
f 443 444 441
f 443 445 444
f 443 442 445
f 445 442 446
f 445 446 447
f 445 447 448
f 445 448 444
f 444 448 449
f 444 449 450
f 444 450 451
f 444 451 452
f 444 452 441
f 452 453 441
f 452 454 453
f 452 455 454
f 456 455 452
f 456 457 455
f 458 457 456
f 458 459 457
f 458 460 459
f 458 461 460
f 458 462 461
f 458 463 462
f 458 456 463
f 463 456 451
f 463 451 450
f 463 450 464
f 463 464 462
f 465 462 464
f 465 466 462
f 465 467 466
f 465 468 467
f 465 464 468
f 468 464 450
f 468 450 469
f 468 469 470
f 468 470 471
f 467 468 471
f 467 471 472
f 466 467 472
f 466 472 473
f 466 473 474
f 466 474 475
f 466 475 476
f 466 476 462
f 461 462 476
f 461 476 477
f 461 477 478
f 461 478 460
f 479 460 478
f 479 480 460
f 479 481 480
f 479 482 481
f 479 483 482
f 479 484 483
f 479 485 484
f 479 478 485
f 478 477 485
f 485 477 484
f 477 474 484
f 475 474 477
f 475 477 476
f 474 421 484
f 486 421 474
f 487 421 486
f 488 421 487
f 489 421 488
f 489 490 421
f 489 488 490
f 490 488 491
f 492 490 491
f 492 493 490
f 492 494 493
f 492 491 494
f 495 494 491
f 495 496 494
f 471 496 495
f 471 470 496
f 497 496 470
f 497 498 496
f 497 499 498
f 497 470 499
f 469 499 470
f 500 499 469
f 501 499 500
f 501 502 499
f 501 503 502
f 501 504 503
f 501 505 504
f 501 500 505
f 500 449 505
f 450 449 500
f 450 500 469
f 506 505 449
f 506 507 505
f 508 507 506
f 509 507 508
f 509 510 507
f 509 508 510
f 508 448 510
f 508 449 448
f 508 506 449
f 448 447 510
f 447 511 510
f 442 511 447
f 442 439 511
f 439 438 511
f 438 426 511
f 511 426 512
f 510 511 512
f 513 510 512
f 507 510 513
f 507 513 503
f 507 503 505
f 504 505 503
f 513 512 503
f 502 503 512
f 514 502 512
f 515 502 514
f 515 516 502
f 515 517 516
f 515 514 517
f 514 512 517
f 512 426 517
f 517 426 419
f 518 517 419
f 519 517 518
f 519 516 517
f 519 520 516
f 519 518 520
f 520 518 521
f 522 520 521
f 523 520 522
f 523 516 520
f 523 524 516
f 523 498 524
f 523 525 498
f 523 521 525
f 523 522 521
f 526 525 521
f 526 494 525
f 526 527 494
f 526 521 527
f 527 521 421
f 493 527 421
f 493 494 527
f 528 493 421
f 528 490 493
f 528 421 490
f 521 518 421
f 518 419 421
f 525 494 496
f 525 496 498
f 524 498 499
f 524 499 502
f 524 502 516
f 446 442 447
f 471 495 491
f 529 471 491
f 529 472 471
f 530 472 529
f 530 473 472
f 530 486 473
f 530 487 486
f 530 488 487
f 530 491 488
f 530 529 491
f 473 486 474
f 484 421 422
f 483 484 422
f 483 422 428
f 481 483 428
f 482 483 481
f 531 481 428
f 531 532 481
f 531 533 532
f 531 428 533
f 431 533 428
f 433 533 431
f 454 533 433
f 454 457 533
f 454 455 457
f 534 533 457
f 534 532 533
f 534 457 532
f 459 532 457
f 459 480 532
f 459 460 480
f 480 481 532
f 454 433 453
f 433 434 453
f 440 453 434
f 441 453 440
f 428 422 425
f 456 452 451

o geometry_4
v -0.00533717 0.01742574 0.01683047
v 0.00002252 0.01742574 0.01975528
v 0.00002252 0.01742574 0.02355324
v 0.00002252 0.02548470 0.02381706
v 0.00002252 0.02332460 0.02390430
v 0.00001073 0.02992524 0.02474264
v 0.00001073 0.03322471 0.02469805
v -0.00082837 0.03322471 0.02470183
v -0.00082837 0.02992524 0.02474339
v -0.00211929 0.03322471 0.02457789
v -0.00220320 0.03157453 0.02458998
v -0.00227689 0.02992524 0.02459829
v -0.00310092 0.02992524 0.02446226
v -0.00302777 0.03157453 0.02445243
v -0.00294332 0.03322471 0.02443656
v -0.00412774 0.03322471 0.02414258
v -0.00412774 0.03157453 0.02417054
v -0.00412774 0.02992524 0.02419170
v -0.00548375 0.02992524 0.02366571
v -0.00548375 0.03322471 0.02361734
v -0.00577802 0.03464185 0.02347212
v -0.00412782 0.03487534 0.02410516
v -0.00577802 0.03652615 0.02341301
v -0.00412782 0.03652615 0.02404936
v -0.00282716 0.03487534 0.02441736
v -0.00265196 0.03652615 0.02438946
v -0.00200228 0.03487534 0.02455752
v -0.00213539 0.03464185 0.02454091
v -0.00082837 0.03464185 0.02467009
v -0.00182708 0.03652615 0.02452762
v -0.00234065 0.03811328 0.02437418
v -0.00247849 0.03982614 0.02427587
v -0.00412782 0.03982614 0.02390655
v -0.00577802 0.03982614 0.02328680
v -0.00564491 0.04312449 0.02316458
v -0.00591157 0.04138551 0.02314930
v -0.00604296 0.04127121 0.02309417
v -0.00604296 0.04312449 0.02297991
v -0.00604296 0.04477366 0.02287164
v -0.00553155 0.04477366 0.02310612
v -0.00604296 0.04642447 0.02275075
v -0.00540144 0.04642447 0.02304435
v -0.00412782 0.04147531 0.02381887
v -0.00247849 0.04147531 0.02418553
v -0.00412782 0.04312449 0.02371059
v -0.00412782 0.04477366 0.02359435
v -0.00247849 0.04312449 0.02407460
v -0.00165618 0.04147531 0.02427521
v -0.00165618 0.04312449 0.02415830
v -0.00247849 0.04477366 0.02395769
v -0.00412782 0.04642447 0.02346814
v -0.00247849 0.04642447 0.02382883
v -0.00165618 0.04477366 0.02403541
v 0.00001073 0.03464185 0.02466706
v -0.00165618 0.04642447 0.02390323
v -0.00247849 0.04807364 0.02368203
v -0.00412782 0.04807364 0.02332466
v -0.00496087 0.05058006 0.02285238
v -0.00412782 0.04972445 0.02316723
v -0.00482775 0.05132300 0.02281385
v -0.00415101 0.05132300 0.02299851
v -0.00247849 0.05132300 0.02336119
v -0.00247849 0.04972445 0.02352394
v -0.00165618 0.04889660 0.02368203
v -0.00165618 0.05051965 0.02352659
v -0.00165618 0.05132300 0.02344489
v -0.00604296 0.05132300 0.02224326
v -0.00562601 0.05132300 0.02247242
v -0.00588409 0.04972445 0.02251693
v -0.00604296 0.04829244 0.02258468
v -0.00524213 0.04807364 0.02297261
v -0.00604296 0.05132300 0.01780803
v -0.00165618 0.05132300 0.01985858
v 0.00001073 0.03464185 0.02111432
v 0.00001073 0.02827505 0.02003059
v 0.00001073 0.02662486 0.01992101
v 0.00002252 0.02548470 0.01992077
v -0.00165618 0.03765935 0.02450371
v -0.00169869 0.03752056 0.02450637
v -0.00480623 0.01742574 0.01704581
v -0.00548375 0.02662397 0.01702501
v -0.00548375 0.02548560 0.01702274
v -0.00604296 0.03464185 0.01880176
v -0.00604296 0.03464185 0.02333263
v -0.00533717 0.01742574 0.02254646
v -0.00604296 0.03652615 0.02327750
v -0.00604296 0.03982614 0.02315992
v -0.00522647 0.01742574 0.02260393
v -0.00480728 0.01742574 0.02280542
v -0.00403817 0.01742574 0.02302423
v -0.00329371 0.01742574 0.02318834
v -0.00247842 0.01742574 0.02336213
v -0.00082844 0.01742574 0.02354493
v -0.00209347 0.02895538 0.02456806
f 536 537 535
f 538 537 536
f 539 537 538
f 539 540 537
f 541 540 539
f 542 540 541
f 542 543 540
f 544 543 542
f 545 543 544
f 545 546 543
f 545 547 546
f 545 548 547
f 545 544 548
f 548 544 549
f 548 549 550
f 548 550 547
f 551 547 550
f 551 552 547
f 551 553 552
f 551 554 553
f 551 550 554
f 550 555 554
f 556 555 550
f 556 557 555
f 556 558 557
f 559 558 556
f 559 560 558
f 559 561 560
f 559 562 561
f 559 544 562
f 559 549 544
f 559 556 549
f 556 550 549
f 561 562 544
f 561 544 542
f 561 542 563
f 561 563 564
f 561 564 560
f 560 564 565
f 560 565 566
f 567 560 566
f 567 558 560
f 567 568 558
f 569 568 567
f 570 568 569
f 570 571 568
f 572 571 570
f 572 573 571
f 572 569 573
f 572 570 569
f 574 573 569
f 574 575 573
f 574 576 575
f 574 577 576
f 574 569 577
f 569 567 577
f 567 566 577
f 577 566 578
f 579 577 578
f 579 576 577
f 579 580 576
f 579 581 580
f 579 578 581
f 581 578 582
f 581 582 583
f 584 581 583
f 584 580 581
f 584 585 580
f 584 586 585
f 584 587 586
f 584 583 587
f 587 583 588
f 587 588 589
f 586 587 589
f 586 589 590
f 586 590 591
f 586 591 585
f 591 592 585
f 593 592 591
f 593 594 592
f 593 595 594
f 593 596 595
f 593 597 596
f 593 590 597
f 593 591 590
f 597 590 598
f 597 598 599
f 597 599 600
f 596 597 600
f 596 600 595
f 595 600 601
f 594 595 601
f 602 594 601
f 602 592 594
f 602 603 592
f 602 601 603
f 604 603 601
f 604 605 603
f 604 575 605
f 604 601 575
f 575 601 571
f 573 575 571
f 601 606 571
f 601 600 606
f 600 607 606
f 588 607 600
f 608 607 588
f 609 607 608
f 609 610 607
f 611 610 609
f 611 536 610
f 611 538 536
f 611 608 538
f 611 609 608
f 538 608 588
f 539 538 588
f 541 539 588
f 542 541 588
f 563 542 588
f 563 588 612
f 563 612 613
f 563 613 564
f 613 565 564
f 613 566 565
f 578 566 613
f 578 613 612
f 578 612 582
f 582 612 588
f 582 588 583
f 614 610 536
f 614 607 610
f 615 607 614
f 615 606 607
f 616 606 615
f 616 535 606
f 616 615 535
f 615 614 535
f 614 536 535
f 617 606 535
f 617 618 606
f 617 535 618
f 618 535 619
f 553 618 619
f 555 618 553
f 555 620 618
f 555 557 620
f 620 557 621
f 620 621 618
f 621 571 618
f 621 568 571
f 621 557 568
f 568 557 558
f 618 571 606
f 555 553 554
f 553 619 622
f 553 622 623
f 553 623 552
f 624 552 623
f 547 552 624
f 625 547 624
f 625 626 547
f 625 624 626
f 624 623 626
f 623 619 626
f 622 619 623
f 626 619 537
f 627 626 537
f 628 626 627
f 547 626 628
f 546 547 628
f 546 628 543
f 628 627 543
f 627 537 543
f 540 543 537
f 619 535 537
f 599 588 600
f 599 598 588
f 598 589 588
f 590 589 598
f 576 605 575
f 580 605 576
f 580 585 605
f 592 605 585
f 603 605 592

o geometry_5
v -0.00488552 0.06940650 0.01358344
v -0.00488552 0.07085020 0.00972340
v -0.00082753 0.06901489 0.00972340
v 0.00599258 0.06826441 0.01358344
v -0.00488552 0.07556705 0.01358344
v -0.00488552 0.07976020 0.00972340
v 0.00007117 0.06901723 0.00972340
v 0.00082186 0.06902074 0.00972340
v 0.00599258 0.07074850 0.00972340
v 0.00599258 0.07516375 0.01358344
v -0.00412738 0.07583124 0.01358344
v -0.00488552 0.07577513 0.01341568
v -0.00412738 0.07989580 0.00972340
v 0.00599258 0.07952757 0.00972340
v 0.00599258 0.07559627 0.01322071
v 0.00577110 0.07564537 0.01327021
v 0.00582221 0.07524675 0.01358344
v -0.00360455 0.07591424 0.01358344
v -0.00247799 0.08008401 0.00972340
v -0.00247799 0.07608023 0.01358344
v 0.00577110 0.07965849 0.00972340
v 0.00529939 0.07546652 0.01358344
v -0.00161017 0.08014012 0.00972340
v -0.00072318 0.07616908 0.01358344
v -0.00044313 0.08020675 0.00972340
v -0.00141531 0.08015181 0.00972340
v 0.00522378 0.07976721 0.00972340
v 0.00404823 0.07584995 0.01358344
v 0.00412171 0.07583475 0.01358344
v 0.00072283 0.07617258 0.01358344
v 0.00021279 0.08020675 0.00972340
v 0.00412171 0.07992970 0.00972340
v 0.00265759 0.07606621 0.01358344
v 0.00123075 0.07615856 0.01358344
v 0.00085593 0.08020207 0.00972340
v 0.00037890 0.08020558 0.00972340
v 0.00377032 0.07997061 0.00972340
v 0.00247125 0.07608959 0.01358344
v 0.00247125 0.08007699 0.00972340
f 629 630 631
f 629 631 632
f 629 632 638
f 629 638 645
f 629 645 650
f 629 650 657
f 629 657 656
f 629 656 661
f 629 661 666
f 629 666 662
f 629 662 658
f 629 658 652
f 629 652 648
f 629 648 646
f 629 646 639
f 629 639 633
f 629 633 640
f 629 640 634
f 629 634 630
f 630 634 641
f 630 641 647
f 630 647 651
f 630 651 654
f 630 654 653
f 630 653 659
f 630 659 664
f 630 664 663
f 630 663 667
f 630 667 665
f 630 665 660
f 630 660 655
f 630 655 649
f 630 649 642
f 630 642 637
f 630 637 636
f 630 636 635
f 630 635 631
f 631 635 632
f 632 635 636
f 632 636 637
f 632 637 642
f 632 642 643
f 632 643 638
f 633 639 640
f 634 640 639
f 634 639 641
f 638 643 644
f 638 644 645
f 639 646 641
f 641 646 648
f 641 648 647
f 642 649 643
f 643 649 644
f 644 650 645
f 644 649 650
f 647 648 651
f 648 652 653
f 648 653 654
f 648 654 651
f 649 655 656
f 649 656 657
f 649 657 650
f 652 658 653
f 653 658 659
f 655 660 661
f 655 661 656
f 658 662 663
f 658 663 664
f 658 664 659
f 660 665 666
f 660 666 661
f 662 666 663
f 663 666 667
f 665 667 666

o geometry_6
v 0.00378075 -0.01062254 0.00290635
v 0.00571579 -0.00656063 -0.00154828
v 0.00742132 -0.01065418 0.00284931
v 0.00907121 -0.01065982 0.00282684
v 0.00739360 -0.00642741 -0.00154828
v 0.00534192 -0.00637184 -0.00154828
v 0.00378075 -0.00967469 0.00208531
v 0.00470714 -0.00592796 -0.00154828
v 0.00842680 -0.00345219 -0.00154828
v 0.00837339 -0.00577263 -0.00154828
v 0.00991307 -0.00887413 0.00138623
v 0.00841698 -0.00553585 -0.00154828
v 0.00999349 -0.00802488 0.00131343
v 0.00853485 -0.00473332 -0.00154828
v 0.00854160 -0.00425408 -0.00154828
v 0.01000945 -0.00685108 0.00129777
v 0.01017982 0.00015636 0.00440151
v 0.01024664 -0.00633063 0.00212161
v 0.01034822 -0.00802413 0.00222532
v 0.01052864 -0.00472527 0.00387604
v 0.01041571 -0.00967469 0.00387604
v 0.01060282 -0.00472527 0.00552504
v 0.01059947 -0.00307584 0.00552504
v 0.01053466 0.00015636 0.00552504
v 0.01060749 0.00015636 0.00717576
v 0.01060682 -0.00802413 0.00882476
v 0.01047184 -0.00967469 0.00552504
v 0.01051260 -0.00967469 0.00717576
v 0.01014841 -0.01073551 0.00552504
v 0.01016579 -0.01076037 0.00882476
v 0.01052129 -0.00967469 0.00882476
v 0.01016512 -0.01076376 0.01047375
v 0.01051193 -0.00967469 0.01047375
v 0.01059079 -0.00802413 0.01047375
v 0.01049055 -0.00802413 0.01212275
v 0.01049122 0.00015636 0.01212275
v 0.01058945 -0.00142528 0.01047375
v 0.01060682 0.00015636 0.00882476
v 0.01058878 0.00015636 0.01047375
v 0.00997467 0.00015636 0.01471032
v 0.01023261 0.00015636 0.01377347
v 0.01023061 -0.00637470 0.01377347
v 0.00997467 -0.00637470 0.01471032
v 0.00903312 0.00015636 0.01549852
v 0.00907121 -0.00637470 0.01546395
v 0.00625124 -0.00472527 0.01763668
v 0.00814369 0.00015636 0.01618128
v 0.00541794 0.00015636 0.01822264
v 0.00620847 0.00015636 0.01765569
v 0.00542596 -0.00472527 0.01822437
v 0.00731040 -0.00637470 0.01678971
v 0.00813501 -0.00637470 0.01617782
v 0.00994861 -0.00771006 0.01467229
v 0.00987978 -0.00880930 0.01458587
v 0.00606948 -0.00637470 0.01761421
v 0.00524420 -0.00637470 0.01808782
v 0.00502301 -0.00722879 0.01793225
v 0.00378075 -0.00472527 0.01907307
v 0.00412223 -0.00472527 0.01893479
v 0.00412223 0.00015636 0.01893306
v 0.00378075 0.00015636 0.01906615
v 0.00378075 -0.00376385 0.00222187
v 0.00378075 0.00015636 0.01463772
v 0.00378075 -0.00308262 0.00377579
v 0.00439086 0.00015636 0.00552504
v 0.00778017 0.00015636 0.00317254
v 0.00470025 0.00015636 0.00372048
v 0.00378075 -0.00475037 0.00062142
v 0.00378075 -0.00801856 0.00076238
v 0.00378075 -0.00644193 0.00020842
v 0.00444009 -0.00475416 -0.00154828
v 0.00465127 -0.00328676 -0.00154828
v 0.00495953 0.00015636 0.00303426
v 0.00522896 -0.00287760 -0.00154828
v 0.00577227 -0.00257516 -0.00154828
v 0.00566385 0.00015636 0.00294611
v 0.00691547 0.00015636 0.00296858
v 0.00742184 -0.00275385 -0.00154828
v 0.00378075 -0.00884382 0.00140334
v 0.00378075 -0.01137043 0.00552504
v 0.00378075 -0.01105411 0.00387604
v 0.00378075 -0.01131620 0.00518452
v 0.00412223 -0.01138399 0.00552504
v 0.00577211 -0.01138399 0.00552504
v 0.00577211 -0.01105411 0.00387604
v 0.00742132 -0.01101682 0.00387604
v 0.00907121 -0.01092193 0.00387604
v 0.00999338 -0.01058752 0.00292537
v 0.01009295 -0.01068129 0.00387604
v 0.00907121 -0.01103716 0.00552504
v 0.00742132 -0.01124277 0.00552504
v 0.00907121 -0.01109929 0.01047375
v 0.00577211 -0.01131734 0.00717576
v 0.00378075 -0.01120549 0.00683352
v 0.00784499 -0.01072196 0.01171828
v 0.00907121 -0.01079765 0.01186865
v 0.00378075 -0.00906123 0.01500762
v 0.00378075 -0.00860029 0.01583385
v 0.00742132 -0.00906123 0.01493502
v 0.00907121 -0.01028927 0.01269315
v 0.00877986 -0.00899006 0.01481057
v 0.01007156 -0.01067451 0.01163703
v 0.01023929 -0.00971761 0.01216250
v 0.01006689 -0.00919680 0.01348654
v 0.01013237 -0.00816534 0.01393076
v 0.00907121 -0.01109025 0.00882476
v 0.01010565 -0.00952443 0.00231520
v 0.00378075 -0.00738808 0.01777669
v 0.00378075 -0.00798119 0.01686231
v 0.00378075 -0.00724686 0.01796337
v 0.00412223 -0.00724573 0.01795991
v 0.00378075 -0.00635436 0.01856661
v 0.00412223 -0.00637470 0.01847846
v 0.00907188 0.00015636 0.00368072
f 669 670 668
f 669 671 670
f 669 672 671
f 669 673 672
f 669 668 673
f 673 668 674
f 673 674 675
f 673 675 672
f 672 675 676
f 677 672 676
f 677 678 672
f 679 678 677
f 679 680 678
f 679 681 680
f 679 677 681
f 681 677 676
f 682 681 676
f 682 683 681
f 682 676 683
f 683 676 684
f 685 683 684
f 685 686 683
f 687 686 685
f 687 688 686
f 687 689 688
f 687 690 689
f 687 691 690
f 687 685 691
f 685 684 691
f 691 684 692
f 690 691 692
f 690 692 689
f 693 689 692
f 693 694 689
f 695 694 693
f 695 696 694
f 695 697 696
f 698 697 695
f 698 699 697
f 698 700 699
f 698 693 700
f 698 695 693
f 701 700 693
f 701 702 700
f 701 703 702
f 701 704 703
f 701 705 704
f 701 693 705
f 705 693 692
f 705 692 706
f 705 706 704
f 706 703 704
f 706 692 703
f 703 692 707
f 708 703 707
f 708 702 703
f 708 709 702
f 708 710 709
f 708 707 710
f 711 710 707
f 711 712 710
f 711 713 712
f 711 714 713
f 711 707 714
f 714 707 715
f 716 714 715
f 716 713 714
f 716 715 713
f 717 713 715
f 718 713 717
f 719 713 718
f 719 712 713
f 719 720 712
f 719 718 720
f 718 721 720
f 718 722 721
f 718 717 722
f 723 722 717
f 723 724 722
f 723 725 724
f 726 725 723
f 726 727 725
f 726 717 727
f 726 723 717
f 717 715 727
f 727 715 728
f 727 728 725
f 728 729 725
f 730 729 728
f 731 729 730
f 731 732 729
f 731 730 732
f 730 728 732
f 728 707 732
f 715 707 728
f 707 692 732
f 733 732 692
f 734 732 733
f 734 729 732
f 735 729 734
f 735 736 729
f 737 736 735
f 737 738 736
f 737 735 738
f 735 739 738
f 735 734 739
f 740 739 734
f 741 739 740
f 741 742 739
f 741 740 742
f 743 742 740
f 743 744 742
f 743 740 744
f 744 740 733
f 744 733 745
f 744 745 742
f 742 745 739
f 739 745 675
f 738 739 675
f 738 675 736
f 746 736 675
f 746 674 736
f 746 675 674
f 674 668 736
f 668 747 736
f 748 747 668
f 749 747 748
f 749 750 747
f 749 751 750
f 749 752 751
f 749 748 752
f 748 671 752
f 748 670 671
f 748 668 670
f 753 752 671
f 753 751 752
f 753 754 751
f 753 671 754
f 754 671 755
f 754 755 756
f 754 756 757
f 754 757 758
f 754 758 751
f 751 758 759
f 760 751 759
f 750 751 760
f 750 760 747
f 760 761 747
f 760 759 761
f 759 762 761
f 763 762 759
f 763 764 762
f 763 765 764
f 763 766 765
f 767 766 763
f 767 768 766
f 767 721 768
f 767 769 721
f 767 763 769
f 763 759 769
f 769 759 699
f 769 699 700
f 769 700 770
f 771 769 770
f 771 721 769
f 771 772 721
f 771 702 772
f 771 770 702
f 700 702 770
f 772 702 709
f 720 772 709
f 720 721 772
f 720 709 710
f 720 710 712
f 697 699 759
f 773 697 759
f 773 696 697
f 773 757 696
f 773 758 757
f 773 759 758
f 756 696 757
f 688 696 756
f 688 694 696
f 688 689 694
f 688 756 755
f 688 755 774
f 688 774 686
f 774 678 686
f 774 755 678
f 672 678 755
f 671 672 755
f 680 686 678
f 680 683 686
f 680 681 683
f 768 721 724
f 768 724 766
f 775 766 724
f 775 776 766
f 775 777 776
f 775 778 777
f 775 724 778
f 778 724 779
f 778 779 777
f 779 725 777
f 780 725 779
f 780 724 725
f 780 779 724
f 777 725 764
f 776 777 764
f 765 776 764
f 765 766 776
f 764 725 747
f 761 764 747
f 761 762 764
f 729 747 725
f 736 747 729
f 722 724 721
f 676 675 745
f 684 676 745
f 781 684 745
f 781 733 684
f 781 745 733
f 684 733 692
f 740 734 733

o geometry_7
v 0.00599258 0.06457369 0.02041747
v 0.00599258 0.05813110 0.02149739
v 0.00599258 0.05132435 0.02227803
v 0.00599258 0.05333792 0.02208247
v 0.00562415 0.05132435 0.02248467
v 0.00577110 0.05302503 0.02223369
v 0.00496983 0.05065517 0.02285917
v 0.00577110 0.05467580 0.02204130
v 0.00478082 0.05175593 0.02280453
v 0.00577110 0.05632522 0.02183941
v 0.00599258 0.05662328 0.02169849
v 0.00599258 0.05503050 0.02188929
v 0.00556665 0.05962407 0.02147205
v 0.00528661 0.06127349 0.02134854
v 0.00448907 0.05302503 0.02273248
v 0.00412171 0.05962407 0.02196451
v 0.00507471 0.06244549 0.02125512
v 0.00599258 0.06174553 0.02094239
v 0.00599258 0.05962407 0.02127966
v 0.00577110 0.06457369 0.02054098
v 0.00568378 0.06296743 0.02088380
v 0.00482874 0.06354600 0.02116565
v 0.00447948 0.06457369 0.02106669
v 0.00579772 0.06625091 0.01996679
v 0.00599258 0.06481915 0.02035730
v 0.00599258 0.06644490 0.01978403
v 0.00599258 0.06614686 0.01991212
v 0.00526531 0.06728591 0.01969733
v 0.00599258 0.06749725 0.01920060
v 0.00599258 0.06805864 0.01884992
v 0.00599258 0.07516386 0.01358422
v 0.00599258 0.07151154 0.01643966
v 0.00599258 0.06909039 0.01816886
v 0.00577110 0.06916734 0.01822353
v 0.00577110 0.06999209 0.01764948
v 0.00478295 0.07028688 0.01785176
v 0.00599258 0.07012539 0.01743860
v 0.00515777 0.07211086 0.01633344
v 0.00412171 0.07313937 0.01586014
v 0.00547189 0.07392619 0.01481903
v 0.00599258 0.07301039 0.01530717
v 0.00599258 0.07438462 0.01423325
v 0.00582221 0.07524731 0.01358422
v 0.00529939 0.07546623 0.01358422
v 0.00412171 0.07501971 0.01436525
v 0.00412171 0.07419496 0.01503537
v 0.00247125 0.07335937 0.01602181
v 0.00247125 0.07253462 0.01666382
v 0.00368300 0.07048737 0.01800562
v 0.00418772 0.06965178 0.01846721
v 0.00412171 0.06840545 0.01935446
v 0.00412171 0.06757961 0.01988947
v 0.00296319 0.06862111 0.01949583
v 0.00243611 0.06939059 0.01903580
v 0.00186324 0.06875008 0.01958330
v 0.00247125 0.07063694 0.01812200
v 0.00082186 0.07074531 0.01820635
v 0.00082186 0.06963336 0.01903111
v 0.00082186 0.06880753 0.01962392
v 0.00082186 0.06787548 0.02023468
v 0.00243611 0.06799252 0.01998788
v 0.00247125 0.06641455 0.02089621
v 0.00398435 0.06607642 0.02072595
v 0.00334227 0.06542832 0.02121097
v 0.00247125 0.06558872 0.02128204
v 0.00247125 0.06457369 0.02151956
v 0.00082186 0.06457369 0.02169849
v 0.00082186 0.06578922 0.02137108
v 0.00082186 0.06661396 0.02098525
v -0.00082753 0.06662047 0.02098837
v -0.00082753 0.06787548 0.02024171
v -0.00082753 0.06881294 0.01962704
v -0.00190512 0.06875659 0.01958799
v -0.00082753 0.06963769 0.01903502
v -0.00082753 0.07074965 0.01820947
v -0.00247799 0.07064344 0.01812590
v -0.00247799 0.07254004 0.01666928
v -0.00082753 0.07157549 0.01757137
v 0.00082186 0.07262891 0.01674348
v 0.00082186 0.07345366 0.01609367
v -0.00082753 0.07263216 0.01674660
v -0.00247799 0.07336479 0.01602415
v -0.00082753 0.07345691 0.01609445
v -0.00002573 0.07530041 0.01460034
v -0.00112568 0.07527440 0.01457691
v -0.00247799 0.07437595 0.01519861
v -0.00412738 0.07419171 0.01503615
v -0.00412738 0.07314912 0.01586170
v -0.00371423 0.07049063 0.01800719
v -0.00412738 0.07232437 0.01649980
v -0.00481418 0.07029880 0.01786270
v -0.00488552 0.07217697 0.01638655
v -0.00488552 0.07404106 0.01491197
v -0.00412738 0.07501646 0.01436134
v -0.00488552 0.07439329 0.01462377
v -0.00488552 0.07478670 0.01428636
v -0.00488552 0.07556702 0.01358422
v -0.00412738 0.07583146 0.01358422
v -0.00247799 0.07520070 0.01451130
v -0.00247799 0.07608072 0.01358422
v -0.00072318 0.07616851 0.01358422
v 0.00072283 0.07617284 0.01358422
v -0.00488552 0.06940685 0.01358422
v -0.00488552 0.06457369 0.02087984
v -0.00488552 0.06765981 0.01958018
v -0.00488552 0.07027604 0.01784707
v -0.00412738 0.06840761 0.01935993
v -0.00420937 0.06965937 0.01847268
v -0.00300507 0.06863087 0.01950208
v -0.00412738 0.06758286 0.01988556
v -0.00246414 0.06799795 0.01999334
v -0.00247799 0.06641997 0.02090012
v -0.00398789 0.06607642 0.02071736
v -0.00334474 0.06542724 0.02121097
v -0.00488552 0.06616095 0.02034090
v -0.00488552 0.06738237 0.01975669
v -0.00445960 0.06457369 0.02105165
v -0.00363437 0.06457369 0.02129312
v -0.00480247 0.06347453 0.02115378
v -0.00488552 0.06342328 0.02112765
v -0.00488552 0.06312926 0.02118228
v -0.00488552 0.06127349 0.02146176
v -0.00412738 0.06127349 0.02170561
v -0.00420298 0.06292427 0.02141742
v -0.00247799 0.06292427 0.02181249
v -0.00247799 0.06457369 0.02152510
v -0.00247799 0.06559522 0.02128438
v -0.00082753 0.06457369 0.02170403
v -0.00082753 0.06292427 0.02198905
v -0.00082753 0.06579572 0.02137420
v -0.00246414 0.06939384 0.01904283
v 0.00082186 0.06292427 0.02198272
v 0.00247125 0.06292427 0.02180537
v 0.00247125 0.06127349 0.02206585
v 0.00082186 0.06127349 0.02223686
v 0.00247125 0.05962407 0.02230337
v 0.00082186 0.05962407 0.02246804
v -0.00082753 0.06127349 0.02224319
v -0.00247799 0.06127349 0.02207060
v -0.00247799 0.05962407 0.02230337
v -0.00082753 0.05962407 0.02247359
v -0.00190725 0.05580868 0.02288924
v -0.00300720 0.05513839 0.02280215
v -0.00339905 0.05403923 0.02287341
v -0.00412738 0.05962407 0.02194788
v -0.00488552 0.05962407 0.02169057
v -0.00447024 0.05302503 0.02271744
v -0.00476307 0.05168175 0.02279582
v -0.00364502 0.05302503 0.02293991
v -0.00415080 0.05132435 0.02299850
v -0.00482696 0.05132435 0.02281403
v -0.00488552 0.05132435 0.02278949
v -0.00488552 0.05132435 0.01873268
v -0.00165618 0.03464185 0.02098791
v 0.00521254 0.03464185 0.01964847
v -0.00082784 0.03464185 0.02467019
v -0.00165618 0.03464185 0.02459370
v -0.00165618 0.03652615 0.02454130
v -0.00165618 0.03765935 0.02450336
v -0.00165618 0.04147531 0.02427510
v -0.00165618 0.04477366 0.02403540
v -0.00247799 0.05137561 0.02335636
v -0.00165618 0.04642447 0.02390350
v -0.00082784 0.04312449 0.02424258
v -0.00082784 0.04147531 0.02436544
v -0.00136303 0.03862109 0.02448288
v -0.00081910 0.03985879 0.02445879
v -0.00026307 0.03933138 0.02451360
v -0.00082784 0.03652615 0.02460514
v 0.00023245 0.03933138 0.02451360
v 0.00082210 0.04147531 0.02435520
v -0.00082784 0.04642447 0.02397818
v -0.00082784 0.04807364 0.02383183
v 0.00082210 0.04972445 0.02367644
v 0.00082210 0.04807364 0.02381918
v 0.00247138 0.04642447 0.02380352
v 0.00247138 0.04807364 0.02366801
v 0.00247138 0.04972445 0.02351564
v 0.00412132 0.04807364 0.02333134
v 0.00412132 0.04642447 0.02347529
v 0.00247138 0.04147531 0.02417753
v 0.00412132 0.04477366 0.02359634
v 0.00412132 0.04147531 0.02382520
v 0.00247138 0.03982614 0.02427450
v 0.00133242 0.03854109 0.02447927
v 0.00079857 0.03985879 0.02445458
v 0.00082210 0.03652615 0.02459972
v 0.00167330 0.03744218 0.02450276
v 0.00082210 0.03487534 0.02465935
v 0.00082210 0.03464185 0.02466417
v 0.00201216 0.03464185 0.02455455
v 0.00180172 0.03652615 0.02452263
v 0.00262669 0.03652615 0.02439495
v 0.00412132 0.03982614 0.02391554
v 0.00283713 0.03464185 0.02442747
v 0.00521254 0.03464185 0.02368307
v 0.00412132 0.03464185 0.02411911
v 0.00412132 0.03487534 0.02411369
v 0.00521254 0.03596609 0.02364212
v 0.00412132 0.03652615 0.02405587
v 0.00521254 0.03817533 0.02355900
v 0.00599258 0.05132435 0.01784753
v 0.00599258 0.06826455 0.01358422
v 0.00412171 0.07583471 0.01358422
v 0.00247125 0.07521263 0.01452145
v 0.00247125 0.07438679 0.01519704
v 0.00113172 0.07528307 0.01458472
v 0.00123075 0.07615875 0.01358422
v 0.00247125 0.07608940 0.01358422
v 0.00265759 0.07606664 0.01358422
v 0.00521254 0.04096260 0.02343855
v 0.00521254 0.04147531 0.02341084
v 0.00521254 0.04442913 0.02323679
v 0.00521254 0.04620077 0.02312537
v 0.00521254 0.04829407 0.02297058
v 0.00521254 0.05013103 0.02279532
v 0.00412132 0.04972445 0.02317355
v 0.00417175 0.05132435 0.02300404
v 0.00366384 0.05302503 0.02294070
v 0.00412171 0.05632522 0.02240471
v 0.00340296 0.05404193 0.02287420
v 0.00412171 0.06127349 0.02171907
v 0.00365532 0.06457369 0.02129391
v 0.00421541 0.06296743 0.02142376
v 0.00247125 0.05302503 0.02315526
v 0.00247125 0.05132435 0.02335478
v 0.00082186 0.05302503 0.02332548
v 0.00189093 0.05578171 0.02288529
v -0.00082753 0.05302503 0.02333103
v -0.00247799 0.05302503 0.02316001
v -0.00082753 0.05132435 0.02352896
v 0.00082210 0.05132300 0.02352287
v -0.00082784 0.04972445 0.02368247
v -0.00165618 0.04889660 0.02368247
f 783 784 782
f 785 784 783
f 785 786 784
f 787 786 785
f 787 788 786
f 789 788 787
f 789 790 788
f 789 791 790
f 789 792 791
f 793 792 789
f 793 785 792
f 793 787 785
f 793 789 787
f 792 785 783
f 792 783 791
f 794 791 783
f 794 790 791
f 795 790 794
f 795 796 790
f 795 797 796
f 795 798 797
f 795 799 798
f 795 800 799
f 795 794 800
f 800 794 783
f 800 783 799
f 799 783 782
f 801 799 782
f 801 802 799
f 801 803 802
f 801 804 803
f 801 805 804
f 801 806 805
f 801 782 806
f 806 782 807
f 808 806 807
f 808 805 806
f 808 807 805
f 807 809 805
f 810 809 807
f 810 811 809
f 810 807 811
f 807 782 811
f 811 782 812
f 813 811 812
f 814 811 813
f 814 815 811
f 816 815 814
f 816 817 815
f 816 813 817
f 818 813 816
f 818 814 813
f 818 816 814
f 819 817 813
f 819 820 817
f 819 821 820
f 822 821 819
f 822 823 821
f 822 813 823
f 822 819 813
f 823 813 812
f 823 812 824
f 823 824 821
f 821 824 825
f 821 825 826
f 821 826 827
f 821 827 820
f 820 827 828
f 820 828 829
f 820 829 830
f 820 830 817
f 831 817 830
f 832 817 831
f 832 809 817
f 832 833 809
f 832 834 833
f 832 831 834
f 831 830 834
f 835 834 830
f 835 836 834
f 835 837 836
f 835 830 837
f 837 830 829
f 837 829 838
f 837 838 836
f 836 838 839
f 836 839 840
f 836 840 841
f 836 841 842
f 836 842 834
f 833 834 842
f 833 842 843
f 833 843 844
f 833 844 809
f 844 805 809
f 844 845 805
f 844 843 845
f 846 845 843
f 846 847 845
f 846 848 847
f 846 849 848
f 846 843 849
f 850 849 843
f 850 851 849
f 850 852 851
f 850 841 852
f 842 841 850
f 842 850 843
f 852 841 840
f 853 852 840
f 853 854 852
f 853 855 854
f 853 840 855
f 855 840 839
f 855 839 838
f 856 855 838
f 856 854 855
f 856 857 854
f 856 858 857
f 856 859 858
f 856 838 859
f 838 860 859
f 838 829 860
f 828 860 829
f 861 860 828
f 862 860 861
f 862 859 860
f 862 858 859
f 862 863 858
f 862 864 863
f 862 861 864
f 864 861 865
f 864 865 866
f 864 866 867
f 864 867 863
f 868 863 867
f 869 863 868
f 869 858 863
f 869 870 858
f 869 871 870
f 869 872 871
f 869 873 872
f 869 874 873
f 869 868 874
f 875 874 868
f 875 876 874
f 875 877 876
f 875 878 877
f 875 879 878
f 875 880 879
f 875 867 880
f 875 868 867
f 866 880 867
f 866 881 880
f 866 882 881
f 866 865 882
f 882 865 883
f 882 883 881
f 881 883 878
f 879 881 878
f 879 880 881
f 878 883 884
f 878 884 885
f 876 878 885
f 877 878 876
f 886 876 885
f 873 876 886
f 874 876 873
f 887 873 886
f 887 872 873
f 887 886 872
f 888 872 886
f 889 872 888
f 889 870 872
f 889 890 870
f 889 888 890
f 891 890 888
f 891 892 890
f 891 893 892
f 894 893 891
f 894 895 893
f 894 896 895
f 897 896 894
f 897 886 896
f 897 891 886
f 897 894 891
f 891 888 886
f 896 886 885
f 898 896 885
f 898 895 896
f 898 899 895
f 898 900 899
f 898 885 900
f 901 900 885
f 901 902 900
f 901 885 902
f 902 885 903
f 902 903 904
f 902 904 900
f 904 905 900
f 899 905 904
f 899 900 905
f 899 904 906
f 899 906 895
f 907 895 906
f 907 908 895
f 907 909 908
f 907 906 909
f 909 906 910
f 909 910 848
f 909 848 849
f 909 849 911
f 909 911 908
f 908 911 893
f 895 908 893
f 911 851 893
f 849 851 911
f 892 893 851
f 892 851 852
f 892 852 854
f 892 854 890
f 912 890 854
f 912 857 890
f 912 854 857
f 890 857 870
f 857 858 870
f 913 848 910
f 913 914 848
f 913 915 914
f 916 915 913
f 916 917 915
f 916 918 917
f 916 919 918
f 916 913 919
f 913 910 919
f 919 910 920
f 921 919 920
f 921 922 919
f 921 923 922
f 921 924 923
f 921 925 924
f 921 926 925
f 921 920 926
f 904 926 920
f 904 903 926
f 927 926 903
f 927 928 926
f 929 928 927
f 929 930 928
f 929 931 930
f 929 932 931
f 929 933 932
f 929 927 933
f 927 903 933
f 903 885 933
f 933 885 884
f 934 933 884
f 934 935 933
f 934 884 935
f 935 884 936
f 935 936 937
f 938 935 937
f 938 933 935
f 932 933 938
f 932 938 939
f 932 939 940
f 932 940 941
f 932 941 931
f 942 931 941
f 942 943 931
f 942 944 943
f 942 945 944
f 942 946 945
f 942 941 946
f 947 946 941
f 948 946 947
f 948 949 946
f 948 947 949
f 947 950 949
f 947 940 950
f 947 941 940
f 950 940 937
f 950 937 949
f 949 937 951
f 946 949 951
f 946 951 952
f 946 952 945
f 953 945 952
f 953 944 945
f 953 954 944
f 953 955 954
f 953 956 955
f 953 952 956
f 957 956 952
f 958 956 957
f 958 955 956
f 958 959 955
f 958 960 959
f 958 961 960
f 958 957 961
f 962 961 957
f 962 963 961
f 962 964 963
f 962 965 964
f 962 966 965
f 962 952 966
f 962 957 952
f 967 966 952
f 967 951 966
f 967 952 951
f 968 966 951
f 968 969 966
f 968 970 969
f 968 951 970
f 970 951 937
f 970 937 971
f 970 971 972
f 970 972 973
f 970 973 969
f 969 973 974
f 969 974 965
f 969 965 966
f 974 975 965
f 974 976 975
f 974 973 976
f 972 976 973
f 972 971 976
f 971 937 976
f 976 937 977
f 978 976 977
f 978 979 976
f 978 977 979
f 980 979 977
f 980 981 979
f 980 982 981
f 980 784 982
f 980 977 784
f 784 977 983
f 784 983 782
f 983 984 782
f 983 936 984
f 983 977 936
f 977 937 936
f 984 936 884
f 984 884 883
f 812 984 883
f 812 782 984
f 985 812 883
f 824 812 985
f 825 824 985
f 825 985 826
f 826 985 986
f 987 826 986
f 987 827 826
f 987 828 827
f 861 828 987
f 861 987 988
f 861 988 865
f 988 883 865
f 989 883 988
f 989 990 883
f 989 988 990
f 988 986 990
f 987 986 988
f 991 990 986
f 991 985 990
f 991 986 985
f 990 985 883
f 992 982 784
f 992 975 982
f 992 993 975
f 992 784 993
f 994 993 784
f 994 964 993
f 994 995 964
f 994 784 995
f 996 995 784
f 996 961 995
f 996 788 961
f 996 997 788
f 996 786 997
f 996 784 786
f 786 788 997
f 960 961 788
f 790 960 788
f 790 998 960
f 999 998 790
f 999 1000 998
f 999 790 1000
f 790 796 1000
f 1001 1000 796
f 1001 1002 1000
f 1001 797 1002
f 1001 796 797
f 797 917 1002
f 915 917 797
f 915 797 1003
f 915 1003 914
f 1004 914 1003
f 1004 845 914
f 1004 804 845
f 803 804 1004
f 1005 803 1004
f 1005 1003 803
f 1005 1004 1003
f 803 1003 798
f 802 803 798
f 802 798 799
f 797 798 1003
f 804 805 845
f 847 914 845
f 847 848 914
f 1006 1002 917
f 1006 1007 1002
f 1006 1008 1007
f 1006 1009 1008
f 1006 917 1009
f 918 1009 917
f 918 1008 1009
f 918 1010 1008
f 918 922 1010
f 918 919 922
f 923 1010 922
f 923 943 1010
f 1011 943 923
f 1011 925 943
f 1011 924 925
f 1011 923 924
f 925 930 943
f 925 926 930
f 928 930 926
f 931 943 930
f 1012 1010 943
f 1012 1008 1010
f 1012 1013 1008
f 1012 955 1013
f 1014 955 1012
f 1014 954 955
f 1014 1015 954
f 1014 1012 1015
f 1012 943 1015
f 1015 943 944
f 1015 944 954
f 959 1013 955
f 959 1007 1013
f 959 1000 1007
f 959 998 1000
f 959 960 998
f 1002 1007 1000
f 1013 1007 1008
f 963 995 961
f 963 964 995
f 993 964 975
f 975 964 965
f 981 982 975
f 981 975 976
f 981 976 979
f 939 937 940
f 939 938 937
f 904 920 906
f 906 920 910
f 871 872 870
f 815 817 809
f 815 809 811

o geometry_8
v 0.00954653 0.07942259 0.00387342
v 0.00933348 0.07942259 0.00222405
v 0.00823822 0.08270651 0.00166708
v 0.00784381 0.08041117 -0.00186521
v 0.00657883 0.08517018 -0.00020254
v 0.00825360 0.07720096 -0.00275065
v 0.00968041 0.07888349 0.00552493
v 0.01001745 0.07654810 0.00764698
v 0.01046826 0.07488851 0.00634948
v 0.00832066 0.08206786 0.00571362
v 0.00816020 0.08339760 0.00387342
v 0.00690890 0.08565325 0.00222405
v 0.00659683 0.08190106 -0.00355192
v 0.00497120 0.08444064 -0.00358863
v 0.00912193 0.07530070 -0.00107596
v 0.00991862 0.07707033 0.00295949
v 0.01085081 0.07158763 0.00799913
v 0.01061888 0.07200027 0.00469917
v 0.01062444 0.07192642 0.00972340
v 0.00984700 0.07515812 0.00972340
v 0.01099619 0.06900005 0.00972340
v 0.01069541 0.06900005 0.00469917
v 0.00992462 0.06900005 0.00130126
v 0.00827085 0.06900005 -0.00266489
v 0.00993081 0.07346108 0.00141487
v 0.00926221 0.07200003 -0.00107596
v 0.00822134 0.07273746 -0.00350604
v 0.00672436 0.07155738 -0.00534117
v 0.00667110 0.07823858 -0.00529433
v 0.00683539 0.07612587 -0.00549117
v 0.00522776 0.07530070 -0.00706143
v 0.00651131 0.06900005 -0.00490636
v 0.00498545 0.07189257 -0.00687598
v 0.00322028 0.06900005 -0.00683611
v 0.00247235 0.07200003 -0.00787852
v 0.00172218 0.07428329 -0.00845225
v -0.00000248 0.07117486 -0.00795194
v -0.00000248 0.06900005 -0.00727409
v -0.00279164 0.06900005 -0.00695447
v -0.00247732 0.07200003 -0.00787789
v -0.00499058 0.07189857 -0.00687551
v -0.00068252 0.07371543 -0.00849814
v -0.00216505 0.07558414 -0.00843026
v -0.00412771 0.07488812 -0.00764086
v -0.00638883 0.06900004 -0.00502114
v -0.00672832 0.07156201 -0.00533745
v -0.00822879 0.06900004 -0.00272411
v -0.00825419 0.07368072 -0.00355171
v -0.00523219 0.07530011 -0.00705960
v -0.00000248 0.07612587 -0.00869055
v -0.00204521 0.07898290 -0.00826460
v -0.00506430 0.07826760 -0.00693743
v -0.00667814 0.07823726 -0.00529394
v -0.00684107 0.07612498 -0.00548808
v -0.00834711 0.07720043 -0.00254168
v -0.00660380 0.08189996 -0.00355003
v -0.00510643 0.08214089 -0.00535754
v -0.00775563 0.08256803 -0.00011662
v -0.00913544 0.07942444 0.00139968
v -0.00911841 0.07530011 -0.00107476
v -0.00925842 0.07200065 -0.00107476
v -0.00985625 0.07325220 0.00113514
v -0.00950096 0.06900004 0.00011853
v -0.01069414 0.06900004 0.00469921
v -0.01095961 0.06900004 0.00972340
v -0.00992192 0.07705560 0.00297036
v -0.01074541 0.07220686 0.00634939
v -0.01056343 0.07365038 0.00758619
v -0.00954649 0.07942444 0.00387412
v -0.00972553 0.07867176 0.00552430
v -0.00984262 0.07512263 0.00972340
v -0.00454048 0.07980496 0.00972340
v -0.00711800 0.07904006 0.00972340
v -0.00636776 0.08184111 0.00794434
v -0.00330236 0.08560041 0.00550761
v 0.00829984 0.07791130 0.00972340
v 0.00577162 0.07965928 0.00972340
v 0.00020691 0.08020384 0.00972340
v -0.00412685 0.08665294 0.00449799
v -0.00244806 0.08849353 0.00301202
v 0.00329661 0.08560487 0.00551110
v 0.00297497 0.08845705 0.00294304
v 0.00637012 0.08184469 0.00794652
v 0.00655600 0.08434523 0.00548896
v 0.00685939 0.08555861 0.00354304
v 0.00536954 0.08721289 0.00279620
v 0.00354361 0.08863451 0.00141898
v 0.00082196 0.08896378 0.00222405
v -0.00000248 0.08914124 0.00057341
v -0.00164312 0.08886224 0.00227468
v -0.00355007 0.08863451 0.00142151
v -0.00537220 0.08721423 0.00279882
v -0.00505253 0.08694664 -0.00041703
v -0.00691232 0.08564083 0.00222393
v -0.00314197 0.08843536 -0.00010001
v -0.00113075 0.08848169 -0.00108039
v 0.00112579 0.08848269 -0.00107786
v -0.00149758 0.08682052 -0.00351268
v 0.00174168 0.08524314 -0.00524433
v 0.00198849 0.08672588 -0.00338736
v 0.00313701 0.08843733 -0.00010508
v 0.00504246 0.08694080 -0.00041394
v 0.00509798 0.08213767 -0.00535699
v 0.00477840 0.07986032 -0.00672408
v 0.00332005 0.08192472 -0.00686459
v 0.00247235 0.08024777 -0.00778675
v 0.00126307 0.08343309 -0.00678105
v -0.00000248 0.08107293 -0.00796839
v 0.00505822 0.07826914 -0.00693928
v 0.00412124 0.07530070 -0.00769624
v 0.00162165 0.07856490 -0.00849624
v 0.00225630 0.07646057 -0.00843738
v -0.00332502 0.08192472 -0.00686459
v -0.00126653 0.08343309 -0.00678105
v -0.00000248 0.08358886 -0.00687725
v -0.00478614 0.07986032 -0.00672488
v -0.00497664 0.08443985 -0.00358769
v -0.00658335 0.08516448 -0.00019109
v -0.00813895 0.08326279 0.00222393
v -0.00358083 0.08623295 -0.00297217
v -0.00174514 0.08524314 -0.00524433
v -0.00360408 0.08383138 -0.00542661
v 0.00359612 0.08383138 -0.00542661
v 0.00357812 0.08623590 -0.00297470
v -0.00686275 0.08555990 0.00354441
v -0.00656384 0.08434606 0.00548915
v -0.00821887 0.08020793 0.00795773
v -0.00988846 0.07690479 0.00793430
v -0.00830901 0.08284805 0.00451344
f 1017 1018 1016
f 1018 1019 1020
f 1017 1019 1018
f 1017 1021 1019
f 1023 1024 1022
f 1022 1025 1023
f 1026 1025 1022
f 1026 1016 1018
f 1026 1022 1016
f 1020 1027 1018
f 1028 1029 1020
f 1019 1028 1020
f 1017 1030 1021
f 1017 1031 1030
f 1016 1031 1017
f 1016 1024 1031
f 1016 1022 1024
f 1032 1033 1024
f 1034 1032 1024
f 1023 1035 1034
f 1034 1024 1023
f 1034 1035 1036
f 1034 1036 1032
f 1033 1032 1036
f 1033 1036 1037
f 1037 1038 1033
f 1037 1036 1039
f 1038 1037 1039
f 1038 1041 1040
f 1041 1038 1039
f 1042 1041 1039
f 1042 1030 1041
f 1030 1040 1041
f 1021 1045 1044
f 1042 1045 1021
f 1021 1030 1042
f 1045 1042 1043
f 1046 1045 1043
f 1043 1039 1047
f 1043 1042 1039
f 1047 1048 1043
f 1050 1048 1049
f 1050 1052 1051
f 1050 1053 1052
f 1050 1049 1053
f 1049 1048 1047
f 1049 1047 1053
f 1054 1055 1052
f 1055 1054 1056
f 1055 1058 1057
f 1055 1059 1058
f 1055 1056 1059
f 1056 1054 1060
f 1061 1056 1060
f 1061 1060 1062
f 1061 1062 1063
f 1061 1064 1056
f 1058 1065 1057
f 1058 1059 1066
f 1059 1056 1064
f 1064 1067 1059
f 1064 1068 1067
f 1064 1069 1068
f 1069 1064 1061
f 1069 1061 1063
f 1069 1063 1070
f 1068 1069 1070
f 1070 1071 1068
f 1071 1072 1068
f 1074 1073 1070
f 1071 1070 1073
f 1070 1075 1074
f 1063 1075 1070
f 1076 1075 1063
f 1076 1077 1075
f 1063 1078 1076
f 1063 1062 1078
f 1078 1077 1076
f 1078 1079 1077
f 1078 1062 1080
f 1079 1078 1080
f 1075 1081 1074
f 1077 1081 1075
f 1079 1081 1077
f 1079 1082 1081
f 1080 1082 1079
f 1082 1080 1083
f 1082 1083 1081
f 1084 1074 1081
f 1084 1083 1085
f 1084 1081 1083
f 1080 1086 1083
f 1087 1086 1080
f 1087 1088 1086
f 1088 1087 1089
f 1080 1036 1087
f 1062 1053 1080
f 1060 1053 1062
f 1060 1054 1053
f 1080 1053 1036
f 1039 1036 1053
f 1047 1039 1053
f 1091 1087 1036
f 1092 1087 1091
f 1093 1087 1092
f 1090 1087 1093
f 1090 1095 1094
f 1090 1096 1095
f 1090 1093 1096
f 1098 1099 1097
f 1098 1097 1096
f 1096 1092 1098
f 1098 1092 1091
f 1091 1099 1098
f 1091 1025 1099
f 1025 1091 1035
f 1023 1025 1035
f 1035 1091 1036
f 1099 1025 1100
f 1099 1100 1101
f 1101 1102 1097
f 1097 1099 1101
f 1095 1096 1097
f 1095 1097 1103
f 1105 1103 1104
f 1105 1095 1103
f 1104 1106 1105
f 1108 1107 1106
f 1108 1109 1107
f 1106 1110 1108
f 1111 1110 1106
f 1111 1106 1104
f 1111 1104 1112
f 1112 1113 1111
f 1114 1113 1115
f 1112 1115 1113
f 1112 1116 1115
f 1102 1112 1104
f 1102 1116 1112
f 1102 1103 1097
f 1102 1104 1103
f 1117 1102 1101
f 1102 1117 1116
f 1117 1027 1020
f 1117 1101 1027
f 1100 1027 1101
f 1100 1026 1027
f 1100 1025 1026
f 1026 1018 1027
f 1118 1029 1028
f 1119 1120 1118
f 1121 1122 1120
f 1121 1123 1122
f 1124 1121 1120
f 1124 1120 1119
f 1119 1044 1124
f 1118 1044 1119
f 1028 1044 1118
f 1028 1019 1044
f 1044 1019 1021
f 1046 1044 1045
f 1046 1124 1044
f 1124 1046 1125
f 1126 1124 1125
f 1126 1121 1124
f 1126 1125 1127
f 1125 1051 1127
f 1125 1048 1051
f 1125 1046 1048
f 1046 1043 1048
f 1051 1048 1050
f 1127 1051 1065
f 1057 1065 1051
f 1057 1051 1052
f 1065 1066 1126
f 1065 1058 1066
f 1066 1123 1126
f 1123 1066 1128
f 1129 1123 1128
f 1129 1130 1123
f 1066 1067 1128
f 1067 1066 1059
f 1131 1068 1072
f 1131 1067 1068
f 1071 1132 1072
f 1133 1132 1071
f 1073 1133 1071
f 1133 1073 1134
f 1133 1134 1109
f 1108 1133 1109
f 1108 1110 1135
f 1135 1110 1113
f 1110 1111 1113
f 1136 1135 1113
f 1136 1129 1137
f 1136 1137 1135
f 1132 1135 1137
f 1132 1108 1135
f 1137 1072 1132
f 1137 1128 1072
f 1072 1128 1131
f 1131 1128 1067
f 1129 1128 1137
f 1136 1130 1129
f 1136 1113 1114
f 1136 1114 1130
f 1121 1126 1123
f 1065 1126 1127
f 1130 1122 1123
f 1130 1114 1122
f 1122 1138 1120
f 1122 1114 1138
f 1114 1139 1138
f 1115 1139 1114
f 1139 1115 1116
f 1139 1116 1117
f 1139 1117 1029
f 1138 1139 1029
f 1138 1029 1118
f 1120 1138 1118
f 1133 1108 1132
f 1109 1140 1107
f 1106 1107 1095
f 1094 1095 1107
f 1094 1107 1141
f 1089 1141 1142
f 1088 1089 1142
f 1088 1142 1086
f 1143 1086 1142
f 1143 1083 1086
f 1143 1142 1144
f 1143 1144 1085
f 1144 1084 1085
f 1144 1134 1084
f 1144 1140 1109
f 1144 1109 1134
f 1144 1141 1140
f 1141 1144 1142
f 1141 1107 1140
f 1134 1073 1074
f 1134 1074 1084
f 1143 1085 1083
f 1089 1090 1094
f 1089 1094 1141
f 1087 1090 1089
f 1095 1105 1106
f 1055 1057 1052
f 1029 1117 1020
f 1093 1092 1096
f 1052 1053 1054
f 1031 1040 1030
f 1031 1024 1033
f 1033 1040 1031
f 1033 1038 1040

o geometry_9
v -0.01172834 0.03464185 0.01130533
v -0.01125101 0.03464185 0.00717396
v -0.01008468 0.03464185 0.00348401
v -0.01083545 0.03464185 0.00552365
v -0.01019322 0.03464185 0.00374563
v -0.01030881 0.06216001 0.00412246
v -0.01068109 0.06216001 0.00552489
v -0.01148668 0.03464185 0.00846347
v -0.01097487 0.06216001 0.00717403
v -0.01116193 0.06216001 0.00882426
v -0.01160361 0.03464185 0.00928800
v -0.01171095 0.03464185 0.01047335
v -0.01120854 0.06216001 0.00972340
v -0.01156103 0.04439647 0.01130533
v -0.01140812 0.05132300 0.01130533
v -0.00734606 0.05132300 0.01130533
v -0.00711897 0.06216001 0.00972340
v -0.00508707 0.06216001 0.00412246
v -0.00500795 0.05302557 0.00412246
v -0.00560227 0.04127774 -0.00100321
v -0.00560227 0.04312449 -0.00085691
v -0.00577856 0.04312449 -0.00077879
v -0.00560227 0.04603422 -0.00055685
v -0.00588050 0.04462671 -0.00057545
v -0.00660789 0.04397846 -0.00025307
v -0.00577856 0.04147531 -0.00090898
v -0.00577856 0.03982614 -0.00101189
v -0.00674041 0.04147531 -0.00035102
v -0.00680577 0.03982614 -0.00040186
v -0.00763030 0.03982614 0.00034580
v -0.00773044 0.03652615 0.00026025
v -0.00690531 0.03652615 -0.00048741
v -0.00577856 0.03487534 -0.00126111
v -0.00577856 0.03652615 -0.00118300
v -0.00560227 0.03625837 -0.00128467
v -0.00560227 0.03960733 -0.00110737
v -0.00560227 0.03464185 -0.00136155
v -0.00577856 0.03464185 -0.00126979
v -0.00695569 0.03464185 -0.00053081
v -0.00855676 0.03464185 0.00103643
v -0.00778081 0.03464185 0.00021189
v -0.00946584 0.03464185 0.00235693
v -0.00962775 0.03464185 0.00261235
v -0.00988980 0.03537173 0.00307856
v -0.00769806 0.03464185 0.01130533
v -0.00745340 0.04477366 0.01130533
v -0.00739163 0.04807364 0.01130533
v -0.00736525 0.04972445 0.01130533
v -0.00752836 0.04147531 0.01130533
v -0.00560227 0.03464185 0.00315915
v -0.00665526 0.04312449 -0.00028903
v -0.00649815 0.04507900 -0.00018736
v -0.00560227 0.04642447 -0.00050973
v -0.00635063 0.04642447 -0.00010056
v -0.00560227 0.05132300 0.00015734
f 1146 1147 1145
f 1148 1147 1146
f 1149 1147 1148
f 1149 1150 1147
f 1149 1148 1150
f 1148 1151 1150
f 1148 1146 1151
f 1152 1151 1146
f 1153 1151 1152
f 1153 1154 1151
f 1153 1155 1154
f 1153 1152 1155
f 1152 1146 1155
f 1155 1146 1145
f 1156 1155 1145
f 1156 1154 1155
f 1156 1157 1154
f 1156 1158 1157
f 1156 1145 1158
f 1158 1145 1159
f 1158 1159 1157
f 1157 1159 1160
f 1161 1157 1160
f 1161 1162 1157
f 1161 1160 1162
f 1163 1162 1160
f 1164 1162 1163
f 1164 1165 1162
f 1166 1165 1164
f 1166 1167 1165
f 1166 1168 1167
f 1166 1169 1168
f 1166 1170 1169
f 1166 1164 1170
f 1171 1170 1164
f 1171 1172 1170
f 1173 1172 1171
f 1173 1150 1172
f 1173 1174 1150
f 1173 1175 1174
f 1173 1176 1175
f 1173 1177 1176
f 1173 1178 1177
f 1173 1171 1178
f 1171 1179 1178
f 1171 1180 1179
f 1171 1164 1180
f 1180 1164 1163
f 1180 1163 1179
f 1179 1163 1181
f 1178 1179 1181
f 1177 1178 1181
f 1182 1177 1181
f 1182 1183 1177
f 1182 1181 1183
f 1183 1181 1184
f 1185 1183 1184
f 1185 1176 1183
f 1185 1175 1176
f 1185 1150 1175
f 1185 1184 1150
f 1186 1150 1184
f 1186 1187 1150
f 1186 1184 1187
f 1187 1184 1147
f 1188 1187 1147
f 1188 1150 1187
f 1188 1147 1150
f 1184 1181 1147
f 1147 1181 1145
f 1189 1145 1181
f 1189 1160 1145
f 1190 1160 1189
f 1191 1160 1190
f 1192 1160 1191
f 1192 1163 1160
f 1192 1191 1163
f 1191 1190 1163
f 1193 1163 1190
f 1193 1189 1163
f 1193 1190 1189
f 1163 1189 1194
f 1163 1194 1181
f 1194 1189 1181
f 1159 1145 1160
f 1174 1175 1150
f 1177 1183 1176
f 1195 1172 1150
f 1195 1170 1172
f 1195 1169 1170
f 1195 1150 1169
f 1196 1169 1150
f 1196 1168 1169
f 1196 1167 1168
f 1196 1197 1167
f 1196 1198 1197
f 1196 1150 1198
f 1198 1150 1197
f 1197 1150 1199
f 1197 1199 1162
f 1167 1197 1162
f 1167 1162 1165
f 1199 1150 1162
f 1150 1154 1162
f 1151 1154 1150
f 1157 1162 1154

o geometry_10
v -0.00532192 0.01031820 -0.00155472
v -0.00777686 0.01031820 -0.00155472
v -0.00520414 0.01022237 -0.00155472
v -0.00490926 0.00939124 -0.00194999
v -0.00563615 0.01031820 -0.00172523
v -0.00848483 0.00951351 -0.00155472
v -0.00767885 0.01031820 -0.00161091
v -0.00829385 0.00610309 -0.00360904
v -0.00457736 0.00971179 -0.00155472
v -0.00518858 0.00418141 -0.00507144
v -0.00577833 0.01031820 -0.00177658
v -0.00628859 0.00450197 -0.00528844
v -0.00860177 0.00818008 -0.00155472
v -0.00833507 0.00293225 -0.00531848
v -0.00840322 0.00187640 -0.00545411
v -0.00755939 0.01031820 -0.00163659
v -0.00711433 0.00970684 -0.00213600
v -0.00661165 0.00765463 -0.00355382
v -0.00683334 0.00450197 -0.00528844
v -0.00740122 0.00349900 -0.00554469
v -0.00432834 0.00850724 -0.00155472
v -0.00481167 0.00308096 -0.00539017
v -0.00485458 0.00624023 -0.00368170
v -0.00575436 0.00358822 -0.00558780
v -0.00659020 0.00765463 -0.00355382
v -0.00577833 0.00187640 -0.00625675
v -0.00862575 0.00634598 -0.00155472
v -0.00853783 0.00187640 -0.00437536
v -0.00742772 0.00187640 -0.00612451
v -0.00742772 0.00022571 -0.00634201
v -0.00843014 0.00022571 -0.00553888
v -0.00444233 -0.00475444 -0.00155472
v -0.00443224 -0.00142497 -0.00437536
v -0.00444570 0.00187640 -0.00437536
v -0.00470693 0.00187640 -0.00558683
v -0.00577833 0.00022571 -0.00650283
v -0.00853741 -0.00142497 -0.00437536
v -0.00853531 -0.00473131 -0.00155472
v -0.00742772 -0.00142497 -0.00622914
v -0.00842173 -0.00142497 -0.00549867
v -0.00464719 -0.00571610 -0.00155472
v -0.00464509 -0.00483210 -0.00281415
v -0.00462574 -0.00319463 -0.00449936
v -0.00468379 -0.00142497 -0.00564351
v -0.00467285 0.00022571 -0.00569970
v -0.00577833 -0.00142497 -0.00637349
v -0.00845875 -0.00310210 -0.00441217
v -0.00844318 -0.00474948 -0.00271485
v -0.00837672 -0.00576567 -0.00155472
v -0.00746558 -0.00310210 -0.00564593
v -0.00835989 -0.00257004 -0.00536740
v -0.00471155 -0.00593090 -0.00155472
v -0.00481293 -0.00573758 -0.00232297
v -0.00476624 -0.00435457 -0.00403192
v -0.00478096 -0.00272371 -0.00545072
v -0.00567359 -0.00319463 -0.00569631
v -0.00694060 -0.00408028 -0.00534754
v -0.00837083 -0.00421577 -0.00388709
v -0.00833381 -0.00566488 -0.00215780
v -0.00783702 -0.00618702 -0.00155472
v -0.00804062 -0.00367050 -0.00498667
v -0.00571608 -0.00656210 -0.00155472
v -0.00510571 -0.00545503 -0.00342304
v -0.00505355 -0.00382417 -0.00513199
v -0.00615356 -0.00408028 -0.00534754
v -0.00689854 -0.00566322 -0.00371367
v -0.00746979 -0.00469826 -0.00435017
v -0.00799855 -0.00531623 -0.00325786
v -0.00744034 -0.00590777 -0.00271485
v -0.00739996 -0.00642165 -0.00155472
v -0.00620572 -0.00566322 -0.00371367
v -0.00570472 -0.00594908 -0.00281415
v -0.00627681 -0.00653235 -0.00155472
v -0.00562942 -0.00476765 -0.00442235
f 1200 1201 1205
f 1200 1205 1212
f 1200 1212 1226
f 1200 1226 1237
f 1200 1237 1248
f 1200 1248 1259
f 1200 1259 1269
f 1200 1269 1272
f 1200 1272 1261
f 1200 1261 1251
f 1200 1251 1240
f 1200 1240 1231
f 1200 1231 1220
f 1200 1220 1208
f 1200 1208 1202
f 1200 1202 1203
f 1200 1203 1204
f 1200 1204 1210
f 1200 1210 1215
f 1200 1215 1206
f 1200 1206 1201
f 1201 1206 1207
f 1201 1207 1205
f 1202 1208 1203
f 1203 1208 1209
f 1203 1209 1204
f 1204 1209 1211
f 1204 1211 1210
f 1205 1207 1213
f 1205 1213 1214
f 1205 1214 1212
f 1206 1215 1216
f 1206 1216 1217
f 1206 1217 1218
f 1206 1218 1219
f 1206 1219 1207
f 1207 1219 1213
f 1208 1220 1221
f 1208 1221 1222
f 1208 1222 1209
f 1209 1222 1221
f 1209 1221 1223
f 1209 1223 1211
f 1210 1224 1217
f 1210 1217 1216
f 1210 1216 1215
f 1210 1211 1224
f 1211 1223 1225
f 1211 1225 1218
f 1211 1218 1217
f 1211 1217 1224
f 1212 1214 1227
f 1212 1227 1226
f 1213 1219 1228
f 1213 1228 1214
f 1214 1228 1229
f 1214 1229 1230
f 1214 1230 1227
f 1218 1225 1228
f 1218 1228 1219
f 1220 1231 1232
f 1220 1232 1233
f 1220 1233 1234
f 1220 1234 1221
f 1221 1234 1225
f 1221 1225 1223
f 1225 1234 1235
f 1225 1235 1228
f 1226 1227 1236
f 1226 1236 1237
f 1227 1230 1236
f 1228 1235 1229
f 1229 1235 1238
f 1229 1238 1239
f 1229 1239 1230
f 1230 1239 1236
f 1231 1240 1241
f 1231 1241 1242
f 1231 1242 1232
f 1232 1242 1243
f 1232 1243 1244
f 1232 1244 1233
f 1233 1244 1234
f 1234 1244 1235
f 1235 1244 1243
f 1235 1243 1245
f 1235 1245 1238
f 1236 1239 1246
f 1236 1246 1237
f 1237 1246 1247
f 1237 1247 1248
f 1238 1245 1249
f 1238 1249 1250
f 1238 1250 1239
f 1239 1250 1246
f 1240 1251 1252
f 1240 1252 1241
f 1241 1252 1253
f 1241 1253 1242
f 1242 1253 1254
f 1242 1254 1243
f 1243 1254 1245
f 1245 1254 1255
f 1245 1255 1256
f 1245 1256 1249
f 1246 1257 1247
f 1246 1250 1257
f 1247 1257 1258
f 1247 1258 1248
f 1248 1258 1259
f 1249 1256 1260
f 1249 1260 1250
f 1250 1260 1257
f 1251 1261 1252
f 1252 1261 1262
f 1252 1262 1253
f 1253 1263 1254
f 1253 1262 1263
f 1254 1263 1255
f 1255 1263 1264
f 1255 1264 1256
f 1256 1264 1270
f 1256 1270 1265
f 1256 1265 1266
f 1256 1266 1260
f 1257 1260 1267
f 1257 1267 1258
f 1258 1267 1268
f 1258 1268 1269
f 1258 1269 1259
f 1260 1266 1267
f 1261 1270 1271
f 1261 1271 1262
f 1261 1272 1265
f 1261 1265 1270
f 1262 1271 1270
f 1262 1270 1273
f 1262 1273 1263
f 1263 1273 1264
f 1264 1273 1270
f 1265 1272 1269
f 1265 1269 1268
f 1265 1268 1267
f 1265 1267 1266

o geometry_11
v 0.00771183 0.01031820 -0.00154877
v 0.00531903 0.01031820 -0.00154877
v 0.00772356 0.01030333 -0.00154877
v 0.00821116 0.00924262 -0.00187584
v 0.00755494 0.01031820 -0.00163938
v 0.00577230 0.01031820 -0.00177360
v 0.00490488 0.00938636 -0.00194755
v 0.00456938 0.00971350 -0.00154877
v 0.00780396 0.01020090 -0.00154877
v 0.00843366 0.00892044 -0.00154877
v 0.00828938 0.00610675 -0.00361148
v 0.00660539 0.00765486 -0.00355382
v 0.00711124 0.00970689 -0.00213604
v 0.00607477 0.01031820 -0.00178329
v 0.00682920 0.00450246 -0.00528849
v 0.00658409 0.00765486 -0.00355382
v 0.00628597 0.00450246 -0.00528849
v 0.00518605 0.00417698 -0.00506802
v 0.00444640 0.00945575 -0.00154877
v 0.00485012 0.00623562 -0.00367980
v 0.00480710 0.00307661 -0.00538831
v 0.00855187 0.00844130 -0.00154877
v 0.00833067 0.00293782 -0.00532096
v 0.00739589 0.00350288 -0.00554627
v 0.00742153 0.00187546 -0.00612869
v 0.00577230 0.00187546 -0.00625322
v 0.00575057 0.00358549 -0.00558649
v 0.00415610 0.00796877 -0.00154877
v 0.00470367 0.00187546 -0.00558310
v 0.00858707 0.00679571 -0.00154877
v 0.00853709 0.00187546 -0.00437512
v 0.00839977 0.00187546 -0.00545857
v 0.00742153 0.00022656 -0.00634723
v 0.00577230 0.00022656 -0.00649840
v 0.00444509 0.00187546 -0.00437512
v 0.00443206 -0.00142398 -0.00437512
v 0.00443988 -0.00475317 -0.00154877
v 0.00466977 0.00022656 -0.00569503
v 0.00859576 0.00517490 -0.00154877
v 0.00853709 -0.00142398 -0.00437512
v 0.00842714 0.00022656 -0.00554433
v 0.00841845 -0.00142398 -0.00550363
v 0.00742153 -0.00142398 -0.00623384
v 0.00577230 -0.00142398 -0.00637000
v 0.00468064 -0.00142398 -0.00563979
v 0.00462327 -0.00319184 -0.00449674
v 0.00464239 -0.00483082 -0.00281101
v 0.00470671 -0.00592788 -0.00154877
v 0.00854187 -0.00425255 -0.00154877
v 0.00853492 -0.00473169 -0.00154877
v 0.00845626 -0.00310427 -0.00441486
v 0.00835587 -0.00257557 -0.00536990
v 0.00746064 -0.00310427 -0.00564754
v 0.00477668 -0.00271931 -0.00544888
v 0.00693697 -0.00408072 -0.00534761
v 0.00566974 -0.00319184 -0.00569454
v 0.00476234 -0.00435003 -0.00402770
v 0.00480884 -0.00573457 -0.00231823
v 0.00534207 -0.00637067 -0.00154877
v 0.00844062 -0.00475152 -0.00271846
v 0.00841715 -0.00553466 -0.00154877
v 0.00836674 -0.00421951 -0.00389203
v 0.00803689 -0.00367593 -0.00499147
v 0.00505177 -0.00381967 -0.00512762
v 0.00746586 -0.00470030 -0.00435235
v 0.00689482 -0.00566353 -0.00371372
v 0.00615169 -0.00408072 -0.00534761
v 0.00510348 -0.00545040 -0.00341815
v 0.00571580 -0.00655902 -0.00154877
v 0.00832980 -0.00566849 -0.00216317
v 0.00837369 -0.00577092 -0.00154877
v 0.00799474 -0.00531987 -0.00326309
v 0.00562758 -0.00476639 -0.00442067
v 0.00743543 -0.00590806 -0.00271846
v 0.00739371 -0.00642684 -0.00154877
v 0.00620340 -0.00566353 -0.00371372
v 0.00570103 -0.00594936 -0.00281101
f 1274 1275 1281
f 1274 1281 1292
f 1274 1292 1301
f 1274 1301 1310
f 1274 1310 1321
f 1274 1321 1332
f 1274 1332 1342
f 1274 1342 1348
f 1274 1348 1344
f 1274 1344 1334
f 1274 1334 1323
f 1274 1323 1322
f 1274 1322 1312
f 1274 1312 1303
f 1274 1303 1295
f 1274 1295 1283
f 1274 1283 1282
f 1274 1282 1276
f 1274 1276 1277
f 1274 1277 1278
f 1274 1278 1287
f 1274 1287 1279
f 1274 1279 1275
f 1275 1279 1280
f 1275 1280 1281
f 1276 1282 1277
f 1277 1282 1283
f 1277 1283 1284
f 1277 1284 1278
f 1278 1285 1286
f 1278 1286 1287
f 1278 1284 1288
f 1278 1288 1285
f 1279 1287 1289
f 1279 1289 1290
f 1279 1290 1291
f 1279 1291 1280
f 1280 1291 1281
f 1281 1291 1293
f 1281 1293 1294
f 1281 1294 1292
f 1283 1295 1284
f 1284 1296 1297
f 1284 1297 1288
f 1284 1295 1296
f 1285 1289 1287
f 1285 1287 1286
f 1285 1288 1290
f 1285 1290 1289
f 1288 1297 1298
f 1288 1298 1299
f 1288 1299 1290
f 1290 1299 1300
f 1290 1300 1291
f 1291 1300 1294
f 1291 1294 1293
f 1292 1294 1301
f 1294 1300 1299
f 1294 1299 1302
f 1294 1302 1301
f 1295 1303 1304
f 1295 1304 1305
f 1295 1305 1296
f 1296 1305 1298
f 1296 1298 1297
f 1298 1305 1306
f 1298 1306 1307
f 1298 1307 1299
f 1299 1307 1302
f 1301 1302 1308
f 1301 1308 1309
f 1301 1309 1310
f 1302 1307 1311
f 1302 1311 1308
f 1303 1312 1304
f 1304 1313 1314
f 1304 1314 1305
f 1304 1312 1313
f 1305 1314 1306
f 1306 1315 1316
f 1306 1316 1307
f 1306 1314 1315
f 1307 1316 1317
f 1307 1317 1318
f 1307 1318 1311
f 1308 1311 1309
f 1309 1311 1318
f 1309 1318 1319
f 1309 1319 1310
f 1310 1319 1320
f 1310 1320 1321
f 1312 1322 1313
f 1313 1315 1314
f 1313 1322 1323
f 1313 1323 1324
f 1313 1324 1315
f 1315 1324 1325
f 1315 1325 1316
f 1316 1325 1326
f 1316 1326 1317
f 1317 1327 1318
f 1317 1326 1328
f 1317 1328 1329
f 1317 1329 1327
f 1318 1327 1319
f 1319 1330 1320
f 1319 1327 1330
f 1320 1331 1321
f 1320 1330 1331
f 1321 1331 1332
f 1323 1333 1324
f 1323 1334 1333
f 1324 1333 1335
f 1324 1335 1325
f 1325 1335 1336
f 1325 1336 1326
f 1326 1336 1328
f 1327 1329 1337
f 1327 1337 1330
f 1328 1336 1338
f 1328 1338 1339
f 1328 1339 1349
f 1328 1349 1340
f 1328 1340 1329
f 1329 1340 1337
f 1330 1337 1341
f 1330 1341 1331
f 1331 1341 1332
f 1332 1341 1342
f 1333 1334 1343
f 1333 1343 1335
f 1334 1344 1343
f 1335 1343 1345
f 1335 1345 1336
f 1336 1345 1338
f 1337 1340 1346
f 1337 1346 1341
f 1338 1345 1339
f 1339 1345 1347
f 1339 1347 1348
f 1339 1348 1342
f 1339 1342 1349
f 1340 1349 1346
f 1341 1346 1349
f 1341 1349 1350
f 1341 1350 1342
f 1342 1350 1349
f 1343 1344 1348
f 1343 1348 1347
f 1343 1347 1345

o geometry_12
v -0.00681408 0.02662486 0.01118184
v -0.00462193 0.02662486 0.00401431
v -0.00467830 0.02827505 0.00401431
v -0.00465364 0.02548470 0.00401431
v -0.00681479 0.02548470 0.01118184
v -0.01169446 0.02880031 0.01118184
v -0.01104337 0.02548470 0.01118184
v -0.00680272 0.01827102 0.01008594
v -0.01060505 0.01827102 0.01008594
v -0.01060505 0.01827102 0.00871986
v -0.01181919 0.02992524 0.01118184
v -0.01172547 0.03464185 0.01118184
v -0.01181425 0.02992524 0.01047393
v -0.01161061 0.02897600 0.00882447
v -0.01155494 0.02909521 0.00798747
v -0.01163668 0.02980961 0.00871081
v -0.01155494 0.02918306 0.00798747
v -0.01140838 0.02980961 0.00733287
v -0.01133650 0.03157453 0.00717501
v -0.01125124 0.03464185 0.00717501
v -0.01148659 0.03464185 0.00846315
v -0.01160356 0.03464185 0.00928823
v -0.01163809 0.03157453 0.00902653
v -0.01171137 0.03464185 0.01047393
v -0.00768714 0.03464185 0.01118184
v -0.00688948 0.02827505 0.01118184
v -0.00626657 0.03464185 0.00401431
v -0.01029081 0.03464185 0.00401431
v -0.01083550 0.03464185 0.00552485
v -0.01093274 0.03157453 0.00552485
v -0.01097502 0.02992524 0.00552485
v -0.01025752 0.01827102 0.00657987
v -0.01044865 0.02992524 0.00401431
v -0.01034507 0.03322471 0.00401431
v -0.00961717 0.02548470 0.00401431
v -0.01023303 0.02872771 0.00401431
v -0.00961661 0.01827102 0.00547852
v -0.00568758 0.01827102 0.00547852
v -0.01034006 0.01827102 0.00693120
f 1352 1353 1351
f 1352 1354 1353
f 1352 1355 1354
f 1352 1351 1355
f 1355 1351 1356
f 1357 1355 1356
f 1357 1358 1355
f 1359 1358 1357
f 1359 1360 1358
f 1359 1361 1360
f 1359 1356 1361
f 1359 1357 1356
f 1361 1356 1362
f 1361 1362 1363
f 1361 1363 1360
f 1364 1360 1363
f 1364 1365 1360
f 1364 1363 1365
f 1366 1365 1363
f 1367 1365 1366
f 1367 1368 1365
f 1367 1369 1368
f 1367 1370 1369
f 1367 1371 1370
f 1367 1372 1371
f 1367 1366 1372
f 1373 1372 1366
f 1373 1363 1372
f 1373 1366 1363
f 1374 1372 1363
f 1374 1362 1372
f 1374 1363 1362
f 1362 1375 1372
f 1362 1356 1375
f 1375 1356 1351
f 1376 1375 1351
f 1376 1353 1375
f 1376 1351 1353
f 1377 1375 1353
f 1377 1372 1375
f 1378 1372 1377
f 1379 1372 1378
f 1370 1372 1379
f 1371 1372 1370
f 1380 1370 1379
f 1369 1370 1380
f 1369 1380 1381
f 1368 1369 1381
f 1368 1381 1365
f 1381 1382 1365
f 1381 1383 1382
f 1380 1383 1381
f 1380 1384 1383
f 1380 1379 1384
f 1384 1379 1378
f 1384 1378 1383
f 1378 1377 1383
f 1377 1353 1383
f 1385 1383 1353
f 1386 1383 1385
f 1386 1387 1383
f 1386 1385 1387
f 1385 1388 1387
f 1354 1388 1385
f 1354 1358 1388
f 1354 1355 1358
f 1358 1360 1388
f 1387 1388 1360
f 1382 1387 1360
f 1382 1383 1387
f 1389 1382 1360
f 1389 1365 1382
f 1389 1360 1365
f 1354 1385 1353

o geometry_13
v 0.00378075 0.01031820 0.01084526
v 0.00378075 0.01031820 0.01937664
v 0.00378075 0.00104152 0.01906642
v 0.00331720 0.01031820 0.01959077
v 0.00267778 0.01031820 0.01985798
v 0.00106350 0.01031820 0.02016728
v 0.00247008 0.01031820 0.01991746
v 0.00282366 0.00104152 0.01943429
v 0.00199875 0.00104152 0.01962920
v 0.00082210 0.00104152 0.01980856
v -0.00082812 0.00104011 0.01983263
v 0.00082210 0.01031820 0.02019198
v -0.00082812 0.01031730 0.02019140
v -0.00247536 0.01031730 0.01991892
v -0.00381330 0.01031730 0.01936488
v -0.00000170 0.01031820 0.01084526
v -0.00000170 0.00896779 0.01084526
v -0.00381330 0.01031730 0.01091352
v -0.00381330 0.00104011 0.01463738
v -0.00381330 0.00554202 0.01091352
v 0.00378075 0.00557951 0.01084526
v 0.00378075 0.00104152 0.01463373
v 0.00300212 0.00581109 0.01084526
v -0.00381330 0.00104011 0.01906606
v -0.00248506 0.00104011 0.01954562
v -0.00289286 0.00104011 0.01944026
v -0.00206756 0.00104011 0.01965280
f 1391 1392 1390
f 1393 1392 1391
f 1393 1394 1392
f 1393 1391 1394
f 1394 1391 1395
f 1396 1394 1395
f 1396 1397 1394
f 1396 1398 1397
f 1396 1395 1398
f 1399 1398 1395
f 1399 1400 1398
f 1401 1400 1399
f 1401 1402 1400
f 1401 1403 1402
f 1401 1404 1403
f 1401 1405 1404
f 1401 1395 1405
f 1401 1399 1395
f 1405 1395 1390
f 1405 1390 1406
f 1405 1406 1407
f 1405 1407 1404
f 1407 1408 1404
f 1409 1408 1407
f 1410 1408 1409
f 1410 1411 1408
f 1410 1390 1411
f 1410 1406 1390
f 1412 1406 1410
f 1412 1409 1406
f 1412 1410 1409
f 1406 1409 1407
f 1411 1390 1392
f 1400 1411 1392
f 1400 1408 1411
f 1400 1413 1408
f 1414 1413 1400
f 1415 1413 1414
f 1415 1403 1413
f 1415 1414 1403
f 1416 1403 1414
f 1416 1402 1403
f 1416 1400 1402
f 1416 1414 1400
f 1403 1404 1413
f 1413 1404 1408
f 1397 1400 1392
f 1397 1398 1400
f 1397 1392 1394
f 1395 1391 1390

o geometry_14
v 0.00001935 0.03464185 0.00093577
v -0.00387901 0.03464185 -0.00207878
v -0.01029122 0.03464185 0.00401431
v -0.00778044 0.03464185 0.00021133
v -0.00855622 0.03464185 0.00103605
v -0.00962714 0.03464185 0.00261095
v -0.01019283 0.03464185 0.00374446
v -0.01029531 0.03322471 0.00387444
v -0.00991101 0.03427076 0.00303519
v -0.01008420 0.03464185 0.00348319
v -0.00946625 0.03464185 0.00235562
v -0.00941091 0.03322471 0.00217946
v -0.00944268 0.03157453 0.00213129
v -0.00947342 0.02992524 0.00208379
v -0.00998070 0.02992524 0.00290852
v -0.01039984 0.02992524 0.00387444
v -0.00996328 0.02897869 0.00293953
v -0.00818569 0.01827102 -0.00000743
v -0.00864845 0.02992524 0.00092323
v -0.00736046 0.01827102 -0.00104976
v -0.00735736 0.01837554 -0.00104976
v -0.00858594 0.03322471 0.00100043
v -0.00695547 0.03464185 -0.00053093
v -0.00577797 0.03464185 -0.00127055
v -0.00470398 0.03464185 -0.00181487
v -0.00477981 0.03322471 -0.00184126
v -0.00484643 0.03157453 -0.00186369
v -0.00408192 0.02992524 -0.00215004
v -0.00395485 0.03322471 -0.00210319
v -0.00247810 0.03322471 -0.00245749
v -0.00247810 0.02992524 -0.00254063
v -0.00082817 0.03322471 -0.00266269
v -0.00082817 0.03464185 -0.00262640
v -0.00247810 0.03464185 -0.00241263
v 0.00001935 0.03464185 -0.00262574
v 0.00001935 0.03322471 -0.00266269
v 0.00001935 0.02992524 -0.00272603
v -0.00082817 0.02992524 -0.00272537
v -0.00082877 0.01827102 -0.00247454
v -0.00564491 0.01827102 -0.00181936
v -0.00564284 0.01853514 -0.00181858
v -0.00490689 0.02992524 -0.00188348
v -0.00961618 0.01827102 0.00547774
v -0.00840775 0.01827102 0.00081703
v -0.00997974 0.02385341 0.00451848
v -0.01010884 0.02336403 0.00547774
v -0.01044801 0.02992524 0.00401431
v -0.01020799 0.02506028 0.00547774
v -0.01034041 0.03336455 0.00401431
v -0.01017185 0.02548470 0.00547774
v -0.00567486 0.02548470 0.00547774
v -0.00626578 0.03464185 0.00401431
v 0.00001935 0.02827505 0.00224675
v 0.00034350 0.02002519 0.00353963
v 0.00034350 0.01827102 0.00360389
v 0.00034350 0.02332448 -0.00233347
v 0.00034350 0.02548470 0.00229354
v 0.00034350 0.02118827 0.00329120
v 0.00034350 0.02548470 -0.00184914
v 0.00034350 0.02215292 -0.00247219
v 0.00034350 0.02167554 -0.00252705
v 0.00034350 0.02002519 -0.00250589
v 0.00034350 0.01827102 -0.00247611
v -0.00568622 0.01827102 0.00547774
f 1418 1419 1417
f 1420 1419 1418
f 1421 1419 1420
f 1422 1419 1421
f 1423 1419 1422
f 1423 1424 1419
f 1423 1425 1424
f 1426 1425 1423
f 1426 1422 1425
f 1426 1423 1422
f 1427 1425 1422
f 1427 1428 1425
f 1427 1421 1428
f 1427 1422 1421
f 1428 1421 1429
f 1425 1428 1429
f 1425 1429 1430
f 1431 1425 1430
f 1431 1432 1425
f 1433 1432 1431
f 1433 1434 1432
f 1433 1431 1434
f 1431 1430 1434
f 1435 1434 1430
f 1435 1436 1434
f 1435 1437 1436
f 1438 1437 1435
f 1438 1421 1437
f 1438 1430 1421
f 1438 1435 1430
f 1430 1429 1421
f 1421 1420 1437
f 1439 1437 1420
f 1439 1440 1437
f 1439 1420 1440
f 1440 1420 1418
f 1441 1440 1418
f 1442 1440 1441
f 1442 1437 1440
f 1442 1443 1437
f 1442 1444 1443
f 1442 1445 1444
f 1442 1418 1445
f 1442 1441 1418
f 1446 1445 1418
f 1446 1447 1445
f 1446 1448 1447
f 1446 1449 1448
f 1446 1450 1449
f 1446 1418 1450
f 1450 1418 1451
f 1449 1450 1451
f 1452 1449 1451
f 1448 1449 1452
f 1448 1452 1453
f 1448 1453 1454
f 1448 1454 1447
f 1447 1454 1455
f 1447 1455 1456
f 1447 1456 1444
f 1445 1447 1444
f 1457 1444 1456
f 1458 1444 1457
f 1458 1443 1444
f 1458 1437 1443
f 1458 1457 1437
f 1436 1437 1457
f 1436 1457 1456
f 1436 1456 1434
f 1434 1456 1459
f 1460 1434 1459
f 1460 1461 1434
f 1460 1459 1461
f 1462 1461 1459
f 1462 1463 1461
f 1464 1463 1462
f 1464 1465 1463
f 1464 1419 1465
f 1464 1466 1419
f 1464 1462 1466
f 1462 1459 1466
f 1466 1459 1467
f 1466 1467 1468
f 1466 1468 1419
f 1468 1417 1419
f 1469 1417 1468
f 1469 1470 1417
f 1469 1467 1470
f 1469 1468 1467
f 1470 1467 1471
f 1470 1471 1472
f 1473 1470 1472
f 1474 1470 1473
f 1474 1417 1470
f 1474 1473 1417
f 1473 1451 1417
f 1475 1451 1473
f 1475 1472 1451
f 1475 1473 1472
f 1476 1451 1472
f 1477 1451 1476
f 1477 1452 1451
f 1477 1453 1452
f 1477 1478 1453
f 1477 1476 1478
f 1478 1476 1479
f 1478 1479 1453
f 1453 1479 1454
f 1455 1454 1479
f 1455 1479 1456
f 1479 1471 1456
f 1479 1472 1471
f 1476 1472 1479
f 1471 1480 1456
f 1471 1467 1480
f 1459 1480 1467
f 1459 1456 1480
f 1451 1418 1417
f 1424 1465 1419
f 1424 1432 1465
f 1424 1425 1432
f 1432 1463 1465
f 1432 1434 1463
f 1461 1463 1434

o geometry_15
v 0.00378075 0.00446426 0.00515847
v -0.00381330 0.00520528 0.00392915
v -0.00381330 0.00698264 0.00071643
v -0.00381330 0.00433987 0.00552444
v 0.00378075 0.00440715 0.00552388
v 0.00378075 0.00436811 0.00672188
v 0.00378075 0.00557957 0.01084434
v 0.00378075 0.00436520 0.00717402
v -0.00381330 0.00429981 0.00717447
v -0.00381330 0.00554166 0.01091352
v -0.00381330 0.01031820 0.01091352
v -0.00298278 0.00580617 0.01091352
v -0.00000208 0.00892848 0.01091352
v -0.00000208 0.01031820 0.01091352
v 0.00378075 0.01031762 0.01084434
v 0.00378075 0.01031762 -0.00096452
v -0.00381330 0.01031820 -0.00090448
v -0.00381330 0.01004250 -0.00098250
v 0.00378075 0.01004258 -0.00096914
v -0.00381330 0.00857737 -0.00091147
v 0.00378075 0.00859046 -0.00089860
v 0.00378075 0.00751593 -0.00031117
f 1482 1483 1481
f 1482 1484 1483
f 1482 1481 1484
f 1485 1484 1481
f 1485 1486 1484
f 1485 1481 1486
f 1486 1481 1487
f 1488 1486 1487
f 1488 1489 1486
f 1488 1487 1489
f 1490 1489 1487
f 1490 1491 1489
f 1490 1492 1491
f 1490 1487 1492
f 1493 1492 1487
f 1493 1494 1492
f 1493 1487 1494
f 1494 1487 1495
f 1494 1495 1496
f 1497 1494 1496
f 1497 1491 1494
f 1497 1498 1491
f 1497 1496 1498
f 1499 1498 1496
f 1499 1500 1498
f 1499 1501 1500
f 1499 1496 1501
f 1501 1496 1502
f 1500 1501 1502
f 1500 1502 1483
f 1500 1483 1498
f 1483 1484 1498
f 1484 1491 1498
f 1489 1491 1484
f 1486 1489 1484
f 1483 1502 1481
f 1502 1496 1481
f 1496 1495 1481
f 1487 1481 1495
f 1494 1491 1492

o geometry_16
v 0.01058971 0.01899253 0.01008594
v 0.00773556 0.01899253 -0.00025833
v 0.00082271 0.01899253 -0.00249018
v 0.00596942 0.01899253 -0.00175649
v 0.00543496 0.01899253 -0.00188821
v 0.00609199 0.01867534 -0.00186851
v 0.00711470 0.01899253 -0.00099079
v 0.00720310 0.01822509 -0.00122099
v 0.01000568 0.01288288 -0.00034413
v 0.00817760 0.01837484 -0.00000474
v 0.01013327 0.01464066 0.00099331
v 0.00833030 0.01899253 0.00103424
v 0.01009911 0.01616027 0.00268675
v 0.01030106 0.01514400 0.00217226
v 0.01027727 0.01899253 0.00725829
v 0.00800681 0.01899253 0.00023161
v 0.01058167 0.01899253 0.00882415
v 0.01058037 0.01507441 0.00387423
v 0.01060277 0.01837484 0.00882415
v 0.01060649 0.01507441 0.00552378
v 0.01060649 0.01644703 0.00717333
v 0.01060277 0.01837484 0.01008594
v 0.01059041 0.01031880 0.01008594
v 0.01060649 0.01381336 0.01008594
v 0.01060749 0.01031880 0.00863024
v 0.01060749 0.01031880 0.00717333
v 0.01059644 0.01031880 0.00552378
v 0.01051406 0.01031880 0.00203205
v 0.01039450 0.01177542 0.00057513
v 0.01024580 0.01342941 0.00049589
v 0.01004185 0.01177542 -0.00037461
v 0.00659932 0.01757551 -0.00190052
v 0.00755522 0.01031880 -0.00163890
v 0.00933153 0.01031880 -0.00067818
v 0.01016844 0.01031880 0.00033130
v 0.00998056 0.01076815 -0.00032218
v 0.01023977 0.01031880 0.00053490
v 0.00577088 0.01031880 -0.00177301
v 0.00607430 0.01031880 -0.00178276
v 0.00082271 0.01837484 -0.00248033
v 0.00082271 0.01672511 -0.00242863
v 0.00034450 0.01672511 -0.00242863
v 0.00034350 0.01543796 -0.00214729
v 0.00034450 0.01837484 -0.00247910
v 0.00034450 0.01899253 -0.00248895
v 0.00034450 0.01899253 0.00355660
v 0.00034350 0.01224396 0.01008472
v 0.00034350 0.01031880 -0.00035754
v 0.00034350 0.01031880 0.01008594
v 0.00086293 0.01305146 0.01008594
v 0.00286228 0.01520639 0.01008594
v 0.00681733 0.01899253 0.01008594
f 1504 1505 1503
f 1506 1505 1504
f 1507 1505 1506
f 1507 1508 1505
f 1507 1506 1508
f 1509 1508 1506
f 1509 1510 1508
f 1509 1511 1510
f 1509 1504 1511
f 1509 1506 1504
f 1512 1511 1504
f 1512 1513 1511
f 1514 1513 1512
f 1515 1513 1514
f 1515 1516 1513
f 1515 1517 1516
f 1515 1514 1517
f 1514 1504 1517
f 1518 1504 1514
f 1518 1512 1504
f 1518 1514 1512
f 1517 1504 1503
f 1519 1517 1503
f 1519 1516 1517
f 1519 1520 1516
f 1521 1520 1519
f 1521 1522 1520
f 1521 1523 1522
f 1521 1524 1523
f 1521 1503 1524
f 1521 1519 1503
f 1524 1503 1525
f 1524 1525 1526
f 1523 1524 1526
f 1523 1526 1527
f 1528 1523 1527
f 1528 1522 1523
f 1528 1529 1522
f 1528 1527 1529
f 1529 1527 1530
f 1520 1529 1530
f 1520 1522 1529
f 1520 1530 1531
f 1520 1531 1532
f 1520 1532 1516
f 1513 1516 1532
f 1513 1532 1511
f 1532 1531 1511
f 1533 1511 1531
f 1533 1534 1511
f 1533 1535 1534
f 1536 1535 1533
f 1536 1537 1535
f 1536 1538 1537
f 1536 1533 1538
f 1538 1533 1531
f 1538 1531 1537
f 1539 1537 1531
f 1539 1527 1537
f 1530 1527 1539
f 1530 1539 1531
f 1537 1527 1540
f 1535 1537 1540
f 1541 1535 1540
f 1541 1542 1535
f 1541 1543 1542
f 1541 1544 1543
f 1541 1540 1544
f 1545 1544 1540
f 1546 1544 1545
f 1546 1542 1544
f 1546 1547 1542
f 1546 1545 1547
f 1545 1548 1547
f 1545 1549 1548
f 1545 1550 1549
f 1545 1540 1550
f 1550 1540 1551
f 1549 1550 1551
f 1549 1551 1552
f 1549 1552 1548
f 1553 1548 1552
f 1553 1554 1548
f 1553 1552 1554
f 1552 1551 1554
f 1554 1551 1503
f 1554 1503 1548
f 1548 1503 1505
f 1547 1548 1505
f 1542 1547 1505
f 1542 1505 1534
f 1535 1542 1534
f 1508 1534 1505
f 1508 1510 1534
f 1511 1534 1510
f 1525 1503 1551
f 1525 1551 1527
f 1526 1525 1527
f 1540 1527 1551
f 1543 1544 1542

o geometry_17
v 0.00034350 0.01217391 0.01008594
v 0.00034350 0.01031820 0.01008594
v 0.00034350 0.01224396 0.01008471
v -0.00286591 0.01520421 0.01008594
v -0.01059356 0.01031820 0.01008594
v 0.00034350 0.01031820 -0.00035783
v 0.00034350 0.01590321 0.00635998
v -0.00680209 0.01826954 0.01008594
v 0.00034350 0.01826954 0.00360547
v -0.01059999 0.01138694 0.01008594
v -0.01060535 0.01031820 0.00901734
v -0.00577731 0.01031820 -0.00177567
v 0.00034350 0.01543773 -0.00214826
v -0.01060428 0.01826954 0.01008594
v 0.00034350 0.01826954 -0.00247659
v -0.01060642 0.01303637 0.01008594
v -0.01060642 0.01031820 0.00882428
v -0.00755888 0.01031820 -0.00163548
v -0.00082814 0.01672442 -0.00242617
v 0.00034350 0.01672442 -0.00242863
v 0.00034350 0.01580980 -0.00222942
v -0.01060535 0.01826954 0.00916367
v -0.01060535 0.01798620 0.01008594
v -0.00082814 0.01826954 -0.00247413
v -0.01060750 0.01672442 0.00882428
v -0.01060750 0.01031820 0.00717403
v -0.01060642 0.01672442 0.01008594
v -0.00767894 0.01031820 -0.00160966
v -0.00564546 0.01826954 -0.00181870
v -0.01060535 0.01826954 0.00871976
v -0.01060642 0.01507422 0.00552379
v -0.01060750 0.01177536 0.00717403
v -0.01060107 0.01031820 0.00571685
v -0.01004472 0.01177536 -0.00037259
v -0.01000935 0.01287836 -0.00034184
v -0.00921504 0.01031820 -0.00074887
v -0.00736057 0.01826954 -0.00105015
v -0.01033951 0.01826954 0.00693055
v -0.01047243 0.01672442 0.00552379
v -0.01057855 0.01507422 0.00387354
v -0.01059678 0.01031820 0.00552379
v -0.00998577 0.01077201 -0.00032094
v -0.01039632 0.01177536 0.00057551
v -0.01024625 0.01342713 0.00049803
v -0.01013477 0.01463753 0.00099729
v -0.00818597 0.01826954 -0.00000737
v -0.00933188 0.01031820 -0.00067755
v -0.01025697 0.01826954 0.00657886
v -0.01010154 0.01615774 0.00268935
v -0.01030092 0.01514272 0.00217411
v -0.01050673 0.01031820 0.00224174
v -0.00987857 0.01031820 -0.00020781
v -0.01017550 0.01031820 0.00033572
v -0.01024625 0.01031820 0.00053616
v -0.01012083 0.01789902 0.00552379
f 1555 1556 1560
f 1555 1560 1567
f 1555 1567 1575
f 1555 1575 1574
f 1555 1574 1569
f 1555 1569 1563
f 1555 1563 1561
f 1555 1561 1557
f 1555 1557 1558
f 1555 1558 1562
f 1555 1562 1568
f 1555 1568 1577
f 1555 1577 1581
f 1555 1581 1570
f 1555 1570 1564
f 1555 1564 1559
f 1555 1559 1556
f 1556 1559 1565
f 1556 1565 1571
f 1556 1571 1580
f 1556 1580 1587
f 1556 1587 1595
f 1556 1595 1605
f 1556 1605 1608
f 1556 1608 1607
f 1556 1607 1606
f 1556 1606 1601
f 1556 1601 1590
f 1556 1590 1582
f 1556 1582 1572
f 1556 1572 1566
f 1556 1566 1560
f 1557 1561 1558
f 1558 1561 1563
f 1558 1563 1562
f 1559 1564 1565
f 1560 1566 1567
f 1562 1563 1569
f 1562 1569 1578
f 1562 1578 1583
f 1562 1583 1591
f 1562 1591 1600
f 1562 1600 1602
f 1562 1602 1592
f 1562 1592 1584
f 1562 1584 1576
f 1562 1576 1568
f 1564 1570 1565
f 1565 1570 1571
f 1566 1572 1573
f 1566 1573 1574
f 1566 1574 1575
f 1566 1575 1567
f 1568 1576 1577
f 1569 1574 1573
f 1569 1573 1578
f 1570 1579 1580
f 1570 1580 1571
f 1570 1581 1579
f 1572 1582 1583
f 1572 1583 1578
f 1572 1578 1573
f 1576 1584 1579
f 1576 1579 1577
f 1577 1579 1581
f 1579 1584 1585
f 1579 1585 1586
f 1579 1586 1580
f 1580 1586 1585
f 1580 1585 1587
f 1582 1588 1589
f 1582 1589 1583
f 1582 1590 1588
f 1583 1589 1591
f 1584 1592 1593
f 1584 1593 1594
f 1584 1594 1585
f 1585 1594 1587
f 1587 1594 1595
f 1588 1596 1597
f 1588 1597 1589
f 1588 1590 1596
f 1589 1597 1598
f 1589 1598 1599
f 1589 1599 1600
f 1589 1600 1591
f 1590 1601 1596
f 1592 1602 1603
f 1592 1603 1604
f 1592 1604 1593
f 1593 1604 1594
f 1594 1604 1598
f 1594 1598 1597
f 1594 1597 1605
f 1594 1605 1595
f 1596 1606 1607
f 1596 1607 1597
f 1596 1601 1606
f 1597 1607 1608
f 1597 1608 1605
f 1598 1604 1599
f 1599 1604 1603
f 1599 1603 1600
f 1600 1603 1609
f 1600 1609 1602
f 1602 1609 1603

o geometry_18
v 0.01059926 0.03464185 0.01796401
v 0.00001231 0.03464185 0.02111463
v 0.00001231 0.03464185 0.02466737
v 0.00001231 0.02548470 0.02381734
v 0.00001231 0.02992524 0.02474235
v 0.00001231 0.03322471 0.02469856
v 0.00082212 0.03464185 0.02466405
v 0.00082212 0.03322471 0.02469457
v 0.00082212 0.02992524 0.02474235
v 0.00212699 0.03322471 0.02457049
v 0.00232814 0.02992524 0.02459769
v 0.00213220 0.02895628 0.02456849
v 0.00082271 0.01738503 0.02355800
v 0.00002252 0.01738503 0.02355046
v 0.00247255 0.01738503 0.02339072
v 0.00315358 0.02992524 0.02447559
v 0.00305770 0.03157453 0.02446299
v 0.00295139 0.03322471 0.02444574
v 0.00412286 0.03464185 0.02411926
v 0.00412286 0.03322471 0.02415244
v 0.00412286 0.03157453 0.02418031
v 0.00577166 0.02992524 0.02355125
v 0.00412286 0.02992524 0.02420088
v 0.00405174 0.01738503 0.02303832
v 0.00482469 0.01738503 0.02281002
v 0.00571369 0.01738503 0.02236301
v 0.00703658 0.01738503 0.02154578
v 0.00675135 0.02890967 0.02295536
v 0.00681806 0.02992524 0.02300048
v 0.00764350 0.02992524 0.02234223
v 0.00786200 0.01738503 0.02082247
v 0.00854607 0.02992524 0.02151741
v 0.00862184 0.01738503 0.01999838
v 0.01029589 0.01738503 0.01690565
v 0.00992657 0.01738503 0.01795873
v 0.00944726 0.01738503 0.01878351
v 0.00993223 0.02903157 0.01960899
v 0.01036788 0.02992524 0.01872445
v 0.00994578 0.02992524 0.01963221
v 0.00937047 0.02992524 0.02045703
v 0.00993536 0.03157453 0.01961496
v 0.01029910 0.03464185 0.01872445
v 0.00990826 0.03464185 0.01957050
v 0.01065345 0.03068445 0.01796401
v 0.01033120 0.02332421 0.01690565
v 0.01065866 0.02992524 0.01796401
v 0.01026360 0.01738503 0.01707500
v 0.01032515 0.02184397 0.01690565
v 0.01016572 0.02548391 0.01690565
v 0.01032515 0.02349387 0.01690565
v 0.00554517 0.02548391 0.01690565
v 0.00527272 0.01738503 0.01690565
v 0.00001231 0.02662486 0.01992087
v 0.00001231 0.02827505 0.02003036
v 0.00001231 0.02548470 0.01992087
v 0.00002252 0.01738503 0.01974814
v 0.00670341 0.03464185 0.01796401
v 0.00673676 0.03464185 0.02294275
v 0.00932461 0.03464185 0.02039532
v 0.00935901 0.03157453 0.02043978
v 0.00853356 0.03157453 0.02150281
v 0.00851689 0.03322471 0.02148224
v 0.00849917 0.03464185 0.02146101
v 0.00761849 0.03157453 0.02232829
v 0.00679409 0.03157453 0.02298257
v 0.00577166 0.03322471 0.02349352
v 0.00758931 0.03322471 0.02230706
v 0.00756116 0.03464185 0.02228582
v 0.00577166 0.03464185 0.02345967
v 0.00201339 0.03464185 0.02455456
v 0.00283779 0.03464185 0.02442716
f 1611 1612 1610
f 1613 1612 1611
f 1614 1612 1613
f 1615 1612 1614
f 1615 1616 1612
f 1615 1617 1616
f 1618 1617 1615
f 1618 1619 1617
f 1618 1620 1619
f 1618 1621 1620
f 1618 1622 1621
f 1618 1614 1622
f 1618 1615 1614
f 1622 1614 1623
f 1622 1623 1624
f 1622 1624 1621
f 1621 1624 1625
f 1620 1621 1625
f 1626 1620 1625
f 1626 1619 1620
f 1626 1627 1619
f 1626 1628 1627
f 1626 1629 1628
f 1626 1625 1629
f 1630 1629 1625
f 1630 1631 1629
f 1630 1632 1631
f 1630 1625 1632
f 1632 1625 1633
f 1634 1632 1633
f 1634 1631 1632
f 1634 1635 1631
f 1634 1633 1635
f 1635 1633 1636
f 1637 1635 1636
f 1637 1631 1635
f 1637 1638 1631
f 1637 1639 1638
f 1637 1636 1639
f 1640 1639 1636
f 1640 1641 1639
f 1640 1642 1641
f 1640 1636 1642
f 1642 1636 1643
f 1644 1642 1643
f 1645 1642 1644
f 1645 1646 1642
f 1645 1644 1646
f 1646 1644 1647
f 1648 1646 1647
f 1648 1649 1646
f 1648 1650 1649
f 1648 1647 1650
f 1651 1650 1647
f 1651 1652 1650
f 1651 1610 1652
f 1651 1647 1610
f 1653 1610 1647
f 1653 1654 1610
f 1653 1655 1654
f 1653 1647 1655
f 1655 1647 1644
f 1656 1655 1644
f 1656 1643 1655
f 1656 1644 1643
f 1657 1655 1643
f 1657 1654 1655
f 1657 1643 1654
f 1654 1643 1658
f 1659 1654 1658
f 1659 1610 1654
f 1659 1658 1610
f 1658 1660 1610
f 1658 1643 1660
f 1660 1643 1661
f 1662 1660 1661
f 1662 1663 1660
f 1662 1664 1663
f 1662 1665 1664
f 1662 1661 1665
f 1665 1661 1623
f 1665 1623 1613
f 1664 1665 1613
f 1664 1613 1611
f 1663 1664 1611
f 1663 1611 1660
f 1666 1660 1611
f 1666 1610 1660
f 1666 1611 1610
f 1614 1613 1623
f 1623 1661 1636
f 1633 1623 1636
f 1624 1623 1633
f 1624 1633 1625
f 1643 1636 1661
f 1652 1610 1667
f 1668 1652 1667
f 1669 1652 1668
f 1669 1650 1652
f 1669 1649 1650
f 1669 1670 1649
f 1669 1671 1670
f 1669 1668 1671
f 1672 1671 1668
f 1673 1671 1672
f 1673 1639 1671
f 1673 1638 1639
f 1674 1638 1673
f 1674 1675 1638
f 1674 1667 1675
f 1674 1676 1667
f 1674 1673 1676
f 1673 1672 1676
f 1677 1676 1672
f 1677 1667 1676
f 1677 1672 1667
f 1672 1668 1667
f 1675 1667 1678
f 1675 1678 1628
f 1675 1628 1629
f 1675 1629 1631
f 1675 1631 1638
f 1678 1667 1628
f 1628 1667 1612
f 1679 1628 1612
f 1680 1628 1679
f 1627 1628 1680
f 1627 1680 1679
f 1627 1679 1619
f 1619 1679 1617
f 1616 1617 1679
f 1616 1679 1612
f 1667 1610 1612
f 1670 1671 1639
f 1670 1639 1641
f 1670 1641 1649
f 1641 1642 1649
f 1646 1649 1642

o geometry_19
v 0.00378075 -0.01137130 0.00552461
v 0.00247156 -0.01131816 0.00552461
v -0.00000170 -0.01105412 0.00387501
v 0.00378075 -0.01131650 0.00518371
v 0.00378075 -0.01120524 0.00683331
v -0.00000170 -0.01113715 0.00552461
v 0.00378075 -0.01105412 0.00387501
v -0.00000170 -0.01062236 0.00290721
v 0.00378075 -0.01110145 0.00716365
v -0.00000170 -0.01070622 0.00653041
v 0.00378075 -0.01062236 0.00290721
v -0.00000170 -0.00967498 0.00209982
v 0.00378075 -0.00967498 0.00208610
v 0.00378075 -0.01074940 0.00796365
v 0.00378075 -0.00921748 0.01099055
v 0.00296584 -0.00902733 0.01099055
v 0.00280774 -0.00865536 0.01099055
v -0.00000170 -0.00967498 0.00694307
v -0.00000170 -0.00922910 0.00175893
v 0.00378075 -0.00801851 0.00076262
v 0.00247156 -0.00883138 0.00140959
v 0.00378075 -0.00884384 0.00140431
v 0.00378075 -0.00429706 0.01099055
v 0.00265853 -0.00802432 0.01099055
v -0.00000170 -0.00802432 0.00721325
v -0.00000170 -0.00878239 0.00141803
v 0.00378075 -0.00644258 0.00020854
v 0.00378075 -0.00289467 0.00718476
v 0.00369930 -0.00434273 0.01099055
v 0.00263706 -0.00741737 0.01099055
v -0.00000170 -0.00637533 0.00723331
v 0.00260151 -0.00637533 0.01099055
v -0.00000170 -0.00837056 0.00127661
v 0.00378075 -0.00475041 0.00062226
v -0.00000170 -0.00795707 0.00113624
v -0.00000170 -0.00673485 0.00113624
v 0.00378075 -0.00289135 0.00717420
v -0.00000170 -0.00493972 0.00678054
v 0.00343939 -0.00455363 0.01099055
v -0.00000170 -0.00565628 0.00700745
v 0.00291437 -0.00498041 0.01099055
v 0.00378075 -0.00473049 0.00064547
v -0.00000170 -0.00637616 0.00158901
v 0.00378075 -0.00288886 0.00552461
v -0.00000170 -0.00458601 0.00552461
v -0.00000170 -0.00599339 0.00207449
v 0.00378075 -0.00376401 0.00222225
v 0.00378075 -0.00305326 0.00390034
v 0.00378075 -0.00308232 0.00377475
v -0.00000170 -0.00512820 0.00395522
f 1681 1682 1683
f 1681 1683 1684
f 1681 1684 1687
f 1681 1687 1691
f 1681 1691 1693
f 1681 1693 1702
f 1681 1702 1700
f 1681 1700 1707
f 1681 1707 1714
f 1681 1714 1722
f 1681 1722 1727
f 1681 1727 1729
f 1681 1729 1728
f 1681 1728 1724
f 1681 1724 1717
f 1681 1717 1708
f 1681 1708 1703
f 1681 1703 1695
f 1681 1695 1694
f 1681 1694 1689
f 1681 1689 1685
f 1681 1685 1682
f 1682 1685 1686
f 1682 1686 1683
f 1683 1687 1684
f 1683 1686 1690
f 1683 1690 1698
f 1683 1698 1705
f 1683 1705 1711
f 1683 1711 1720
f 1683 1720 1718
f 1683 1718 1725
f 1683 1725 1730
f 1683 1730 1726
f 1683 1726 1723
f 1683 1723 1716
f 1683 1716 1715
f 1683 1715 1713
f 1683 1713 1706
f 1683 1706 1699
f 1683 1699 1692
f 1683 1692 1688
f 1683 1688 1691
f 1683 1691 1687
f 1685 1689 1686
f 1686 1689 1690
f 1688 1692 1693
f 1688 1693 1691
f 1689 1694 1690
f 1690 1694 1695
f 1690 1695 1696
f 1690 1696 1697
f 1690 1697 1698
f 1692 1699 1700
f 1692 1700 1701
f 1692 1701 1702
f 1692 1702 1693
f 1695 1703 1709
f 1695 1709 1719
f 1695 1719 1721
f 1695 1721 1712
f 1695 1712 1710
f 1695 1710 1704
f 1695 1704 1697
f 1695 1697 1696
f 1697 1704 1698
f 1698 1704 1705
f 1699 1706 1700
f 1700 1702 1701
f 1700 1706 1707
f 1703 1708 1709
f 1704 1710 1705
f 1705 1710 1712
f 1705 1712 1711
f 1706 1713 1707
f 1707 1713 1715
f 1707 1715 1716
f 1707 1716 1714
f 1708 1717 1718
f 1708 1718 1709
f 1709 1718 1719
f 1711 1712 1720
f 1712 1721 1718
f 1712 1718 1720
f 1714 1716 1722
f 1716 1723 1722
f 1717 1724 1725
f 1717 1725 1718
f 1718 1721 1719
f 1722 1723 1726
f 1722 1726 1727
f 1724 1728 1725
f 1725 1728 1729
f 1725 1729 1730
f 1726 1730 1727
f 1727 1730 1729

o geometry_20
v 0.00282366 0.00104061 0.01943441
v 0.00205132 -0.00472470 0.01965250
v 0.00287624 -0.00472470 0.01943441
v 0.00191729 -0.00566496 0.01961875
v 0.00082210 -0.00472470 0.01983077
v 0.00204429 -0.00307544 0.01964903
v 0.00082210 0.00104061 0.01980827
v 0.00199875 0.00104061 0.01962913
v 0.00378075 0.00104061 0.01463308
v -0.00381330 0.00104011 0.01463748
v -0.00381330 0.00104011 0.01906613
v -0.00289286 0.00104011 0.01944047
v -0.00206756 0.00104011 0.01965326
v -0.00206980 -0.00472433 0.01965413
v -0.00289473 -0.00472433 0.01943960
v -0.00381330 -0.00472433 0.01907047
v -0.00381330 -0.00706023 0.01814028
v -0.00381330 -0.00595332 0.01872654
v -0.00193064 -0.00566642 0.01961939
v -0.00381330 -0.00635620 0.01856325
v -0.00082812 -0.00576613 0.01968974
v -0.00082812 -0.00472433 0.01983218
v -0.00082812 0.00104011 0.01983218
v 0.00082210 -0.00576538 0.01968884
v 0.00082210 -0.00659001 0.01882256
v 0.00378075 -0.00724626 0.01796407
v 0.00378075 -0.00635469 0.01856726
v 0.00378075 -0.00929922 0.01214847
v 0.00378075 -0.00931646 0.01377459
v -0.00381330 -0.00935339 0.01244009
v 0.00247156 -0.00932153 0.01377459
v -0.00247798 -0.00932185 0.01377503
v -0.00381330 -0.00931574 0.01377503
v -0.00096356 -0.00910617 0.01558071
v -0.00381330 -0.00927810 0.01405122
v -0.00381330 -0.00905937 0.01500313
v -0.00247798 -0.00912245 0.01522461
v -0.00050352 -0.00890574 0.01631027
v -0.00000208 -0.00910617 0.01558158
v 0.00095946 -0.00910548 0.01558158
v 0.00050072 -0.00890567 0.01631026
v 0.00247156 -0.00912273 0.01522589
v 0.00378075 -0.00906187 0.01500954
v 0.00160073 -0.00884379 0.01623670
v -0.00082812 -0.00659122 0.01882207
v -0.00000208 -0.00890574 0.01631027
v -0.00381330 -0.00724539 0.01796309
v -0.00160343 -0.00884368 0.01623558
v -0.00381330 -0.00898001 0.01516034
v -0.00381330 -0.00859748 0.01582737
v -0.00381330 -0.00781817 0.01707372
v -0.00381330 -0.00435706 0.01096185
v -0.00381330 -0.00926691 0.01096185
v 0.00378075 -0.00921706 0.01099055
v 0.00378075 -0.00429666 0.01099055
v 0.00378075 0.00104061 0.01906575
v 0.00378075 -0.00472470 0.01907267
v 0.00378075 -0.00738826 0.01777714
v 0.00378075 -0.00798163 0.01686239
v 0.00378075 -0.00859934 0.01583342
f 1732 1733 1731
f 1732 1734 1733
f 1732 1735 1734
f 1736 1735 1732
f 1736 1737 1735
f 1736 1738 1737
f 1736 1731 1738
f 1736 1732 1731
f 1738 1731 1737
f 1737 1731 1739
f 1737 1739 1740
f 1737 1740 1741
f 1742 1737 1741
f 1742 1743 1737
f 1742 1744 1743
f 1742 1745 1744
f 1742 1746 1745
f 1742 1741 1746
f 1746 1741 1747
f 1748 1746 1747
f 1748 1749 1746
f 1750 1749 1748
f 1750 1747 1749
f 1750 1748 1747
f 1751 1749 1747
f 1752 1749 1751
f 1752 1744 1749
f 1752 1753 1744
f 1752 1735 1753
f 1752 1754 1735
f 1752 1751 1754
f 1754 1751 1755
f 1754 1755 1756
f 1754 1756 1734
f 1754 1734 1735
f 1756 1757 1734
f 1756 1758 1757
f 1759 1758 1756
f 1759 1760 1758
f 1761 1760 1759
f 1762 1760 1761
f 1762 1763 1760
f 1764 1763 1762
f 1765 1763 1764
f 1765 1766 1763
f 1765 1767 1766
f 1765 1764 1767
f 1764 1768 1767
f 1764 1769 1768
f 1764 1762 1769
f 1762 1761 1769
f 1770 1769 1761
f 1770 1771 1769
f 1770 1772 1771
f 1770 1759 1772
f 1770 1761 1759
f 1772 1759 1773
f 1772 1773 1774
f 1772 1774 1771
f 1771 1774 1756
f 1771 1756 1755
f 1771 1755 1775
f 1771 1775 1776
f 1771 1776 1769
f 1768 1769 1776
f 1768 1776 1775
f 1777 1768 1775
f 1778 1768 1777
f 1778 1767 1768
f 1778 1766 1767
f 1779 1766 1778
f 1779 1780 1766
f 1779 1778 1780
f 1781 1780 1778
f 1781 1777 1780
f 1781 1778 1777
f 1780 1777 1766
f 1777 1747 1766
f 1777 1751 1747
f 1777 1775 1751
f 1775 1755 1751
f 1766 1747 1760
f 1763 1766 1760
f 1747 1741 1760
f 1741 1740 1760
f 1782 1760 1740
f 1783 1760 1782
f 1783 1758 1760
f 1783 1784 1758
f 1783 1782 1784
f 1785 1784 1782
f 1785 1739 1784
f 1785 1740 1739
f 1785 1782 1740
f 1757 1784 1739
f 1758 1784 1757
f 1786 1757 1739
f 1787 1757 1786
f 1787 1734 1757
f 1787 1733 1734
f 1787 1786 1733
f 1733 1786 1731
f 1786 1739 1731
f 1788 1756 1774
f 1788 1789 1756
f 1788 1774 1789
f 1790 1789 1774
f 1790 1773 1789
f 1790 1774 1773
f 1789 1773 1756
f 1773 1759 1756
f 1735 1737 1753
f 1743 1753 1737
f 1744 1753 1743
f 1745 1749 1744
f 1745 1746 1749

o geometry_21
v 0.00527363 0.01738503 0.01690497
v 0.01060280 0.01738503 0.01008594
v 0.01029658 0.01738503 0.01690497
v 0.01060735 0.01738503 0.01377380
v 0.01058857 0.01738503 0.01542382
v 0.01156929 0.02905129 0.01471367
v 0.01140037 0.02992524 0.01557272
v 0.01157552 0.02992524 0.01474752
v 0.01170360 0.02992524 0.01377495
v 0.01163021 0.02892670 0.01377495
v 0.01182613 0.02992524 0.01212455
v 0.01180675 0.03157453 0.01212455
v 0.01168144 0.03157453 0.01377495
v 0.01165721 0.03322471 0.01377495
v 0.01154852 0.03419995 0.01461010
v 0.01159975 0.03464185 0.01409427
v 0.01162191 0.03464185 0.01389643
v 0.01174860 0.03464185 0.01212455
v 0.01172852 0.03464185 0.01118184
v 0.01179221 0.03157453 0.01118184
v 0.01181436 0.02992524 0.01118184
v 0.01104960 0.02497411 0.01008594
v 0.01100691 0.02548391 0.01008594
v 0.00679333 0.02548391 0.01008594
v 0.00663794 0.01738503 0.01008594
v 0.00475638 0.02662486 0.01796334
v 0.00478754 0.02817824 0.01796334
v 0.00475431 0.02548470 0.01796334
v 0.00976724 0.02548470 0.01796334
v 0.00670382 0.03464185 0.01796334
v 0.00768688 0.03464185 0.01118184
v 0.01059938 0.03464185 0.01796334
v 0.01094968 0.03464185 0.01707441
v 0.01141006 0.03464185 0.01528593
v 0.01144814 0.03464185 0.01509274
v 0.01139275 0.03322471 0.01546916
v 0.01140175 0.03157453 0.01552360
v 0.01098776 0.03157453 0.01707441
v 0.01099745 0.02992524 0.01707441
v 0.01065407 0.03068445 0.01796334
v 0.01065823 0.02992524 0.01796334
v 0.01053361 0.02925207 0.01796334
f 1792 1793 1791
f 1794 1793 1792
f 1795 1793 1794
f 1796 1793 1795
f 1796 1797 1793
f 1796 1798 1797
f 1796 1799 1798
f 1796 1800 1799
f 1796 1795 1800
f 1800 1795 1801
f 1800 1801 1799
f 1802 1799 1801
f 1802 1803 1799
f 1804 1803 1802
f 1804 1805 1803
f 1804 1806 1805
f 1804 1807 1806
f 1804 1802 1807
f 1808 1807 1802
f 1808 1809 1807
f 1808 1810 1809
f 1808 1802 1810
f 1810 1802 1811
f 1810 1811 1812
f 1810 1812 1809
f 1813 1809 1812
f 1813 1814 1809
f 1813 1812 1814
f 1792 1814 1812
f 1815 1814 1792
f 1816 1814 1815
f 1816 1817 1814
f 1816 1818 1817
f 1816 1815 1818
f 1818 1815 1791
f 1818 1791 1819
f 1818 1819 1817
f 1817 1819 1820
f 1821 1817 1820
f 1821 1814 1817
f 1809 1814 1821
f 1809 1821 1820
f 1822 1809 1820
f 1806 1809 1822
f 1807 1809 1806
f 1823 1806 1822
f 1824 1806 1823
f 1825 1806 1824
f 1825 1805 1806
f 1826 1805 1825
f 1826 1798 1805
f 1826 1827 1798
f 1826 1823 1827
f 1826 1824 1823
f 1826 1825 1824
f 1828 1827 1823
f 1828 1797 1827
f 1828 1829 1797
f 1828 1830 1829
f 1828 1823 1830
f 1830 1823 1822
f 1830 1822 1831
f 1829 1830 1831
f 1829 1831 1793
f 1829 1793 1797
f 1832 1793 1831
f 1832 1819 1793
f 1832 1831 1819
f 1831 1820 1819
f 1822 1820 1831
f 1819 1791 1793
f 1827 1797 1798
f 1798 1799 1805
f 1803 1805 1799
f 1815 1792 1791
f 1811 1792 1812
f 1811 1801 1792
f 1802 1801 1811
f 1794 1792 1801
f 1795 1794 1801

o geometry_22
v -0.00777703 0.01031744 -0.00155424
v -0.00432872 0.00850719 -0.00155424
v -0.00571601 -0.00656173 -0.00155424
v -0.00444244 -0.00475550 -0.00155424
v -0.00471178 -0.00593023 -0.00155424
v -0.00381397 -0.00967396 0.00208578
v -0.00381397 -0.01062234 0.00290745
v -0.00381397 -0.00644856 0.00019612
v -0.00381397 -0.00679034 0.00021832
v -0.00381397 0.01004229 -0.00098088
v -0.00381397 0.00857732 -0.00091126
v -0.00464727 -0.00571520 -0.00155424
v -0.00381397 -0.00801938 0.00075736
v -0.00381397 -0.00817669 0.00085427
v -0.00457745 0.00971301 -0.00155424
v -0.00381397 0.01031744 -0.00090512
v -0.00532165 0.01031744 -0.00155424
v -0.00381397 0.01031744 0.01936511
v -0.00381397 -0.00705969 0.01813979
v -0.00381397 -0.00905944 0.01500248
v -0.00381397 -0.01105353 0.00387651
v -0.00742784 -0.01065403 0.00284689
v -0.00907782 -0.01065516 0.00283074
v -0.00577852 -0.01105353 0.00387651
v -0.00412854 -0.01138512 0.00552592
v -0.00381397 -0.01137154 0.00552592
v -0.00577852 -0.01131834 0.00717533
v -0.00412854 -0.01117801 0.00717533
v -0.00381397 -0.01110784 0.00716726
v -0.00784948 -0.01072080 0.01171778
v -0.00907782 -0.01109766 0.01047416
v -0.00907782 -0.01079662 0.01185910
v -0.01007739 -0.01067440 0.01162693
v -0.00907782 -0.01028509 0.01268482
v -0.00876592 -0.00899153 0.01481270
v -0.00742784 -0.00906283 0.01493585
v -0.00381397 -0.00898021 0.01515793
v -0.00381397 -0.00859656 0.01582617
v -0.00381397 -0.00781794 0.01707383
v -0.00412854 -0.00724416 0.01796011
v -0.00502768 -0.00722831 0.01793185
v -0.00986591 -0.00876292 0.01457246
v -0.00607779 -0.00637500 0.01761287
v -0.00525313 -0.00637500 0.01808730
v -0.00381397 -0.00472608 0.01907049
v -0.00381397 -0.00595287 0.01872526
v -0.00381397 -0.00635576 0.01856174
v -0.00381397 -0.00724529 0.01796213
v -0.00406336 0.01031744 0.01932825
v -0.00412854 -0.00472608 0.01894330
v -0.00543735 -0.00472608 0.01822660
v -0.00580847 0.01031744 0.01825935
v -0.00991650 0.01031744 0.01483968
v -0.00741191 0.01031744 0.01697544
v -0.00907782 -0.00637500 0.01546076
v -0.00997697 -0.00637500 0.01470772
v -0.00995236 -0.00766289 0.01467138
v -0.01024232 -0.00637500 0.01377299
v -0.00998501 0.01031744 0.01474344
v -0.01025036 0.01031744 0.01377283
v -0.01021445 0.01031744 0.01392436
v -0.01048380 0.01031744 0.01231691
v -0.01050103 -0.00802391 0.01212357
v -0.01050308 0.01031744 0.01212443
v -0.01059020 0.01031744 0.01047398
v -0.01050641 0.01031744 0.00224220
v -0.01060151 0.01031744 0.00571921
v -0.01060683 0.01031744 0.00882557
v -0.01060617 0.00017653 0.00882582
v -0.01060610 -0.00472608 0.00552592
v -0.01060683 0.00847442 0.00387627
v -0.01053567 0.01012460 0.00222582
v -0.01060550 0.00682423 0.00387627
v -0.01053029 -0.00472608 0.00387651
v -0.01034940 -0.00802391 0.00222508
v -0.01041191 -0.00967396 0.00387651
v -0.01047176 -0.00967396 0.00552592
v -0.01060411 -0.00802391 0.00882273
v -0.01051233 -0.00967396 0.00717533
v -0.01052031 -0.00967396 0.00882273
v -0.01016983 -0.01075814 0.00882273
v -0.01016983 -0.01076268 0.01047416
v -0.00907782 -0.01108861 0.00882273
v -0.01015121 -0.01073325 0.00552592
v -0.01009136 -0.01067440 0.00387651
v -0.00907782 -0.01103428 0.00552592
v -0.00742784 -0.01124365 0.00552592
v -0.00577852 -0.01138512 0.00552592
v -0.00907782 -0.01091545 0.00387651
v -0.00999160 -0.01058160 0.00293370
v -0.00739991 -0.00642140 -0.00155424
v -0.00627731 -0.00653230 -0.00155424
v -0.00783684 -0.00618713 -0.00155424
v -0.00991844 -0.00887270 0.00138725
v -0.01010599 -0.00952344 0.00231996
v -0.00999825 -0.00802391 0.00131659
v -0.00853514 -0.00473287 -0.00155424
v -0.00987926 0.01031744 -0.00020685
v -0.00862563 0.00634633 -0.00155424
v -0.00860169 0.00818097 -0.00155424
v -0.00848464 0.00951331 -0.00155424
v -0.00933259 0.01031744 -0.00067782
v -0.01017588 0.01031744 0.00033579
v -0.01024637 0.01031744 0.00053647
v -0.00837686 -0.00576613 -0.00155424
v -0.00742784 -0.01101731 0.00387651
v -0.01051100 -0.00967396 0.01047416
v -0.01058549 -0.00802391 0.01047416
v -0.01024698 -0.00971470 0.01215588
v -0.01007939 -0.00919185 0.01347218
v -0.01014456 -0.00813822 0.01392238
v -0.00731345 -0.00637500 0.01678917
v -0.00813878 -0.00637500 0.01617745
v -0.00626268 -0.00472608 0.01763508
v -0.01060477 -0.00637500 0.00882273
f 1834 1835 1833
f 1836 1835 1834
f 1837 1835 1836
f 1838 1835 1837
f 1838 1839 1835
f 1838 1840 1839
f 1841 1840 1838
f 1841 1842 1840
f 1843 1842 1841
f 1843 1836 1842
f 1843 1841 1836
f 1844 1836 1841
f 1844 1837 1836
f 1845 1837 1844
f 1845 1846 1837
f 1845 1841 1846
f 1845 1844 1841
f 1846 1841 1838
f 1846 1838 1837
f 1836 1834 1842
f 1847 1842 1834
f 1847 1848 1842
f 1847 1849 1848
f 1847 1834 1849
f 1849 1834 1833
f 1849 1833 1848
f 1848 1833 1850
f 1848 1850 1842
f 1851 1842 1850
f 1852 1842 1851
f 1839 1842 1852
f 1840 1842 1839
f 1853 1839 1852
f 1853 1854 1839
f 1853 1855 1854
f 1853 1856 1855
f 1853 1857 1856
f 1858 1857 1853
f 1858 1859 1857
f 1858 1860 1859
f 1858 1861 1860
f 1858 1853 1861
f 1861 1853 1852
f 1861 1852 1860
f 1862 1860 1852
f 1862 1863 1860
f 1864 1863 1862
f 1864 1865 1863
f 1866 1865 1864
f 1866 1867 1865
f 1866 1868 1867
f 1866 1864 1868
f 1868 1864 1869
f 1868 1869 1870
f 1868 1870 1871
f 1868 1871 1872
f 1868 1872 1873
f 1868 1873 1867
f 1873 1874 1867
f 1873 1875 1874
f 1873 1876 1875
f 1873 1877 1876
f 1873 1878 1877
f 1879 1878 1873
f 1879 1851 1878
f 1879 1873 1851
f 1872 1851 1873
f 1872 1880 1851
f 1872 1871 1880
f 1880 1871 1851
f 1871 1852 1851
f 1870 1852 1871
f 1869 1852 1870
f 1869 1864 1852
f 1864 1862 1852
f 1878 1851 1877
f 1877 1851 1850
f 1881 1877 1850
f 1882 1877 1881
f 1882 1876 1877
f 1882 1883 1876
f 1882 1881 1883
f 1881 1884 1883
f 1881 1850 1884
f 1884 1850 1885
f 1886 1884 1885
f 1886 1887 1884
f 1888 1887 1886
f 1888 1889 1887
f 1888 1890 1889
f 1888 1891 1890
f 1888 1885 1891
f 1888 1886 1885
f 1891 1885 1892
f 1893 1891 1892
f 1893 1890 1891
f 1893 1892 1890
f 1894 1890 1892
f 1894 1895 1890
f 1896 1895 1894
f 1896 1897 1895
f 1896 1894 1897
f 1894 1892 1897
f 1897 1892 1898
f 1899 1897 1898
f 1900 1897 1899
f 1900 1901 1897
f 1900 1902 1901
f 1900 1903 1902
f 1900 1899 1903
f 1903 1899 1904
f 1905 1903 1904
f 1905 1902 1903
f 1905 1906 1902
f 1905 1904 1906
f 1906 1904 1907
f 1908 1906 1907
f 1908 1902 1906
f 1909 1902 1908
f 1909 1910 1902
f 1911 1910 1909
f 1911 1912 1910
f 1913 1912 1911
f 1913 1914 1912
f 1913 1863 1914
f 1913 1915 1863
f 1913 1916 1915
f 1913 1911 1916
f 1911 1909 1916
f 1916 1909 1908
f 1916 1908 1917
f 1916 1917 1918
f 1916 1918 1915
f 1915 1918 1919
f 1915 1919 1863
f 1919 1920 1863
f 1919 1921 1920
f 1919 1918 1921
f 1918 1917 1921
f 1922 1921 1917
f 1922 1855 1921
f 1923 1855 1922
f 1923 1924 1855
f 1923 1925 1924
f 1923 1926 1925
f 1923 1922 1926
f 1927 1926 1922
f 1927 1907 1926
f 1927 1908 1907
f 1927 1922 1908
f 1908 1922 1917
f 1928 1926 1907
f 1928 1929 1926
f 1930 1929 1928
f 1930 1931 1929
f 1930 1932 1931
f 1930 1933 1932
f 1930 1934 1933
f 1930 1935 1934
f 1930 1928 1935
f 1928 1907 1935
f 1935 1907 1936
f 1935 1936 1833
f 1934 1935 1833
f 1933 1934 1833
f 1933 1833 1932
f 1932 1833 1929
f 1931 1932 1929
f 1929 1833 1835
f 1925 1929 1835
f 1937 1929 1925
f 1937 1926 1929
f 1937 1925 1926
f 1924 1925 1835
f 1924 1835 1855
f 1854 1855 1835
f 1854 1835 1839
f 1936 1892 1833
f 1898 1892 1936
f 1898 1936 1904
f 1899 1898 1904
f 1904 1936 1907
f 1892 1850 1833
f 1885 1850 1892
f 1938 1921 1855
f 1938 1920 1921
f 1938 1856 1920
f 1938 1855 1856
f 1857 1920 1856
f 1857 1859 1920
f 1863 1920 1859
f 1863 1859 1860
f 1914 1863 1865
f 1939 1914 1865
f 1939 1912 1914
f 1939 1910 1912
f 1939 1940 1910
f 1939 1895 1940
f 1939 1941 1895
f 1939 1865 1941
f 1942 1941 1865
f 1942 1895 1941
f 1943 1895 1942
f 1943 1890 1895
f 1943 1889 1890
f 1943 1874 1889
f 1943 1942 1874
f 1942 1865 1874
f 1874 1865 1867
f 1944 1889 1874
f 1945 1889 1944
f 1945 1887 1889
f 1945 1884 1887
f 1945 1946 1884
f 1945 1944 1946
f 1946 1944 1883
f 1946 1883 1884
f 1875 1883 1944
f 1875 1876 1883
f 1875 1944 1874
f 1897 1940 1895
f 1897 1947 1940
f 1901 1947 1897
f 1901 1902 1947
f 1910 1947 1902
f 1910 1940 1947

o geometry_23
v -0.00381330 -0.01137247 0.00552486
v -0.00381330 -0.01105366 0.00387548
v -0.00000208 -0.01105366 0.00387548
v -0.00247798 -0.01131808 0.00552486
v -0.00381330 -0.01110889 0.00716476
v -0.00381330 -0.01062272 0.00290692
v -0.00000208 -0.01083861 0.00339173
v -0.00000208 -0.01113734 0.00552486
v -0.00000208 -0.01070640 0.00653030
v -0.00381330 -0.01066456 0.00815018
v -0.00000208 -0.01062272 0.00290692
v -0.00381330 -0.00985539 0.00224085
v -0.00000208 -0.01018927 0.00673687
v -0.00297942 -0.00902865 0.01096098
v -0.00369317 -0.00924538 0.01096098
v -0.00381330 -0.00926630 0.01096098
v -0.00381330 -0.00967465 0.00208592
v -0.00000208 -0.00967465 0.00209962
v -0.00000208 -0.00967465 0.00694238
v -0.00267609 -0.00802452 0.01096098
v -0.00381330 -0.00435858 0.01096098
v -0.00381330 -0.00900522 0.00153367
v -0.00381330 -0.00817681 0.00085389
v -0.00000208 -0.00922948 0.00175921
v -0.00000208 -0.00802452 0.00721324
v -0.00262013 -0.00637522 0.01096098
v -0.00381330 -0.00282393 0.00717425
v -0.00292868 -0.00498198 0.01096098
v -0.00000208 -0.00494015 0.00678113
v -0.00381330 -0.00801949 0.00075798
v -0.00000208 -0.00878180 0.00141774
v -0.00000208 -0.00637522 0.00723327
v -0.00277123 -0.00551083 0.01096098
v -0.00381330 -0.00283815 0.00552486
v -0.00000208 -0.00458619 0.00552486
v -0.00000208 -0.00565643 0.00700773
v -0.00381330 -0.00679110 0.00021732
v -0.00000208 -0.00837011 0.00127651
v -0.00381330 -0.00301722 0.00377008
v -0.00000208 -0.00512758 0.00395557
v -0.00381330 -0.00644970 0.00019413
v -0.00000208 -0.00795674 0.00113634
v -0.00381330 -0.00350339 0.00270879
v -0.00000208 -0.00599365 0.00207433
v -0.00381330 -0.00394019 0.00175604
v -0.00381330 -0.00474768 0.00059884
v -0.00000208 -0.00673420 0.00113634
v -0.00000208 -0.00637606 0.00158847
v -0.00381330 -0.00473597 0.00060727
f 1948 1949 1950
f 1948 1950 1951
f 1948 1951 1952
f 1948 1952 1957
f 1948 1957 1963
f 1948 1963 1968
f 1948 1968 1974
f 1948 1974 1981
f 1948 1981 1986
f 1948 1986 1990
f 1948 1990 1992
f 1948 1992 1996
f 1948 1996 1993
f 1948 1993 1988
f 1948 1988 1984
f 1948 1984 1977
f 1948 1977 1970
f 1948 1970 1969
f 1948 1969 1964
f 1948 1964 1959
f 1948 1959 1953
f 1948 1953 1949
f 1949 1953 1954
f 1949 1954 1950
f 1950 1955 1951
f 1950 1954 1958
f 1950 1958 1965
f 1950 1965 1971
f 1950 1971 1978
f 1950 1978 1985
f 1950 1985 1989
f 1950 1989 1994
f 1950 1994 1995
f 1950 1995 1991
f 1950 1991 1987
f 1950 1987 1982
f 1950 1982 1976
f 1950 1976 1983
f 1950 1983 1979
f 1950 1979 1972
f 1950 1972 1966
f 1950 1966 1960
f 1950 1960 1956
f 1950 1956 1955
f 1951 1955 1952
f 1952 1956 1957
f 1952 1955 1956
f 1953 1958 1954
f 1953 1959 1958
f 1956 1960 1961
f 1956 1961 1962
f 1956 1962 1957
f 1957 1962 1963
f 1958 1959 1964
f 1958 1964 1965
f 1960 1966 1961
f 1961 1967 1973
f 1961 1973 1980
f 1961 1980 1975
f 1961 1975 1968
f 1961 1968 1963
f 1961 1963 1962
f 1961 1966 1967
f 1964 1969 1965
f 1965 1969 1970
f 1965 1970 1971
f 1966 1972 1967
f 1967 1972 1973
f 1968 1975 1976
f 1968 1976 1974
f 1970 1977 1978
f 1970 1978 1971
f 1972 1979 1973
f 1973 1979 1980
f 1974 1976 1982
f 1974 1982 1981
f 1975 1980 1976
f 1976 1980 1983
f 1977 1984 1978
f 1978 1984 1985
f 1979 1983 1980
f 1981 1982 1986
f 1982 1987 1986
f 1984 1988 1989
f 1984 1989 1985
f 1986 1987 1990
f 1987 1991 1992
f 1987 1992 1990
f 1988 1993 1994
f 1988 1994 1989
f 1991 1995 1996
f 1991 1996 1992
f 1993 1996 1994
f 1994 1996 1995

o geometry_24
v 0.01125737 0.03464185 0.00717461
v 0.01083178 0.03464185 0.00552454
v 0.01051227 0.03464185 0.00465059
v 0.01056401 0.03322471 0.00465059
v 0.01061899 0.03157453 0.00465059
v 0.01093203 0.03157453 0.00552454
v 0.01066750 0.02992524 0.00465059
v 0.01097408 0.02992524 0.00552454
v 0.01134404 0.03157453 0.00717461
v 0.01154132 0.03053117 0.00803961
v 0.01155425 0.02943224 0.00795714
v 0.01140808 0.02995930 0.00731462
v 0.01155425 0.02908267 0.00795714
v 0.01163833 0.02995930 0.00868340
v 0.01160211 0.03464185 0.00923832
v 0.01163640 0.03157453 0.00895958
v 0.01178128 0.03157453 0.01047412
v 0.01180586 0.02992524 0.01047412
v 0.01161117 0.02896166 0.00882405
v 0.01058182 0.01899317 0.00882437
v 0.01181491 0.02992524 0.01118184
v 0.01179227 0.03157453 0.01118184
v 0.01172889 0.03464185 0.01118184
v 0.01171466 0.03464185 0.01047412
v 0.01148957 0.03464185 0.00841361
v 0.01150768 0.03322471 0.00828574
v 0.00768706 0.03464185 0.01118184
v 0.00681260 0.02662486 0.01118184
v 0.00681260 0.02548470 0.01118184
v 0.01103876 0.02548470 0.01118184
v 0.01168361 0.02880659 0.01118184
v 0.01059018 0.01899317 0.01008594
v 0.00681841 0.01899317 0.01008594
v 0.00790800 0.01899317 0.00552372
v 0.01027782 0.01899317 0.00725912
v 0.01011695 0.02331831 0.00552372
v 0.00987129 0.02548470 0.00465059
v 0.01008978 0.02323761 0.00552372
v 0.00984585 0.02260911 0.00552372
v 0.00903101 0.01899317 0.00619448
v 0.00523636 0.02548470 0.00465059
v 0.00523701 0.02827505 0.00465059
v 0.00520790 0.02662486 0.00465059
v 0.00591947 0.02189608 0.00552372
v 0.00672282 0.01899317 0.00552372
v 0.00689474 0.02827505 0.01118184
v 0.00670976 0.03464185 0.00465059
f 1998 1999 1997
f 2000 1999 1998
f 2000 2001 1999
f 2000 1998 2001
f 2002 2001 1998
f 2002 2003 2001
f 2002 2004 2003
f 2002 2005 2004
f 2002 1997 2005
f 2002 1998 1997
f 2005 1997 2006
f 2007 2005 2006
f 2008 2005 2007
f 2008 2004 2005
f 2008 2009 2004
f 2008 2007 2009
f 2007 2010 2009
f 2007 2006 2010
f 2010 2006 2011
f 2010 2011 2012
f 2010 2012 2013
f 2010 2013 2014
f 2010 2014 2009
f 2014 2015 2009
f 2014 2016 2015
f 2014 2017 2016
f 2018 2017 2014
f 2018 2019 2017
f 2018 2013 2019
f 2018 2014 2013
f 2020 2019 2013
f 2020 2021 2019
f 2011 2021 2020
f 2011 2022 2021
f 2011 2006 2022
f 2006 1997 2022
f 1997 2021 2022
f 1997 1999 2021
f 2021 1999 2019
f 2019 1999 2023
f 2019 2023 2017
f 2024 2017 2023
f 2025 2017 2024
f 2026 2017 2025
f 2027 2017 2026
f 2027 2028 2017
f 2027 2026 2028
f 2028 2026 2029
f 2028 2029 2016
f 2028 2016 2017
f 2016 2029 2030
f 2031 2016 2030
f 2031 2009 2016
f 2004 2009 2031
f 2004 2031 2003
f 2032 2003 2031
f 2032 2033 2003
f 2034 2033 2032
f 2034 2035 2033
f 2034 2031 2035
f 2034 2032 2031
f 2035 2031 2036
f 2035 2036 2030
f 2035 2030 2033
f 2037 2033 2030
f 2037 2038 2033
f 2039 2038 2037
f 2039 2024 2038
f 2039 2025 2024
f 2039 2037 2025
f 2037 2029 2025
f 2040 2029 2037
f 2040 2041 2029
f 2040 2037 2041
f 2041 2037 2030
f 2041 2030 2029
f 2026 2025 2029
f 2042 2038 2024
f 2042 2023 2038
f 2042 2024 2023
f 2043 2038 2023
f 2043 1999 2038
f 2043 2023 1999
f 2033 2038 1999
f 2003 2033 1999
f 2001 2003 1999
f 2036 2031 2030
f 2015 2016 2009
f 2011 2020 2013
f 2011 2013 2012

o geometry_25
v 0.01038742 0.06216001 0.00436198
v 0.00667716 0.06216001 -0.00197864
v 0.00082254 0.06216001 -0.00425755
v 0.00367526 0.06216001 -0.00370997
v 0.00247267 0.06216001 -0.00403059
v 0.00183028 0.06216001 -0.00412171
v 0.00247267 0.05132301 -0.00088770
v 0.00082254 0.05132301 -0.00108851
v 0.00420298 0.05132301 -0.00044812
v 0.00328252 0.06216001 -0.00383316
v 0.00487582 0.05132301 -0.00022622
v 0.00562173 0.05132301 0.00015936
v 0.00453077 0.06216001 -0.00335561
v 0.00487277 0.06216001 -0.00317252
v 0.00573640 0.06216001 -0.00264013
v 0.00704047 0.05132301 0.00104444
v 0.00649246 0.06216001 -0.00212208
v 0.00786554 0.05132301 0.00177848
v 0.00951263 0.05132301 0.00400339
v 0.00862667 0.05132301 0.00264330
v 0.00822784 0.06216001 -0.00022284
v 0.00860028 0.05132301 0.00260365
v 0.00789903 0.06216001 -0.00062277
v 0.00699379 0.06216001 -0.00163356
v 0.00871801 0.06216001 0.00056773
v 0.00971762 0.05132301 0.00436198
v 0.00908436 0.06216001 0.00121909
v 0.00958367 0.06216001 0.00215984
v 0.00995307 0.06216001 0.00292004
v 0.00983230 0.06216001 0.00265933
v 0.01023519 0.06216001 0.00382452
v 0.00540151 0.05132619 0.00436198
v -0.00957197 0.05132407 0.00412246
v -0.00951333 0.05132301 0.00401666
v -0.00562586 0.05132301 0.00016826
v -0.00858013 0.05132301 0.00258212
v -0.00704233 0.05132301 0.00104998
v -0.00573910 0.06216001 -0.00262782
v -0.00667432 0.06216001 -0.00197001
v -0.00786735 0.05132301 0.00178242
v -0.00748821 0.06216001 -0.00106205
v -0.00823233 0.06216001 -0.00022052
v -0.00871966 0.06216001 0.00057016
v -0.00958410 0.06216001 0.00216546
v -0.00995717 0.06216001 0.00292661
v -0.01023622 0.06216001 0.00382637
v -0.01030800 0.06216001 0.00412246
v 0.00523203 0.06216001 0.00436198
v -0.00367354 0.06216001 -0.00370721
v -0.00452686 0.06216001 -0.00334878
v -0.00547320 0.05132301 0.00009362
v -0.00423770 0.05132301 -0.00043131
v -0.00432263 0.05132301 -0.00040014
v -0.00247849 0.06216001 -0.00402708
v -0.00247849 0.05132301 -0.00088570
v -0.00082846 0.05132301 -0.00108911
v -0.00082846 0.06216001 -0.00425510
v -0.00860136 0.05132301 0.00260755
f 2045 2046 2044
f 2047 2046 2045
f 2048 2046 2047
f 2049 2046 2048
f 2050 2046 2049
f 2050 2051 2046
f 2050 2052 2051
f 2050 2053 2052
f 2050 2048 2053
f 2050 2049 2048
f 2053 2048 2047
f 2053 2047 2052
f 2054 2052 2047
f 2054 2055 2052
f 2056 2055 2054
f 2056 2057 2055
f 2056 2047 2057
f 2056 2054 2047
f 2057 2047 2045
f 2058 2057 2045
f 2058 2055 2057
f 2058 2059 2055
f 2060 2059 2058
f 2060 2045 2059
f 2060 2058 2045
f 2059 2045 2061
f 2059 2061 2055
f 2061 2062 2055
f 2063 2062 2061
f 2063 2064 2062
f 2065 2064 2063
f 2065 2066 2064
f 2065 2061 2066
f 2065 2063 2061
f 2067 2066 2061
f 2067 2045 2066
f 2067 2061 2045
f 2066 2045 2064
f 2064 2045 2068
f 2064 2068 2062
f 2068 2069 2062
f 2070 2069 2068
f 2070 2071 2069
f 2070 2068 2071
f 2071 2068 2072
f 2073 2071 2072
f 2073 2069 2071
f 2073 2072 2069
f 2074 2069 2072
f 2074 2044 2069
f 2074 2072 2044
f 2072 2068 2044
f 2068 2045 2044
f 2069 2044 2075
f 2069 2075 2076
f 2077 2069 2076
f 2077 2078 2069
f 2079 2078 2077
f 2080 2078 2079
f 2080 2081 2078
f 2080 2082 2081
f 2083 2082 2080
f 2083 2084 2082
f 2083 2079 2084
f 2083 2080 2079
f 2084 2079 2085
f 2084 2085 2082
f 2085 2086 2082
f 2077 2086 2085
f 2077 2076 2086
f 2087 2086 2076
f 2087 2088 2086
f 2087 2076 2088
f 2089 2088 2076
f 2089 2090 2088
f 2089 2076 2090
f 2076 2075 2090
f 2091 2090 2075
f 2091 2044 2090
f 2091 2075 2044
f 2046 2090 2044
f 2082 2090 2046
f 2086 2090 2082
f 2088 2090 2086
f 2092 2082 2046
f 2093 2082 2092
f 2081 2082 2093
f 2081 2093 2078
f 2094 2078 2093
f 2094 2095 2078
f 2096 2095 2094
f 2096 2092 2095
f 2096 2093 2092
f 2096 2094 2093
f 2095 2092 2097
f 2095 2097 2098
f 2095 2098 2078
f 2098 2099 2078
f 2098 2100 2099
f 2098 2097 2100
f 2097 2092 2100
f 2100 2092 2046
f 2100 2046 2099
f 2099 2046 2051
f 2099 2051 2069
f 2078 2099 2069
f 2069 2051 2062
f 2055 2062 2051
f 2052 2055 2051
f 2101 2077 2085
f 2101 2079 2077
f 2101 2085 2079

o geometry_26
v 0.00947566 0.02992524 0.00208355
v 0.00855953 0.03464185 0.00103218
v 0.00867626 0.03464185 0.00119970
v 0.00695133 0.03464185 -0.00053332
v 0.00777575 0.03464185 0.00020755
v 0.00781119 0.03322471 0.00017361
v 0.00788311 0.02992524 0.00009779
v 0.00858767 0.03322471 0.00099824
v 0.00865124 0.02992524 0.00092314
v 0.00711502 0.01899317 -0.00099164
v 0.00698573 0.03322471 -0.00056076
v 0.00596935 0.01899317 -0.00175691
v 0.00577151 0.03464185 -0.00127780
v 0.00470945 0.03464185 -0.00181937
v 0.00477929 0.03322471 -0.00184392
v 0.00489706 0.02992524 -0.00188220
v 0.00407160 0.02992524 -0.00214937
v 0.00543374 0.01899317 -0.00188852
v 0.00040054 0.01899317 -0.00248986
v 0.00082207 0.01899317 -0.00248986
v 0.00247279 0.02992524 -0.00254002
v 0.00082291 0.02992524 -0.00272632
v 0.00082291 0.03322471 -0.00266278
v 0.00247279 0.03322471 -0.00245409
v 0.00082291 0.03464185 -0.00262523
v 0.00002037 0.03464185 -0.00262595
v 0.00002037 0.03322471 -0.00266278
v 0.00002037 0.02992524 -0.00272560
v 0.00002037 0.02548470 -0.00184970
v 0.00034350 0.01899317 -0.00248907
v 0.00034350 0.01899317 0.00355500
v 0.00002037 0.02548470 0.00229368
v 0.00002037 0.03464185 0.00093614
v 0.00002037 0.02827505 0.00224674
v 0.00670849 0.03464185 0.00465059
v 0.00571315 0.02548406 0.00552372
v 0.01018367 0.02548470 0.00552372
v 0.01051270 0.03464185 0.00465059
v 0.01022041 0.02507481 0.00552372
v 0.01061901 0.03157453 0.00465059
v 0.01028445 0.03322471 0.00387434
v 0.01018127 0.03464185 0.00374292
v 0.01034073 0.03157453 0.00387434
v 0.01039493 0.02992524 0.00387434
v 0.00990194 0.03420264 0.00303960
v 0.00997282 0.02992524 0.00290818
v 0.00995718 0.02897689 0.00293779
v 0.00833030 0.01899317 0.00103460
v 0.01066800 0.02992524 0.00465059
v 0.01011696 0.02331831 0.00552372
v 0.00984528 0.02260911 0.00552372
v 0.00871412 0.01899317 0.00545200
v 0.00790780 0.01899317 0.00552372
v 0.00672250 0.01899317 0.00552372
v 0.00572862 0.02497313 0.00552372
v 0.00591908 0.02189608 0.00552372
v 0.00577116 0.01899317 0.00541023
v 0.00034350 0.02002520 0.00353924
v 0.00002037 0.02662486 0.00229440
v 0.00860777 0.01899317 0.00280866
v 0.00874699 0.01899317 0.00504849
v 0.00842118 0.01899317 0.00150984
v 0.00998064 0.02382226 0.00450311
v 0.00773571 0.01899317 -0.00025791
v 0.00800738 0.01899317 0.00023073
v 0.00941313 0.03322471 0.00218464
v 0.00946837 0.03464185 0.00236300
v 0.00989361 0.03464185 0.00305621
v 0.00388503 0.03464185 -0.00208005
v 0.00247279 0.03464185 -0.00241366
v 0.00395382 0.03322471 -0.00210027
f 2103 2104 2102
f 2103 2105 2104
f 2106 2105 2103
f 2107 2105 2106
f 2107 2108 2105
f 2107 2103 2108
f 2107 2106 2103
f 2103 2109 2108
f 2103 2102 2109
f 2109 2102 2110
f 2108 2109 2110
f 2108 2110 2111
f 2112 2108 2111
f 2112 2105 2108
f 2112 2111 2105
f 2113 2105 2111
f 2114 2105 2113
f 2114 2115 2105
f 2114 2116 2115
f 2114 2113 2116
f 2117 2116 2113
f 2117 2118 2116
f 2117 2113 2118
f 2113 2119 2118
f 2113 2111 2119
f 2119 2111 2120
f 2121 2119 2120
f 2121 2122 2119
f 2123 2122 2121
f 2124 2122 2123
f 2124 2125 2122
f 2124 2126 2125
f 2124 2127 2126
f 2124 2128 2127
f 2124 2123 2128
f 2128 2123 2129
f 2128 2129 2127
f 2129 2130 2127
f 2129 2131 2130
f 2129 2120 2131
f 2123 2120 2129
f 2123 2121 2120
f 2131 2120 2132
f 2133 2131 2132
f 2133 2130 2131
f 2133 2134 2130
f 2135 2134 2133
f 2135 2136 2134
f 2137 2136 2135
f 2138 2136 2137
f 2138 2139 2136
f 2140 2139 2138
f 2141 2139 2140
f 2142 2139 2141
f 2142 2143 2139
f 2142 2144 2143
f 2142 2141 2144
f 2145 2144 2141
f 2145 2146 2144
f 2145 2147 2146
f 2145 2148 2147
f 2145 2149 2148
f 2145 2150 2149
f 2145 2141 2150
f 2141 2140 2150
f 2140 2151 2150
f 2140 2138 2151
f 2138 2137 2151
f 2152 2151 2137
f 2152 2153 2151
f 2154 2153 2152
f 2154 2155 2153
f 2154 2152 2155
f 2155 2152 2156
f 2157 2155 2156
f 2157 2158 2155
f 2157 2132 2158
f 2157 2156 2132
f 2156 2137 2132
f 2156 2152 2137
f 2159 2132 2137
f 2159 2160 2132
f 2159 2135 2160
f 2159 2137 2135
f 2160 2135 2133
f 2160 2133 2132
f 2158 2132 2153
f 2155 2158 2153
f 2153 2132 2111
f 2149 2153 2111
f 2161 2153 2149
f 2162 2153 2161
f 2162 2151 2153
f 2162 2161 2151
f 2163 2151 2161
f 2163 2149 2151
f 2163 2161 2149
f 2164 2151 2149
f 2164 2150 2151
f 2164 2149 2150
f 2165 2149 2111
f 2166 2149 2165
f 2166 2148 2149
f 2166 2165 2148
f 2147 2148 2165
f 2147 2165 2102
f 2147 2102 2146
f 2146 2102 2167
f 2146 2167 2168
f 2146 2168 2169
f 2143 2146 2169
f 2143 2144 2146
f 2143 2169 2139
f 2169 2104 2139
f 2168 2104 2169
f 2167 2104 2168
f 2167 2102 2104
f 2104 2105 2139
f 2105 2127 2139
f 2170 2127 2105
f 2171 2127 2170
f 2126 2127 2171
f 2126 2171 2125
f 2125 2171 2170
f 2125 2170 2122
f 2172 2122 2170
f 2172 2118 2122
f 2172 2116 2118
f 2172 2170 2116
f 2115 2116 2170
f 2115 2170 2105
f 2118 2119 2122
f 2134 2139 2127
f 2136 2139 2134
f 2130 2134 2127
f 2165 2110 2102
f 2165 2111 2110
f 2111 2132 2120

o geometry_27
v 0.00347559 0.06216068 0.00262865
v 0.00347559 0.06248407 0.00252700
v 0.00082159 0.06900004 0.00138186
v -0.00391222 0.06216068 0.00290671
v 0.00347559 0.06216068 -0.00377272
v 0.00347559 0.06900004 0.00002943
v -0.00034197 0.06900004 0.00140977
v -0.00082794 0.06900004 0.00141276
v -0.00391222 0.06292529 0.00268945
v -0.00391222 0.06216068 -0.00360728
v 0.00328179 0.06216068 -0.00383352
v 0.00347559 0.06523120 -0.00527664
v 0.00347559 0.06900004 -0.00674668
v -0.00391222 0.06900004 0.00091943
v -0.00391222 0.06258651 -0.00381857
v -0.00367213 0.06216068 -0.00370695
v 0.00247185 0.06216068 -0.00403085
v 0.00247185 0.06292529 -0.00442452
v 0.00247185 0.06413181 -0.00502051
v 0.00247185 0.06495669 -0.00540322
v 0.00347559 0.06523789 -0.00527963
v 0.00347559 0.06886279 -0.00670083
v 0.00315740 0.06879717 -0.00681744
v 0.00295998 0.06900004 -0.00692707
v -0.00391222 0.06900004 -0.00653140
v -0.00391222 0.06480135 -0.00488497
v -0.00348338 0.06523454 -0.00527465
v -0.00247747 0.06292529 -0.00442054
v -0.00247747 0.06216068 -0.00402687
v -0.00247747 0.06413449 -0.00501852
v 0.00182896 0.06216068 -0.00412154
v 0.00082159 0.06292529 -0.00465873
v 0.00082159 0.06387605 -0.00514010
v 0.00082159 0.06470092 -0.00552281
v 0.00082159 0.06622413 -0.00620351
v 0.00247185 0.06622413 -0.00596133
v 0.00347559 0.06849320 -0.00657326
v 0.00255284 0.06789463 -0.00661712
v 0.00205747 0.06845772 -0.00694102
v 0.00233661 0.06900004 -0.00706062
v -0.00348122 0.06900004 -0.00674468
v -0.00391222 0.06883668 -0.00647559
v -0.00391222 0.06545147 -0.00517997
v -0.00247747 0.06622413 -0.00595934
v -0.00247747 0.06495936 -0.00540222
v -0.00391222 0.06600720 -0.00541817
v -0.00316013 0.06879985 -0.00681644
v -0.00082794 0.06292529 -0.00465773
v -0.00082794 0.06387738 -0.00514010
v -0.00082794 0.06216068 -0.00425509
v 0.00082159 0.06216068 -0.00425709
v -0.00082794 0.06470226 -0.00552281
v -0.00082794 0.06622413 -0.00620252
v 0.00082159 0.06743131 -0.00670582
v 0.00082159 0.06825618 -0.00701676
v 0.00082159 0.06900004 -0.00727489
v 0.00142977 0.06900004 -0.00720314
v -0.00324402 0.06900004 -0.00684833
v -0.00391222 0.06787723 -0.00614571
v -0.00255702 0.06789530 -0.00661612
v -0.00206020 0.06845906 -0.00694002
v -0.00082794 0.06743198 -0.00670482
v -0.00296560 0.06900004 -0.00692607
v -0.00082794 0.06825686 -0.00701577
v -0.00082794 0.06900004 -0.00727390
v -0.00234007 0.06900004 -0.00706062
f 2173 2174 2175
f 2173 2175 2176
f 2173 2176 2182
f 2173 2182 2188
f 2173 2188 2201
f 2173 2201 2222
f 2173 2222 2223
f 2173 2223 2203
f 2173 2203 2189
f 2173 2189 2183
f 2173 2183 2177
f 2173 2177 2184
f 2173 2184 2193
f 2173 2193 2209
f 2173 2209 2194
f 2173 2194 2185
f 2173 2185 2178
f 2173 2178 2174
f 2174 2178 2175
f 2175 2179 2176
f 2175 2178 2185
f 2175 2185 2196
f 2175 2196 2212
f 2175 2212 2229
f 2175 2229 2228
f 2175 2228 2237
f 2175 2237 2238
f 2175 2238 2235
f 2175 2235 2230
f 2175 2230 2213
f 2175 2213 2197
f 2175 2197 2186
f 2175 2186 2180
f 2175 2180 2179
f 2176 2179 2180
f 2176 2180 2181
f 2176 2181 2186
f 2176 2186 2197
f 2176 2197 2214
f 2176 2214 2231
f 2176 2231 2218
f 2176 2218 2215
f 2176 2215 2198
f 2176 2198 2187
f 2176 2187 2182
f 2177 2183 2184
f 2180 2186 2181
f 2182 2187 2188
f 2183 2189 2190
f 2183 2190 2191
f 2183 2191 2184
f 2184 2191 2192
f 2184 2192 2193
f 2185 2194 2195
f 2185 2195 2196
f 2187 2198 2199
f 2187 2199 2188
f 2188 2200 2201
f 2188 2199 2202
f 2188 2202 2200
f 2189 2203 2204
f 2189 2204 2190
f 2190 2204 2205
f 2190 2205 2191
f 2191 2205 2206
f 2191 2206 2192
f 2192 2206 2207
f 2192 2207 2208
f 2192 2208 2193
f 2193 2208 2195
f 2193 2195 2209
f 2194 2209 2195
f 2195 2208 2210
f 2195 2210 2211
f 2195 2211 2196
f 2196 2211 2212
f 2197 2213 2214
f 2198 2215 2199
f 2199 2216 2217
f 2199 2217 2202
f 2199 2215 2218
f 2199 2218 2219
f 2199 2219 2216
f 2200 2220 2201
f 2200 2202 2221
f 2200 2221 2220
f 2201 2220 2222
f 2202 2217 2221
f 2203 2223 2204
f 2204 2223 2220
f 2204 2220 2221
f 2204 2221 2205
f 2205 2221 2224
f 2205 2224 2206
f 2206 2224 2207
f 2207 2224 2225
f 2207 2225 2226
f 2207 2226 2208
f 2208 2226 2211
f 2208 2211 2210
f 2211 2227 2228
f 2211 2228 2229
f 2211 2229 2212
f 2211 2226 2227
f 2213 2230 2219
f 2213 2219 2231
f 2213 2231 2214
f 2216 2225 2217
f 2216 2219 2232
f 2216 2232 2233
f 2216 2233 2234
f 2216 2234 2225
f 2217 2225 2224
f 2217 2224 2221
f 2218 2231 2219
f 2219 2230 2235
f 2219 2235 2233
f 2219 2233 2232
f 2220 2223 2222
f 2225 2234 2226
f 2226 2234 2236
f 2226 2236 2227
f 2227 2236 2237
f 2227 2237 2228
f 2233 2235 2238
f 2233 2238 2237
f 2233 2237 2236
f 2233 2236 2234

o geometry_28
v 0.01122870 0.06216068 0.00972340
v 0.01121807 0.06367585 0.00972340
v 0.00712523 0.06216068 0.00972340
v 0.01122111 0.06216068 0.00958796
v 0.01117330 0.06457505 0.00882374
v 0.01116875 0.06622413 0.00882374
v 0.01119607 0.06532627 0.00972340
v 0.00697345 0.06877910 0.00972340
v 0.00347635 0.06216068 0.00262775
v 0.01116343 0.06216068 0.00882374
v 0.01116723 0.06292529 0.00882374
v 0.01104049 0.06622413 0.00717438
v 0.01103062 0.06787454 0.00717438
v 0.01102683 0.06900004 0.00769837
v 0.01112017 0.06787454 0.00882374
v 0.01114522 0.06697536 0.00972340
v 0.00697420 0.06900004 0.00972340
v 0.00347635 0.06248407 0.00252617
v 0.00347635 0.06216068 -0.00377140
v 0.01106933 0.06216068 0.00793860
v 0.01102152 0.06457505 0.00717438
v 0.01084013 0.06622413 0.00552340
v 0.01085531 0.06787454 0.00552340
v 0.01099799 0.06900004 0.00717438
v 0.01084696 0.06900004 0.00552340
v 0.01090236 0.06900004 0.00604901
v 0.01105111 0.06900004 0.00882374
v 0.01104049 0.06900004 0.00910912
v 0.01103138 0.06900004 0.00934773
v 0.01103973 0.06862510 0.00972340
v 0.01099723 0.06900004 0.00972340
v 0.00347635 0.06900004 0.00003036
v 0.00347635 0.06523120 -0.00527566
v 0.00348090 0.06523254 -0.00527566
v 0.00367443 0.06216068 -0.00371013
v 0.01097370 0.06216068 0.00717438
v 0.01099268 0.06292529 0.00717438
v 0.01079080 0.06457505 0.00552340
v 0.01052670 0.06787454 0.00387404
v 0.01054491 0.06900004 0.00387404
v 0.01064964 0.06900004 0.00439803
v 0.00347635 0.06900004 -0.00674606
v 0.00347635 0.06523789 -0.00527888
v 0.00347635 0.06849320 -0.00657193
v 0.00406755 0.06629108 -0.00547236
v 0.00458134 0.06578558 -0.00503543
v 0.00406755 0.06463932 -0.00474522
v 0.00410246 0.06292195 -0.00391167
v 0.00463901 0.06236958 -0.00341831
v 0.00453049 0.06216068 -0.00335543
v 0.01082799 0.06216068 0.00628762
v 0.01072023 0.06292529 0.00552340
v 0.01040376 0.06457505 0.00387404
v 0.01047054 0.06622413 0.00387404
v 0.00992412 0.06900004 0.00130245
v 0.01027778 0.06900004 0.00274867
v 0.00348166 0.06900004 -0.00674445
v 0.00347635 0.06886279 -0.00669930
v 0.00412219 0.06787454 -0.00607535
v 0.00505111 0.06688564 -0.00526760
v 0.00515735 0.06346963 -0.00368595
v 0.00487276 0.06216068 -0.00317163
v 0.01068152 0.06216068 0.00552340
v 0.01046523 0.06216068 0.00463826
v 0.01031648 0.06292529 0.00387404
v 0.00991349 0.06839679 0.00134276
v 0.00979359 0.06900004 0.00086230
v 0.00414268 0.06900004 -0.00645424
v 0.00550797 0.06457505 -0.00394069
v 0.00446522 0.06900004 -0.00628495
v 0.00531142 0.06787454 -0.00545301
v 0.00613636 0.06787454 -0.00483389
v 0.00658412 0.06542737 -0.00353762
v 0.00633292 0.06457505 -0.00335059
v 0.00649305 0.06216068 -0.00212204
v 0.00573717 0.06216068 -0.00263958
v 0.01023604 0.06216068 0.00382406
v 0.00995296 0.06216068 0.00291957
v 0.00998787 0.06292529 0.00283412
v 0.00988238 0.06729674 0.00145562
v 0.00968126 0.06900004 0.00052533
v 0.00564382 0.06900004 -0.00556748
v 0.00638680 0.06900004 -0.00502414
v 0.00679662 0.06652676 -0.00375689
v 0.00716090 0.06457505 -0.00252511
v 0.00684671 0.06292529 -0.00215428
v 0.00667823 0.06216068 -0.00197854
v 0.00983229 0.06216068 0.00265838
v 0.00894511 0.06787454 -0.00107405
v 0.00907565 0.06900004 -0.00107405
v 0.00930257 0.06900004 -0.00051459
v 0.00966381 0.06785781 0.00070591
v 0.00651278 0.06900004 -0.00490645
v 0.00701367 0.06787454 -0.00401002
v 0.00816267 0.06571795 -0.00176895
v 0.00798508 0.06457505 -0.00153839
v 0.00789857 0.06216068 -0.00062261
v 0.00699470 0.06216068 -0.00163352
v 0.00958337 0.06216068 0.00215857
v 0.00862106 0.06625023 -0.00116112
v 0.00840021 0.06787454 -0.00215751
v 0.00848142 0.06900004 -0.00231873
v 0.00865445 0.06900004 -0.00197371
v 0.00706603 0.06900004 -0.00429056
v 0.00783785 0.06787454 -0.00298299
v 0.00837137 0.06326208 -0.00044688
v 0.00822870 0.06216269 -0.00022277
v 0.00830079 0.06681734 -0.00198338
v 0.00822794 0.06216068 -0.00022277
v 0.00908476 0.06216068 0.00122022
v 0.00814977 0.06900004 -0.00288142
v 0.00736808 0.06900004 -0.00391328
v 0.00797142 0.06900004 -0.00314261
v 0.00871744 0.06216068 0.00056886
f 2239 2240 2245
f 2239 2245 2254
f 2239 2254 2268
f 2239 2268 2269
f 2239 2269 2255
f 2239 2255 2246
f 2239 2246 2241
f 2239 2241 2247
f 2239 2247 2257
f 2239 2257 2273
f 2239 2273 2288
f 2239 2288 2300
f 2239 2300 2314
f 2239 2314 2313
f 2239 2313 2325
f 2239 2325 2336
f 2239 2336 2335
f 2239 2335 2347
f 2239 2347 2352
f 2239 2352 2348
f 2239 2348 2337
f 2239 2337 2326
f 2239 2326 2316
f 2239 2316 2315
f 2239 2315 2302
f 2239 2302 2301
f 2239 2301 2289
f 2239 2289 2274
f 2239 2274 2258
f 2239 2258 2248
f 2239 2248 2242
f 2239 2242 2243
f 2239 2243 2244
f 2239 2244 2240
f 2240 2244 2245
f 2241 2246 2247
f 2242 2248 2249
f 2242 2249 2243
f 2243 2249 2250
f 2243 2250 2244
f 2244 2250 2251
f 2244 2251 2252
f 2244 2252 2253
f 2244 2253 2245
f 2245 2253 2254
f 2246 2255 2247
f 2247 2255 2256
f 2247 2256 2270
f 2247 2270 2280
f 2247 2280 2296
f 2247 2296 2282
f 2247 2282 2281
f 2247 2281 2271
f 2247 2271 2257
f 2248 2258 2259
f 2248 2259 2250
f 2248 2250 2249
f 2250 2259 2260
f 2250 2260 2261
f 2250 2261 2251
f 2251 2262 2252
f 2251 2261 2263
f 2251 2263 2264
f 2251 2264 2262
f 2252 2265 2253
f 2252 2262 2264
f 2252 2264 2263
f 2252 2263 2279
f 2252 2279 2278
f 2252 2278 2294
f 2252 2294 2293
f 2252 2293 2305
f 2252 2305 2319
f 2252 2319 2329
f 2252 2329 2328
f 2252 2328 2341
f 2252 2341 2340
f 2252 2340 2349
f 2252 2349 2351
f 2252 2351 2350
f 2252 2350 2342
f 2252 2342 2331
f 2252 2331 2321
f 2252 2321 2320
f 2252 2320 2308
f 2252 2308 2306
f 2252 2306 2295
f 2252 2295 2280
f 2252 2280 2270
f 2252 2270 2255
f 2252 2255 2269
f 2252 2269 2267
f 2252 2267 2266
f 2252 2266 2265
f 2253 2265 2254
f 2254 2266 2267
f 2254 2267 2268
f 2254 2265 2266
f 2255 2270 2256
f 2257 2271 2272
f 2257 2272 2273
f 2258 2274 2275
f 2258 2275 2259
f 2259 2275 2260
f 2260 2276 2277
f 2260 2277 2278
f 2260 2278 2279
f 2260 2279 2261
f 2260 2275 2274
f 2260 2274 2276
f 2261 2279 2263
f 2267 2269 2268
f 2271 2281 2272
f 2272 2281 2282
f 2272 2282 2283
f 2272 2283 2284
f 2272 2284 2285
f 2272 2285 2286
f 2272 2286 2273
f 2273 2286 2287
f 2273 2287 2288
f 2274 2289 2276
f 2276 2290 2291
f 2276 2291 2292
f 2276 2292 2277
f 2276 2289 2290
f 2277 2292 2293
f 2277 2293 2294
f 2277 2294 2278
f 2280 2295 2296
f 2282 2296 2295
f 2282 2295 2297
f 2282 2297 2283
f 2283 2297 2298
f 2283 2298 2284
f 2284 2298 2299
f 2284 2299 2285
f 2285 2299 2287
f 2285 2287 2286
f 2287 2300 2288
f 2287 2299 2300
f 2289 2301 2290
f 2290 2301 2291
f 2291 2301 2302
f 2291 2302 2303
f 2291 2303 2304
f 2291 2304 2292
f 2292 2304 2293
f 2293 2304 2305
f 2295 2306 2297
f 2297 2306 2298
f 2298 2307 2299
f 2298 2306 2308
f 2298 2308 2309
f 2298 2309 2310
f 2298 2310 2311
f 2298 2311 2312
f 2298 2312 2307
f 2299 2312 2313
f 2299 2313 2314
f 2299 2314 2300
f 2299 2307 2312
f 2302 2315 2303
f 2303 2315 2316
f 2303 2316 2317
f 2303 2317 2318
f 2303 2318 2304
f 2304 2318 2305
f 2305 2318 2319
f 2308 2320 2309
f 2309 2320 2321
f 2309 2321 2310
f 2310 2321 2322
f 2310 2322 2311
f 2311 2322 2323
f 2311 2323 2324
f 2311 2324 2325
f 2311 2325 2312
f 2312 2325 2313
f 2316 2326 2327
f 2316 2327 2328
f 2316 2328 2329
f 2316 2329 2330
f 2316 2330 2318
f 2316 2318 2317
f 2318 2330 2319
f 2319 2330 2329
f 2321 2331 2322
f 2322 2331 2332
f 2322 2332 2333
f 2322 2333 2334
f 2322 2334 2323
f 2323 2334 2335
f 2323 2335 2324
f 2324 2335 2336
f 2324 2336 2325
f 2326 2337 2327
f 2327 2337 2338
f 2327 2338 2339
f 2327 2339 2340
f 2327 2340 2341
f 2327 2341 2328
f 2331 2342 2332
f 2332 2342 2343
f 2332 2343 2333
f 2333 2344 2345
f 2333 2345 2334
f 2333 2343 2346
f 2333 2346 2344
f 2334 2345 2335
f 2335 2345 2347
f 2337 2348 2346
f 2337 2346 2338
f 2338 2346 2339
f 2339 2346 2349
f 2339 2349 2340
f 2342 2350 2343
f 2343 2350 2351
f 2343 2351 2346
f 2344 2346 2352
f 2344 2352 2345
f 2345 2352 2347
f 2346 2351 2349
f 2346 2348 2352

o geometry_29
v -0.00391222 0.06216068 0.00290527
v -0.00391222 0.06292529 0.00268887
v -0.00705871 0.06900004 0.00972340
v -0.00711874 0.06216068 0.00972340
v -0.00391222 0.06216068 -0.00360735
v -0.00391222 0.06900004 0.00092109
v -0.01095984 0.06900004 0.00972340
v -0.01120853 0.06216068 0.00972340
v -0.00411374 0.06216068 -0.00352302
v -0.00463828 0.06237962 -0.00341482
v -0.00391222 0.06221491 -0.00363440
v -0.00391222 0.06900004 -0.00653190
v -0.01108561 0.06787454 0.00972340
v -0.01103559 0.06900004 0.00882439
v -0.01121282 0.06292529 0.00972340
v -0.01120781 0.06216068 0.00970908
v -0.00452608 0.06216068 -0.00334799
v -0.00515852 0.06347968 -0.00368213
v -0.00407158 0.06464066 -0.00474026
v -0.00410445 0.06292798 -0.00390808
v -0.00391222 0.06258651 -0.00381897
v -0.00573951 0.06216068 -0.00262719
v -0.00391222 0.06787723 -0.00614525
v -0.00412875 0.06787454 -0.00607047
v -0.00414733 0.06900004 -0.00645075
v -0.01116922 0.06622413 0.00972340
v -0.01111348 0.06787454 0.00882439
v -0.01099414 0.06900004 0.00717436
v -0.01119709 0.06457505 0.00972340
v -0.01116994 0.06622413 0.00882439
v -0.01117280 0.06457505 0.00882439
v -0.01116637 0.06292529 0.00882439
v -0.01116208 0.06216068 0.00882439
v -0.00573665 0.06292798 -0.00300589
v -0.00667496 0.06216068 -0.00197004
v -0.00633122 0.06457505 -0.00334322
v -0.00550655 0.06457505 -0.00393672
v -0.00505419 0.06689032 -0.00526693
v -0.00458397 0.06579027 -0.00503144
v -0.00391222 0.06480135 -0.00488505
v -0.00391222 0.06600720 -0.00541809
v -0.00407158 0.06629376 -0.00547060
v -0.00564661 0.06900004 -0.00556448
v -0.00531360 0.06787454 -0.00545150
v -0.01102987 0.06787454 0.00717436
v -0.01084407 0.06900004 0.00552432
v -0.01103988 0.06622413 0.00717436
v -0.01101987 0.06457505 0.00717436
v -0.01099271 0.06292529 0.00717436
v -0.01097485 0.06216068 0.00717436
v -0.00684361 0.06292529 -0.00214666
v -0.00658563 0.06543608 -0.00353416
v -0.00748891 0.06216068 -0.00106149
v -0.00613899 0.06787454 -0.00483095
v -0.00391222 0.06545147 -0.00517942
v -0.00626619 0.06900004 -0.00511259
v -0.00638911 0.06900004 -0.00502030
v -0.01085479 0.06787454 0.00552432
v -0.01054393 0.06900004 0.00387429
v -0.01084050 0.06622413 0.00552432
v -0.01078976 0.06457505 0.00552432
v -0.01071973 0.06292529 0.00552432
v -0.01068114 0.06216068 0.00552432
v -0.00716090 0.06457505 -0.00251899
v -0.00823355 0.06216537 -0.00022136
v -0.00680001 0.06653547 -0.00375374
v -0.00823212 0.06216068 -0.00021977
v -0.00706800 0.06900004 -0.00428677
v -0.00701655 0.06787454 -0.00400514
v -0.01052606 0.06787454 0.00387429
v -0.00992721 0.06900004 0.00131411
v -0.01047175 0.06622413 0.00387429
v -0.01040458 0.06457505 0.00387429
v -0.01031668 0.06292529 0.00387429
v -0.01023664 0.06216068 0.00382655
v -0.00798486 0.06457505 -0.00153566
v -0.00871949 0.06216068 0.00057104
v -0.00837933 0.06326542 -0.00044730
v -0.00816709 0.06572666 -0.00176797
v -0.00797414 0.06900004 -0.00313636
v -0.00784051 0.06787454 -0.00297725
v -0.00991792 0.06843361 0.00135071
v -0.00968352 0.06900004 0.00053603
v -0.00999152 0.06292529 0.00284163
v -0.00995722 0.06216068 0.00292596
v -0.01005584 0.06216068 0.00324260
v -0.00988648 0.06733356 0.00146368
v -0.00852655 0.06457505 -0.00071144
v -0.00830501 0.06682672 -0.00198118
v -0.00958419 0.06216068 0.00216538
v -0.00840292 0.06787454 -0.00215144
v -0.00848367 0.06900004 -0.00231214
v -0.00907466 0.06900004 -0.00107422
v -0.00966566 0.06787990 0.00071106
v -0.00894460 0.06787454 -0.00107422
v -0.00862516 0.06625560 -0.00116014
f 2353 2354 2355
f 2353 2355 2356
f 2353 2356 2360
f 2353 2360 2368
f 2353 2368 2385
f 2353 2385 2402
f 2353 2402 2415
f 2353 2415 2427
f 2353 2427 2438
f 2353 2438 2437
f 2353 2437 2442
f 2353 2442 2429
f 2353 2429 2419
f 2353 2419 2405
f 2353 2405 2387
f 2353 2387 2374
f 2353 2374 2369
f 2353 2369 2361
f 2353 2361 2357
f 2353 2357 2363
f 2353 2363 2373
f 2353 2373 2392
f 2353 2392 2407
f 2353 2407 2393
f 2353 2393 2375
f 2353 2375 2364
f 2353 2364 2358
f 2353 2358 2354
f 2354 2358 2355
f 2355 2359 2365
f 2355 2365 2378
f 2355 2378 2381
f 2355 2381 2367
f 2355 2367 2360
f 2355 2360 2356
f 2355 2358 2364
f 2355 2364 2377
f 2355 2377 2395
f 2355 2395 2408
f 2355 2408 2409
f 2355 2409 2420
f 2355 2420 2432
f 2355 2432 2444
f 2355 2444 2445
f 2355 2445 2435
f 2355 2435 2423
f 2355 2423 2411
f 2355 2411 2398
f 2355 2398 2380
f 2355 2380 2366
f 2355 2366 2359
f 2357 2361 2362
f 2357 2362 2363
f 2359 2366 2365
f 2360 2367 2368
f 2361 2369 2362
f 2362 2370 2371
f 2362 2371 2372
f 2362 2372 2373
f 2362 2373 2363
f 2362 2369 2374
f 2362 2374 2370
f 2364 2375 2376
f 2364 2376 2377
f 2365 2366 2379
f 2365 2379 2378
f 2366 2380 2379
f 2367 2381 2382
f 2367 2382 2383
f 2367 2383 2384
f 2367 2384 2368
f 2368 2384 2385
f 2370 2374 2386
f 2370 2386 2387
f 2370 2387 2388
f 2370 2388 2389
f 2370 2389 2390
f 2370 2390 2391
f 2370 2391 2371
f 2371 2391 2392
f 2371 2392 2372
f 2372 2392 2373
f 2374 2387 2386
f 2375 2393 2376
f 2376 2393 2394
f 2376 2394 2390
f 2376 2390 2377
f 2377 2390 2396
f 2377 2396 2395
f 2378 2379 2382
f 2378 2382 2381
f 2379 2380 2382
f 2380 2397 2382
f 2380 2398 2397
f 2382 2397 2399
f 2382 2399 2383
f 2383 2399 2384
f 2384 2399 2385
f 2385 2399 2400
f 2385 2400 2401
f 2385 2401 2402
f 2387 2403 2404
f 2387 2404 2388
f 2387 2405 2403
f 2388 2404 2389
f 2389 2404 2390
f 2390 2406 2396
f 2390 2394 2391
f 2390 2404 2406
f 2391 2394 2393
f 2391 2393 2407
f 2391 2407 2392
f 2395 2396 2408
f 2396 2406 2409
f 2396 2409 2408
f 2397 2398 2410
f 2397 2410 2399
f 2398 2411 2410
f 2399 2410 2412
f 2399 2412 2400
f 2400 2412 2401
f 2401 2412 2402
f 2402 2412 2413
f 2402 2413 2414
f 2402 2414 2415
f 2403 2416 2404
f 2403 2405 2417
f 2403 2417 2416
f 2404 2416 2418
f 2404 2418 2406
f 2405 2419 2417
f 2406 2418 2409
f 2409 2418 2421
f 2409 2421 2420
f 2410 2411 2412
f 2411 2422 2412
f 2411 2423 2422
f 2412 2422 2413
f 2413 2422 2424
f 2413 2424 2425
f 2413 2425 2414
f 2414 2425 2415
f 2415 2425 2426
f 2415 2426 2427
f 2416 2417 2428
f 2416 2428 2418
f 2417 2419 2429
f 2417 2429 2430
f 2417 2430 2431
f 2417 2431 2428
f 2418 2428 2431
f 2418 2431 2421
f 2420 2421 2433
f 2420 2433 2432
f 2421 2431 2433
f 2422 2423 2434
f 2422 2434 2424
f 2423 2435 2434
f 2424 2434 2425
f 2425 2434 2426
f 2426 2436 2437
f 2426 2437 2438
f 2426 2438 2427
f 2426 2434 2439
f 2426 2439 2436
f 2429 2440 2441
f 2429 2441 2430
f 2429 2442 2440
f 2430 2441 2431
f 2431 2441 2433
f 2432 2433 2441
f 2432 2441 2443
f 2432 2443 2444
f 2434 2435 2439
f 2435 2445 2446
f 2435 2446 2439
f 2436 2439 2437
f 2437 2439 2446
f 2437 2446 2445
f 2437 2445 2447
f 2437 2447 2442
f 2440 2442 2441
f 2441 2442 2448
f 2441 2448 2443
f 2442 2447 2448
f 2443 2448 2447
f 2443 2447 2444
f 2444 2447 2445

o geometry_30
v -0.00944523 0.01742426 0.01876146
v -0.00704369 0.01742426 0.02153377
v -0.00247891 0.01742426 0.02336221
v -0.00480760 0.01742426 0.02280458
v -0.00403866 0.01742426 0.02302342
v -0.00329468 0.01742426 0.02318820
v -0.00389610 0.01672443 0.02301551
v -0.00472020 0.01672443 0.02277822
v -0.00363909 0.01507436 0.02294827
v -0.00446423 0.01507436 0.02268462
v -0.00577737 0.01507436 0.02208877
v -0.00577737 0.01672443 0.02226937
v -0.00522694 0.01742426 0.02260289
v -0.00571702 0.01742426 0.02234846
v -0.00644435 0.01742426 0.02190816
v -0.00702184 0.01672443 0.02151532
v -0.00784698 0.01672443 0.02080741
v -0.00773981 0.01507436 0.02072700
v -0.00691571 0.01507436 0.02142831
v -0.00675755 0.01404201 0.02130835
v -0.00842343 0.01395923 0.01974489
v -0.00855350 0.01507436 0.01990308
v -0.00987809 0.01467436 0.01784790
v -0.00946812 0.01516409 0.01856636
v -0.00860969 0.01672443 0.01998217
v -0.00830793 0.01742426 0.02034997
v -0.00862009 0.01742426 0.01999931
v -0.00786779 0.01742426 0.02082455
v -0.00909561 0.01742426 0.01929272
v -0.00943482 0.01672443 0.01875355
v -0.00990930 0.01577418 0.01791118
v -0.01016527 0.01516409 0.01720854
v -0.01025164 0.01672443 0.01707408
v -0.00992179 0.01742426 0.01793754
v -0.00972305 0.01742426 0.01828688
v -0.01025684 0.01742426 0.01707408
v -0.01057836 0.01507436 0.01542492
v -0.01011221 0.01370114 0.01674978
v -0.00998526 0.01031820 0.01474470
v -0.00969391 0.01326080 0.01720854
v -0.00991659 0.01031820 0.01484093
v -0.01024956 0.01031820 0.01377577
v -0.01021418 0.01031820 0.01392606
v -0.01048367 0.01031820 0.01231777
v -0.01059397 0.01031820 0.01008594
v -0.01058460 0.01031820 0.01066862
v -0.01060646 0.01507436 0.01377577
v -0.01050240 0.01031820 0.01212530
v -0.01058877 0.01742426 0.01542492
v -0.01060646 0.01742426 0.01377577
v -0.01060750 0.01342497 0.01212530
v -0.01060646 0.01303680 0.01008594
v -0.01060646 0.01672443 0.01008594
v -0.01060750 0.01507436 0.01047483
v -0.01060542 0.01742426 0.01008594
v -0.01045038 0.01742426 0.01612492
v 0.00002252 0.01742426 0.01975411
v -0.00668263 0.01742426 0.01008594
v 0.01060219 0.01738503 0.01008594
v 0.01060737 0.01738503 0.01377575
v 0.01060323 0.01672442 0.01008594
v 0.01058976 0.01031889 0.01008594
v 0.01060634 0.01342550 0.01008594
v 0.01060530 0.01342550 0.01212470
v 0.01058665 0.01031889 0.01047497
v -0.00082863 0.01031820 0.02019178
v 0.01050066 0.01031889 0.01212470
v 0.01057836 0.01507461 0.01542548
v 0.01060530 0.01507461 0.01377575
v 0.01058873 0.01738503 0.01542548
v 0.01026339 0.01738503 0.01707389
v 0.01025924 0.01672442 0.01707389
v 0.01016599 0.01509813 0.01721235
v 0.00991111 0.01566398 0.01792710
v 0.00992355 0.01672442 0.01795084
v 0.00943761 0.01672442 0.01877505
v 0.00944694 0.01738503 0.01878296
v 0.00992665 0.01738503 0.01795743
v 0.00002252 0.01742426 0.02355336
v -0.00082863 0.01742426 0.02354413
v -0.00082863 0.01672443 0.02350327
v 0.00002252 0.01672443 0.02351118
v 0.00082239 0.01738503 0.02355807
v 0.00247291 0.01738503 0.02339060
v 0.00247291 0.01672442 0.02334972
v 0.00392449 0.01672442 0.02303190
v 0.00365510 0.01507461 0.02295542
v 0.00474923 0.01672442 0.02278662
v 0.00447984 0.01507461 0.02269035
v 0.00341887 0.01416982 0.02288684
v 0.00247291 0.01507461 0.02319543
v 0.00082239 0.01507461 0.02336554
v 0.00082239 0.01672442 0.02351720
v -0.00082863 0.01507436 0.02335826
v -0.00082863 0.01384445 0.02305637
v 0.00082239 0.01384401 0.02305696
v 0.00247291 0.01400449 0.02297124
v 0.00247291 0.01317994 0.02244243
v 0.00082239 0.01301876 0.02253210
v 0.00106380 0.01031889 0.02016631
v 0.00247084 0.01031889 0.01991707
v 0.00082239 0.01031889 0.02019268
v -0.00082863 0.01301941 0.02253302
v -0.00247891 0.01400514 0.02296937
v -0.00247891 0.01318080 0.02244206
v -0.00247579 0.01031820 0.01991890
v -0.00412814 0.01243228 0.02140458
v -0.00504068 0.01256376 0.02123980
v -0.00403553 0.01354323 0.02226409
v -0.00342370 0.01417071 0.02288632
v -0.00247891 0.01507436 0.02318029
v -0.00247891 0.01672443 0.02331739
v -0.00566500 0.01346601 0.02152982
v -0.00613948 0.01294289 0.02092869
v -0.00580755 0.01031820 0.01825920
v -0.00691675 0.01241281 0.01982794
v -0.00738707 0.01345141 0.02033679
v -0.00801659 0.01286011 0.01930458
v -0.00741100 0.01031820 0.01697652
v -0.00406363 0.01031820 0.01932963
v 0.00267806 0.01031889 0.01985772
v 0.00412239 0.01243355 0.02140459
v 0.00403017 0.01354241 0.02226440
v 0.00502691 0.01256567 0.02123843
v 0.00331837 0.01031889 0.01959134
v 0.00432339 0.01031889 0.01915352
v 0.00582678 0.01031889 0.01824755
v 0.00612622 0.01294059 0.02092326
v 0.00565375 0.01346424 0.02153383
v 0.00675928 0.01403977 0.02131624
v 0.00738509 0.01344971 0.02033510
v 0.00691159 0.01241072 0.01982212
v 0.00646399 0.01031889 0.01779919
v 0.00998157 0.01031889 0.01477798
v 0.00801193 0.01285897 0.01930254
v 0.00841912 0.01395814 0.01974695
v 0.00773840 0.01507461 0.02073204
v 0.00691366 0.01507461 0.02143756
v 0.00577187 0.01507461 0.02210484
v 0.00577187 0.01672442 0.02228814
v 0.00701520 0.01672442 0.02152591
v 0.00571385 0.01738503 0.02236331
v 0.00703695 0.01738503 0.02154570
v 0.00783994 0.01672442 0.02080853
v 0.00855381 0.01507461 0.01990652
v 0.00861287 0.01672442 0.01998300
v 0.00786169 0.01738503 0.02082171
v 0.00862220 0.01738503 0.01999751
v 0.00946973 0.01509813 0.01857592
v 0.00987485 0.01456342 0.01785325
v 0.01005617 0.01342550 0.01663079
v 0.01038150 0.01342550 0.01542548
v 0.01025717 0.01031889 0.01377575
v 0.00963862 0.01342550 0.01745500
v 0.00482487 0.01738503 0.02281036
v 0.00405193 0.01738503 0.02303850
f 2450 2451 2449
f 2452 2451 2450
f 2453 2451 2452
f 2454 2451 2453
f 2454 2455 2451
f 2454 2453 2455
f 2453 2452 2455
f 2456 2455 2452
f 2456 2457 2455
f 2456 2458 2457
f 2456 2459 2458
f 2456 2460 2459
f 2456 2461 2460
f 2456 2452 2461
f 2461 2452 2462
f 2461 2462 2460
f 2463 2460 2462
f 2463 2464 2460
f 2463 2450 2464
f 2463 2462 2450
f 2462 2452 2450
f 2464 2450 2465
f 2464 2465 2466
f 2464 2466 2467
f 2464 2467 2460
f 2467 2459 2460
f 2467 2468 2459
f 2467 2466 2468
f 2466 2469 2468
f 2470 2469 2466
f 2470 2471 2469
f 2470 2472 2471
f 2470 2473 2472
f 2465 2473 2470
f 2474 2473 2465
f 2474 2475 2473
f 2474 2476 2475
f 2474 2465 2476
f 2476 2465 2450
f 2476 2450 2475
f 2475 2450 2449
f 2477 2475 2449
f 2477 2473 2475
f 2478 2473 2477
f 2478 2472 2473
f 2479 2472 2478
f 2479 2471 2472
f 2479 2480 2471
f 2479 2481 2480
f 2479 2482 2481
f 2479 2483 2482
f 2479 2449 2483
f 2479 2478 2449
f 2478 2477 2449
f 2483 2449 2482
f 2482 2449 2484
f 2481 2482 2484
f 2481 2484 2485
f 2481 2485 2480
f 2480 2485 2486
f 2480 2486 2471
f 2487 2471 2486
f 2487 2488 2471
f 2487 2469 2488
f 2487 2489 2469
f 2487 2490 2489
f 2491 2490 2487
f 2491 2486 2490
f 2491 2487 2486
f 2486 2485 2490
f 2490 2485 2492
f 2490 2492 2489
f 2492 2493 2489
f 2494 2493 2492
f 2494 2495 2493
f 2494 2485 2495
f 2496 2485 2494
f 2496 2492 2485
f 2496 2494 2492
f 2495 2485 2497
f 2495 2497 2498
f 2495 2498 2499
f 2495 2499 2493
f 2500 2493 2499
f 2500 2501 2493
f 2500 2502 2501
f 2500 2499 2502
f 2498 2502 2499
f 2498 2501 2502
f 2498 2503 2501
f 2498 2497 2503
f 2497 2449 2503
f 2504 2449 2497
f 2484 2449 2504
f 2484 2504 2485
f 2504 2497 2485
f 2449 2451 2503
f 2505 2503 2451
f 2506 2503 2505
f 2506 2507 2503
f 2506 2505 2507
f 2507 2505 2508
f 2507 2508 2509
f 2507 2509 2503
f 2509 2510 2503
f 2511 2510 2509
f 2512 2510 2511
f 2513 2510 2512
f 2513 2514 2510
f 2513 2515 2514
f 2513 2516 2515
f 2513 2517 2516
f 2513 2512 2517
f 2512 2508 2517
f 2512 2511 2508
f 2511 2509 2508
f 2518 2517 2508
f 2518 2516 2517
f 2519 2516 2518
f 2520 2516 2519
f 2520 2521 2516
f 2520 2522 2521
f 2523 2522 2520
f 2523 2524 2522
f 2523 2525 2524
f 2523 2526 2525
f 2523 2520 2526
f 2520 2519 2526
f 2519 2527 2526
f 2519 2518 2527
f 2518 2508 2527
f 2527 2508 2505
f 2527 2505 2451
f 2528 2527 2451
f 2529 2527 2528
f 2530 2527 2529
f 2531 2527 2530
f 2531 2532 2527
f 2533 2532 2531
f 2533 2534 2532
f 2535 2534 2533
f 2535 2536 2534
f 2535 2537 2536
f 2535 2538 2537
f 2535 2539 2538
f 2535 2533 2539
f 2533 2540 2539
f 2533 2541 2540
f 2533 2531 2541
f 2541 2531 2530
f 2541 2530 2542
f 2541 2542 2540
f 2540 2542 2543
f 2540 2543 2544
f 2545 2540 2544
f 2539 2540 2545
f 2539 2545 2538
f 2545 2546 2538
f 2547 2546 2545
f 2548 2546 2547
f 2548 2549 2546
f 2548 2514 2549
f 2548 2550 2514
f 2548 2547 2550
f 2547 2551 2550
f 2547 2544 2551
f 2547 2545 2544
f 2551 2544 2543
f 2551 2543 2552
f 2553 2551 2552
f 2553 2514 2551
f 2553 2554 2514
f 2555 2554 2553
f 2555 2556 2554
f 2555 2553 2556
f 2553 2557 2556
f 2553 2558 2557
f 2553 2552 2558
f 2552 2559 2558
f 2552 2542 2559
f 2552 2543 2542
f 2529 2559 2542
f 2560 2559 2529
f 2457 2559 2560
f 2457 2558 2559
f 2457 2458 2558
f 2458 2459 2558
f 2459 2468 2558
f 2561 2558 2468
f 2557 2558 2561
f 2556 2557 2561
f 2562 2556 2561
f 2562 2563 2556
f 2562 2564 2563
f 2562 2565 2564
f 2562 2468 2565
f 2562 2561 2468
f 2565 2468 2469
f 2565 2469 2566
f 2565 2566 2564
f 2564 2566 2489
f 2567 2564 2489
f 2567 2563 2564
f 2567 2489 2563
f 2563 2489 2554
f 2568 2563 2554
f 2556 2563 2568
f 2556 2568 2554
f 2493 2554 2489
f 2514 2554 2493
f 2514 2493 2510
f 2493 2501 2510
f 2501 2503 2510
f 2566 2469 2489
f 2457 2560 2455
f 2560 2451 2455
f 2560 2529 2451
f 2529 2528 2451
f 2530 2529 2542
f 2551 2514 2550
f 2569 2549 2514
f 2570 2549 2569
f 2570 2546 2549
f 2570 2571 2546
f 2570 2572 2571
f 2570 2569 2572
f 2573 2572 2569
f 2573 2574 2572
f 2573 2514 2574
f 2573 2569 2514
f 2575 2574 2514
f 2575 2572 2574
f 2576 2572 2575
f 2576 2577 2572
f 2576 2578 2577
f 2576 2579 2578
f 2576 2580 2579
f 2576 2575 2580
f 2575 2581 2580
f 2575 2514 2581
f 2582 2581 2514
f 2580 2581 2582
f 2580 2582 2583
f 2580 2583 2579
f 2579 2583 2584
f 2579 2584 2578
f 2585 2578 2584
f 2586 2578 2585
f 2586 2587 2578
f 2586 2588 2587
f 2589 2588 2586
f 2589 2590 2588
f 2589 2591 2590
f 2589 2592 2591
f 2589 2585 2592
f 2589 2586 2585
f 2592 2585 2593
f 2594 2592 2593
f 2594 2595 2592
f 2594 2596 2595
f 2594 2524 2596
f 2594 2597 2524
f 2594 2593 2597
f 2597 2593 2598
f 2522 2597 2598
f 2522 2524 2597
f 2522 2598 2521
f 2599 2521 2598
f 2600 2521 2599
f 2600 2516 2521
f 2600 2601 2516
f 2600 2599 2601
f 2582 2601 2599
f 2582 2514 2601
f 2514 2515 2601
f 2515 2516 2601
f 2582 2599 2598
f 2582 2598 2602
f 2582 2602 2584
f 2582 2584 2583
f 2602 2598 2584
f 2584 2598 2593
f 2585 2584 2593
f 2525 2596 2524
f 2525 2527 2596
f 2525 2526 2527
f 2595 2596 2527
f 2595 2527 2591
f 2595 2591 2592
f 2590 2591 2527
f 2590 2527 2603
f 2590 2603 2588
f 2536 2588 2603
f 2536 2587 2588
f 2536 2537 2587
f 2537 2538 2587
f 2587 2538 2578
f 2577 2578 2538
f 2571 2577 2538
f 2571 2572 2577
f 2546 2571 2538
f 2536 2603 2534
f 2603 2604 2534
f 2603 2527 2604
f 2532 2604 2527
f 2532 2534 2604
f 2488 2469 2471
f 2465 2470 2466

o geometry_31
v 0.00998202 0.01031744 0.01477493
v 0.00646507 0.01031744 0.01779828
v 0.00997467 0.00015637 0.01471096
v 0.00903312 0.00015637 0.01549842
v 0.00541794 0.00015637 0.01822264
v 0.00620847 0.00015637 0.01765574
v 0.00582691 0.01031744 0.01824687
v 0.00432336 0.01031744 0.01915223
v 0.00378142 0.01031744 0.01937755
v 0.00412222 0.00015637 0.01893428
v 0.00378142 0.00015637 0.01906696
v 0.00378142 0.01031744 -0.00096451
v 0.00378142 0.00751564 -0.00031109
v 0.00378142 0.00015637 0.01463859
v 0.00439086 0.00015637 0.00552510
v 0.00378142 0.00446460 0.00516003
v 0.00441759 0.00470240 -0.00154828
v 0.00469491 0.00313077 -0.00154828
v 0.00415630 0.00796990 -0.00154828
v 0.00378142 0.00859033 -0.00089691
v 0.00378142 0.01004229 -0.00096860
v 0.00444699 0.00945541 -0.00154828
v 0.00771201 0.01031744 -0.00154828
v 0.00531904 0.01031744 -0.00154828
v 0.00395116 0.01031744 -0.00104029
v 0.00456928 0.00971303 -0.00154828
v 0.01051461 0.01031744 0.00203221
v 0.01016846 0.01031744 0.00033209
v 0.00933182 0.01031744 -0.00067774
v 0.00780356 0.01020083 -0.00154828
v 0.00843304 0.00892111 -0.00154828
v 0.00855132 0.00844170 -0.00154828
v 0.00859542 0.00517496 -0.00154828
v 0.00858674 0.00679537 -0.00154828
v 0.00843839 0.00374281 -0.00154828
v 0.01022593 0.01018025 0.00053283
v 0.01016245 0.00847447 0.00103877
v 0.01017982 0.00015637 0.00440163
v 0.01053466 0.00015637 0.00552510
v 0.01051728 0.00847447 0.00222476
v 0.01023996 0.01031744 0.00053488
v 0.01053065 0.01012461 0.00222476
v 0.01060349 0.00682433 0.00387572
v 0.01060616 0.00847447 0.00387572
v 0.01059613 0.01031744 0.00552463
v 0.01058678 0.01031744 0.01047342
v 0.01060683 0.01031744 0.00717559
v 0.01060081 0.01012461 0.00552463
v 0.01060749 0.01012461 0.00882451
v 0.01060683 0.01031744 0.00882451
v 0.01058878 0.00015637 0.01047385
v 0.01060683 0.00015637 0.00882484
v 0.01060683 0.00015637 0.00717583
v 0.01058678 0.00253169 0.00552463
v 0.01049122 0.00015637 0.01212286
v 0.01023261 0.00015637 0.01377359
v 0.01025734 0.01031744 0.01377329
v 0.01050125 0.01031744 0.01212438
v 0.00566385 0.00015637 0.00294733
v 0.00778017 0.00015637 0.00317134
v 0.00907188 0.00015637 0.00367965
v 0.00708854 0.00260638 -0.00154828
v 0.00691547 0.00015637 0.00296973
v 0.00577211 0.00253855 -0.00154828
v 0.00495953 0.00015637 0.00303349
v 0.00507313 0.00269556 -0.00154828
v 0.00482187 0.00292422 -0.00154828
v 0.00470025 0.00015637 0.00372101
v 0.00781225 0.00294251 -0.00154828
v 0.00827467 0.00335638 -0.00154828
f 2606 2607 2605
f 2608 2607 2606
f 2608 2609 2607
f 2610 2609 2608
f 2610 2606 2609
f 2610 2608 2606
f 2611 2609 2606
f 2611 2612 2609
f 2611 2606 2612
f 2612 2606 2613
f 2612 2613 2614
f 2612 2614 2609
f 2614 2615 2609
f 2614 2613 2615
f 2616 2615 2613
f 2617 2615 2616
f 2618 2615 2617
f 2618 2619 2615
f 2620 2619 2618
f 2620 2617 2619
f 2620 2618 2617
f 2621 2619 2617
f 2621 2622 2619
f 2621 2623 2622
f 2621 2624 2623
f 2621 2617 2624
f 2624 2617 2616
f 2625 2624 2616
f 2625 2623 2624
f 2625 2616 2623
f 2623 2616 2626
f 2623 2626 2622
f 2626 2627 2622
f 2628 2627 2626
f 2628 2616 2627
f 2629 2616 2628
f 2629 2630 2616
f 2629 2628 2630
f 2630 2628 2626
f 2630 2626 2616
f 2627 2616 2631
f 2632 2627 2631
f 2633 2627 2632
f 2634 2627 2633
f 2634 2635 2627
f 2634 2633 2635
f 2636 2635 2633
f 2636 2637 2635
f 2638 2637 2636
f 2638 2633 2637
f 2638 2636 2633
f 2633 2632 2637
f 2632 2639 2637
f 2640 2639 2632
f 2640 2641 2639
f 2640 2642 2641
f 2640 2643 2642
f 2640 2644 2643
f 2640 2645 2644
f 2640 2632 2645
f 2645 2632 2631
f 2645 2631 2644
f 2646 2644 2631
f 2646 2647 2644
f 2646 2648 2647
f 2646 2649 2648
f 2646 2631 2649
f 2649 2631 2650
f 2651 2649 2650
f 2651 2652 2649
f 2651 2648 2652
f 2651 2653 2648
f 2654 2653 2651
f 2654 2650 2653
f 2654 2651 2650
f 2653 2650 2655
f 2656 2653 2655
f 2657 2653 2656
f 2657 2648 2653
f 2657 2647 2648
f 2657 2658 2647
f 2657 2643 2658
f 2657 2656 2643
f 2656 2655 2643
f 2643 2655 2642
f 2655 2607 2642
f 2659 2607 2655
f 2660 2607 2659
f 2660 2605 2607
f 2661 2605 2660
f 2661 2662 2605
f 2661 2659 2662
f 2661 2660 2659
f 2662 2659 2655
f 2662 2655 2650
f 2662 2650 2605
f 2650 2631 2605
f 2605 2631 2613
f 2606 2605 2613
f 2616 2613 2631
f 2642 2607 2615
f 2619 2642 2615
f 2663 2642 2619
f 2664 2642 2663
f 2665 2642 2664
f 2665 2666 2642
f 2665 2664 2666
f 2667 2666 2664
f 2667 2668 2666
f 2667 2663 2668
f 2667 2664 2663
f 2669 2668 2663
f 2670 2668 2669
f 2670 2622 2668
f 2671 2622 2670
f 2671 2672 2622
f 2671 2669 2672
f 2671 2670 2669
f 2672 2669 2619
f 2672 2619 2622
f 2669 2663 2619
f 2622 2635 2668
f 2627 2635 2622
f 2639 2668 2635
f 2666 2668 2639
f 2673 2666 2639
f 2673 2642 2666
f 2674 2642 2673
f 2674 2639 2642
f 2674 2673 2639
f 2641 2642 2639
f 2637 2639 2635
f 2609 2615 2607
f 2658 2643 2647
f 2644 2647 2643
f 2649 2652 2648

