# Blender 5.0.1
# www.blender.org
mtllib materials.mtl
o index_distal
v 0.000000 -0.003500 0.001000
v -0.000121 -0.003500 0.000993
v 0.000000 -0.003500 -0.000000
v 0.000993 -0.003500 0.000121
v 0.000799 -0.003500 0.000601
v 0.000392 -0.003500 0.000920
v 0.000121 -0.003500 -0.000993
v 0.000601 -0.003500 -0.000799
v 0.000920 -0.003500 -0.000392
v -0.000993 -0.003500 -0.000121
v -0.000799 -0.003500 -0.000601
v -0.000392 -0.003500 -0.000920
v -0.000601 -0.003500 0.000799
v -0.000920 -0.003500 0.000392
v 0.001000 -0.004900 0.000002
v 0.000993 -0.004900 0.000121
v 0.000799 -0.004900 0.000601
v 0.000392 -0.004900 0.000920
v -0.000121 -0.004900 0.000993
v -0.000601 -0.004900 0.000799
v -0.000920 -0.004900 0.000392
v -0.000993 -0.004900 -0.000121
v -0.000799 -0.004900 -0.000601
v -0.000392 -0.004900 -0.000920
v 0.000121 -0.004900 -0.000993
v 0.000601 -0.004900 -0.000799
v 0.000920 -0.004900 -0.000392
v -0.003078 0.002700 0.003041
v 0.016602 0.002700 0.022815
v -0.003629 0.002623 0.003034
v 0.016247 0.002566 0.023168
v -0.004299 0.002203 0.003039
v -0.004212 0.002298 0.003038
v 0.015988 0.002200 0.023426
v -0.003940 0.002495 0.003034
v -0.003788 0.002567 0.003034
v -0.004411 0.002027 0.003042
v 0.015893 0.001700 0.023521
v -0.004486 0.001700 0.003044
v 0.015934 -0.002700 0.021081
v 0.016602 -0.002700 0.022815
v 0.017596 -0.002700 0.019427
v 0.017629 -0.002700 0.021793
v -0.001972 -0.002700 0.003090
v -0.002524 -0.002700 0.003060
v -0.003078 -0.002700 0.003041
v 0.019773 -0.002700 0.027419
v 0.020772 -0.002700 0.026425
v 0.016528 -0.002700 0.024159
v 0.017668 -0.002700 0.023306
v 0.018264 -0.002700 0.022430
v 0.019844 -0.002700 0.021140
v 0.018700 -0.002700 0.020310
v -0.004486 -0.001700 0.003044
v 0.015893 -0.001700 0.023521
v 0.015947 -0.002083 0.023467
v -0.004411 -0.002027 0.003042
v 0.016100 -0.002407 0.023314
v -0.004083 -0.002406 0.003036
v 0.016330 -0.002624 0.023085
v -0.003629 -0.002623 0.003034
v 0.019773 0.002700 0.027419
v 0.016528 -0.001700 0.024159
v 0.016528 0.002700 0.024159
v 0.016528 0.001700 0.024159
v 0.017629 0.002700 0.021793
v 0.015934 0.002700 0.021081
v 0.021112 0.002700 0.026086
v 0.018008 0.002700 0.022967
v 0.018264 0.002700 0.022430
v -0.001972 0.002700 0.003090
v -0.002525 0.002700 0.003060
v 0.017596 0.002700 0.019427
v 0.018700 0.002700 0.020310
v 0.019844 0.002700 0.021140
v 0.015937 0.001777 0.019671
v 0.015937 0.002124 0.019801
v -0.001449 0.002139 0.002341
v -0.001571 0.002665 0.003118
v 0.015936 0.002414 0.020091
v 0.015936 0.002511 0.020253
v 0.015935 0.002627 0.020550
v -0.001100 0.002523 0.003160
v -0.001236 0.002417 0.002841
v -0.001388 0.002241 0.002484
v 0.015937 0.001700 0.019667
v -0.001538 0.001884 0.002132
v -0.001556 0.001700 0.002090
v 0.015937 -0.001700 0.019667
v -0.001556 -0.001700 0.002090
v -0.001556 -0.001722 0.002091
v -0.001532 -0.001912 0.002146
v 0.015937 -0.002025 0.019744
v -0.001435 -0.002165 0.002374
v -0.001231 -0.002422 0.002852
v 0.015937 -0.002360 0.020019
v -0.001100 -0.002523 0.003160
v 0.015936 -0.002529 0.020291
v -0.001222 -0.002572 0.003148
v -0.001470 -0.002644 0.003127
v 0.015935 -0.002626 0.020549
v 0.000000 0.003500 0.001000
v 0.000392 0.003500 0.000920
v 0.000000 0.003500 0.000000
v -0.000920 0.003500 0.000392
v -0.000601 0.003500 0.000799
v -0.000121 0.003500 0.000993
v -0.000392 0.003500 -0.000920
v -0.000799 0.003500 -0.000601
v -0.000993 0.003500 -0.000121
v 0.000920 0.003500 -0.000392
v 0.000601 0.003500 -0.000799
v 0.000121 0.003500 -0.000993
v 0.000799 0.003500 0.000601
v 0.000993 0.003500 0.000121
v -0.000799 0.004900 -0.000601
v -0.000392 0.004900 -0.000920
v 0.000121 0.004900 -0.000993
v 0.000601 0.004900 -0.000799
v 0.000920 0.004900 -0.000392
v 0.000993 0.004900 0.000121
v 0.000799 0.004900 0.000601
v 0.000392 0.004900 0.000920
v -0.000121 0.004900 0.000993
v -0.000601 0.004900 0.000799
v -0.000920 0.004900 0.000392
v -0.001000 0.004900 -0.000002
v -0.000993 0.004900 -0.000121
v 0.004176 0.004900 0.004233
v 0.002081 0.004900 -0.000857
v -0.001311 0.004900 -0.001829
v -0.001976 0.004900 -0.001076
v -0.002247 0.004900 -0.000108
v 0.001500 0.004900 -0.001677
v 0.000620 0.004900 -0.002163
v -0.000383 0.004900 -0.002217
v 0.002743 0.004900 0.003826
v -0.000397 0.004900 0.003238
v -0.001100 0.004900 0.003160
v -0.002070 0.004900 0.000881
v 0.004176 0.003500 0.004233
v 0.002081 0.003500 -0.000857
v 0.005813 0.003500 0.004809
v 0.007755 0.003500 0.005655
v 0.007291 0.003500 0.004371
v 0.006537 0.003500 0.000208
v 0.000841 0.003500 -0.002087
v 0.001500 0.003500 -0.001677
v 0.007880 0.003500 0.003560
v 0.008102 0.003500 0.002584
v 0.007373 0.003500 0.000761
v 0.007924 0.003500 0.001598
v 0.002081 -0.004900 -0.000857
v 0.001500 -0.004900 -0.001677
v 0.002081 -0.003500 -0.000857
v 0.001500 -0.003500 -0.001677
v 0.000841 -0.003500 -0.002087
v 0.000620 -0.004900 -0.002163
v -0.000383 -0.004900 -0.002217
v -0.001311 -0.004900 -0.001829
v -0.001976 -0.004900 -0.001076
v -0.002247 -0.004900 -0.000108
v -0.002070 -0.004900 0.000881
v -0.001100 -0.004900 0.003160
v 0.004176 -0.004900 0.004233
v 0.002743 -0.004900 0.003826
v -0.000397 -0.004900 0.003238
v 0.004176 -0.003500 0.004233
v 0.006537 -0.003500 0.000208
v 0.007755 -0.003500 0.005655
v 0.005813 -0.003500 0.004809
v 0.007291 -0.003500 0.004371
v 0.007880 -0.003500 0.003560
v 0.007373 -0.003500 0.000761
v 0.007924 -0.003500 0.001598
v 0.008102 -0.003500 0.002584
v 0.000033 0.006656 0.003295
v -0.000084 0.007497 0.004127
v 0.002359 0.007497 0.004597
v 0.002743 0.006656 0.003826
v 0.004743 0.007497 0.005308
v 0.005022 0.006656 0.004515
v 0.007134 0.007497 0.017751
v 0.008274 0.007497 0.019280
v 0.010020 0.007497 0.018344
v 0.012683 0.007497 0.023613
v 0.013211 0.007497 0.022971
v 0.012041 0.007497 0.023097
v 0.010682 0.007497 0.021901
v 0.010359 0.007497 0.018824
v 0.009399 0.007497 0.020598
v 0.011541 0.007497 0.020256
v 0.011987 0.007497 0.020724
v 0.013739 0.007497 0.022329
v 0.009045 0.007497 0.016743
v 0.008778 0.007497 0.016237
v 0.005953 0.007497 0.015966
v 0.007969 0.007497 0.014532
v 0.004662 0.007497 0.013795
v 0.007317 0.007497 0.012981
v 0.003231 0.007497 0.011142
v 0.006186 0.007497 0.009915
v 0.001702 0.007497 0.008051
v 0.005684 0.007497 0.008398
v 0.013412 -0.006693 0.017846
v 0.014123 -0.006693 0.018618
v 0.013615 -0.007044 0.019119
v 0.008478 -0.007292 0.011689
v 0.007655 -0.007292 0.009413
v 0.008350 -0.007044 0.009176
v 0.011996 -0.001497 0.008361
v 0.013205 -0.001497 0.011524
v 0.012583 -0.002263 0.010112
v 0.014475 -0.006850 0.019364
v 0.014659 -0.006971 0.019876
v 0.012532 -0.007448 0.020186
v 0.014404 -0.007405 0.021520
v 0.013739 -0.007497 0.022329
v 0.013093 -0.007292 0.019634
v 0.014725 -0.007292 0.021129
v 0.014359 -0.006746 0.018983
v 0.014152 -0.006443 0.018078
v 0.014099 -0.006314 0.017753
v 0.013905 -0.006259 0.017423
v 0.014079 -0.006257 0.017618
v 0.014001 -0.005896 0.016866
v 0.014050 -0.003295 0.013965
v 0.014016 -0.003912 0.014381
v 0.013917 -0.003783 0.014090
v 0.013982 -0.004560 0.014976
v 0.013609 -0.004497 0.014258
v 0.013963 -0.005160 0.015693
v 0.013227 -0.005147 0.014466
v 0.012771 -0.005739 0.014714
v 0.013269 -0.003050 0.012187
v 0.013411 -0.002263 0.012124
v 0.014093 -0.002126 0.013525
v 0.012438 -0.003050 0.010168
v 0.011791 -0.002859 0.008247
v 0.011944 -0.002186 0.008332
v 0.011109 -0.004274 0.007872
v 0.011218 -0.004105 0.007931
v 0.011103 -0.004497 0.008236
v 0.011435 -0.003783 0.008123
v 0.011477 -0.003644 0.008073
v 0.011523 -0.003550 0.008098
v 0.010201 -0.005739 0.008544
v 0.009614 -0.005846 0.007117
v 0.010261 -0.005286 0.007431
v 0.006028 -0.007390 0.005694
v 0.006645 -0.007264 0.005902
v 0.007054 -0.007151 0.006048
v 0.007968 -0.006815 0.006398
v 0.004743 -0.007497 0.005308
v 0.005699 -0.007438 0.005589
v 0.005684 -0.007497 0.008398
v 0.006910 -0.007448 0.009668
v 0.011849 -0.005739 0.012815
v 0.011474 -0.005147 0.010538
v 0.012324 -0.005147 0.012605
v 0.011879 -0.004497 0.010383
v 0.012721 -0.004497 0.012429
v 0.012207 -0.003783 0.010257
v 0.013042 -0.003783 0.012287
v 0.014099 -0.001497 0.013465
v 0.011753 -0.002979 0.008226
v 0.013300 -0.006259 0.016661
v 0.013777 -0.005739 0.016310
v 0.013965 -0.005385 0.016012
v 0.007743 -0.007448 0.011971
v 0.008669 -0.007448 0.014222
v 0.010020 -0.007497 0.018344
v 0.009045 -0.007497 0.016743
v 0.009718 -0.007448 0.016377
v 0.008778 -0.007497 0.016237
v 0.007969 -0.007497 0.014532
v 0.007317 -0.007497 0.012981
v 0.006186 -0.007497 0.009915
v 0.011541 -0.007497 0.020256
v 0.010359 -0.007497 0.018824
v 0.010976 -0.007448 0.018370
v 0.010314 -0.007448 0.017396
v 0.010980 -0.007292 0.016976
v 0.010409 -0.007292 0.016000
v 0.011053 -0.007044 0.015650
v 0.009389 -0.007292 0.013903
v 0.010060 -0.007044 0.013607
v 0.009163 -0.007044 0.011426
v 0.009829 -0.006693 0.011170
v 0.009025 -0.006693 0.008946
v 0.009640 -0.006259 0.008736
v 0.008821 -0.006380 0.006756
v 0.009473 -0.005952 0.007051
v 0.014078 -0.002654 0.013669
v 0.012314 -0.007292 0.018788
v 0.012870 -0.007044 0.018311
v 0.012201 -0.007044 0.017469
v 0.012776 -0.006693 0.017046
v 0.012204 -0.006693 0.016206
v 0.012754 -0.006259 0.015860
v 0.012251 -0.006259 0.014998
v 0.011307 -0.006259 0.013055
v 0.010989 -0.005739 0.010725
v 0.010693 -0.005147 0.008377
v 0.010823 -0.004665 0.007719
v 0.011987 -0.007497 0.020724
v 0.011716 -0.007448 0.019301
v 0.011610 -0.007292 0.017904
v 0.011601 -0.007044 0.016586
v 0.011680 -0.006693 0.015308
v 0.010712 -0.006693 0.013318
v 0.010435 -0.006259 0.010937
v 0.015048 -0.007132 0.020736
v 0.014099 0.001497 0.013465
v 0.013205 0.001497 0.011524
v 0.011996 0.001497 0.008361
v 0.011667 -0.001497 0.007937
v 0.011667 0.001497 0.007937
v 0.005022 -0.006656 0.004515
v 0.005941 -0.006600 0.004859
v 0.006194 -0.006565 0.004961
v 0.006844 -0.006435 0.005235
v 0.007727 -0.006164 0.005642
v 0.008434 -0.005861 0.005995
v 0.008889 -0.005618 0.006235
v 0.009245 -0.005398 0.006431
v 0.009974 -0.004846 0.006853
v 0.010111 -0.004723 0.006936
v 0.010665 -0.004137 0.007279
v 0.010960 -0.003740 0.007469
v 0.011104 -0.003512 0.007563
v 0.011290 -0.003157 0.007687
v 0.011518 -0.002549 0.007838
v 0.011617 -0.002110 0.007904
v -0.000084 -0.007497 0.004127
v -0.000300 -0.007494 0.004112
v 0.000033 -0.006656 0.003295
v -0.000398 -0.006644 0.003238
v -0.003510 -0.006625 0.004053
v -0.003563 -0.006595 0.004054
v -0.003132 -0.005883 0.003040
v -0.000372 -0.007491 0.004107
v -0.000511 -0.007485 0.004098
v -0.000839 -0.006604 0.003187
v -0.001417 -0.007377 0.004055
v -0.001686 -0.006447 0.003109
v -0.002293 -0.007157 0.004038
v -0.002260 -0.006273 0.003073
v -0.003190 -0.006794 0.004044
v -0.003009 -0.005949 0.003043
v -0.003405 -0.006683 0.004050
v -0.003458 -0.006654 0.004051
v -0.004404 -0.006011 0.004091
v -0.003919 -0.005363 0.003034
v -0.004357 -0.006049 0.004088
v -0.003697 -0.005530 0.003034
v -0.004263 -0.006124 0.004083
v -0.004215 -0.006161 0.004081
v -0.003667 -0.006533 0.004058
v -0.003718 -0.006502 0.004059
v -0.003769 -0.006470 0.004061
v -0.003820 -0.006437 0.004063
v -0.003921 -0.006371 0.004067
v -0.003971 -0.006337 0.004069
v -0.004020 -0.006303 0.004072
v -0.004118 -0.006233 0.004076
v -0.004167 -0.006197 0.004079
v -0.005056 -0.005385 0.004133
v -0.005136 -0.005295 0.004139
v -0.004493 -0.004836 0.003044
v -0.005175 -0.005249 0.004143
v -0.005213 -0.005203 0.004146
v -0.005363 -0.005014 0.004158
v -0.004976 -0.004238 0.003061
v -0.005326 -0.005062 0.004155
v -0.005251 -0.005156 0.004149
v -0.004450 -0.005972 0.004094
v -0.004496 -0.005933 0.004096
v -0.004034 -0.005270 0.003035
v -0.004587 -0.005854 0.004102
v -0.004632 -0.005813 0.004104
v -0.004676 -0.005772 0.004107
v -0.004764 -0.005689 0.004113
v -0.004807 -0.005647 0.004116
v -0.004849 -0.005605 0.004119
v -0.004892 -0.005562 0.004122
v -0.004975 -0.005474 0.004128
v -0.005016 -0.005430 0.004130
v -0.005399 -0.004966 0.004161
v -0.005571 -0.004721 0.004175
v -0.005170 -0.003934 0.003070
v -0.005766 -0.004408 0.004193
v -0.005360 -0.003578 0.003080
v -0.005981 -0.004001 0.004214
v -0.005501 -0.003253 0.003088
v -0.006285 -0.003226 0.004246
v -0.005721 -0.002535 0.003103
v -0.006430 -0.002664 0.004262
v -0.005766 -0.002309 0.003106
v -0.006528 -0.001993 0.004273
v -0.005836 -0.001497 0.003111
v -0.006539 -0.001845 0.004274
v -0.006549 -0.001497 0.004275
v 0.002359 -0.007497 0.004597
v 0.002743 -0.006656 0.003826
v 0.007150 -0.007497 0.017774
v 0.008280 -0.007497 0.019287
v 0.009407 -0.007497 0.020607
v 0.010695 -0.007497 0.021913
v 0.013211 -0.007497 0.022971
v 0.012051 -0.007497 0.023106
v 0.012683 -0.007497 0.023613
v 0.001731 -0.007497 0.008110
v 0.003261 -0.007497 0.011199
v 0.004670 -0.007497 0.013808
v 0.005957 -0.007497 0.015973
v 0.022561 -0.006604 0.034274
v 0.021972 -0.006494 0.034118
v 0.020221 -0.006860 0.032390
v 0.018300 -0.006311 0.032011
v 0.019624 -0.005907 0.033358
v 0.017207 -0.005072 0.032511
v 0.013333 -0.003930 0.030699
v 0.013219 -0.004475 0.030312
v 0.013963 -0.004996 0.030432
v 0.016335 -0.005533 0.031556
v 0.015471 -0.005894 0.030580
v 0.016974 -0.006588 0.030648
v 0.019263 -0.006613 0.032214
v 0.027339 -0.006260 0.035859
v 0.027953 -0.006276 0.035397
v 0.029099 -0.005783 0.036293
v 0.026777 -0.006639 0.034478
v 0.017472 -0.007420 0.024087
v 0.017752 -0.007431 0.024394
v 0.016906 -0.007496 0.024776
v 0.016858 -0.007497 0.024834
v 0.032216 -0.001703 0.038762
v 0.032248 -0.001514 0.038800
v 0.031917 -0.001511 0.039061
v 0.032327 -0.000864 0.038892
v 0.032364 -0.000000 0.038936
v 0.031137 -0.004169 0.037882
v 0.031474 -0.003891 0.037908
v 0.031528 -0.003583 0.038182
v 0.031683 -0.003472 0.038147
v 0.031855 -0.002937 0.038428
v 0.031951 -0.002773 0.038455
v 0.032155 -0.002012 0.038691
v 0.030184 -0.005110 0.037142
v 0.030670 -0.004958 0.037013
v 0.031101 -0.004470 0.037489
v 0.028477 -0.006285 0.034826
v 0.028988 -0.006086 0.035226
v 0.029793 -0.005646 0.036067
v 0.030477 -0.005136 0.036802
v 0.027268 -0.006649 0.033941
v 0.027156 -0.006731 0.033385
v 0.028273 -0.006383 0.034497
v 0.021641 -0.007418 0.028190
v 0.021687 -0.007416 0.028233
v 0.021311 -0.007422 0.029042
v 0.022045 -0.007400 0.028564
v 0.025805 -0.007019 0.032077
v 0.026039 -0.006917 0.033047
v 0.025583 -0.006907 0.033547
v 0.023815 -0.006779 0.034365
v 0.024453 -0.006845 0.034236
v 0.026632 -0.006213 0.036148
v 0.028444 -0.005767 0.036777
v 0.025055 -0.006895 0.033961
v 0.028684 -0.005055 0.037939
v 0.027826 -0.005001 0.038010
v 0.026880 -0.005664 0.037158
v 0.026073 -0.005590 0.037084
v 0.025126 -0.006071 0.036209
v 0.024404 -0.005978 0.036032
v 0.030405 -0.004154 0.038407
v 0.030778 -0.003570 0.038719
v 0.031087 -0.002926 0.038977
v 0.031328 -0.002234 0.039179
v 0.031499 -0.001508 0.039325
v 0.031600 -0.000759 0.039412
v 0.031632 -0.000000 0.039443
v 0.029142 -0.004629 0.038340
v 0.028643 -0.004079 0.038753
v 0.029551 -0.004123 0.038700
v 0.029901 -0.003543 0.039011
v 0.029234 -0.002873 0.039305
v 0.031502 0.000000 0.039505
v 0.030648 0.000000 0.039739
v 0.030637 -0.000754 0.039708
v 0.030414 -0.000000 0.039762
v 0.030556 -0.001496 0.039619
v 0.029562 -0.001480 0.039637
v 0.030406 -0.002217 0.039473
v 0.030187 -0.002904 0.039270
v 0.026968 -0.004934 0.037905
v 0.027739 -0.004023 0.038616
v 0.028289 -0.002833 0.039138
v 0.028582 -0.001460 0.039443
v 0.025300 -0.005501 0.036867
v 0.026147 -0.004853 0.037647
v 0.026875 -0.003956 0.038318
v 0.027387 -0.002785 0.038804
v 0.027649 -0.001435 0.039075
v 0.023712 -0.005869 0.035787
v 0.024559 -0.005397 0.036577
v 0.025359 -0.004758 0.037313
v 0.026042 -0.003876 0.037943
v 0.026515 -0.002728 0.038394
v 0.026745 -0.001406 0.038638
v 0.018093 -0.004438 0.033403
v 0.012243 -0.002642 0.030447
v 0.013478 -0.003343 0.031046
v 0.012195 -0.002178 0.030505
v 0.013658 -0.002694 0.031337
v 0.012181 -0.001986 0.030522
v 0.023157 -0.001243 0.036731
v 0.023039 -0.002416 0.036583
v 0.022712 -0.003440 0.036265
v 0.022203 -0.004238 0.035798
v 0.021595 -0.004830 0.035244
v 0.020949 -0.005280 0.034643
v 0.022846 -0.006224 0.034964
v 0.020288 -0.005630 0.034011
v 0.020803 -0.006230 0.033756
v 0.019508 -0.001010 0.034779
v 0.015805 -0.000705 0.032777
v 0.019468 -0.001967 0.034701
v 0.015804 -0.001382 0.032749
v 0.019270 -0.002814 0.034499
v 0.015717 -0.001998 0.032651
v 0.018936 -0.003493 0.034189
v 0.015556 -0.002521 0.032493
v 0.018528 -0.004018 0.033815
v 0.015356 -0.002959 0.032296
v 0.012136 -0.000331 0.030576
v 0.012138 -0.000667 0.030574
v 0.012143 -0.000994 0.030568
v 0.012151 -0.001325 0.030558
v 0.012172 -0.001829 0.030533
v 0.013332 -0.005859 0.029122
v 0.013794 -0.006458 0.028559
v 0.014622 -0.006193 0.029584
v 0.014101 -0.006759 0.028187
v 0.012896 -0.005061 0.029652
v 0.012899 -0.005067 0.029649
v 0.012896 -0.005059 0.029653
v 0.012902 -0.005072 0.029646
v 0.012893 -0.005054 0.029655
v 0.012907 -0.005080 0.029643
v 0.012894 -0.005047 0.029663
v 0.012922 -0.005098 0.029637
v 0.012901 -0.005033 0.029679
v 0.012966 -0.005137 0.029633
v 0.012943 -0.005009 0.029728
v 0.013111 -0.005223 0.029654
v 0.013138 -0.004982 0.029884
v 0.013092 -0.005456 0.029414
v 0.012992 -0.005263 0.029536
v 0.012944 -0.005164 0.029594
v 0.012920 -0.005113 0.029623
v 0.012909 -0.005088 0.029637
v 0.012903 -0.005076 0.029644
v 0.012900 -0.005069 0.029647
v 0.013308 -0.005821 0.029152
v 0.013620 -0.005425 0.029811
v 0.012652 -0.004448 0.029948
v 0.012672 -0.004503 0.029925
v 0.012780 -0.004788 0.029794
v 0.012837 -0.004927 0.029724
v 0.012867 -0.004995 0.029688
v 0.012882 -0.005029 0.029669
v 0.012889 -0.005046 0.029660
v 0.012897 -0.005063 0.029651
v 0.012487 -0.003908 0.030149
v 0.012438 -0.003716 0.030209
v 0.012255 -0.002734 0.030432
v 0.014333 -0.004521 0.031022
v 0.014724 -0.003982 0.031578
v 0.015144 -0.003339 0.032075
v 0.019192 -0.007473 0.025870
v 0.020113 -0.007466 0.026760
v 0.016535 -0.007497 0.025226
v 0.016213 -0.007497 0.025618
v 0.015891 -0.007496 0.026009
v 0.020747 -0.007416 0.029785
v 0.015759 -0.007495 0.026169
v 0.020402 -0.007414 0.030091
v 0.015731 -0.007493 0.026204
v 0.021203 -0.007053 0.032484
v 0.019222 -0.007249 0.030582
v 0.021723 -0.007130 0.032430
v 0.020019 -0.007373 0.030325
v 0.023863 -0.007258 0.030757
v 0.023553 -0.007255 0.031245
v 0.023171 -0.007247 0.031671
v 0.022734 -0.007240 0.032031
v 0.022242 -0.007193 0.032286
v 0.024167 -0.007243 0.030531
v 0.015653 -0.006790 0.029277
v 0.016701 -0.007208 0.028905
v 0.018462 -0.007077 0.030648
v 0.020703 -0.006963 0.032458
v 0.023175 -0.006698 0.034373
v 0.025879 -0.006150 0.036252
v 0.027686 -0.005724 0.037069
v 0.029491 -0.005093 0.037647
v 0.029973 -0.004665 0.038048
v 0.015571 -0.007476 0.026399
v 0.015420 -0.007449 0.026582
v 0.015254 -0.007408 0.026784
v 0.014994 -0.007319 0.027101
v 0.014345 -0.006956 0.027890
v 0.012135 0.000000 0.030577
v 0.013148 0.000000 0.031220
v 0.015715 -0.000000 0.032734
v 0.017322 -0.000000 0.033622
v 0.024827 0.000000 0.037665
v 0.027889 -0.000000 0.039236
v 0.028607 0.000000 0.039521
v 0.029136 -0.000000 0.039662
v 0.029617 -0.000000 0.039741
v 0.010477 0.000000 0.029450
v 0.010991 -0.004461 0.028822
v 0.009350 -0.004407 0.027667
v 0.009705 -0.005242 0.027235
v 0.010135 -0.005959 0.026712
v 0.010029 -0.005803 0.026841
v 0.009870 -0.005545 0.027034
v 0.009836 -0.005486 0.027076
v 0.011226 -0.007041 0.025385
v 0.010811 -0.006723 0.025890
v 0.012200 -0.007448 0.024201
v 0.011982 -0.007395 0.024465
v 0.011716 -0.007300 0.024790
v 0.015531 -0.007246 0.021583
v 0.016511 -0.007364 0.022956
v 0.016160 -0.007332 0.022500
v 0.009310 -0.004291 0.027715
v 0.010745 -0.003629 0.029123
v 0.009032 -0.003222 0.028053
v 0.010581 -0.002747 0.029322
v 0.008970 -0.002851 0.028129
v 0.008885 -0.001993 0.028233
v 0.010497 -0.001838 0.029425
v 0.008878 -0.001846 0.028241
v 0.008872 -0.001497 0.028249
v 0.008872 -0.000000 0.028249
v 0.010039 -0.007041 0.024408
v 0.008608 -0.005486 0.026064
v 0.008108 -0.004407 0.026643
v 0.007781 -0.003222 0.027021
v 0.007629 -0.001993 0.027197
v 0.007849 -0.001497 0.027413
v -0.005245 -0.001993 0.007244
v -0.005033 -0.003222 0.007150
v -0.004576 -0.004407 0.006947
v -0.002437 -0.006745 0.005999
v 0.010817 -0.007394 0.023507
v -0.000787 -0.007394 0.005268
v 0.000589 -0.007394 0.008276
v 0.002048 -0.007394 0.011251
v 0.003616 -0.007394 0.014184
v 0.005342 -0.007395 0.017062
v 0.006290 -0.007394 0.018468
v 0.007303 -0.007394 0.019829
v 0.008393 -0.007394 0.021131
v 0.009567 -0.007394 0.022359
v -0.002972 -0.006375 0.006237
v -0.003446 -0.005959 0.006447
v -0.003876 -0.005486 0.006637
v 0.006155 -0.001993 0.025843
v -0.001875 -0.007041 0.005750
v -0.001043 -0.006745 0.009047
v -0.000487 -0.007041 0.008785
v 0.000440 -0.006745 0.012071
v 0.000987 -0.007041 0.011792
v 0.002043 -0.006745 0.015069
v 0.002579 -0.007041 0.014768
v 0.004342 -0.007041 0.017707
v 0.006141 -0.001497 0.025858
v 0.005598 -0.001497 0.025313
v 0.004758 -0.001993 0.024381
v 0.004743 -0.001497 0.024395
v 0.003471 -0.001993 0.022846
v 0.003454 -0.001497 0.022857
v 0.002305 -0.001993 0.021280
v 0.002288 -0.001497 0.021292
v 0.001243 -0.001993 0.019704
v 0.001271 -0.001497 0.019785
v -0.005264 -0.001497 0.007253
v -0.003535 -0.001497 0.011008
v -0.003820 -0.001993 0.010359
v -0.002315 -0.001497 0.013477
v -0.002296 -0.001993 0.013467
v -0.001045 -0.001497 0.015878
v -0.000634 -0.001993 0.016576
v -0.000652 -0.001497 0.016586
v 0.006318 -0.003222 0.025677
v 0.004931 -0.003222 0.024226
v 0.003654 -0.003222 0.022702
v 0.002495 -0.003222 0.021146
v 0.001439 -0.003222 0.019578
v -0.000431 -0.003222 0.016462
v -0.002089 -0.003222 0.013362
v -0.003610 -0.003222 0.010260
v 0.006668 -0.004407 0.025320
v 0.005304 -0.004407 0.023893
v 0.004047 -0.004407 0.022393
v 0.002904 -0.004407 0.020857
v 0.001859 -0.004407 0.019307
v 0.000005 -0.004407 0.016216
v -0.001644 -0.004407 0.013134
v -0.003158 -0.004407 0.010046
v 0.007203 -0.005486 0.024773
v 0.005874 -0.005486 0.023383
v 0.004648 -0.005486 0.021920
v 0.003529 -0.005486 0.020416
v 0.002502 -0.005486 0.018892
v 0.000671 -0.005486 0.015841
v -0.000962 -0.005486 0.012787
v -0.002466 -0.005486 0.009720
v 0.008915 -0.005959 0.025708
v 0.007532 -0.005959 0.024437
v 0.006225 -0.005959 0.023069
v 0.005017 -0.005959 0.021629
v 0.003913 -0.005959 0.020145
v 0.002898 -0.005959 0.018637
v 0.009254 -0.006375 0.025316
v 0.007895 -0.006375 0.024067
v 0.006612 -0.006375 0.022724
v 0.005425 -0.006375 0.021308
v 0.004337 -0.006375 0.019846
v 0.003334 -0.006375 0.018357
v 0.001081 -0.005959 0.015611
v -0.000543 -0.005959 0.012573
v -0.002041 -0.005959 0.009519
v -0.001572 -0.006375 0.009297
v -0.000081 -0.006375 0.012337
v 0.001533 -0.006375 0.015356
v 0.003826 -0.006745 0.018039
v 0.004815 -0.006745 0.019508
v 0.005885 -0.006745 0.020946
v 0.007048 -0.006745 0.022333
v 0.008305 -0.006745 0.023648
v 0.009637 -0.006745 0.024873
v 0.008734 -0.007041 0.023209
v 0.007506 -0.007041 0.021924
v 0.006367 -0.007041 0.020566
v 0.005317 -0.007041 0.019154
v 0.007849 0.001497 0.027413
v 0.006141 0.001497 0.025858
v 0.005598 0.001497 0.025313
v 0.004743 0.001497 0.024395
v 0.003454 0.001497 0.022857
v 0.002288 0.001497 0.021292
v 0.001271 0.001497 0.019785
v -0.000652 0.001497 0.016586
v -0.001045 0.001497 0.015878
v -0.002315 0.001497 0.013477
v -0.003535 0.001497 0.011008
v -0.005264 0.001497 0.007253
v -0.006549 0.001497 0.004275
v 0.008872 0.001497 0.028249
v -0.000621 0.002150 0.016568
v 0.006166 0.002150 0.025832
v 0.002772 0.007490 0.010881
v 0.006026 0.007490 0.016621
v 0.006954 0.007490 0.017999
v 0.009000 0.007490 0.020589
v 0.011349 0.007490 0.022892
v 0.012499 0.007490 0.023836
v 0.010811 0.006723 0.025890
v 0.010957 0.006846 0.025712
v 0.009762 0.006847 0.024728
v 0.011077 0.006938 0.025566
v 0.010545 0.007301 0.023822
v 0.011716 0.007300 0.024790
v 0.012200 0.007448 0.024201
v 0.010257 0.006124 0.026564
v 0.009041 0.006124 0.025563
v 0.010029 0.005803 0.026841
v 0.008721 0.005672 0.025933
v 0.009870 0.005545 0.027034
v 0.008436 0.005169 0.026263
v 0.008181 0.004600 0.026558
v 0.009376 0.004479 0.027635
v 0.009310 0.004291 0.027715
v 0.007973 0.003999 0.026799
v 0.009124 0.003646 0.027941
v 0.007712 0.002822 0.027101
v 0.008970 0.002851 0.028129
v 0.007638 0.002150 0.027186
v 0.008878 0.001847 0.028241
v -0.004764 0.003999 0.007031
v -0.006216 0.003434 0.004238
v -0.005129 0.002822 0.007193
v -0.006437 0.002635 0.004262
v -0.005232 0.002150 0.007238
v -0.006540 0.001818 0.004274
v -0.005348 0.005033 0.004156
v -0.005502 0.004823 0.004169
v -0.004473 0.004600 0.006902
v -0.005927 0.004111 0.004209
v -0.006021 0.003916 0.004218
v -0.005186 0.005236 0.004143
v -0.005227 0.005185 0.004147
v -0.004117 0.005169 0.006744
v -0.005268 0.005135 0.004150
v -0.005309 0.005084 0.004153
v -0.004971 0.005479 0.004127
v -0.005015 0.005431 0.004130
v -0.004742 0.005710 0.004112
v -0.004789 0.005665 0.004115
v -0.003718 0.005672 0.006567
v -0.004881 0.005573 0.004121
v -0.004926 0.005526 0.004124
v -0.005058 0.005383 0.004134
v -0.005144 0.005285 0.004140
v -0.004599 0.005843 0.004102
v -0.004647 0.005799 0.004105
v -0.004695 0.005755 0.004108
v -0.003270 0.006124 0.006369
v -0.004301 0.006094 0.004085
v -0.004352 0.006054 0.004088
v -0.004402 0.006012 0.004091
v -0.004452 0.005971 0.004094
v -0.004551 0.005886 0.004100
v -0.003933 0.006363 0.004068
v -0.003987 0.006326 0.004070
v -0.004041 0.006289 0.004073
v -0.004093 0.006251 0.004075
v -0.003779 0.006464 0.004062
v -0.002262 0.006847 0.005922
v -0.003081 0.006847 0.004042
v -0.004146 0.006213 0.004078
v -0.004250 0.006134 0.004083
v -0.001776 0.007301 0.004045
v -0.001863 0.007280 0.004043
v -0.002469 0.007097 0.004037
v -0.003023 0.006874 0.004041
v -0.000987 0.007442 0.004072
v -0.000043 0.007490 0.004938
v -0.001168 0.007301 0.005437
v 0.004992 0.007301 0.017288
v 0.005949 0.007301 0.018708
v 0.003986 0.006847 0.017936
v 0.004971 0.006847 0.019399
v 0.001249 0.006124 0.015516
v 0.002210 0.006847 0.014976
v 0.003253 0.007301 0.014389
v 0.004325 0.007490 0.013785
v 0.001686 0.003999 0.019419
v 0.002995 0.004600 0.020793
v 0.001953 0.004600 0.019246
v 0.003314 0.005169 0.020568
v 0.002281 0.005169 0.019035
v 0.003670 0.005672 0.020317
v 0.002648 0.005672 0.018799
v 0.004070 0.006124 0.020034
v 0.003059 0.006124 0.018533
v 0.000822 0.005672 0.015756
v 0.000442 0.005169 0.015970
v 0.000102 0.004600 0.016162
v -0.000175 0.003999 0.016318
v -0.000523 0.002822 0.016513
v 0.004769 0.002150 0.024371
v 0.003483 0.002150 0.022837
v 0.004853 0.002822 0.024296
v 0.003571 0.002822 0.022767
v 0.005150 0.003999 0.024030
v 0.003885 0.003999 0.022521
v 0.005388 0.004600 0.023818
v 0.004135 0.004600 0.022324
v 0.005678 0.005169 0.023558
v 0.004441 0.005169 0.022082
v 0.006003 0.005672 0.023268
v 0.004784 0.005672 0.021813
v 0.006368 0.006124 0.022941
v 0.005168 0.006124 0.021510
v 0.007191 0.006847 0.022206
v 0.006035 0.006847 0.020828
v 0.008083 0.007301 0.021408
v 0.006975 0.007301 0.020087
v 0.007942 0.007490 0.019326
v 0.006244 0.002822 0.025752
v 0.006523 0.003999 0.025467
v 0.006746 0.004600 0.025240
v 0.007019 0.005169 0.024961
v 0.007324 0.005672 0.024650
v 0.007667 0.006124 0.024300
v 0.008438 0.006847 0.023512
v 0.009276 0.007301 0.022657
v 0.010136 0.007490 0.021778
v 0.002735 0.003999 0.020976
v 0.001351 0.002822 0.019635
v 0.002409 0.002822 0.021206
v 0.001256 0.002150 0.019695
v 0.002317 0.002150 0.021271
v -0.002283 0.002150 0.013460
v -0.003807 0.002150 0.010353
v -0.002183 0.002822 0.013409
v -0.003705 0.002822 0.010305
v -0.001828 0.003999 0.013228
v -0.003345 0.003999 0.010135
v -0.001544 0.004600 0.013083
v -0.003057 0.004600 0.009999
v -0.001197 0.005169 0.012906
v -0.002704 0.005169 0.009832
v -0.000808 0.005672 0.012708
v -0.002310 0.005672 0.009646
v -0.000372 0.006124 0.012486
v -0.001867 0.006124 0.009437
v 0.000610 0.006847 0.011984
v -0.000870 0.006847 0.008966
v 0.001677 0.007301 0.011440
v 0.000212 0.007301 0.008454
v 0.001325 0.007490 0.007929
v 0.015473 0.007459 0.026518
v 0.015731 0.007493 0.026204
v 0.015759 0.007495 0.026169
v 0.015891 0.007496 0.026009
v 0.016000 0.007497 0.025876
v 0.016213 0.007497 0.025618
v 0.016535 0.007497 0.025226
v 0.016858 0.007497 0.024834
v 0.017163 0.007478 0.024463
v 0.014404 0.007405 0.021520
v 0.017181 0.007475 0.024441
v 0.017274 0.007461 0.024327
v 0.015976 0.007311 0.022247
v 0.016798 0.007385 0.023309
v 0.017472 0.007420 0.024087
v 0.015856 0.007296 0.022076
v 0.015276 0.007193 0.021157
v 0.014725 0.007292 0.021129
v 0.015048 0.007132 0.020736
v 0.013807 0.006472 0.028544
v 0.014154 0.006805 0.028122
v 0.014345 0.006956 0.027890
v 0.014881 0.007271 0.027238
v 0.015254 0.007408 0.026784
v 0.012920 0.005113 0.029623
v 0.012944 0.005164 0.029594
v 0.012897 0.005063 0.029651
v 0.012903 0.005076 0.029644
v 0.012909 0.005088 0.029637
v 0.012992 0.005263 0.029536
v 0.013092 0.005456 0.029414
v 0.013308 0.005821 0.029152
v 0.013357 0.005896 0.029092
v 0.013553 0.006169 0.028854
v 0.013794 0.006458 0.028559
v 0.012780 0.004788 0.029794
v 0.012832 0.004915 0.029730
v 0.011001 0.004461 0.028829
v 0.012837 0.004927 0.029724
v 0.012867 0.004995 0.029688
v 0.012882 0.005029 0.029669
v 0.012889 0.005046 0.029660
v 0.012893 0.005054 0.029655
v 0.010755 0.003629 0.029129
v 0.012396 0.003534 0.030261
v 0.012487 0.003908 0.030149
v 0.012672 0.004503 0.029925
v 0.010590 0.002748 0.029329
v 0.012255 0.002735 0.030432
v 0.012344 0.003285 0.030323
v 0.012151 0.001325 0.030558
v 0.012177 0.001930 0.030526
v 0.010507 0.001838 0.029432
v 0.012181 0.001986 0.030522
v 0.012243 0.002642 0.030447
v 0.012136 0.000331 0.030576
v 0.012138 0.000663 0.030574
v 0.012143 0.000994 0.030568
v 0.020703 0.006963 0.032458
v 0.021203 0.007053 0.032484
v 0.019222 0.007249 0.030582
v 0.013333 0.003930 0.030699
v 0.013111 0.005223 0.029654
v 0.013138 0.004982 0.029884
v 0.013620 0.005425 0.029811
v 0.023815 0.006779 0.034365
v 0.023175 0.006698 0.034373
v 0.025126 0.006071 0.036209
v 0.025055 0.006895 0.033961
v 0.024453 0.006845 0.034236
v 0.026632 0.006213 0.036148
v 0.028988 0.006086 0.035226
v 0.028477 0.006285 0.034826
v 0.027953 0.006276 0.035397
v 0.021687 0.007416 0.028233
v 0.021641 0.007418 0.028190
v 0.021311 0.007422 0.029042
v 0.017752 0.007431 0.024394
v 0.019192 0.007473 0.025870
v 0.022045 0.007400 0.028564
v 0.023863 0.007258 0.030757
v 0.024167 0.007243 0.030531
v 0.029793 0.005646 0.036067
v 0.029099 0.005783 0.036293
v 0.030477 0.005136 0.036802
v 0.030184 0.005110 0.037142
v 0.030670 0.004958 0.037013
v 0.031137 0.004169 0.037882
v 0.031683 0.003472 0.038147
v 0.031474 0.003891 0.037908
v 0.031101 0.004470 0.037489
v 0.031528 0.003583 0.038182
v 0.031855 0.002937 0.038428
v 0.031951 0.002773 0.038455
v 0.032155 0.002012 0.038691
v 0.032248 0.001514 0.038800
v 0.031917 0.001511 0.039061
v 0.032327 0.000864 0.038892
v 0.026777 0.006639 0.034478
v 0.027268 0.006649 0.033941
v 0.026039 0.006917 0.033047
v 0.028273 0.006383 0.034497
v 0.026880 0.005664 0.037158
v 0.025879 0.006150 0.036252
v 0.025583 0.006907 0.033547
v 0.027339 0.006260 0.035859
v 0.027686 0.005724 0.037069
v 0.027826 0.005001 0.038010
v 0.021972 0.006494 0.034118
v 0.022846 0.006224 0.034964
v 0.022561 0.006604 0.034274
v 0.024404 0.005978 0.036032
v 0.031499 0.001508 0.039325
v 0.032216 0.001703 0.038762
v 0.031328 0.002234 0.039179
v 0.031087 0.002926 0.038977
v 0.030778 0.003570 0.038719
v 0.030405 0.004154 0.038407
v 0.029973 0.004665 0.038048
v 0.029491 0.005093 0.037647
v 0.031600 0.000759 0.039412
v 0.028444 0.005767 0.036777
v 0.028684 0.005055 0.037939
v 0.029142 0.004629 0.038340
v 0.028643 0.004079 0.038753
v 0.029551 0.004123 0.038700
v 0.029901 0.003543 0.039011
v 0.029234 0.002873 0.039305
v 0.030187 0.002904 0.039270
v 0.030406 0.002217 0.039473
v 0.029562 0.001480 0.039637
v 0.030556 0.001496 0.039619
v 0.030637 0.000754 0.039708
v 0.025300 0.005501 0.036867
v 0.026073 0.005590 0.037084
v 0.026147 0.004854 0.037647
v 0.026968 0.004934 0.037905
v 0.026875 0.003956 0.038318
v 0.027739 0.004023 0.038616
v 0.027387 0.002785 0.038804
v 0.028289 0.002833 0.039138
v 0.027649 0.001435 0.039075
v 0.028582 0.001460 0.039443
v 0.020803 0.006230 0.033756
v 0.020288 0.005630 0.034011
v 0.014724 0.003982 0.031578
v 0.013478 0.003343 0.031046
v 0.013658 0.002694 0.031337
v 0.019624 0.005907 0.033358
v 0.017207 0.005072 0.032511
v 0.018093 0.004438 0.033403
v 0.015144 0.003339 0.032075
v 0.018528 0.004018 0.033815
v 0.015356 0.002959 0.032296
v 0.018936 0.003493 0.034189
v 0.023712 0.005869 0.035787
v 0.020949 0.005280 0.034643
v 0.021595 0.004830 0.035244
v 0.022203 0.004238 0.035798
v 0.022712 0.003440 0.036265
v 0.024559 0.005397 0.036577
v 0.025359 0.004758 0.037313
v 0.026042 0.003876 0.037943
v 0.026515 0.002728 0.038394
v 0.019508 0.001010 0.034779
v 0.023157 0.001243 0.036731
v 0.019468 0.001967 0.034701
v 0.023039 0.002416 0.036583
v 0.019270 0.002814 0.034499
v 0.015805 0.000705 0.032777
v 0.015804 0.001382 0.032749
v 0.015717 0.001998 0.032651
v 0.015556 0.002521 0.032493
v 0.026745 0.001406 0.038638
v 0.014622 0.006193 0.029584
v 0.015653 0.006790 0.029277
v 0.016974 0.006588 0.030648
v 0.018462 0.007077 0.030648
v 0.012899 0.005067 0.029649
v 0.012902 0.005072 0.029646
v 0.012907 0.005080 0.029643
v 0.012922 0.005098 0.029637
v 0.012966 0.005137 0.029633
v 0.012896 0.005059 0.029653
v 0.012894 0.005047 0.029663
v 0.012901 0.005033 0.029679
v 0.012943 0.005009 0.029728
v 0.015471 0.005894 0.030580
v 0.018300 0.006311 0.032011
v 0.019263 0.006613 0.032214
v 0.020221 0.006860 0.032390
v 0.016335 0.005533 0.031556
v 0.013963 0.004996 0.030432
v 0.014333 0.004521 0.031022
v 0.013219 0.004475 0.030312
v 0.020113 0.007466 0.026760
v 0.020747 0.007416 0.029785
v 0.023553 0.007255 0.031245
v 0.025805 0.007019 0.032077
v 0.020019 0.007373 0.030325
v 0.021723 0.007130 0.032430
v 0.022242 0.007193 0.032286
v 0.020402 0.007414 0.030091
v 0.022734 0.007240 0.032031
v 0.023171 0.007247 0.031670
v 0.016701 0.007208 0.028905
v 0.027156 0.006731 0.033385
v 0.021950 0.006904 0.028477
v 0.013963 0.004358 0.015789
v 0.013972 0.003744 0.015222
v 0.013965 0.005056 0.015555
v 0.013978 0.004916 0.016469
v 0.013968 0.005484 0.016163
v 0.013990 0.005072 0.016693
v 0.014013 0.005975 0.017018
v 0.014064 0.005549 0.017501
v 0.014079 0.006256 0.017616
v 0.014204 0.005935 0.018344
v 0.013988 0.003192 0.014846
v 0.014027 0.003717 0.014235
v 0.014017 0.003900 0.014372
v 0.013984 0.004503 0.014917
v 0.014058 0.003128 0.013874
v 0.014004 0.002574 0.014559
v 0.014082 0.002525 0.013626
v 0.014013 0.002104 0.014428
v 0.014096 0.001910 0.013491
v 0.014017 0.001497 0.014368
v 0.014017 -0.001497 0.014368
v 0.014013 -0.002104 0.014428
v 0.014004 -0.002574 0.014559
v 0.013988 -0.003192 0.014846
v 0.013972 -0.003744 0.015222
v 0.013963 -0.004358 0.015789
v 0.013978 -0.004916 0.016469
v 0.013990 -0.005072 0.016693
v 0.014064 -0.005549 0.017501
v 0.014204 -0.005935 0.018344
v 0.014244 -0.006006 0.018529
v 0.014488 -0.006294 0.019403
v 0.014827 -0.006508 0.020275
v 0.015047 -0.006595 0.020734
v 0.015145 -0.006627 0.020922
v 0.015593 -0.006733 0.021681
v 0.016134 -0.006813 0.022465
v 0.016783 -0.006873 0.023291
v 0.017473 -0.006913 0.024089
v 0.018077 -0.006939 0.024740
v 0.019553 -0.006973 0.026223
v 0.019869 -0.006970 0.026527
v 0.021950 -0.006904 0.028477
v 0.024180 -0.006740 0.030543
v 0.025801 -0.006516 0.032073
v 0.027134 -0.006227 0.033364
v 0.028231 -0.005882 0.034455
v 0.028845 -0.005626 0.035079
v 0.029639 -0.005198 0.035904
v 0.030307 -0.004702 0.036618
v 0.032001 -0.000829 0.038513
v 0.031890 -0.001633 0.038384
v 0.031855 -0.001808 0.038344
v 0.031661 -0.002537 0.038122
v 0.031403 -0.003205 0.037829
v 0.031224 -0.003562 0.037627
v 0.030866 -0.004112 0.037229
v 0.030450 -0.004573 0.036773
v 0.031890 0.001633 0.038384
v 0.032001 0.000829 0.038513
v 0.032039 -0.000000 0.038556
v 0.024180 0.006740 0.030543
v 0.025801 0.006516 0.032073
v 0.027134 0.006227 0.033364
v 0.028231 0.005882 0.034455
v 0.028845 0.005626 0.035079
v 0.029639 0.005198 0.035904
v 0.030307 0.004702 0.036618
v 0.030450 0.004573 0.036773
v 0.030866 0.004112 0.037229
v 0.031224 0.003562 0.037627
v 0.031403 0.003205 0.037829
v 0.031661 0.002537 0.038122
v 0.031855 0.001808 0.038344
v 0.014125 0.006384 0.017924
v 0.014152 0.006443 0.018075
v 0.014244 0.006006 0.018529
v 0.014355 0.006741 0.018968
v 0.014488 0.006294 0.019403
v 0.014475 0.006850 0.019364
v 0.014827 0.006508 0.020275
v 0.014651 0.006967 0.019856
v 0.015047 0.006596 0.020734
v 0.015145 0.006627 0.020922
v 0.015593 0.006733 0.021681
v 0.016134 0.006813 0.022465
v 0.016783 0.006873 0.023291
v 0.017473 0.006913 0.024089
v 0.018077 0.006939 0.024740
v 0.019553 0.006973 0.026223
v 0.019869 0.006970 0.026527
v 0.014123 0.006693 0.018618
v 0.013905 0.006259 0.017423
v 0.010422 0.005123 0.007513
v 0.010693 0.005147 0.008377
v 0.011103 0.004497 0.008236
v 0.006910 0.007448 0.009668
v 0.006681 0.007255 0.005914
v 0.006028 0.007390 0.005694
v 0.005757 0.007431 0.005607
v 0.007655 0.007292 0.009413
v 0.008350 0.007044 0.009176
v 0.007587 0.006970 0.006248
v 0.009025 0.006693 0.008946
v 0.008375 0.006623 0.006566
v 0.009640 0.006259 0.008736
v 0.009211 0.006135 0.006930
v 0.010201 0.005739 0.008544
v 0.009971 0.005554 0.007288
v 0.010256 0.005291 0.007429
v 0.011435 0.003783 0.008123
v 0.011312 0.003950 0.007982
v 0.010838 0.004645 0.007728
v 0.011593 0.003396 0.008137
v 0.012207 0.003783 0.010257
v 0.012438 0.003050 0.010168
v 0.011834 0.002709 0.008271
v 0.012583 0.002263 0.010112
v 0.011944 0.002186 0.008332
v 0.013042 0.003783 0.012287
v 0.013269 0.003050 0.012187
v 0.013411 0.002263 0.012124
v 0.013227 0.005147 0.014466
v 0.013609 0.004497 0.014258
v 0.013917 0.003783 0.014090
v 0.013412 0.006693 0.017846
v 0.013615 0.007044 0.019119
v 0.013093 0.007292 0.019634
v 0.012532 0.007448 0.020186
v 0.007743 0.007448 0.011971
v 0.009718 0.007448 0.016377
v 0.010314 0.007448 0.017396
v 0.010980 0.007292 0.016976
v 0.012870 0.007044 0.018311
v 0.012314 0.007292 0.018788
v 0.011716 0.007448 0.019301
v 0.013777 0.005739 0.016310
v 0.012754 0.006259 0.015860
v 0.013300 0.006259 0.016661
v 0.012204 0.006693 0.016206
v 0.012776 0.006693 0.017046
v 0.011601 0.007044 0.016586
v 0.012201 0.007044 0.017469
v 0.011610 0.007292 0.017904
v 0.010976 0.007448 0.018370
v 0.010409 0.007292 0.016000
v 0.011053 0.007044 0.015650
v 0.011680 0.006693 0.015308
v 0.012251 0.006259 0.014998
v 0.012771 0.005739 0.014714
v 0.008478 0.007292 0.011689
v 0.009163 0.007044 0.011426
v 0.009829 0.006693 0.011170
v 0.010435 0.006259 0.010937
v 0.010989 0.005739 0.010725
v 0.011474 0.005147 0.010538
v 0.011879 0.004497 0.010383
v 0.012721 0.004497 0.012429
v 0.012324 0.005147 0.012605
v 0.011849 0.005739 0.012815
v 0.011307 0.006259 0.013055
v 0.010712 0.006693 0.013318
v 0.010060 0.007044 0.013607
v 0.009389 0.007292 0.013903
v 0.008669 0.007448 0.014222
v 0.005814 0.006615 0.004809
v 0.005959 0.006598 0.004866
v 0.006194 0.006565 0.004961
v 0.006886 0.006425 0.005254
v 0.007272 0.006318 0.005428
v 0.009350 0.005328 0.006490
v 0.008960 0.005577 0.006274
v 0.008885 0.005621 0.006233
v 0.008148 0.005994 0.005849
v 0.010225 0.004615 0.007005
v 0.009750 0.005033 0.006720
v 0.010960 0.003740 0.007469
v 0.010892 0.003839 0.007424
v 0.010833 0.003920 0.007386
v 0.010334 0.004506 0.007072
v 0.011228 0.003286 0.007645
v 0.011466 0.002717 0.007803
v 0.011615 0.002124 0.007902
v -0.004788 0.004494 0.003053
v -0.004412 0.004921 0.003042
v -0.004916 0.004323 0.003058
v -0.005349 0.003599 0.003080
v -0.005628 0.002891 0.003097
v -0.005714 0.002568 0.003102
v -0.005777 0.002245 0.003107
v -0.005836 0.001497 0.003111
v -0.000486 0.006638 0.003227
v -0.001362 0.006521 0.003136
v -0.002300 0.006258 0.003070
v -0.002205 0.006292 0.003076
v -0.004034 0.005270 0.003035
v -0.003755 0.005488 0.003033
v -0.003060 0.005922 0.003042
v -0.000316 0.006648 0.003248
v 0.011314 0.002618 0.007702
v 0.011386 -0.002504 0.007750
v 0.033572 0.002484 0.035015
v 0.033379 0.003015 0.035203
v 0.033608 0.002409 0.035309
v 0.032467 0.004278 0.036086
v 0.032633 0.004050 0.036203
v 0.032764 0.004000 0.035798
v 0.033956 0.000621 0.035618
v 0.033980 -0.000000 0.035595
v 0.033959 -0.000000 0.035140
v 0.033909 0.000000 0.034689
v 0.033886 0.001211 0.035388
v 0.033877 0.000810 0.034720
v 0.033888 0.001219 0.035684
v 0.033773 0.001790 0.035796
v 0.033749 0.001883 0.035819
v 0.033597 0.002360 0.035966
v 0.033562 0.002471 0.035929
v 0.033406 0.002793 0.036151
v 0.033086 0.003532 0.035744
v 0.033335 0.002925 0.036220
v 0.032452 0.004035 0.036750
v 0.032607 0.003760 0.036925
v 0.032839 0.003570 0.036700
v 0.033103 0.003276 0.036444
v 0.032951 0.003545 0.036394
v 0.032141 0.004495 0.036402
v 0.032850 0.003901 0.035715
v 0.033333 0.003117 0.035247
v 0.033109 0.003538 0.035464
v 0.033837 0.001205 0.034759
v 0.033794 0.001512 0.034801
v 0.033723 0.001896 0.034869
v 0.033909 -0.000088 0.034690
v 0.032632 -0.004050 0.036206
v 0.032317 -0.004247 0.036599
v 0.032141 -0.004495 0.036402
v 0.032607 -0.003760 0.036925
v 0.032897 -0.003512 0.036644
v 0.032950 -0.003545 0.036397
v 0.033572 -0.002425 0.035990
v 0.033431 -0.002743 0.036126
v 0.033085 -0.003532 0.035750
v 0.033205 -0.003134 0.036346
v 0.033156 -0.003204 0.036393
v 0.033333 -0.003116 0.035247
v 0.033377 -0.003018 0.035204
v 0.033608 -0.002409 0.035319
v 0.033627 -0.002278 0.035937
v 0.033942 -0.000786 0.035632
v 0.033887 -0.001211 0.035399
v 0.033979 -0.000130 0.035596
v 0.033898 -0.001147 0.035674
v 0.033888 -0.001215 0.035684
v 0.033786 -0.001737 0.035783
v 0.033876 -0.000820 0.034721
v 0.033837 -0.001205 0.034759
v 0.033571 -0.002489 0.035017
v 0.033722 -0.001903 0.034871
v 0.033792 -0.001521 0.034802
v 0.032467 -0.004278 0.036086
v 0.032764 -0.004000 0.035798
v 0.032849 -0.003902 0.035716
v 0.033109 -0.003538 0.035464
v 0.032141 -0.004905 0.036402
v 0.032289 -0.004718 0.036568
v 0.032607 -0.004248 0.036925
v 0.032607 0.004248 0.036925
v 0.032894 -0.004045 0.036647
v 0.033114 -0.003839 0.036434
v 0.033382 -0.003510 0.036174
v 0.033617 -0.003125 0.035947
v 0.033909 -0.002437 0.035664
v 0.033722 -0.002912 0.035845
v 0.034057 -0.001920 0.035520
v 0.034178 -0.001296 0.035404
v 0.032928 0.004016 0.036614
v 0.033217 0.003722 0.036333
v 0.033325 0.003587 0.036229
v 0.033576 0.003201 0.035987
v 0.033789 0.002758 0.035780
v 0.033840 0.002629 0.035730
v 0.034017 0.002078 0.035559
v 0.034248 -0.000659 0.035336
v 0.034271 0.000000 0.035313
v 0.034148 0.001478 0.035432
v 0.034210 0.001057 0.035372
v 0.034264 0.000373 0.035320
v 0.032474 0.004458 0.036775
v 0.032141 0.004904 0.036402
v 0.032520 0.004678 0.036034
v 0.032845 0.004401 0.035719
v 0.032970 0.004269 0.035599
v 0.033241 0.003916 0.035336
v 0.033478 0.003507 0.035106
v 0.033620 0.003200 0.034969
v 0.033805 0.002690 0.034790
v 0.033951 0.002140 0.034649
v 0.034081 0.001407 0.034523
v 0.034150 0.000715 0.034456
v 0.034173 0.000000 0.034434
v 0.034150 -0.000702 0.034455
v 0.034085 -0.001379 0.034519
v 0.033975 -0.002028 0.034625
v 0.033880 -0.002429 0.034717
v 0.033716 -0.002953 0.034876
v 0.033515 -0.003433 0.035071
v 0.033394 -0.003665 0.035188
v 0.033142 -0.004057 0.035432
v 0.032856 -0.004391 0.035709
v 0.032625 -0.004599 0.035933
v 0.032279 -0.004832 0.036268
v 0.031670 -0.005023 0.035883
v 0.031670 -0.005389 0.035883
v 0.031436 -0.005232 0.035629
v 0.031195 -0.005770 0.035369
v 0.031195 -0.005424 0.035369
v 0.032984 0.003498 0.033636
v 0.032772 0.003971 0.033842
v 0.033218 0.003086 0.033920
v 0.031587 0.005240 0.034989
v 0.031921 0.004989 0.035048
v 0.031909 0.005030 0.034678
v 0.032220 0.004754 0.034376
v 0.033444 0.002570 0.034165
v 0.033484 0.002348 0.034028
v 0.033593 0.001891 0.034021
v 0.033749 -0.000000 0.033870
v 0.033529 0.000000 0.033109
v 0.033744 0.000353 0.033874
v 0.033510 0.000704 0.033126
v 0.033693 0.001158 0.033924
v 0.033442 0.001523 0.033193
v 0.033354 0.002122 0.033277
v 0.032937 0.003840 0.034656
v 0.032516 0.004426 0.034447
v 0.032657 0.004252 0.034927
v 0.032366 0.004565 0.035209
v 0.031670 0.005023 0.035883
v 0.032023 0.004832 0.035541
v 0.032525 0.004382 0.034081
v 0.033168 0.003379 0.034432
v 0.033361 0.002857 0.034245
v 0.031195 0.005424 0.035369
v 0.031436 0.005232 0.035629
v 0.033315 0.002329 0.033315
v 0.033208 0.002798 0.033419
v 0.033019 0.003405 0.033602
v 0.031586 -0.005241 0.034990
v 0.032225 -0.004687 0.035345
v 0.031880 -0.004919 0.035680
v 0.031920 -0.004992 0.035032
v 0.031956 -0.004993 0.034632
v 0.032160 -0.004814 0.034434
v 0.032537 -0.004394 0.035044
v 0.032510 -0.004431 0.034416
v 0.032649 -0.004262 0.034935
v 0.032904 -0.003896 0.034688
v 0.032444 -0.004493 0.034159
v 0.032695 -0.004111 0.033916
v 0.032950 -0.003818 0.034643
v 0.032797 -0.003922 0.033817
v 0.033125 -0.003477 0.034474
v 0.033001 -0.003454 0.033620
v 0.033231 -0.003226 0.034371
v 0.033204 -0.003101 0.033874
v 0.033407 -0.002704 0.034201
v 0.033469 -0.002369 0.033983
v 0.033546 -0.002140 0.034067
v 0.033169 -0.002941 0.033457
v 0.033212 -0.002784 0.033416
v 0.033351 -0.002138 0.033280
v 0.033450 -0.001456 0.033185
v 0.033659 -0.001458 0.033957
v 0.033509 -0.000742 0.033128
v 0.033726 -0.000741 0.033892
v 0.032749 0.004617 0.034838
v 0.032612 0.004765 0.034971
v 0.032280 0.005052 0.035293
v 0.031910 0.005280 0.035651
v 0.031670 0.005389 0.035883
v 0.032042 -0.005208 0.035523
v 0.032283 -0.005050 0.035289
v 0.032386 -0.004970 0.035189
v 0.032624 -0.004754 0.034960
v 0.032917 -0.004407 0.034675
v 0.033175 -0.004003 0.034426
v 0.033924 -0.001352 0.033700
v 0.033899 -0.001564 0.033725
v 0.033813 -0.002108 0.033808
v 0.033713 -0.002569 0.033904
v 0.033538 -0.003172 0.034074
v 0.033322 -0.003713 0.034283
v 0.033997 0.000000 0.033629
v 0.033985 -0.000554 0.033641
v 0.033973 -0.000785 0.033653
v 0.033024 0.004254 0.034572
v 0.033263 0.003836 0.034341
v 0.033403 0.003531 0.034205
v 0.033591 0.003010 0.034022
v 0.033743 0.002446 0.033876
v 0.033799 0.002181 0.033821
v 0.033909 0.001482 0.033715
v 0.033975 0.000754 0.033651
v 0.031195 0.005769 0.035369
v 0.031852 0.005447 0.034733
v 0.031596 -0.005595 0.034981
v 0.032222 0.005165 0.034374
v 0.032499 0.004883 0.034106
v 0.031438 0.005671 0.035134
v 0.032810 -0.004456 0.033804
v 0.032925 -0.004259 0.033693
v 0.031741 -0.005515 0.034839
v 0.031744 -0.005513 0.034837
v 0.031968 -0.005368 0.034620
v 0.032235 -0.005154 0.034361
v 0.032541 -0.004833 0.034065
v 0.032772 0.004517 0.033841
v 0.033010 0.004096 0.033611
v 0.033135 0.003820 0.033489
v 0.033327 0.003297 0.033304
v 0.033481 0.002729 0.033154
v 0.033577 0.002264 0.033061
v 0.033160 -0.003761 0.033466
v 0.033357 -0.003200 0.033275
v 0.033462 -0.002812 0.033173
v 0.033612 -0.002061 0.033028
v 0.033613 -0.002051 0.033026
v 0.033712 -0.001253 0.032931
v 0.033762 -0.000400 0.032883
v 0.033767 -0.000000 0.032878
v 0.033746 0.000784 0.032898
v 0.033683 0.001540 0.032959
v 0.032388 0.003918 0.032265
v 0.032167 0.004414 0.032479
v 0.032647 0.003623 0.032607
v 0.033252 0.000608 0.032402
v 0.033263 -0.000000 0.032391
v 0.032939 0.000908 0.031731
v 0.033118 -0.000000 0.032047
v 0.032958 0.000415 0.031712
v 0.032963 -0.000000 0.031707
v 0.032928 0.003007 0.032716
v 0.032840 0.003320 0.032801
v 0.032646 0.003861 0.032989
v 0.032417 0.004334 0.033211
v 0.032322 0.004493 0.033303
v 0.032057 0.004609 0.032585
v 0.031784 0.005062 0.033185
v 0.032060 0.004848 0.033556
v 0.031761 0.005151 0.033846
v 0.031804 0.004973 0.032830
v 0.031511 0.005289 0.033114
v 0.030715 0.005750 0.034859
v 0.031123 0.005579 0.034464
v 0.031035 0.005628 0.034465
v 0.031502 0.005353 0.034096
v 0.031109 0.005611 0.033909
v 0.031397 0.005390 0.033224
v 0.031037 0.005654 0.033573
v 0.030648 0.005863 0.033950
v 0.030231 0.006023 0.034353
v 0.033192 0.001469 0.032460
v 0.032909 0.001336 0.031759
v 0.033145 0.001867 0.032506
v 0.032859 0.001843 0.031808
v 0.033084 0.002272 0.032565
v 0.032811 0.002199 0.031854
v 0.032982 0.002781 0.032663
v 0.032664 0.002991 0.031997
v 0.032574 0.003348 0.032085
v 0.032499 0.003598 0.032156
v 0.030715 -0.005750 0.034859
v 0.031031 -0.005631 0.034460
v 0.031123 -0.005578 0.034464
v 0.031105 -0.005613 0.033901
v 0.031503 -0.005353 0.034096
v 0.031763 -0.005149 0.033845
v 0.030231 -0.006023 0.034353
v 0.030656 -0.005859 0.033942
v 0.031084 -0.005624 0.033528
v 0.031395 -0.005392 0.033226
v 0.031775 -0.005068 0.033170
v 0.032062 -0.004847 0.033555
v 0.032323 -0.004492 0.033302
v 0.032212 -0.004325 0.032435
v 0.031996 -0.004708 0.032644
v 0.031719 -0.005074 0.032912
v 0.032928 -0.003004 0.032715
v 0.032840 -0.003318 0.032801
v 0.032632 -0.003641 0.032585
v 0.032647 -0.003859 0.032988
v 0.032418 -0.004332 0.033210
v 0.032676 -0.002937 0.031985
v 0.032803 -0.002257 0.031863
v 0.033084 -0.002269 0.032565
v 0.032945 -0.000785 0.031725
v 0.033141 -0.001900 0.032510
v 0.032855 -0.001875 0.031812
v 0.033192 -0.001466 0.032460
v 0.032891 -0.001538 0.031777
v 0.033233 -0.000959 0.032420
v 0.033252 -0.000604 0.032402
v 0.032976 -0.002807 0.032669
v 0.032566 -0.003376 0.032092
v 0.032405 -0.003873 0.032248
v 0.030715 -0.006083 0.034859
v 0.031147 -0.005912 0.034441
v 0.031570 -0.005671 0.034031
v 0.031953 -0.005370 0.033660
v 0.032233 -0.005079 0.033389
v 0.032502 -0.004712 0.033129
v 0.032738 -0.004283 0.032900
v 0.032859 -0.004010 0.032782
v 0.033048 -0.003479 0.032599
v 0.033201 -0.002904 0.032451
v 0.033195 0.002931 0.032457
v 0.033327 0.002250 0.032329
v 0.033312 -0.002345 0.032344
v 0.033414 -0.001595 0.032245
v 0.033475 -0.000812 0.032186
v 0.033091 0.003335 0.032558
v 0.032918 0.003860 0.032725
v 0.032711 0.004338 0.032926
v 0.032568 0.004603 0.033065
v 0.032303 0.004992 0.033321
v 0.031999 0.005326 0.033615
v 0.031750 0.005541 0.033857
v 0.031344 0.005809 0.034250
v 0.030898 0.006018 0.034682
v 0.030715 0.006083 0.034859
v 0.033495 -0.000000 0.032166
v 0.033476 0.000781 0.032185
v 0.033421 0.001532 0.032239
v 0.029251 -0.006452 0.033353
v 0.029743 -0.006573 0.033852
v 0.029251 -0.006768 0.033353
v 0.029743 -0.006254 0.033852
v 0.031555 -0.005021 0.032096
v 0.031565 -0.004875 0.031744
v 0.031817 -0.004601 0.031843
v 0.032459 -0.000000 0.030735
v 0.032633 -0.000000 0.031053
v 0.032616 -0.000787 0.031069
v 0.032277 0.000000 0.030422
v 0.032259 -0.000867 0.030440
v 0.032251 -0.001031 0.030448
v 0.032603 -0.001047 0.031081
v 0.032204 -0.001698 0.030494
v 0.032567 -0.001541 0.031116
v 0.032164 -0.002085 0.030532
v 0.032486 -0.002260 0.031195
v 0.032111 -0.002490 0.030584
v 0.032370 -0.002940 0.031307
v 0.031991 -0.003167 0.030700
v 0.032328 -0.003139 0.031348
v 0.031853 -0.003730 0.030833
v 0.032216 -0.003579 0.031456
v 0.031968 -0.004058 0.031397
v 0.031683 -0.004246 0.030998
v 0.031566 -0.004524 0.031112
v 0.031407 -0.004832 0.031265
v 0.032018 -0.004165 0.031648
v 0.032185 -0.003684 0.031486
v 0.031254 -0.005378 0.032388
v 0.030964 -0.005524 0.031995
v 0.031064 -0.005331 0.031597
v 0.031336 -0.004952 0.031334
v 0.030910 -0.005680 0.032721
v 0.030588 -0.005895 0.033033
v 0.030240 -0.006066 0.032819
v 0.030203 -0.006090 0.033406
v 0.029769 -0.006277 0.032851
v 0.030042 -0.006152 0.032588
v 0.030453 -0.005903 0.032190
v 0.030817 -0.005601 0.031837
v 0.030134 -0.006118 0.033472
v 0.031693 -0.005277 0.031963
v 0.030201 -0.006418 0.033408
v 0.031392 -0.005629 0.032254
v 0.031213 -0.005799 0.032427
v 0.031057 -0.005928 0.032579
v 0.030630 -0.006211 0.032992
v 0.029743 0.006254 0.033852
v 0.029743 0.006573 0.033852
v 0.030172 0.006103 0.033436
v 0.030200 0.006418 0.033409
v 0.030574 0.005904 0.033047
v 0.030668 0.006189 0.032955
v 0.030946 0.005653 0.032687
v 0.031090 0.005902 0.032547
v 0.031140 0.005488 0.032498
v 0.032368 -0.003893 0.031309
v 0.032289 -0.004128 0.031386
v 0.032257 -0.004216 0.031417
v 0.032081 -0.004632 0.031588
v 0.031837 -0.005069 0.031823
v 0.032552 -0.003197 0.031131
v 0.032693 -0.002417 0.030994
v 0.032793 -0.001552 0.030898
v 0.032461 0.003570 0.031219
v 0.032576 0.003086 0.031108
v 0.032321 0.003169 0.031355
v 0.031279 0.005739 0.032364
v 0.031355 0.005666 0.032290
v 0.031438 0.005172 0.032210
v 0.031665 0.005314 0.031990
v 0.031698 0.004809 0.031958
v 0.031934 0.004910 0.031729
v 0.031813 0.004609 0.031847
v 0.032107 0.004575 0.031562
v 0.032030 0.004134 0.031636
v 0.032300 0.004096 0.031375
v 0.032214 0.003585 0.031458
v 0.032244 0.003477 0.031429
v 0.032839 0.000824 0.030853
v 0.032606 0.001003 0.031079
v 0.032787 0.001615 0.030903
v 0.032531 0.001909 0.031152
v 0.032700 0.002370 0.030988
v 0.032500 0.002156 0.031181
v 0.032410 0.002735 0.031268
v 0.032848 -0.000581 0.030844
v 0.032857 0.000000 0.030836
v 0.032611 0.000893 0.031073
v 0.029251 0.006768 0.033353
v 0.029498 0.006674 0.033603
v 0.029251 0.006453 0.033353
v 0.032259 0.000858 0.030440
v 0.030954 0.005530 0.031988
v 0.030768 0.005647 0.031884
v 0.030394 0.005944 0.032246
v 0.029972 0.006186 0.032656
v 0.030235 0.006069 0.032815
v 0.029676 0.006314 0.032942
v 0.031551 0.004886 0.031735
v 0.031836 0.003791 0.030850
v 0.031667 0.004285 0.031013
v 0.031953 0.004078 0.031388
v 0.031461 0.004735 0.031213
v 0.031211 0.005140 0.031456
v 0.030920 0.005496 0.031737
v 0.031973 0.003252 0.030717
v 0.032002 0.003118 0.030690
v 0.032115 0.002466 0.030580
v 0.032160 0.002121 0.030536
v 0.032205 0.001682 0.030492
v 0.032249 0.001075 0.030450
v 0.029286 -0.006758 0.033320
v 0.030170 0.006416 0.032463
v 0.030111 0.006447 0.032520
v 0.029726 0.006617 0.032894
v 0.029703 0.006625 0.032916
v 0.029420 0.006720 0.033190
v 0.029286 0.006758 0.033319
v 0.029319 -0.006749 0.033287
v 0.029703 -0.006626 0.032916
v 0.029723 -0.006618 0.032897
v 0.030165 -0.006419 0.032468
v 0.030574 -0.006167 0.032072
v 0.030924 -0.005877 0.031733
v 0.031240 -0.005532 0.031427
v 0.031399 -0.005319 0.031274
v 0.031657 -0.004893 0.031024
v 0.032162 0.003455 0.030535
v 0.032000 0.004049 0.030691
v 0.031974 0.004131 0.030716
v 0.031860 0.004446 0.030827
v 0.031645 0.004914 0.031035
v 0.031385 0.005339 0.031287
v 0.031211 0.005568 0.031456
v 0.030891 0.005908 0.031765
v 0.030539 0.006192 0.032107
v 0.032409 -0.001899 0.030295
v 0.032308 -0.002693 0.030393
v 0.032161 -0.003457 0.030535
v 0.031973 -0.004133 0.030717
v 0.031870 -0.004422 0.030817
v 0.032308 0.002690 0.030393
v 0.032409 0.001895 0.030295
v 0.032479 0.000907 0.030227
v 0.032479 -0.000912 0.030227
v 0.032499 0.000000 0.030208
v 0.030176 -0.005695 0.030508
v 0.030102 -0.005867 0.030881
v 0.029837 -0.006026 0.030837
v 0.030860 -0.004791 0.030090
v 0.030610 -0.005094 0.030088
v 0.030837 -0.004646 0.029868
v 0.029202 -0.006488 0.032426
v 0.028757 -0.006624 0.032858
v 0.028259 -0.006773 0.032366
v 0.028825 -0.006604 0.031817
v 0.029336 -0.006413 0.031778
v 0.029619 -0.006310 0.032022
v 0.030006 -0.006084 0.031648
v 0.029309 -0.006386 0.031348
v 0.029466 -0.006296 0.031196
v 0.030250 -0.005899 0.031412
v 0.030574 -0.005585 0.031098
v 0.030861 -0.005218 0.030819
v 0.031402 -0.004092 0.030296
v 0.031214 -0.004585 0.030478
v 0.031220 -0.004402 0.030271
v 0.030984 -0.005028 0.030701
v 0.031899 -0.000000 0.029814
v 0.031896 -0.000379 0.029817
v 0.031703 -0.000000 0.029518
v 0.031501 -0.000000 0.029226
v 0.031479 -0.001011 0.029247
v 0.031869 -0.001156 0.029844
v 0.031473 -0.001133 0.029252
v 0.031852 -0.001422 0.029860
v 0.031414 -0.001981 0.029310
v 0.031767 -0.002328 0.029943
v 0.031373 -0.002368 0.029349
v 0.031757 -0.002404 0.029952
v 0.031287 -0.002989 0.029433
v 0.030343 -0.005493 0.030346
v 0.031034 -0.004105 0.029677
v 0.031470 -0.003866 0.030230
v 0.031175 -0.003569 0.029541
v 0.031625 -0.003219 0.030080
v 0.031685 -0.002891 0.030022
v 0.028259 -0.007082 0.032366
v 0.028508 -0.007012 0.032612
v 0.028757 -0.006936 0.032858
v 0.030225 -0.006274 0.031435
v 0.030588 -0.005958 0.031084
v 0.030870 -0.005639 0.030811
v 0.031151 -0.005232 0.030539
v 0.028757 0.006624 0.032858
v 0.028757 0.006936 0.032858
v 0.029173 0.006499 0.032455
v 0.029236 0.006794 0.032393
v 0.029159 -0.006820 0.032468
v 0.029674 -0.006610 0.031970
v 0.029824 -0.006533 0.031824
v 0.031390 -0.004777 0.030307
v 0.031541 -0.004405 0.030162
v 0.031705 -0.003873 0.030002
v 0.031839 -0.003296 0.029873
v 0.031246 0.005066 0.030447
v 0.031047 0.004920 0.030640
v 0.030980 0.005492 0.030704
v 0.030783 0.005328 0.030895
v 0.030794 0.005733 0.030885
v 0.030467 0.006073 0.031201
v 0.030482 0.005683 0.031187
v 0.030312 0.005845 0.031352
v 0.030108 0.006358 0.031549
v 0.029929 0.006135 0.031723
v 0.029685 0.006605 0.031958
v 0.029492 0.006370 0.032145
v 0.029339 0.006436 0.032294
v 0.031777 0.003587 0.029933
v 0.031591 0.003382 0.030113
v 0.031590 0.004260 0.030113
v 0.031456 0.003914 0.030243
v 0.031466 0.004601 0.030234
v 0.031290 0.004404 0.030404
v 0.031084 0.004852 0.030604
v 0.032021 0.002042 0.029696
v 0.031767 0.002328 0.029943
v 0.031923 0.002820 0.029791
v 0.031744 0.002502 0.029964
v 0.031619 0.003249 0.030086
v 0.031955 -0.002600 0.029760
v 0.032046 -0.001774 0.029672
v 0.032101 -0.000906 0.029619
v 0.032107 -0.000716 0.029613
v 0.032119 0.000000 0.029602
v 0.032111 0.000585 0.029609
v 0.031882 0.000873 0.029831
v 0.032095 0.001027 0.029624
v 0.031869 0.001155 0.029844
v 0.031831 0.001708 0.029881
v 0.028259 0.007082 0.032366
v 0.028508 0.007012 0.032612
v 0.028259 0.006773 0.032366
v 0.029329 0.006376 0.031329
v 0.029202 0.006442 0.031452
v 0.029335 0.006412 0.031770
v 0.028701 0.006647 0.031937
v 0.030097 0.005865 0.030865
v 0.031208 0.004399 0.030246
v 0.030819 0.004686 0.029886
v 0.030848 0.004788 0.030066
v 0.030587 0.005133 0.030110
v 0.031483 0.000912 0.029243
v 0.031473 0.001133 0.029252
v 0.031431 0.001784 0.029293
v 0.031343 0.002610 0.029378
v 0.031235 0.003278 0.029483
v 0.030317 0.005528 0.030373
v 0.030066 0.005812 0.030615
v 0.029713 0.006125 0.030957
v 0.031218 0.003364 0.029499
v 0.031110 0.003838 0.029604
v 0.031102 0.003867 0.029612
v 0.030954 0.004351 0.029756
v 0.030389 0.005848 0.030302
v 0.030060 0.006192 0.030621
v 0.029697 0.006483 0.030972
v 0.029600 0.006548 0.031067
v 0.029184 0.006775 0.031469
v 0.028737 0.006950 0.031903
v 0.028735 -0.006951 0.031904
v 0.029181 -0.006776 0.031473
v 0.031366 0.003742 0.029357
v 0.031200 0.004342 0.029517
v 0.031072 0.004695 0.029641
v 0.030849 0.005167 0.029857
v 0.030582 0.005597 0.030115
v 0.031513 0.002978 0.029214
v 0.031621 0.002123 0.029109
v 0.031695 0.001078 0.029038
v 0.029595 -0.006551 0.031071
v 0.029716 -0.006470 0.030954
v 0.030077 -0.006177 0.030605
v 0.030404 -0.005830 0.030288
v 0.030595 -0.005578 0.030102
v 0.030860 -0.005146 0.029846
v 0.031081 -0.004671 0.029632
v 0.031207 -0.004320 0.029510
v 0.031372 -0.003715 0.029350
v 0.031518 -0.002944 0.029209
v 0.031626 -0.002072 0.029105
v 0.031719 0.000000 0.029015
v 0.031697 -0.001024 0.029036
v 0.028305 -0.006671 0.030371
v 0.028402 -0.006681 0.030763
v 0.027823 -0.006866 0.030839
v 0.029245 -0.005973 0.029461
v 0.029196 -0.006123 0.029801
v 0.028894 -0.006293 0.029801
v 0.030130 -0.004469 0.028604
v 0.030381 -0.004668 0.029154
v 0.029935 -0.004950 0.028793
v 0.030168 -0.005237 0.029542
v 0.030021 -0.005463 0.029684
v 0.029905 -0.005481 0.029518
v 0.029729 -0.005829 0.029967
v 0.029041 -0.006407 0.030633
v 0.027507 -0.006960 0.031632
v 0.027255 -0.007014 0.031389
v 0.028639 -0.006621 0.031023
v 0.028212 -0.006781 0.031437
v 0.027758 -0.006902 0.031876
v 0.028742 -0.006408 0.029948
v 0.029401 -0.006144 0.030285
v 0.029553 -0.005602 0.029163
v 0.029699 -0.005386 0.029022
v 0.030402 -0.004787 0.029315
v 0.030591 -0.004295 0.029133
v 0.030164 -0.004369 0.028571
v 0.030312 -0.003825 0.028428
v 0.030672 -0.004021 0.029054
v 0.030427 -0.003230 0.028316
v 0.030819 -0.003373 0.028911
v 0.030515 -0.002588 0.028231
v 0.030950 -0.002507 0.028785
v 0.030567 -0.002064 0.028181
v 0.031037 -0.001521 0.028700
v 0.030640 -0.000639 0.028110
v 0.030648 -0.000000 0.028103
v 0.030868 0.000000 0.028377
v 0.030628 -0.001057 0.028122
v 0.031066 -0.000951 0.028673
v 0.031083 0.000000 0.028656
v 0.027758 -0.007210 0.031876
v 0.027507 -0.007267 0.031632
v 0.027255 -0.007321 0.031389
v 0.030301 0.005490 0.029413
v 0.030548 0.005033 0.029173
v 0.030405 0.004779 0.029312
v 0.030468 -0.005196 0.029252
v 0.030209 -0.005631 0.029502
v 0.030033 -0.005870 0.029673
v 0.029698 -0.006239 0.029997
v 0.029324 -0.006553 0.030359
v 0.030841 -0.004253 0.028890
v 0.030686 -0.004713 0.029040
v 0.030575 -0.004975 0.029147
v 0.030983 -0.003687 0.028753
v 0.030594 0.004286 0.029130
v 0.030710 0.004649 0.029017
v 0.030674 0.004013 0.029052
v 0.029149 -0.006673 0.030528
v 0.028933 -0.006800 0.030738
v 0.028689 -0.006919 0.030974
v 0.030172 0.005229 0.029538
v 0.030026 0.005456 0.029679
v 0.030014 0.005894 0.029691
v 0.029735 0.005822 0.029961
v 0.028159 -0.007109 0.031487
v 0.028196 -0.007098 0.031452
v 0.027758 0.006902 0.031876
v 0.027758 0.007210 0.031876
v 0.028211 0.006782 0.031437
v 0.028285 0.007071 0.031366
v 0.028639 0.006621 0.031023
v 0.028797 0.006869 0.030870
v 0.029041 0.006407 0.030634
v 0.028958 0.006787 0.030714
v 0.029407 0.006138 0.030279
v 0.029362 0.006525 0.030322
v 0.029737 0.006201 0.029959
v 0.030878 0.004122 0.028854
v 0.031010 0.003554 0.028726
v 0.030821 0.003363 0.028909
v 0.031032 0.003437 0.028705
v 0.030951 0.002494 0.028783
v 0.031153 0.002649 0.028588
v 0.031038 0.001506 0.028699
v 0.031235 0.001811 0.028508
v 0.031067 0.000926 0.028672
v 0.031284 0.000927 0.028461
v 0.031300 -0.000000 0.028446
v 0.031282 -0.000985 0.028463
v 0.031226 -0.001926 0.028517
v 0.031131 -0.002817 0.028609
v 0.031094 -0.003074 0.028645
v 0.027505 0.006961 0.031630
v 0.027255 0.007014 0.031389
v 0.027255 0.007321 0.031389
v 0.028895 0.006293 0.029800
v 0.029196 0.006123 0.029801
v 0.029246 0.005972 0.029461
v 0.027824 0.006866 0.030837
v 0.028402 0.006681 0.030763
v 0.028307 0.006670 0.030370
v 0.030381 0.004668 0.029154
v 0.030640 0.000639 0.028110
v 0.030628 0.001054 0.028122
v 0.029935 0.004950 0.028793
v 0.029699 0.005385 0.029022
v 0.029905 0.005481 0.029518
v 0.030567 0.002060 0.028181
v 0.030513 0.002604 0.028233
v 0.030425 0.003245 0.028319
v 0.030309 0.003839 0.028431
v 0.030160 0.004382 0.028576
v 0.030130 0.004469 0.028604
v 0.028744 0.006407 0.029947
v 0.029554 0.005601 0.029162
v 0.028626 -0.006819 0.030061
v 0.028791 -0.006713 0.029901
v 0.030316 0.004629 0.028424
v 0.030141 0.005064 0.028594
v 0.030350 -0.004530 0.028391
v 0.030209 -0.004909 0.028528
v 0.029980 -0.005386 0.028750
v 0.029159 -0.006425 0.029544
v 0.029494 -0.006086 0.029221
v 0.029708 -0.005816 0.029013
v 0.029755 -0.005748 0.028967
v 0.028193 -0.007042 0.030480
v 0.027738 -0.007203 0.030921
v 0.027556 -0.007253 0.031098
v 0.029900 0.005524 0.028827
v 0.029615 0.005939 0.029103
v 0.029365 0.006227 0.029345
v 0.029016 0.006546 0.029684
v 0.028633 0.006815 0.030054
v 0.028202 0.007039 0.030472
v 0.027744 0.007201 0.030915
v 0.027556 0.007252 0.031097
v 0.030481 0.004077 0.028265
v 0.030628 0.003362 0.028122
v 0.030727 0.002655 0.028026
v 0.030818 0.001596 0.027938
v 0.030751 -0.002438 0.028003
v 0.030651 -0.003217 0.028099
v 0.030508 -0.003964 0.028238
v 0.030861 0.000425 0.027896
v 0.030864 -0.000000 0.027893
v 0.030863 -0.000164 0.027894
v 0.030831 -0.001352 0.027925
v 0.029047 -0.005760 0.028679
v 0.029058 -0.005646 0.028493
v 0.029206 -0.005536 0.028525
v 0.028717 -0.005647 0.028024
v 0.028782 -0.005547 0.027961
v 0.029175 -0.004748 0.027580
v 0.029546 -0.004815 0.028112
v 0.028968 -0.005220 0.027781
v 0.029548 -0.003142 0.027219
v 0.030025 -0.002982 0.027731
v 0.029896 -0.003761 0.027856
v 0.029961 -0.000000 0.027306
v 0.030195 -0.000000 0.027567
v 0.030175 -0.001067 0.027586
v 0.029725 0.000000 0.027048
v 0.029625 -0.002448 0.027144
v 0.029666 -0.001923 0.027105
v 0.030108 -0.002207 0.027651
v 0.029699 -0.001297 0.027073
v 0.029719 -0.000612 0.027053
v 0.029658 -0.004619 0.028087
v 0.029277 -0.004451 0.027482
v 0.029754 -0.004331 0.027994
v 0.029422 -0.003890 0.027341
v 0.029457 -0.003713 0.027307
v 0.029453 -0.005102 0.028285
v 0.028556 -0.005868 0.028180
v 0.028246 -0.006211 0.028480
v 0.028303 -0.006297 0.028795
v 0.027901 -0.006504 0.028814
v 0.028098 -0.006616 0.029597
v 0.027753 -0.006803 0.029932
v 0.027467 -0.006876 0.029794
v 0.028741 -0.006110 0.028975
v 0.028399 -0.006409 0.029306
v 0.027623 -0.006691 0.029083
v 0.026724 -0.007088 0.029954
v 0.027184 -0.006922 0.029508
v 0.027380 -0.006828 0.029319
v 0.027670 -0.006841 0.030012
v 0.027221 -0.007001 0.030447
v 0.026749 -0.007112 0.030904
v 0.026241 -0.007198 0.030421
v 0.026749 -0.007417 0.030904
v 0.026241 -0.007502 0.030421
v 0.028536 0.006649 0.029174
v 0.028479 0.006346 0.029229
v 0.028323 0.006465 0.029379
v 0.029877 -0.004684 0.027875
v 0.029675 -0.005183 0.028071
v 0.026749 0.007112 0.030904
v 0.026749 0.007417 0.030904
v 0.026998 0.007059 0.030663
v 0.027244 0.007303 0.030425
v 0.027433 0.006934 0.030242
v 0.027713 0.007139 0.029971
v 0.027891 0.006735 0.029799
v 0.028149 0.006915 0.029548
v 0.028289 0.006827 0.029413
v 0.029432 -0.005636 0.028306
v 0.029258 -0.005896 0.028474
v 0.028940 -0.006281 0.028782
v 0.028580 -0.006613 0.029131
v 0.028389 -0.006758 0.029316
v 0.027941 -0.007031 0.029750
v 0.027604 -0.007184 0.030077
v 0.027468 -0.007234 0.030208
v 0.026970 -0.007372 0.030690
v 0.030053 -0.004075 0.027704
v 0.028825 0.006023 0.028894
v 0.028889 0.006333 0.028831
v 0.029129 0.005648 0.028599
v 0.029151 0.006038 0.028578
v 0.029273 0.005429 0.028459
v 0.029437 0.005626 0.028300
v 0.029506 0.004990 0.028234
v 0.029681 0.005169 0.028064
v 0.029697 0.004507 0.028049
v 0.029866 0.004713 0.027885
v 0.029859 0.003930 0.027892
v 0.030046 0.004105 0.027711
v 0.029973 0.003341 0.027782
v 0.030186 0.003397 0.027576
v 0.030059 0.002704 0.027698
v 0.030268 0.002795 0.027496
v 0.030117 0.002102 0.027643
v 0.030361 0.001718 0.027406
v 0.030175 0.001078 0.027586
v 0.030406 0.000509 0.027362
v 0.030410 0.000000 0.027358
v 0.030391 -0.001079 0.027377
v 0.030334 -0.002105 0.027432
v 0.030264 -0.002834 0.027500
v 0.030173 -0.003477 0.027588
v 0.026241 0.007502 0.030421
v 0.026498 0.007461 0.030665
v 0.026241 0.007198 0.030421
v 0.028298 0.006295 0.028781
v 0.029532 0.004811 0.028090
v 0.026532 0.007137 0.030140
v 0.027460 0.006785 0.029241
v 0.026995 0.006999 0.029691
v 0.027466 0.006875 0.029787
v 0.027898 0.006506 0.028817
v 0.028049 0.006387 0.028671
v 0.028391 0.006061 0.028339
v 0.029049 0.005643 0.028474
v 0.028692 0.005684 0.028048
v 0.028830 0.005469 0.027914
v 0.029060 0.005028 0.027692
v 0.029247 0.004543 0.027510
v 0.029391 0.004030 0.027371
v 0.029504 0.003443 0.027261
v 0.029589 0.002810 0.027179
v 0.029651 0.002141 0.027119
v 0.029700 0.001275 0.027072
v 0.029706 0.001101 0.027066
v 0.028964 0.005715 0.027785
v 0.028675 0.006123 0.028064
v 0.028407 0.006421 0.028324
v 0.028253 0.006566 0.028473
v 0.028051 0.006733 0.028669
v 0.027662 0.006996 0.029046
v 0.027232 0.007217 0.029462
v 0.026748 0.007389 0.029931
v 0.028995 -0.005664 0.027754
v 0.028827 -0.005922 0.027917
v 0.027519 -0.007076 0.029184
v 0.027972 -0.006793 0.028746
v 0.028159 -0.006647 0.028564
v 0.028514 -0.006310 0.028221
v 0.026521 -0.007446 0.030151
v 0.027041 -0.007294 0.029647
v 0.029094 -0.005490 0.027659
v 0.029234 -0.005208 0.027523
v 0.029431 -0.004707 0.027332
v 0.029443 -0.004671 0.027320
v 0.029935 0.000585 0.026844
v 0.029920 0.001153 0.026858
v 0.029866 -0.002167 0.026911
v 0.029803 -0.002850 0.026972
v 0.029717 -0.003498 0.027056
v 0.029602 -0.004100 0.027167
v 0.029595 -0.004128 0.027173
v 0.029461 -0.004617 0.027303
v 0.029209 0.005263 0.027548
v 0.029402 0.004793 0.027361
v 0.029580 0.004193 0.027188
v 0.029715 0.003509 0.027057
v 0.029794 0.002925 0.026980
v 0.029888 0.001830 0.026889
v 0.029922 -0.001113 0.026857
v 0.029940 0.000000 0.026839
v 0.028781 0.004580 0.026988
v 0.028636 0.004903 0.027067
v 0.028598 0.005062 0.027164
v 0.028611 0.002962 0.026177
v 0.029104 0.002911 0.026674
v 0.029170 0.002175 0.026610
v 0.026395 0.006941 0.028324
v 0.026220 0.007026 0.028493
v 0.026512 0.007010 0.028847
v 0.025728 0.007218 0.028970
v 0.025220 0.007335 0.029462
v 0.025732 0.007272 0.029941
v 0.026020 0.007215 0.029661
v 0.026081 0.007200 0.029603
v 0.026556 0.007045 0.029142
v 0.027027 0.006817 0.028686
v 0.026685 0.006776 0.028043
v 0.027455 0.006138 0.027297
v 0.027126 0.006455 0.027615
v 0.027377 0.006412 0.027814
v 0.026762 0.006727 0.027968
v 0.027470 0.006527 0.028257
v 0.027607 0.006417 0.028125
v 0.027946 0.006086 0.027796
v 0.028161 0.005752 0.027475
v 0.027905 0.005520 0.026861
v 0.027842 0.005626 0.026922
v 0.027641 0.005916 0.027117
v 0.029046 0.003316 0.026714
v 0.028551 0.003455 0.026236
v 0.028752 0.003846 0.026575
v 0.028429 0.004124 0.026353
v 0.028397 0.004299 0.026404
v 0.028264 0.004716 0.026513
v 0.028692 0.001939 0.026099
v 0.029223 0.001120 0.026559
v 0.028721 0.001312 0.026071
v 0.029241 0.000000 0.026542
v 0.028994 0.000000 0.026294
v 0.028739 0.000625 0.026054
v 0.028744 0.000000 0.026049
v 0.028243 0.005707 0.027508
v 0.028374 0.005500 0.027382
v 0.028125 0.005081 0.026648
v 0.028906 0.004130 0.026866
v 0.029020 0.003543 0.026755
v 0.028522 -0.005225 0.027238
v 0.028654 -0.004909 0.027094
v 0.028723 -0.004749 0.027044
v 0.028126 -0.005869 0.027621
v 0.028173 -0.005756 0.027497
v 0.028279 -0.005653 0.027474
v 0.027823 -0.006217 0.027915
v 0.027484 -0.006516 0.028244
v 0.027384 -0.006415 0.027830
v 0.027128 -0.006759 0.028588
v 0.027460 -0.006133 0.027292
v 0.027132 -0.006451 0.027610
v 0.029220 -0.001226 0.026562
v 0.028612 -0.002958 0.026177
v 0.028692 -0.001936 0.026099
v 0.029151 -0.002424 0.026629
v 0.028721 -0.001312 0.026071
v 0.029215 -0.001354 0.026567
v 0.028739 -0.000620 0.026054
v 0.029079 -0.003125 0.026698
v 0.029049 -0.003352 0.026728
v 0.028551 -0.003452 0.026236
v 0.028779 -0.003853 0.026606
v 0.028430 -0.004122 0.026353
v 0.028422 -0.004307 0.026435
v 0.028265 -0.004714 0.026513
v 0.027908 -0.005516 0.026859
v 0.027644 -0.005912 0.027114
v 0.026746 -0.006962 0.028959
v 0.026514 -0.007011 0.028855
v 0.026687 -0.006989 0.029016
v 0.026220 -0.007163 0.029468
v 0.026768 -0.006723 0.027963
v 0.026684 -0.006777 0.028044
v 0.026395 -0.006941 0.028324
v 0.026219 -0.007027 0.028494
v 0.025728 -0.007218 0.028970
v 0.025732 -0.007272 0.029941
v 0.025220 -0.007335 0.029462
v 0.028959 -0.003886 0.026815
v 0.028817 -0.004461 0.026952
v 0.028127 -0.005077 0.026646
v 0.025732 -0.007575 0.029941
v 0.025220 -0.007638 0.029462
v 0.028543 -0.005686 0.027217
v 0.028383 -0.005937 0.027372
v 0.028733 0.005327 0.027034
v 0.028074 -0.006329 0.027672
v 0.028777 -0.005231 0.026991
v 0.028968 -0.004732 0.026807
v 0.028490 0.005775 0.027269
v 0.026118 -0.007497 0.029567
v 0.026264 -0.007458 0.029425
v 0.026607 -0.007338 0.029093
v 0.028203 0.006179 0.027548
v 0.027931 0.006479 0.027811
v 0.027574 0.006790 0.028157
v 0.027183 0.007053 0.028535
v 0.026739 0.007282 0.028965
v 0.026249 0.007462 0.029440
v 0.027723 -0.006670 0.028012
v 0.027549 -0.006809 0.028180
v 0.027093 -0.007105 0.028622
v 0.025732 0.007575 0.029941
v 0.028931 0.004839 0.026842
v 0.029061 0.004418 0.026716
v 0.029107 0.004238 0.026672
v 0.029238 0.003560 0.026545
v 0.029314 0.002986 0.026471
v 0.029248 -0.003495 0.026535
v 0.029317 -0.002958 0.026468
v 0.029323 -0.002902 0.026462
v 0.029125 -0.004160 0.026654
v 0.029239 -0.003553 0.026544
v 0.029247 -0.003498 0.026536
v 0.029384 -0.002214 0.026404
v 0.029438 -0.001139 0.026351
v 0.029377 0.002305 0.026410
v 0.029406 0.001868 0.026382
v 0.029439 0.001119 0.026350
v 0.029452 0.000582 0.026338
v 0.029456 0.000000 0.026333
v 0.025220 0.007638 0.029462
v 0.027610 0.006350 0.027147
v 0.025592 0.007564 0.029102
v 0.025553 -0.007573 0.029140
v 0.025682 -0.007539 0.029014
v 0.026168 -0.007365 0.028543
v 0.026634 -0.007133 0.028092
v 0.026655 -0.007121 0.028072
v 0.027916 0.005959 0.026851
v 0.028068 0.005718 0.026704
v 0.026642 0.007129 0.028085
v 0.026155 0.007370 0.028556
v 0.025668 0.007543 0.029028
v 0.027103 0.006821 0.027638
v 0.027260 0.006693 0.027486
v 0.027115 -0.006812 0.027627
v 0.027275 -0.006680 0.027471
v 0.027624 -0.006335 0.027134
v 0.027927 -0.005942 0.026840
v 0.028079 -0.005698 0.026692
v 0.028305 -0.005246 0.026474
v 0.028490 -0.004749 0.026295
v 0.028635 -0.004213 0.026154
v 0.028749 -0.003602 0.026044
v 0.028830 -0.002949 0.025965
v 0.028889 -0.002257 0.025908
v 0.028942 -0.001163 0.025857
v 0.028296 0.005267 0.026483
v 0.028482 0.004773 0.026302
v 0.028616 0.004293 0.026172
v 0.028735 0.003689 0.026057
v 0.028820 0.003043 0.025975
v 0.028891 0.002224 0.025906
v 0.028942 0.001147 0.025857
v 0.028944 0.001081 0.025855
v 0.028959 -0.000000 0.025840
v 0.027929 0.004162 0.025864
v 0.027778 0.003862 0.025600
v 0.027413 0.004297 0.025428
v 0.028048 0.003496 0.025748
v 0.024712 0.007293 0.028005
v 0.024193 0.007432 0.028507
v 0.024450 0.007412 0.028746
v 0.025552 0.007094 0.027940
v 0.025219 0.007263 0.028488
v 0.024707 0.007390 0.028984
v 0.025715 0.007066 0.028008
v 0.026182 0.006813 0.027556
v 0.026473 0.006167 0.026299
v 0.026145 0.006485 0.026617
v 0.026450 0.006474 0.026902
v 0.025779 0.006765 0.026971
v 0.026245 0.006772 0.027495
v 0.025677 0.006832 0.027070
v 0.025399 0.006996 0.027340
v 0.025208 0.007092 0.027524
v 0.026615 0.006498 0.027136
v 0.026948 0.006182 0.026813
v 0.027135 0.005963 0.026633
v 0.026652 0.005953 0.026126
v 0.026909 0.005565 0.025877
v 0.027397 0.005577 0.026379
v 0.027616 0.005144 0.026167
v 0.027124 0.005129 0.025669
v 0.027765 0.004752 0.026022
v 0.027266 0.004747 0.025531
v 0.027425 0.004154 0.025377
v 0.027541 0.003485 0.025265
v 0.027594 0.003009 0.025213
v 0.028105 0.003018 0.025693
v 0.027627 0.002624 0.025182
v 0.028184 0.001986 0.025617
v 0.027668 0.001949 0.025142
v 0.028211 0.001375 0.025591
v 0.027692 0.001323 0.025118
v 0.028229 0.000628 0.025573
v 0.027707 0.000635 0.025104
v 0.028234 -0.000000 0.025568
v 0.027974 -0.000000 0.025332
v 0.027709 0.000529 0.025102
v 0.027712 -0.000000 0.025099
v 0.027928 -0.004162 0.025864
v 0.027791 -0.003865 0.025613
v 0.028048 -0.003496 0.025748
v 0.025219 -0.007263 0.028488
v 0.025553 -0.007095 0.027943
v 0.025715 -0.007066 0.028008
v 0.025040 -0.007167 0.027687
v 0.025544 -0.006914 0.027199
v 0.026453 -0.006476 0.026909
v 0.026614 -0.006499 0.027137
v 0.026244 -0.006773 0.027495
v 0.027468 -0.003943 0.025336
v 0.027425 -0.004301 0.025441
v 0.027339 -0.004504 0.025460
v 0.028229 -0.000628 0.025573
v 0.027698 -0.001113 0.025113
v 0.028211 -0.001375 0.025591
v 0.028184 -0.001986 0.025617
v 0.027658 -0.002146 0.025152
v 0.028105 -0.003018 0.025693
v 0.027627 -0.002623 0.025181
v 0.027497 -0.003781 0.025308
v 0.027559 -0.003343 0.025248
v 0.027586 -0.003090 0.025221
v 0.027397 -0.005577 0.026379
v 0.027070 -0.005252 0.025721
v 0.027616 -0.005144 0.026167
v 0.027251 -0.004791 0.025545
v 0.027765 -0.004753 0.026022
v 0.026948 -0.006182 0.026813
v 0.026434 -0.006209 0.026337
v 0.027134 -0.005964 0.026633
v 0.026735 -0.005840 0.026046
v 0.026849 -0.005667 0.025935
v 0.026182 -0.006813 0.027556
v 0.026005 -0.006600 0.026753
v 0.026077 -0.006542 0.026683
v 0.024707 -0.007390 0.028984
v 0.024450 -0.007413 0.028746
v 0.025011 -0.007180 0.027716
v 0.024472 -0.007368 0.028237
v 0.024193 -0.007432 0.028507
v 0.024707 -0.007692 0.028984
v 0.024193 -0.007736 0.028507
v 0.027453 -0.005945 0.026325
v 0.027155 -0.006336 0.026613
v 0.027061 -0.006440 0.026704
v 0.026809 -0.006684 0.026949
v 0.026658 -0.006811 0.027095
v 0.026196 -0.007132 0.027542
v 0.026116 -0.007179 0.027620
v 0.025692 -0.007392 0.028030
v 0.025167 -0.007587 0.028539
v 0.024920 -0.007652 0.028778
v 0.026116 0.007179 0.027619
v 0.025613 0.007426 0.028106
v 0.026587 0.006866 0.027163
v 0.026737 0.006746 0.027018
v 0.027096 0.006402 0.026670
v 0.027404 0.006017 0.026372
v 0.027562 0.005769 0.026219
v 0.027788 0.005326 0.026000
v 0.025111 0.007604 0.028593
v 0.024972 0.007640 0.028727
v 0.024707 0.007692 0.028984
v 0.027974 0.004838 0.025820
v 0.028047 0.004597 0.025749
v 0.028184 0.004013 0.025616
v 0.028281 0.003392 0.025522
v 0.028350 0.002730 0.025456
v 0.028433 -0.001187 0.025376
v 0.028386 -0.002237 0.025421
v 0.028382 -0.002298 0.025425
v 0.028326 -0.002992 0.025479
v 0.028247 -0.003645 0.025556
v 0.028133 -0.004256 0.025666
v 0.027998 -0.004762 0.025796
v 0.027819 -0.005256 0.025970
v 0.027599 -0.005706 0.026183
v 0.028391 0.002150 0.025416
v 0.028409 0.001822 0.025399
v 0.028426 0.001394 0.025382
v 0.028437 0.001044 0.025372
v 0.028450 0.000000 0.025359
v 0.024193 0.007736 0.028507
v 0.027326 0.005242 0.025473
v 0.027458 -0.004884 0.025345
v 0.027501 0.004747 0.025303
v 0.027522 0.004676 0.025283
v 0.027275 -0.005360 0.025522
v 0.027047 -0.005805 0.025744
v 0.026774 -0.006204 0.026008
v 0.026537 -0.006477 0.026237
v 0.026189 -0.006798 0.026574
v 0.027663 0.004091 0.025147
v 0.027684 0.003981 0.025127
v 0.025805 -0.007081 0.026947
v 0.025721 -0.007134 0.027027
v 0.025235 -0.007396 0.027498
v 0.025726 0.007131 0.027023
v 0.025223 0.007401 0.027510
v 0.024636 0.007626 0.028078
v 0.024418 0.007688 0.028290
v 0.027111 0.005692 0.025681
v 0.026970 0.005929 0.025818
v 0.026677 0.006322 0.026102
v 0.026332 0.006675 0.026435
v 0.026187 0.006800 0.026576
v 0.027672 -0.004042 0.025138
v 0.024722 -0.007598 0.027996
v 0.027624 -0.004277 0.025185
v 0.027762 0.003467 0.025050
v 0.027806 0.003068 0.025008
v 0.027830 0.002802 0.024985
v 0.027858 0.002429 0.024958
v 0.027883 -0.001975 0.024933
v 0.027915 -0.001100 0.024903
v 0.027745 -0.003596 0.025067
v 0.027799 -0.003140 0.025015
v 0.027808 -0.003046 0.025006
v 0.027874 -0.002152 0.024942
v 0.027879 0.002068 0.024938
v 0.027911 0.001260 0.024907
v 0.027917 0.001003 0.024901
v 0.027925 -0.000553 0.024893
v 0.027928 0.000000 0.024890
v 0.023678 -0.007768 0.028031
v 0.023163 -0.007482 0.027556
v 0.023678 -0.007464 0.028031
v 0.023163 -0.007787 0.027556
v 0.026434 -0.004243 0.024525
v 0.026307 -0.004456 0.024511
v 0.026427 -0.003897 0.024395
v 0.026906 0.000000 0.024417
v 0.027178 -0.000000 0.024642
v 0.027165 -0.001141 0.024654
v 0.026587 -0.002194 0.024240
v 0.026597 -0.001958 0.024230
v 0.027127 -0.002191 0.024691
v 0.026617 -0.001304 0.024210
v 0.026621 -0.001148 0.024207
v 0.026632 -0.000000 0.024196
v 0.027042 -0.003303 0.024774
v 0.026508 -0.003300 0.024316
v 0.026526 -0.003123 0.024299
v 0.026566 -0.002585 0.024260
v 0.027095 -0.002705 0.024722
v 0.027059 -0.003139 0.024758
v 0.027040 -0.003313 0.024775
v 0.027021 -0.003480 0.024794
v 0.026797 -0.003822 0.024690
v 0.026246 -0.005804 0.025545
v 0.025948 -0.006180 0.025833
v 0.025409 -0.006183 0.025381
v 0.025526 -0.006492 0.026051
v 0.025046 -0.006535 0.025733
v 0.024809 -0.006721 0.025962
v 0.025594 -0.006521 0.026176
v 0.025530 -0.006575 0.026238
v 0.025072 -0.006899 0.026682
v 0.024320 -0.007032 0.026435
v 0.024590 -0.007136 0.027070
v 0.024568 -0.007165 0.027169
v 0.023933 -0.007222 0.026811
v 0.023790 -0.007281 0.026949
v 0.023996 -0.007380 0.027724
v 0.023230 -0.007465 0.027491
v 0.025721 -0.005791 0.025079
v 0.025829 -0.005625 0.024974
v 0.026354 -0.005635 0.025439
v 0.026046 -0.005211 0.024764
v 0.026572 -0.005217 0.025229
v 0.026221 -0.004751 0.024594
v 0.026749 -0.004754 0.025058
v 0.026833 -0.004469 0.024976
v 0.026956 -0.003905 0.024857
v 0.026961 -0.003875 0.024852
v 0.024051 0.007363 0.027670
v 0.023678 0.007464 0.028031
v 0.023678 0.007768 0.028031
v 0.025592 -0.006871 0.026178
v 0.025181 -0.007159 0.026576
v 0.026847 0.004413 0.024962
v 0.026766 0.004700 0.025041
v 0.027006 0.004677 0.024808
v 0.026443 0.005950 0.025354
v 0.026688 0.005520 0.025116
v 0.026594 0.005167 0.025207
v 0.024204 -0.007620 0.027522
v 0.024706 -0.007417 0.027036
v 0.024308 -0.007583 0.027421
v 0.026967 0.003842 0.024846
v 0.026889 0.005042 0.024922
v 0.025981 0.006143 0.025801
v 0.025634 0.006486 0.026137
v 0.025603 0.006863 0.026168
v 0.025560 0.006550 0.026209
v 0.025176 0.007163 0.026581
v 0.025107 0.006877 0.026647
v 0.024703 0.007419 0.027039
v 0.026381 0.005590 0.025413
v 0.026273 0.005765 0.025519
v 0.026262 0.006202 0.025529
v 0.025952 0.006552 0.025830
v 0.024608 0.007147 0.027131
v 0.024604 0.007148 0.027135
v 0.024343 0.007570 0.027388
v 0.024203 0.007621 0.027523
v 0.027165 0.001165 0.024655
v 0.027124 0.002239 0.024694
v 0.027354 0.001984 0.024472
v 0.027315 0.002667 0.024509
v 0.027095 0.002706 0.024722
v 0.027300 0.002872 0.024524
v 0.025942 -0.006561 0.025839
v 0.026255 -0.006212 0.025536
v 0.026436 -0.005962 0.025361
v 0.026681 -0.005533 0.025123
v 0.026884 -0.005058 0.024927
v 0.027003 -0.004691 0.024812
v 0.027153 -0.004045 0.024666
v 0.027182 -0.003881 0.024638
v 0.027259 -0.003309 0.024563
v 0.027376 -0.001374 0.024450
v 0.027350 -0.002066 0.024475
v 0.027313 -0.002697 0.024511
v 0.027288 -0.003011 0.024535
v 0.027377 0.001338 0.024449
v 0.027385 0.000962 0.024441
v 0.027395 -0.000000 0.024432
v 0.027384 -0.001054 0.024443
v 0.027157 0.004027 0.024662
v 0.027192 0.003823 0.024629
v 0.027049 0.003231 0.024767
v 0.027262 0.003287 0.024561
v 0.027294 0.002941 0.024529
v 0.023163 0.007787 0.027556
v 0.023163 0.007482 0.027556
v 0.026521 0.003170 0.024303
v 0.026072 0.005151 0.024739
v 0.024589 0.007135 0.027064
v 0.024390 0.006993 0.026368
v 0.023934 0.007221 0.026809
v 0.023864 0.007251 0.026877
v 0.023306 0.007444 0.027417
v 0.025520 0.006488 0.026039
v 0.025095 0.006492 0.025685
v 0.024872 0.006674 0.025900
v 0.024420 0.006975 0.026339
v 0.025860 0.005572 0.024944
v 0.025754 0.005741 0.025046
v 0.025451 0.006136 0.025340
v 0.026322 0.004398 0.024496
v 0.026411 0.004235 0.024502
v 0.026438 0.003830 0.024384
v 0.026772 0.003814 0.024666
v 0.026516 0.003224 0.024308
v 0.026584 0.002259 0.024243
v 0.026597 0.001959 0.024230
v 0.026620 0.001182 0.024208
v 0.026629 0.000629 0.024199
v 0.026241 0.004688 0.024575
v 0.024219 -0.007405 0.026533
v 0.024707 -0.007126 0.026060
v 0.024859 -0.007023 0.025913
v 0.025243 -0.006717 0.025542
v 0.025590 -0.006366 0.025205
v 0.025795 -0.006113 0.025007
v 0.026058 -0.005710 0.024752
v 0.026274 -0.005267 0.024543
v 0.026367 -0.005026 0.024453
v 0.026536 -0.004458 0.024289
v 0.023703 -0.007625 0.027033
v 0.023432 -0.007714 0.027295
v 0.023703 0.007625 0.027033
v 0.024217 0.007405 0.026535
v 0.026661 -0.003824 0.024169
v 0.026677 -0.003711 0.024152
v 0.026721 -0.003358 0.024110
v 0.026708 0.003477 0.024123
v 0.026620 0.004061 0.024207
v 0.026599 0.004170 0.024228
v 0.026446 0.004787 0.024376
v 0.026318 0.005157 0.024500
v 0.026282 0.005249 0.024536
v 0.026066 0.005696 0.024745
v 0.025803 0.006103 0.024999
v 0.025605 0.006349 0.025190
v 0.025260 0.006702 0.025525
v 0.024878 0.007010 0.025895
v 0.024705 0.007128 0.026063
v 0.026761 0.002918 0.024072
v 0.026817 0.001890 0.024017
v 0.026763 -0.002879 0.024069
v 0.026793 -0.002421 0.024041
v 0.026822 0.001740 0.024012
v 0.026842 0.000920 0.023993
v 0.026850 0.000000 0.023985
v 0.026841 -0.000978 0.023994
v 0.026814 -0.001972 0.024020
v 0.025902 -0.003782 0.023929
v 0.025745 -0.003743 0.023793
v 0.025948 -0.003433 0.023884
v 0.022135 -0.007487 0.026602
v 0.022313 -0.007432 0.026431
v 0.022392 -0.007489 0.026841
v 0.023156 -0.007324 0.026589
v 0.022649 -0.007489 0.027079
v 0.022856 -0.007215 0.025905
v 0.023430 -0.006961 0.025526
v 0.023636 -0.007107 0.026124
v 0.024085 -0.006841 0.025688
v 0.023295 -0.006979 0.025479
v 0.023374 -0.006931 0.025403
v 0.023712 -0.006696 0.025075
v 0.024536 -0.006495 0.025252
v 0.024120 -0.006344 0.024680
v 0.024871 -0.006163 0.024927
v 0.024477 -0.005946 0.024334
v 0.025167 -0.005791 0.024641
v 0.024712 -0.005614 0.024106
v 0.025295 -0.005596 0.024517
v 0.024945 -0.005194 0.023881
v 0.025516 -0.005176 0.024303
v 0.025691 -0.004713 0.024133
v 0.025127 -0.004738 0.023705
v 0.025176 -0.004580 0.023658
v 0.025786 -0.004373 0.024041
v 0.025223 -0.004405 0.023612
v 0.025504 -0.000666 0.023339
v 0.025507 -0.000000 0.023337
v 0.025792 -0.000000 0.023548
v 0.025333 -0.003874 0.023506
v 0.025406 -0.003303 0.023435
v 0.025967 -0.003260 0.023866
v 0.025426 -0.003072 0.023415
v 0.025984 -0.003068 0.023849
v 0.025459 -0.002534 0.023384
v 0.026011 -0.002677 0.023823
v 0.025473 -0.002180 0.023370
v 0.026042 -0.001998 0.023793
v 0.025498 -0.001152 0.023345
v 0.026049 -0.001805 0.023786
v 0.026071 -0.000707 0.023765
v 0.026075 0.000000 0.023761
v 0.022135 -0.007793 0.026602
v 0.022649 -0.007795 0.027079
v 0.025172 -0.006201 0.024636
v 0.024825 -0.006587 0.024972
v 0.024739 -0.006669 0.025055
v 0.025466 -0.005781 0.024351
v 0.025594 -0.005554 0.024227
v 0.025796 -0.005104 0.024031
v 0.025955 -0.004614 0.023878
v 0.026052 -0.004200 0.023784
v 0.024319 -0.007014 0.025462
v 0.024014 -0.007217 0.025758
v 0.023482 -0.007500 0.026273
v 0.025120 0.006266 0.024686
v 0.024821 0.006218 0.024976
v 0.024748 0.006662 0.025047
v 0.024464 0.006557 0.025321
v 0.024330 0.007007 0.025452
v 0.024074 0.006849 0.025700
v 0.023950 0.007256 0.025820
v 0.023651 0.007098 0.026109
v 0.023413 0.007531 0.026339
v 0.023198 0.007307 0.026547
v 0.022853 0.007737 0.026881
v 0.022649 0.007489 0.027079
v 0.022649 0.007795 0.027079
v 0.022925 -0.007715 0.026812
v 0.026150 -0.003590 0.023688
v 0.026157 -0.003535 0.023682
v 0.025970 0.003224 0.023863
v 0.025949 0.003432 0.023884
v 0.026161 0.003503 0.023678
v 0.025910 0.003727 0.023921
v 0.026073 0.004088 0.023763
v 0.025889 0.003863 0.023941
v 0.025949 0.004635 0.023883
v 0.025769 0.004441 0.024058
v 0.025830 0.005012 0.023998
v 0.025607 0.004955 0.024214
v 0.025632 0.005481 0.024190
v 0.025508 0.005194 0.024311
v 0.025388 0.005905 0.024427
v 0.025290 0.005604 0.024522
v 0.025029 0.005976 0.024774
v 0.025990 0.002985 0.023843
v 0.026209 0.002990 0.023632
v 0.026013 0.002634 0.023821
v 0.026229 0.002673 0.023612
v 0.026047 0.001856 0.023788
v 0.026212 -0.002940 0.023628
v 0.026226 -0.002734 0.023615
v 0.026235 -0.002572 0.023606
v 0.026265 -0.001873 0.023577
v 0.026257 0.002099 0.023585
v 0.026267 0.001796 0.023575
v 0.026061 0.001337 0.023775
v 0.026284 0.001100 0.023559
v 0.026072 0.000645 0.023764
v 0.026287 0.000871 0.023556
v 0.026293 -0.000000 0.023550
v 0.026286 -0.000956 0.023557
v 0.026279 -0.001353 0.023564
v 0.022392 0.007489 0.026841
v 0.022135 0.007487 0.026602
v 0.022135 0.007793 0.026602
v 0.023439 0.006960 0.025528
v 0.025765 0.003718 0.023802
v 0.025505 0.000608 0.023339
v 0.025497 0.001240 0.023346
v 0.025483 0.001891 0.023360
v 0.025467 0.002337 0.023375
v 0.025423 0.003119 0.023419
v 0.025419 0.004128 0.023653
v 0.025254 0.004275 0.023581
v 0.025175 0.004583 0.023659
v 0.025011 0.005047 0.023817
v 0.024827 0.005457 0.024028
v 0.024803 0.005465 0.024019
v 0.024695 0.005641 0.024123
v 0.024385 0.006058 0.024423
v 0.024025 0.006434 0.024772
v 0.023771 0.006651 0.025018
v 0.023290 0.006982 0.025484
v 0.022768 0.007255 0.025990
v 0.022221 0.007461 0.026520
v 0.025357 0.003717 0.023483
v 0.024778 -0.005961 0.024043
v 0.022975 0.007475 0.025789
v 0.022695 0.007601 0.026060
v 0.025488 -0.004248 0.023355
v 0.025348 -0.004793 0.023491
v 0.024485 -0.006336 0.024327
v 0.024245 -0.006590 0.024559
v 0.023850 -0.006935 0.024942
v 0.023421 -0.007231 0.025357
v 0.023430 0.007225 0.025348
v 0.023854 0.006931 0.024938
v 0.024244 0.006592 0.024560
v 0.024519 0.006297 0.024294
v 0.024806 0.005920 0.024016
v 0.025051 0.005513 0.023778
v 0.025186 0.005230 0.023648
v 0.025365 0.004735 0.023474
v 0.025502 0.004180 0.023342
v 0.025551 0.003904 0.023294
v 0.025563 0.003825 0.023282
v 0.025028 -0.005556 0.023801
v 0.025164 -0.005280 0.023669
v 0.022962 -0.007482 0.025802
v 0.022695 -0.007601 0.026060
v 0.025542 -0.003958 0.023303
v 0.025563 -0.003825 0.023282
v 0.025630 -0.003259 0.023218
v 0.025636 0.003191 0.023212
v 0.025677 0.002531 0.023172
v 0.025691 0.002200 0.023159
v 0.025674 -0.002591 0.023175
v 0.025723 -0.000663 0.023128
v 0.025704 -0.001774 0.023146
v 0.025687 -0.002308 0.023163
v 0.025706 0.001704 0.023144
v 0.025721 0.000824 0.023129
v 0.025724 0.000519 0.023127
v 0.025726 -0.000000 0.023125
v 0.023815 -0.006029 0.024001
v 0.023469 -0.006394 0.024336
v 0.023275 -0.006117 0.023785
v 0.024458 -0.004988 0.023378
v 0.024253 -0.005401 0.023577
v 0.023883 -0.005348 0.023287
v 0.024004 -0.005788 0.023818
v 0.024639 -0.000000 0.022716
v 0.024930 -0.000000 0.022921
v 0.024928 -0.000672 0.022923
v 0.024342 -0.000938 0.022516
v 0.024346 -0.000000 0.022512
v 0.024920 -0.001329 0.022931
v 0.024339 -0.001235 0.022519
v 0.024908 -0.001955 0.022943
v 0.024330 -0.001826 0.022528
v 0.024881 -0.002700 0.022969
v 0.024319 -0.002278 0.022539
v 0.024293 -0.002889 0.022564
v 0.024819 -0.003491 0.023029
v 0.024250 -0.003413 0.022606
v 0.024718 -0.003596 0.022977
v 0.024244 -0.003461 0.022611
v 0.024165 -0.003995 0.022688
v 0.024801 -0.003639 0.023046
v 0.024698 -0.004224 0.023146
v 0.024079 -0.004373 0.022771
v 0.024592 -0.004622 0.023248
v 0.024030 -0.004542 0.022818
v 0.024554 -0.004738 0.023285
v 0.023853 -0.005006 0.022990
v 0.023618 -0.005452 0.023217
v 0.023445 -0.005718 0.023385
v 0.023099 -0.006146 0.023720
v 0.021114 -0.007454 0.025642
v 0.021310 -0.007382 0.025453
v 0.021623 -0.007476 0.026124
v 0.021838 -0.007134 0.024942
v 0.022163 -0.007269 0.025602
v 0.022334 -0.006823 0.024461
v 0.022670 -0.007001 0.025110
v 0.023087 -0.006719 0.024706
v 0.022696 -0.006538 0.024111
v 0.021114 -0.007764 0.025642
v 0.021623 -0.007783 0.026124
v 0.024061 -0.006130 0.023763
v 0.023702 -0.006537 0.024110
v 0.024075 0.006114 0.023749
v 0.024315 0.005771 0.023517
v 0.024253 0.005401 0.023577
v 0.023410 -0.006807 0.024393
v 0.024369 -0.005683 0.023464
v 0.024499 -0.005453 0.023338
v 0.021623 0.007476 0.026124
v 0.021623 0.007783 0.026124
v 0.021713 0.007755 0.026037
v 0.025035 -0.003535 0.022819
v 0.024946 -0.004124 0.022906
v 0.022016 -0.007645 0.025743
v 0.022559 -0.007390 0.025218
v 0.022946 -0.007157 0.024843
v 0.024857 -0.004518 0.022991
v 0.024701 -0.005008 0.023143
v 0.024639 -0.005161 0.023203
v 0.024459 0.004987 0.023378
v 0.024564 0.005324 0.023275
v 0.024555 0.004737 0.023285
v 0.024758 0.004850 0.023088
v 0.024599 0.004599 0.023241
v 0.022243 0.007548 0.025523
v 0.022162 0.007269 0.025602
v 0.021928 0.007680 0.025829
v 0.021794 0.007728 0.025959
v 0.024004 0.005787 0.023818
v 0.023817 0.006027 0.023999
v 0.023705 0.006534 0.024108
v 0.023471 0.006393 0.024334
v 0.023281 0.006914 0.024519
v 0.023089 0.006717 0.024704
v 0.022871 0.007206 0.024915
v 0.022672 0.007000 0.025108
v 0.022355 0.007495 0.025415
v 0.022262 0.007539 0.025505
v 0.024699 0.004223 0.023145
v 0.024875 0.004451 0.022975
v 0.024801 0.003637 0.023046
v 0.024983 0.003916 0.022870
v 0.024819 0.003489 0.023029
v 0.025055 0.003343 0.022800
v 0.024881 0.002699 0.022969
v 0.025089 -0.002904 0.022767
v 0.025071 -0.003162 0.022785
v 0.025078 0.003067 0.022778
v 0.025113 0.002379 0.022743
v 0.024909 0.001908 0.022942
v 0.025120 0.002181 0.022737
v 0.024920 0.001325 0.022931
v 0.025135 0.001597 0.022723
v 0.025142 0.001156 0.022716
v 0.024928 0.000614 0.022923
v 0.025146 0.000774 0.022712
v 0.025149 0.000000 0.022709
v 0.025145 -0.000849 0.022713
v 0.025138 -0.001396 0.022719
v 0.025133 -0.001663 0.022724
v 0.025105 -0.002597 0.022752
v 0.021114 0.007764 0.025642
v 0.021114 0.007454 0.025642
v 0.024029 0.004545 0.022820
v 0.021306 0.007384 0.025457
v 0.021834 0.007136 0.024946
v 0.023889 0.005332 0.023276
v 0.023616 0.005456 0.023219
v 0.023443 0.005721 0.023387
v 0.024383 0.005046 0.023368
v 0.023282 0.006108 0.023776
v 0.023097 0.006149 0.023722
v 0.022693 0.006541 0.024113
v 0.023852 0.005009 0.022991
v 0.024713 0.003562 0.022966
v 0.024253 0.003384 0.022603
v 0.024244 0.003462 0.022611
v 0.024165 0.003996 0.022688
v 0.024085 0.004351 0.022765
v 0.024045 0.004491 0.022803
v 0.024293 0.002891 0.022564
v 0.024319 0.002280 0.022539
v 0.024331 0.001782 0.022527
v 0.024340 0.001185 0.022518
v 0.024342 0.000942 0.022516
v 0.022330 0.006825 0.024464
v 0.024165 -0.004860 0.022687
v 0.024258 -0.004575 0.022598
v 0.023972 -0.005310 0.022874
v 0.023734 -0.005733 0.023105
v 0.021643 -0.007552 0.025130
v 0.022148 -0.007280 0.024641
v 0.022625 -0.006948 0.024179
v 0.022721 -0.006871 0.024086
v 0.023104 -0.006522 0.023716
v 0.023448 -0.006134 0.023382
v 0.021643 0.007553 0.025131
v 0.022146 0.007281 0.024643
v 0.022623 0.006950 0.024181
v 0.022750 0.006847 0.024058
v 0.023128 0.006497 0.023692
v 0.023467 0.006111 0.023363
v 0.023741 0.005722 0.023098
v 0.023978 0.005298 0.022869
v 0.023995 0.005264 0.022852
v 0.024170 0.004847 0.022683
v 0.024262 0.004560 0.022593
v 0.024480 -0.003321 0.022382
v 0.024391 -0.003992 0.022468
v 0.024395 0.003974 0.022465
v 0.024451 0.003592 0.022411
v 0.024483 0.003297 0.022380
v 0.024517 0.002824 0.022347
v 0.024540 0.002230 0.022325
v 0.024553 0.001616 0.022311
v 0.024552 -0.001679 0.022312
v 0.024538 -0.002285 0.022326
v 0.024515 -0.002855 0.022349
v 0.024563 0.000724 0.022302
v 0.024566 -0.000000 0.022299
v 0.024563 -0.000794 0.022302
v 0.020108 -0.007384 0.024668
v 0.020358 -0.007405 0.024913
v 0.020108 -0.007697 0.024668
v 0.020609 -0.007424 0.025157
v 0.020609 -0.007735 0.025157
v 0.022387 0.005407 0.022461
v 0.022960 0.005168 0.022575
v 0.022627 0.004962 0.022228
v 0.021430 0.006586 0.023463
v 0.021534 0.006449 0.023287
v 0.021130 0.006790 0.023678
v 0.022754 0.005805 0.023079
v 0.022394 0.005979 0.023088
v 0.022419 0.006201 0.023404
v 0.023063 0.004130 0.022014
v 0.023596 0.003868 0.022265
v 0.023643 0.003360 0.022177
v 0.023680 0.003250 0.022183
v 0.023171 -0.000000 0.021701
v 0.023170 0.000523 0.021702
v 0.023465 -0.000000 0.021904
v 0.023754 0.001095 0.022111
v 0.023759 -0.000000 0.022106
v 0.023167 0.001088 0.021705
v 0.023161 0.001627 0.021711
v 0.023746 0.001769 0.022119
v 0.023158 0.001849 0.021714
v 0.023737 0.002189 0.022128
v 0.023152 0.002147 0.021720
v 0.023123 0.002829 0.021748
v 0.023694 0.003090 0.022169
v 0.022821 0.004490 0.022041
v 0.023379 0.004669 0.022474
v 0.023470 0.004400 0.022386
v 0.022946 0.005532 0.022894
v 0.023185 0.005113 0.022662
v 0.020611 0.007135 0.024181
v 0.020108 0.007384 0.024668
v 0.020358 0.007405 0.024913
v 0.022229 0.005648 0.022614
v 0.021901 0.006068 0.022931
v 0.022046 0.006559 0.023766
v 0.021636 0.006877 0.024162
v 0.021375 0.007048 0.024416
v 0.021124 0.007191 0.024658
v 0.020609 0.007424 0.025157
v 0.023108 0.003025 0.021762
v 0.023031 0.003660 0.021837
v 0.022911 0.004205 0.021953
v 0.023758 -0.000568 0.022108
v 0.023527 -0.004192 0.022331
v 0.023482 -0.004358 0.022374
v 0.023042 -0.004119 0.021996
v 0.020611 -0.007135 0.024181
v 0.021495 -0.006973 0.024300
v 0.021427 -0.006583 0.023455
v 0.021946 -0.006643 0.023862
v 0.022372 -0.006250 0.023449
v 0.020992 -0.007258 0.024786
v 0.021129 -0.006791 0.023679
v 0.021533 -0.006450 0.023288
v 0.022387 -0.005973 0.023077
v 0.022749 -0.005813 0.023085
v 0.022946 -0.005532 0.022893
v 0.022228 -0.005649 0.022614
v 0.022387 -0.005407 0.022461
v 0.022947 -0.005159 0.022560
v 0.021900 -0.006069 0.022932
v 0.023199 -0.005085 0.022648
v 0.023402 -0.004606 0.022452
v 0.022627 -0.004963 0.022229
v 0.022820 -0.004490 0.022041
v 0.022911 -0.004206 0.021953
v 0.023625 -0.003693 0.022236
v 0.023616 -0.003348 0.022157
v 0.023688 -0.003158 0.022175
v 0.023152 -0.002147 0.021720
v 0.023158 -0.001850 0.021714
v 0.023746 -0.001768 0.022119
v 0.023161 -0.001627 0.021711
v 0.023167 -0.001088 0.021705
v 0.023754 -0.001144 0.022111
v 0.023170 -0.000523 0.021702
v 0.023738 -0.002139 0.022126
v 0.023702 -0.002986 0.022162
v 0.023123 -0.002830 0.021748
v 0.023108 -0.003026 0.021762
v 0.023031 -0.003661 0.021837
v 0.022683 -0.006300 0.023148
v 0.022296 -0.006696 0.023523
v 0.021140 -0.007504 0.024643
v 0.021417 -0.007351 0.024375
v 0.021873 -0.007047 0.023933
v 0.022052 -0.006907 0.023760
v 0.022875 -0.006068 0.022963
v 0.023166 -0.005648 0.022681
v 0.023414 -0.005192 0.022441
v 0.023533 -0.004920 0.022325
v 0.023701 -0.004424 0.022162
v 0.022973 0.005938 0.022868
v 0.022749 0.006223 0.023085
v 0.022335 0.006659 0.023485
v 0.021877 0.007044 0.023929
v 0.021381 0.007372 0.024409
v 0.021301 0.007418 0.024487
v 0.020773 0.007672 0.024998
v 0.020609 0.007735 0.025157
v 0.023962 0.001963 0.021910
v 0.023935 0.002783 0.021936
v 0.023877 0.003484 0.021992
v 0.023794 0.004024 0.022072
v 0.023670 0.004532 0.022193
v 0.023499 0.005002 0.022358
v 0.023259 0.005491 0.022591
v 0.023971 0.001380 0.021901
v 0.023974 0.001078 0.021898
v 0.023974 0.001037 0.021898
v 0.023820 -0.003882 0.022047
v 0.023873 -0.003520 0.021996
v 0.023936 -0.002761 0.021935
v 0.023958 -0.002121 0.021913
v 0.023969 -0.001572 0.021903
v 0.023970 -0.001438 0.021902
v 0.023977 -0.000734 0.021895
v 0.023979 0.000000 0.021893
v 0.023977 0.000667 0.021895
v 0.023975 0.000995 0.021897
v 0.020108 0.007697 0.024668
v 0.020205 0.007658 0.024574
v 0.023084 0.004432 0.021785
v 0.022915 0.004902 0.021950
v 0.023339 -0.002904 0.021539
v 0.023284 -0.003476 0.021592
v 0.023193 -0.004013 0.021680
v 0.023066 -0.004490 0.021803
v 0.020412 -0.007563 0.024374
v 0.020816 0.007341 0.023982
v 0.020718 0.007400 0.024077
v 0.020411 0.007564 0.024374
v 0.022674 0.005403 0.022183
v 0.022383 0.005868 0.022465
v 0.022164 0.006158 0.022677
v 0.021756 0.006605 0.023072
v 0.021303 0.007002 0.023510
v 0.020645 -0.007442 0.024148
v 0.021141 -0.007125 0.023668
v 0.023376 0.001940 0.021503
v 0.022869 -0.005008 0.021994
v 0.022622 -0.005495 0.022233
v 0.022399 -0.005845 0.022449
v 0.022033 -0.006313 0.022804
v 0.021616 -0.006738 0.023207
v 0.021495 -0.006845 0.023325
v 0.023214 0.003913 0.021660
v 0.023298 0.003356 0.021578
v 0.023349 0.002746 0.021529
v 0.023360 0.002506 0.021518
v 0.023368 -0.002278 0.021510
v 0.023386 -0.001235 0.021494
v 0.023387 0.001027 0.021492
v 0.023390 0.000612 0.021490
v 0.023391 -0.000000 0.021488
v 0.023389 -0.000671 0.021490
v 0.021142 0.006198 0.022692
v 0.020581 0.006481 0.022800
v 0.020726 0.006605 0.023094
v 0.021923 0.002998 0.020961
v 0.022507 0.003102 0.021370
v 0.022558 0.002399 0.021320
v 0.020066 0.006634 0.022759
v 0.019600 0.006997 0.023211
v 0.020230 0.006987 0.023575
v 0.019746 0.007271 0.024044
v 0.019127 0.007278 0.023669
v 0.019614 0.007335 0.024172
v 0.020830 0.005795 0.022020
v 0.020467 0.006240 0.022372
v 0.020502 0.006241 0.022393
v 0.021891 0.003232 0.020992
v 0.021781 0.003779 0.021099
v 0.022080 0.003899 0.021326
v 0.021665 0.004176 0.021211
v 0.021532 0.004578 0.021365
v 0.021463 0.004701 0.021407
v 0.022491 0.003242 0.021386
v 0.022001 0.001121 0.020885
v 0.021998 0.001435 0.020888
v 0.022579 0.001435 0.021300
v 0.021991 0.001908 0.020895
v 0.021978 0.002276 0.020907
v 0.022585 0.000512 0.021294
v 0.022586 0.000000 0.021293
v 0.022295 -0.000000 0.021088
v 0.022002 0.000949 0.020884
v 0.022004 0.000456 0.020882
v 0.022005 -0.000000 0.020882
v 0.022396 0.003797 0.021478
v 0.022252 0.004310 0.021617
v 0.022152 0.004583 0.021714
v 0.021990 0.004952 0.021871
v 0.021920 0.005090 0.021938
v 0.021214 0.005197 0.021648
v 0.021227 0.005511 0.021940
v 0.021155 0.005301 0.021705
v 0.021516 0.005738 0.022329
v 0.021634 0.005569 0.022215
v 0.022480 -0.003320 0.021396
v 0.021984 -0.002127 0.020902
v 0.022546 -0.002635 0.021332
v 0.022577 -0.001635 0.021302
v 0.022585 -0.000513 0.021294
v 0.022003 -0.000765 0.020883
v 0.022583 -0.001066 0.021297
v 0.022577 -0.001594 0.021302
v 0.021998 -0.001430 0.020888
v 0.021998 -0.001473 0.020889
v 0.022068 -0.003891 0.021316
v 0.021880 -0.003304 0.021003
v 0.021949 -0.002736 0.020936
v 0.021575 -0.004428 0.021298
v 0.021658 -0.004196 0.021218
v 0.021812 -0.003649 0.021068
v 0.022415 -0.003705 0.021459
v 0.022281 -0.004222 0.021589
v 0.022094 -0.004725 0.021770
v 0.021519 -0.004571 0.021353
v 0.022036 -0.004854 0.021826
v 0.021785 -0.005331 0.022069
v 0.021223 -0.005506 0.021933
v 0.020571 -0.006122 0.022271
v 0.020929 -0.005655 0.021924
v 0.021246 -0.005139 0.021616
v 0.021345 -0.004951 0.021521
v 0.019711 -0.006919 0.023104
v 0.020104 -0.007069 0.023698
v 0.019241 -0.007218 0.023558
v 0.019614 -0.007335 0.024172
v 0.019127 -0.007278 0.023669
v 0.020567 -0.006739 0.023249
v 0.020580 -0.006479 0.022797
v 0.020971 -0.006376 0.022857
v 0.020501 -0.006238 0.022388
v 0.021339 -0.005969 0.022501
v 0.021669 -0.005518 0.022182
v 0.020153 -0.006557 0.022676
v 0.019614 -0.007651 0.024172
v 0.019127 -0.007598 0.023669
v 0.020013 -0.007451 0.023785
v 0.022207 -0.005056 0.021660
v 0.021938 -0.005557 0.021921
v 0.019614 0.007651 0.024172
v 0.020009 0.007454 0.023789
v 0.020484 0.007148 0.023329
v 0.020929 0.006785 0.022899
v 0.021787 0.005794 0.022068
v 0.022070 0.005328 0.021793
v 0.021721 -0.005889 0.022131
v 0.021344 -0.006364 0.022496
v 0.020923 -0.006790 0.022904
v 0.020465 -0.007162 0.023347
v 0.020397 -0.007210 0.023413
v 0.022391 -0.004618 0.021482
v 0.022426 -0.004522 0.021449
v 0.022572 -0.004037 0.021307
v 0.022682 -0.003484 0.021201
v 0.022747 -0.002904 0.021137
v 0.022780 -0.002329 0.021105
v 0.021461 0.006228 0.022383
v 0.021340 0.006369 0.022500
v 0.022725 0.003144 0.021159
v 0.022628 0.003790 0.021253
v 0.022490 0.004327 0.021386
v 0.022297 0.004856 0.021573
v 0.022787 -0.002102 0.021098
v 0.022801 -0.001132 0.021085
v 0.022794 0.001736 0.021092
v 0.022782 0.002290 0.021104
v 0.022779 0.002367 0.021107
v 0.022801 0.001149 0.021085
v 0.022802 0.001052 0.021084
v 0.022804 0.000554 0.021082
v 0.022805 0.000000 0.021081
v 0.022804 -0.000608 0.021082
v 0.019127 0.007598 0.023669
v 0.020181 0.006893 0.022649
v 0.021292 -0.005554 0.021572
v 0.021296 -0.005546 0.021568
v 0.020445 0.006644 0.022392
v 0.020840 0.006201 0.022010
v 0.021197 0.005705 0.021664
v 0.021468 0.005242 0.021402
v 0.021550 0.005081 0.021322
v 0.021721 0.004703 0.021157
v 0.020067 -0.006990 0.022759
v 0.019721 0.007251 0.023093
v 0.019558 0.007359 0.023252
v 0.019237 0.007543 0.023563
v 0.019611 -0.007325 0.023200
v 0.021920 0.004135 0.020964
v 0.021940 0.004065 0.020944
v 0.022070 0.003516 0.020819
v 0.022152 0.002933 0.020739
v 0.022196 0.002320 0.020696
v 0.022131 -0.003125 0.020760
v 0.022046 -0.003641 0.020842
v 0.021900 -0.004200 0.020983
v 0.021705 -0.004739 0.021172
v 0.020493 -0.006596 0.022346
v 0.020595 -0.006487 0.022247
v 0.020958 -0.006049 0.021896
v 0.021279 -0.005575 0.021585
v 0.021558 -0.005066 0.021315
v 0.021543 -0.005095 0.021329
v 0.022218 0.001355 0.020675
v 0.022223 0.000496 0.020670
v 0.022224 -0.000000 0.020669
v 0.022223 -0.000544 0.020670
v 0.022218 -0.001344 0.020675
v 0.022215 -0.001595 0.020678
v 0.022192 -0.002410 0.020701
v 0.033547 -0.001878 0.036989
v 0.033641 -0.001628 0.036897
v 0.033516 -0.001649 0.037270
v 0.033236 -0.002014 0.037647
v 0.033068 -0.002640 0.037453
v 0.033157 -0.002539 0.037366
v 0.033429 -0.000690 0.037873
v 0.033355 -0.001372 0.037786
v 0.033309 -0.001651 0.037733
v 0.033888 0.000000 0.036658
v 0.033722 -0.000000 0.037285
v 0.033862 -0.000553 0.036684
v 0.033686 -0.000598 0.037311
v 0.033847 -0.000690 0.036698
v 0.033766 -0.001176 0.036777
v 0.033454 -0.000000 0.037902
v 0.033369 -0.002234 0.037161
v 0.033422 0.002140 0.037110
v 0.033295 0.002353 0.037233
v 0.033515 0.001651 0.037269
v 0.033686 0.000601 0.037310
v 0.033432 0.000654 0.037876
v 0.033362 0.001325 0.037794
v 0.033309 0.001653 0.037732
v 0.033068 0.002640 0.037453
v 0.033240 0.001995 0.037652
v 0.033843 0.000726 0.036702
v 0.033817 0.000907 0.036728
v 0.033709 0.001404 0.036832
v 0.033600 0.001744 0.036937
v 0.033886 0.000175 0.036661
v 0.033068 -0.003310 0.037453
v 0.033177 0.003216 0.037347
v 0.033068 0.003310 0.037453
v 0.033432 0.002937 0.037101
v 0.033655 0.002600 0.036884
v 0.033813 0.002285 0.036731
v 0.033979 0.001844 0.036570
v 0.034105 0.001363 0.036448
v 0.034145 0.001160 0.036410
v 0.034218 0.000590 0.036339
v 0.034243 -0.000000 0.036314
v 0.033339 -0.003050 0.037190
v 0.033579 -0.002728 0.036958
v 0.033652 -0.002606 0.036887
v 0.033854 -0.002189 0.036691
v 0.034029 -0.001674 0.036522
v 0.034151 -0.001121 0.036404
v 0.034223 -0.000536 0.036334
v 0.034241 -0.000188 0.036317
v 0.033567 -0.001376 0.038034
v 0.033450 -0.002039 0.037897
v 0.033425 -0.002151 0.037868
v 0.033444 0.002068 0.037890
v 0.033551 0.001490 0.038015
v 0.033563 0.001407 0.038030
v 0.033608 0.001040 0.038083
v 0.033656 0.000346 0.038139
v 0.033662 -0.000000 0.038146
v 0.033638 -0.000695 0.038118
v 0.033279 0.002704 0.037697
v 0.033256 -0.002777 0.037671
v 0.025616 -0.007585 0.031163
v 0.026750 -0.007407 0.031757
v 0.026753 -0.007387 0.032245
v 0.018651 -0.007540 0.023156
v 0.018152 -0.007673 0.023251
v 0.018430 -0.007513 0.022909
v 0.021313 -0.004083 0.020577
v 0.021466 -0.003493 0.020429
v 0.020899 -0.005830 0.021626
v 0.017867 -0.007802 0.023601
v 0.019830 -0.007623 0.024205
v 0.021452 -0.006753 0.023141
v 0.021821 -0.007416 0.024810
v 0.021919 -0.007720 0.026012
v 0.025438 0.000000 0.022915
v 0.023568 -0.006903 0.024684
v 0.026370 -0.001887 0.023660
v 0.025863 -0.006672 0.025985
v 0.027184 -0.004738 0.025002
v 0.024346 -0.007622 0.027696
v 0.024323 -0.007742 0.029353
v 0.027974 -0.005049 0.025966
v 0.027807 -0.005888 0.026630
v 0.026553 -0.007082 0.027793
v 0.028348 -0.006133 0.027651
v 0.030204 -0.004853 0.028467
v 0.029384 -0.006636 0.030973
v 0.030349 -0.005444 0.029420
v 0.031676 -0.000700 0.028979
v 0.030276 -0.005958 0.030361
v 0.032365 -0.002157 0.030295
v 0.031319 -0.005219 0.030871
v 0.030565 -0.006093 0.031583
v 0.030653 -0.006207 0.033478
v 0.033027 0.000000 0.031159
v 0.033190 0.000000 0.031487
v 0.033181 -0.000567 0.031496
v 0.031620 -0.005574 0.033009
v 0.031454 -0.005717 0.033169
v 0.031271 -0.005842 0.033174
v 0.031074 -0.005980 0.033537
v 0.030984 -0.005918 0.035123
v 0.034094 -0.000000 0.034029
v 0.034053 -0.001581 0.034525
v 0.033757 -0.002408 0.036785
v 0.032824 -0.003876 0.037136
v 0.033466 -0.003159 0.036641
v 0.034101 -0.001611 0.036083
v 0.034224 -0.000809 0.036089
v 0.034278 -0.000000 0.035812
v 0.033899 -0.002391 0.036017
v 0.032378 -0.004516 0.036851
v 0.031864 -0.005077 0.036511
v 0.032137 -0.005064 0.035860
v 0.032819 -0.004478 0.035467
v 0.032887 -0.004448 0.034748
v 0.033313 -0.003810 0.034969
v 0.033619 -0.003083 0.034387
v 0.033875 -0.002348 0.034484
v 0.032385 -0.004974 0.033781
v 0.033021 -0.003695 0.032810
v 0.033326 -0.003016 0.032938
v 0.033555 -0.002295 0.033014
v 0.033637 -0.000000 0.032519
v 0.031161 -0.005901 0.034484
v 0.031833 -0.005483 0.034167
v 0.029136 -0.006761 0.033912
v 0.030378 -0.006246 0.034728
v 0.030231 -0.006348 0.034353
v 0.030666 -0.006189 0.033932
v 0.031927 -0.005253 0.032711
v 0.032331 -0.004649 0.032319
v 0.032195 -0.004883 0.032451
v 0.032188 -0.004879 0.032413
v 0.031675 -0.005354 0.032157
v 0.032557 -0.003593 0.031450
v 0.032832 -0.002932 0.031558
v 0.032864 -0.003170 0.031803
v 0.033034 -0.002232 0.031618
v 0.033040 -0.002234 0.031633
v 0.033019 -0.002370 0.031653
v 0.033125 -0.001500 0.031550
v 0.033063 -0.002067 0.031611
v 0.032563 -0.004147 0.032095
v 0.032740 -0.003633 0.031923
v 0.032758 -0.003573 0.031906
v 0.028040 -0.007129 0.032548
v 0.029416 -0.006731 0.032748
v 0.027868 -0.007137 0.033080
v 0.031946 -0.003472 0.030155
v 0.032190 -0.002833 0.030248
v 0.030820 -0.005051 0.029642
v 0.031216 -0.003331 0.028921
v 0.031431 -0.002718 0.029000
v 0.031579 -0.002069 0.029037
v 0.031661 -0.001394 0.029030
v 0.026914 -0.007384 0.030753
v 0.028161 -0.007040 0.030355
v 0.030141 -0.003708 0.027641
v 0.030386 -0.003169 0.027745
v 0.030571 -0.002586 0.027813
v 0.030695 -0.001969 0.027841
v 0.030756 -0.001326 0.027830
v 0.030756 -0.000667 0.027779
v 0.026910 -0.007337 0.029742
v 0.027695 -0.006765 0.028246
v 0.029252 -0.003495 0.026539
v 0.029462 -0.002987 0.026630
v 0.029620 -0.002437 0.026689
v 0.029752 -0.000628 0.026650
v 0.029765 -0.001250 0.026699
v 0.029721 -0.001855 0.026712
v 0.027315 -0.006567 0.027251
v 0.028467 -0.002785 0.025577
v 0.028598 -0.002271 0.025627
v 0.028678 -0.001729 0.025645
v 0.028707 -0.001165 0.025631
v 0.021848 -0.007898 0.027295
v 0.027513 -0.002088 0.024617
v 0.027591 -0.001070 0.024619
v 0.027662 -0.000000 0.024660
v 0.024062 -0.007330 0.026140
v 0.025418 -0.006409 0.025134
v 0.025725 -0.005743 0.024515
v 0.026329 -0.004396 0.024088
v 0.026421 -0.000965 0.023661
v 0.021911 -0.007826 0.026638
v 0.024367 -0.005777 0.023557
v 0.025073 -0.005395 0.023693
v 0.024922 -0.004543 0.023050
v 0.025414 -0.004021 0.023223
v 0.019876 -0.007918 0.025742
v 0.019629 -0.007855 0.025107
v 0.022910 -0.006345 0.023342
v 0.023156 -0.005733 0.022759
v 0.023771 -0.005403 0.022824
v 0.024059 -0.004120 0.022280
v 0.024292 -0.003689 0.022320
v 0.021284 -0.006476 0.022618
v 0.022124 -0.005648 0.022104
v 0.022635 -0.005340 0.022110
v 0.022471 -0.004542 0.021485
v 0.022833 -0.004128 0.021500
v 0.023163 -0.003670 0.021558
v 0.019542 -0.007906 0.025405
v 0.019032 -0.007882 0.024880
v 0.018814 -0.007870 0.024649
v 0.020493 -0.006095 0.021685
v 0.020833 -0.005238 0.021042
v 0.021105 -0.004660 0.020779
v 0.021566 -0.002881 0.020332
v 0.021603 -0.002496 0.020297
v 0.021636 -0.001758 0.020264
v 0.021646 -0.000932 0.020255
v 0.021648 -0.000000 0.020253
v 0.021936 -0.000000 0.020462
v 0.019427 -0.007054 0.022483
v 0.020046 -0.006870 0.022526
v 0.020064 -0.006382 0.021787
v 0.020264 -0.006133 0.021593
v 0.020512 -0.005782 0.021353
v 0.018968 -0.007353 0.022848
v 0.019453 -0.006992 0.022379
v 0.019875 -0.006593 0.021970
v 0.024469 -0.007727 0.030090
v 0.022163 -0.007894 0.027963
v 0.021024 -0.007932 0.026882
v 0.019907 -0.007919 0.025772
v 0.031525 -0.005053 0.037122
v 0.031999 -0.004521 0.037469
v 0.031949 -0.004483 0.037594
v 0.032439 -0.003881 0.037777
v 0.032312 -0.003827 0.038005
v 0.032806 -0.003177 0.038025
v 0.032604 -0.003108 0.038344
v 0.033098 -0.002424 0.038210
v 0.032829 -0.002331 0.038609
v 0.033313 -0.001634 0.038332
v 0.032984 -0.001521 0.038793
v 0.033452 -0.000821 0.038391
v 0.033072 -0.000688 0.038898
v 0.033399 0.000000 0.038552
v 0.033094 0.000000 0.038925
v 0.027875 -0.007116 0.033336
v 0.028977 -0.006744 0.034435
v 0.030115 -0.006254 0.035312
v 0.030716 -0.005928 0.035728
v 0.031301 -0.005542 0.036130
v 0.031053 -0.005523 0.036607
v 0.031028 -0.005545 0.036579
v 0.030555 -0.005912 0.036071
v 0.030041 -0.006237 0.035529
v 0.014052 0.002073 0.014134
v 0.014111 0.001497 0.013976
v 0.014029 0.001497 0.014213
v 0.015057 0.007107 0.019154
v 0.015161 0.007070 0.019131
v 0.015025 0.006889 0.018618
v 0.014206 0.003275 0.014267
v 0.014229 0.002714 0.014036
v 0.014109 0.002676 0.014147
v 0.014156 0.004278 0.014923
v 0.014136 0.004715 0.015320
v 0.014275 0.004775 0.015258
v 0.014439 0.006571 0.019252
v 0.014515 0.006641 0.019483
v 0.014546 0.006860 0.019405
v 0.014135 0.006087 0.017983
v 0.014221 0.006278 0.018427
v 0.014225 0.006383 0.018382
v 0.014347 0.006444 0.017673
v 0.014292 0.006179 0.017149
v 0.014177 0.006102 0.017207
v 0.015094 0.007294 0.020373
v 0.014701 0.007050 0.019294
v 0.014608 0.006965 0.019351
v 0.014550 0.006880 0.018753
v 0.014452 0.006796 0.018811
v 0.014974 0.007119 0.020469
v 0.014946 0.006900 0.020531
v 0.014432 0.006679 0.018212
v 0.014329 0.006597 0.018269
v 0.014259 0.006494 0.018327
v 0.014099 0.006002 0.017273
v 0.014058 0.005895 0.017338
v 0.014051 0.005794 0.017397
v 0.014251 0.005550 0.016159
v 0.014124 0.005480 0.016217
v 0.014035 0.005387 0.016292
v 0.014257 0.005182 0.015694
v 0.014124 0.005116 0.015754
v 0.014391 0.002740 0.013967
v 0.014364 0.003312 0.014200
v 0.014333 0.003845 0.014503
v 0.014030 0.005027 0.015834
v 0.014036 0.004631 0.015405
v 0.014050 0.004202 0.015015
v 0.014070 0.003732 0.014667
v 0.014122 0.002095 0.014002
v 0.014245 0.002115 0.013887
v 0.014410 0.002129 0.013816
v 0.014302 0.004332 0.014860
v 0.014181 0.003798 0.014568
v 0.014091 0.003221 0.014372
v 0.014025 0.003162 0.014491
v 0.014041 0.002633 0.014273
v 0.014007 0.002941 0.014526
v 0.014016 0.002594 0.014393
v 0.014025 0.002088 0.014265
v 0.014002 0.003106 0.014604
v 0.013980 0.003789 0.015018
v 0.014007 0.003659 0.014777
v 0.013973 0.004041 0.015213
v 0.013992 0.004119 0.015116
v 0.013963 0.004614 0.015750
v 0.013981 0.004541 0.015499
v 0.014297 0.001497 0.013808
v 0.014416 0.001497 0.013765
v 0.014680 0.005550 0.016141
v 0.014795 0.005130 0.015756
v 0.014695 0.005170 0.015698
v 0.014803 0.004975 0.015597
v 0.014721 0.004754 0.015285
v 0.014818 0.004717 0.015354
v 0.014819 0.004702 0.015341
v 0.014754 0.004304 0.014910
v 0.014835 0.004440 0.015120
v 0.014880 0.003766 0.014653
v 0.014901 0.003406 0.014459
v 0.014825 0.003280 0.014295
v 0.014854 0.002714 0.014081
v 0.014873 0.002114 0.013944
v 0.014751 0.002127 0.013858
v 0.014783 0.001497 0.013822
v 0.014542 0.001497 0.013752
v 0.014959 0.001497 0.014000
v 0.014953 0.002099 0.014045
v 0.014943 0.002483 0.014121
v 0.014911 0.003241 0.014382
v 0.014846 0.004288 0.015001
v 0.014790 0.003812 0.014576
v 0.014699 0.003311 0.014223
v 0.014730 0.002737 0.014000
v 0.014569 0.002748 0.013956
v 0.014589 0.002133 0.013808
v 0.015375 0.007390 0.020216
v 0.015536 0.007350 0.020147
v 0.015171 0.007081 0.019166
v 0.014700 0.006200 0.017090
v 0.014744 0.006475 0.017593
v 0.014851 0.006430 0.017598
v 0.014691 0.006739 0.018130
v 0.014923 0.006676 0.018106
v 0.014899 0.006608 0.017957
v 0.014795 0.006015 0.016886
v 0.014791 0.005959 0.016802
v 0.014783 0.005498 0.016176
v 0.014798 0.006946 0.018661
v 0.014939 0.007121 0.019190
v 0.015177 0.007349 0.020321
v 0.014816 0.007103 0.019238
v 0.014670 0.006931 0.018701
v 0.014558 0.006727 0.018164
v 0.014479 0.006490 0.017629
v 0.014617 0.006499 0.017602
v 0.014429 0.006222 0.017109
v 0.014571 0.006226 0.017090
v 0.014400 0.005585 0.016126
v 0.014549 0.005583 0.016122
v 0.014412 0.005212 0.015665
v 0.014564 0.005206 0.015669
v 0.014436 0.004801 0.015233
v 0.014591 0.004792 0.015245
v 0.014467 0.004353 0.014838
v 0.014625 0.004341 0.014859
v 0.014503 0.003861 0.014486
v 0.014662 0.003848 0.014515
v 0.014539 0.003324 0.014186
v 0.013965 0.004839 0.016000
v 0.013988 0.005286 0.016371
v 0.013977 0.005190 0.016444
v 0.013997 0.005440 0.016804
v 0.014029 -0.001497 0.014213
v 0.014111 -0.001497 0.013976
v 0.014297 -0.001497 0.013808
v 0.014416 -0.001497 0.013765
v 0.014542 -0.001497 0.013752
v 0.014783 -0.001497 0.013822
v 0.014959 -0.001497 0.014000
v 0.013988 -0.005278 0.016360
v 0.013976 -0.005182 0.016433
v 0.013965 -0.004841 0.016002
v 0.014751 -0.002123 0.013857
v 0.014873 -0.002111 0.013944
v 0.014794 -0.006011 0.016881
v 0.014806 -0.006149 0.017100
v 0.014700 -0.006197 0.017085
v 0.013981 -0.004537 0.015495
v 0.014036 -0.004627 0.015401
v 0.014029 -0.005020 0.015826
v 0.014333 -0.003837 0.014498
v 0.014181 -0.003791 0.014563
v 0.014364 -0.003308 0.014198
v 0.014207 -0.003271 0.014265
v 0.014391 -0.002733 0.013964
v 0.014229 -0.002707 0.014033
v 0.014410 -0.002126 0.013816
v 0.014245 -0.002112 0.013887
v 0.014025 -0.003158 0.014489
v 0.014002 -0.003103 0.014602
v 0.014041 -0.002626 0.014270
v 0.014020 -0.002397 0.014334
v 0.014052 -0.002070 0.014133
v 0.014026 -0.002049 0.014258
v 0.014070 -0.003724 0.014662
v 0.014091 -0.003217 0.014370
v 0.014110 -0.002668 0.014144
v 0.014122 -0.002092 0.014002
v 0.014302 -0.004325 0.014855
v 0.014156 -0.004271 0.014918
v 0.014051 -0.004195 0.015010
v 0.014008 -0.003652 0.014772
v 0.014251 -0.005542 0.016147
v 0.014124 -0.005472 0.016206
v 0.014257 -0.005175 0.015686
v 0.014124 -0.005109 0.015746
v 0.014276 -0.004771 0.015254
v 0.014136 -0.004711 0.015316
v 0.013992 -0.004113 0.015111
v 0.013972 -0.004060 0.015229
v 0.013986 -0.003584 0.014877
v 0.014035 -0.005379 0.016281
v 0.013997 -0.003248 0.014677
v 0.014430 -0.006674 0.018200
v 0.014547 -0.006876 0.018744
v 0.014449 -0.006793 0.018801
v 0.014223 -0.006379 0.018370
v 0.014383 -0.006689 0.018857
v 0.014545 -0.006859 0.019401
v 0.014607 -0.006964 0.019348
v 0.014700 -0.007048 0.019290
v 0.014058 -0.005893 0.017333
v 0.014051 -0.005791 0.017392
v 0.014020 -0.005621 0.017096
v 0.014548 -0.006668 0.019579
v 0.014514 -0.006640 0.019479
v 0.014219 -0.006273 0.018416
v 0.014195 -0.006227 0.018303
v 0.014327 -0.006592 0.018257
v 0.014257 -0.006489 0.018316
v 0.014838 -0.006366 0.017478
v 0.014866 -0.006494 0.017724
v 0.014814 -0.006714 0.018100
v 0.014921 -0.006671 0.018095
v 0.015023 -0.006885 0.018609
v 0.015536 -0.007350 0.020147
v 0.015347 -0.007390 0.020230
v 0.015056 -0.007106 0.019150
v 0.015171 -0.007346 0.020324
v 0.014815 -0.007102 0.019234
v 0.014668 -0.006927 0.018692
v 0.014556 -0.006723 0.018152
v 0.014291 -0.006176 0.017144
v 0.014177 -0.006099 0.017201
v 0.014098 -0.006000 0.017267
v 0.014916 -0.003142 0.014339
v 0.014825 -0.003276 0.014293
v 0.014936 -0.002678 0.014174
v 0.014854 -0.002707 0.014079
v 0.014951 -0.002209 0.014063
v 0.014911 -0.003237 0.014380
v 0.014861 -0.004053 0.014835
v 0.014790 -0.003804 0.014572
v 0.014848 -0.004246 0.014971
v 0.014754 -0.004297 0.014905
v 0.014804 -0.004944 0.015567
v 0.014721 -0.004750 0.015281
v 0.014796 -0.005111 0.015736
v 0.014695 -0.005163 0.015691
v 0.014680 -0.005541 0.016130
v 0.014785 -0.005813 0.016589
v 0.014790 -0.005939 0.016771
v 0.014730 -0.002730 0.013998
v 0.014699 -0.003307 0.014222
v 0.014663 -0.003840 0.014510
v 0.014589 -0.002129 0.013807
v 0.014569 -0.002740 0.013953
v 0.014539 -0.003320 0.014184
v 0.014504 -0.003854 0.014481
v 0.014468 -0.004346 0.014833
v 0.014625 -0.004334 0.014854
v 0.014436 -0.004797 0.015229
v 0.014591 -0.004787 0.015241
v 0.014412 -0.005205 0.015657
v 0.014564 -0.005199 0.015661
v 0.014400 -0.005577 0.016114
v 0.014549 -0.005574 0.016110
v 0.014571 -0.006223 0.017084
v 0.015034 -0.007229 0.020416
v 0.014957 -0.007060 0.020490
v 0.014946 -0.006900 0.020531
v 0.014938 -0.007120 0.019186
v 0.014796 -0.006942 0.018651
v 0.014689 -0.006734 0.018118
v 0.014429 -0.006219 0.017104
v 0.013964 -0.004452 0.015584
v 0.015103 -0.007001 0.018927
v 0.015159 -0.007068 0.019127
v 0.015818 -0.007561 0.021186
v 0.016393 -0.007675 0.022082
v 0.016459 -0.007634 0.021791
v 0.017041 -0.007723 0.022595
v 0.015988 -0.007524 0.021035
v 0.015621 -0.007391 0.020333
v 0.015494 -0.007284 0.021428
v 0.015344 -0.007036 0.021275
v 0.016095 -0.007395 0.022331
v 0.015806 -0.007138 0.022004
v 0.016753 -0.007471 0.023182
v 0.016369 -0.007222 0.022776
v 0.017029 -0.007753 0.022931
v 0.017698 -0.007805 0.023752
v 0.015545 -0.007388 0.021381
v 0.015622 -0.007475 0.021321
v 0.016213 -0.007584 0.022224
v 0.015716 -0.007534 0.021254
v 0.016862 -0.007659 0.023077
v 0.017551 -0.007710 0.023889
v 0.017446 -0.007518 0.023995
v 0.017421 -0.007317 0.024030
v 0.017061 -0.007291 0.023621
v 0.032922 0.000000 0.039047
v 0.018665 -0.007865 0.024794
v 0.018521 -0.007764 0.024940
v 0.018401 -0.007379 0.025077
v 0.030901 -0.005508 0.036735
v 0.031371 -0.005040 0.037249
v 0.031793 -0.004473 0.037719
v 0.032153 -0.003818 0.038129
v 0.032444 -0.003101 0.038466
v 0.032668 -0.002326 0.038729
v 0.032822 -0.001518 0.038912
v 0.032909 -0.000686 0.039016
v 0.032716 0.000000 0.039087
v 0.019767 -0.007906 0.025917
v 0.020891 -0.007908 0.027023
v 0.022033 -0.007865 0.028102
v 0.024337 -0.007700 0.030229
v 0.025482 -0.007559 0.031301
v 0.026616 -0.007363 0.032382
v 0.027735 -0.007093 0.033471
v 0.028833 -0.006724 0.034568
v 0.029893 -0.006218 0.035660
v 0.030405 -0.005895 0.036201
v 0.032344 0.000000 0.038912
v 0.032323 -0.000638 0.038888
v 0.032481 -0.000658 0.039010
v 0.032242 -0.001410 0.038792
v 0.032397 -0.001454 0.038912
v 0.032098 -0.002159 0.038624
v 0.032249 -0.002227 0.038738
v 0.031890 -0.002876 0.038384
v 0.032034 -0.002968 0.038489
v 0.031621 -0.003537 0.038076
v 0.031757 -0.003652 0.038170
v 0.031291 -0.004139 0.037702
v 0.031415 -0.004276 0.037781
v 0.030905 -0.004660 0.037272
v 0.031016 -0.004816 0.037335
v 0.030472 -0.005095 0.036797
v 0.030569 -0.005264 0.036843
v 0.030004 -0.005463 0.036292
v 0.030091 -0.005639 0.036327
v 0.029517 -0.005774 0.035776
v 0.029594 -0.005955 0.035801
v 0.028495 -0.006265 0.034721
v 0.028559 -0.006451 0.034731
v 0.027425 -0.006627 0.033650
v 0.027479 -0.006815 0.033650
v 0.026329 -0.006893 0.032580
v 0.026375 -0.007083 0.032572
v 0.025213 -0.007089 0.031513
v 0.025253 -0.007278 0.031500
v 0.024081 -0.007229 0.030450
v 0.024117 -0.007418 0.030433
v 0.021796 -0.007395 0.028334
v 0.021826 -0.007583 0.028311
v 0.020652 -0.007434 0.027269
v 0.020680 -0.007625 0.027243
v 0.019517 -0.007424 0.026188
v 0.019543 -0.007622 0.026156
v 0.018427 -0.007581 0.025042
v 0.019632 -0.007802 0.026060
v 0.020765 -0.007800 0.027156
v 0.021910 -0.007756 0.028229
v 0.024208 -0.007592 0.030355
v 0.025349 -0.007451 0.031425
v 0.026478 -0.007255 0.032503
v 0.027590 -0.006987 0.033587
v 0.028680 -0.006620 0.034678
v 0.029730 -0.006119 0.035761
v 0.030235 -0.005799 0.036296
v 0.030724 -0.005416 0.036824
v 0.031184 -0.004956 0.037329
v 0.031597 -0.004400 0.037791
v 0.031951 -0.003757 0.038193
v 0.032236 -0.003052 0.038523
v 0.032456 -0.002289 0.038780
v 0.032608 -0.001494 0.038960
v 0.032694 -0.000676 0.039062
v 0.032511 -0.000000 0.039040
v 0.018420 0.007581 0.025035
v 0.017452 0.007538 0.023988
v 0.017421 0.007317 0.024030
v 0.018515 0.007764 0.024933
v 0.017551 0.007710 0.023889
v 0.018659 0.007865 0.024787
v 0.017713 0.007809 0.023738
v 0.018807 0.007869 0.024642
v 0.017867 0.007802 0.023601
v 0.033061 0.000842 0.038885
v 0.032898 0.000840 0.039003
v 0.032961 0.001667 0.038766
v 0.032800 0.001663 0.038886
v 0.032795 0.002468 0.038569
v 0.032634 0.002462 0.038689
v 0.032560 0.003231 0.038293
v 0.032400 0.003224 0.038415
v 0.032258 0.003936 0.037944
v 0.032100 0.003928 0.038068
v 0.031888 0.004577 0.037524
v 0.031731 0.004567 0.037650
v 0.031458 0.005129 0.037048
v 0.031303 0.005116 0.037175
v 0.030984 0.005583 0.036532
v 0.030832 0.005567 0.036660
v 0.030485 0.005960 0.035998
v 0.030336 0.005943 0.036127
v 0.029973 0.006275 0.035458
v 0.029825 0.006257 0.035589
v 0.028912 0.006770 0.034370
v 0.028769 0.006749 0.034503
v 0.027815 0.007132 0.033278
v 0.027675 0.007110 0.033413
v 0.026699 0.007398 0.032194
v 0.026563 0.007373 0.032331
v 0.025569 0.007592 0.031119
v 0.025435 0.007566 0.031257
v 0.024428 0.007731 0.030052
v 0.024296 0.007705 0.030191
v 0.022135 0.007895 0.027938
v 0.022006 0.007867 0.028077
v 0.021004 0.007933 0.026862
v 0.020871 0.007909 0.027003
v 0.019894 0.007919 0.025759
v 0.019754 0.007906 0.025904
v 0.019875 0.007918 0.025740
v 0.019554 0.007907 0.025418
v 0.019032 0.007882 0.024880
v 0.019619 0.007801 0.026046
v 0.020745 0.007801 0.027136
v 0.021882 0.007757 0.028204
v 0.024167 0.007596 0.030317
v 0.025302 0.007458 0.031381
v 0.026425 0.007266 0.032451
v 0.027531 0.007004 0.033529
v 0.028616 0.006645 0.034614
v 0.029663 0.006157 0.035691
v 0.030167 0.005846 0.036224
v 0.030656 0.005475 0.036750
v 0.031119 0.005031 0.037257
v 0.031537 0.004492 0.037723
v 0.031899 0.003864 0.038134
v 0.032193 0.003173 0.038473
v 0.032423 0.002423 0.038742
v 0.032586 0.001637 0.038934
v 0.032684 0.000827 0.039049
v 0.019530 0.007622 0.026143
v 0.020660 0.007626 0.027224
v 0.021799 0.007584 0.028286
v 0.024076 0.007423 0.030395
v 0.025206 0.007285 0.031455
v 0.026323 0.007093 0.032521
v 0.027421 0.006832 0.033592
v 0.028496 0.006475 0.034667
v 0.029528 0.005992 0.035731
v 0.030024 0.005685 0.036256
v 0.030502 0.005321 0.036771
v 0.030952 0.004888 0.037264
v 0.031357 0.004365 0.037715
v 0.031707 0.003756 0.038112
v 0.031993 0.003086 0.038440
v 0.032217 0.002358 0.038700
v 0.032376 0.001593 0.038886
v 0.032470 0.000805 0.038998
v 0.018395 0.007378 0.025071
v 0.019504 0.007424 0.026175
v 0.020632 0.007434 0.027250
v 0.021769 0.007396 0.028309
v 0.024041 0.007233 0.030413
v 0.025166 0.007096 0.031469
v 0.026277 0.006904 0.032529
v 0.027367 0.006643 0.033593
v 0.028433 0.006289 0.034658
v 0.029452 0.005811 0.035708
v 0.029939 0.005509 0.036223
v 0.030408 0.005152 0.036726
v 0.030844 0.004730 0.037205
v 0.031234 0.004225 0.037639
v 0.031573 0.003637 0.038021
v 0.031849 0.002989 0.038337
v 0.032066 0.002285 0.038588
v 0.032221 0.001545 0.038768
v 0.032313 0.000781 0.038876
v 0.015716 0.007534 0.021254
v 0.015622 0.007475 0.021321
v 0.016213 0.007584 0.022224
v 0.015494 0.007284 0.021428
v 0.016753 0.007471 0.023182
v 0.016862 0.007659 0.023077
v 0.016095 0.007395 0.022331
v 0.015957 0.007164 0.022221
v 0.016599 0.007248 0.023066
v 0.015448 0.007063 0.021449
v 0.015043 0.006939 0.020726
v 0.015818 0.007561 0.021186
v 0.015900 0.007497 0.020879
v 0.016393 0.007675 0.022082
v 0.016367 0.007616 0.021653
v 0.017029 0.007753 0.022931
v 0.016971 0.007714 0.022504
v 0.015545 0.007388 0.021381
v 0.017725 0.007791 0.023437
v 0.015783 0.003476 0.016188
v 0.015464 0.003722 0.015957
v 0.015602 0.004107 0.016364
v 0.015466 0.003946 0.016101
v 0.015480 0.004446 0.016482
v 0.015990 0.002175 0.015988
v 0.015468 0.002237 0.015376
v 0.015960 0.002479 0.016017
v 0.015467 0.002523 0.015441
v 0.015955 0.002523 0.016022
v 0.015466 0.002695 0.015491
v 0.015856 0.003142 0.016117
v 0.015463 0.003217 0.015690
v 0.015463 0.003522 0.015842
v 0.016016 0.001497 0.015962
v 0.015739 0.001497 0.015642
v 0.015470 0.001700 0.015311
v 0.015470 0.001497 0.015306
v 0.016016 -0.001497 0.015962
v 0.015739 -0.001497 0.015642
v 0.015470 -0.001497 0.015306
v 0.015990 -0.002175 0.015988
v 0.015467 -0.002523 0.015441
v 0.015469 -0.002043 0.015344
v 0.015960 -0.002479 0.016017
v 0.015955 -0.002523 0.016022
v 0.015467 -0.002581 0.015457
v 0.015465 -0.002819 0.015531
v 0.015856 -0.003142 0.016117
v 0.015463 -0.003353 0.015755
v 0.015463 -0.003438 0.015798
v 0.015783 -0.003476 0.016188
v 0.015463 -0.003521 0.015842
v 0.015466 -0.003958 0.016109
v 0.015602 -0.004107 0.016364
v 0.015480 -0.004446 0.016482
v 0.015480 0.005033 0.016482
v 0.015730 0.004427 0.016239
v 0.015931 0.003791 0.016045
v 0.016232 0.001497 0.015754
v 0.016192 -0.002345 0.015792
v 0.016231 0.001653 0.015755
v 0.016192 0.002345 0.015792
v 0.015480 -0.005033 0.016482
v 0.015730 -0.004427 0.016239
v 0.015931 -0.003791 0.016045
v 0.016082 -0.003129 0.015899
v 0.016100 -0.003029 0.015881
v 0.016231 -0.001653 0.015755
v 0.016232 -0.001497 0.015754
v 0.016100 0.003029 0.015881
v 0.016082 0.003129 0.015899
v 0.016715 0.001497 0.016260
v 0.016715 -0.001497 0.016260
v 0.016470 -0.001497 0.016010
v 0.016470 0.001497 0.016010
v 0.015637 0.005651 0.017859
v 0.015560 0.005304 0.017378
v 0.015560 0.005775 0.017378
v 0.015596 0.005941 0.017625
v 0.015709 0.006285 0.018209
v 0.015709 0.005869 0.018209
v 0.016472 -0.002177 0.016495
v 0.016499 -0.001497 0.016469
v 0.016750 -0.001497 0.016713
v 0.015709 -0.005869 0.018209
v 0.015560 -0.005304 0.017378
v 0.016035 -0.005360 0.017893
v 0.015695 -0.005050 0.017248
v 0.016317 -0.004808 0.017620
v 0.015970 -0.004429 0.016982
v 0.016440 -0.004522 0.017501
v 0.016176 -0.003815 0.016782
v 0.016655 -0.003909 0.017292
v 0.016334 -0.003168 0.016629
v 0.016820 -0.003272 0.017133
v 0.016393 -0.002846 0.016572
v 0.016941 -0.002563 0.017016
v 0.016998 -0.001889 0.016960
v 0.017007 -0.001497 0.016952
v 0.017007 0.001497 0.016952
v 0.016750 0.001497 0.016713
v 0.016499 0.001497 0.016469
v 0.016472 0.002177 0.016495
v 0.016998 0.001889 0.016960
v 0.016393 0.002846 0.016572
v 0.016941 0.002563 0.017016
v 0.016334 0.003168 0.016629
v 0.016820 0.003272 0.017133
v 0.016176 0.003815 0.016782
v 0.016655 0.003909 0.017292
v 0.015970 0.004429 0.016982
v 0.016440 0.004522 0.017501
v 0.015695 0.005050 0.017248
v 0.016317 0.004808 0.017620
v 0.016035 0.005360 0.017893
v 0.015560 -0.005775 0.017378
v 0.015871 -0.005224 0.017078
v 0.015871 0.005224 0.017078
v 0.016134 0.004635 0.016823
v 0.016352 0.004010 0.016612
v 0.016710 0.001781 0.016265
v 0.016706 0.001885 0.016268
v 0.016650 0.002575 0.016323
v 0.016541 0.003252 0.016428
v 0.016380 0.003914 0.016585
v 0.016134 -0.004635 0.016823
v 0.016352 -0.004010 0.016612
v 0.016380 -0.003914 0.016585
v 0.016541 -0.003252 0.016428
v 0.016650 -0.002575 0.016323
v 0.016706 -0.001885 0.016268
v 0.015709 -0.006285 0.018209
v 0.015654 -0.006142 0.017952
v 0.016768 0.004292 0.017183
v 0.016530 0.004901 0.017414
v 0.015869 0.006071 0.018054
v 0.015869 -0.006071 0.018054
v 0.016960 0.003645 0.016997
v 0.016984 0.003549 0.016974
v 0.017116 0.002879 0.016846
v 0.017196 0.002195 0.016769
v 0.017223 0.001497 0.016743
v 0.017223 -0.001497 0.016743
v 0.017196 -0.002195 0.016769
v 0.017116 -0.002879 0.016846
v 0.016984 -0.003549 0.016974
v 0.016960 -0.003645 0.016997
v 0.016768 -0.004292 0.017183
v 0.016530 -0.004901 0.017414
v 0.016246 -0.005472 0.017689
v 0.016201 -0.005552 0.017732
v 0.016246 0.005473 0.017689
v 0.016201 0.005552 0.017732
v 0.017750 0.001497 0.017207
v 0.017750 -0.001497 0.017207
v 0.017484 -0.001497 0.016976
v 0.017484 0.001497 0.016976
v 0.017578 -0.002892 0.017664
v 0.017389 -0.003201 0.017607
v 0.017474 -0.002646 0.017508
v 0.017064 -0.004825 0.018289
v 0.016869 -0.005264 0.018526
v 0.016716 -0.005259 0.018392
v 0.016786 -0.005429 0.018627
v 0.016474 -0.005703 0.018675
v 0.016466 -0.005971 0.019015
v 0.016206 -0.006109 0.018988
v 0.016106 -0.006454 0.019453
v 0.016011 -0.006360 0.019213
v 0.016930 -0.004786 0.018143
v 0.017115 -0.004279 0.017927
v 0.017295 -0.004168 0.018008
v 0.017267 -0.003755 0.017749
v 0.017459 -0.003542 0.017809
v 0.017527 -0.002064 0.017446
v 0.017652 -0.002226 0.017574
v 0.017602 -0.002718 0.017635
v 0.017679 -0.001497 0.017541
v 0.017533 -0.001497 0.017417
v 0.017507 -0.002173 0.017442
v 0.017484 -0.002419 0.017465
v 0.017384 -0.003086 0.017561
v 0.017233 -0.003730 0.017707
v 0.015926 -0.006258 0.018973
v 0.016217 -0.005890 0.018691
v 0.016564 -0.005352 0.018355
v 0.016846 -0.004799 0.018082
v 0.017085 -0.004202 0.017851
v 0.017679 0.001498 0.017541
v 0.017606 0.001497 0.017479
v 0.017527 0.002064 0.017446
v 0.017674 0.001819 0.017547
v 0.017474 0.002646 0.017508
v 0.017598 0.002745 0.017639
v 0.017389 0.003201 0.017607
v 0.017436 0.003643 0.017837
v 0.017267 0.003755 0.017749
v 0.017115 0.004279 0.017926
v 0.017189 0.004491 0.018137
v 0.016930 0.004786 0.018143
v 0.016716 0.005259 0.018392
v 0.016864 0.005273 0.018531
v 0.016474 0.005703 0.018675
v 0.016468 0.005968 0.019012
v 0.016206 0.006109 0.018988
v 0.016011 0.006360 0.019212
v 0.016106 0.006454 0.019453
v 0.017533 0.001497 0.017417
v 0.017516 0.002038 0.017433
v 0.017439 0.002762 0.017508
v 0.017314 0.003416 0.017629
v 0.017136 0.004051 0.017801
v 0.016970 0.004510 0.017963
v 0.016710 0.005083 0.018214
v 0.016404 0.005616 0.018510
v 0.016284 0.005796 0.018627
v 0.015926 0.006258 0.018973
v 0.017679 -0.000000 0.017541
v 0.016203 0.006535 0.019679
v 0.016585 0.006110 0.019310
v 0.016783 0.005848 0.019118
v 0.017108 0.005337 0.018803
v 0.017389 0.004784 0.018531
v 0.017641 0.004147 0.018287
v 0.017795 0.003639 0.018138
v 0.017826 0.003515 0.018107
v 0.017960 0.002863 0.017978
v 0.018046 0.002144 0.017894
v 0.018065 0.001817 0.017876
v 0.018072 0.001432 0.017870
v 0.018072 -0.000000 0.017869
v 0.016203 0.006900 0.019679
v 0.016154 0.006863 0.019566
v 0.016107 0.006825 0.019455
v 0.015926 0.006643 0.018974
v 0.015926 -0.006643 0.018973
v 0.016308 -0.006187 0.018604
v 0.016649 -0.005681 0.018273
v 0.016026 0.006532 0.018876
v 0.017243 0.004436 0.017698
v 0.017295 0.004288 0.017647
v 0.017487 0.003642 0.017461
v 0.016950 -0.005127 0.017981
v 0.016992 -0.005040 0.017941
v 0.017243 -0.004435 0.017697
v 0.017445 -0.003801 0.017502
v 0.017057 0.004897 0.017878
v 0.017024 0.004971 0.017910
v 0.016773 0.005468 0.018153
v 0.016730 0.005544 0.018195
v 0.016396 0.006065 0.018518
v 0.017597 -0.003141 0.017355
v 0.017617 -0.003035 0.017336
v 0.017709 -0.002352 0.017246
v 0.017748 -0.001661 0.017208
v 0.017723 0.002194 0.017233
v 0.017643 0.002878 0.017311
v 0.017511 0.003546 0.017439
v 0.016107 -0.006825 0.019455
v 0.016154 -0.006863 0.019567
v 0.016203 -0.006535 0.019679
v 0.016203 -0.006900 0.019679
v 0.017037 -0.005459 0.018872
v 0.016703 -0.005958 0.019196
v 0.016670 -0.005962 0.019174
v 0.016333 -0.006401 0.019554
v 0.018072 -0.001040 0.017870
v 0.017872 -0.001784 0.017712
v 0.017800 -0.002716 0.017801
v 0.017638 -0.003620 0.017997
v 0.017392 -0.004474 0.018296
v 0.017067 -0.005261 0.018691
v 0.017591 -0.004287 0.018335
v 0.017348 -0.004873 0.018570
v 0.017152 -0.005260 0.018761
v 0.018068 -0.001736 0.017873
v 0.018022 -0.002408 0.017918
v 0.017924 -0.003070 0.018013
v 0.017788 -0.003662 0.018144
v 0.017424 0.005254 0.018497
v 0.017059 0.005881 0.018850
v 0.017379 0.005340 0.018540
v 0.018011 -0.003691 0.017928
v 0.017604 0.004875 0.018323
v 0.017690 0.004669 0.018239
v 0.017911 0.004047 0.018026
v 0.018010 0.003695 0.017929
v 0.018083 0.003390 0.017858
v 0.018180 0.002878 0.017765
v 0.016311 0.006797 0.019575
v 0.016324 0.006784 0.019562
v 0.016702 0.006367 0.019196
v 0.017034 0.005918 0.018875
v 0.017287 -0.005508 0.018630
v 0.017034 -0.005918 0.018875
v 0.016972 -0.006009 0.018935
v 0.016606 -0.006481 0.019289
v 0.016324 -0.006784 0.019562
v 0.017817 -0.004330 0.018116
v 0.017604 -0.004874 0.018323
v 0.017576 -0.004936 0.018350
v 0.018288 -0.001533 0.017660
v 0.018258 -0.002228 0.017690
v 0.018239 -0.002428 0.017708
v 0.018174 -0.002914 0.017770
v 0.018037 -0.003588 0.017903
v 0.018289 0.000000 0.017659
v 0.018289 0.000776 0.017659
v 0.018288 0.001501 0.017660
v 0.018260 0.002194 0.017687
v 0.018239 0.002428 0.017708
v 0.018618 -0.000955 0.018315
v 0.018618 0.000000 0.018315
v 0.018894 0.000000 0.018535
v 0.017318 -0.006509 0.020549
v 0.016905 -0.006879 0.020949
v 0.017314 -0.006302 0.020202
v 0.018067 -0.005555 0.019824
v 0.017696 -0.006082 0.020183
v 0.017514 -0.006298 0.020359
v 0.017801 -0.005556 0.019610
v 0.018199 -0.004688 0.019126
v 0.018368 -0.005015 0.019532
v 0.018846 -0.003769 0.019068
v 0.018622 -0.004439 0.019286
v 0.018522 -0.004682 0.019382
v 0.018498 -0.003723 0.018764
v 0.019003 -0.003114 0.018916
v 0.018687 -0.002691 0.018533
v 0.019171 -0.000617 0.018754
v 0.019161 -0.001736 0.018764
v 0.018762 -0.001611 0.018439
v 0.019108 -0.002441 0.018815
v 0.019076 -0.002688 0.018846
v 0.019171 0.000000 0.018754
v 0.018612 -0.001725 0.018321
v 0.018208 -0.004067 0.018712
v 0.018311 -0.003726 0.018612
v 0.018386 -0.003436 0.018540
v 0.018515 -0.002781 0.018415
v 0.018592 -0.002103 0.018340
v 0.018178 -0.004158 0.018742
v 0.017664 -0.005312 0.019239
v 0.017942 -0.004757 0.018970
v 0.016939 -0.006330 0.019941
v 0.017304 -0.005876 0.019588
v 0.017343 -0.005821 0.019550
v 0.017516 -0.005561 0.019383
v 0.016533 -0.006732 0.020334
v 0.016905 0.006879 0.020949
v 0.016898 0.006770 0.020708
v 0.016533 0.006732 0.020334
v 0.019171 0.000617 0.018754
v 0.019161 0.001736 0.018764
v 0.018761 0.001647 0.018439
v 0.019108 0.002441 0.018815
v 0.018689 0.002673 0.018530
v 0.019078 0.002669 0.018844
v 0.019003 0.003114 0.018916
v 0.018846 0.003769 0.019068
v 0.018500 0.003715 0.018761
v 0.018622 0.004439 0.019286
v 0.018269 0.004496 0.019041
v 0.018067 0.005555 0.019824
v 0.018368 0.005015 0.019532
v 0.018602 0.004490 0.019305
v 0.016933 0.006336 0.019947
v 0.017416 0.006166 0.020078
v 0.017076 0.006172 0.019809
v 0.017889 0.005389 0.019503
v 0.017652 0.005332 0.019250
v 0.017296 0.005887 0.019595
v 0.017318 0.006509 0.020549
v 0.017696 0.006082 0.020183
v 0.017935 0.004773 0.018977
v 0.018507 0.002830 0.018423
v 0.018372 0.003493 0.018553
v 0.018314 0.003718 0.018610
v 0.018170 0.004180 0.018749
v 0.018616 0.001437 0.018317
v 0.018614 0.001648 0.018319
v 0.018588 0.002155 0.018344
v 0.016533 0.007084 0.020334
v 0.016905 0.007222 0.020949
v 0.017919 0.005342 0.018992
v 0.017964 0.005256 0.018949
v 0.016533 -0.007084 0.020334
v 0.017599 0.005882 0.019302
v 0.017582 0.005908 0.019318
v 0.017243 0.006368 0.019647
v 0.016874 0.006775 0.020004
v 0.016851 0.006798 0.020026
v 0.018624 0.003392 0.018310
v 0.018553 0.003687 0.018378
v 0.018149 0.004864 0.018769
v 0.018230 0.004671 0.018690
v 0.018451 0.004049 0.018477
v 0.018717 0.002900 0.018219
v 0.018781 0.002426 0.018157
v 0.018802 0.002210 0.018137
v 0.018765 -0.002568 0.018173
v 0.018654 -0.003249 0.018280
v 0.018553 -0.003687 0.018378
v 0.016874 -0.006775 0.020004
v 0.016951 -0.006697 0.019929
v 0.017335 -0.006253 0.019558
v 0.017582 -0.005908 0.019318
v 0.017669 -0.005775 0.019235
v 0.017979 -0.005225 0.018934
v 0.018462 -0.004013 0.018466
v 0.018244 -0.004638 0.018678
v 0.018149 -0.004864 0.018769
v 0.018833 0.001510 0.018107
v 0.018491 -0.003915 0.018438
v 0.018781 -0.002425 0.018157
v 0.018823 -0.001878 0.018116
v 0.018827 -0.001786 0.018113
v 0.018835 -0.000726 0.018105
v 0.018835 0.000000 0.018105
v 0.018835 0.000780 0.018105
v 0.016905 -0.007222 0.020949
v 0.018327 0.005592 0.019571
v 0.017786 -0.006373 0.020095
v 0.017431 -0.006766 0.020439
v 0.017993 0.006105 0.019895
v 0.017911 0.006215 0.019974
v 0.017334 -0.006861 0.020533
v 0.017395 -0.006802 0.020474
v 0.018143 -0.005888 0.019750
v 0.018463 -0.005348 0.019440
v 0.017528 0.006666 0.020345
v 0.017113 0.007057 0.020747
v 0.018996 -0.004057 0.018924
v 0.018775 -0.004679 0.019138
v 0.018701 -0.004853 0.019209
v 0.018507 -0.005263 0.019397
v 0.018524 0.005230 0.019380
v 0.018621 0.005032 0.019287
v 0.018872 0.004426 0.019044
v 0.018935 0.004247 0.018983
v 0.019122 0.003605 0.018802
v 0.019258 0.002938 0.018669
v 0.019329 -0.002422 0.018601
v 0.019261 -0.002923 0.018667
v 0.019169 -0.003401 0.018756
v 0.019103 -0.003678 0.018820
v 0.019347 0.002246 0.018583
v 0.019380 0.001695 0.018552
v 0.019388 0.000919 0.018544
v 0.019388 0.000000 0.018543
v 0.019388 -0.000785 0.018544
v 0.019384 -0.001521 0.018548
v 0.019349 -0.002227 0.018582
v 0.018758 0.005225 0.019562
v 0.017782 0.006785 0.020752
v 0.017309 0.007328 0.021532
v 0.017749 0.006987 0.021106
v 0.018312 0.006071 0.020106
v 0.019107 0.004275 0.019137
v 0.019489 0.002064 0.018671
v 0.019373 0.003111 0.018814
v 0.019138 0.004171 0.019100
v 0.019943 0.001348 0.018981
v 0.019947 0.000000 0.018977
v 0.019510 0.001019 0.018640
v 0.019667 0.000000 0.018761
v 0.019912 0.002128 0.019011
v 0.019820 0.002907 0.019100
v 0.019786 0.003106 0.019133
v 0.019497 0.004232 0.019413
v 0.019684 0.003582 0.019231
v 0.018926 0.005518 0.019966
v 0.019085 0.005221 0.019812
v 0.019213 0.004954 0.019688
v 0.019456 0.004352 0.019453
v 0.018593 0.006041 0.020288
v 0.017969 0.006782 0.020893
v 0.018156 0.006586 0.020711
v 0.018530 0.006128 0.020349
v 0.017739 0.007081 0.022090
v 0.017309 0.006991 0.021532
v 0.017739 0.007412 0.022090
v 0.019282 0.004157 0.019621
v 0.019206 0.004366 0.019694
v 0.019415 0.004324 0.019825
v 0.017492 0.006851 0.021355
v 0.017902 0.006478 0.020958
v 0.018068 0.006689 0.021469
v 0.018602 0.006027 0.020816
v 0.018280 0.006044 0.020591
v 0.019057 0.005228 0.020262
v 0.018811 0.005231 0.020077
v 0.018660 0.005493 0.020224
v 0.018325 0.005985 0.020547
v 0.018954 0.004953 0.019939
v 0.019466 0.003536 0.019443
v 0.019669 0.003338 0.019517
v 0.019512 0.003340 0.019398
v 0.019729 -0.000000 0.019188
v 0.019728 0.000923 0.019189
v 0.019854 0.001305 0.019291
v 0.019717 0.001704 0.019199
v 0.019810 0.002334 0.019345
v 0.019686 0.002216 0.019230
v 0.019600 0.002889 0.019313
v 0.020287 0.001316 0.019622
v 0.020292 0.000000 0.019617
v 0.020010 0.000000 0.019403
v 0.020256 0.002123 0.019652
v 0.020239 0.002330 0.019669
v 0.019792 0.004323 0.020102
v 0.019827 0.004225 0.020067
v 0.019858 0.004137 0.020037
v 0.020040 0.003515 0.019861
v 0.020170 0.002868 0.019735
v 0.018859 0.006024 0.021006
v 0.018939 0.005918 0.020928
v 0.018980 0.005862 0.020888
v 0.019307 0.005355 0.020571
v 0.019590 0.004809 0.020298
v 0.018171 0.006752 0.021671
v 0.018571 0.006364 0.021284
v 0.019555 -0.004051 0.019357
v 0.019321 -0.004040 0.019583
v 0.019335 -0.004671 0.019570
v 0.019097 -0.004638 0.019800
v 0.018704 -0.005880 0.020181
v 0.019024 -0.005339 0.019871
v 0.018828 -0.005199 0.020060
v 0.019067 -0.005256 0.019829
v 0.019262 -0.004845 0.019641
v 0.017901 -0.006848 0.020958
v 0.017732 -0.006643 0.021122
v 0.017473 -0.007210 0.021373
v 0.017309 -0.006991 0.021532
v 0.017309 -0.007328 0.021532
v 0.018514 -0.005721 0.020365
v 0.018403 -0.005880 0.020472
v 0.018347 -0.006365 0.020526
v 0.018122 -0.006237 0.020744
v 0.017995 -0.006756 0.020868
v 0.017956 -0.006795 0.020906
v 0.019727 -0.001087 0.019190
v 0.019706 -0.001947 0.019210
v 0.019903 -0.002239 0.019020
v 0.019701 -0.002022 0.019215
v 0.019816 -0.002933 0.019104
v 0.019636 -0.002650 0.019278
v 0.019727 -0.003399 0.019190
v 0.019516 -0.003321 0.019394
v 0.019345 -0.003965 0.019560
v 0.019940 -0.001530 0.018984
v 0.019947 -0.000789 0.018977
v 0.017739 -0.007081 0.022090
v 0.017739 -0.007412 0.022090
v 0.019858 -0.000705 0.019287
v 0.019834 -0.002021 0.019318
v 0.019718 -0.003069 0.019458
v 0.019493 -0.004073 0.019732
v 0.019477 -0.004127 0.019751
v 0.019136 -0.005056 0.020166
v 0.018702 -0.005875 0.020696
v 0.018183 -0.006566 0.021329
v 0.018087 -0.006822 0.021752
v 0.018496 -0.006444 0.021357
v 0.018874 -0.006004 0.020991
v 0.018972 -0.005873 0.020896
v 0.019219 -0.005502 0.020656
v 0.019517 -0.004961 0.020368
v 0.019771 -0.004377 0.020121
v 0.019859 -0.004133 0.020036
v 0.020039 -0.003521 0.019862
v 0.020168 -0.002883 0.019737
v 0.020249 -0.002220 0.019659
v 0.020276 -0.001773 0.019633
v 0.020290 -0.000960 0.019619
v 0.017747 0.007406 0.022082
v 0.018075 0.007178 0.021764
v 0.018187 -0.007090 0.021656
v 0.018564 -0.006749 0.021291
v 0.020446 -0.002460 0.019468
v 0.020428 -0.002615 0.019485
v 0.019832 0.004842 0.020063
v 0.019916 0.004641 0.019981
v 0.018932 0.006339 0.020935
v 0.019268 0.005881 0.020609
v 0.019288 0.005850 0.020590
v 0.019607 0.005307 0.020280
v 0.019650 0.005226 0.020239
v 0.020320 -0.003289 0.019590
v 0.020162 -0.003931 0.019743
v 0.019952 -0.004551 0.019947
v 0.019905 -0.004667 0.019992
v 0.019638 -0.005249 0.020251
v 0.019326 -0.005791 0.020553
v 0.019268 -0.005881 0.020609
v 0.018972 -0.006289 0.020896
v 0.018605 -0.006707 0.021252
v 0.020467 0.002235 0.019448
v 0.020387 0.002916 0.019526
v 0.020300 0.003382 0.019609
v 0.020134 0.004026 0.019771
v 0.018503 0.006809 0.021350
v 0.018564 0.006749 0.021291
v 0.020502 0.001532 0.019414
v 0.020509 0.000792 0.019407
v 0.020510 0.000000 0.019406
v 0.020510 -0.000395 0.019406
v 0.020496 -0.001722 0.019419
v 0.020451 -0.002408 0.019463
v 0.020469 -0.004655 0.020377
v 0.020493 -0.004662 0.020397
v 0.020316 -0.005055 0.020568
v 0.020647 -0.004255 0.020248
v 0.020660 -0.004032 0.020138
v 0.020781 -0.003819 0.020118
v 0.020748 -0.003668 0.020030
v 0.020853 -0.003535 0.020048
v 0.020809 -0.003364 0.019957
v 0.020971 -0.002905 0.019934
v 0.020906 -0.002713 0.019847
v 0.021027 -0.002419 0.019880
v 0.020967 -0.002014 0.019791
v 0.021065 -0.001718 0.019843
v 0.020990 -0.001128 0.019772
v 0.021077 -0.000344 0.019831
v 0.020993 0.000000 0.019768
v 0.021077 -0.000000 0.019831
v 0.021076 0.000880 0.019833
v 0.020980 0.001687 0.019780
v 0.021055 0.001972 0.019852
v 0.021009 0.002603 0.019897
v 0.020939 0.002396 0.019815
v 0.020923 0.002566 0.019830
v 0.020911 0.003263 0.019992
v 0.020857 0.003077 0.019900
v 0.020728 0.003753 0.020053
v 0.020317 0.005055 0.020568
v 0.020449 0.004767 0.020440
v 0.020546 0.004422 0.020279
v 0.020678 0.004162 0.020218
v 0.020848 0.003555 0.020053
v 0.015711 0.007209 0.019935
v 0.018152 0.007673 0.023251
v 0.018430 0.007513 0.022909
v 0.018187 0.007481 0.022631
v 0.016990 0.007417 0.021520
v 0.018561 0.000000 0.017883
v 0.018323 0.007399 0.022499
v 0.018644 0.007176 0.022188
v 0.019072 0.006809 0.021773
v 0.019139 0.006744 0.021709
v 0.019844 0.005880 0.021025
v 0.020145 0.005387 0.020734
v 0.019449 0.006407 0.021409
v 0.019817 0.005921 0.021052
v 0.020751 0.000000 0.019587
v 0.015446 0.006362 0.018081
v 0.015488 0.002169 0.014884
v 0.015489 0.002035 0.014864
v 0.015119 0.006745 0.018425
v 0.015411 0.004971 0.016345
v 0.015149 0.005469 0.016576
v 0.014852 0.005936 0.016838
v 0.014948 0.004436 0.015276
v 0.015150 0.003883 0.015132
v 0.015312 0.003298 0.015016
v 0.015426 0.002711 0.014934
v 0.015491 0.001497 0.014828
v 0.015223 0.001497 0.014430
v 0.015483 0.002580 0.014973
v 0.015476 0.003112 0.015153
v 0.015468 0.003630 0.015401
v 0.015464 0.004040 0.015650
v 0.015465 0.004553 0.016036
v 0.015491 -0.001497 0.014828
v 0.015489 -0.002056 0.014866
v 0.015483 -0.002607 0.014981
v 0.015463 -0.004185 0.015751
v 0.015476 -0.003082 0.015141
v 0.015468 -0.003644 0.015408
v 0.015477 -0.004971 0.016419
v 0.015477 -0.004968 0.016416
v 0.015464 -0.004461 0.015960
v 0.015223 -0.001497 0.014430
v 0.015119 -0.006745 0.018425
v 0.015446 -0.006362 0.018081
v 0.014852 -0.005936 0.016838
v 0.015426 -0.002711 0.014934
v 0.015312 -0.003298 0.015016
v 0.015150 -0.003883 0.015132
v 0.015411 -0.004971 0.016345
v 0.015149 -0.005469 0.016576
v 0.014948 -0.004436 0.015276
v 0.015711 -0.007209 0.019935
v 0.016990 -0.007417 0.021520
v 0.017704 -0.006761 0.020648
v 0.018187 -0.007481 0.022631
v 0.019139 -0.006743 0.021708
v 0.018901 -0.006966 0.021939
v 0.018459 -0.007309 0.022367
v 0.018323 -0.007399 0.022499
v 0.019315 -0.006559 0.021538
v 0.019666 -0.006132 0.021198
v 0.019844 -0.005880 0.021025
v 0.020011 -0.005619 0.020864
v 0.018320 -0.005894 0.019898
v 0.018814 -0.004851 0.019297
v 0.019008 -0.004278 0.019060
v 0.019165 -0.003677 0.018869
v 0.019284 -0.003056 0.018725
v 0.019363 -0.002422 0.018628
v 0.019411 -0.001150 0.018564
v 0.019161 -0.006546 0.022021
v 0.019020 -0.006696 0.022194
v 0.018870 -0.006697 0.022086
v 0.018995 -0.006721 0.022224
v 0.018651 -0.007028 0.022646
v 0.018309 -0.007172 0.022772
v 0.018472 -0.007161 0.022865
v 0.018433 -0.007188 0.022913
v 0.019320 -0.006358 0.021825
v 0.019474 -0.006158 0.021637
v 0.019284 -0.006204 0.021568
v 0.019548 -0.006053 0.021546
v 0.019422 -0.006037 0.021435
v 0.019559 -0.006037 0.021532
v 0.019586 -0.005998 0.021500
v 0.019962 -0.005220 0.020911
v 0.019929 -0.005418 0.021078
v 0.019644 -0.005735 0.021219
v 0.019738 -0.005758 0.021312
v 0.019638 -0.005919 0.021436
v 0.020442 -0.004143 0.020447
v 0.020359 -0.004403 0.020548
v 0.020238 -0.004664 0.020644
v 0.020241 -0.004727 0.020693
v 0.020015 -0.005246 0.020972
v 0.019079 -0.006431 0.021767
v 0.018668 -0.006811 0.022165
v 0.018187 -0.007154 0.022631
v 0.020400 -0.005016 0.021024
v 0.020807 -0.004336 0.020793
v 0.019949 -0.005882 0.021600
v 0.019701 -0.005919 0.021480
v 0.019946 -0.005634 0.021315
v 0.019738 -0.005803 0.021365
v 0.019632 -0.005947 0.021467
v 0.019577 -0.006017 0.021519
v 0.019651 -0.006447 0.022187
v 0.019941 -0.006128 0.021906
v 0.019947 -0.006113 0.021890
v 0.019586 -0.006511 0.022250
v 0.019532 -0.006562 0.022302
v 0.019105 -0.006921 0.022715
v 0.018651 -0.007217 0.023156
v 0.020331 -0.005605 0.021529
v 0.019977 -0.006084 0.021871
v 0.019963 -0.006102 0.021885
v 0.020645 -0.005077 0.021225
v 0.020682 -0.005006 0.021189
v 0.021184 -0.003701 0.020702
v 0.021008 -0.004264 0.020873
v 0.020932 -0.004461 0.020947
v 0.020858 -0.000776 0.020044
v 0.021427 -0.000904 0.020467
v 0.021423 -0.001402 0.020470
v 0.020859 -0.000000 0.020043
v 0.021144 -0.000000 0.020254
v 0.021429 0.000000 0.020465
v 0.021155 -0.003587 0.020638
v 0.021237 -0.003485 0.020651
v 0.020583 -0.003683 0.020310
v 0.020690 -0.003229 0.020207
v 0.020718 -0.003077 0.020179
v 0.021339 -0.002908 0.020552
v 0.020761 -0.002808 0.020137
v 0.021360 -0.002732 0.020532
v 0.020806 -0.002417 0.020094
v 0.021403 -0.002176 0.020490
v 0.020828 -0.002133 0.020073
v 0.020855 -0.001226 0.020047
v 0.019674 0.005862 0.021392
v 0.019653 0.005896 0.021418
v 0.019673 0.005875 0.021406
v 0.019609 0.005962 0.021471
v 0.019167 0.006539 0.022014
v 0.019154 0.006553 0.022029
v 0.019959 0.006107 0.021889
v 0.019413 0.006671 0.022417
v 0.018991 0.006725 0.022230
v 0.018649 0.007030 0.022649
v 0.021426 0.001143 0.020468
v 0.020855 0.001141 0.020046
v 0.020831 0.002071 0.020069
v 0.020857 0.000805 0.020044
v 0.020859 0.000403 0.020043
v 0.020772 0.002724 0.020126
v 0.021394 0.002325 0.020499
v 0.021407 0.002079 0.020486
v 0.020904 0.004529 0.020973
v 0.021106 0.003974 0.020778
v 0.020825 0.004342 0.020808
v 0.021166 0.003769 0.020720
v 0.021177 0.003603 0.020658
v 0.021295 0.003196 0.020595
v 0.020829 0.004700 0.021046
v 0.020417 0.005013 0.021033
v 0.020544 0.005259 0.021322
v 0.019972 0.005871 0.021602
v 0.019972 0.006091 0.021876
v 0.020216 0.005772 0.021640
v 0.019963 0.005623 0.021314
v 0.019817 0.006271 0.022026
v 0.018433 0.007188 0.022913
v 0.018651 0.007217 0.023156
v 0.018582 0.007082 0.022731
v 0.018816 0.007118 0.022995
v 0.019265 0.006797 0.022561
v 0.019341 0.006333 0.021801
v 0.019522 0.006091 0.021579
v 0.019753 0.005788 0.021358
v 0.019956 0.005492 0.021172
v 0.019769 0.005729 0.021301
v 0.019686 0.005846 0.021380
v 0.020248 0.004710 0.020685
v 0.020115 0.005031 0.020849
v 0.019951 0.005375 0.021050
v 0.019783 0.005682 0.021257
v 0.019695 0.005829 0.021366
v 0.019687 0.005842 0.021376
v 0.020442 0.004143 0.020447
v 0.020493 0.003988 0.020397
v 0.020596 0.003636 0.020297
v 0.020711 0.003115 0.020185
v 0.021335 0.002943 0.020556
v 0.019554 0.005862 0.021306
v 0.018431 0.007084 0.022623
v 0.018308 0.007171 0.022771
v 0.018187 0.007154 0.022631
v 0.018297 0.007085 0.022524
v 0.018732 0.006757 0.022103
v 0.019017 0.006540 0.021906
v 0.019140 0.006366 0.021707
v 0.019187 0.006314 0.021662
v 0.019885 0.005356 0.020986
v 0.020064 0.005030 0.020813
v 0.020177 0.004799 0.020703
v 0.020210 0.004726 0.020671
v 0.020071 0.006374 0.021780
v 0.020201 0.006215 0.021655
v 0.020556 0.005714 0.021310
v 0.020630 0.005596 0.021239
v 0.019810 0.006661 0.022033
v 0.019383 0.007051 0.022447
v 0.018651 0.007540 0.023156
v 0.019123 0.007248 0.022698
v 0.020704 0.005471 0.021167
v 0.020751 0.005389 0.021122
v 0.020914 0.005080 0.020963
v 0.021154 0.004538 0.020731
v 0.021347 0.003969 0.020544
v 0.021436 0.003629 0.020459
v 0.021552 0.002990 0.020346
v 0.021617 0.002269 0.020283
v 0.021638 0.001678 0.020263
v 0.021642 0.001379 0.020259
v 0.021646 0.000912 0.020255
v 0.021648 0.000435 0.020253
v 0.024370 0.007738 0.029377
v 0.033519 0.003037 0.036669
v 0.033670 0.003017 0.035916
v 0.033667 0.002964 0.034407
v 0.032958 0.004354 0.034785
v 0.031242 0.005851 0.034534
v 0.031913 0.005422 0.034212
v 0.031004 0.006021 0.033605
v 0.030732 0.006167 0.033524
v 0.030544 0.006240 0.034051
v 0.031750 0.005292 0.032194
v 0.031389 0.005157 0.030905
v 0.032387 0.002037 0.030297
v 0.031685 0.003974 0.030042
v 0.031668 0.001271 0.029023
v 0.031671 0.000572 0.028964
v 0.029455 0.006608 0.031009
v 0.028264 0.007080 0.031490
v 0.028227 0.007021 0.030387
v 0.026975 0.007373 0.030785
v 0.029286 0.003420 0.026554
v 0.028407 0.006104 0.027674
v 0.027861 0.005858 0.026650
v 0.027371 0.006546 0.027271
v 0.026608 0.007069 0.027814
v 0.027525 0.002007 0.024620
v 0.025910 0.006658 0.025998
v 0.024389 0.007617 0.027714
v 0.024897 0.006923 0.025700
v 0.025767 0.005721 0.024525
v 0.024101 0.007324 0.026152
v 0.023600 0.006896 0.024691
v 0.021946 0.007718 0.026022
v 0.024082 0.004091 0.022286
v 0.022935 0.006337 0.023344
v 0.021299 0.006470 0.022618
v 0.021469 0.006748 0.023142
v 0.020053 0.006867 0.022526
v 0.020074 0.006619 0.022132
v 0.021807 0.004038 0.020853
v 0.020908 0.005823 0.021624
v 0.021274 0.004794 0.020965
v 0.019643 0.007854 0.025112
v 0.019842 0.007621 0.024208
v 0.022141 0.005637 0.022103
v 0.022655 0.005326 0.022109
v 0.023179 0.003641 0.021561
v 0.022851 0.004103 0.021501
v 0.022487 0.004523 0.021484
v 0.021845 0.007413 0.024816
v 0.021745 0.007219 0.024240
v 0.023799 0.005386 0.022827
v 0.023182 0.005720 0.022759
v 0.021940 0.007824 0.026651
v 0.024400 0.005760 0.023562
v 0.025109 0.005372 0.023700
v 0.024952 0.004513 0.023058
v 0.025443 0.003985 0.023234
v 0.021878 0.007897 0.027309
v 0.025461 0.006394 0.025145
v 0.026364 0.004357 0.024101
v 0.026417 0.000881 0.023656
v 0.026379 0.001813 0.023662
v 0.027225 0.004698 0.025018
v 0.027587 0.000976 0.024613
v 0.025618 0.007449 0.028242
v 0.028022 0.005008 0.025985
v 0.028318 0.003190 0.025511
v 0.028490 0.002705 0.025586
v 0.028613 0.002183 0.025631
v 0.028685 0.001633 0.025644
v 0.028705 0.001062 0.025625
v 0.027755 0.006745 0.028270
v 0.029766 0.001140 0.026692
v 0.029742 0.000513 0.026636
v 0.029490 0.002901 0.026641
v 0.029639 0.002342 0.026694
v 0.029731 0.001753 0.026711
v 0.026811 0.007396 0.031794
v 0.030182 0.003629 0.027658
v 0.030418 0.003079 0.027757
v 0.030595 0.002486 0.027819
v 0.030709 0.001860 0.027842
v 0.030748 0.000544 0.027764
v 0.030760 0.001210 0.027823
v 0.030415 0.005394 0.029450
v 0.030883 0.004991 0.029672
v 0.030984 0.003813 0.028822
v 0.031254 0.003236 0.028936
v 0.031459 0.002613 0.029008
v 0.031597 0.001955 0.029038
v 0.028109 0.007112 0.032590
v 0.029490 0.006705 0.032791
v 0.029529 0.006681 0.032195
v 0.030640 0.006052 0.031621
v 0.031989 0.003373 0.030172
v 0.032224 0.002724 0.030258
v 0.029210 0.006734 0.033960
v 0.030757 0.006137 0.032886
v 0.031351 0.005792 0.033217
v 0.032255 0.004785 0.032393
v 0.032413 0.004488 0.032240
v 0.033172 0.000802 0.031505
v 0.032606 0.003491 0.031469
v 0.032870 0.002819 0.031571
v 0.033057 0.002109 0.031616
v 0.033059 0.002094 0.031614
v 0.033118 0.001573 0.031557
v 0.032615 0.004009 0.032044
v 0.032783 0.003485 0.031882
v 0.032901 0.003009 0.031768
v 0.033029 0.002310 0.031644
v 0.031420 0.005743 0.033202
v 0.031678 0.005519 0.032952
v 0.031989 0.005176 0.032651
v 0.030231 0.006348 0.034353
v 0.030458 0.006206 0.034780
v 0.031065 0.005869 0.035176
v 0.032462 0.004896 0.033820
v 0.033075 0.003590 0.032833
v 0.033370 0.002899 0.032953
v 0.033587 0.002168 0.033021
v 0.030797 0.005879 0.035784
v 0.031382 0.005482 0.036186
v 0.031944 0.004999 0.036565
v 0.032217 0.004986 0.035910
v 0.032891 0.004385 0.035508
v 0.032389 0.004963 0.035222
v 0.033375 0.003702 0.034999
v 0.033911 0.002217 0.034495
v 0.034076 0.001441 0.034527
v 0.033160 0.003753 0.036474
v 0.032888 0.003768 0.037176
v 0.032451 0.004423 0.036898
v 0.033940 0.002258 0.036032
v 0.034129 0.001469 0.036088
v 0.034238 0.000660 0.036084
v 0.033141 0.002290 0.038236
v 0.033469 0.000670 0.038395
v 0.033344 0.001490 0.038348
v 0.032860 0.003055 0.038060
v 0.032502 0.003773 0.037820
v 0.032071 0.004427 0.037520
v 0.031700 0.004937 0.037124
v 0.027936 0.007120 0.033124
v 0.030194 0.006214 0.035367
vn -0.0000 -1.0000 -0.0000
vn -0.9900 -0.0170 0.1401
vn -0.9981 -0.0000 -0.0618
vn -0.9275 -0.0000 -0.3737
vn -0.6164 -0.0000 -0.7874
vn -0.1998 -0.0000 -0.9798
vn -0.1401 0.0173 -0.9900
vn 0.0605 -0.0000 -0.9982
vn 0.3737 -0.0000 -0.9275
vn 0.7874 -0.0000 -0.6164
vn 0.9901 -0.0000 -0.1401
vn 0.9275 -0.0000 0.3737
vn 0.6164 -0.0000 0.7874
vn 0.1402 -0.0000 0.9901
vn 0.1401 -0.0000 0.9901
vn -0.3737 -0.0000 0.9275
vn -0.7874 -0.0000 0.6164
vn -0.9801 -0.0000 0.1987
vn 0.1393 -0.9805 -0.1386
vn 0.1828 -0.9659 -0.1832
vn 0.5913 -0.5514 -0.5885
vn 0.5035 -0.7030 -0.5022
vn 0.5006 -0.7071 -0.4994
vn 0.3922 -0.8330 -0.3903
vn 0.3137 -0.8967 -0.3123
vn 0.6442 -0.4171 -0.6411
vn 0.6839 -0.2588 -0.6821
vn 0.6990 -0.1659 -0.6956
vn -0.0000 1.0000 -0.0000
vn 0.6952 0.1951 -0.6919
vn 0.6987 0.1657 -0.6959
vn 0.5897 0.5556 -0.5862
vn 0.6011 0.5298 -0.5983
vn 0.3938 0.8315 -0.3919
vn 0.3952 0.8301 -0.3933
vn 0.1383 0.9808 -0.1376
vn 0.1393 0.9805 -0.1387
vn 0.7088 -0.0000 -0.7054
vn -0.6853 -0.2548 0.6822
vn -0.0944 -0.9911 0.0940
vn -0.4531 -0.7660 0.4560
vn -0.3421 -0.8754 0.3416
vn -0.1365 -0.9814 0.1349
vn -0.2991 -0.9074 0.2951
vn -0.4498 -0.7729 0.4476
vn -0.5783 -0.5781 0.5756
vn -0.5499 -0.6321 0.5459
vn -0.6177 -0.4905 0.6147
vn -0.7059 -0.0384 0.7073
vn -0.6744 -0.3128 0.6688
vn -0.7058 -0.0923 0.7024
vn -0.7088 -0.0000 0.7054
vn -0.7088 0.0112 0.7054
vn -0.7040 0.1174 0.7005
vn -0.6995 0.1648 0.6954
vn -0.6659 0.3416 0.6632
vn -0.5684 0.5993 0.5637
vn -0.6122 0.5026 0.6104
vn -0.4488 0.7744 0.4460
vn -0.4682 0.7509 0.4659
vn -0.3754 0.8482 0.3737
vn -0.2917 0.9116 0.2897
vn -0.3331 0.8826 0.3318
vn -0.1184 0.9860 0.1173
vn -0.1361 0.9814 0.1354
vn -0.9901 -0.0000 0.1401
vn -0.9276 -0.0000 -0.3737
vn -0.1401 -0.0173 -0.9900
vn 0.0606 -0.0000 -0.9982
vn 0.9801 -0.0000 -0.1987
vn 0.9900 0.0170 -0.1401
vn 0.9981 -0.0000 0.0618
vn -0.0000 1.0000 0.0001
vn 0.9247 -0.0000 -0.3808
vn -0.0000 1.0000 -0.0001
vn 0.8163 -0.0000 -0.5777
vn 0.5277 0.0372 -0.8486
vn 0.3251 -0.0000 -0.9457
vn 0.4833 -0.0000 -0.8754
vn 0.5281 -0.0000 -0.8492
vn 0.4831 -0.0287 -0.8751
vn 0.0540 -0.0000 -0.9985
vn 0.0539 -0.0000 -0.9985
vn -0.3862 -0.0000 -0.9224
vn -0.7493 -0.0000 -0.6622
vn -0.9629 -0.0000 -0.2699
vn -0.9843 -0.0000 0.1762
vn -0.9201 -0.0000 0.3916
vn -0.9201 -0.0000 0.3917
vn 0.8093 -0.0000 0.5874
vn 0.9749 -0.0000 0.2225
vn 0.9840 -0.0000 -0.1781
vn 0.8351 -0.0000 -0.5502
vn 0.8350 -0.0000 -0.5502
vn 0.5520 -0.0000 -0.8339
vn 0.9405 -0.0000 -0.3398
vn 0.1336 0.7067 -0.6948
vn 0.1369 0.7027 -0.6982
vn 0.2011 0.7103 -0.6745
vn 0.2046 0.7067 -0.6772
vn 0.3248 -0.8972 -0.2993
vn 0.3016 -0.9472 -0.1090
vn 0.9295 -0.0996 -0.3552
vn 0.2943 -0.9009 -0.3190
vn 0.0653 -0.9961 -0.0596
vn 0.1467 -0.9761 -0.1602
vn 0.2973 -0.8942 -0.3348
vn 0.3004 -0.8971 -0.3241
vn 0.3832 -0.8462 -0.3702
vn 0.3982 -0.8407 -0.3669
vn 0.4020 -0.8260 -0.3950
vn 0.4593 -0.7922 -0.4018
vn 0.4794 -0.7707 -0.4198
vn 0.8340 -0.3394 -0.4350
vn 0.7545 -0.4651 -0.4631
vn 0.7796 -0.4415 -0.4442
vn 0.7307 -0.5327 -0.4269
vn 0.7108 -0.5549 -0.4322
vn 0.6421 -0.6587 -0.3922
vn 0.8895 -0.1936 -0.4139
vn 0.9237 -0.1936 -0.3305
vn 0.9255 -0.1678 -0.3395
vn 0.9389 -0.0568 -0.3396
vn 0.8488 -0.4570 -0.2659
vn 0.8651 -0.4409 -0.2392
vn 0.8611 -0.3782 -0.3398
vn 0.8927 -0.3621 -0.2683
vn 0.6991 -0.6746 -0.2371
vn 0.2243 -0.9718 -0.0725
vn 0.2937 -0.9514 -0.0923
vn 0.3066 -0.9472 -0.0944
vn 0.3858 -0.9136 -0.1284
vn 0.0675 -0.9975 -0.0205
vn 0.0612 -0.9979 -0.0206
vn 0.6956 -0.6590 -0.2861
vn 0.7692 -0.5552 -0.3164
vn 0.8298 -0.4414 -0.3414
vn 0.8760 -0.3205 -0.3603
vn 0.9073 -0.1936 -0.3732
vn 0.9237 -0.0492 -0.3799
vn 0.8988 -0.0937 -0.4282
vn 0.9072 -0.0491 -0.4179
vn 0.7822 -0.5553 -0.2827
vn 0.8439 -0.4415 -0.3050
vn 0.8439 -0.4415 -0.3049
vn 0.8769 -0.3614 -0.3169
vn 0.8925 -0.3205 -0.3174
vn 0.8993 -0.2892 -0.3280
vn 0.9143 -0.2332 -0.3313
vn 0.4073 -0.8314 -0.3779
vn 0.4349 -0.8314 -0.3458
vn 0.5107 -0.7578 -0.4061
vn 0.5108 -0.7516 -0.4173
vn 0.5960 -0.6777 -0.4308
vn 0.1578 -0.9862 -0.0493
vn 0.1857 -0.9810 -0.0554
vn 0.1821 -0.9811 -0.0658
vn 0.1822 -0.9811 -0.0658
vn 0.1791 -0.9811 -0.0737
vn 0.0547 -0.9979 -0.0333
vn 0.0565 -0.9980 -0.0299
vn 0.0562 -0.9980 -0.0273
vn 0.0578 -0.9980 -0.0274
vn 0.0592 -0.9980 -0.0243
vn 0.0575 -0.9981 -0.0242
vn 0.0618 -0.9978 -0.0224
vn 0.0600 -0.9980 -0.0221
vn 0.0607 -0.9980 -0.0201
vn 0.0494 -0.9979 -0.0408
vn 0.0529 -0.9980 -0.0360
vn 0.1602 -0.9810 -0.1090
vn 0.1673 -0.9810 -0.0978
vn 0.2769 -0.9472 -0.1619
vn 0.2886 -0.9471 -0.1404
vn 0.2885 -0.9471 -0.1403
vn 0.2966 -0.9472 -0.1220
vn 0.4084 -0.8972 -0.1680
vn 0.4153 -0.8972 -0.1501
vn 0.5223 -0.8316 -0.1888
vn 0.5293 -0.8316 -0.1682
vn 0.5995 -0.7748 -0.2007
vn 0.8843 -0.1461 -0.4435
vn 0.8787 -0.2307 -0.4179
vn 0.8502 -0.3204 -0.4178
vn 0.8471 -0.3368 -0.4111
vn 0.8073 -0.4413 -0.3918
vn 0.8073 -0.4411 -0.3919
vn 0.7483 -0.5551 -0.3632
vn 0.7484 -0.5549 -0.3634
vn 0.6767 -0.6589 -0.3286
vn 0.6768 -0.6587 -0.3287
vn 0.1271 -0.9810 -0.1469
vn 0.1425 -0.9810 -0.1313
vn 0.2359 -0.9471 -0.2174
vn 0.2511 -0.9471 -0.1997
vn 0.3458 -0.8971 -0.2749
vn 0.3653 -0.8971 -0.2484
vn 0.4594 -0.8315 -0.3125
vn 0.4796 -0.8315 -0.2803
vn 0.5692 -0.7519 -0.3327
vn 0.5932 -0.7517 -0.2882
vn 0.5931 -0.7518 -0.2881
vn 0.6097 -0.7519 -0.2508
vn 0.7073 -0.6591 -0.2556
vn 0.7932 -0.5552 -0.2500
vn 0.8227 -0.4907 -0.2869
vn 0.0451 -0.9981 -0.0430
vn 0.0524 -0.9978 -0.0416
vn 0.1517 -0.9810 -0.1206
vn 0.2653 -0.9471 -0.1804
vn 0.2769 -0.9471 -0.1619
vn 0.3813 -0.8972 -0.2229
vn 0.3974 -0.8971 -0.1932
vn 0.3973 -0.8971 -0.1931
vn 0.5137 -0.8316 -0.2113
vn 0.6199 -0.7520 -0.2241
vn 0.6283 -0.7520 -0.1994
vn 0.6478 -0.7318 -0.2118
vn 0.1664 -0.9530 -0.2532
vn 0.2317 -0.9393 -0.2531
vn 0.2289 -0.9472 -0.2245
vn 0.3249 -0.8971 -0.2993
vn 0.5452 -0.7518 -0.3708
vn 0.5408 -0.7690 -0.3409
vn 0.6300 -0.6674 -0.3971
vn 0.6571 -0.6146 -0.4364
vn 0.0507 -0.9981 -0.0359
vn 0.0577 -0.9978 -0.0337
vn 0.1672 -0.9810 -0.0978
vn 0.1743 -0.9810 -0.0848
vn 0.1743 -0.9810 -0.0847
vn 0.1792 -0.9811 -0.0737
vn 0.4215 -0.8972 -0.1319
vn 0.5030 -0.8478 -0.1681
vn 0.0432 -0.9979 -0.0472
vn 0.0471 -0.9980 -0.0433
vn 0.2512 -0.9471 -0.1997
vn 0.3814 -0.8971 -0.2229
vn 0.4998 -0.8314 -0.2429
vn 0.4997 -0.8315 -0.2428
vn 0.5137 -0.8315 -0.2113
vn 0.6200 -0.7520 -0.2241
vn 0.7161 -0.6591 -0.2299
vn 0.7730 -0.5748 -0.2683
vn 0.9083 -0.0000 -0.4184
vn 0.9341 -0.0000 -0.3569
vn 0.7900 -0.0000 -0.6131
vn 0.7900 -0.0000 -0.6130
vn 0.2394 -0.7071 -0.6653
vn 0.2945 -0.6749 -0.6766
vn 0.3107 -0.6740 -0.6702
vn 0.3572 -0.6595 -0.6614
vn 0.3583 -0.6594 -0.6609
vn 0.4057 -0.6302 -0.6620
vn 0.4085 -0.6298 -0.6607
vn 0.4795 -0.5931 -0.6467
vn 0.5481 -0.6095 -0.5728
vn 0.4666 -0.5279 -0.7096
vn 0.5445 -0.5380 -0.6435
vn 0.5970 -0.4884 -0.6364
vn 0.6043 -0.4857 -0.6316
vn 0.6276 -0.4515 -0.6343
vn 0.6320 -0.4477 -0.6325
vn 0.6680 -0.4052 -0.6242
vn 0.6585 -0.4046 -0.6346
vn 0.6968 -0.3605 -0.6201
vn 0.7055 -0.3532 -0.6144
vn 0.7154 -0.3087 -0.6268
vn 0.7306 -0.2950 -0.6158
vn 0.7435 -0.2580 -0.6169
vn 0.7395 -0.2616 -0.6203
vn 0.7565 -0.2363 -0.6098
vn 0.7577 -0.2253 -0.6125
vn 0.7635 -0.2065 -0.6119
vn 0.7668 -0.1894 -0.6133
vn 0.7753 -0.1770 -0.6063
vn 0.7739 -0.1378 -0.6181
vn 0.7737 -0.1360 -0.6188
vn 0.7896 -0.1036 -0.6049
vn 0.7845 -0.0850 -0.6142
vn 0.7917 -0.0316 -0.6101
vn 0.7896 -0.0339 -0.6127
vn 0.0405 -0.7059 -0.7072
vn 0.0721 -0.7110 -0.6995
vn -0.3988 -0.6626 -0.6340
vn 0.0234 -0.7154 -0.6984
vn 0.0110 -0.7157 -0.6983
vn 0.0170 -0.7160 -0.6979
vn -0.0539 -0.7278 -0.6837
vn -0.0711 -0.7211 -0.6892
vn -0.1696 -0.7262 -0.6662
vn -0.1764 -0.7228 -0.6681
vn -0.2884 -0.7012 -0.6521
vn -0.2806 -0.7079 -0.6482
vn -0.3657 -0.6777 -0.6380
vn -0.3497 -0.6861 -0.6379
vn -0.3846 -0.6702 -0.6347
vn -0.3917 -0.6666 -0.6342
vn -0.5227 -0.5988 -0.6068
vn -0.4768 -0.6330 -0.6099
vn -0.5095 -0.6018 -0.6151
vn -0.5003 -0.6098 -0.6147
vn -0.4091 -0.6563 -0.6340
vn -0.4192 -0.6492 -0.6347
vn -0.4254 -0.6444 -0.6354
vn -0.4318 -0.6392 -0.6364
vn -0.4412 -0.6309 -0.6382
vn -0.4077 -0.6631 -0.6278
vn -0.4596 -0.6376 -0.6183
vn -0.4665 -0.6337 -0.6171
vn -0.4772 -0.6272 -0.6156
vn -0.4872 -0.6201 -0.6149
vn -0.4937 -0.6152 -0.6146
vn -0.6291 -0.5135 -0.5836
vn -0.6368 -0.5036 -0.5839
vn -0.6415 -0.4969 -0.5844
vn -0.6676 -0.4763 -0.5722
vn -0.6409 -0.5006 -0.5820
vn -0.6528 -0.4793 -0.5866
vn -0.6462 -0.4900 -0.5851
vn -0.5290 -0.5935 -0.6065
vn -0.5351 -0.5881 -0.6064
vn -0.5058 -0.6150 -0.6049
vn -0.5463 -0.5823 -0.6021
vn -0.5553 -0.5737 -0.6021
vn -0.5611 -0.5678 -0.6023
vn -0.5694 -0.5586 -0.6030
vn -0.5549 -0.5762 -0.6000
vn -0.5838 -0.5562 -0.5914
vn -0.5903 -0.5513 -0.5896
vn -0.5969 -0.5459 -0.5879
vn -0.6063 -0.5377 -0.5859
vn -0.6151 -0.5290 -0.5846
vn -0.6208 -0.5229 -0.5841
vn -0.6735 -0.4704 -0.5702
vn -0.6906 -0.4520 -0.5646
vn -0.7047 -0.4315 -0.5632
vn -0.7190 -0.4156 -0.5571
vn -0.7414 -0.3792 -0.5536
vn -0.7505 -0.3682 -0.5488
vn -0.7735 -0.3239 -0.5448
vn -0.7952 -0.2909 -0.5321
vn -0.8069 -0.2366 -0.5413
vn -0.8260 -0.1983 -0.5276
vn -0.8344 -0.1577 -0.5282
vn -0.8457 -0.1142 -0.5213
vn -0.8438 -0.0691 -0.5323
vn -0.8466 -0.0575 -0.5290
vn -0.8524 -0.0238 -0.5224
vn 0.2022 -0.7067 -0.6780
vn 0.2035 -0.7106 -0.6736
vn 0.1344 -0.7023 -0.6990
vn 0.1362 -0.7066 -0.6944
vn -0.2792 -0.8423 0.4611
vn -0.4415 -0.6425 0.6263
vn -0.4443 -0.4559 0.7712
vn -0.3610 -0.7244 0.5873
vn -0.3001 -0.8251 0.4786
vn 0.1863 -0.9419 0.2794
vn 0.1340 -0.9683 0.2109
vn 0.0420 -0.9962 -0.0757
vn 0.1112 -0.9907 0.0787
vn 0.5989 -0.2500 0.7608
vn 0.6083 -0.1838 0.7722
vn 0.4660 -0.0648 0.8824
vn 0.4702 -0.6309 0.6172
vn 0.5612 -0.6027 0.5673
vn 0.5267 -0.5221 0.6708
vn 0.6997 -0.4954 0.5147
vn 0.3924 -0.3671 0.8434
vn 0.3744 -0.7952 0.4770
vn 0.1676 -0.9713 0.1690
vn 0.2096 -0.9556 0.2073
vn 0.2141 -0.9454 0.2457
vn 0.2630 -0.9351 0.2377
vn 0.2904 -0.8913 0.3482
vn 0.1996 -0.9744 0.1036
vn 0.0343 -0.9994 0.0087
vn 0.0367 -0.9993 0.0098
vn 0.1433 -0.9872 0.0700
vn 0.1279 -0.9846 0.1195
vn 0.1209 -0.9842 0.1290
vn -0.0285 -0.9389 0.3429
vn 0.0451 -0.9627 0.2669
vn 0.0943 -0.9199 0.3806
vn 0.1853 -0.9412 0.2824
vn 0.2570 -0.8896 0.3776
vn 0.3002 -0.8959 0.3275
vn 0.3656 -0.8496 0.3801
vn 0.0440 -0.9622 0.2688
vn 0.1199 -0.9760 0.1820
vn 0.0156 -0.9659 0.2584
vn 0.1211 -0.9843 0.1285
vn 0.1673 -0.9711 0.1705
vn 0.1443 -0.9689 0.2011
vn 0.2854 -0.9522 0.1088
vn 0.0019 -0.7905 0.6124
vn -0.1285 -0.7089 0.6935
vn -0.1269 -0.8048 0.5798
vn -0.2528 -0.7059 0.6616
vn -0.2356 -0.8109 0.5356
vn 0.3595 -0.7738 0.5215
vn 0.3227 -0.7649 0.5575
vn 0.5329 -0.6941 0.4840
vn 0.4469 -0.6261 0.6390
vn 0.4466 -0.6263 0.6390
vn 0.4925 -0.5164 0.7005
vn 0.4928 -0.5163 0.7005
vn 0.5281 -0.4026 0.7477
vn 0.5432 -0.3880 0.7446
vn 0.5425 -0.2861 0.7898
vn 0.5406 -0.2889 0.7901
vn 0.4762 -0.4410 0.7608
vn 0.5248 -0.1689 0.8343
vn 0.6048 -0.1137 0.7882
vn 0.5683 -0.0563 0.8209
vn -0.0740 -0.6404 0.7645
vn 0.0187 -0.5890 0.8079
vn 0.0275 -0.4861 0.8735
vn -0.0121 -0.4113 0.9114
vn 0.2641 -0.0443 0.9635
vn 0.0986 -0.0431 0.9942
vn -0.1145 -0.1057 0.9878
vn 0.0167 -0.0939 0.9954
vn 0.0147 -0.2017 0.9793
vn -0.0109 -0.2297 0.9732
vn 0.0258 -0.2911 0.9563
vn 0.0216 -0.3831 0.9235
vn -0.1586 -0.5203 0.8391
vn -0.1607 -0.3447 0.9249
vn -0.1771 -0.3257 0.9287
vn -0.1779 -0.1886 0.9658
vn -0.1952 -0.1723 0.9655
vn -0.2998 -0.5482 0.7808
vn -0.3105 -0.4072 0.8589
vn -0.3280 -0.3804 0.8647
vn -0.3333 -0.2455 0.9103
vn -0.3495 -0.2245 0.9096
vn -0.3511 -0.1306 0.9272
vn -0.3665 -0.1148 0.9233
vn -0.3682 -0.5693 0.7351
vn -0.3789 -0.4668 0.7991
vn -0.3954 -0.4364 0.8082
vn -0.4024 -0.3160 0.8592
vn -0.4157 -0.2931 0.8610
vn -0.4181 -0.1860 0.8891
vn -0.4283 -0.1719 0.8871
vn -0.4286 -0.0977 0.8982
vn -0.4363 -0.0894 0.8953
vn -0.4326 -0.4743 0.7667
vn -0.5014 -0.1571 0.8508
vn -0.5391 -0.2156 0.8142
vn -0.5212 -0.1141 0.8457
vn -0.4706 -0.0804 0.8787
vn -0.4656 -0.0645 0.8826
vn -0.4673 -0.1496 0.8713
vn -0.4596 -0.1264 0.8791
vn -0.4617 -0.2504 0.8510
vn -0.4514 -0.2185 0.8652
vn -0.4509 -0.3710 0.8118
vn -0.4390 -0.3312 0.8352
vn -0.4340 -0.4882 0.7572
vn -0.4219 -0.4473 0.7886
vn -0.4126 -0.5941 0.6905
vn -0.4004 -0.5569 0.7277
vn -0.3958 -0.6244 0.6734
vn -0.4784 -0.0512 0.8767
vn -0.4745 -0.0356 0.8795
vn -0.4801 -0.0957 0.8720
vn -0.4733 -0.0719 0.8780
vn -0.4838 -0.1558 0.8612
vn -0.4727 -0.1195 0.8731
vn -0.4878 -0.2227 0.8441
vn -0.4715 -0.1721 0.8649
vn -0.4909 -0.2950 0.8197
vn -0.5166 -0.0346 0.8555
vn -0.5118 -0.0106 0.8591
vn -0.5182 -0.0616 0.8531
vn -0.5082 -0.0224 0.8610
vn -0.5214 -0.0968 0.8478
vn -0.5034 -0.0372 0.8632
vn -0.5097 -0.0633 0.8581
vn -0.3824 -0.7717 0.5082
vn -0.2859 -0.8462 0.4496
vn 0.0242 -0.6396 0.7684
vn -0.1437 -0.5399 0.8294
vn -0.1407 -0.6933 0.7068
vn -0.2818 -0.5763 0.7671
vn -0.2693 -0.6827 0.6792
vn -0.3499 -0.6007 0.7189
vn -0.3287 -0.7267 0.6032
vn -0.1569 -0.8361 0.5257
vn -0.2918 -0.7816 0.5513
vn -0.3469 -0.7282 0.5911
vn -0.3392 -0.7764 0.5312
vn -0.4738 -0.0632 0.8784
vn -0.4706 -0.0519 0.8808
vn -0.4745 -0.1194 0.8721
vn -0.4684 -0.0998 0.8779
vn -0.4756 -0.1983 0.8570
vn -0.4660 -0.1679 0.8687
vn -0.4751 -0.2900 0.8308
vn -0.4622 -0.2478 0.8515
vn -0.4714 -0.3836 0.7941
vn -0.4564 -0.3352 0.8242
vn -0.4643 -0.4736 0.7484
vn -0.4783 -0.5201 0.7077
vn -0.3982 -0.6254 0.6710
vn -0.3934 -0.6999 0.5962
vn -0.3537 -0.7622 0.5422
vn -0.4325 -0.5812 0.6893
vn -0.4369 -0.5794 0.6880
vn 0.4730 0.5834 -0.6602
vn -0.4481 -0.5793 0.6809
vn -0.4553 -0.5807 0.6749
vn -0.4514 -0.5805 0.6777
vn -0.4546 -0.5811 0.6750
vn -0.4498 -0.5814 0.6780
vn -0.4550 -0.5827 0.6734
vn -0.4476 -0.5841 0.6771
vn -0.4543 -0.5870 0.6701
vn -0.4345 -0.6306 0.6431
vn -0.4555 -0.6030 0.6549
vn -0.4427 -0.6054 0.6615
vn -0.4602 -0.5916 0.6620
vn -0.4469 -0.5926 0.6702
vn -0.4624 -0.5861 0.6654
vn -0.4499 -0.5858 0.6741
vn -0.4625 -0.5834 0.6676
vn -0.4334 -0.5834 0.6869
vn -0.4558 -0.5817 0.6737
vn -0.4913 -0.5795 0.6502
vn -0.4863 -0.5892 0.6453
vn -0.3174 -0.6695 0.6716
vn -0.4469 -0.6575 0.6066
vn -0.4417 -0.5921 0.6740
vn -0.4220 -0.4765 0.7713
vn -0.4587 -0.5086 0.7286
vn -0.4721 -0.5530 0.6865
vn -0.4523 -0.5443 0.7065
vn -0.4687 -0.5669 0.6775
vn -0.4486 -0.5619 0.6950
vn -0.4665 -0.5736 0.6733
vn -0.4475 -0.5706 0.6886
vn -0.4648 -0.5767 0.6719
vn 0.8973 0.2019 0.3926
vn 0.4304 0.5779 -0.6934
vn -0.4495 -0.5784 0.6808
vn 0.0928 -0.4464 0.8900
vn 0.3432 -0.3260 0.8809
vn -0.4648 -0.3694 0.8047
vn -0.5110 -0.4248 0.7472
vn -0.5120 -0.2806 0.8119
vn -0.4752 -0.6009 0.6427
vn -0.4412 -0.4691 0.7651
vn -0.5250 -0.3961 0.7533
vn -0.5008 -0.3002 0.8118
vn -0.5111 -0.2296 0.8283
vn -0.5012 -0.4322 0.7497
vn -0.4783 -0.5201 0.7076
vn -0.4787 -0.5199 0.7074
vn -0.4500 -0.5992 0.6622
vn -0.3598 -0.6630 0.6565
vn -0.3949 -0.6930 0.6032
vn -0.3931 -0.7133 0.5802
vn 0.0400 -0.9970 -0.0670
vn 0.0126 -0.9999 -0.0053
vn 0.0062 -1.0000 0.0055
vn -0.0105 -0.9990 0.0445
vn 0.0106 -0.9999 0.0082
vn 0.0141 -0.9999 0.0008
vn 0.0086 -0.9999 0.0090
vn 0.0061 -0.9999 0.0134
vn 0.0076 -0.9999 0.0115
vn 0.0060 -0.9999 0.0137
vn -0.0172 -0.9990 0.0412
vn -0.1201 -0.9669 0.2250
vn -0.0917 -0.9780 0.1873
vn 0.0470 -0.9986 0.0256
vn 0.0418 -0.9986 0.0334
vn 0.0378 -0.9986 0.0374
vn 0.0328 -0.9984 0.0471
vn 0.0341 -0.9984 0.0455
vn 0.0288 -0.9981 0.0546
vn -0.0295 -0.9918 0.1242
vn -0.0301 -0.9917 0.1252
vn -0.0722 -0.9825 0.1720
vn 0.0605 -0.9981 0.0144
vn 0.0876 -0.9948 0.0510
vn 0.0822 -0.9949 0.0590
vn 0.0714 -0.9936 0.0880
vn 0.0741 -0.9937 0.0842
vn 0.0734 -0.9936 0.0858
vn 0.0642 -0.9932 0.0975
vn 0.0597 -0.9926 0.1057
vn -0.0019 -0.9840 0.1783
vn -0.0003 -0.9844 0.1758
vn -0.0536 -0.9708 0.2338
vn -0.0537 -0.9708 0.2339
vn -0.1106 -0.9501 0.2917
vn -0.3844 -0.7849 0.4860
vn -0.2338 -0.9038 0.3585
vn -0.2914 -0.8858 0.3612
vn -0.1909 -0.9454 0.2641
vn -0.1870 -0.9384 0.2907
vn -0.1833 -0.9399 0.2880
vn -0.1826 -0.9141 0.3620
vn -0.1158 -0.9474 0.2985
vn -0.1084 -0.9015 0.4190
vn -0.0309 -0.9376 0.3463
vn -0.0078 -0.8791 0.4765
vn 0.0939 -0.9196 0.3816
vn 0.1410 -0.8575 0.4948
vn 0.2561 -0.8887 0.3804
vn 0.3283 -0.8152 0.4772
vn 0.4777 -0.7392 0.4748
vn -0.0343 -0.9975 0.0617
vn -0.0531 -0.9949 0.0862
vn -0.0610 -0.9936 0.0951
vn -0.1049 -0.9833 0.1489
vn -0.0848 -0.9879 0.1300
vn -0.1402 -0.9723 0.1872
vn -0.1208 -0.9772 0.1744
vn -0.2594 -0.9174 0.3019
vn -0.1818 -0.9414 0.2842
vn -0.5361 -0.0032 0.8442
vn -0.5184 -0.0726 0.8521
vn -0.5079 -0.0128 0.8613
vn -0.4762 -0.0076 0.8793
vn -0.4834 -0.0451 0.8742
vn -0.4722 -0.0126 0.8814
vn -0.4741 -0.0245 0.8801
vn -0.4702 -0.0312 0.8820
vn -0.4565 -0.0072 0.8897
vn -0.4363 -0.0278 0.8994
vn -0.3678 -0.0426 0.9289
vn -0.3669 -0.0433 0.9293
vn -0.2581 -0.0471 0.9650
vn -0.1956 -0.0728 0.9780
vn -0.1624 -0.0634 0.9847
vn -0.0264 -0.0693 0.9972
vn -0.5158 -0.1970 0.8338
vn -0.5470 -0.3208 0.7732
vn -0.4717 -0.3585 0.8056
vn -0.5136 -0.4817 0.7100
vn -0.4084 -0.5685 0.7141
vn -0.4553 -0.6677 0.5891
vn -0.3128 -0.8025 0.5081
vn -0.3383 -0.8214 0.4591
vn -0.2731 -0.8903 0.3643
vn 0.4332 -0.0539 0.8997
vn 0.2918 -0.0788 0.9532
vn 0.2890 -0.1500 0.9455
vn 0.2934 -0.1448 0.9450
vn 0.2857 -0.2525 0.9245
vn 0.2900 -0.2479 0.9244
vn 0.2776 -0.3576 0.8917
vn 0.2817 -0.3537 0.8919
vn 0.2638 -0.4648 0.8452
vn 0.2677 -0.4617 0.8457
vn 0.2433 -0.5727 0.7828
vn 0.2469 -0.5703 0.7835
vn 0.2154 -0.6779 0.7029
vn 0.2185 -0.6762 0.7036
vn 0.1810 -0.7725 0.6086
vn 0.1836 -0.7715 0.6092
vn 0.1393 -0.8558 0.4981
vn 0.0079 -0.7972 0.6037
vn -0.0113 -0.8758 0.4825
vn -0.1181 -0.8147 0.5677
vn -0.1185 -0.8943 0.4314
vn -0.2106 -0.8346 0.5090
vn -0.2008 -0.9014 0.3837
vn -0.2470 -0.8709 0.4249
vn -0.2440 -0.9009 0.3589
vn -0.2970 -0.8635 0.4077
vn -0.2859 -0.8691 0.4037
vn -0.3537 -0.7879 0.5041
vn -0.4143 -0.7249 0.5503
vn -0.4023 -0.6251 0.6689
vn -0.4910 -0.5198 0.6991
vn -0.4754 -0.4220 0.7720
vn -0.4848 -0.3141 0.8163
vn -0.4704 -0.2336 0.8510
vn -0.5057 -0.2062 0.8377
vn -0.5042 -0.1506 0.8504
vn -0.5125 -0.0859 0.8544
vn -0.5131 -0.0936 0.8532
vn -0.5622 -0.0032 0.8270
vn -0.4906 -0.5560 0.6709
vn -0.4744 -0.5722 0.6690
vn -0.4741 -0.5728 0.6687
vn -0.4714 -0.5785 0.6657
vn -0.4725 -0.5762 0.6669
vn -0.4785 -0.5636 0.6734
vn -0.4868 -0.5462 0.6817
vn -0.4678 -0.5820 0.6652
vn -0.3963 -0.7301 0.5567
vn -0.4249 -0.6799 0.5977
vn -0.4141 -0.6957 0.5870
vn -0.4294 -0.6690 0.6067
vn -0.4484 -0.6313 0.6327
vn -0.4415 -0.6438 0.6250
vn -0.4586 -0.6062 0.6497
vn -0.4645 -0.5935 0.6573
vn -0.4674 -0.5872 0.6609
vn -0.4687 -0.5844 0.6624
vn -0.4700 -0.5814 0.6641
vn -0.4653 -0.5915 0.6585
vn -0.1944 -0.9418 0.2741
vn -0.2702 -0.8903 0.3666
vn -0.2575 -0.8989 0.3544
vn -0.3101 -0.8475 0.4307
vn -0.3475 -0.8119 0.4690
vn -0.3676 -0.7711 0.5198
vn -0.4070 -0.7140 0.5697
vn -0.0927 -0.9878 0.1250
vn -0.1252 -0.9773 0.1709
vn -0.1302 -0.9757 0.1765
vn -0.1876 -0.9477 0.2582
vn -0.0270 -0.9991 0.0331
vn -0.0444 -0.9976 0.0535
vn -0.0402 -0.9980 0.0491
vn -0.0669 -0.9937 0.0902
vn -0.0920 -0.9880 0.1241
vn -0.0023 -1.0000 0.0034
vn 0.0001 -1.0000 0.0001
vn -0.0011 -1.0000 0.0011
vn 0.0537 -0.9962 -0.0692
vn 0.0062 -1.0000 -0.0078
vn -0.0001 -1.0000 0.0002
vn 0.0002 -1.0000 -0.0003
vn 0.1881 -0.9535 -0.2356
vn 0.1468 -0.9761 -0.1600
vn 0.0364 -0.9961 -0.0802
vn 0.0802 -0.9928 -0.0895
vn 0.1378 -0.9750 -0.1745
vn 0.1478 -0.9701 -0.1928
vn -0.5170 -0.4749 0.7122
vn -0.5280 -0.4222 0.7369
vn -0.5535 -0.3780 0.7421
vn -0.5556 -0.2809 0.7825
vn -0.5647 -0.2565 0.7844
vn -0.5817 -0.1545 0.7986
vn -0.5793 -0.1437 0.8023
vn -0.5886 -0.0704 0.8054
vn -0.5900 -0.0290 0.8069
vn -0.5885 -0.0173 0.8083
vn -0.5990 -0.0000 0.8008
vn -0.5569 -0.0375 0.8297
vn -0.5643 -0.0172 0.8254
vn -0.5664 -0.0226 0.8238
vn -0.5632 -0.0107 0.8262
vn -0.5492 -0.1145 0.8278
vn -0.5491 -0.0941 0.8304
vn -0.5506 -0.0637 0.8324
vn -0.5521 -0.1583 0.8186
vn -0.5483 -0.1433 0.8239
vn -0.5407 -0.1977 0.8177
vn -0.5290 -0.2802 0.8010
vn -0.5284 -0.2812 0.8011
vn -0.4807 -0.5099 0.7133
vn -0.4892 -0.4813 0.7273
vn -0.5066 -0.4213 0.7522
vn -0.5081 -0.4325 0.7448
vn -0.5147 -0.3721 0.7724
vn -0.2024 -0.9479 0.2461
vn -0.4721 -0.6699 0.5730
vn -0.5284 -0.5566 0.6411
vn -0.5888 -0.3784 0.7142
vn -0.6286 -0.1547 0.7622
vn -0.6325 -0.0290 0.7740
vn -0.9159 -0.0702 0.3953
vn -0.8910 -0.2411 0.3847
vn -0.8194 -0.4506 0.3543
vn -0.4469 -0.8733 0.1940
vn -0.0987 -0.9878 0.1201
vn -0.0836 -0.9958 0.0382
vn -0.0831 -0.9957 0.0412
vn -0.0822 -0.9958 0.0403
vn -0.0820 -0.9956 0.0443
vn -0.0811 -0.9958 0.0434
vn -0.0797 -0.9957 0.0474
vn -0.0803 -0.9956 0.0482
vn -0.0762 -0.9958 0.0505
vn -0.0767 -0.9957 0.0516
vn -0.0738 -0.9957 0.0552
vn -0.0737 -0.9958 0.0549
vn -0.0707 -0.9957 0.0603
vn -0.0701 -0.9958 0.0587
vn -0.0665 -0.9956 0.0656
vn -0.0655 -0.9959 0.0626
vn -0.0623 -0.9955 0.0708
vn -0.0609 -0.9959 0.0663
vn -0.0587 -0.9956 0.0731
vn -0.0567 -0.9978 0.0355
vn -0.0512 -0.9966 0.0648
vn -0.1203 -0.9916 0.0481
vn -0.0378 -0.9969 0.0696
vn -0.0196 -0.9968 0.0772
vn -0.0833 -0.9958 0.0379
vn -0.5394 -0.8087 0.2344
vn -0.5286 -0.8172 0.2296
vn -0.5176 -0.8254 0.2256
vn -0.5101 -0.8307 0.2231
vn -0.5027 -0.8358 0.2208
vn -0.4914 -0.8433 0.2178
vn -0.4799 -0.8505 0.2154
vn -0.4723 -0.8551 0.2140
vn -0.6153 -0.7417 0.2669
vn -0.6085 -0.7483 0.2641
vn -0.6019 -0.7546 0.2615
vn -0.5915 -0.7639 0.2579
vn -0.5810 -0.7730 0.2548
vn -0.5738 -0.7789 0.2530
vn -0.5667 -0.7846 0.2514
vn -0.5558 -0.7931 0.2493
vn -0.6907 -0.6583 0.2993
vn -0.6818 -0.6692 0.2954
vn -0.6726 -0.6800 0.2920
vn -0.6663 -0.6870 0.2899
vn -0.6599 -0.6940 0.2879
vn -0.6501 -0.7042 0.2853
vn -0.6402 -0.7141 0.2833
vn -0.6334 -0.7206 0.2821
vn -0.7892 -0.5105 0.3413
vn -0.7603 -0.5558 0.3360
vn -0.7431 -0.5790 0.3356
vn -0.7371 -0.5866 0.3355
vn -0.7280 -0.5978 0.3357
vn -0.7186 -0.6086 0.3363
vn -0.7121 -0.6159 0.3369
vn -0.7056 -0.6229 0.3376
vn -0.6958 -0.6333 0.3389
vn -0.4576 -0.6967 0.5525
vn -0.6347 -0.0705 0.7696
vn -0.6366 -0.0522 0.7694
vn -0.6765 -0.0201 0.7362
vn -0.3688 -0.9148 0.1649
vn -0.4040 -0.9007 0.1594
vn -0.3947 -0.9009 0.1806
vn -0.3897 -0.9009 0.1911
vn -0.3898 -0.9009 0.1911
vn -0.3828 -0.9009 0.2047
vn -0.3828 -0.9008 0.2047
vn -0.3723 -0.9008 0.2234
vn -0.6727 -0.0414 0.7388
vn -0.7080 -0.0414 0.7050
vn -0.7210 -0.0732 0.6890
vn -0.7310 -0.0414 0.6811
vn -0.7657 -0.0414 0.6419
vn -0.7657 -0.0412 0.6419
vn -0.8014 -0.0415 0.5966
vn -0.8015 -0.0414 0.5966
vn -0.8287 -0.0414 0.5582
vn -0.8281 -0.0448 0.5588
vn -0.9177 -0.0290 0.3962
vn -0.9168 -0.0409 0.3972
vn -0.9076 -0.0409 0.4179
vn -0.9092 -0.0198 0.4159
vn -0.8948 -0.0624 0.4421
vn -0.8971 -0.0414 0.4399
vn -0.8833 -0.0414 0.4669
vn -0.8798 -0.0676 0.4705
vn -0.8734 -0.0414 0.4853
vn -0.6147 -0.2570 0.7457
vn -0.6381 -0.1861 0.7471
vn -0.6648 -0.1860 0.7235
vn -0.7104 -0.1860 0.6788
vn -0.7530 -0.1860 0.6312
vn -0.7529 -0.1860 0.6312
vn -0.7881 -0.1860 0.5867
vn -0.7881 -0.1861 0.5867
vn -0.8149 -0.1861 0.5489
vn -0.8664 -0.1861 0.4633
vn -0.8822 -0.1861 0.4326
vn -0.8935 -0.1861 0.4087
vn -0.8980 -0.1861 0.3987
vn -0.9093 -0.1385 0.3925
vn -0.5595 -0.4755 0.6788
vn -0.5922 -0.3885 0.7060
vn -0.6235 -0.3884 0.6785
vn -0.6662 -0.3884 0.6366
vn -0.7062 -0.3884 0.5920
vn -0.7392 -0.3884 0.5503
vn -0.7643 -0.3885 0.5148
vn -0.8126 -0.3885 0.4345
vn -0.8273 -0.3885 0.4057
vn -0.8379 -0.3885 0.3833
vn -0.8417 -0.3885 0.3750
vn -0.8590 -0.3528 0.3711
vn -0.4861 -0.6448 0.5900
vn -0.5315 -0.5785 0.6187
vn -0.5520 -0.5783 0.6007
vn -0.5898 -0.5783 0.5636
vn -0.6252 -0.5783 0.5241
vn -0.6544 -0.5784 0.4871
vn -0.6766 -0.5784 0.4557
vn -0.7193 -0.5784 0.3847
vn -0.7324 -0.5785 0.3591
vn -0.7418 -0.5785 0.3393
vn -0.7473 -0.5785 0.3268
vn -0.6856 -0.6434 0.3407
vn -0.4338 -0.7310 0.5268
vn -0.4548 -0.7053 0.5438
vn -0.4797 -0.7052 0.5221
vn -0.5126 -0.7052 0.4899
vn -0.5434 -0.7052 0.4555
vn -0.5433 -0.7052 0.4555
vn -0.5687 -0.7052 0.4233
vn -0.5687 -0.7053 0.4233
vn -0.5880 -0.7053 0.3960
vn -0.6079 -0.7052 0.3649
vn -0.6995 -0.5783 0.4198
vn -0.6995 -0.5784 0.4198
vn -0.7901 -0.3884 0.4742
vn -0.8424 -0.1860 0.5057
vn -0.8569 -0.0359 0.5143
vn -0.8563 -0.0414 0.5148
vn -0.3529 -0.8121 0.4647
vn -0.3982 -0.7795 0.4836
vn -0.4239 -0.7794 0.4613
vn -0.4529 -0.7794 0.4328
vn -0.4530 -0.7794 0.4328
vn -0.4801 -0.7794 0.4025
vn -0.5025 -0.7795 0.3741
vn -0.5025 -0.7795 0.3740
vn -0.5195 -0.7795 0.3499
vn -0.5372 -0.7794 0.3224
vn -0.6079 -0.7052 0.3648
vn -0.6252 -0.7053 0.3343
vn -0.6251 -0.7053 0.3343
vn -0.6365 -0.7053 0.3121
vn -0.6446 -0.7053 0.2949
vn -0.6500 -0.7054 0.2828
vn -0.6230 -0.7302 0.2806
vn -0.5446 -0.8012 0.2478
vn -0.5739 -0.7796 0.2508
vn -0.5696 -0.7796 0.2605
vn -0.5624 -0.7795 0.2758
vn -0.5524 -0.7795 0.2954
vn -0.5372 -0.7795 0.3224
vn -0.4582 -0.8452 0.2750
vn -0.4431 -0.8453 0.2985
vn -0.4432 -0.8453 0.2985
vn -0.4286 -0.8453 0.3191
vn -0.4095 -0.8452 0.3433
vn -0.4096 -0.8452 0.3433
vn -0.3864 -0.8452 0.3692
vn -0.3616 -0.8452 0.3935
vn -0.3407 -0.8453 0.4116
vn -0.2779 -0.8992 0.3379
vn -0.2745 -0.9008 0.3364
vn -0.2938 -0.9008 0.3197
vn -0.2938 -0.9008 0.3198
vn -0.3139 -0.9008 0.3000
vn -0.3140 -0.9008 0.3000
vn -0.3328 -0.9008 0.2789
vn -0.3483 -0.9008 0.2592
vn -0.3601 -0.9008 0.2425
vn -0.3601 -0.9009 0.2425
vn -0.4582 -0.8453 0.2750
vn -0.4712 -0.8453 0.2519
vn -0.4797 -0.8453 0.2352
vn -0.4858 -0.8453 0.2222
vn -0.4888 -0.8453 0.2157
vn -0.4645 -0.8596 0.2129
vn -0.1391 -0.9757 0.1692
vn -0.1952 -0.9586 0.2073
vn -0.1926 -0.9586 0.2096
vn -0.2058 -0.9586 0.1967
vn -0.2181 -0.9586 0.1828
vn -0.2283 -0.9586 0.1699
vn -0.2360 -0.9587 0.1590
vn -0.2441 -0.9586 0.1464
vn -0.2440 -0.9586 0.1464
vn -0.2509 -0.9587 0.1342
vn -0.2555 -0.9587 0.1253
vn -0.2588 -0.9587 0.1184
vn -0.2587 -0.9587 0.1184
vn -0.2580 -0.9587 0.1201
vn -0.2440 -0.9618 0.1245
vn -0.6732 -0.0000 0.7394
vn -0.7086 -0.0000 0.7056
vn -0.7316 -0.0000 0.6817
vn -0.7663 -0.0000 0.6424
vn -0.8021 -0.0000 0.5971
vn -0.8289 -0.0000 0.5594
vn -0.8570 -0.0000 0.5153
vn -0.8741 -0.0000 0.4857
vn -0.8841 -0.0000 0.4673
vn -0.8965 -0.0000 0.4430
vn -0.9083 -0.0000 0.4183
vn -0.9181 -0.0000 0.3964
vn -0.9181 -0.0000 0.3963
vn -0.6328 -0.0000 0.7743
vn -0.6328 -0.0000 0.7744
vn -0.8728 0.0545 0.4850
vn -0.7075 0.0545 0.7046
vn -0.0211 0.9997 0.0105
vn -0.0221 0.9997 0.0131
vn -0.0203 0.9997 0.0135
vn -0.0178 0.9997 0.0152
vn -0.0152 0.9997 0.0173
vn -0.0157 0.9997 0.0191
vn -0.0150 0.9997 0.0187
vn -0.2998 0.8816 0.3645
vn -0.2776 0.8994 0.3375
vn -0.2347 0.9349 0.2664
vn -0.2154 0.9408 0.2617
vn -0.0960 0.9884 0.1173
vn -0.1466 0.9811 0.1263
vn -0.0555 0.9962 0.0676
vn -0.3738 0.8243 0.4252
vn -0.3484 0.8364 0.4231
vn -0.4239 0.7452 0.5148
vn -0.4349 0.7347 0.5207
vn -0.4548 0.6967 0.5548
vn -0.4840 0.6549 0.5804
vn -0.5009 0.5649 0.6557
vn -0.5071 0.5895 0.6288
vn -0.5594 0.4815 0.6747
vn -0.5667 0.4679 0.6782
vn -0.5744 0.4126 0.7070
vn -0.6155 0.3206 0.7200
vn -0.6093 0.2928 0.7369
vn -0.6266 0.1651 0.7617
vn -0.6211 0.1427 0.7706
vn -0.8654 0.3207 0.3850
vn -0.8886 0.2565 0.3802
vn -0.9045 0.1651 0.3931
vn -0.9129 0.1218 0.3895
vn -0.9157 0.0542 0.3983
vn -0.9178 0.0267 0.3962
vn -0.7524 0.5703 0.3296
vn -0.7988 0.4957 0.3410
vn -0.8105 0.4679 0.3524
vn -0.8338 0.4186 0.3600
vn -0.8550 0.3623 0.3711
vn -0.7215 0.6179 0.3124
vn -0.7276 0.6095 0.3150
vn -0.7565 0.5656 0.3284
vn -0.7304 0.5994 0.3274
vn -0.7369 0.5912 0.3279
vn -0.6894 0.6581 0.3028
vn -0.6575 0.6974 0.2850
vn -0.6675 0.6860 0.2894
vn -0.6924 0.6550 0.3025
vn -0.6757 0.6732 0.3004
vn -0.6826 0.6657 0.3015
vn -0.6962 0.6501 0.3044
vn -0.7059 0.6384 0.3069
vn -0.7153 0.6262 0.3101
vn -0.6367 0.7195 0.2774
vn -0.6437 0.7123 0.2797
vn -0.6506 0.7051 0.2822
vn -0.6219 0.7347 0.2710
vn -0.5920 0.7600 0.2682
vn -0.5996 0.7537 0.2692
vn -0.6073 0.7470 0.2704
vn -0.6185 0.7370 0.2726
vn -0.6294 0.7267 0.2753
vn -0.5407 0.8064 0.2394
vn -0.5486 0.8005 0.2413
vn -0.5565 0.7944 0.2435
vn -0.5254 0.8174 0.2361
vn -0.4963 0.8365 0.2325
vn -0.4665 0.8608 0.2032
vn -0.5641 0.7882 0.2459
vn -0.5756 0.7786 0.2499
vn -0.5867 0.7687 0.2546
vn -0.2376 0.9564 0.1702
vn -0.2863 0.9452 0.1572
vn -0.3688 0.9152 0.1623
vn -0.4117 0.8935 0.1793
vn -0.0607 0.9981 0.0116
vn -0.1789 0.9736 0.1417
vn -0.1388 0.9885 0.0608
vn -0.3253 0.9349 0.1423
vn -0.0190 0.9997 0.0128
vn -0.1257 0.9884 0.0847
vn -0.2945 0.9348 0.1983
vn -0.2945 0.9348 0.1984
vn -0.4700 0.8364 0.2820
vn -0.3045 0.9348 0.1827
vn -0.1300 0.9884 0.0780
vn -0.0210 0.9997 0.0126
vn -0.0210 0.9997 0.0113
vn -0.7330 0.4678 0.4937
vn -0.6840 0.5655 0.4607
vn -0.6268 0.6549 0.4222
vn -0.6268 0.6549 0.4221
vn -0.5627 0.7346 0.3790
vn -0.5627 0.7347 0.3790
vn -0.4546 0.8364 0.3061
vn -0.4546 0.8365 0.3061
vn -0.4700 0.8364 0.2821
vn -0.5818 0.7345 0.3492
vn -0.5818 0.7346 0.3492
vn -0.6480 0.6548 0.3889
vn -0.6480 0.6549 0.3889
vn -0.7072 0.5654 0.4245
vn -0.7072 0.5655 0.4244
vn -0.7578 0.4677 0.4549
vn -0.7578 0.4678 0.4549
vn -0.8122 0.3205 0.4875
vn -0.7652 0.0545 0.6415
vn -0.7652 0.0544 0.6415
vn -0.7558 0.1650 0.6336
vn -0.7259 0.3205 0.6086
vn -0.6773 0.4677 0.5678
vn -0.6773 0.4678 0.5678
vn -0.6321 0.5654 0.5299
vn -0.5792 0.6548 0.4855
vn -0.5200 0.7345 0.4359
vn -0.5200 0.7346 0.4359
vn -0.4201 0.8364 0.3521
vn -0.2722 0.9348 0.2282
vn -0.2722 0.9348 0.2281
vn -0.1162 0.9884 0.0974
vn -0.0188 0.9997 0.0157
vn -0.0190 0.9997 0.0142
vn -0.6325 0.0290 0.7740
vn -0.6382 0.0616 0.7674
vn -0.6727 0.0406 0.7388
vn -0.6756 0.0545 0.7352
vn -0.6673 0.1650 0.7262
vn -0.6409 0.3205 0.6975
vn -0.5980 0.4677 0.6508
vn -0.5581 0.5654 0.6073
vn -0.5114 0.6548 0.5565
vn -0.4591 0.7346 0.4996
vn -0.4591 0.7345 0.4997
vn -0.3709 0.8364 0.4036
vn -0.2403 0.9348 0.2615
vn -0.1026 0.9884 0.1116
vn -0.0169 0.9997 0.0184
vn -0.0164 0.9997 0.0162
vn -0.0179 0.9997 0.0171
vn -0.1096 0.9884 0.1048
vn -0.1096 0.9884 0.1047
vn -0.2568 0.9348 0.2454
vn -0.3963 0.8364 0.3787
vn -0.4906 0.7345 0.4688
vn -0.5464 0.6548 0.5222
vn -0.5963 0.5654 0.5698
vn -0.6390 0.4677 0.6107
vn -0.6848 0.3205 0.6544
vn -0.7131 0.1650 0.6814
vn -0.7219 0.0545 0.6899
vn -0.7285 0.0933 0.6787
vn -0.7856 0.3206 0.5292
vn -0.8180 0.1651 0.5510
vn -0.8281 0.0570 0.5577
vn -0.8277 0.0545 0.5586
vn -0.8558 0.0545 0.5145
vn -0.8563 0.0504 0.5140
vn -0.8456 0.1651 0.5076
vn -0.8456 0.1650 0.5076
vn -0.8952 0.0545 0.4423
vn -0.8958 0.0672 0.4393
vn -0.8855 0.1651 0.4343
vn -0.8855 0.1651 0.4342
vn -0.8505 0.3206 0.4170
vn -0.7935 0.4679 0.3891
vn -0.7405 0.5656 0.3631
vn -0.6785 0.6550 0.3327
vn -0.6091 0.7347 0.2987
vn -0.4920 0.8365 0.2413
vn -0.3188 0.9348 0.1563
vn -0.1361 0.9884 0.0667
vn -0.0219 0.9997 0.0108
vn -0.0216 0.9997 0.0098
vn -0.0211 0.9997 0.0097
vn -0.1378 0.9885 0.0630
vn -0.3229 0.9349 0.1477
vn -0.4983 0.8365 0.2279
vn -0.6169 0.7347 0.2822
vn -0.6872 0.6550 0.3143
vn -0.7500 0.5656 0.3430
vn -0.8037 0.4679 0.3676
vn -0.8614 0.3206 0.3940
vn -0.8969 0.1651 0.4103
vn -0.9080 0.0541 0.4154
vn -0.9076 0.0409 0.4179
vn -0.0192 0.9997 0.0143
vn -0.1216 0.9884 0.0905
vn -0.2849 0.9348 0.2120
vn -0.4397 0.8364 0.3273
vn -0.5443 0.7346 0.4051
vn -0.5443 0.7346 0.4052
vn -0.6062 0.6549 0.4513
vn -0.6616 0.5655 0.4925
vn -0.7090 0.4678 0.5278
vn -0.7598 0.3206 0.5656
vn -0.7911 0.1651 0.5890
vn -0.8009 0.0545 0.5963
vn -0.8009 0.0546 0.5962
vn -0.0218 0.9997 0.0117
vn -0.1337 0.9884 0.0715
vn -0.3131 0.9348 0.1674
vn -0.4833 0.8365 0.2584
vn -0.5983 0.7346 0.3199
vn -0.6664 0.6549 0.3563
vn -0.6664 0.6549 0.3564
vn -0.7273 0.5655 0.3889
vn -0.7794 0.4679 0.4168
vn -0.7794 0.4678 0.4168
vn -0.8353 0.3206 0.4467
vn -0.8697 0.1651 0.4651
vn -0.8805 0.0545 0.4709
vn -0.8812 0.0803 0.4658
vn -0.0528 0.9962 0.0698
vn -0.0499 0.9965 0.0666
vn -0.0149 0.9997 0.0188
vn -0.0208 0.9995 0.0258
vn -0.0036 1.0000 0.0051
vn -0.0013 1.0000 0.0020
vn 0.0001 1.0000 -0.0000
vn -0.0007 1.0000 0.0008
vn 0.0002 1.0000 -0.0003
vn -0.0002 1.0000 0.0003
vn 0.0248 0.9992 -0.0309
vn 0.0503 0.9961 -0.0719
vn 0.0452 0.9967 -0.0671
vn 0.0556 0.9955 -0.0770
vn 0.1388 0.9748 -0.1748
vn 0.0983 0.9878 -0.1205
vn 0.0750 0.9911 -0.1098
vn 0.1448 0.9714 -0.1882
vn 0.1503 0.9675 -0.2033
vn 0.1822 0.9746 -0.1305
vn 0.1841 0.9534 -0.2389
vn -0.2702 0.8810 0.3883
vn -0.3071 0.8531 0.4218
vn -0.2562 0.8991 0.3550
vn -0.2630 0.8939 0.3629
vn -0.2001 0.9406 0.2742
vn -0.2090 0.9366 0.2813
vn -0.1113 0.9815 0.1555
vn -0.1389 0.9739 0.1794
vn -0.0875 0.9891 0.1188
vn -0.4700 0.5938 0.6531
vn -0.4740 0.5867 0.6566
vn -0.4753 0.5844 0.6577
vn -0.4737 0.5872 0.6563
vn -0.4630 0.6064 0.6465
vn -0.4492 0.6314 0.6321
vn -0.4141 0.6957 0.5870
vn -0.4249 0.6799 0.5977
vn -0.4041 0.7171 0.5679
vn -0.3882 0.7444 0.5433
vn -0.3859 0.7475 0.5407
vn -0.3309 0.8239 0.4601
vn -0.3624 0.7964 0.4841
vn -0.3378 0.8217 0.4590
vn -0.4751 0.5446 0.6912
vn -0.4738 0.5567 0.6824
vn -0.4692 0.5933 0.6541
vn -0.4870 0.5638 0.6670
vn -0.4820 0.5726 0.6632
vn -0.4797 0.5767 0.6613
vn -0.4785 0.5788 0.6603
vn -0.4817 0.5731 0.6630
vn -0.5159 0.3577 0.7784
vn -0.5095 0.4215 0.7502
vn -0.5010 0.4370 0.7470
vn -0.4807 0.5100 0.7133
vn -0.5289 0.2802 0.8011
vn -0.5471 0.2475 0.7996
vn -0.5276 0.3089 0.7913
vn -0.5493 0.0683 0.8328
vn -0.5491 0.0999 0.8298
vn -0.5489 0.1434 0.8235
vn -0.5480 0.1455 0.8237
vn -0.5406 0.1977 0.8177
vn -0.5622 0.0032 0.8270
vn -0.5632 0.0106 0.8262
vn -0.5650 0.0173 0.8249
vn -0.5624 0.0226 0.8266
vn -0.5569 0.0374 0.8298
vn -0.5595 0.2810 0.7798
vn -0.5831 0.1424 0.7998
vn -0.5835 0.1439 0.7992
vn -0.5898 0.0290 0.8070
vn -0.5884 0.0175 0.8084
vn -0.4742 0.5888 0.6546
vn -0.5155 0.4808 0.7092
vn -0.5279 0.4222 0.7370
vn -0.5340 0.4119 0.7384
vn -0.5613 0.2923 0.7743
vn -0.1833 0.9399 0.2881
vn -0.5071 0.3081 0.8050
vn -0.4417 0.5921 0.6740
vn -0.1082 0.8999 0.4224
vn 0.0438 0.9623 0.2683
vn 0.2096 0.9556 0.2073
vn 0.0343 0.9994 0.0086
vn 0.0775 0.9911 -0.1078
vn 0.0716 0.9954 -0.0638
vn 0.0688 0.9931 -0.0950
vn 0.0367 0.9993 0.0098
vn 0.0470 0.9986 0.0256
vn 0.0605 0.9981 0.0144
vn 0.2904 0.8913 0.3482
vn 0.3002 0.8959 0.3274
vn 0.3656 0.8496 0.3801
vn 0.3761 0.7772 0.5045
vn 0.4404 0.5997 0.6682
vn 0.5329 0.6941 0.4840
vn 0.2475 0.7794 0.5756
vn 0.5762 0.6436 0.5037
vn 0.5267 0.5221 0.6708
vn 0.6997 0.4955 0.5147
vn 0.3924 0.3671 0.8434
vn 0.6083 0.1838 0.7722
vn 0.4660 0.0648 0.8824
vn 0.1212 0.9843 0.1286
vn 0.2855 0.9522 0.1087
vn 0.1444 0.9689 0.2010
vn 0.1681 0.9711 0.1694
vn -0.0073 0.8777 0.4791
vn -0.0310 0.9379 0.3455
vn -0.0283 0.9386 0.3438
vn 0.1208 0.9843 0.1288
vn 0.0993 0.9828 0.1559
vn 0.0733 0.9690 0.2358
vn 0.0453 0.9626 0.2673
vn 0.0945 0.9197 0.3810
vn -0.0116 0.8772 0.4799
vn 0.0086 0.7941 0.6077
vn -0.2918 0.7816 0.5513
vn -0.2465 0.8021 0.5439
vn -0.2111 0.8298 0.5166
vn 0.5417 0.2861 0.7904
vn 0.5426 0.2890 0.7887
vn 0.5427 0.4044 0.7362
vn 0.5322 0.3869 0.7531
vn 0.4927 0.5164 0.7004
vn 0.4926 0.5162 0.7006
vn 0.4467 0.6261 0.6391
vn 0.4468 0.6263 0.6388
vn 0.3906 0.7280 0.5635
vn 0.4012 0.7816 0.4777
vn 0.3282 0.8152 0.4772
vn 0.2554 0.8893 0.3794
vn 0.5988 0.2501 0.7608
vn 0.4762 0.4410 0.7608
vn 0.5309 0.0872 0.8429
vn 0.6402 0.1744 0.7481
vn 0.5682 0.0563 0.8209
vn 0.4332 0.0539 0.8997
vn 0.1668 0.9712 0.1701
vn 0.1340 0.9683 0.2109
vn 0.1871 0.9415 0.2804
vn 0.0937 0.9197 0.3812
vn 0.1415 0.8566 0.4962
vn 0.0014 0.7936 0.6084
vn 0.0167 0.6950 0.7188
vn -0.0240 0.6136 0.7892
vn 0.0187 0.5890 0.8079
vn 0.0275 0.4861 0.8735
vn -0.0121 0.4113 0.9114
vn 0.0216 0.3831 0.9235
vn 0.0258 0.2911 0.9563
vn -0.0109 0.2297 0.9732
vn 0.0147 0.2017 0.9793
vn 0.0172 0.0709 0.9973
vn -0.0263 0.0980 0.9948
vn -0.1144 0.1057 0.9878
vn 0.0986 0.0431 0.9942
vn -0.2344 0.8162 0.5280
vn -0.2539 0.6969 0.6708
vn -0.2679 0.6921 0.6703
vn -0.2828 0.5643 0.7756
vn -0.2984 0.5604 0.7726
vn -0.3111 0.3942 0.8648
vn -0.3271 0.3934 0.8592
vn -0.3334 0.2332 0.9135
vn -0.3491 0.2366 0.9067
vn -0.3510 0.1189 0.9288
vn -0.3662 0.1262 0.9219
vn -0.3669 0.0427 0.9293
vn -0.3678 0.0432 0.9289
vn -0.2581 0.0471 0.9650
vn -0.1184 0.8959 0.4282
vn -0.1180 0.8107 0.5734
vn -0.1268 0.8088 0.5742
vn -0.1285 0.7021 0.7004
vn -0.1404 0.7002 0.7000
vn -0.1437 0.5302 0.8356
vn -0.1583 0.5299 0.8331
vn -0.1606 0.3334 0.9290
vn -0.1768 0.3368 0.9248
vn -0.1778 0.1766 0.9681
vn -0.1950 0.1840 0.9634
vn -0.1956 0.0728 0.9780
vn -0.1625 0.0634 0.9847
vn 0.2641 0.0443 0.9635
vn 0.2918 0.0788 0.9532
vn 0.2893 0.1445 0.9463
vn 0.2930 0.1504 0.9442
vn 0.2861 0.2473 0.9257
vn 0.2895 0.2531 0.9231
vn 0.2782 0.3530 0.8933
vn 0.2811 0.3584 0.8903
vn 0.2645 0.4609 0.8471
vn 0.2669 0.4657 0.8437
vn 0.2441 0.5694 0.7850
vn 0.2461 0.5736 0.7813
vn 0.2162 0.6754 0.7051
vn 0.2177 0.6787 0.7014
vn 0.1818 0.7708 0.6106
vn 0.1828 0.7732 0.6072
vn 0.1388 0.8567 0.4968
vn 0.2578 0.8889 0.3786
vn 0.1846 0.9417 0.2814
vn 0.2524 0.9472 0.1978
vn 0.2180 0.9347 0.2806
vn -0.3565 0.6065 0.7107
vn -0.4838 0.2428 0.8408
vn -0.3982 0.6254 0.6710
vn -0.4403 0.5728 0.6914
vn -0.4557 0.4467 0.7699
vn -0.4957 0.3954 0.7733
vn -0.4832 0.3042 0.8210
vn -0.4809 0.2256 0.8472
vn -0.4815 0.2290 0.8460
vn -0.4181 0.5350 0.7341
vn -0.4643 0.4736 0.7484
vn -0.4613 0.3972 0.7934
vn -0.4684 0.3215 0.8230
vn -0.4668 0.2997 0.8320
vn -0.4722 0.2382 0.8487
vn -0.4694 0.2035 0.8592
vn -0.4199 0.5066 0.7530
vn -0.4376 0.4278 0.7909
vn -0.4388 0.3858 0.8115
vn -0.4524 0.3162 0.8339
vn -0.4524 0.2593 0.8533
vn -0.4618 0.2098 0.8618
vn -0.4607 0.1535 0.8742
vn -0.4736 0.0516 0.8792
vn -0.4714 0.0636 0.8796
vn -0.4735 0.0980 0.8753
vn -0.4777 0.0355 0.8778
vn -0.4761 0.0514 0.8779
vn -0.4780 0.0709 0.8755
vn -0.4768 0.0969 0.8737
vn -0.4793 0.1165 0.8699
vn -0.5079 0.0128 0.8613
vn -0.4839 0.0089 0.8751
vn -0.4773 0.0271 0.8783
vn -0.4741 0.0181 0.8803
vn -0.4728 0.0268 0.8808
vn -0.4702 0.0312 0.8820
vn -0.4706 0.0637 0.8800
vn -0.4573 0.3372 0.8229
vn -0.5221 0.2812 0.8052
vn -0.5057 0.2063 0.8377
vn -0.5042 0.1506 0.8504
vn -0.4802 0.1664 0.8612
vn -0.4791 0.1590 0.8633
vn -0.4735 0.1628 0.8656
vn -0.4703 0.1214 0.8741
vn -0.4672 0.1228 0.8756
vn -0.4662 0.0816 0.8809
vn -0.2770 0.8515 0.4452
vn -0.2674 0.8941 0.3594
vn -0.3409 0.8233 0.4539
vn -0.3422 0.8242 0.4512
vn -0.2859 0.8691 0.4036
vn -0.3214 0.8211 0.4718
vn -0.3534 0.7961 0.4912
vn -0.3861 0.7475 0.5406
vn -0.4711 0.5800 0.6645
vn -0.4508 0.5827 0.6762
vn -0.4608 0.5831 0.6691
vn -0.4462 0.5860 0.6764
vn -0.4627 0.5856 0.6656
vn -0.4459 0.5925 0.6709
vn -0.4601 0.5916 0.6621
vn -0.4428 0.6054 0.6614
vn -0.4570 0.5806 0.6738
vn 0.4956 -0.5795 -0.6470
vn -0.4411 0.5779 0.6866
vn -0.4561 0.5806 0.6745
vn -0.4516 0.5807 0.6774
vn -0.4547 0.5812 0.6749
vn -0.4499 0.5815 0.6778
vn -0.4550 0.5827 0.6734
vn -0.1749 0.5453 0.8198
vn 0.1703 0.4106 0.8958
vn -0.4784 0.5786 0.6606
vn -0.4398 0.5782 0.6872
vn 0.7811 0.0488 0.6225
vn -0.4653 0.5767 0.6715
vn -0.4473 0.5706 0.6887
vn -0.4666 0.5737 0.6732
vn -0.4482 0.5618 0.6953
vn -0.4687 0.5668 0.6776
vn -0.4607 0.5560 0.6918
vn -0.4492 0.5431 0.7094
vn -0.4345 0.6307 0.6431
vn -0.4449 0.6266 0.6399
vn -0.4155 0.6794 0.6048
vn -0.3609 0.7142 0.5998
vn -0.4555 0.6030 0.6549
vn -0.4476 0.5841 0.6772
vn -0.4543 0.5870 0.6701
vn -0.4722 0.5530 0.6864
vn -0.4587 0.5087 0.7286
vn -0.3968 0.6946 0.6001
vn -0.4159 0.7100 0.5682
vn -0.3720 0.7525 0.5435
vn -0.3769 0.7651 0.5220
vn -0.2798 0.8507 0.4450
vn -0.3516 0.8333 0.4267
vn -0.2970 0.8635 0.4077
vn -0.4581 0.5296 0.7139
vn -0.4760 0.5147 0.7131
vn -0.4976 0.4314 0.7525
vn -0.5001 0.4302 0.7515
vn -0.5157 0.3577 0.7785
vn 0.0476 0.9967 -0.0651
vn 0.0242 0.9992 -0.0314
vn 0.0126 0.9999 -0.0053
vn 0.0062 1.0000 0.0055
vn -0.0105 0.9990 0.0445
vn 0.0147 0.9999 0.0011
vn 0.0097 0.9999 0.0074
vn 0.0088 0.9999 0.0086
vn 0.0061 0.9999 0.0133
vn 0.0378 0.9986 0.0374
vn 0.0418 0.9986 0.0334
vn 0.0822 0.9949 0.0590
vn 0.0876 0.9948 0.0510
vn -0.0894 0.9769 0.1940
vn -0.1220 0.9699 0.2108
vn -0.0722 0.9825 0.1720
vn -0.0294 0.9918 0.1243
vn -0.0302 0.9917 0.1250
vn 0.0353 0.9983 0.0469
vn 0.0278 0.9982 0.0535
vn 0.0328 0.9984 0.0471
vn -0.2432 0.9091 0.3383
vn -0.2505 0.9130 0.3219
vn -0.1909 0.9454 0.2641
vn -0.1851 0.9347 0.3036
vn -0.2424 0.9122 0.3305
vn 0.0086 0.9999 0.0102
vn 0.0063 0.9999 0.0132
vn 0.0059 0.9999 0.0137
vn -0.0111 0.9994 0.0338
vn -0.0538 0.9949 0.0850
vn -0.0422 0.9964 0.0730
vn -0.1052 0.9834 0.1480
vn -0.0799 0.9889 0.1250
vn -0.1401 0.9723 0.1872
vn -0.1342 0.9739 0.1833
vn -0.2183 0.9367 0.2737
vn -0.5361 0.0032 0.8442
vn -0.5184 0.0726 0.8521
vn -0.5150 0.0106 0.8571
vn -0.5150 0.0346 0.8565
vn -0.5134 0.0224 0.8579
vn -0.5156 0.0622 0.8546
vn -0.5110 0.0372 0.8587
vn -0.5175 0.0987 0.8500
vn -0.5107 0.0679 0.8571
vn -0.5124 0.0868 0.8543
vn -0.5168 0.0994 0.8503
vn -0.5477 0.2111 0.8096
vn -0.4966 0.1443 0.8559
vn -0.5158 0.1971 0.8337
vn -0.3892 0.6814 0.6198
vn -0.3968 0.6140 0.6823
vn -0.3379 0.6812 0.6494
vn -0.3513 0.5883 0.7284
vn -0.3664 0.5820 0.7260
vn -0.3798 0.4537 0.8062
vn -0.3942 0.4497 0.8015
vn -0.4027 0.3047 0.8631
vn -0.4151 0.3043 0.8574
vn -0.4181 0.1776 0.8909
vn -0.4281 0.1802 0.8856
vn -0.4286 0.0914 0.8989
vn -0.4363 0.0955 0.8947
vn -0.4347 -0.0297 0.9001
vn -0.4564 0.0233 0.8895
vn -0.4406 0.5822 0.6833
vn -0.4643 0.5538 0.6912
vn -0.4784 0.4380 0.7611
vn -0.4950 0.4235 0.7587
vn -0.5113 0.3392 0.7896
vn -0.5182 0.3358 0.7866
vn -0.5295 0.2470 0.8115
vn -0.3643 0.4253 0.8285
vn -0.5344 0.4933 0.6863
vn -0.3975 0.5535 0.7319
vn -0.4990 0.5594 0.6619
vn -0.4304 0.6140 0.6617
vn -0.4426 0.6399 0.6282
vn -0.4094 0.6763 0.6124
vn -0.4100 0.6809 0.6068
vn -0.3533 0.7423 0.5694
vn -0.3908 0.7232 0.5695
vn -0.3007 0.8113 0.5014
vn -0.3358 0.7932 0.5080
vn -0.2472 0.8664 0.4338
vn -0.2778 0.8477 0.4519
vn -0.1825 0.9121 0.3671
vn -0.2003 0.9037 0.3785
vn -0.1104 0.9496 0.2933
vn -0.1159 0.9478 0.2970
vn -0.0536 0.9708 0.2338
vn -0.0537 0.9708 0.2338
vn -0.0022 0.9841 0.1778
vn -0.0001 0.9843 0.1763
vn 0.0654 0.9929 0.0990
vn 0.0587 0.9928 0.1045
vn 0.0744 0.9936 0.0845
vn 0.0732 0.9936 0.0856
vn 0.0714 0.9936 0.0880
vn 0.1684 0.9837 0.0636
vn 0.0871 0.9879 0.1282
vn 0.1997 0.9744 0.1035
vn 0.6792 -0.0001 -0.7340
vn 0.9999 0.0023 0.0137
vn 0.9999 -0.0074 -0.0154
vn 0.9999 0.0114 -0.0125
vn 0.9989 -0.0073 -0.0470
vn 0.9988 -0.0088 -0.0482
vn 0.9952 0.0089 -0.0970
vn 0.9942 -0.0037 -0.1079
vn 0.9860 0.0060 -0.1664
vn 0.9976 0.0048 0.0685
vn 0.9987 -0.0068 0.0513
vn 0.9985 0.0057 0.0536
vn 0.9995 -0.0026 0.0331
vn 0.9974 0.0083 0.0715
vn 0.9973 -0.0071 0.0725
vn 0.9965 0.0057 0.0829
vn 0.9965 -0.0047 0.0834
vn 0.9961 0.0035 0.0877
vn 0.9960 -0.0018 0.0888
vn 0.9959 0.0010 0.0901
vn 0.9959 -0.0000 0.0901
vn 0.9959 -0.0015 0.0901
vn 0.9961 0.0017 0.0877
vn 0.9961 -0.0039 0.0879
vn 0.9966 0.0043 0.0820
vn 0.9966 -0.0053 0.0828
vn 0.9976 0.0057 0.0695
vn 0.9975 -0.0063 0.0709
vn 0.9982 0.0012 0.0595
vn 0.9992 -0.0007 0.0403
vn 0.9996 0.0030 0.0280
vn 0.9999 -0.0014 0.0147
vn 1.0000 0.0007 -0.0034
vn 0.9997 -0.0039 -0.0247
vn 0.9990 0.0137 -0.0426
vn 0.9992 0.0058 -0.0390
vn 0.9954 -0.0060 -0.0953
vn 0.9949 0.0049 -0.1012
vn 0.9898 -0.0020 -0.1422
vn 0.9856 -0.0109 -0.1685
vn 0.9858 -0.0127 -0.1674
vn 0.9778 0.0101 -0.2094
vn 0.9759 0.0187 -0.2173
vn 0.9615 -0.0184 -0.2742
vn 0.9568 -0.0017 -0.2907
vn 0.9411 0.0020 -0.3382
vn 0.9301 -0.0208 -0.3668
vn 0.9125 0.0214 -0.4084
vn 0.9018 0.0001 -0.4321
vn 0.8857 -0.0000 -0.4642
vn 0.8696 0.0139 -0.4936
vn 0.8611 -0.0072 -0.5084
vn 0.8248 0.0081 -0.5654
vn 0.8230 0.0028 -0.5681
vn 0.7927 -0.0015 -0.6096
vn 0.7860 -0.0136 -0.6180
vn 0.7623 0.0193 -0.6469
vn 0.7559 -0.0001 -0.6547
vn 0.7383 -0.0000 -0.6745
vn 0.7333 -0.0059 -0.6799
vn 0.7161 0.0181 -0.6977
vn 0.7084 -0.0146 -0.7056
vn 0.6945 0.0052 -0.7194
vn 0.6936 0.0031 -0.7204
vn 0.6835 -0.0063 -0.7299
vn 0.6837 -0.0049 -0.7297
vn 0.6797 -0.0004 -0.7335
vn 0.6792 0.0001 -0.7340
vn 0.6797 0.0003 -0.7335
vn 0.6797 0.0001 -0.7335
vn 0.6864 -0.0002 -0.7272
vn 0.6864 -0.0001 -0.7272
vn 0.6957 0.0001 -0.7183
vn 0.6957 -0.0004 -0.7184
vn 0.7053 0.0004 -0.7089
vn 0.7053 -0.0008 -0.7089
vn 0.7139 0.0006 -0.7002
vn 0.7135 -0.0022 -0.7006
vn 0.7203 0.0021 -0.6937
vn 0.7232 -0.0024 -0.6907
vn 0.7291 0.0019 -0.6844
vn 0.7575 -0.0005 -0.6528
vn 0.7573 0.0009 -0.6531
vn 0.7571 -0.0010 -0.6533
vn 0.7569 0.0010 -0.6535
vn 0.7561 -0.0017 -0.6544
vn 0.7546 0.0016 -0.6562
vn 0.7532 -0.0024 -0.6578
vn 0.7516 0.0023 -0.6597
vn 0.7496 -0.0024 -0.6619
vn 0.7492 0.0021 -0.6623
vn 0.7461 -0.0032 -0.6658
vn 0.7452 0.0030 -0.6669
vn 0.7406 -0.0037 -0.6719
vn 0.7401 0.0033 -0.6725
vn 0.7359 -0.0020 -0.6771
vn 0.7370 0.0015 -0.6759
vn 0.7326 -0.0022 -0.6806
vn 0.7575 0.0005 -0.6528
vn 0.7587 -0.0004 -0.6515
vn 0.7586 0.0002 -0.6515
vn 0.7591 -0.0002 -0.6510
vn 0.7586 0.0004 -0.6515
vn 0.6797 -0.0003 -0.7335
vn 0.6797 -0.0001 -0.7335
vn 0.6864 0.0002 -0.7272
vn 0.6864 0.0001 -0.7272
vn 0.6956 -0.0001 -0.7184
vn 0.6958 0.0004 -0.7183
vn 0.7051 -0.0004 -0.7091
vn 0.7055 0.0008 -0.7087
vn 0.7130 -0.0005 -0.7012
vn 0.7144 0.0017 -0.6998
vn 0.7203 -0.0021 -0.6937
vn 0.7232 0.0024 -0.6907
vn 0.7291 -0.0019 -0.6844
vn 0.7326 0.0022 -0.6806
vn 0.7351 0.0001 -0.6780
vn 0.7376 -0.0002 -0.6753
vn 0.7382 -0.0010 -0.6745
vn 0.7424 0.0011 -0.6700
vn 0.7435 -0.0006 -0.6687
vn 0.7476 0.0006 -0.6641
vn 0.7478 0.0003 -0.6639
vn 0.7507 -0.0004 -0.6606
vn 0.7506 0.0001 -0.6608
vn 0.7541 -0.0001 -0.6568
vn 0.7539 0.0003 -0.6570
vn 0.7567 -0.0003 -0.6537
vn 0.7564 0.0007 -0.6541
vn 0.7573 -0.0007 -0.6531
vn 0.7573 -0.0009 -0.6531
vn 0.9870 0.0238 -0.1587
vn 0.9847 0.0092 -0.1739
vn 0.9778 -0.0103 -0.2093
vn 0.9761 -0.0182 -0.2165
vn 0.9615 0.0184 -0.2742
vn 0.9571 0.0018 -0.2899
vn 0.9323 -0.0039 -0.3616
vn 0.9372 0.0425 -0.3461
vn 0.9041 -0.0423 -0.4252
vn 0.9117 -0.0002 -0.4108
vn 0.8857 0.0001 -0.4642
vn 0.8800 -0.0050 -0.4749
vn 0.8606 0.0136 -0.5090
vn 0.8464 -0.0224 -0.5320
vn 0.8220 0.0152 -0.5692
vn 0.8181 0.0082 -0.5751
vn 0.7871 -0.0198 -0.6165
vn 0.7910 -0.0016 -0.6118
vn 0.7559 0.0010 -0.6547
vn 0.7556 0.0001 -0.6550
vn 0.7334 -0.0001 -0.6798
vn 0.7380 0.0127 -0.6747
vn 0.7087 -0.0280 -0.7049
vn 0.7154 0.0249 -0.6983
vn 0.6935 -0.0066 -0.7204
vn 0.6945 -0.0040 -0.7194
vn 0.6837 0.0061 -0.7297
vn 0.6835 0.0047 -0.7299
vn 0.6796 0.0004 -0.7335
vn 0.3824 0.8465 -0.3705
vn 0.4756 0.7747 -0.4166
vn 0.7893 0.5553 -0.2621
vn 0.0607 0.9980 -0.0201
vn 0.1661 0.9530 -0.2534
vn 0.0583 0.9981 -0.0178
vn 0.2238 0.9725 -0.0637
vn 0.1617 0.9856 -0.0501
vn 0.0724 0.9971 -0.0248
vn 0.1836 0.9811 -0.0617
vn 0.3062 0.9472 -0.0955
vn 0.3345 0.9359 -0.1107
vn 0.4213 0.8972 -0.1324
vn 0.4480 0.8817 -0.1482
vn 0.5291 0.8316 -0.1688
vn 0.5551 0.8104 -0.1875
vn 0.6279 0.7520 -0.2008
vn 0.6569 0.7192 -0.2266
vn 0.7124 0.6591 -0.2409
vn 0.7451 0.6307 -0.2169
vn 0.7185 0.6569 -0.2287
vn 0.8655 0.4409 -0.2379
vn 0.8358 0.4590 -0.3013
vn 0.7831 0.5734 -0.2407
vn 0.8926 0.3205 -0.3171
vn 0.9075 0.2538 -0.3346
vn 0.9242 0.1936 -0.3292
vn 0.9276 0.1556 -0.3397
vn 0.8523 0.3205 -0.4134
vn 0.8820 0.2092 -0.4222
vn 0.8827 0.1935 -0.4283
vn 0.8996 0.1133 -0.4218
vn 0.8995 0.0927 -0.4271
vn 0.9078 0.0322 -0.4182
vn 0.6914 0.5889 -0.4187
vn 0.7191 0.5363 -0.4419
vn 0.7200 0.5552 -0.4163
vn 0.7756 0.4456 -0.4470
vn 0.7722 0.4413 -0.4572
vn 0.8109 0.3797 -0.4454
vn 0.4561 0.7957 -0.3986
vn 0.4021 0.8313 -0.3838
vn 0.4015 0.8281 -0.3912
vn 0.3318 0.8793 -0.3415
vn 0.2961 0.8970 -0.3284
vn 0.2943 0.9008 -0.3193
vn 0.2297 0.9472 -0.2237
vn 0.2323 0.9390 -0.2537
vn 0.1310 0.9810 -0.1430
vn 0.1403 0.9762 -0.1655
vn 0.0509 0.9979 -0.0394
vn 0.0592 0.9962 -0.0646
vn 0.0613 0.9979 -0.0226
vn 0.1673 0.9810 -0.0978
vn 0.3983 0.8407 -0.3670
vn 0.3249 0.8971 -0.2993
vn 0.3249 0.8972 -0.2993
vn 0.2359 0.9471 -0.2174
vn 0.1425 0.9810 -0.1313
vn 0.0464 0.9980 -0.0427
vn 0.0463 0.9980 -0.0441
vn 0.5452 0.7518 -0.3709
vn 0.4594 0.8314 -0.3125
vn 0.4594 0.8315 -0.3125
vn 0.3653 0.8971 -0.2485
vn 0.3653 0.8971 -0.2484
vn 0.2653 0.9471 -0.1804
vn 0.1602 0.9810 -0.1090
vn 0.1673 0.9811 -0.0978
vn 0.2769 0.9472 -0.1619
vn 0.3813 0.8971 -0.2230
vn 0.3813 0.8972 -0.2229
vn 0.4796 0.8315 -0.2804
vn 0.4796 0.8315 -0.2803
vn 0.5362 0.7838 -0.3134
vn 0.5582 0.7514 -0.3519
vn 0.0602 0.9980 -0.0217
vn 0.1822 0.9811 -0.0658
vn 0.1821 0.9811 -0.0658
vn 0.3016 0.9472 -0.1090
vn 0.4153 0.8972 -0.1501
vn 0.5223 0.8316 -0.1888
vn 0.6200 0.7520 -0.2241
vn 0.6199 0.7520 -0.2240
vn 0.7073 0.6591 -0.2556
vn 0.7822 0.5553 -0.2827
vn 0.8439 0.4415 -0.3050
vn 0.8439 0.4415 -0.3049
vn 0.8822 0.3466 -0.3188
vn 0.8688 0.3396 -0.3604
vn 0.9327 0.0556 -0.3564
vn 0.9315 0.1291 -0.3400
vn 0.9237 0.0492 -0.3799
vn 0.9073 0.1936 -0.3732
vn 0.8760 0.3206 -0.3603
vn 0.8760 0.3205 -0.3603
vn 0.8298 0.4414 -0.3413
vn 0.8298 0.4414 -0.3414
vn 0.7692 0.5552 -0.3164
vn 0.6956 0.6590 -0.2861
vn 0.6956 0.6590 -0.2862
vn 0.6097 0.7519 -0.2508
vn 0.5137 0.8316 -0.2113
vn 0.5137 0.8315 -0.2114
vn 0.4084 0.8972 -0.1680
vn 0.2966 0.9472 -0.1220
vn 0.1791 0.9811 -0.0737
vn 0.0582 0.9980 -0.0239
vn 0.0522 0.9980 -0.0370
vn 0.0522 0.9980 -0.0355
vn 0.0562 0.9978 -0.0342
vn 0.0552 0.9980 -0.0323
vn 0.0565 0.9980 -0.0299
vn 0.0561 0.9981 -0.0266
vn 0.6333 0.6581 -0.4071
vn 0.6166 0.6846 -0.3887
vn 0.5904 0.6861 -0.4251
vn 0.5090 0.7515 -0.4197
vn 0.5049 0.7642 -0.4014
vn 0.4349 0.8314 -0.3458
vn 0.4349 0.8315 -0.3458
vn 0.3458 0.8971 -0.2749
vn 0.2511 0.9471 -0.1997
vn 0.1517 0.9810 -0.1206
vn 0.0501 0.9980 -0.0398
vn 0.0508 0.9978 -0.0419
vn 0.0589 0.9980 -0.0248
vn 0.0575 0.9980 -0.0280
vn 0.1743 0.9810 -0.0848
vn 0.2885 0.9471 -0.1403
vn 0.2886 0.9471 -0.1403
vn 0.3973 0.8971 -0.1931
vn 0.3975 0.8971 -0.1932
vn 0.4997 0.8315 -0.2429
vn 0.4999 0.8314 -0.2429
vn 0.5931 0.7518 -0.2881
vn 0.5933 0.7517 -0.2881
vn 0.6766 0.6589 -0.3286
vn 0.6768 0.6587 -0.3286
vn 0.7483 0.5551 -0.3633
vn 0.7484 0.5549 -0.3633
vn 0.8073 0.4413 -0.3919
vn 0.8074 0.4411 -0.3918
vn 0.8524 0.3199 -0.4137
vn 0.8169 0.3315 -0.4720
vn 0.2788 0.7063 -0.6506
vn 0.2469 0.6865 -0.6840
vn 0.3368 0.6704 -0.6611
vn 0.3562 0.6681 -0.6533
vn 0.3148 0.6651 -0.6772
vn 0.4041 0.6517 -0.6419
vn 0.3626 0.6337 -0.6834
vn 0.4581 0.6202 -0.6367
vn 0.4352 0.6161 -0.6566
vn 0.5102 0.5672 -0.6465
vn 0.6353 0.4510 -0.6269
vn 0.6170 0.4669 -0.6335
vn 0.5757 0.5056 -0.6426
vn 0.5863 0.5073 -0.6315
vn 0.5186 0.5541 -0.6512
vn 0.6851 0.3643 -0.6308
vn 0.6917 0.3607 -0.6256
vn 0.6694 0.4411 -0.5978
vn 0.6329 0.4318 -0.6427
vn 0.6731 0.3954 -0.6250
vn 0.7509 0.2428 -0.6142
vn 0.7393 0.2793 -0.6127
vn 0.7592 0.2725 -0.5910
vn 0.6893 0.3043 -0.6575
vn 0.7428 0.3155 -0.5906
vn 0.7135 0.3368 -0.6144
vn 0.7628 0.2134 -0.6104
vn 0.7612 0.2145 -0.6121
vn 0.7767 0.1553 -0.6104
vn 0.7776 0.1547 -0.6095
vn 0.7831 0.0941 -0.6147
vn 0.7837 0.0935 -0.6141
vn 0.7909 0.0340 -0.6110
vn 0.7896 0.0320 -0.6127
vn 0.3320 -0.0000 -0.9433
vn 0.4146 0.0133 -0.9099
vn 0.3996 0.0004 -0.9167
vn 0.4470 -0.0002 -0.8945
vn 0.3658 -0.0000 -0.9307
vn 0.3729 -0.0004 -0.9279
vn 0.3899 -0.0029 -0.9208
vn 0.4079 -0.0107 -0.9130
vn 0.4267 -0.0223 -0.9041
vn 0.3996 0.0083 -0.9166
vn 0.4610 -0.0037 -0.8874
vn 0.4556 -0.0000 -0.8902
vn 0.4650 0.0064 -0.8853
vn 0.3891 0.0027 -0.9212
vn 0.3726 0.0003 -0.9280
vn 0.3331 -0.0015 -0.9429
vn 0.3495 0.0177 -0.9368
vn 0.2726 -0.0234 -0.9618
vn 0.1317 -0.0000 -0.9913
vn 0.1842 0.0131 -0.9828
vn 0.1925 -0.0000 -0.9813
vn 0.2892 -0.0000 -0.9573
vn 0.0136 0.0002 -0.9999
vn 0.0237 -0.0000 -0.9997
vn 0.0336 0.0002 -0.9994
vn 0.0394 -0.0007 -0.9992
vn 0.0737 -0.0026 -0.9973
vn 0.0876 -0.0004 -0.9962
vn 0.0945 -0.0000 -0.9955
vn 0.0539 0.0004 -0.9985
vn 0.0767 -0.0015 -0.9971
vn 0.0663 0.0074 -0.9978
vn 0.1101 -0.0093 -0.9939
vn 0.0918 0.0061 -0.9958
vn 0.1150 -0.0000 -0.9934
vn -0.0265 -0.0036 -0.9996
vn -0.0003 0.0034 -1.0000
vn -0.0313 -0.0060 -0.9995
vn -0.0088 0.0084 -0.9999
vn -0.0375 -0.0069 -0.9993
vn -0.0218 0.0132 -0.9997
vn -0.0444 -0.0066 -0.9990
vn -0.0352 0.0152 -0.9993
vn -0.0461 -0.0057 -0.9989
vn -0.0414 0.0123 -0.9991
vn -0.0483 -0.0042 -0.9988
vn -0.0468 0.0050 -0.9989
vn -0.0496 -0.0017 -0.9988
vn -0.0499 -0.0000 -0.9988
vn -0.0496 0.0019 -0.9988
vn -0.0464 -0.0049 -0.9989
vn -0.0483 0.0043 -0.9988
vn -0.0486 0.0051 -0.9988
vn -0.0307 -0.0108 -0.9995
vn -0.0417 0.0076 -0.9991
vn 0.0112 -0.0002 -0.9999
vn -0.0026 0.0001 -1.0000
vn -0.0082 0.0007 -1.0000
vn -0.0169 0.0020 -0.9999
vn -0.0276 0.0062 -0.9996
vn -0.0089 -0.0094 -0.9999
vn -0.0388 0.0052 -0.9992
vn -0.0409 0.0067 -0.9991
vn 0.1035 -0.0009 -0.9946
vn 0.1101 0.0030 -0.9939
vn 0.0879 -0.0000 -0.9961
vn 0.0769 0.0023 -0.9970
vn 0.0586 -0.0139 -0.9982
vn 0.0720 -0.0032 -0.9974
vn -0.0157 -0.0019 -0.9999
vn -0.0056 -0.0003 -1.0000
vn 0.0135 0.0005 -0.9999
vn 0.0116 0.0001 -0.9999
vn 0.0336 -0.0001 -0.9994
vn 0.0377 0.0006 -0.9993
vn 0.0539 -0.0004 -0.9985
vn 0.0717 0.0013 -0.9974
vn 0.1233 0.0001 -0.9924
vn 0.1332 -0.0004 -0.9911
vn 0.1842 -0.0131 -0.9828
vn 0.3472 -0.0165 -0.9376
vn 0.2726 0.0234 -0.9618
vn 0.4768 -0.0000 -0.8790
vn 0.4849 -0.0001 -0.8746
vn 0.4982 -0.0008 -0.8671
vn 0.5120 -0.0023 -0.8590
vn 0.5206 -0.0038 -0.8538
vn 0.5289 -0.0054 -0.8487
vn 0.5138 0.0025 -0.8579
vn 0.5264 0.0008 -0.8502
vn 0.5529 -0.0000 -0.8333
vn 0.5506 -0.0000 -0.8348
vn 0.5492 -0.0007 -0.8357
vn 0.5528 -0.0000 -0.8333
vn 0.5522 0.0001 -0.8337
vn 0.5482 -0.0000 -0.8364
vn 0.5410 -0.0000 -0.8411
vn 0.5355 -0.0073 -0.8445
vn 0.5368 -0.0076 -0.8436
vn 0.4770 0.0102 -0.8788
vn 0.4978 0.0050 -0.8673
vn 0.0776 0.7069 -0.7030
vn -0.0008 0.7195 -0.6945
vn -0.2022 0.6931 -0.6919
vn 0.0408 0.7356 -0.6762
vn -0.0237 0.7170 -0.6967
vn -0.1072 0.7295 -0.6755
vn -0.1604 0.7115 -0.6842
vn -0.1526 0.7366 -0.6589
vn -0.2185 0.7178 -0.6611
vn -0.2871 0.6980 -0.6560
vn -0.2847 0.6997 -0.6553
vn -0.3308 0.6897 -0.6441
vn -0.4772 0.6279 -0.6149
vn -0.4847 0.6231 -0.6138
vn -0.4695 0.6324 -0.6162
vn -0.4615 0.6366 -0.6179
vn -0.4062 0.6620 -0.6299
vn -0.4375 0.6292 -0.6424
vn -0.3868 0.6733 -0.6301
vn -0.5127 0.6015 -0.6126
vn -0.5062 0.6072 -0.6125
vn -0.4955 0.6157 -0.6127
vn -0.5192 0.5954 -0.6131
vn -0.4909 0.6227 -0.6093
vn -0.5304 0.5952 -0.6037
vn -0.5571 0.5719 -0.6021
vn -0.5506 0.5782 -0.6021
vn -0.5408 0.5871 -0.6024
vn -0.6136 0.5280 -0.5871
vn -0.6076 0.5346 -0.5874
vn -0.6012 0.5411 -0.5880
vn -0.5914 0.5504 -0.5893
vn -0.5811 0.5589 -0.5916
vn -0.5484 0.5831 -0.5994
vn -0.5693 0.5588 -0.6031
vn -0.5633 0.5655 -0.6025
vn -0.6656 0.4791 -0.5722
vn -0.6598 0.4860 -0.5731
vn -0.6539 0.4925 -0.5743
vn -0.6476 0.4990 -0.5759
vn -0.6411 0.5051 -0.5777
vn -0.6165 0.5267 -0.5853
vn -0.6278 0.5106 -0.5875
vn -0.6194 0.5212 -0.5871
vn -0.6794 0.4614 -0.5706
vn -0.6655 0.4838 -0.5683
vn -0.7237 0.4010 -0.5617
vn -0.7203 0.4142 -0.5563
vn -0.7647 0.3419 -0.5462
vn -0.7847 0.2954 -0.5450
vn -0.7846 0.2955 -0.5450
vn -0.8242 0.2114 -0.5254
vn -0.8242 0.2108 -0.5256
vn -0.8345 0.1550 -0.5288
vn -0.8490 0.1005 -0.5187
vn -0.8457 0.0638 -0.5299
vn -0.8524 0.0220 -0.5224
vn -0.8526 -0.0000 -0.5225
vn 0.9367 0.3494 -0.0225
vn 0.7547 0.6345 0.1666
vn 0.9983 0.0389 -0.0444
vn 0.9905 0.0822 -0.1105
vn 0.9984 0.0410 -0.0388
vn 0.9778 0.1306 -0.1638
vn 0.9981 0.0613 -0.0058
vn 0.9799 0.1990 -0.0095
vn 0.9736 0.2235 -0.0461
vn 0.9676 0.2522 -0.0077
vn 0.9555 0.2927 0.0375
vn 0.9493 0.3120 0.0388
vn 0.9270 0.3431 0.1516
vn 0.9096 0.4140 0.0366
vn 0.8951 0.4369 0.0895
vn 0.7538 0.5982 0.2720
vn 0.8195 0.5108 0.2600
vn 0.7778 0.5813 0.2390
vn 0.7548 0.5996 0.2661
vn 0.7151 0.6510 0.2544
vn 0.6971 0.6681 0.2602
vn 0.8153 0.5444 0.1973
vn 0.7992 0.5730 0.1814
vn 0.8256 0.5409 0.1606
vn 0.8454 0.5078 0.1654
vn 0.8667 0.4748 0.1528
vn 0.9332 0.3579 0.0330
vn 0.9213 0.3848 0.0562
vn 0.9018 0.4210 0.0971
vn 0.8970 0.4339 0.0840
vn 0.8366 0.5417 0.0814
vn 0.9910 0.1080 -0.0789
vn 0.9856 0.1494 -0.0788
vn 0.9738 0.2241 -0.0387
vn 0.9836 0.1704 0.0596
vn 0.9645 0.2594 -0.0491
vn 0.9938 -0.0048 -0.1109
vn 0.7020 -0.6765 0.2226
vn 0.7548 -0.6101 0.2410
vn 0.7423 -0.6033 0.2915
vn 0.7757 -0.5817 0.2447
vn 0.9152 -0.4031 0.0023
vn 0.8868 -0.4465 0.1194
vn 0.8470 -0.5048 0.1664
vn 0.8503 -0.5125 0.1198
vn 0.8309 -0.4994 0.2452
vn 0.9026 -0.4187 0.1001
vn 0.9214 -0.3836 0.0614
vn 0.9319 -0.3603 0.0412
vn 0.9410 -0.3356 0.0423
vn 0.9905 -0.0618 -0.1230
vn 0.9953 -0.0732 -0.0630
vn 0.9990 -0.0076 -0.0444
vn 0.9925 -0.1218 -0.0141
vn 0.9886 -0.1501 -0.0074
vn 0.9740 -0.2263 -0.0083
vn 0.9756 -0.2060 -0.0760
vn 0.9612 -0.2743 0.0287
vn 0.9936 -0.0485 -0.1023
vn 0.9958 -0.0719 -0.0570
vn 0.9910 -0.1085 -0.0780
vn 0.9364 -0.3502 -0.0211
vn 0.9644 -0.2602 -0.0485
vn 0.9740 -0.2263 -0.0079
vn 0.9800 -0.1913 -0.0555
vn 0.9856 -0.1499 -0.0780
vn 0.7037 -0.6544 0.2768
vn 0.7553 -0.6338 0.1668
vn 0.7972 -0.5737 0.1877
vn 0.8103 -0.5598 0.1731
vn 0.8253 -0.5413 0.1611
vn 0.8368 -0.5414 0.0820
vn 0.8970 -0.4338 0.0849
vn 0.7448 -0.0000 -0.6673
vn 0.7445 0.0002 -0.6676
vn 0.7481 -0.0003 -0.6636
vn 0.7477 -0.0000 -0.6640
vn -0.6957 -0.0000 -0.7183
vn -0.6957 0.0001 -0.7184
vn -0.6957 -0.0000 -0.7184
vn -0.6957 0.0001 -0.7183
vn 0.7488 -0.0000 -0.6628
vn 0.7488 -0.0001 -0.6628
vn 0.7458 0.0003 -0.6661
vn 0.7458 -0.0000 -0.6662
vn 0.6957 -0.0000 0.7183
vn 0.6957 0.0001 0.7183
vn 0.7360 -0.0000 -0.6770
vn 0.7353 -0.0023 -0.6777
vn 0.7330 -0.0000 -0.6803
vn 0.8922 0.4418 -0.0942
vn 0.5914 0.8035 0.0688
vn 0.6921 0.7196 0.0561
vn 0.9273 0.3011 -0.2222
vn 0.9675 0.2326 -0.0992
vn 0.9604 0.0168 -0.2780
vn 0.9583 0.0316 -0.2841
vn 0.9615 0.0775 -0.2636
vn 0.9555 0.1027 -0.2766
vn 0.9554 0.1626 -0.2466
vn 0.9519 0.1749 -0.2515
vn 0.9452 0.2294 -0.2323
vn 0.8165 0.5765 -0.0318
vn 0.7433 0.6686 0.0232
vn 0.5718 0.8086 0.1386
vn 0.6676 0.7383 0.0963
vn 0.6797 0.7320 0.0463
vn 0.7403 0.6720 0.0219
vn 0.7479 0.6610 -0.0609
vn 0.8187 0.5721 -0.0485
vn 0.8326 0.5479 -0.0812
vn 0.8697 0.4836 -0.0991
vn 0.8868 0.4331 -0.1613
vn 0.9139 0.3844 -0.1307
vn 0.9294 0.3209 -0.1823
vn 0.5664 0.8001 0.1976
vn 0.5449 0.8317 0.1063
vn 0.5720 0.8084 0.1387
vn 0.9481 0.2198 -0.2299
vn 0.9368 0.2651 -0.2285
vn 0.9316 0.3065 -0.1955
vn 0.9110 0.3491 -0.2195
vn 0.9019 0.4001 -0.1627
vn 0.5234 -0.8415 0.1335
vn 0.6340 -0.7631 0.1252
vn 0.5388 -0.8328 0.1272
vn 0.5725 -0.8082 0.1380
vn 0.5793 -0.8020 0.1460
vn 0.5920 -0.8040 0.0565
vn 0.6721 -0.7378 0.0634
vn 0.6870 -0.7247 0.0522
vn 0.7087 -0.7039 0.0477
vn 0.7629 -0.6465 0.0064
vn 0.8114 -0.5838 -0.0272
vn 0.7382 -0.6745 0.0092
vn 0.7371 -0.6752 -0.0279
vn 0.8208 -0.5662 -0.0755
vn 0.8153 -0.5759 -0.0599
vn 0.8395 -0.5379 -0.0770
vn 0.8560 -0.5081 -0.0948
vn 0.8650 -0.4920 -0.0985
vn 0.8844 -0.4452 -0.1399
vn 0.8895 -0.4349 -0.1403
vn 0.9231 -0.3576 -0.1413
vn 0.9291 -0.3060 -0.2078
vn 0.9532 -0.2672 -0.1415
vn 0.9008 -0.4065 -0.1524
vn 0.9061 -0.3648 -0.2144
vn 0.9310 -0.3086 -0.1949
vn 0.9314 -0.3041 -0.2001
vn 0.9372 -0.2530 -0.2401
vn 0.9446 -0.2305 -0.2339
vn 0.9565 -0.1706 -0.2366
vn 0.9460 -0.1980 -0.2567
vn 0.9603 -0.1002 -0.2603
vn 0.9553 -0.1153 -0.2724
vn 0.9611 -0.0331 -0.2741
vn 0.9599 -0.0373 -0.2778
vn -0.6958 -0.0000 -0.7183
vn 0.7346 0.0046 -0.6785
vn 0.7345 -0.0000 -0.6787
vn 0.6958 0.0005 0.7182
vn 0.6958 -0.0007 0.7183
vn 0.8475 0.4776 -0.2318
vn 0.9104 0.0257 -0.4128
vn 0.9200 0.0464 -0.3892
vn 0.9239 0.0506 -0.3792
vn 0.9095 0.0159 -0.4154
vn 0.8776 0.3388 -0.3391
vn 0.8822 0.4008 -0.2470
vn 0.7794 0.5328 -0.3296
vn 0.8467 0.4762 -0.2373
vn 0.7835 0.5872 -0.2035
vn 0.8026 0.5604 -0.2045
vn 0.7337 0.6596 -0.1631
vn 0.7336 0.6588 -0.1669
vn 0.6716 0.7370 -0.0758
vn 0.7795 0.6167 -0.1100
vn 0.6541 0.7417 -0.1483
vn 0.6488 0.7568 -0.0792
vn 0.4883 0.8630 0.1292
vn 0.4909 0.8708 -0.0281
vn 0.5332 0.8448 0.0451
vn 0.5707 0.8181 -0.0702
vn 0.5751 0.8178 -0.0217
vn 0.6268 0.7762 -0.0680
vn 0.5777 0.8160 -0.0201
vn 0.4798 0.8773 0.0086
vn 0.4815 0.8757 0.0373
vn 0.4291 0.8990 0.0871
vn 0.4314 0.8993 0.0717
vn 0.9175 0.0899 -0.3875
vn 0.9182 0.0879 -0.3862
vn 0.9069 0.1508 -0.3936
vn 0.9158 0.1286 -0.3806
vn 0.9052 0.1934 -0.3785
vn 0.9145 0.1692 -0.3675
vn 0.8957 0.2488 -0.3685
vn 0.9037 0.2332 -0.3590
vn 0.8947 0.2956 -0.3349
vn 0.8913 0.3068 -0.3339
vn 0.8854 0.3477 -0.3086
vn 0.8831 0.3518 -0.3104
vn 0.8620 0.4038 -0.3064
vn 0.4857 -0.8651 0.1255
vn 0.4923 -0.8696 0.0385
vn 0.5362 -0.8434 0.0355
vn 0.5712 -0.8179 -0.0697
vn 0.4312 -0.8994 0.0720
vn 0.4292 -0.8991 0.0858
vn 0.4821 -0.8753 0.0370
vn 0.4796 -0.8775 -0.0031
vn 0.5760 -0.8174 -0.0104
vn 0.5807 -0.8137 -0.0262
vn 0.6399 -0.7642 -0.0807
vn 0.6715 -0.7370 -0.0768
vn 0.7335 -0.6586 -0.1677
vn 0.7978 -0.5649 -0.2105
vn 0.7336 -0.6637 -0.1461
vn 0.7355 -0.6620 -0.1442
vn 0.6340 -0.7641 -0.1196
vn 0.8775 -0.3385 -0.3398
vn 0.8813 -0.4010 -0.2498
vn 0.8442 -0.4576 -0.2792
vn 0.8309 -0.5085 -0.2258
vn 0.7793 -0.5893 -0.2128
vn 0.9011 -0.2337 -0.3653
vn 0.9092 -0.0303 -0.4153
vn 0.9094 -0.1942 -0.3679
vn 0.9090 -0.1746 -0.3785
vn 0.9128 -0.1514 -0.3792
vn 0.9118 -0.1396 -0.3862
vn 0.9143 -0.1058 -0.3909
vn 0.9112 -0.0921 -0.4016
vn 0.9154 -0.0668 -0.3970
vn 0.9138 -0.0357 -0.4045
vn 0.9207 -0.0253 -0.3895
vn 0.9033 -0.2484 -0.3499
vn 0.8935 -0.2975 -0.3363
vn 0.8910 -0.3053 -0.3361
vn 0.8855 -0.3489 -0.3070
vn 0.8663 -0.3818 -0.3221
vn 0.8482 -0.4661 -0.2516
vn 0.7120 -0.0000 -0.7022
vn 0.7553 -0.6125 -0.2333
vn 0.8761 -0.0283 -0.4814
vn 0.8650 -0.0289 -0.5009
vn 0.8705 -0.0335 -0.4911
vn 0.8708 -0.0641 -0.4874
vn 0.8712 -0.0673 -0.4863
vn 0.8689 -0.0948 -0.4858
vn 0.8698 -0.0971 -0.4838
vn 0.8699 -0.1367 -0.4739
vn 0.8730 -0.1494 -0.4642
vn 0.8670 -0.1726 -0.4674
vn 0.8660 -0.2213 -0.4484
vn 0.8618 -0.2299 -0.4522
vn 0.8584 -0.2740 -0.4336
vn 0.8494 -0.3098 -0.4273
vn 0.8507 -0.3192 -0.4177
vn 0.8355 -0.3838 -0.3933
vn 0.8238 -0.4008 -0.4008
vn 0.8044 -0.4805 -0.3495
vn 0.7527 -0.5862 -0.2996
vn 0.7672 -0.5542 -0.3228
vn 0.7943 -0.5115 -0.3276
vn 0.8037 -0.4725 -0.3617
vn 0.8456 -0.4091 -0.3430
vn 0.8156 -0.3669 -0.4475
vn 0.6539 -0.7264 -0.2115
vn 0.6547 -0.7318 -0.1892
vn 0.6910 -0.6742 -0.2608
vn 0.6910 -0.6746 -0.2595
vn 0.7346 -0.6106 -0.2959
vn 0.5817 -0.8030 -0.1298
vn 0.4377 -0.8851 -0.1583
vn 0.4989 -0.8574 -0.1262
vn 0.4448 -0.8956 -0.0075
vn 0.4080 -0.9129 -0.0105
vn 0.4078 -0.9130 -0.0135
vn 0.4634 -0.8832 -0.0722
vn 0.5940 -0.8044 -0.0077
vn 0.5601 -0.8189 -0.1251
vn 0.6190 -0.7568 -0.2102
vn 0.3910 -0.9204 0.0053
vn 0.3539 -0.9348 0.0308
vn 0.3473 -0.9372 0.0307
vn 0.7108 -0.0000 -0.7034
vn 0.7124 -0.0038 -0.7017
vn 0.8650 0.0287 -0.5009
vn 0.5649 0.8202 -0.0900
vn 0.3531 0.9353 0.0242
vn 0.4430 0.8936 -0.0721
vn 0.4039 0.9148 0.0082
vn 0.5609 0.8165 -0.1369
vn 0.5466 0.8258 -0.1388
vn 0.5093 0.8576 -0.0711
vn 0.4708 0.8801 -0.0613
vn 0.4405 0.8977 -0.0047
vn 0.4005 0.9163 -0.0098
vn 0.3510 0.9352 0.0480
vn 0.6347 0.7540 -0.1690
vn 0.6534 0.6876 -0.3168
vn 0.6775 0.7078 -0.2001
vn 0.8197 0.4108 -0.3991
vn 0.7962 0.5095 -0.3263
vn 0.8014 0.5229 -0.2904
vn 0.7167 0.6267 -0.3059
vn 0.6812 0.7071 -0.1896
vn 0.6809 0.7073 -0.1899
vn 0.5951 0.7813 -0.1882
vn 0.7519 0.5928 -0.2886
vn 0.7379 0.5250 -0.4242
vn 0.7661 0.5342 -0.3575
vn 0.8472 0.3979 -0.3521
vn 0.8359 0.3866 -0.3897
vn 0.8446 0.3451 -0.4092
vn 0.8469 0.3207 -0.4241
vn 0.8500 0.3139 -0.4231
vn 0.8591 0.2718 -0.4336
vn 0.8716 0.2242 -0.4360
vn 0.8439 0.2655 -0.4661
vn 0.8791 0.1718 -0.4446
vn 0.8609 0.2046 -0.4659
vn 0.8689 0.1615 -0.4678
vn 0.8687 0.1377 -0.4759
vn 0.8757 0.1105 -0.4700
vn 0.8760 0.0322 -0.4813
vn 0.8725 0.0351 -0.4873
vn 0.8702 0.0696 -0.4878
vn 0.8708 0.0653 -0.4872
vn 0.8702 0.0957 -0.4834
vn 0.6958 -0.0000 0.7182
vn 0.6958 -0.0000 0.7183
vn 0.6955 0.0001 0.7185
vn 0.6957 -0.0000 0.7184
vn 0.6957 -0.0001 0.7183
vn 0.6958 -0.0001 0.7183
vn 0.5277 -0.8065 -0.2667
vn 0.6944 -0.5680 -0.4418
vn 0.2890 -0.9573 -0.0030
vn 0.2886 -0.9574 0.0029
vn 0.3478 -0.9368 -0.0376
vn 0.3659 -0.9301 -0.0331
vn 0.4209 -0.9005 -0.1092
vn 0.3442 -0.9356 -0.0786
vn 0.4388 -0.8948 -0.0819
vn 0.4255 -0.9009 -0.0861
vn 0.4741 -0.8657 -0.1608
vn 0.4904 -0.8560 -0.1635
vn 0.5279 -0.8262 -0.1969
vn 0.5701 -0.7951 -0.2069
vn 0.5776 -0.7790 -0.2440
vn 0.6318 -0.7181 -0.2919
vn 0.8121 -0.4465 -0.3758
vn 0.6361 -0.5850 -0.5031
vn 0.8332 -0.0116 -0.5529
vn 0.8221 -0.0296 -0.5685
vn 0.8222 -0.0294 -0.5684
vn 0.8312 -0.0484 -0.5539
vn 0.8288 -0.0632 -0.5560
vn 0.8272 -0.0835 -0.5557
vn 0.8235 -0.0958 -0.5592
vn 0.8347 -0.1278 -0.5357
vn 0.8295 -0.1415 -0.5403
vn 0.8267 -0.1696 -0.5365
vn 0.8235 -0.1873 -0.5355
vn 0.6285 -0.7316 -0.2639
vn 0.6639 -0.6654 -0.3411
vn 0.6784 -0.6495 -0.3434
vn 0.7176 -0.5875 -0.3740
vn 0.7619 -0.5362 -0.3632
vn 0.7565 -0.5096 -0.4098
vn 0.7719 -0.4141 -0.4823
vn 0.7755 -0.4422 -0.4507
vn 0.7992 -0.3794 -0.4662
vn 0.8049 -0.3349 -0.4899
vn 0.8189 -0.3080 -0.4843
vn 0.8170 -0.2542 -0.5177
vn 0.8216 -0.2426 -0.5159
vn 0.8267 -0.1975 -0.5269
vn 0.7021 -0.0000 -0.7121
vn 0.7029 0.0016 -0.7113
vn 0.7041 -0.0000 -0.7101
vn 0.7036 -0.0031 -0.7105
vn 0.7031 -0.0000 -0.7111
vn 0.3983 0.9136 -0.0819
vn 0.3351 0.9407 -0.0530
vn 0.5586 0.8017 -0.2130
vn 0.5978 0.7470 -0.2909
vn 0.7569 0.5097 -0.4091
vn 0.6897 0.5777 -0.4366
vn 0.8013 0.4135 -0.4324
vn 0.8222 0.0264 -0.5686
vn 0.8329 0.0272 -0.5527
vn 0.8282 0.0306 -0.5596
vn 0.8279 0.0646 -0.5571
vn 0.8290 0.0602 -0.5560
vn 0.8263 0.0939 -0.5554
vn 0.8290 0.0887 -0.5522
vn 0.8271 0.1394 -0.5444
vn 0.8245 0.1443 -0.5471
vn 0.8272 0.1743 -0.5341
vn 0.8231 0.2228 -0.5223
vn 0.8287 0.2145 -0.5170
vn 0.8170 0.2755 -0.5066
vn 0.7468 0.5258 -0.4072
vn 0.7589 0.5186 -0.3939
vn 0.7103 0.5917 -0.3813
vn 0.7130 0.5883 -0.3814
vn 0.6844 0.6490 -0.3322
vn 0.6599 0.6739 -0.3323
vn 0.6078 0.7517 -0.2560
vn 0.6056 0.7599 -0.2362
vn 0.5041 0.8301 -0.2384
vn 0.5172 0.8337 -0.1935
vn 0.4742 0.8749 -0.0989
vn 0.4696 0.8627 -0.1877
vn 0.4147 0.9067 -0.0771
vn 0.4338 0.8974 -0.0810
vn 0.3563 0.9333 -0.0446
vn 0.3371 0.9404 -0.0448
vn 0.3292 0.9438 -0.0287
vn 0.2859 0.9582 0.0149
vn 0.2873 0.9578 -0.0012
vn 0.8225 0.2581 -0.5068
vn 0.8123 0.2974 -0.5017
vn 0.8149 0.3237 -0.4807
vn 0.8109 0.3350 -0.4799
vn 0.7842 0.4049 -0.4701
vn 0.8045 0.3823 -0.4545
vn 0.7612 0.4754 -0.4411
vn 0.6956 -0.0000 0.7184
vn 0.6957 -0.0001 0.7184
vn 0.2911 -0.9517 -0.0975
vn 0.4692 -0.8308 -0.2995
vn 0.7146 -0.4877 -0.5015
vn 0.6479 -0.6591 -0.3819
vn 0.5921 -0.7329 -0.3351
vn 0.3720 -0.9209 -0.1167
vn 0.2316 -0.9725 -0.0230
vn 0.3703 -0.9206 -0.1244
vn 0.3030 -0.9513 -0.0560
vn 0.2968 -0.9532 -0.0581
vn 0.2399 -0.9706 -0.0187
vn 0.2423 -0.9700 -0.0185
vn 0.3850 -0.9078 -0.1665
vn 0.4587 -0.8661 -0.1986
vn 0.4469 -0.8725 -0.1974
vn 0.4776 -0.8458 -0.2378
vn 0.5274 -0.8097 -0.2573
vn 0.5294 -0.8016 -0.2779
vn 0.5798 -0.7385 -0.3442
vn 0.5830 -0.7450 -0.3242
vn 0.6261 -0.6748 -0.3907
vn 0.6448 -0.6546 -0.3946
vn 0.6736 -0.5957 -0.4375
vn 0.6899 -0.5780 -0.4358
vn 0.7117 -0.5186 -0.4738
vn 0.7720 -0.4598 -0.4387
vn 0.7424 -0.4466 -0.4993
vn 0.7488 -0.4183 -0.5142
vn 0.7672 -0.3504 -0.5372
vn 0.7457 -0.3791 -0.5479
vn 0.8010 -0.2562 -0.5411
vn 0.7618 -0.2995 -0.5745
vn 0.7991 -0.1858 -0.5718
vn 0.7845 -0.2035 -0.5857
vn 0.7891 -0.1348 -0.5993
vn 0.7955 -0.1214 -0.5936
vn 0.7798 -0.0156 -0.6259
vn 0.7803 -0.0832 -0.6199
vn 0.7987 -0.0424 -0.6002
vn 0.7771 -0.0691 -0.6256
vn 0.7907 -0.0255 -0.6116
vn 0.7910 -0.0253 -0.6113
vn 0.6964 -0.0000 -0.7177
vn 0.6946 -0.0000 -0.7194
vn -0.6958 -0.0000 -0.7182
vn 0.6949 0.0029 -0.7191
vn 0.6955 -0.0000 -0.7185
vn 0.4693 0.8306 -0.2996
vn 0.2913 0.9516 -0.0978
vn 0.6355 0.5825 -0.5067
vn 0.7716 0.4581 -0.4413
vn 0.7798 0.0156 -0.6259
vn 0.7910 0.0246 -0.6113
vn 0.7903 0.0251 -0.6122
vn 0.7855 0.0424 -0.6175
vn 0.7872 0.0678 -0.6129
vn 0.6978 0.5912 -0.4043
vn 0.7803 0.0830 -0.6199
vn 0.8010 0.1350 -0.5832
vn 0.7885 0.1206 -0.6030
vn 0.7867 0.1879 -0.5881
vn 0.7939 0.2020 -0.5736
vn 0.7768 0.2598 -0.5736
vn 0.7842 0.2966 -0.5450
vn 0.7592 0.3538 -0.5463
vn 0.7601 0.3762 -0.5298
vn 0.7486 0.4197 -0.5133
vn 0.7430 0.4458 -0.4993
vn 0.7146 0.4876 -0.5016
vn 0.7058 0.5593 -0.4347
vn 0.6326 0.6369 -0.4406
vn 0.6479 0.6576 -0.3844
vn 0.5954 0.7309 -0.3337
vn 0.4590 0.8659 -0.1987
vn 0.4479 0.8720 -0.1975
vn 0.4777 0.8457 -0.2378
vn 0.5284 0.8085 -0.2590
vn 0.5300 0.8012 -0.2778
vn 0.5797 0.7381 -0.3453
vn 0.5830 0.7449 -0.3245
vn 0.6262 0.6746 -0.3908
vn 0.2317 0.9725 -0.0231
vn 0.3852 0.9076 -0.1668
vn 0.3719 0.9209 -0.1165
vn 0.3702 0.9206 -0.1243
vn 0.2978 0.9533 -0.0510
vn 0.2995 0.9522 -0.0598
vn 0.2406 0.9704 -0.0193
vn 0.2412 0.9703 -0.0173
vn 0.6036 -0.6955 -0.3899
vn 0.6015 -0.6691 -0.4365
vn 0.6689 -0.5195 -0.5316
vn 0.7472 -0.2248 -0.6254
vn 0.7462 -0.0251 -0.6652
vn 0.7371 -0.0295 -0.6752
vn 0.7466 -0.1526 -0.6475
vn 0.7740 -0.1064 -0.6242
vn 0.7299 -0.1471 -0.6676
vn 0.7561 -0.0731 -0.6504
vn 0.7484 -0.0815 -0.6582
vn 0.7414 -0.0412 -0.6698
vn 0.7542 -0.0129 -0.6565
vn 0.7119 -0.4179 -0.5644
vn 0.7273 -0.3377 -0.5975
vn 0.7348 -0.3272 -0.5942
vn 0.7415 -0.2671 -0.6155
vn 0.7536 -0.2163 -0.6207
vn 0.5973 -0.6736 -0.4352
vn 0.6353 -0.6167 -0.4649
vn 0.6343 -0.6176 -0.4650
vn 0.6697 -0.5308 -0.5193
vn 0.7707 -0.4934 -0.4033
vn 0.6959 -0.4687 -0.5441
vn 0.7059 -0.4289 -0.5637
vn 0.5704 -0.7094 -0.4139
vn 0.5680 -0.7166 -0.4049
vn 0.5239 -0.7773 -0.3484
vn 0.5236 -0.7926 -0.3124
vn 0.4228 -0.8514 -0.3103
vn 0.3248 -0.9276 -0.1846
vn 0.4948 -0.7716 -0.3998
vn 0.4710 -0.8391 -0.2721
vn 0.4300 -0.8617 -0.2693
vn 0.3932 -0.8911 -0.2265
vn 0.3848 -0.8952 -0.2249
vn 0.3299 -0.9287 -0.1694
vn 0.2535 -0.9624 -0.0974
vn 0.3049 -0.9402 -0.1518
vn 0.3611 -0.9187 -0.1599
vn 0.3028 -0.9441 -0.1303
vn 0.2587 -0.9621 -0.0864
vn 0.2558 -0.9628 -0.0876
vn 0.2020 -0.9789 -0.0304
vn 0.1934 -0.9807 -0.0302
vn 0.6889 -0.0000 -0.7248
vn -0.6957 -0.0001 -0.7183
vn 0.6882 -0.0000 -0.7255
vn 0.6895 -0.0025 -0.7243
vn 0.4875 0.8233 -0.2908
vn 0.7562 0.4730 -0.4521
vn 0.1840 0.9827 -0.0200
vn 0.2815 0.9462 -0.1597
vn 0.2598 0.9652 -0.0292
vn 0.4117 0.8718 -0.2657
vn 0.1895 0.9816 -0.0216
vn 0.2262 0.9725 -0.0555
vn 0.2308 0.9671 -0.1073
vn 0.3157 0.9438 -0.0982
vn 0.3147 0.9359 -0.1584
vn 0.3682 0.9075 -0.2023
vn 0.3690 0.9045 -0.2137
vn 0.4313 0.8628 -0.2639
vn 0.4334 0.8649 -0.2531
vn 0.5498 0.7385 -0.3902
vn 0.6027 0.6646 -0.4417
vn 0.4560 0.8227 -0.3394
vn 0.4880 0.8097 -0.3258
vn 0.5507 0.7435 -0.3793
vn 0.5458 0.7451 -0.3833
vn 0.6500 0.6159 -0.4451
vn 0.5983 0.6716 -0.4370
vn 0.6468 0.5907 -0.4825
vn 0.6462 0.5843 -0.4909
vn 0.6781 0.5177 -0.5218
vn 0.6849 0.4725 -0.5546
vn 0.6981 0.4549 -0.5529
vn 0.7272 0.3613 -0.5836
vn 0.7264 0.3624 -0.5839
vn 0.7423 0.2587 -0.6181
vn 0.7424 0.2589 -0.6179
vn 0.7480 0.1856 -0.6373
vn 0.7467 0.1834 -0.6394
vn 0.7477 0.1314 -0.6509
vn 0.7452 0.1271 -0.6546
vn 0.7472 0.0786 -0.6600
vn 0.7472 0.0787 -0.6599
vn 0.7462 0.0254 -0.6652
vn 0.7435 0.0520 -0.6667
vn 0.7437 0.0266 -0.6680
vn 0.7372 0.0235 -0.6753
vn 0.6956 -0.0001 0.7184
vn 0.6958 0.0001 0.7183
vn 0.6958 0.0002 0.7183
vn 0.7754 0.4541 -0.4389
vn 0.7107 0.1232 -0.6926
vn 0.2798 0.9418 -0.1862
vn 0.2327 0.9615 -0.1463
vn 0.1741 0.9832 -0.0549
vn 0.1422 0.9883 -0.0551
vn 0.1695 0.9833 -0.0667
vn 0.2228 0.9700 -0.0968
vn 0.2320 0.9611 -0.1501
vn 0.3014 0.9403 -0.1580
vn 0.2910 0.9380 -0.1882
vn 0.3088 0.9244 -0.2238
vn 0.4338 0.8218 -0.3693
vn 0.3786 0.8800 -0.2867
vn 0.3455 0.9066 -0.2422
vn 0.3552 0.9020 -0.2452
vn 0.3723 0.8766 -0.3047
vn 0.3983 0.8644 -0.3070
vn 0.4676 0.8086 -0.3572
vn 0.4495 0.8188 -0.3573
vn 0.5150 0.7417 -0.4297
vn 0.5933 0.6402 -0.4880
vn 0.5447 0.6932 -0.4720
vn 0.5161 0.7567 -0.4014
vn 0.7086 0.2172 -0.6713
vn 0.6835 0.2444 -0.6878
vn 0.7073 0.3164 -0.6322
vn 0.2172 0.3107 -0.9254
vn 0.7009 0.1095 -0.7048
vn 0.7128 0.0701 -0.6979
vn 0.7076 0.0634 -0.7038
vn 0.7086 0.0218 -0.7052
vn 0.7032 0.0358 -0.7101
vn 0.7110 0.0208 -0.7029
vn 0.6989 0.0112 -0.7151
vn 0.5566 0.7324 -0.3922
vn 0.5612 0.6613 -0.4977
vn 0.5686 0.6633 -0.4865
vn 0.6168 0.5793 -0.5330
vn 0.6157 0.5710 -0.5430
vn 0.6454 0.5054 -0.5727
vn 0.6519 0.4687 -0.5962
vn 0.6669 0.4445 -0.5981
vn 0.6782 0.3800 -0.6290
vn 0.6896 0.3614 -0.6275
vn 0.6940 0.2971 -0.6559
vn 0.7243 0.2620 -0.6377
vn 0.6943 0.2043 -0.6901
vn 0.9262 0.1665 -0.3383
vn 0.7085 0.1696 -0.6850
vn 0.7082 0.1688 -0.6855
vn 0.9122 -0.4063 -0.0533
vn 0.5867 -0.6971 -0.4120
vn 0.4401 -0.8421 -0.3119
vn 0.3246 -0.8978 -0.2977
vn 0.4371 -0.8207 -0.3680
vn 0.7086 -0.0240 -0.7052
vn 0.7000 -0.1093 -0.7058
vn 0.7254 -0.0633 -0.6855
vn 0.7026 -0.0828 -0.7067
vn 0.7066 -0.0357 -0.7067
vn 0.6935 -0.0525 -0.7186
vn 0.7198 -0.0111 -0.6941
vn 0.6987 -0.0280 -0.7148
vn 0.7143 -0.1408 -0.6855
vn 0.7024 -0.1821 -0.6881
vn 0.7097 -0.1685 -0.6841
vn 0.7076 -0.2192 -0.6717
vn 0.6861 -0.2440 -0.6854
vn 0.7043 -0.3130 -0.6372
vn 0.5541 -0.3574 -0.7518
vn 0.4555 -0.6137 -0.6448
vn 0.6011 -0.6330 -0.4878
vn 0.6130 -0.5263 -0.5893
vn 0.4374 -0.7717 -0.4618
vn 0.4892 -0.7991 -0.3494
vn 0.5145 -0.7225 -0.4619
vn 0.5154 -0.7557 -0.4040
vn 0.5512 -0.6793 -0.4845
vn 0.2900 -0.9330 -0.2129
vn 0.2726 -0.9475 -0.1669
vn 0.2366 -0.9634 -0.1260
vn 0.3774 -0.8794 -0.2900
vn 0.3832 -0.8829 -0.2712
vn 0.3410 -0.9067 -0.2482
vn 0.2925 -0.9335 -0.2076
vn 0.3345 -0.9219 -0.1955
vn 0.2799 -0.9418 -0.1859
vn 0.2190 -0.9663 -0.1351
vn 0.2439 -0.9605 -0.1343
vn 0.1662 -0.9846 -0.0549
vn 0.1741 -0.9832 -0.0549
vn 0.7178 -0.2281 -0.6578
vn 0.6889 -0.3249 -0.6479
vn 0.7061 -0.3158 -0.6338
vn 0.6591 -0.4148 -0.6273
vn 0.6868 -0.3830 -0.6178
vn 0.6548 -0.4653 -0.5956
vn 0.6531 -0.4679 -0.5954
vn 0.6291 -0.5693 -0.5292
vn 0.6836 -0.0000 -0.7299
vn -0.6958 0.0001 -0.7182
vn -0.6958 -0.0001 -0.7183
vn -0.6959 -0.0000 -0.7181
vn 0.6617 0.2801 -0.6955
vn 0.6981 0.2426 -0.6736
vn 0.1677 0.9809 -0.0988
vn 0.2148 0.9626 -0.1650
vn 0.1569 0.9823 -0.1028
vn 0.1640 0.9830 -0.0821
vn 0.2307 0.9606 -0.1548
vn 0.2651 0.9316 -0.2487
vn 0.4065 0.8201 -0.4028
vn 0.3458 0.8762 -0.3356
vn 0.3489 0.8801 -0.3220
vn 0.3137 0.9038 -0.2910
vn 0.3085 0.9080 -0.2836
vn 0.2872 0.9216 -0.2609
vn 0.2801 0.9332 -0.2253
vn 0.2604 0.9398 -0.2213
vn 0.2129 0.9600 -0.1821
vn 0.3367 0.8828 -0.3276
vn 0.4173 0.8262 -0.3785
vn 0.4090 0.8191 -0.4022
vn 0.4616 0.7649 -0.4493
vn 0.4641 0.7579 -0.4585
vn 0.5241 0.6790 -0.5141
vn 0.5129 0.6869 -0.5149
vn 0.5799 0.5751 -0.5771
vn 0.5785 0.5654 -0.5879
vn 0.6214 0.4693 -0.6274
vn 0.6202 0.4595 -0.6357
vn 0.6524 0.3594 -0.6673
vn 0.6550 0.3659 -0.6611
vn 0.4415 0.3353 -0.8323
vn 0.6741 0.2985 -0.6756
vn 0.6501 0.2332 -0.7232
vn 0.6719 0.2083 -0.7107
vn 0.6794 0.1544 -0.7174
vn 0.6733 0.1641 -0.7210
vn 0.6782 0.1174 -0.7254
vn 0.6842 0.1053 -0.7217
vn 0.6715 0.0843 -0.7362
vn 0.6736 0.0608 -0.7366
vn 0.6696 0.0538 -0.7407
vn 0.6713 0.0341 -0.7404
vn 0.6686 0.0304 -0.7430
vn 0.6729 0.0102 -0.7397
vn 0.6687 0.0177 -0.7433
vn 0.6693 0.0129 -0.7429
vn 0.6638 0.0080 -0.7479
vn 0.6999 -0.2428 -0.6718
vn 0.2312 -0.9606 -0.1542
vn 0.2487 -0.9405 -0.2316
vn 0.3370 -0.8828 -0.3272
vn 0.5241 -0.2978 -0.7979
vn 0.6729 -0.0102 -0.7397
vn 0.6637 -0.0170 -0.7478
vn 0.6722 -0.0341 -0.7396
vn 0.6640 -0.0607 -0.7453
vn 0.6704 -0.0541 -0.7400
vn 0.6763 -0.1052 -0.7290
vn 0.6917 -0.0896 -0.7166
vn 0.6742 -0.2118 -0.7075
vn 0.6711 -0.1931 -0.7158
vn 0.6794 -0.1642 -0.7151
vn 0.6762 -0.1504 -0.7212
vn 0.6767 -0.1204 -0.7264
vn 0.5827 -0.5752 -0.5741
vn 0.6099 -0.4805 -0.6302
vn 0.6193 -0.4694 -0.6294
vn 0.6415 -0.3916 -0.6596
vn 0.6601 -0.3595 -0.6595
vn 0.6579 -0.3424 -0.6707
vn 0.6616 -0.2804 -0.6954
vn 0.6636 -0.2833 -0.6923
vn 0.6656 -0.2394 -0.7069
vn 0.4172 -0.8263 -0.3784
vn 0.4106 -0.8210 -0.3966
vn 0.4589 -0.7651 -0.4518
vn 0.4626 -0.7497 -0.4732
vn 0.5251 -0.6869 -0.5024
vn 0.5270 -0.6762 -0.5147
vn 0.5619 -0.5957 -0.5739
vn 0.2643 -0.9316 -0.2495
vn 0.2769 -0.9329 -0.2301
vn 0.3049 -0.9081 -0.2871
vn 0.3122 -0.8983 -0.3091
vn 0.3556 -0.8787 -0.3185
vn 0.3614 -0.8661 -0.3453
vn 0.3881 -0.8302 -0.4001
vn 0.1640 -0.9830 -0.0821
vn 0.2263 -0.9568 -0.1823
vn 0.2188 -0.9622 -0.1623
vn 0.1884 -0.9698 -0.1549
vn 0.1649 -0.9831 -0.0794
vn 0.1509 -0.9853 -0.0802
vn 0.6802 -0.0000 -0.7330
vn 0.6799 -0.0006 -0.7333
vn 0.6795 -0.0000 -0.7337
vn 0.6796 0.0011 -0.7336
vn 0.6799 -0.0000 -0.7333
vn 0.6958 0.0001 0.7182
vn 0.6958 -0.0001 0.7182
vn 0.6787 -0.0000 -0.7344
vn 0.5607 -0.2814 -0.7788
vn 0.6371 -0.0157 -0.7706
vn 0.6401 -0.0596 -0.7660
vn 0.6448 -0.0432 -0.7631
vn 0.6378 -0.0502 -0.7686
vn 0.6348 -0.0306 -0.7721
vn 0.6349 -0.0165 -0.7725
vn 0.6285 -0.0140 -0.7777
vn 0.6453 -0.1340 -0.7521
vn 0.6395 -0.0743 -0.7652
vn 0.6437 -0.0854 -0.7605
vn 0.6404 -0.1024 -0.7612
vn 0.6456 -0.1160 -0.7548
vn 0.6429 -0.1421 -0.7526
vn 0.6437 -0.1507 -0.7503
vn 0.6422 -0.1629 -0.7490
vn 0.6348 -0.1863 -0.7499
vn 0.6353 -0.1877 -0.7491
vn 0.6337 -0.2609 -0.7283
vn 0.4356 -0.7393 -0.5135
vn 0.3747 -0.8158 -0.4405
vn 0.3662 -0.8195 -0.4407
vn 0.3250 -0.8696 -0.3717
vn 0.3954 -0.8221 -0.4096
vn 0.3385 -0.8576 -0.3872
vn 0.3247 -0.8621 -0.3889
vn 0.3089 -0.8911 -0.3324
vn 0.3058 -0.9099 -0.2804
vn 0.2114 -0.9283 -0.3059
vn 0.2972 -0.9331 -0.2024
vn 0.2209 -0.9428 -0.2497
vn 0.2125 -0.9507 -0.2257
vn 0.2010 -0.9580 -0.2043
vn 0.1937 -0.9654 -0.1746
vn 0.1591 -0.9731 -0.1663
vn 0.1456 -0.9822 -0.1186
vn 0.1392 -0.9838 -0.1133
vn 0.4358 -0.7402 -0.5121
vn 0.4841 -0.6687 -0.5644
vn 0.4870 -0.6656 -0.5655
vn 0.5292 -0.5882 -0.6115
vn 0.5328 -0.5852 -0.6113
vn 0.5817 -0.4681 -0.6652
vn 0.5821 -0.4677 -0.6651
vn 0.6112 -0.3741 -0.6975
vn 0.6087 -0.3780 -0.6976
vn 0.6231 -0.3231 -0.7123
vn 0.6399 -0.2912 -0.7112
vn 0.6310 -0.2573 -0.7318
vn 0.6405 -0.2368 -0.7306
vn 0.6514 -0.2038 -0.7308
vn -0.6960 0.0001 -0.7181
vn -0.6957 -0.0003 -0.7183
vn -0.6957 0.0003 -0.7183
vn -0.6958 0.0001 -0.7183
vn 0.6467 0.1200 -0.7532
vn 0.5874 0.4547 -0.6695
vn 0.2206 0.9488 -0.2259
vn 0.2729 0.9320 -0.2386
vn 0.1482 0.9813 -0.1231
vn 0.2527 0.9311 -0.2630
vn 0.2232 0.9404 -0.2565
vn 0.2121 0.9511 -0.2244
vn 0.2053 0.9561 -0.2093
vn 0.1968 0.9634 -0.1819
vn 0.1664 0.9703 -0.1757
vn 0.1474 0.9823 -0.1158
vn 0.2683 0.8842 -0.3824
vn 0.3484 0.8526 -0.3895
vn 0.3858 0.8141 -0.4339
vn 0.3783 0.8117 -0.4450
vn 0.3297 0.8615 -0.3861
vn 0.3259 0.8815 -0.3416
vn 0.2782 0.9013 -0.3320
vn 0.2589 0.9239 -0.2817
vn 0.5384 0.5720 -0.6188
vn 0.5380 0.5724 -0.6189
vn 0.4940 0.6538 -0.5732
vn 0.4931 0.6547 -0.5729
vn 0.4428 0.7295 -0.5214
vn 0.4440 0.7287 -0.5213
vn 0.3782 0.8108 -0.4468
vn 0.5429 0.2683 -0.7958
vn 0.6307 0.2558 -0.7327
vn 0.6397 0.1761 -0.7481
vn 0.6355 0.0942 -0.7664
vn 0.6396 0.0867 -0.7638
vn 0.6403 0.0610 -0.7657
vn 0.6435 0.0516 -0.7637
vn 0.6348 0.0412 -0.7716
vn 0.6371 0.0160 -0.7706
vn 0.6349 0.0222 -0.7723
vn 0.6390 0.0153 -0.7690
vn 0.6285 0.0076 -0.7778
vn 0.6449 0.1322 -0.7527
vn 0.6401 0.1758 -0.7479
vn 0.6524 0.1838 -0.7353
vn 0.6343 0.2608 -0.7277
vn 0.6402 0.2799 -0.7154
vn 0.6245 0.3156 -0.7144
vn 0.6116 0.3658 -0.7015
vn 0.6150 0.3605 -0.7013
vn 0.5867 0.4522 -0.6718
vn 0.6959 -0.0002 0.7182
vn 0.6179 -0.1809 -0.7651
vn 0.1433 -0.9760 -0.1639
vn 0.1559 -0.9737 -0.1660
vn 0.1553 -0.9735 -0.1679
vn 0.1653 -0.9601 -0.2255
vn 0.2439 -0.9354 -0.2560
vn 0.1544 -0.9466 -0.2829
vn 0.2452 -0.9194 -0.3076
vn 0.2230 -0.9321 -0.2854
vn 0.2375 -0.9118 -0.3348
vn 0.2508 -0.9065 -0.3396
vn 0.2607 -0.8921 -0.3689
vn 0.2962 -0.8735 -0.3862
vn 0.3013 -0.8447 -0.4425
vn 0.3500 -0.8109 -0.4690
vn 0.3584 -0.7744 -0.5214
vn 0.4060 -0.7377 -0.5395
vn 0.4166 -0.6966 -0.5842
vn 0.4417 -0.6699 -0.5968
vn 0.4712 -0.6054 -0.6415
vn 0.4926 -0.5875 -0.6420
vn 0.5362 -0.4618 -0.7066
vn 0.5426 -0.4812 -0.6885
vn 0.5660 -0.3932 -0.7246
vn 0.5803 -0.3596 -0.7307
vn 0.5801 -0.3514 -0.7348
vn 0.5945 -0.2609 -0.7606
vn 0.5953 -0.0061 -0.8035
vn 0.5944 -0.2607 -0.7607
vn 0.6062 -0.2738 -0.7467
vn 0.5976 -0.1617 -0.7853
vn 0.6028 -0.1747 -0.7786
vn 0.6103 -0.1443 -0.7789
vn 0.6112 -0.1200 -0.7824
vn 0.6106 -0.1218 -0.7825
vn 0.6130 -0.0825 -0.7858
vn 0.6051 -0.0944 -0.7905
vn 0.6129 -0.0567 -0.7881
vn 0.6086 -0.0640 -0.7909
vn 0.6032 -0.0338 -0.7968
vn 0.5911 -0.0461 -0.8053
vn 0.6135 -0.0165 -0.7895
vn 0.5990 -0.0277 -0.8003
vn 0.6000 -0.0092 -0.7999
vn 0.6020 -0.0080 -0.7984
vn 0.6811 -0.0000 -0.7322
vn 0.6802 0.0014 -0.7330
vn 0.6806 -0.0000 -0.7326
vn -0.6957 -0.0001 -0.7184
vn 0.6811 -0.0013 -0.7322
vn 0.6807 -0.0000 -0.7326
vn 0.2444 0.9192 -0.3087
vn 0.2626 0.8761 -0.4043
vn 0.6159 0.1766 -0.7678
vn 0.5954 0.0056 -0.8034
vn 0.6020 0.0074 -0.7984
vn 0.5998 0.0089 -0.8001
vn 0.5995 0.0168 -0.8002
vn 0.6023 0.0211 -0.7980
vn 0.6011 0.0307 -0.7986
vn 0.6046 0.0365 -0.7957
vn 0.6048 0.0472 -0.7950
vn 0.6113 0.0601 -0.7891
vn 0.6001 0.0894 -0.7949
vn 0.6088 0.0785 -0.7894
vn 0.6121 0.1154 -0.7823
vn 0.6105 0.2096 -0.7638
vn 0.5978 0.2256 -0.7692
vn 0.6100 0.2763 -0.7427
vn 0.6191 0.3382 -0.7088
vn 0.5441 0.4368 -0.7164
vn 0.5161 0.5634 -0.6451
vn 0.4599 0.5606 -0.6887
vn 0.4566 0.6438 -0.6140
vn 0.3121 0.8188 -0.4819
vn 0.3826 0.7628 -0.5213
vn 0.4045 0.7125 -0.5733
vn 0.4302 0.6942 -0.5771
vn 0.4537 0.6431 -0.6169
vn 0.4928 0.5915 -0.6382
vn 0.4887 0.4931 -0.7197
vn 0.3716 0.7975 -0.4753
vn 0.3042 0.8486 -0.4330
vn 0.2776 0.8910 -0.3592
vn 0.2474 0.8916 -0.3792
vn 0.2227 0.9354 -0.2746
vn 0.1601 0.9453 -0.2841
vn 0.2301 0.9365 -0.2646
vn 0.1581 0.9645 -0.2116
vn 0.1581 0.9777 -0.1380
vn 0.1552 0.9720 -0.1766
vn 0.1576 0.9727 -0.1704
vn 0.5510 0.3970 -0.7340
vn 0.5943 0.2990 -0.7466
vn 0.5630 0.2431 -0.7899
vn 0.5997 0.2280 -0.7670
vn 0.6090 0.1504 -0.7788
vn 0.5984 0.1605 -0.7850
vn 0.6069 0.1418 -0.7820
vn 0.3349 -0.7890 -0.5151
vn 0.4599 -0.5601 -0.6891
vn 0.4040 -0.6577 -0.6358
vn 0.5760 -0.0052 -0.8174
vn 0.5720 -0.0062 -0.8202
vn 0.5735 -0.0069 -0.8192
vn 0.5760 -0.0154 -0.8173
vn 0.5767 -0.0140 -0.8169
vn 0.5750 -0.0277 -0.8177
vn 0.5803 -0.0215 -0.8141
vn 0.5757 -0.0487 -0.8162
vn 0.5912 -0.0337 -0.8058
vn 0.5788 -0.0579 -0.8134
vn 0.5871 -0.1072 -0.8024
vn 0.5827 -0.1128 -0.8048
vn 0.5772 -0.1505 -0.8026
vn 0.5628 -0.1997 -0.8021
vn 0.5755 -0.1555 -0.8029
vn 0.5839 -0.1677 -0.7943
vn 0.5661 -0.2076 -0.7978
vn 0.5734 -0.2331 -0.7854
vn 0.5451 -0.2965 -0.7842
vn 0.5448 -0.3428 -0.7653
vn 0.5309 -0.3678 -0.7635
vn 0.5162 -0.4099 -0.7520
vn 0.4886 -0.4594 -0.7418
vn 0.4888 -0.4622 -0.7399
vn 0.4596 -0.5594 -0.6898
vn 0.4127 -0.5767 -0.7050
vn 0.4221 -0.6491 -0.6328
vn 0.4052 -0.6629 -0.6296
vn 0.3545 -0.7365 -0.5761
vn 0.1565 -0.9656 -0.2079
vn 0.2184 -0.9473 -0.2342
vn 0.1205 -0.9593 -0.2554
vn 0.2646 -0.9109 -0.3165
vn 0.1609 -0.9271 -0.3384
vn 0.2455 -0.8946 -0.3733
vn 0.2605 -0.8632 -0.4324
vn 0.2871 -0.8481 -0.4453
vn 0.2975 -0.8100 -0.5054
vn 0.3201 -0.7962 -0.5134
vn 0.3455 -0.7004 -0.6246
vn 0.3548 -0.7242 -0.5914
vn 0.6868 -0.0000 -0.7268
vn 0.5179 0.4066 -0.7526
vn 0.1563 0.9657 -0.2076
vn 0.2174 0.9476 -0.2342
vn 0.4301 0.6669 -0.6085
vn 0.5213 0.5660 -0.6386
vn 0.4567 0.5691 -0.6838
vn 0.4019 0.6571 -0.6377
vn 0.4110 0.6530 -0.6362
vn 0.3587 0.7314 -0.5800
vn 0.3332 0.7334 -0.5925
vn 0.3198 0.8139 -0.4851
vn 0.4539 0.4576 -0.7646
vn 0.4842 0.4677 -0.7395
vn 0.4331 0.5088 -0.7440
vn 0.6348 0.4693 -0.6138
vn 0.4095 0.5770 -0.7066
vn 0.5422 0.2311 -0.8078
vn 0.5840 0.1675 -0.7943
vn 0.5588 0.1063 -0.8224
vn 0.5767 0.1484 -0.8034
vn 0.5640 0.2000 -0.8012
vn 0.5764 0.2257 -0.7854
vn 0.5464 0.2939 -0.7843
vn 0.5450 0.3396 -0.7666
vn 0.5351 0.3576 -0.7654
vn 0.5250 0.3845 -0.7593
vn 0.5760 0.0048 -0.8174
vn 0.5889 0.1112 -0.8006
vn 0.5879 0.1121 -0.8011
vn 0.5788 0.0579 -0.8134
vn 0.5839 0.0478 -0.8104
vn 0.5780 0.0329 -0.8154
vn 0.5789 0.0272 -0.8149
vn 0.5756 0.0206 -0.8175
vn 0.5766 0.0148 -0.8169
vn 0.5758 0.0136 -0.8175
vn 0.5733 0.0068 -0.8193
vn 0.5720 0.0062 -0.8202
vn 0.1211 0.9594 -0.2548
vn 0.2083 0.9331 -0.2932
vn 0.2172 0.9067 -0.3615
vn 0.2459 0.8944 -0.3735
vn 0.2600 0.8636 -0.4319
vn 0.2874 0.8478 -0.4456
vn 0.2982 0.8055 -0.5121
vn 0.3347 0.7886 -0.5158
vn 0.3561 0.7240 -0.5907
vn 0.7014 -0.0000 -0.7127
vn 0.6977 0.0063 -0.7164
vn 0.6995 -0.0000 -0.7147
vn 0.3843 0.5822 -0.7165
vn 0.1691 0.8227 -0.5428
vn 0.3491 0.7531 -0.5577
vn 0.4934 0.1920 -0.8483
vn 0.6775 0.1855 -0.7117
vn 0.5680 0.0028 -0.8230
vn 0.5705 0.0049 -0.8213
vn 0.5670 0.0063 -0.8237
vn 0.5686 0.0079 -0.8226
vn 0.5685 0.0144 -0.8226
vn 0.5701 0.0172 -0.8214
vn 0.5695 0.0209 -0.8217
vn 0.5700 0.0281 -0.8211
vn 0.5704 0.0273 -0.8209
vn 0.5681 0.0578 -0.8209
vn 0.5735 0.0655 -0.8166
vn 0.4674 0.4854 -0.7389
vn 0.4217 0.5057 -0.7526
vn 0.4855 0.3850 -0.7849
vn 0.4522 0.4105 -0.7919
vn 0.5243 0.3058 -0.7948
vn 0.3206 0.6980 -0.6404
vn 0.3465 0.6811 -0.6450
vn 0.3917 0.6152 -0.6842
vn 0.4123 0.6097 -0.6769
vn 0.4172 0.5028 -0.7571
vn 0.1951 0.9402 -0.2792
vn 0.4249 0.6664 -0.6127
vn 0.3254 0.7186 -0.6146
vn 0.3170 0.7636 -0.5625
vn 0.2919 0.7881 -0.5419
vn 0.2938 0.8140 -0.5011
vn 0.2757 0.8297 -0.4853
vn 0.2523 0.8646 -0.4345
vn 0.2693 0.8583 -0.4368
vn 0.2132 0.8978 -0.3854
vn 0.2206 0.8953 -0.3870
vn 0.2056 0.9220 -0.3282
vn 0.1674 0.9424 -0.2896
vn 0.1798 0.9493 -0.2580
vn 0.5540 0.1200 -0.8238
vn 0.5645 0.1014 -0.8192
vn 0.5526 0.1372 -0.8221
vn 0.5395 0.1629 -0.8261
vn 0.5634 0.2580 -0.7849
vn 0.4743 0.2825 -0.8338
vn 0.5032 0.3958 -0.7682
vn 0.5670 -0.0035 -0.8237
vn 0.4995 -0.3395 -0.7970
vn 0.1951 -0.9402 -0.2792
vn 0.2310 -0.8761 -0.4233
vn 0.2871 -0.8247 -0.4873
vn 0.1714 -0.9530 -0.2497
vn 0.1606 -0.9428 -0.2921
vn 0.2124 -0.9230 -0.3208
vn 0.2166 -0.8947 -0.3906
vn 0.2845 -0.8614 -0.4208
vn 0.1555 -0.8186 -0.5529
vn 0.2889 -0.8297 -0.4776
vn 0.2918 -0.7729 -0.5634
vn 0.3483 -0.7587 -0.5506
vn 0.3140 -0.6751 -0.6676
vn 0.4044 -0.6639 -0.6291
vn 0.3121 -0.7920 -0.5247
vn 0.3243 -0.7186 -0.6152
vn 0.3541 -0.7043 -0.6153
vn 0.3700 -0.6203 -0.6917
vn 0.4167 -0.6070 -0.6767
vn 0.4139 -0.4905 -0.7668
vn 0.3838 -0.5822 -0.7168
vn 0.4665 -0.4855 -0.7394
vn 0.4306 -0.5011 -0.7507
vn 0.4770 -0.3932 -0.7861
vn 0.5227 -0.2579 -0.8126
vn 0.4863 -0.1847 -0.8540
vn 0.6222 -0.1611 -0.7661
vn 0.5700 -0.0273 -0.8212
vn 0.5695 -0.0210 -0.8218
vn 0.5706 -0.0144 -0.8211
vn 0.5681 -0.0175 -0.8228
vn 0.5688 -0.0079 -0.8224
vn 0.5676 -0.0095 -0.8232
vn 0.5680 -0.0028 -0.8230
vn 0.5700 -0.0274 -0.8212
vn 0.5695 -0.0589 -0.8199
vn 0.5706 -0.0578 -0.8192
vn 0.5592 -0.1074 -0.8220
vn 0.5619 -0.1015 -0.8209
vn 0.5555 -0.1307 -0.8212
vn 0.5389 -0.1631 -0.8264
vn 0.5663 -0.2592 -0.7824
vn 0.4637 -0.2817 -0.8400
vn 0.4940 -0.3489 -0.7964
vn 0.4733 -0.3976 -0.7860
vn 0.6996 -0.0031 -0.7146
vn 0.6975 -0.0000 -0.7166
vn 0.3118 0.8100 -0.4967
vn 0.5580 0.0980 -0.8240
vn 0.2604 0.8662 -0.4265
vn 0.2105 0.9170 -0.3387
vn 0.2163 0.9155 -0.3392
vn 0.1822 0.9419 -0.2824
vn 0.3376 0.7378 -0.5845
vn 0.2939 0.8049 -0.5155
vn 0.5149 0.2633 -0.8158
vn 0.4668 0.3642 -0.8059
vn 0.5044 0.4487 -0.7377
vn 0.1642 0.3994 -0.9019
vn 0.5465 0.1568 -0.8226
vn 0.5782 0.0128 -0.8158
vn 0.5781 0.0218 -0.8157
vn 0.5824 0.0302 -0.8123
vn 0.5733 0.0457 -0.8181
vn 0.5623 0.1050 -0.8202
vn 0.5769 0.0015 -0.8168
vn 0.5795 0.0089 -0.8149
vn 0.5795 0.0091 -0.8149
vn 0.5778 0.0057 -0.8162
vn 0.5781 0.0005 -0.8159
vn 0.5798 0.0021 -0.8148
vn 0.5379 0.1789 -0.8238
vn 0.5275 0.2568 -0.8098
vn 0.4794 0.2232 -0.8487
vn 0.4949 0.3542 -0.7935
vn 0.3726 0.4269 -0.8240
vn 0.4456 0.4048 -0.7985
vn 0.4195 0.5061 -0.7536
vn 0.4272 0.4981 -0.7546
vn 0.3837 0.5565 -0.7369
vn 0.3879 0.5526 -0.7377
vn 0.3770 0.6233 -0.6851
vn 0.4114 0.6124 -0.6750
vn 0.3282 0.6513 -0.6842
vn 0.2550 0.8680 -0.4262
vn 0.2851 0.8241 -0.4894
vn 0.2815 0.8018 -0.5271
vn 0.2988 0.7957 -0.5268
vn 0.3258 0.7362 -0.5931
vn 0.3278 0.7351 -0.5934
vn 0.3494 0.6720 -0.6529
vn 0.3418 0.6781 -0.6507
vn 0.3754 0.6206 -0.6884
vn 0.5282 -0.1279 -0.8395
vn 0.5836 -0.0423 -0.8109
vn 0.5770 -0.0015 -0.8168
vn 0.5769 -0.0016 -0.8168
vn 0.5798 -0.0032 -0.8148
vn 0.5784 -0.0070 -0.8157
vn 0.5761 -0.0135 -0.8172
vn 0.5794 -0.0102 -0.8150
vn 0.5706 -0.0186 -0.8210
vn 0.5764 -0.0282 -0.8167
vn 0.5783 -0.0158 -0.8157
vn 0.5226 -0.2647 -0.8104
vn 0.5368 -0.1629 -0.8278
vn 0.6005 -0.0797 -0.7957
vn 0.5045 -0.4377 -0.7442
vn 0.4579 -0.3516 -0.8165
vn 0.5354 -0.2574 -0.8044
vn 0.4691 -0.2197 -0.8554
vn 0.5053 -0.3327 -0.7962
vn 0.4461 -0.3819 -0.8094
vn 0.4501 -0.4453 -0.7740
vn 0.4329 -0.4688 -0.7700
vn 0.4117 -0.5093 -0.7557
vn 0.3562 -0.5670 -0.7427
vn 0.3850 -0.7226 -0.5742
vn 0.3403 -0.6267 -0.7010
vn 0.4013 -0.6131 -0.6805
vn 0.3965 -0.5721 -0.7180
vn 0.4046 -0.5183 -0.7534
vn 0.2157 -0.9034 -0.3706
vn 0.2095 -0.9291 -0.3048
vn 0.2031 -0.9316 -0.3014
vn 0.2905 -0.8332 -0.4705
vn 0.2903 -0.7984 -0.5275
vn 0.3209 -0.7710 -0.5501
vn 0.3628 -0.6371 -0.6801
vn 0.3366 -0.6947 -0.6357
vn 0.3291 -0.6976 -0.6365
vn 0.3198 -0.7628 -0.5620
vn 0.1488 -0.7469 -0.6481
vn 0.2943 -0.7970 -0.5274
vn 0.2792 -0.8554 -0.4363
vn 0.2578 -0.8409 -0.4759
vn 0.2526 -0.8853 -0.3905
vn 0.7189 -0.0000 -0.6951
vn -0.6955 -0.0002 -0.7185
vn 0.6961 -0.0000 0.7180
vn 0.9239 -0.2396 0.2983
vn 0.8261 -0.3569 0.4360
vn 0.9194 -0.1469 0.3650
vn 0.8912 -0.2213 0.3961
vn 0.8799 -0.2703 0.3908
vn 0.9662 -0.0338 0.2557
vn 0.9626 -0.0467 0.2668
vn 0.9614 -0.0760 0.2643
vn 0.9560 -0.1169 0.2690
vn 0.9357 -0.1759 0.3059
vn 0.9343 -0.1640 0.3166
vn 0.9073 -0.1624 0.3878
vn 0.9113 -0.0374 0.4101
vn 0.9160 -0.0496 0.3982
vn 0.8825 -0.3176 0.3469
vn 0.8486 -0.2939 0.4398
vn 0.8981 -0.2866 0.3337
vn 0.8718 0.2935 0.3923
vn 0.9164 0.0387 0.3984
vn 0.9128 0.0472 0.4057
vn 0.9077 0.1432 0.3944
vn 0.9149 0.1633 0.3692
vn 0.8919 0.2178 0.3963
vn 0.8279 0.2844 0.4835
vn 0.8816 0.3372 0.3302
vn 0.8803 0.2687 0.3909
vn 0.9581 0.1010 0.2679
vn 0.9467 0.1442 0.2881
vn 0.9327 0.1643 0.3210
vn 0.9322 0.2075 0.2964
vn 0.9105 0.2741 0.3096
vn 0.9640 0.0553 0.2600
vn 0.9631 0.0470 0.2652
vn 0.9666 0.0107 0.2559
vn 0.7606 -0.0002 -0.6492
vn 0.7606 0.0002 -0.6492
vn 0.7602 0.0001 -0.6497
vn 0.7607 -0.0004 -0.6491
vn 0.7611 0.0003 -0.6487
vn 0.7615 -0.0002 -0.6481
vn 0.7617 0.0001 -0.6480
vn 0.7618 -0.0001 -0.6478
vn 0.7615 0.0001 -0.6482
vn 0.7615 0.0002 -0.6482
vn 0.7594 0.0001 -0.6506
vn 0.7591 0.0004 -0.6509
vn 0.7592 -0.0001 -0.6508
vn 0.7571 0.0002 -0.6533
vn 0.7571 -0.0000 -0.6533
vn 0.7570 -0.0000 -0.6535
vn 0.7569 -0.0001 -0.6535
vn 0.7591 0.0001 -0.6510
vn 0.7590 -0.0003 -0.6511
vn 0.7593 -0.0001 -0.6507
vn 0.1344 -0.9901 0.0401
vn 0.1971 -0.9394 -0.2805
vn 0.5717 -0.3363 -0.7484
vn 0.3850 -0.6741 -0.6304
vn 0.1681 -0.9499 -0.2634
vn 0.1713 -0.9362 -0.3069
vn 0.2127 -0.8532 -0.4763
vn 0.2562 -0.9325 -0.2544
vn 0.1218 -0.9670 -0.2240
vn 0.5884 -0.0060 -0.8086
vn 0.3079 -0.8429 -0.4413
vn 0.2472 -0.8910 -0.3808
vn 0.6134 -0.0588 -0.7876
vn 0.2631 -0.8321 -0.4883
vn 0.6504 -0.3551 -0.6715
vn 0.2360 -0.9570 -0.1685
vn 0.1498 -0.9826 -0.1095
vn 0.1066 -0.9940 -0.0237
vn 0.5782 -0.4503 -0.6804
vn 0.5699 -0.6549 -0.4963
vn 0.4910 -0.7326 -0.4713
vn 0.2460 -0.9419 -0.2289
vn 0.4925 -0.7396 -0.4587
vn 0.7573 -0.4528 -0.4706
vn 0.4452 -0.8805 -0.1629
vn 0.5138 -0.6365 -0.5752
vn 0.8005 -0.0257 -0.5988
vn 0.8054 -0.0183 -0.5925
vn 0.6733 -0.7318 -0.1058
vn 0.4093 -0.9082 -0.0877
vn 0.8470 -0.0298 -0.5308
vn 0.8388 -0.1413 -0.5258
vn 0.7290 -0.6163 -0.2980
vn 0.5514 -0.8234 -0.1345
vn 0.4234 -0.9059 -0.0126
vn 0.8954 -0.0212 -0.4448
vn 0.5602 -0.8158 -0.1438
vn 0.5683 -0.8228 -0.0029
vn 0.4841 -0.8681 0.1096
vn 0.9809 -0.0369 -0.1909
vn 0.9850 -0.1532 0.0799
vn 0.7288 -0.0324 0.6840
vn 0.7975 -0.5175 0.3101
vn 0.9049 -0.3850 0.1812
vn 0.9927 -0.1184 0.0249
vn 0.9738 -0.1505 0.1707
vn 0.9971 -0.0487 0.0577
vn 0.9993 -0.0361 -0.0133
vn 0.9824 -0.1849 0.0253
vn 0.9926 -0.1023 0.0647
vn 0.9885 -0.1513 0.0014
vn 0.9980 -0.0600 0.0199
vn 0.9973 -0.0478 0.0552
vn 0.9976 -0.0124 0.0684
vn 0.9735 -0.1867 0.1318
vn 0.9587 -0.2581 0.1191
vn 0.9647 -0.2551 0.0653
vn 0.9138 -0.3675 0.1728
vn 0.9370 -0.3419 0.0713
vn 0.9639 -0.2590 0.0613
vn 0.9505 -0.2748 0.1450
vn 0.9252 -0.3425 0.1636
vn 0.9160 -0.3672 0.1614
vn 0.9057 -0.3847 0.1781
vn 0.8826 -0.4381 0.1705
vn 0.8346 -0.5018 0.2271
vn 0.5696 -0.6314 0.5262
vn 0.6998 -0.6671 0.2555
vn 0.8870 -0.4005 0.2297
vn 0.8559 -0.4323 0.2838
vn 0.8113 -0.5084 0.2886
vn 0.7998 -0.5184 0.3025
vn 0.7900 -0.5361 0.2974
vn 0.7319 -0.6053 0.3130
vn 0.5377 -0.7572 0.3708
vn 0.5896 -0.7385 0.3271
vn 0.5638 -0.8132 0.1443
vn 0.6868 -0.7260 0.0342
vn 0.5685 -0.8021 0.1829
vn 0.6370 -0.7572 0.1443
vn 0.6923 -0.7037 0.1597
vn 0.6984 -0.7005 0.1464
vn 0.7939 -0.6005 0.0955
vn 0.7947 -0.6049 0.0499
vn 0.8398 -0.5429 -0.0023
vn 0.8164 -0.5723 0.0769
vn 0.8834 -0.4684 -0.0164
vn 0.8863 -0.4600 -0.0537
vn 0.9067 -0.4151 -0.0746
vn 0.9091 -0.4104 -0.0719
vn 0.9434 -0.3149 -0.1042
vn 0.9335 -0.3323 -0.1351
vn 0.9715 -0.0256 -0.2356
vn 0.9804 -0.0611 -0.1874
vn 0.9763 -0.0494 -0.2106
vn 0.9736 -0.1007 -0.2047
vn 0.9744 -0.1128 -0.1945
vn 0.9708 -0.1398 -0.1947
vn 0.9688 -0.1592 -0.1898
vn 0.9589 -0.2117 -0.1889
vn 0.9569 -0.2107 -0.1996
vn 0.9616 -0.2525 -0.1078
vn 0.9056 -0.4074 -0.1181
vn 0.9368 -0.3152 -0.1522
vn 0.9402 -0.3085 -0.1444
vn 0.9546 -0.2416 -0.1741
vn 0.9723 -0.1771 -0.1528
vn 0.6953 -0.7012 0.1580
vn 0.7196 -0.6877 0.0962
vn 0.7724 -0.6334 0.0465
vn 0.7267 -0.6822 -0.0812
vn 0.8268 -0.5619 0.0270
vn 0.8375 -0.5461 -0.0195
vn 0.8788 -0.4739 -0.0557
vn 0.6844 -0.7256 -0.0720
vn 0.7575 -0.6411 -0.1233
vn 0.7705 -0.6269 -0.1152
vn 0.8216 -0.5442 -0.1698
vn 0.8054 -0.5670 -0.1729
vn 0.8644 -0.4654 -0.1901
vn 0.8494 -0.4901 -0.1957
vn 0.8736 -0.4297 -0.2283
vn 0.9034 -0.3632 -0.2279
vn 0.8653 -0.4037 -0.2971
vn 0.9150 -0.3143 -0.2528
vn 0.9174 -0.2593 -0.3019
vn 0.9619 -0.2229 -0.1582
vn 0.9262 -0.1706 -0.3361
vn 0.9281 -0.0326 -0.3709
vn 0.9320 -0.1542 -0.3280
vn 0.9298 -0.0991 -0.3544
vn 0.9369 -0.0738 -0.3417
vn 0.9318 -0.0373 -0.3612
vn 0.9395 -0.0174 -0.3420
vn 0.8549 -0.4126 -0.3144
vn 0.9368 -0.2971 -0.1849
vn 0.8882 -0.3415 -0.3074
vn 0.9256 -0.2391 -0.2934
vn 0.9142 -0.2570 -0.3134
vn 0.9248 -0.2037 -0.3212
vn 0.9155 -0.1993 -0.3495
vn 0.5364 -0.8430 0.0396
vn 0.5387 -0.8418 0.0336
vn 0.5688 -0.8216 0.0385
vn 0.6304 -0.7763 0.0088
vn 0.7708 -0.6274 -0.1106
vn 0.7066 -0.7067 -0.0364
vn 0.6820 -0.7297 -0.0499
vn 0.6387 -0.7692 -0.0203
vn 0.5940 -0.8035 -0.0386
vn 0.5525 -0.8298 0.0784
vn 0.5273 -0.8484 0.0463
vn 0.4397 -0.8940 0.0863
vn 0.3010 -0.9508 0.0739
vn 0.3044 -0.9434 0.1319
vn 0.4067 -0.9079 0.1013
vn 0.5265 -0.8480 0.0604
vn 0.4841 -0.8681 0.1099
vn 0.4483 -0.8883 0.0994
vn 0.3595 -0.9107 0.2036
vn 0.4040 -0.9104 0.0891
vn 0.2893 -0.9463 0.1440
vn 0.3807 -0.9236 0.0449
vn 0.3824 -0.9236 0.0264
vn 0.4724 -0.8811 0.0220
vn 0.4764 -0.8791 -0.0153
vn 0.5083 -0.8598 -0.0494
vn 0.5103 -0.8579 -0.0603
vn 0.5802 -0.8092 -0.0926
vn 0.5796 -0.8096 -0.0926
vn 0.6145 -0.7783 -0.1290
vn 0.6474 -0.7490 -0.1411
vn 0.7833 -0.5801 -0.2235
vn 0.7102 -0.6694 -0.2179
vn 0.7184 -0.6648 -0.2047
vn 0.6576 -0.7352 -0.1644
vn 0.8681 -0.2953 -0.3990
vn 0.8872 -0.2201 -0.4056
vn 0.8465 -0.1986 -0.4939
vn 0.9044 -0.2417 -0.3516
vn 0.8864 -0.1442 -0.4399
vn 0.8835 -0.1507 -0.4436
vn 0.8845 -0.0200 -0.4662
vn 0.8904 -0.0282 -0.4543
vn 0.8886 -0.0758 -0.4524
vn 0.8908 -0.0798 -0.4473
vn 0.8609 -0.3935 -0.3226
vn 0.8410 -0.3318 -0.4274
vn 0.8722 -0.2990 -0.3872
vn 0.8730 -0.2335 -0.4282
vn 0.8827 -0.2179 -0.4164
vn 0.8854 -0.1763 -0.4302
vn 0.8969 -0.1774 -0.4051
vn 0.6344 -0.7363 -0.2353
vn 0.7419 -0.6433 -0.1889
vn 0.7194 -0.6606 -0.2146
vn 0.7709 -0.5757 -0.2724
vn 0.7614 -0.5873 -0.2746
vn 0.8300 -0.4731 -0.2955
vn 0.8035 -0.5082 -0.3101
vn 0.8403 -0.4262 -0.3351
vn 0.8489 -0.4065 -0.3379
vn 0.8504 -0.3838 -0.3600
vn 0.8605 -0.3586 -0.3618
vn 0.8716 -0.3236 -0.3682
vn 0.2732 -0.9619 -0.0120
vn 0.2347 -0.9701 0.0614
vn 0.2381 -0.9705 0.0373
vn 0.3701 -0.9277 -0.0489
vn 0.3630 -0.9310 -0.0381
vn 0.3003 -0.9535 0.0268
vn 0.2459 -0.9673 0.0627
vn 0.2454 -0.9672 0.0650
vn 0.2735 -0.9617 0.0201
vn 0.1980 -0.9693 0.1458
vn 0.2919 -0.9559 0.0330
vn 0.2996 -0.9538 0.0220
vn 0.3320 -0.9429 0.0282
vn 0.3489 -0.9371 -0.0043
vn 0.3705 -0.9288 -0.0087
vn 0.4135 -0.9086 -0.0588
vn 0.4598 -0.8837 -0.0878
vn 0.4637 -0.8796 -0.1057
vn 0.5121 -0.8479 -0.1374
vn 0.5273 -0.8260 -0.1992
vn 0.5634 -0.8037 -0.1914
vn 0.6233 -0.7476 -0.2293
vn 0.6061 -0.7609 -0.2317
vn 0.6635 -0.6947 -0.2777
vn 0.6729 -0.6754 -0.3017
vn 0.6712 -0.6719 -0.3131
vn 0.7276 -0.5929 -0.3449
vn 0.7338 -0.5726 -0.3656
vn 0.7745 -0.5124 -0.3710
vn 0.7820 -0.4740 -0.4047
vn 0.8018 -0.4313 -0.4135
vn 0.8100 -0.3844 -0.4429
vn 0.8295 -0.3479 -0.4369
vn 0.8292 -0.3226 -0.4565
vn 0.8457 -0.2558 -0.4684
vn 0.8567 -0.2487 -0.4519
vn 0.8419 -0.1487 -0.5187
vn 0.8543 -0.0842 -0.5129
vn 0.8447 -0.0963 -0.5264
vn 0.8479 -0.0493 -0.5279
vn 0.8527 -0.0214 -0.5219
vn 0.8154 -0.2994 -0.4955
vn 0.8599 -0.2181 -0.4616
vn 0.8239 -0.2410 -0.5129
vn 0.8479 -0.1841 -0.4973
vn 0.8434 -0.1823 -0.5054
vn 0.9339 -0.1580 -0.3207
vn 0.7512 -0.5279 -0.3962
vn 0.6363 -0.6429 -0.4265
vn 0.7858 -0.3235 -0.5271
vn 0.7905 -0.3481 -0.5038
vn 0.7519 -0.4399 -0.4911
vn 0.7686 -0.4181 -0.4842
vn 0.7293 -0.5143 -0.4512
vn 0.7453 -0.4966 -0.4448
vn 0.8003 -0.2723 -0.5342
vn 0.8328 -0.2266 -0.5050
vn 0.7623 -0.2541 -0.5953
vn 0.8352 -0.1616 -0.5256
vn 0.8101 -0.1670 -0.5620
vn 0.8184 -0.1052 -0.5650
vn 0.9384 -0.0860 -0.3346
vn 0.7836 -0.2437 -0.5715
vn 0.8184 -0.1941 -0.5408
vn 0.8017 -0.2086 -0.5601
vn 0.8035 -0.1451 -0.5774
vn 0.7984 -0.1499 -0.5832
vn 0.8143 -0.0806 -0.5748
vn 0.7908 -0.1022 -0.6035
vn 0.8084 -0.0609 -0.5854
vn 0.7630 -0.0641 -0.6432
vn 0.8765 -0.0284 -0.4806
vn 0.4354 -0.8852 -0.1637
vn 0.4355 -0.8854 -0.1626
vn 0.4906 -0.8472 -0.2041
vn 0.4931 -0.8415 -0.2208
vn 0.5501 -0.7932 -0.2612
vn 0.5621 -0.7720 -0.2967
vn 0.5839 -0.7536 -0.3020
vn 0.6305 -0.7009 -0.3335
vn 0.6148 -0.7148 -0.3332
vn 0.6599 -0.6554 -0.3673
vn 0.6921 -0.6188 -0.3717
vn 0.6912 -0.6020 -0.3998
vn 0.7111 -0.5513 -0.4364
vn 0.3112 -0.9484 -0.0615
vn 0.3110 -0.9497 -0.0352
vn 0.3742 -0.9213 -0.1057
vn 0.3753 -0.9237 -0.0768
vn 0.4003 -0.9061 -0.1370
vn 0.1727 -0.9850 0.0058
vn 0.2083 -0.9780 -0.0139
vn 0.2659 -0.9640 -0.0010
vn 0.2128 -0.9771 0.0054
vn 0.2530 -0.9674 0.0101
vn 0.1851 -0.9819 0.0403
vn 0.2271 -0.9729 -0.0443
vn 0.2818 -0.9572 -0.0657
vn 0.2569 -0.9626 -0.0859
vn 0.3656 -0.9238 -0.1135
vn 0.4799 -0.8265 -0.2944
vn 0.4484 -0.8627 -0.2338
vn 0.4345 -0.8705 -0.2310
vn 0.3894 -0.8996 -0.1978
vn 0.3679 -0.9099 -0.1918
vn 0.3498 -0.9262 -0.1405
vn 0.3067 -0.9435 -0.1251
vn 0.2825 -0.9567 -0.0699
vn 0.6110 -0.6748 -0.4140
vn 0.5996 -0.6951 -0.3965
vn 0.5600 -0.7483 -0.3556
vn 0.5600 -0.7356 -0.3811
vn 0.5190 -0.8001 -0.3007
vn 0.7179 -0.3610 -0.5952
vn 0.7780 -0.2404 -0.5804
vn 0.7562 -0.2570 -0.6018
vn 0.7759 -0.1763 -0.6057
vn 0.7803 -0.1735 -0.6008
vn 0.7685 -0.1249 -0.6275
vn 0.8325 -0.0894 -0.5468
vn 0.7663 -0.1027 -0.6343
vn 0.7628 -0.0037 -0.6466
vn 0.7611 -0.0147 -0.6485
vn 0.7532 -0.0244 -0.6573
vn 0.8055 -0.0373 -0.5914
vn 0.7769 -0.0482 -0.6278
vn 0.7649 -0.0493 -0.6423
vn 0.7536 -0.0837 -0.6520
vn 0.7609 -0.0772 -0.6443
vn 0.7648 -0.1240 -0.6322
vn 0.7575 -0.1331 -0.6392
vn 0.7672 -0.1721 -0.6179
vn 0.7471 -0.1928 -0.6362
vn 0.7750 -0.2381 -0.5853
vn 0.4522 -0.2555 -0.8545
vn 0.7980 -0.2831 -0.5321
vn 0.7366 -0.3723 -0.5646
vn 0.7210 -0.4497 -0.5272
vn 0.6972 -0.4882 -0.5250
vn 0.6965 -0.5029 -0.5118
vn 0.6778 -0.5911 -0.4373
vn 0.6619 -0.5532 -0.5057
vn 0.6362 -0.6461 -0.4216
vn 0.2258 -0.9734 -0.0395
vn 0.2062 -0.9785 -0.0098
vn 0.1056 -0.9891 -0.1022
vn 0.2078 -0.9781 0.0117
vn 0.1529 -0.9882 0.0119
vn 0.1479 -0.9889 0.0138
vn 0.1267 -0.9919 -0.0044
vn 0.1692 -0.9851 -0.0311
vn 0.2098 -0.9759 -0.0599
vn 0.4012 -0.9050 0.1414
vn 0.2090 -0.9763 -0.0558
vn 0.2329 -0.9664 -0.1084
vn 0.2375 -0.9651 -0.1106
vn 0.2972 -0.9415 -0.1592
vn 0.2760 -0.9475 -0.1614
vn 0.3650 -0.9018 -0.2313
vn 0.3390 -0.9100 -0.2388
vn 0.4092 -0.8699 -0.2754
vn 0.3725 -0.9018 -0.2192
vn 0.3991 -0.8655 -0.3026
vn 0.4206 -0.8574 -0.2967
vn 0.4617 -0.8232 -0.3306
vn 0.4624 -0.8178 -0.3425
vn 0.5157 -0.7644 -0.3871
vn 0.5444 -0.7433 -0.3888
vn 0.5541 -0.7119 -0.4314
vn 0.5850 -0.6695 -0.4578
vn 0.5869 -0.6620 -0.4662
vn 0.6133 -0.6194 -0.4902
vn 0.6251 -0.5798 -0.5225
vn 0.6362 -0.5673 -0.5229
vn 0.6753 -0.4793 -0.5605
vn 0.6606 -0.4212 -0.6215
vn 0.6751 -0.4693 -0.5692
vn 0.6927 -0.4116 -0.5923
vn 0.7029 -0.3577 -0.6148
vn 0.7031 -0.3574 -0.6147
vn 0.7193 -0.2064 -0.6633
vn 0.7211 -0.2525 -0.6452
vn 0.7229 -0.2561 -0.6418
vn 0.7150 -0.3057 -0.6287
vn 0.7265 -0.2074 -0.6551
vn 0.7300 -0.1848 -0.6580
vn 0.7321 -0.1823 -0.6563
vn 0.7287 -0.1375 -0.6709
vn 0.7390 -0.1266 -0.6617
vn 0.7255 -0.0388 -0.6872
vn 0.7388 -0.0741 -0.6698
vn 0.7538 -0.0687 -0.6536
vn 0.7259 -0.0990 -0.6806
vn 0.7184 -0.2031 -0.6653
vn 0.7225 -0.1761 -0.6685
vn 0.7164 -0.1761 -0.6751
vn 0.7221 -0.1493 -0.6755
vn 0.7269 -0.1367 -0.6730
vn 0.7151 -0.1217 -0.6884
vn 0.7264 -0.0991 -0.6800
vn 0.7126 -0.0707 -0.6980
vn 0.7170 -0.0669 -0.6939
vn 0.7257 -0.0221 -0.6877
vn 0.6871 -0.0426 -0.7253
vn 0.7223 -0.0090 -0.6916
vn 0.7449 -0.0233 -0.6668
vn 0.1685 -0.9853 -0.0284
vn 0.0979 -0.9940 0.0479
vn 0.1137 -0.9935 0.0099
vn 0.1165 -0.9931 -0.0133
vn 0.1478 -0.9879 -0.0475
vn 0.1467 -0.9883 -0.0412
vn 0.1725 -0.9811 -0.0880
vn 0.1725 -0.9811 -0.0881
vn 0.2154 -0.9670 -0.1360
vn 0.2151 -0.9653 -0.1482
vn 0.2797 -0.9369 -0.2097
vn 0.2849 -0.9388 -0.1935
vn 0.3019 -0.9210 -0.2464
vn 0.2824 -0.8554 -0.4343
vn 0.3556 -0.8985 -0.2572
vn 0.2994 -0.9234 -0.2401
vn 0.3339 -0.8946 -0.2970
vn 0.3920 -0.8759 -0.2811
vn 0.3091 -0.8676 -0.3896
vn 0.4847 -0.8106 -0.3287
vn 0.5645 -0.6382 -0.5235
vn 0.6053 -0.5625 -0.5632
vn 0.5961 -0.5707 -0.5649
vn 0.6320 -0.4889 -0.6013
vn 0.6519 -0.4598 -0.6030
vn 0.6494 -0.4263 -0.6297
vn 0.6708 -0.3522 -0.6527
vn 0.6818 -0.1710 -0.7113
vn 0.6952 -0.0786 -0.7145
vn 0.7240 -0.0537 -0.6877
vn 0.6915 -0.0672 -0.7192
vn 0.6693 -0.3481 -0.6564
vn 0.6865 -0.2502 -0.6828
vn 0.6856 -0.2512 -0.6832
vn 0.6946 -0.1662 -0.6999
vn 0.7048 -0.1526 -0.6928
vn 0.6587 -0.0960 -0.7462
vn 0.7013 -0.1109 -0.7042
vn 0.6936 -0.1168 -0.7108
vn 0.6862 -0.0208 -0.7271
vn 0.6928 -0.0154 -0.7210
vn 0.6832 -0.0196 -0.7300
vn 0.6839 -0.0526 -0.7277
vn 0.6731 -0.0621 -0.7370
vn 0.6879 -0.0773 -0.7217
vn 0.6863 -0.0885 -0.7219
vn 0.6862 -0.1120 -0.7187
vn 0.3967 -0.8556 -0.3325
vn 0.4206 -0.8210 -0.3860
vn 0.4514 -0.8000 -0.3954
vn 0.4630 -0.7834 -0.4146
vn 0.5117 -0.7266 -0.4585
vn 0.5118 -0.7268 -0.4581
vn 0.5547 -0.6474 -0.5227
vn 0.0789 -0.9967 -0.0194
vn 0.0784 -0.9967 -0.0185
vn 0.1598 -0.9813 -0.1074
vn 0.1470 -0.9802 -0.1324
vn 0.1853 -0.9690 -0.1633
vn 0.2051 -0.9619 -0.1806
vn 0.2033 -0.9610 -0.1876
vn 0.2584 -0.9326 -0.2520
vn 0.2580 -0.9315 -0.2563
vn 0.2910 -0.9094 -0.2971
vn 0.3077 -0.8929 -0.3288
vn 0.3274 -0.8846 -0.3320
vn 0.3558 -0.8537 -0.3803
vn 0.3886 -0.8329 -0.3940
vn 0.3921 -0.8227 -0.4115
vn 0.4268 -0.7700 -0.4743
vn 0.4275 -0.7792 -0.4584
vn 0.4796 -0.7091 -0.5169
vn 0.5030 -0.6891 -0.5216
vn 0.5233 -0.6232 -0.5811
vn 0.5635 -0.5818 -0.5866
vn 0.5772 -0.5088 -0.6386
vn 0.6081 -0.4705 -0.6394
vn 0.6141 -0.4182 -0.6693
vn 0.6078 -0.4098 -0.6802
vn 0.6391 -0.3364 -0.6917
vn 0.6321 -0.3087 -0.7108
vn 0.6477 -0.2757 -0.7102
vn 0.6545 -0.2373 -0.7179
vn 0.6596 -0.2222 -0.7180
vn 0.6530 -0.1842 -0.7346
vn 0.6627 -0.1619 -0.7312
vn 0.6602 -0.1327 -0.7393
vn 0.6596 -0.1354 -0.7393
vn 0.6627 -0.1091 -0.7409
vn 0.6661 -0.1017 -0.7389
vn 0.6596 -0.0714 -0.7482
vn 0.6565 -0.0487 -0.7527
vn 0.6548 -0.0498 -0.7542
vn 0.6484 -0.0144 -0.7612
vn 0.6473 -0.0147 -0.7621
vn 0.6554 -0.0155 -0.7551
vn 0.6417 -0.0083 -0.7669
vn 0.6567 -0.0249 -0.7537
vn 0.6575 -0.0852 -0.7486
vn 0.6491 -0.0811 -0.7564
vn 0.6530 -0.0485 -0.7558
vn 0.6615 -0.0516 -0.7481
vn 0.6472 -0.0341 -0.7616
vn 0.2578 -0.9252 -0.2786
vn 0.1671 -0.9542 -0.2480
vn 0.1371 -0.9817 -0.1320
vn 0.1408 -0.9792 -0.1462
vn 0.1599 -0.9730 -0.1662
vn 0.1705 -0.9632 -0.2080
vn 0.2270 -0.9483 -0.2220
vn 0.2042 -0.9317 -0.3004
vn 0.2528 -0.9189 -0.3028
vn 0.2674 -0.9009 -0.3418
vn 0.2747 -0.8972 -0.3459
vn 0.3123 -0.8661 -0.3902
vn 0.3114 -0.8589 -0.4067
vn 0.3540 -0.8215 -0.4470
vn 0.3678 -0.8111 -0.4548
vn 0.5186 -0.5589 -0.6471
vn 0.4752 -0.6696 -0.5707
vn 0.3643 -0.7189 -0.5921
vn 0.4049 -0.7443 -0.5311
vn 0.3854 -0.8083 -0.4451
vn 0.6314 -0.2632 -0.7294
vn 0.5844 -0.3796 -0.7172
vn 0.6193 -0.0383 -0.7842
vn 0.6109 -0.0249 -0.7913
vn 0.6117 -0.0099 -0.7910
vn 0.6203 -0.0080 -0.7844
vn 0.6161 -0.0118 -0.7875
vn 0.3720 -0.7770 -0.5078
vn 0.4833 -0.6972 -0.5294
vn 0.4468 -0.7111 -0.5428
vn 0.4838 -0.6144 -0.6233
vn 0.5322 -0.5762 -0.6203
vn 0.5314 -0.5263 -0.6638
vn 0.5643 -0.4720 -0.6773
vn 0.5776 -0.4080 -0.7071
vn 0.6091 -0.3693 -0.7019
vn 0.5959 -0.3085 -0.7414
vn 0.6253 -0.2587 -0.7362
vn 0.6141 -0.2175 -0.7587
vn 0.6208 -0.2008 -0.7578
vn 0.6295 -0.1671 -0.7588
vn 0.6288 -0.1694 -0.7589
vn 0.6245 -0.1280 -0.7705
vn 0.6281 -0.1214 -0.7686
vn 0.6281 -0.0898 -0.7729
vn 0.6286 -0.0877 -0.7728
vn 0.6260 -0.0789 -0.7758
vn 0.6243 -0.0646 -0.7785
vn 0.6221 -0.0611 -0.7806
vn 0.6261 -0.0337 -0.7790
vn 0.6162 -0.0332 -0.7869
vn 0.6322 -0.0372 -0.7739
vn 0.1058 -0.9666 -0.2332
vn 0.1237 -0.9829 -0.1365
vn 0.1015 -0.9899 -0.0987
vn 0.1026 -0.9902 -0.0946
vn 0.0971 -0.9931 -0.0654
vn 0.2477 -0.9165 -0.3142
vn 0.1993 -0.9273 -0.3170
vn 0.2677 -0.8877 -0.3747
vn 0.2491 -0.8717 -0.4220
vn 0.3070 -0.8420 -0.4436
vn 0.3084 -0.8264 -0.4710
vn 0.3435 -0.7893 -0.5089
vn 0.3463 -0.7673 -0.5397
vn 0.3920 -0.7297 -0.5603
vn 0.4441 -0.6464 -0.6204
vn 0.4448 -0.5805 -0.6821
vn 0.5493 -0.5651 -0.6156
vn 0.6109 -0.3382 -0.7158
vn 0.5800 -0.2028 -0.7889
vn 0.5993 -0.1603 -0.7843
vn 0.5928 -0.1316 -0.7945
vn 0.6000 -0.0910 -0.7948
vn 0.5822 -0.0064 -0.8130
vn 0.5853 -0.0080 -0.8108
vn 0.5873 -0.0176 -0.8092
vn 0.5917 -0.0230 -0.8058
vn 0.5908 -0.0251 -0.8064
vn 0.5879 -0.0447 -0.8077
vn 0.5900 -0.0420 -0.8063
vn 0.5954 -0.0602 -0.8012
vn 0.5951 -0.0702 -0.8006
vn 0.6029 -0.0959 -0.7920
vn 0.5232 -0.4002 -0.7524
vn 0.5734 -0.2959 -0.7639
vn 0.5802 -0.2947 -0.7593
vn 0.5801 -0.2030 -0.7888
vn 0.5888 -0.2123 -0.7799
vn 0.3990 -0.6934 -0.6000
vn 0.3298 -0.6709 -0.6642
vn 0.4614 -0.6326 -0.6220
vn 0.5571 -0.2479 -0.7926
vn 0.5767 -0.3348 -0.7452
vn 0.5341 -0.4034 -0.7430
vn 0.5346 -0.4597 -0.7092
vn 0.5150 -0.4864 -0.7058
vn 0.4899 -0.5334 -0.6896
vn 0.4799 -0.5460 -0.6867
vn 0.4599 -0.6117 -0.6437
vn 0.1803 -0.9452 -0.2721
vn 0.1800 -0.9507 -0.2526
vn 0.1607 -0.9646 -0.2092
vn 0.1593 -0.9736 -0.1634
vn 0.1463 -0.9756 -0.1639
vn 0.1075 -0.9839 -0.1430
vn 0.1102 -0.9816 -0.1560
vn 0.1710 -0.9513 -0.2565
vn 0.1604 -0.9640 -0.2122
vn 0.1124 -0.9681 -0.2239
vn 0.1291 -0.9699 -0.2064
vn 0.1116 -0.9835 -0.1423
vn 0.1287 -0.9730 -0.1917
vn 0.1634 -0.9601 -0.2271
vn 0.1610 -0.9518 -0.2612
vn 0.1921 -0.9370 -0.2918
vn 0.1980 -0.9259 -0.3217
vn 0.2105 -0.9194 -0.3323
vn 0.2267 -0.8955 -0.3831
vn 0.2438 -0.8890 -0.3876
vn 0.2554 -0.8647 -0.4326
vn 0.2623 -0.8581 -0.4415
vn 0.2744 -0.8400 -0.4682
vn 0.3176 -0.8109 -0.4916
vn 0.2947 -0.7927 -0.5337
vn 0.3410 -0.7427 -0.5763
vn 0.4041 -0.6187 -0.6738
vn 0.3718 -0.6911 -0.6198
vn 0.3719 -0.6917 -0.6190
vn 0.3353 -0.7447 -0.5771
vn 0.3421 -0.7691 -0.5399
vn 0.2487 -0.8200 -0.5155
vn 0.4839 -0.4018 -0.7774
vn 0.4655 -0.5025 -0.7286
vn 0.4572 -0.5108 -0.7280
vn 0.5870 -0.4244 -0.6894
vn 0.4728 -0.3558 -0.8061
vn 0.6073 -0.2585 -0.7512
vn 0.4134 -0.2866 -0.8643
vn 0.5760 -0.0476 -0.8161
vn 0.5679 -0.1008 -0.8169
vn 0.5590 -0.1131 -0.8215
vn 0.5707 -0.0253 -0.8208
vn 0.5740 -0.0320 -0.8182
vn 0.5690 -0.0554 -0.8205
vn 0.5717 -0.0182 -0.8203
vn 0.5733 -0.0124 -0.8192
vn 0.5686 -0.0167 -0.8224
vn 0.5695 -0.0041 -0.8220
vn 0.5686 -0.0051 -0.8226
vn 0.5092 -0.2850 -0.8121
vn 0.5791 -0.1952 -0.7916
vn 0.5409 -0.2170 -0.8126
vn 0.5652 -0.1532 -0.8106
vn 0.6056 -0.1798 -0.7752
vn 0.2864 -0.6630 -0.6916
vn 0.5322 -0.6026 -0.5947
vn 0.3954 -0.5978 -0.6973
vn 0.4334 -0.5557 -0.7095
vn 0.4450 -0.6088 -0.6568
vn 0.1851 -0.9321 -0.3115
vn 0.1866 -0.9355 -0.2999
vn 0.2237 -0.9036 -0.3652
vn 0.2730 -0.8335 -0.4803
vn 0.2861 -0.8057 -0.5187
vn 0.3032 -0.7959 -0.5240
vn 0.2255 -0.9067 -0.3564
vn 0.2382 -0.8846 -0.4009
vn 0.2597 -0.8547 -0.4496
vn 0.2607 -0.8557 -0.4470
vn 0.2893 -0.8043 -0.5190
vn 0.1803 -0.7671 -0.6157
vn 0.3063 -0.7715 -0.5577
vn 0.3252 -0.7245 -0.6077
vn 0.3315 -0.7211 -0.6084
vn 0.3519 -0.6637 -0.6600
vn 0.3888 -0.6314 -0.6709
vn 0.2484 -0.6169 -0.7468
vn 0.4517 -0.4440 -0.7738
vn 0.4510 -0.4550 -0.7679
vn 0.4208 -0.4879 -0.7648
vn 0.4619 -0.3744 -0.8041
vn 0.5503 -0.2976 -0.7801
vn 0.2543 -0.3040 -0.9181
vn 0.5568 -0.1308 -0.8203
vn 0.5404 -0.1518 -0.8276
vn 0.5599 -0.0777 -0.8249
vn 0.5846 -0.0425 -0.8102
vn 0.5642 -0.0638 -0.8232
vn 0.5742 -0.0194 -0.8185
vn 0.5701 -0.0224 -0.8213
vn 0.5720 -0.0080 -0.8202
vn 0.5708 -0.0095 -0.8210
vn 0.5713 -0.0027 -0.8207
vn 0.5710 -0.0032 -0.8210
vn 0.4424 -0.4340 -0.7849
vn 0.4754 -0.3761 -0.7953
vn 0.4638 -0.3761 -0.8021
vn 0.5153 -0.2592 -0.8169
vn 0.5083 -0.2624 -0.8202
vn 0.5371 -0.1905 -0.8217
vn 0.5824 -0.2261 -0.7808
vn 0.3448 -0.6534 -0.6740
vn 0.4073 -0.5835 -0.7026
vn 0.3648 -0.5905 -0.7199
vn 0.4087 -0.5444 -0.7325
vn 0.4803 -0.5714 -0.6654
vn 0.1062 -0.9844 -0.1403
vn 0.0999 -0.9848 -0.1422
vn 0.1260 -0.9689 -0.2127
vn 0.1487 -0.9696 -0.1944
vn 0.1478 -0.9694 -0.1958
vn 0.2527 -0.7239 -0.6420
vn 0.3874 -0.7216 -0.5737
vn 0.3210 -0.6466 -0.6920
vn 0.3425 -0.6225 -0.7037
vn 0.3547 -0.6362 -0.6851
vn 0.3669 -0.6250 -0.6890
vn 0.4519 -0.5371 -0.7123
vn 0.3477 -0.5808 -0.7361
vn 0.4529 -0.4346 -0.7785
vn 0.4209 -0.5162 -0.7459
vn 0.3902 -0.5452 -0.7420
vn 0.5671 -0.1162 -0.8154
vn 0.5276 -0.2178 -0.8211
vn 0.5296 -0.2160 -0.8203
vn 0.4905 -0.3303 -0.8065
vn 0.3671 -0.4232 -0.8283
vn 0.5736 -0.1300 -0.8088
vn 0.5706 -0.0619 -0.8189
vn 0.5880 -0.0397 -0.8079
vn 0.5839 -0.0158 -0.8116
vn 0.5837 -0.0161 -0.8118
vn 0.5880 -0.0035 -0.8089
vn 0.5873 -0.0085 -0.8093
vn 0.5844 -0.0018 -0.8115
vn 0.5841 -0.0021 -0.8117
vn 0.2605 -0.8796 -0.3981
vn 0.2833 -0.8418 -0.4595
vn 0.3241 -0.8286 -0.4564
vn 0.2820 -0.8039 -0.5237
vn 0.3106 -0.7837 -0.5379
vn 0.3548 -0.7351 -0.5777
vn 0.3537 -0.7358 -0.5775
vn 0.3659 -0.6874 -0.6273
vn 0.5243 -0.6344 -0.5681
vn 0.1676 -0.9614 -0.2181
vn 0.1954 -0.9377 -0.2874
vn 0.2216 -0.9244 -0.3104
vn 0.2210 -0.9176 -0.3303
vn 0.2563 -0.8811 -0.3975
vn 0.1919 -0.8644 -0.4647
vn 0.2852 -0.8542 -0.4347
vn 0.2930 -0.8169 -0.4968
vn 0.3793 -0.7765 -0.5031
vn 0.1271 -0.9919 -0.0046
vn 0.0652 -0.9978 0.0077
vn 0.0950 -0.9947 -0.0389
vn 0.0504 -0.9986 -0.0179
vn 0.0912 -0.9908 -0.0998
vn 0.0904 -0.9906 -0.1027
vn 0.1038 -0.9854 -0.1346
vn 0.5174 -0.7405 0.4290
vn 0.6254 -0.6429 0.4422
vn 0.6005 -0.6357 0.4850
vn 0.6796 -0.5327 0.5044
vn 0.6641 -0.5217 0.5355
vn 0.7239 -0.4159 0.5505
vn 0.7121 -0.4024 0.5753
vn 0.7576 -0.2964 0.5815
vn 0.7470 -0.2806 0.6028
vn 0.7798 -0.1763 0.6006
vn 0.7693 -0.1588 0.6188
vn 0.8381 -0.0509 0.5432
vn 0.7730 -0.0491 0.6326
vn 0.7894 -0.0683 0.6101
vn 0.8367 -0.0526 0.5451
vn 0.8499 -0.1806 0.4950
vn 0.8140 -0.1532 0.5603
vn 0.8333 -0.2495 0.4934
vn 0.7957 -0.2984 0.5271
vn 0.7987 -0.3110 0.5151
vn 0.1856 -0.9823 0.0241
vn 0.1878 -0.9814 0.0387
vn 0.1874 -0.9815 0.0394
vn 0.1859 -0.9815 0.0454
vn 0.1623 -0.9837 0.0776
vn 0.2385 -0.9683 0.0744
vn 0.2273 -0.9687 0.0994
vn 0.3096 -0.9428 0.1237
vn 0.3091 -0.9426 0.1261
vn 0.3859 -0.9083 0.1612
vn 0.3852 -0.9097 0.1554
vn 0.4246 -0.8887 0.1732
vn 0.4403 -0.8753 0.1999
vn 0.4808 -0.8563 0.1886
vn 0.5094 -0.8228 0.2521
vn 0.5652 -0.7948 0.2209
vn 0.5913 -0.7723 0.2323
vn 0.6645 -0.7253 0.1802
vn 0.8011 -0.3649 0.4744
vn 0.7610 -0.4171 0.4969
vn 0.7640 -0.4569 0.4556
vn 0.7159 -0.5328 0.4512
vn 0.7183 -0.5490 0.4274
vn 0.6595 -0.6418 0.3913
vn 0.6591 -0.6372 0.3994
vn 0.5761 -0.7397 0.3478
vn 0.5761 -0.7393 0.3487
vn 0.4866 -0.8197 0.3023
vn 0.4875 -0.8247 0.2868
vn 0.4490 -0.8525 0.2678
vn 0.4113 -0.8780 0.2447
vn 0.4212 -0.8747 0.2396
vn 0.3506 -0.9131 0.2081
vn 0.3667 -0.9092 0.1970
vn 0.2772 -0.9458 0.1692
vn -0.9453 -0.0072 -0.3261
vn 0.2369 0.8946 -0.3788
vn -0.7006 0.2477 -0.6692
vn -0.5241 0.5593 -0.6423
vn -0.9445 0.2223 0.2421
vn -0.9840 0.0981 0.1486
vn -0.6302 0.7173 -0.2972
vn -0.6495 0.7576 0.0649
vn -0.6635 0.7466 -0.0484
vn -0.7685 0.6178 0.1665
vn -0.6830 0.7298 -0.0296
vn -0.8407 0.5361 0.0766
vn -0.8020 0.5682 0.1843
vn -0.9189 0.2431 0.3106
vn -0.9210 0.2125 0.3264
vn -0.6738 0.7105 -0.2027
vn -0.7578 0.6261 -0.1836
vn -0.8526 0.5095 -0.1158
vn -0.8186 0.5582 -0.1352
vn -0.9546 0.2979 0.0067
vn -0.9386 0.3448 -0.0113
vn -0.9720 0.2302 0.0477
vn -0.9896 0.1172 0.0834
vn -0.6398 0.6605 -0.3928
vn -0.5797 0.7034 -0.4112
vn -0.8337 0.4866 -0.2613
vn -0.7974 0.5328 -0.2833
vn -0.9514 0.2845 -0.1175
vn -0.9694 0.1247 0.2115
vn -0.9496 0.2582 0.1778
vn -0.9281 0.3494 0.1286
vn -0.9041 0.4156 0.0997
vn -0.8327 0.5535 -0.0150
vn -0.6811 0.7236 -0.1119
vn -0.6587 0.7407 -0.1320
vn -0.5247 0.6116 -0.5921
vn -0.5551 0.6036 -0.5723
vn -0.5545 0.6482 -0.5219
vn -0.4162 0.3265 -0.8486
vn -0.4353 0.3281 -0.8384
vn -0.4384 0.4253 -0.7918
vn -0.7848 0.4499 -0.4263
vn -0.7666 0.4613 -0.4466
vn -0.7661 0.4180 -0.4882
vn -0.7487 0.4266 -0.5075
vn -0.7473 0.3752 -0.5485
vn -0.8838 0.0941 -0.4583
vn -0.6984 0.1580 -0.6981
vn -0.6908 0.1571 -0.7057
vn -0.4133 0.2091 -0.8862
vn -0.4006 0.2070 -0.8926
vn -0.4947 0.5646 -0.6607
vn -0.4930 0.5008 -0.7115
vn -0.7309 0.3810 -0.5662
vn -0.7289 0.3193 -0.6056
vn -0.8957 0.1939 -0.4001
vn -0.8943 0.1473 -0.4225
vn -0.9791 0.0500 -0.1970
vn -0.9806 0.0488 -0.1898
vn -0.9802 0.0311 -0.1955
vn -0.9884 0.0548 -0.1419
vn -0.9814 0.0990 -0.1647
vn -0.9881 0.0680 -0.1381
vn -0.9886 0.0938 -0.1175
vn -0.9951 0.0515 -0.0847
vn -0.8832 0.0379 -0.4675
vn -0.6890 0.0456 -0.7233
vn -0.6677 0.0381 -0.7435
vn -0.3992 0.0827 -0.9131
vn -0.3435 0.0731 -0.9363
vn 0.5613 0.6376 -0.5277
vn 0.5668 0.6031 -0.5613
vn 0.5565 0.6028 -0.5717
vn 0.6129 0.5607 -0.5568
vn 0.6155 0.5456 -0.5688
vn 0.6155 0.5304 -0.5830
vn 0.6115 0.5330 -0.5848
vn 0.6940 0.3738 -0.6153
vn 0.5804 0.1990 -0.7897
vn 0.5819 0.0753 -0.8097
vn 0.2776 0.0682 -0.9583
vn 0.7083 0.0596 -0.7034
vn 0.7821 0.0090 -0.6231
vn 0.7840 0.1402 -0.6047
vn 0.7357 0.1733 -0.6548
vn 0.8103 0.2217 -0.5425
vn 0.6581 0.4878 -0.5735
vn 0.6715 0.4417 -0.5950
vn 0.7022 0.4342 -0.5642
vn 0.7045 0.3668 -0.6075
vn 0.5260 0.4238 -0.7374
vn 0.5285 0.3321 -0.7813
vn 0.2715 0.3613 -0.8920
vn 0.2743 0.2336 -0.9328
vn 0.7396 0.3176 -0.5934
vn 0.7403 0.2708 -0.6153
vn 0.5587 0.3184 -0.7658
vn 0.5610 0.2069 -0.8015
vn 0.2943 0.2274 -0.9282
vn 0.2958 0.0613 -0.9533
vn 0.1116 0.9515 -0.2869
vn 0.2419 0.9090 -0.3393
vn 0.2422 0.8995 -0.3636
vn 0.3635 0.8034 -0.4716
vn 0.1961 0.8789 -0.4348
vn 0.4520 0.7546 -0.4758
vn 0.3805 0.7655 -0.5189
vn 0.3432 0.7715 -0.5357
vn 0.5153 0.6870 -0.5123
vn 0.5133 0.6521 -0.5579
vn 0.2016 0.8898 -0.4095
vn 0.1580 0.9091 -0.3856
vn 0.1593 0.9108 -0.3808
vn 0.0151 0.9482 -0.3173
vn 0.0324 0.9633 -0.2664
vn -0.2651 0.9556 -0.1290
vn -0.2048 0.9646 -0.1660
vn -0.2303 0.9431 -0.2399
vn -0.1942 0.9457 -0.2608
vn -0.2073 0.9285 -0.3081
vn -0.1669 0.9297 -0.3282
vn -0.1775 0.9091 -0.3768
vn -0.1329 0.9088 -0.3955
vn -0.1409 0.8849 -0.4440
vn -0.0937 0.8826 -0.4606
vn -0.1027 0.8365 -0.5382
vn -0.0013 0.8328 -0.5536
vn -0.0045 0.7770 -0.6295
vn 0.0475 0.7684 -0.6382
vn 0.0468 0.7250 -0.6871
vn 0.0983 0.7146 -0.6926
vn 0.0989 0.6618 -0.7432
vn 0.1481 0.6500 -0.7454
vn 0.1498 0.5834 -0.7982
vn 0.1953 0.5712 -0.7973
vn 0.1978 0.4875 -0.8504
vn 0.1747 0.8728 -0.4557
vn 0.3770 0.8451 -0.3790
vn 0.1347 0.8942 -0.4268
vn 0.1252 0.8655 -0.4850
vn 0.1800 0.8619 -0.4740
vn 0.1696 0.8114 -0.5593
vn 0.2806 0.7963 -0.5358
vn 0.2774 0.7340 -0.6199
vn 0.3330 0.7300 -0.5968
vn 0.3322 0.6752 -0.6587
vn 0.3859 0.6716 -0.6325
vn 0.3866 0.6067 -0.6946
vn 0.4368 0.6042 -0.6665
vn 0.4387 0.5263 -0.7284
vn 0.4840 0.5252 -0.6999
vn 0.4867 0.4422 -0.7534
vn 0.2375 0.4759 -0.8468
vn 0.2405 0.3709 -0.8970
vn -0.4654 0.5035 -0.7279
vn -0.4628 0.4250 -0.7779
vn -0.7144 0.3223 -0.6211
vn -0.7120 0.2471 -0.6572
vn -0.8888 0.1487 -0.4336
vn -0.8875 0.0943 -0.4511
vn -0.9784 0.0312 -0.2043
vn -0.9793 0.0111 -0.2021
vn -0.9827 0.0535 -0.1773
vn -0.9830 0.0643 -0.1721
vn -0.9027 0.1901 -0.3860
vn -0.9040 0.2335 -0.3582
vn -0.9117 0.2194 -0.3474
vn -0.9128 0.2614 -0.3139
vn -0.9210 0.2446 -0.3033
vn -0.9113 0.3737 -0.1728
vn -0.9620 0.1937 -0.1926
vn -0.9681 0.1890 -0.1646
vn -0.9681 0.1884 -0.1653
vn -0.9953 0.0877 -0.0422
vn -0.9942 0.1058 -0.0183
vn -0.5850 0.6377 -0.5011
vn -0.7842 0.4880 -0.3832
vn -0.8024 0.4742 -0.3623
vn -0.9382 0.2778 -0.2062
vn -0.9343 0.3283 -0.1391
vn -0.9807 0.1894 -0.0482
vn -0.9951 0.0910 0.0374
vn -0.0975 0.0939 -0.9908
vn -0.0492 0.0811 -0.9955
vn -0.0511 0.2319 -0.9714
vn -0.0685 0.2359 -0.9694
vn -0.0716 0.3667 -0.9276
vn -0.0984 0.3718 -0.9231
vn -0.1016 0.4796 -0.8716
vn -0.1356 0.4844 -0.8643
vn -0.1383 0.5706 -0.8095
vn -0.1771 0.5741 -0.7994
vn -0.1789 0.6432 -0.7445
vn -0.2202 0.6449 -0.7318
vn -0.2209 0.7005 -0.6786
vn -0.2637 0.7000 -0.6636
vn -0.2631 0.7464 -0.6113
vn -0.3060 0.7436 -0.5945
vn -0.3020 0.8045 -0.5115
vn -0.3849 0.7864 -0.4832
vn -0.3755 0.8375 -0.3971
vn -0.4138 0.8288 -0.3766
vn -0.4045 0.8568 -0.3199
vn -0.4403 0.8467 -0.2987
vn -0.4278 0.8713 -0.2407
vn -0.4600 0.8604 -0.2195
vn -0.4440 0.8813 -0.1618
vn -0.4724 0.8700 -0.1410
vn -0.4427 0.8949 -0.0561
vn -0.5502 0.8349 0.0112
vn -0.9453 -0.0000 -0.3261
vn -0.6682 -0.0000 -0.7440
vn -0.3444 -0.0000 -0.9388
vn -0.0980 -0.0000 -0.9952
vn 0.2782 -0.0000 -0.9605
vn 0.2783 -0.0000 -0.9605
vn 0.7095 -0.0000 -0.7047
vn -0.9952 -0.0879 -0.0427
vn 0.5821 -0.0748 -0.8097
vn 0.4125 -0.7609 -0.5009
vn -0.9214 -0.2784 -0.2712
vn -0.4620 -0.4173 -0.7826
vn -0.4382 -0.4310 -0.7888
vn -0.4348 -0.3213 -0.8412
vn -0.4158 -0.3311 -0.8470
vn -0.4128 -0.2044 -0.8876
vn -0.4005 -0.2099 -0.8919
vn -0.3987 -0.0701 -0.9144
vn -0.3430 -0.0898 -0.9350
vn -0.9824 -0.0451 -0.1814
vn -0.9834 -0.0418 -0.1767
vn -0.9774 -0.0323 -0.2091
vn -0.9789 -0.0280 -0.2023
vn -0.7283 -0.3137 -0.6092
vn -0.7142 -0.3266 -0.6191
vn -0.7116 -0.2422 -0.6595
vn -0.7004 -0.2510 -0.6682
vn -0.6981 -0.1546 -0.6991
vn -0.6908 -0.1592 -0.7053
vn -0.6883 -0.0333 -0.7247
vn -0.6675 -0.0454 -0.7432
vn -0.4921 -0.4929 -0.7175
vn -0.4650 -0.5100 -0.7237
vn -0.7467 -0.3695 -0.5531
vn -0.7306 -0.3859 -0.5633
vn -0.9038 -0.2293 -0.3612
vn -0.9024 -0.1863 -0.3886
vn -0.8957 -0.1970 -0.3987
vn -0.8941 -0.1440 -0.4241
vn -0.8887 -0.1511 -0.4329
vn -0.8873 -0.0921 -0.4519
vn -0.8838 -0.0957 -0.4580
vn -0.8832 -0.0376 -0.4674
vn -0.9761 0.0418 -0.2132
vn -0.9451 -0.0207 -0.3260
vn -0.5843 -0.6310 -0.5103
vn -0.5537 -0.6539 -0.5156
vn -0.5545 -0.5961 -0.5807
vn -0.5243 -0.6176 -0.5862
vn -0.5234 -0.5512 -0.6497
vn -0.9210 -0.2479 -0.3004
vn -0.9882 -0.0879 -0.1252
vn -0.9886 -0.0693 -0.1336
vn -0.8020 -0.4691 -0.3697
vn -0.7837 -0.4926 -0.3785
vn -0.7843 -0.4443 -0.4329
vn -0.7664 -0.4659 -0.4423
vn -0.4942 -0.5709 -0.6556
vn -0.7657 -0.4120 -0.4940
vn -0.7484 -0.4313 -0.5039
vn -0.9126 -0.2570 -0.3178
vn -0.9117 -0.2229 -0.3451
vn -0.9857 -0.0766 -0.1501
vn -0.9851 -0.0580 -0.1619
vn -0.9801 -0.0774 -0.1827
vn -0.9829 -0.0594 -0.1745
vn -0.6828 -0.7205 -0.1208
vn -0.9619 -0.0977 0.2553
vn -0.8263 -0.5587 0.0706
vn -0.8409 -0.5359 0.0755
vn -0.6614 -0.7488 -0.0430
vn -0.6853 -0.7273 -0.0375
vn -0.9941 -0.0971 0.0477
vn -0.9380 -0.2282 0.2609
vn -0.9588 -0.2074 0.1940
vn -0.9618 -0.1362 0.2373
vn -0.9811 -0.1047 0.1630
vn -0.6567 -0.7436 -0.1262
vn -0.8472 -0.5313 -0.0050
vn -0.8312 -0.5559 -0.0105
vn -0.9369 -0.3364 0.0951
vn -0.9538 -0.3002 0.0109
vn -0.9863 -0.1366 0.0927
vn -0.9874 -0.1251 0.0969
vn 0.4152 -0.7736 -0.4787
vn 0.3206 -0.8240 -0.4672
vn 0.2536 -0.8499 -0.4619
vn 0.3177 -0.8370 -0.4455
vn 0.3238 -0.8490 -0.4176
vn 0.0835 -0.9578 -0.2751
vn -0.2998 -0.9471 -0.1144
vn -0.4750 -0.8671 -0.1500
vn -0.4415 -0.8838 -0.1552
vn -0.4619 -0.8567 -0.2295
vn -0.4252 -0.8744 -0.2335
vn -0.4462 -0.8306 -0.3332
vn -0.6793 -0.6941 -0.2382
vn -0.6235 -0.7385 -0.2566
vn -0.8525 -0.5095 -0.1171
vn -0.8187 -0.5578 -0.1364
vn -0.9396 -0.3419 -0.0173
vn -0.9511 -0.2874 -0.1132
vn -0.9849 -0.1691 -0.0360
vn -0.9935 -0.1132 -0.0095
vn 0.7132 -0.2634 -0.6496
vn 0.7654 -0.2608 -0.5883
vn 0.7678 -0.1699 -0.6178
vn 0.7560 -0.1681 -0.6326
vn 0.8119 -0.0609 -0.5806
vn 0.7091 -0.0352 -0.7042
vn 0.7724 -0.3444 -0.5337
vn 0.6206 -0.4794 -0.6205
vn 0.6629 -0.4523 -0.5967
vn 0.6611 -0.5108 -0.5496
vn 0.6844 -0.4947 -0.5356
vn 0.5476 -0.6093 -0.5735
vn 0.5663 -0.5978 -0.5674
vn 0.5667 -0.6343 -0.5259
vn 0.5970 -0.6234 -0.5050
vn 0.3516 -0.7683 -0.5348
vn 0.3223 -0.7744 -0.5445
vn 0.3776 -0.7654 -0.5212
vn 0.5803 -0.2035 -0.7886
vn 0.5613 -0.2004 -0.8030
vn 0.5586 -0.3253 -0.7630
vn 0.5288 -0.3229 -0.7849
vn 0.5257 -0.4323 -0.7327
vn 0.2777 -0.0624 -0.9586
vn 0.2960 -0.0682 -0.9527
vn 0.2943 -0.2317 -0.9272
vn 0.2746 -0.2270 -0.9344
vn 0.2715 -0.3679 -0.8893
vn 0.2410 -0.3616 -0.9006
vn 0.2375 -0.4840 -0.8422
vn 0.1987 -0.4768 -0.8562
vn 0.1956 -0.5800 -0.7908
vn 0.1506 -0.5725 -0.8060
vn 0.1484 -0.6585 -0.7378
vn 0.0994 -0.6507 -0.7528
vn 0.0986 -0.7228 -0.6840
vn 0.0477 -0.7147 -0.6978
vn 0.0485 -0.7759 -0.6290
vn -0.0037 -0.7676 -0.6410
vn -0.0002 -0.8321 -0.5547
vn 0.7403 -0.2976 -0.6028
vn 0.7379 -0.3514 -0.5762
vn 0.4874 -0.4314 -0.7592
vn 0.4852 -0.5141 -0.7073
vn 0.4393 -0.5355 -0.7213
vn 0.4379 -0.5930 -0.6757
vn 0.3872 -0.6157 -0.6863
vn 0.3867 -0.6612 -0.6428
vn 0.3335 -0.6836 -0.6492
vn 0.3340 -0.7204 -0.6078
vn 0.2794 -0.7416 -0.6098
vn 0.2817 -0.7883 -0.5471
vn 0.1716 -0.8180 -0.5490
vn 0.1817 -0.8676 -0.4628
vn -0.4425 -0.8950 -0.0562
vn -0.6252 -0.7781 0.0606
vn -0.6472 -0.7591 0.0702
vn -0.8476 -0.4835 0.2186
vn -0.7970 -0.5713 0.1957
vn -0.9340 -0.1460 0.3260
vn -0.9088 -0.2766 0.3124
vn 0.0338 -0.9641 -0.2633
vn -0.2059 -0.9638 -0.1694
vn -0.2333 -0.9399 -0.2495
vn -0.1913 -0.9483 -0.2531
vn -0.2094 -0.9244 -0.3188
vn -0.1641 -0.9331 -0.3200
vn -0.1830 -0.8945 -0.4079
vn -0.3708 -0.8538 -0.3655
vn -0.3846 -0.7858 -0.4844
vn -0.6395 -0.6601 -0.3941
vn -0.5790 -0.7032 -0.4126
vn -0.8336 -0.4862 -0.2624
vn -0.7970 -0.5327 -0.2846
vn -0.9346 -0.3248 -0.1449
vn -0.9381 -0.2777 -0.2072
vn -0.9681 -0.1874 -0.1660
vn -0.9677 -0.2013 -0.1518
vn -0.9911 -0.0974 -0.0903
vn -0.9910 -0.0785 -0.1084
vn -0.0977 -0.0796 -0.9920
vn -0.0492 -0.0901 -0.9947
vn -0.0510 -0.2356 -0.9705
vn -0.0681 -0.2301 -0.9708
vn -0.0714 -0.3725 -0.9253
vn -0.0979 -0.3635 -0.9265
vn -0.1016 -0.4867 -0.8676
vn -0.1347 -0.4748 -0.8697
vn -0.1380 -0.5785 -0.8039
vn -0.1761 -0.5643 -0.8065
vn -0.1784 -0.6509 -0.7379
vn -0.2196 -0.6350 -0.7407
vn -0.2204 -0.7078 -0.6711
vn -0.2630 -0.6907 -0.6736
vn -0.2622 -0.7532 -0.6033
vn -0.3054 -0.7352 -0.6052
vn -0.3011 -0.8040 -0.5128
vn -0.1022 -0.8359 -0.5393
vn -0.0898 -0.8969 -0.4330
vn 0.0792 -0.8900 -0.4490
vn 0.0946 -0.9209 -0.3783
vn 0.1623 -0.9135 -0.3730
vn 0.1685 -0.9215 -0.3500
vn 0.0962 -0.9269 -0.3629
vn -0.0236 -0.9034 -0.4280
vn 0.2403 -0.8973 -0.3702
vn 0.2498 -0.9057 -0.3424
vn -0.2646 -0.9635 -0.0413
vn 0.0308 -0.9909 -0.1313
vn 0.0547 -0.9827 -0.1772
vn 0.0317 -0.9789 -0.2021
vn 0.0769 -0.9743 -0.2116
vn 0.0932 -0.9624 -0.2551
vn -0.8688 -0.2699 0.4152
vn -0.8291 -0.1742 0.5312
vn -0.8199 -0.3191 0.4754
vn -0.7906 -0.1289 0.5986
vn -0.7791 -0.3315 0.5321
vn -0.0014 -0.9958 -0.0911
vn 0.0145 -0.9958 -0.0906
vn -0.0242 -0.9988 -0.0424
vn -0.6005 -0.7397 0.3038
vn -0.4298 -0.8859 0.1744
vn -0.3585 -0.9236 0.1359
vn -0.3364 -0.9269 0.1663
vn -0.3540 -0.9159 0.1893
vn -0.3336 -0.9181 0.2143
vn -0.3553 -0.9022 0.2446
vn -0.7505 -0.2049 0.6283
vn -0.7313 -0.2721 0.6255
vn -0.7681 -0.1814 0.6141
vn 0.0141 -0.9907 -0.1351
vn -0.2377 -0.9709 0.0290
vn -0.2753 -0.9608 -0.0325
vn -0.4744 -0.8745 0.1016
vn -0.5786 -0.8001 0.1584
vn -0.6491 -0.7270 0.2240
vn -0.7921 -0.5096 0.3359
vn -0.8718 -0.1749 0.4577
vn -0.7830 -0.5326 0.3214
vn -0.7256 -0.5478 0.4164
vn -0.6714 -0.6336 0.3844
vn -0.6357 -0.6390 0.4332
vn -0.6470 -0.6243 0.4378
vn -0.6095 -0.6282 0.4836
vn -0.6221 -0.6114 0.4890
vn 0.5791 -0.0499 0.8137
vn -0.0210 -0.9990 -0.0389
vn -0.3372 -0.9034 0.2647
vn -0.7201 -0.2069 0.6623
vn 0.3139 -0.8271 0.4661
vn 0.3874 -0.7418 0.5475
vn 0.3880 -0.7420 0.5467
vn 0.4537 -0.6397 0.6205
vn 0.4518 -0.6390 0.6225
vn 0.5053 -0.5269 0.6834
vn 0.5017 -0.5257 0.6870
vn 0.5428 -0.4076 0.7343
vn 0.5387 -0.4062 0.7381
vn 0.5680 -0.2849 0.7722
vn 0.5644 -0.2837 0.7752
vn 0.5826 -0.1616 0.7965
vn 0.5802 -0.1608 0.7984
vn 0.5879 -0.0467 0.8076
vn 0.1934 -0.0469 0.9800
vn -0.0597 -0.9978 0.0299
vn -0.0503 -0.9980 0.0389
vn -0.0864 -0.9925 0.0861
vn -0.0665 -0.9923 0.1048
vn -0.0836 -0.9882 0.1280
vn -0.0635 -0.9872 0.1465
vn -0.0554 -0.9891 0.1367
vn -0.0289 -0.9865 0.1615
vn -0.0257 -0.9873 0.1571
vn -0.0007 -0.9835 0.1807
vn 0.0025 -0.9843 0.1766
vn 0.0345 -0.9776 0.2075
vn 0.0378 -0.9784 0.2034
vn 0.0805 -0.9660 0.2456
vn 0.0841 -0.9668 0.2413
vn 0.1418 -0.9434 0.2999
vn 0.1449 -0.9441 0.2963
vn 0.2014 -0.9126 0.3557
vn 0.2028 -0.9130 0.3539
vn 0.2494 -0.8803 0.4037
vn 0.2447 -0.8787 0.4098
vn 0.2769 -0.8587 0.4313
vn 0.3116 -0.8264 0.4689
vn -0.6149 -0.0100 0.7885
vn -0.6163 -0.0322 0.7868
vn -0.6150 -0.0329 0.7878
vn -0.6186 -0.0566 0.7837
vn -0.6164 -0.0582 0.7852
vn -0.6219 -0.0810 0.7789
vn -0.6193 -0.0834 0.7807
vn -0.6267 -0.1047 0.7722
vn -0.6239 -0.1081 0.7740
vn -0.6330 -0.1272 0.7637
vn -0.6304 -0.1310 0.7652
vn -0.6409 -0.1474 0.7533
vn -0.6388 -0.1515 0.7543
vn -0.6497 -0.1641 0.7422
vn -0.6483 -0.1677 0.7427
vn -0.6555 -0.1739 0.7349
vn -0.6545 -0.1774 0.7350
vn -0.6587 -0.1803 0.7305
vn -0.6580 -0.1832 0.7304
vn -0.6613 -0.1851 0.7269
vn -0.6602 -0.1890 0.7269
vn -0.6619 -0.1897 0.7252
vn -0.6614 -0.1918 0.7251
vn -0.6612 -0.1929 0.7250
vn -0.6601 -0.1927 0.7261
vn -0.6600 -0.1931 0.7260
vn -0.6589 -0.1930 0.7271
vn -0.6589 -0.1929 0.7271
vn -0.6592 -0.1929 0.7268
vn -0.6594 -0.1917 0.7270
vn -0.6653 -0.1919 0.7215
vn -0.6650 -0.1952 0.7208
vn -0.6772 -0.1954 0.7094
vn -0.6769 -0.2025 0.7077
vn -0.6951 -0.2020 0.6899
vn -0.6949 -0.2077 0.6884
vn -0.7202 -0.2063 0.6623
vn -0.5945 -0.6134 0.5200
vn -0.6015 -0.6029 0.5242
vn -0.5756 -0.6044 0.5508
vn -0.5812 -0.5899 0.5605
vn -0.5607 -0.5905 0.5804
vn -0.5679 -0.5711 0.5927
vn -0.5498 -0.5709 0.6098
vn -0.5533 -0.5614 0.6154
vn -0.5402 -0.5607 0.6275
vn -0.5384 -0.5649 0.6253
vn -0.5271 -0.5638 0.6359
vn -0.5265 -0.5653 0.6350
vn -0.5169 -0.5638 0.6441
vn -0.5164 -0.5650 0.6435
vn -0.5038 -0.5624 0.6556
vn -0.5035 -0.5632 0.6552
vn -0.4855 -0.5581 0.6730
vn -0.4853 -0.5583 0.6728
vn -0.4595 -0.5480 0.6989
vn -0.4600 -0.5472 0.6993
vn -0.4335 -0.5321 0.7273
vn -0.4341 -0.5310 0.7277
vn -0.4103 -0.5143 0.7531
vn -0.4112 -0.5127 0.7537
vn -0.3799 -0.4853 0.7875
vn -0.3806 -0.4842 0.7878
vn -0.3403 -0.4376 0.8323
vn -0.3421 -0.4356 0.8326
vn -0.3055 -0.3786 0.8737
vn -0.3087 -0.3755 0.8739
vn -0.2785 -0.3121 0.9083
vn -0.2823 -0.3089 0.9082
vn -0.2587 -0.2412 0.9353
vn -0.2626 -0.2386 0.9349
vn -0.2457 -0.1683 0.9546
vn -0.2489 -0.1666 0.9541
vn -0.2383 -0.0953 0.9665
vn -0.2402 -0.0945 0.9661
vn -0.2363 -0.0324 0.9711
vn -0.6074 -0.0075 0.7944
vn -0.3518 -0.8949 0.2746
vn -0.3330 -0.8960 0.2939
vn -0.3498 -0.8814 0.3173
vn -0.3312 -0.8820 0.3353
vn -0.3531 -0.8610 0.3662
vn -0.3322 -0.8607 0.3858
vn -0.3425 -0.8500 0.4003
vn -0.3243 -0.8490 0.4171
vn -0.3193 -0.8538 0.4112
vn -0.2985 -0.8517 0.4306
vn -0.2965 -0.8538 0.4280
vn -0.2774 -0.8510 0.4460
vn -0.2756 -0.8527 0.4438
vn -0.2509 -0.8476 0.4675
vn -0.2491 -0.8493 0.4654
vn -0.2155 -0.8397 0.4985
vn -0.2136 -0.8413 0.4965
vn -0.1673 -0.8227 0.5433
vn -0.1660 -0.8238 0.5421
vn -0.1201 -0.7980 0.5906
vn -0.1198 -0.7983 0.5903
vn -0.0800 -0.7702 0.6327
vn -0.0799 -0.7703 0.6326
vn -0.0292 -0.7257 0.6874
vn -0.0282 -0.7264 0.6867
vn 0.0349 -0.6532 0.7564
vn 0.0344 -0.6528 0.7567
vn 0.0911 -0.5644 0.8204
vn 0.0883 -0.5627 0.8220
vn 0.1347 -0.4652 0.8749
vn 0.1307 -0.4629 0.8767
vn 0.1665 -0.3597 0.9181
vn 0.1621 -0.3575 0.9197
vn 0.1877 -0.2513 0.9495
vn 0.1838 -0.2496 0.9507
vn 0.1998 -0.1423 0.9695
vn 0.1973 -0.1415 0.9701
vn 0.2038 -0.0437 0.9780
vn -0.2269 -0.0298 0.9735
vn -0.0478 -0.9986 -0.0210
vn -0.0422 -0.9990 -0.0152
vn -0.0483 -0.9988 0.0109
vn -0.0866 -0.9955 0.0381
vn -0.0631 -0.9976 0.0278
vn -0.7196 0.2274 0.6561
vn -0.5867 0.6298 0.5090
vn -0.3278 0.9120 0.2467
vn -0.0422 0.9990 -0.0157
vn -0.0084 0.9984 -0.0566
vn 0.5787 0.0611 0.8132
vn 0.5879 0.0584 0.8068
vn 0.5778 0.1839 0.7952
vn 0.5807 0.1831 0.7932
vn 0.5603 0.3064 0.7695
vn 0.5647 0.3053 0.7668
vn 0.5329 0.4279 0.7300
vn 0.5377 0.4269 0.7271
vn 0.4941 0.5456 0.6769
vn 0.4983 0.5448 0.6745
vn 0.4425 0.6564 0.6110
vn 0.4445 0.6561 0.6098
vn 0.3775 0.7561 0.5347
vn 0.3759 0.7562 0.5356
vn 0.3039 0.8364 0.4562
vn 0.3012 0.8366 0.4577
vn 0.2447 0.8848 0.3965
vn 0.2431 0.8849 0.3974
vn 0.1971 0.9164 0.3484
vn 0.1951 0.9164 0.3495
vn 0.1409 0.9458 0.2926
vn 0.1370 0.9455 0.2954
vn 0.0816 0.9675 0.2393
vn 0.0771 0.9671 0.2426
vn 0.0362 0.9787 0.2023
vn 0.0320 0.9781 0.2055
vn 0.0015 0.9844 0.1761
vn -0.0025 0.9838 0.1793
vn -0.0261 0.9873 0.1569
vn -0.0305 0.9866 0.1605
vn -0.0555 0.9890 0.1371
vn -0.0645 0.9872 0.1456
vn -0.0866 0.9884 0.1250
vn -0.0633 0.9923 0.1060
vn -0.0914 0.9926 0.0796
vn -0.0452 0.9980 0.0434
vn -0.0592 0.9978 0.0298
vn -0.0625 0.9977 0.0273
vn -0.0673 0.9973 0.0293
vn -0.0454 0.9990 -0.0019
vn -0.0420 0.9990 -0.0155
vn -0.3497 0.8951 0.2765
vn -0.3299 0.8961 0.2968
vn -0.3532 0.8814 0.3137
vn -0.3273 0.8821 0.3388
vn -0.3571 0.8615 0.3610
vn -0.3298 0.8612 0.3867
vn -0.3449 0.8501 0.3980
vn -0.3251 0.8491 0.4164
vn -0.3193 0.8537 0.4113
vn -0.2996 0.8518 0.4298
vn -0.2968 0.8537 0.4279
vn -0.2788 0.8511 0.4449
vn -0.2763 0.8527 0.4433
vn -0.2528 0.8479 0.4659
vn -0.2503 0.8495 0.4644
vn -0.2181 0.8404 0.4962
vn -0.2156 0.8419 0.4947
vn -0.1710 0.8243 0.5397
vn -0.1692 0.8252 0.5388
vn -0.1250 0.8010 0.5855
vn -0.1244 0.8012 0.5854
vn -0.0860 0.7749 0.6262
vn -0.0858 0.7749 0.6262
vn -0.0379 0.7341 0.6780
vn -0.0368 0.7344 0.6777
vn 0.0253 0.6654 0.7461
vn 0.0252 0.6654 0.7461
vn 0.0834 0.5786 0.8113
vn 0.0803 0.5782 0.8119
vn 0.1290 0.4808 0.8673
vn 0.1241 0.4807 0.8681
vn 0.1624 0.3766 0.9120
vn 0.1571 0.3768 0.9129
vn 0.1849 0.2692 0.9452
vn 0.1804 0.2697 0.9459
vn 0.1982 0.1613 0.9668
vn 0.1954 0.1618 0.9673
vn 0.2040 0.0536 0.9775
vn 0.1932 0.0561 0.9796
vn -0.5978 0.6033 0.5279
vn -0.5740 0.6045 0.5523
vn -0.5832 0.5899 0.5584
vn -0.5587 0.5906 0.5823
vn -0.5704 0.5716 0.5898
vn -0.5487 0.5713 0.6103
vn -0.5547 0.5615 0.6140
vn -0.5407 0.5608 0.6270
vn -0.5384 0.5648 0.6254
vn -0.5277 0.5637 0.6354
vn -0.5266 0.5653 0.6349
vn -0.5175 0.5640 0.6435
vn -0.5168 0.5650 0.6432
vn -0.5047 0.5625 0.6548
vn -0.5041 0.5633 0.6546
vn -0.4867 0.5585 0.6717
vn -0.4865 0.5587 0.6717
vn -0.4614 0.5489 0.6971
vn -0.4620 0.5482 0.6972
vn -0.4361 0.5337 0.7245
vn -0.4370 0.5330 0.7245
vn -0.4135 0.5170 0.7495
vn -0.4150 0.5160 0.7494
vn -0.3848 0.4905 0.7819
vn -0.3861 0.4898 0.7817
vn -0.3459 0.4453 0.8259
vn -0.3480 0.4443 0.8255
vn -0.3100 0.3876 0.8681
vn -0.3139 0.3863 0.8673
vn -0.2819 0.3222 0.9037
vn -0.2865 0.3212 0.9026
vn -0.2612 0.2523 0.9317
vn -0.2657 0.2518 0.9306
vn -0.2472 0.1802 0.9520
vn -0.2510 0.1802 0.9511
vn -0.2391 0.1079 0.9650
vn -0.2415 0.1082 0.9643
vn -0.2359 0.0384 0.9710
vn -0.2269 0.0365 0.9732
vn -0.7203 0.2063 0.6623
vn -0.6946 0.2078 0.6888
vn -0.6959 0.2020 0.6892
vn -0.6765 0.2025 0.7081
vn -0.6781 0.1956 0.7085
vn -0.6649 0.1954 0.7209
vn -0.6658 0.1919 0.7211
vn -0.6595 0.1916 0.7269
vn -0.6592 0.1929 0.7268
vn -0.6589 0.1929 0.7271
vn -0.6599 0.1931 0.7261
vn -0.6601 0.1927 0.7261
vn -0.6611 0.1929 0.7251
vn -0.6614 0.1919 0.7250
vn -0.6613 0.1918 0.7252
vn -0.6621 0.1900 0.7250
vn -0.6600 0.1892 0.7271
vn -0.6617 0.1857 0.7264
vn -0.6578 0.1836 0.7304
vn -0.6594 0.1813 0.7296
vn -0.6545 0.1780 0.7348
vn -0.6566 0.1754 0.7336
vn -0.6490 0.1690 0.7418
vn -0.6514 0.1665 0.7403
vn -0.6396 0.1535 0.7532
vn -0.6427 0.1511 0.7511
vn -0.6310 0.1336 0.7642
vn -0.6345 0.1315 0.7616
vn -0.6243 0.1110 0.7733
vn -0.6280 0.1095 0.7705
vn -0.6196 0.0868 0.7801
vn -0.6229 0.0860 0.7776
vn -0.6167 0.0619 0.7848
vn -0.6192 0.0617 0.7828
vn -0.6151 0.0369 0.7876
vn -0.6166 0.0371 0.7864
vn -0.6147 0.0123 0.7887
vn -0.6073 0.0105 0.7944
vn -0.4298 0.8859 0.1743
vn -0.7151 0.6418 0.2769
vn -0.6470 0.6243 0.4378
vn -0.7903 0.1980 0.5798
vn -0.8270 0.2216 0.5167
vn -0.8662 0.2233 0.4470
vn -0.8647 0.2737 0.4212
vn -0.8895 0.2280 0.3959
vn 0.0062 0.9797 -0.2004
vn 0.0854 0.9800 -0.1795
vn -0.0310 0.9906 -0.1333
vn 0.0631 0.9883 -0.1387
vn -0.0385 0.9955 -0.0869
vn -0.6126 0.6280 0.4799
vn -0.6126 0.6280 0.4800
vn -0.7449 0.2257 0.6278
vn -0.6006 0.7396 0.3038
vn -0.6714 0.6336 0.3844
vn -0.6357 0.6389 0.4332
vn -0.7792 0.2375 0.5801
vn -0.7531 0.1944 0.6285
vn 0.0143 0.9955 -0.0941
vn -0.0119 0.9982 -0.0582
vn -0.0098 0.9983 -0.0581
vn -0.8202 0.2459 0.5165
vn -0.7256 0.5478 0.4164
vn -0.7917 0.5294 0.3048
vn -0.6498 0.7267 0.2229
vn -0.5005 0.8581 0.1148
vn -0.4746 0.8744 0.1012
vn -0.2312 0.9711 -0.0586
vn 0.1376 0.9628 -0.2327
vn -0.2803 0.9591 -0.0408
vn -0.2377 0.9709 0.0290
vn -0.3585 0.9236 0.1359
vn -0.3364 0.9269 0.1662
vn -0.3541 0.9159 0.1893
vn -0.3310 0.9182 0.2174
vn -0.3410 0.9110 0.2319
vn 0.7148 0.3700 -0.5934
vn 0.7104 0.3742 -0.5960
vn 0.6519 0.4487 -0.6114
vn 0.7615 0.1336 -0.6343
vn 0.7567 0.1491 -0.6365
vn 0.7557 0.1617 -0.6347
vn 0.7524 0.1865 -0.6318
vn 0.7524 0.2152 -0.6225
vn 0.7343 0.2455 -0.6329
vn 0.7286 0.2921 -0.6195
vn 0.7179 0.3113 -0.6227
vn 0.7108 0.3479 -0.6113
vn 0.7632 0.0547 -0.6439
vn 0.7554 0.0409 -0.6540
vn 0.7965 0.0753 -0.6000
vn 0.7815 0.0168 -0.6237
vn 0.7560 -0.0000 -0.6546
vn 0.7816 -0.0000 -0.6238
vn 0.7549 -0.0547 -0.6536
vn 0.7577 -0.1331 -0.6389
vn 0.7727 -0.0458 -0.6331
vn 0.7812 -0.0296 -0.6235
vn 0.7578 -0.1337 -0.6386
vn 0.7557 -0.1617 -0.6347
vn 0.7537 -0.1771 -0.6329
vn 0.7514 -0.2008 -0.6285
vn 0.7532 -0.2152 -0.6216
vn 0.7266 -0.2677 -0.6328
vn 0.7288 -0.3096 -0.6108
vn 0.7256 -0.2921 -0.6230
vn 0.7149 -0.3274 -0.6178
vn 0.7072 -0.3647 -0.6058
vn 0.7128 -0.3700 -0.5958
vn 0.6531 -0.4487 -0.6100
vn 0.7141 -0.0000 -0.7000
vn 0.7338 -0.0000 -0.6794
vn 0.9877 -0.0000 -0.1562
vn 0.9882 0.0138 -0.1528
vn 0.9830 -0.0115 -0.1832
vn 0.9792 -0.0000 -0.2031
vn 0.6956 -0.0549 -0.7163
vn 0.5115 -0.6653 -0.5438
vn 0.5585 -0.5937 -0.5793
vn 0.5721 -0.5800 -0.5799
vn 0.5777 -0.5234 -0.6263
vn 0.5892 -0.5115 -0.6255
vn 0.6321 -0.4240 -0.6486
vn 0.6129 -0.4394 -0.6567
vn 0.6596 -0.3222 -0.6790
vn 0.6416 -0.3383 -0.6884
vn 0.6726 -0.2436 -0.6988
vn 0.6813 -0.2298 -0.6950
vn 0.6704 -0.1637 -0.7237
vn 0.6936 -0.1179 -0.7107
vn 0.6742 -0.0394 -0.7375
vn 0.6808 -0.0317 -0.7318
vn 0.6811 -0.0000 -0.7321
vn 0.6967 -0.0000 -0.7174
vn 0.6967 -0.0000 -0.7173
vn 0.6957 0.0549 -0.7163
vn 0.6805 0.0438 -0.7315
vn 0.6721 0.0316 -0.7398
vn 0.7026 0.1639 -0.6925
vn 0.6608 0.1177 -0.7412
vn 0.6831 0.2437 -0.6884
vn 0.6765 0.2298 -0.6997
vn 0.6475 0.3220 -0.6907
vn 0.6539 0.3386 -0.6766
vn 0.6199 0.4237 -0.6604
vn 0.6250 0.4396 -0.6450
vn 0.5826 0.5236 -0.6217
vn 0.5785 0.5111 -0.6357
vn 0.5702 0.5938 -0.5677
vn 0.5666 0.5799 -0.5853
vn 0.5225 0.6496 -0.5523
vn 0.5318 0.6657 -0.5235
vn 0.9780 -0.0000 -0.2086
vn 0.9834 -0.0287 -0.1792
vn 0.9844 -0.0000 -0.1761
vn 0.6554 -0.0000 -0.7553
vn 0.6669 -0.0000 -0.7451
vn 0.6033 -0.2302 -0.7636
vn 0.5323 -0.5727 -0.6235
vn 0.5077 -0.6210 -0.5972
vn 0.4725 -0.6430 -0.6027
vn 0.5152 -0.6778 -0.5246
vn 0.4333 -0.7116 -0.5531
vn 0.4505 -0.7610 -0.4668
vn 0.4398 -0.7643 -0.4716
vn 0.5253 -0.5693 -0.6324
vn 0.5740 -0.4901 -0.6560
vn 0.5917 -0.4842 -0.6445
vn 0.5741 -0.4067 -0.7106
vn 0.6326 -0.3803 -0.6747
vn 0.6180 -0.1385 -0.7739
vn 0.6509 -0.1574 -0.7427
vn 0.6275 -0.2110 -0.7495
vn 0.6472 -0.0591 -0.7600
vn 0.6887 -0.0444 -0.7237
vn 0.4132 -0.0511 -0.9092
vn 0.7763 -0.1290 -0.6170
vn 0.8440 -0.1320 -0.5198
vn 0.3668 -0.1867 -0.9114
vn 0.7254 -0.2285 -0.6493
vn 0.5057 -0.3017 -0.8083
vn 0.4314 -0.7645 -0.4790
vn 0.4195 -0.7373 -0.5295
vn 0.4858 -0.7114 -0.5078
vn 0.4441 -0.6625 -0.6032
vn 0.5230 -0.6430 -0.5595
vn 0.5028 -0.5758 -0.6446
vn 0.5412 -0.5693 -0.6189
vn 0.5642 -0.4849 -0.6683
vn 0.5188 -0.4892 -0.7011
vn 0.6378 -0.3998 -0.6583
vn 0.5763 -0.4068 -0.7088
vn 0.6344 -0.3198 -0.7037
vn 0.5869 -0.3197 -0.7439
vn 0.6604 -0.2773 -0.6978
vn 0.6461 0.0453 -0.7619
vn 0.5984 0.0259 -0.8008
vn 0.7097 0.1380 -0.6908
vn 0.6719 0.1270 -0.7296
vn 0.6152 0.2303 -0.7540
vn 0.6943 0.2727 -0.6661
vn 0.5959 0.3198 -0.7366
vn 0.6199 0.4067 -0.6711
vn 0.6425 0.4143 -0.6446
vn 0.5393 0.4898 -0.6850
vn 0.6281 0.5646 -0.5355
vn 0.5472 0.5474 -0.6332
vn 0.4935 0.6433 -0.5853
vn 0.5429 0.6643 -0.5138
vn 0.4335 0.7116 -0.5528
vn 0.4530 0.7639 -0.4596
vn 0.4450 0.7609 -0.4722
vn 0.6490 0.0458 -0.7594
vn 0.7033 0.0439 -0.7096
vn 0.5833 0.1381 -0.8004
vn 0.4533 0.1390 -0.8805
vn 0.7472 0.2273 -0.6246
vn 0.4533 0.2463 -0.8566
vn 0.7244 0.3163 -0.6126
vn 0.4727 0.3510 -0.8083
vn 0.6673 0.4049 -0.6252
vn 0.5290 0.4457 -0.7222
vn 0.6252 0.4886 -0.6086
vn 0.4836 0.5271 -0.6987
vn 0.5751 0.5685 -0.5883
vn 0.4650 0.6183 -0.6336
vn 0.5204 0.6431 -0.5618
vn 0.4741 0.6786 -0.5611
vn 0.4784 0.7117 -0.5144
vn 0.4160 0.7293 -0.5432
vn 0.4314 0.7645 -0.4790
vn 0.6485 -0.0000 -0.7612
vn 0.6498 0.0001 -0.7601
vn 0.6476 -0.0000 -0.7620
vn 0.6473 -0.0000 -0.7622
vn 0.4514 0.7606 -0.4666
vn 0.3672 0.7759 -0.5130
vn 0.4520 0.7237 -0.5215
vn 0.4538 0.6592 -0.5996
vn 0.4682 0.6671 -0.5794
vn 0.5351 0.5759 -0.6180
vn 0.5084 0.5472 -0.6649
vn 0.5844 0.4805 -0.6539
vn 0.5568 0.4157 -0.7191
vn 0.5952 0.3869 -0.7043
vn 0.6077 0.3354 -0.7199
vn 0.6062 0.2745 -0.7465
vn 0.6082 0.2732 -0.7453
vn 0.6552 0.1271 -0.7447
vn 0.5927 0.1625 -0.7888
vn 0.6414 0.0793 -0.7631
vn 0.6431 0.0260 -0.7654
vn 0.6446 0.0229 -0.7642
vn 0.6425 -0.0000 -0.7663
vn 0.6418 0.0003 -0.7669
vn 0.9151 -0.0000 -0.4032
vn 0.9179 0.0026 -0.3968
vn 0.9212 -0.0000 -0.3890
vn 0.9362 -0.0002 -0.3514
vn 0.9332 -0.0219 -0.3588
vn 0.9419 -0.0000 -0.3359
vn 0.6957 0.0001 0.7184
vn 0.9419 -0.0000 -0.3360
vn 0.9375 0.0112 -0.3477
vn 0.9305 0.0001 -0.3663
vn 0.9212 -0.0001 -0.3890
vn 0.9179 -0.0026 -0.3968
vn 0.4656 -0.6800 -0.5664
vn 0.4264 -0.7567 -0.4956
vn 0.6418 -0.0002 -0.7669
vn 0.6326 -0.0060 -0.7744
vn 0.6643 -0.0000 -0.7475
vn 0.6564 -0.2774 -0.7016
vn 0.6313 -0.2110 -0.7463
vn 0.6406 -0.1223 -0.7581
vn 0.7299 -0.1559 -0.6655
vn 0.6126 -0.0591 -0.7882
vn 0.6385 -0.2702 -0.7206
vn 0.5681 -0.4125 -0.7121
vn 0.6771 -0.3781 -0.6313
vn 0.5213 -0.6774 -0.5190
vn 0.5058 -0.6210 -0.5988
vn 0.5401 -0.5450 -0.6413
vn 0.6169 -0.5679 -0.5448
vn 0.5310 -0.4845 -0.6952
vn 0.3881 -0.8020 -0.4540
vn 0.4026 -0.7620 -0.5073
vn 0.4241 -0.7566 -0.4977
vn 0.4783 -0.6656 -0.5728
vn 0.3581 -0.6587 -0.6617
vn 0.5324 -0.4119 -0.7396
vn 0.5936 -0.4994 -0.6311
vn 0.4390 -0.5413 -0.7171
vn 0.5258 -0.5759 -0.6260
vn 0.5036 -0.6232 -0.5984
vn 0.6367 -0.0078 -0.7711
vn 0.6465 -0.0941 -0.7571
vn 0.5879 -0.1222 -0.7996
vn 0.6592 -0.2021 -0.7243
vn 0.5628 -0.2699 -0.7813
vn 0.6219 -0.3023 -0.7224
vn 0.5810 -0.3998 -0.7089
vn -0.6960 0.0003 -0.7181
vn -0.6957 -0.0002 -0.7183
vn 0.6242 -0.0006 -0.7812
vn 0.2612 -0.8277 -0.4967
vn 0.3631 -0.6858 -0.6308
vn 0.4100 -0.7564 -0.5096
vn 0.3844 -0.7909 -0.4761
vn 0.4658 -0.5845 -0.6644
vn 0.5256 -0.4168 -0.7417
vn 0.5463 -0.4932 -0.6770
vn 0.5293 -0.5397 -0.6546
vn 0.6010 -0.3142 -0.7349
vn 0.5686 -0.2776 -0.7743
vn 0.6303 -0.0124 -0.7762
vn 0.6098 -0.1028 -0.7859
vn 0.5985 -0.1109 -0.7934
vn 0.6188 -0.1766 -0.7654
vn 0.6123 -0.2289 -0.7568
vn 0.6196 -0.0005 -0.7849
vn 0.6161 -0.0030 -0.7876
vn 0.6153 -0.0029 -0.7883
vn 0.6461 -0.0110 -0.7632
vn 0.5856 -0.3865 -0.7125
vn 0.5975 -0.3360 -0.7281
vn 0.6701 -0.2770 -0.6887
vn 0.6325 -0.2621 -0.7289
vn 0.5982 -0.1109 -0.7936
vn 0.7912 -0.1559 -0.5913
vn 0.6456 -0.0717 -0.7603
vn 0.5584 -0.4376 -0.7047
vn 0.6358 -0.4360 -0.6369
vn 0.6199 -0.4231 -0.6608
vn 0.5561 -0.5848 -0.5906
vn 0.5333 -0.5712 -0.6240
vn 0.5470 -0.4768 -0.6881
vn 0.5006 -0.7455 -0.4401
vn 0.4770 -0.7029 -0.5276
vn 0.4671 -0.6761 -0.5699
vn 0.4891 -0.6345 -0.5985
vn 0.4972 -0.6105 -0.6165
vn 0.4382 -0.7167 -0.5425
vn 0.4340 -0.7167 -0.5459
vn 0.3654 -0.8226 -0.4357
vn 0.3905 -0.8140 -0.4301
vn 0.3214 0.8588 -0.3990
vn 0.6196 0.0005 -0.7849
vn 0.6138 0.1028 -0.7827
vn 0.6014 0.1122 -0.7910
vn 0.6190 0.1751 -0.7656
vn 0.6125 0.2275 -0.7570
vn 0.5644 0.4198 -0.7108
vn 0.5624 0.4208 -0.7118
vn 0.3833 0.5954 -0.7061
vn 0.5355 0.5247 -0.6618
vn 0.5520 0.4777 -0.6835
vn 0.3738 0.8135 -0.4455
vn 0.4032 0.8033 -0.4383
vn 0.4062 0.7670 -0.4967
vn 0.4418 0.6920 -0.5709
vn 0.5369 0.6661 -0.5177
vn 0.4312 0.7309 -0.5291
vn 0.3737 0.8405 -0.3923
vn 0.2183 0.7395 -0.6368
vn 0.4048 0.8032 -0.4369
vn 0.4258 0.6949 -0.5795
vn 0.4186 0.6913 -0.5890
vn 0.5715 0.5557 -0.6038
vn 0.5395 0.5566 -0.6318
vn 0.5868 0.5759 -0.5692
vn 0.6520 0.2754 -0.7064
vn 0.6129 0.2758 -0.7405
vn 0.5334 0.3101 -0.7870
vn 0.6652 0.2714 -0.6956
vn 0.5967 0.3399 -0.7269
vn 0.5764 0.4209 -0.7004
vn 0.6476 0.3972 -0.6503
vn 0.5312 0.4787 -0.6991
vn 0.6242 0.0046 -0.7812
vn 0.6303 0.0054 -0.7763
vn 0.6031 0.0124 -0.7975
vn 0.6439 0.0017 -0.7651
vn 0.6297 0.0182 -0.7767
vn 0.6259 0.1122 -0.7718
vn 0.7809 0.0698 -0.6207
vn 0.6001 0.1634 -0.7831
vn 0.8556 -0.0000 -0.5176
vn 0.6957 0.0002 0.7183
vn -0.6956 0.0001 -0.7184
vn 0.5155 0.5576 -0.6506
vn 0.2107 0.8574 -0.4696
vn 0.4316 0.7603 -0.4855
vn 0.4249 0.7623 -0.4882
vn 0.2824 0.8589 -0.4272
vn 0.4058 0.8279 -0.3872
vn 0.3196 0.8682 -0.3795
vn 0.6004 0.6036 -0.5245
vn 0.4575 0.6684 -0.5865
vn 0.4354 0.7164 -0.5452
vn 0.5815 0.4990 -0.6425
vn 0.5757 0.5007 -0.6464
vn 0.5576 0.4352 -0.7069
vn 0.6604 0.1730 -0.7307
vn 0.5693 0.2712 -0.7761
vn 0.6754 0.3280 -0.6605
vn 0.5629 0.3720 -0.7381
vn 0.7131 0.0145 -0.7009
vn 0.5955 0.0813 -0.7992
vn 0.6685 0.1751 -0.7228
vn 0.6161 0.0045 -0.7876
vn 0.6109 0.0009 -0.7917
vn 0.6148 0.0019 -0.7887
vn 0.6186 0.0011 -0.7857
vn 0.6008 0.0353 -0.7986
vn 0.6012 0.0353 -0.7983
vn 0.6202 0.0542 -0.7826
vn 0.6030 0.1613 -0.7813
vn 0.5862 0.1730 -0.7914
vn 0.5974 0.2298 -0.7683
vn 0.5648 0.4178 -0.7116
vn 0.5558 0.4177 -0.7187
vn 0.5881 0.3297 -0.7385
vn 0.5013 0.3640 -0.7849
vn 0.5894 0.2814 -0.7572
vn 0.4935 0.5949 -0.6344
vn 0.5115 0.5516 -0.6588
vn 0.4949 0.4999 -0.7108
vn 0.5271 0.4846 -0.6981
vn 0.5537 0.4287 -0.7139
vn 0.4788 0.6394 -0.6016
vn 0.4649 0.6392 -0.6126
vn 0.4073 0.6517 -0.6398
vn 0.3458 0.8285 -0.4405
vn 0.3715 0.7976 -0.4752
vn 0.3412 0.7575 -0.5566
vn 0.3973 0.7469 -0.5331
vn 0.4371 0.7047 -0.5589
vn 0.7930 -0.0000 -0.6093
vn 0.5388 0.4440 -0.7159
vn 0.3059 0.8749 -0.3755
vn 0.3852 0.8364 -0.3900
vn 0.4132 0.7863 -0.4593
vn 0.3926 0.7687 -0.5050
vn 0.4754 0.6218 -0.6224
vn 0.4990 0.6673 -0.5529
vn 0.4518 0.6841 -0.5726
vn 0.4180 0.7272 -0.5445
vn 0.5248 0.5301 -0.6660
vn 0.5895 0.5133 -0.6236
vn 0.4946 0.5784 -0.6487
vn 0.6008 0.3795 -0.7036
vn 0.6152 0.3754 -0.6933
vn 0.5748 0.3100 -0.7573
vn 0.6248 0.0018 -0.7808
vn 0.5921 0.0192 -0.8056
vn 0.6827 0.0681 -0.7275
vn 0.6341 0.0848 -0.7686
vn 0.5481 0.2148 -0.8084
vn 0.7464 0.1753 -0.6420
vn 0.5838 0.2580 -0.7698
vn 0.6073 0.0053 -0.7945
vn 0.6047 0.0039 -0.7964
vn 0.6078 0.0045 -0.7940
vn 0.6057 0.0527 -0.7940
vn 0.5861 0.0682 -0.8073
vn 0.5987 0.1165 -0.7925
vn 0.5304 0.4475 -0.7200
vn 0.5317 0.4320 -0.7285
vn 0.5246 0.3744 -0.7646
vn 0.5300 0.3716 -0.7623
vn 0.6067 0.2156 -0.7651
vn 0.5030 0.2615 -0.8238
vn 0.5941 0.1723 -0.7857
vn 0.4169 0.7213 -0.5531
vn 0.4180 0.7073 -0.5701
vn 0.4100 0.6657 -0.6236
vn 0.4264 0.6613 -0.6171
vn 0.5394 0.5301 -0.6542
vn 0.3911 0.5662 -0.7256
vn 0.5153 0.4957 -0.6991
vn 0.2221 0.8735 -0.4332
vn 0.2686 0.8726 -0.4081
vn 0.4164 0.7862 -0.4566
vn 0.2313 0.7965 -0.5587
vn 0.3930 0.7582 -0.5203
vn 0.7930 -0.0000 -0.6092
vn 0.6038 -0.0026 -0.7972
vn 0.6079 -0.0014 -0.7940
vn 0.6618 -0.0347 -0.7489
vn 0.6318 -0.0295 -0.7746
vn 0.6096 -0.0873 -0.7879
vn 0.6060 -0.1411 -0.7828
vn 0.6861 -0.1711 -0.7071
vn 0.5520 -0.2370 -0.7995
vn 0.6506 -0.3474 -0.6754
vn 0.6016 -0.3327 -0.7262
vn 0.5539 -0.4019 -0.7291
vn 0.5474 -0.4178 -0.7252
vn 0.5217 -0.4559 -0.7211
vn 0.5916 -0.4994 -0.6330
vn 0.4873 -0.5493 -0.6789
vn 0.4973 -0.6407 -0.5850
vn 0.4988 -0.6415 -0.5828
vn 0.4391 -0.6924 -0.5725
vn 0.4134 -0.7350 -0.5374
vn 0.4364 -0.7638 -0.4756
vn 0.3595 -0.7966 -0.4860
vn 0.3291 -0.8596 -0.3908
vn 0.3270 -0.8603 -0.3911
vn 0.1702 -0.8594 -0.4821
vn 0.3618 -0.8314 -0.4217
vn 0.3450 -0.7577 -0.5540
vn 0.3555 -0.7625 -0.5406
vn 0.4199 -0.7160 -0.5578
vn 0.4427 -0.6761 -0.5891
vn 0.4109 -0.6387 -0.6505
vn 0.4852 -0.6044 -0.6319
vn 0.4980 -0.5115 -0.7002
vn 0.4826 -0.4985 -0.7201
vn 0.5306 -0.4443 -0.7218
vn 0.5385 -0.4176 -0.7319
vn 0.5550 -0.3737 -0.7432
vn 0.5222 -0.3312 -0.7859
vn 0.5848 -0.2684 -0.7654
vn 0.5688 -0.1712 -0.8045
vn 0.5785 -0.1647 -0.7989
vn 0.6089 -0.0841 -0.7888
vn 0.5907 -0.0295 -0.8063
vn 0.5989 -0.0244 -0.8004
vn 0.6077 -0.0014 -0.7942
vn 0.6047 -0.0027 -0.7964
vn -0.6963 -0.0000 -0.7178
vn -0.6956 -0.0000 -0.7184
vn 0.4673 -0.5200 -0.7149
vn 0.5026 -0.4586 -0.7328
vn 0.3689 -0.4287 -0.8247
vn 0.5630 -0.3919 -0.7276
vn 0.4855 -0.3544 -0.7992
vn 0.5439 -0.3262 -0.7731
vn 0.5137 -0.2979 -0.8046
vn 0.6017 -0.2501 -0.7586
vn 0.4938 -0.2161 -0.8423
vn 0.5974 -0.1555 -0.7867
vn 0.5105 -0.1124 -0.8525
vn 0.6377 -0.0746 -0.7666
vn 0.5473 -0.0323 -0.8363
vn 0.6388 -0.0126 -0.7693
vn 0.5888 -0.0041 -0.8083
vn 0.5982 -0.0005 -0.8014
vn 0.5982 0.0026 -0.8013
vn 0.5488 0.0098 -0.8359
vn 0.6425 0.0254 -0.7658
vn 0.4747 0.0973 -0.8747
vn 0.6601 0.0752 -0.7474
vn 0.5718 0.1300 -0.8100
vn 0.5457 0.1986 -0.8141
vn 0.6400 0.1844 -0.7459
vn 0.4702 0.2789 -0.8374
vn 0.1208 0.4480 -0.8858
vn 0.6380 0.4671 -0.6122
vn 0.3682 0.3859 -0.8459
vn 0.5942 0.3622 -0.7182
vn 0.4426 0.2708 -0.8549
vn 0.3141 0.8506 -0.4218
vn 0.1734 0.9615 -0.2134
vn 0.1991 0.9394 -0.2790
vn 0.2084 0.9377 -0.2779
vn 0.1712 0.9608 -0.2180
vn 0.2497 0.9177 -0.3090
vn 0.2367 0.9287 -0.2856
vn 0.2331 0.9256 -0.2981
vn 0.2637 0.9033 -0.3385
vn 0.2632 0.9004 -0.3463
vn 0.2339 0.9091 -0.3449
vn 0.3182 0.8512 -0.4174
vn 0.6341 0.0005 -0.7733
vn 0.6219 0.0042 -0.7831
vn 0.6287 0.0002 -0.7776
vn 0.6350 -0.0000 -0.7725
vn 0.6342 0.0010 -0.7732
vn 0.6324 0.0616 -0.7722
vn 0.6376 0.0553 -0.7684
vn 0.6317 0.1311 -0.7640
vn 0.6333 0.1265 -0.7635
vn 0.6278 0.1829 -0.7566
vn 0.6304 0.1789 -0.7553
vn 0.6178 0.2546 -0.7440
vn 0.6195 0.2523 -0.7433
vn 0.6077 0.3143 -0.7293
vn 0.6074 0.3147 -0.7294
vn 0.5964 0.3646 -0.7151
vn 0.5960 0.3651 -0.7151
vn 0.5746 0.4404 -0.6898
vn 0.5747 0.4403 -0.6898
vn 0.5532 0.5026 -0.6643
vn 0.5526 0.5035 -0.6642
vn 0.5356 0.5481 -0.6424
vn 0.5348 0.5489 -0.6424
vn 0.5191 0.5844 -0.6237
vn 0.5191 0.5843 -0.6238
vn 0.4947 0.6335 -0.5949
vn 0.4949 0.6334 -0.5949
vn 0.4710 0.6763 -0.5664
vn 0.4705 0.6771 -0.5659
vn 0.4479 0.7147 -0.5372
vn 0.4467 0.7154 -0.5373
vn 0.3987 0.7814 -0.4800
vn 0.3975 0.7820 -0.4800
vn 0.3716 0.8136 -0.4472
vn 0.3710 0.8142 -0.4465
vn 0.3484 0.8382 -0.4196
vn 0.3771 0.8241 -0.4227
vn -0.0157 0.9643 -0.2643
vn 0.3389 0.8581 -0.3859
vn 0.2915 0.8895 -0.3518
vn 0.2249 0.9371 -0.2670
vn 0.2091 0.9329 -0.2933
vn 0.2537 0.9102 -0.3274
vn 0.2446 0.9150 -0.3208
vn 0.2726 0.8923 -0.3598
vn 0.2713 0.8928 -0.3596
vn 0.3198 0.8469 -0.4249
vn 0.3158 0.8484 -0.4249
vn 0.3480 0.8122 -0.4683
vn 0.3460 0.8141 -0.4664
vn 0.3747 0.7766 -0.5064
vn 0.4388 0.6394 -0.6313
vn 0.3617 0.7829 -0.5062
vn 0.4141 0.7217 -0.5547
vn 0.4105 0.7088 -0.5737
vn 0.4294 0.6798 -0.5946
vn 0.4343 0.6705 -0.6015
vn 0.4580 0.6283 -0.6289
vn 0.5619 0.2828 -0.7773
vn 0.5248 0.3329 -0.7834
vn 0.5360 0.3974 -0.7448
vn 0.5038 0.4337 -0.7470
vn 0.5059 0.5033 -0.7005
vn 0.5097 0.4996 -0.7004
vn 0.4547 0.5756 -0.6797
vn 0.4973 0.5452 -0.6749
vn 0.4742 0.5794 -0.6628
vn 0.5515 0.1823 -0.8140
vn 0.5808 0.1603 -0.7981
vn 0.5515 0.2444 -0.7976
vn 0.5806 0.1303 -0.8037
vn 0.5964 0.0740 -0.7993
vn 0.5918 0.0673 -0.8033
vn 0.6019 0.0017 -0.7986
vn 0.6039 0.0146 -0.7969
vn 0.6094 0.0099 -0.7928
vn 0.5999 0.0008 -0.8001
vn 0.4636 0.7220 -0.5137
vn 0.6911 0.3215 -0.6474
vn 0.6190 0.4983 -0.6070
vn 0.8367 0.0877 -0.5406
vn 0.3535 0.8506 -0.3893
vn 0.3367 0.8616 -0.3798
vn 0.2909 0.8895 -0.3522
vn 0.4482 0.7787 -0.4391
vn 0.4254 0.7946 -0.4331
vn 0.3929 0.8189 -0.4184
vn 0.6552 0.5381 -0.5303
vn 0.6420 0.5639 -0.5194
vn 0.6387 0.5730 -0.5135
vn 0.6087 0.6047 -0.5136
vn 0.5847 0.6477 -0.4885
vn 0.5526 0.6679 -0.4986
vn 0.5470 0.6890 -0.4756
vn 0.7321 0.4468 -0.5142
vn 0.7598 0.4099 -0.5047
vn 0.7532 0.3989 -0.5230
vn 0.7883 0.3223 -0.5241
vn 0.7896 0.3275 -0.5189
vn 0.7959 0.2914 -0.5306
vn 0.8120 0.2321 -0.5355
vn 0.8098 0.2219 -0.5431
vn 0.8376 0.0393 -0.5449
vn 0.8289 0.0131 -0.5592
vn 0.8519 0.0475 -0.5215
vn 0.8313 0.1288 -0.5406
vn 0.8324 0.1446 -0.5349
vn 0.7636 0.1456 -0.6290
vn 0.8512 0.2308 -0.4715
vn 0.7618 0.2177 -0.6101
vn 0.7838 0.2773 -0.5556
vn 0.7482 0.3223 -0.5800
vn 0.7518 0.3485 -0.5597
vn 0.7206 0.4098 -0.5593
vn 0.7212 0.4151 -0.5546
vn 0.5987 0.5289 -0.6015
vn 0.6248 0.5847 -0.5174
vn 0.5974 0.5732 -0.5608
vn 0.6621 0.4987 -0.5594
vn 0.6893 0.4859 -0.5373
vn 0.6933 0.4721 -0.5444
vn 0.7367 0.4750 -0.4812
vn 0.7213 0.4733 -0.5057
vn 0.6788 0.4025 -0.6141
vn 0.6348 0.4354 -0.6384
vn 0.6674 0.3793 -0.6409
vn 0.7274 0.1129 -0.6768
vn 0.7034 0.1835 -0.6866
vn 0.7145 0.2182 -0.6647
vn 0.7043 0.2436 -0.6668
vn 0.6844 0.3027 -0.6632
vn 0.7140 0.0219 -0.6999
vn 0.7029 0.0517 -0.7095
vn 0.6997 0.0457 -0.7130
vn 0.7510 0.0773 -0.6557
vn 0.7337 0.0120 -0.6793
vn 0.5801 0.6167 -0.5321
vn 0.5495 0.6474 -0.5281
vn 0.5462 0.6555 -0.5215
vn 0.5245 0.6884 -0.5011
vn 0.5119 0.7087 -0.4855
vn 0.4678 0.7469 -0.4725
vn 0.4481 0.7759 -0.4441
vn 0.4481 0.7402 -0.5013
vn 0.4971 0.6643 -0.5581
vn 0.4974 0.6642 -0.5581
vn 0.5228 0.6173 -0.5878
vn 0.5228 0.6173 -0.5879
vn 0.5440 0.5738 -0.6123
vn 0.5422 0.5679 -0.6193
vn 0.5630 0.5293 -0.6347
vn 0.5829 0.4772 -0.6577
vn 0.5694 0.4880 -0.6615
vn 0.5948 0.4412 -0.6719
vn 0.6127 0.3805 -0.6927
vn 0.6125 0.3806 -0.6928
vn 0.6266 0.3228 -0.7093
vn 0.6545 0.0537 -0.7542
vn 0.6266 0.3230 -0.7093
vn 0.6383 0.2646 -0.7229
vn 0.6381 0.2643 -0.7232
vn 0.6529 0.1603 -0.7403
vn 0.6528 0.1601 -0.7404
vn 0.6604 0.0499 -0.7492
vn 0.6660 0.0537 -0.7440
vn 0.4831 0.7208 -0.4971
vn 0.4585 0.7398 -0.4925
vn 0.4104 0.7834 -0.4667
vn 0.4170 0.7787 -0.4688
vn 0.4081 0.7926 -0.4530
vn 0.3786 0.8212 -0.4270
vn 0.3543 0.8483 -0.3935
vn 1.0000 -0.0003 0.0021
vn 0.9999 0.0004 0.0161
vn 0.9997 0.0045 0.0220
vn 0.9997 -0.0042 0.0237
vn 0.9994 0.0034 0.0331
vn 0.9994 -0.0041 0.0348
vn 0.9994 0.0032 0.0357
vn 0.9992 -0.0037 0.0401
vn 0.9992 0.0021 0.0393
vn 0.9992 -0.0016 0.0407
vn 0.9991 0.0008 0.0425
vn 0.9991 -0.0003 0.0430
vn 0.9991 -0.0000 0.0430
vn 0.9991 -0.0008 0.0430
vn 0.9992 0.0008 0.0409
vn 0.9992 -0.0020 0.0410
vn 0.9999 0.0014 -0.0104
vn 0.9994 0.0020 0.0347
vn 0.9994 0.0036 0.0345
vn 0.9994 -0.0029 0.0348
vn 0.9996 0.0024 0.0264
vn 0.9996 -0.0013 0.0289
vn 0.9999 0.0012 0.0123
vn 0.9999 -0.0000 0.0133
vn 1.0000 -0.0000 0.0009
vn 1.0000 0.0002 -0.0016
vn 0.9988 -0.0000 -0.0480
vn 0.9989 -0.0003 -0.0460
vn 0.9993 -0.0013 -0.0377
vn 0.9997 0.0025 -0.0253
vn 1.0000 -0.0026 -0.0078
vn 0.9994 -0.0000 -0.0334
vn 0.9994 -0.0016 -0.0337
vn 1.0000 0.0014 -0.0056
vn 1.0000 -0.0059 -0.0071
vn 1.0000 -0.0023 -0.0033
vn 0.8290 -0.0000 -0.5592
vn 0.8529 -0.0000 -0.5221
vn 0.4081 -0.7926 -0.4530
vn 0.4534 -0.7676 -0.4530
vn 0.5454 -0.6889 -0.4774
vn 0.8283 -0.0417 -0.5587
vn 0.8516 -0.0561 -0.5213
vn 0.8335 -0.0336 -0.5515
vn 0.8351 -0.1350 -0.5333
vn 0.8277 -0.1533 -0.5398
vn 0.8142 -0.2268 -0.5344
vn 0.8149 -0.2320 -0.5312
vn 0.8020 -0.2706 -0.5325
vn 0.7861 -0.3223 -0.5274
vn 0.7635 -0.3492 -0.5433
vn 0.5100 -0.5671 -0.6467
vn 0.6842 -0.4980 -0.5329
vn 0.6741 -0.5008 -0.5429
vn 0.6434 -0.5609 -0.5210
vn 0.6246 -0.6071 -0.4913
vn 0.5562 -0.6895 -0.4640
vn 0.5253 -0.7027 -0.4800
vn 0.5245 -0.7188 -0.4563
vn 0.4468 -0.7803 -0.4375
vn 0.4181 -0.8145 -0.4024
vn 0.3642 -0.8342 -0.4141
vn 0.3530 -0.8519 -0.3870
vn 0.3535 -0.8504 -0.3897
vn 0.2891 -0.8900 -0.3526
vn 0.5038 -0.7014 -0.5041
vn 0.4361 -0.7242 -0.5342
vn 0.4612 -0.7303 -0.5040
vn 0.3927 -0.8188 -0.4188
vn 0.4457 -0.7787 -0.4416
vn 0.4170 -0.7787 -0.4688
vn 0.4554 -0.7496 -0.4803
vn 0.4407 -0.7584 -0.4802
vn 0.4603 -0.7199 -0.5194
vn 0.4925 -0.6844 -0.5377
vn 0.4900 -0.6639 -0.5649
vn 0.5266 -0.6175 -0.5842
vn 0.5395 -0.6028 -0.5878
vn 0.5372 -0.5676 -0.6239
vn 0.5497 -0.5521 -0.6270
vn 0.5946 -0.4776 -0.6468
vn 0.5631 -0.4991 -0.6587
vn 0.6241 -0.3809 -0.6822
vn 0.5940 -0.4037 -0.6958
vn 0.6304 -0.3228 -0.7059
vn 0.6399 -0.3047 -0.7055
vn 0.6288 -0.2640 -0.7314
vn 0.6379 -0.2449 -0.7301
vn 0.6642 -0.1603 -0.7302
vn 0.6388 -0.1843 -0.7470
vn 0.6714 -0.0537 -0.7391
vn 0.6657 -0.0598 -0.7438
vn 0.6300 -0.0783 -0.7727
vn 0.6554 -0.0126 -0.7552
vn 0.5524 -0.6783 -0.4844
vn 0.5921 -0.6475 -0.4798
vn 0.5495 -0.6474 -0.5281
vn 0.5801 -0.6167 -0.5321
vn 0.6122 -0.5734 -0.5444
vn 0.5795 -0.5653 -0.5870
vn 0.5910 -0.5705 -0.5703
vn 0.6434 -0.4981 -0.5813
vn 0.7034 -0.1835 -0.6866
vn 0.7145 -0.2182 -0.6647
vn 0.7043 -0.2437 -0.6668
vn 0.6775 -0.3215 -0.6616
vn 0.6981 -0.3027 -0.6489
vn 0.6674 -0.3793 -0.6409
vn 0.6542 -0.4027 -0.6402
vn 0.6596 -0.4354 -0.6126
vn 0.5973 -0.5289 -0.6029
vn 0.7337 -0.0120 -0.6793
vn 0.7379 -0.0774 -0.6704
vn 0.7484 -0.0661 -0.6600
vn 0.6423 -0.1124 -0.7582
vn 0.7138 -0.0298 -0.6997
vn 0.7203 -0.3752 -0.5834
vn 0.7171 -0.4202 -0.5561
vn 0.6925 -0.4786 -0.5397
vn 0.6459 -0.5011 -0.5760
vn 0.6331 -0.5312 -0.5630
vn 0.7663 -0.1382 -0.6275
vn 0.8116 -0.1977 -0.5498
vn 0.7655 -0.2320 -0.6001
vn 0.7864 -0.2749 -0.5532
vn 0.7483 -0.3223 -0.5798
vn 0.7551 -0.4100 -0.5116
vn 0.7597 -0.4099 -0.5048
vn 0.7645 -0.4050 -0.5015
vn 0.2637 -0.9033 -0.3385
vn 0.3186 -0.8510 -0.4175
vn 0.3145 -0.8504 -0.4218
vn 0.2358 -0.9083 -0.3454
vn 0.3657 -0.8628 -0.3491
vn 0.3485 -0.8553 -0.3836
vn 0.3584 -0.8202 -0.4459
vn 0.2791 -0.8278 -0.4866
vn 0.2975 -0.8834 -0.3622
vn 0.2452 -0.9211 -0.3026
vn 0.2365 -0.9295 -0.2829
vn 0.2403 -0.9306 -0.2762
vn 0.2169 -0.9362 -0.2767
vn 0.2059 -0.9344 -0.2908
vn 0.2061 -0.9362 -0.2847
vn 0.2043 -0.9395 -0.2748
vn 0.1704 -0.9614 -0.2158
vn 0.3258 -0.8254 -0.4610
vn 0.3039 -0.8714 -0.3851
vn 0.2709 -0.8858 -0.3769
vn 0.2603 -0.9024 -0.3433
vn 0.2448 -0.9150 -0.3206
vn 0.3282 -0.8349 -0.4418
vn 0.3539 -0.8042 -0.4775
vn 0.3622 -0.7951 -0.4864
vn 0.3708 -0.7685 -0.5215
vn 0.3988 -0.7495 -0.5285
vn 0.4126 -0.6952 -0.5886
vn 0.4152 -0.7050 -0.5750
vn 0.4366 -0.6662 -0.6046
vn 0.4425 -0.6578 -0.6095
vn 0.4489 -0.6178 -0.6456
vn 0.4735 -0.5967 -0.6479
vn 0.4791 -0.5206 -0.7067
vn 0.4855 -0.5323 -0.6935
vn 0.5028 -0.4776 -0.7205
vn 0.5202 -0.4396 -0.7322
vn 0.5103 -0.4194 -0.7508
vn 0.5351 -0.3565 -0.7659
vn 0.5244 -0.2983 -0.7975
vn 0.5367 -0.3184 -0.7814
vn 0.5635 -0.2188 -0.7966
vn 0.5609 -0.2149 -0.7995
vn 0.5759 -0.1544 -0.8028
vn 0.5928 -0.1151 -0.7971
vn 0.6059 -0.1406 -0.7830
vn 0.5827 -0.0896 -0.8078
vn 0.6019 -0.0004 -0.7986
vn 0.5999 0.0015 -0.8001
vn 0.6082 -0.0145 -0.7937
vn 0.5845 -0.0041 -0.8114
vn 0.6069 -0.0330 -0.7941
vn 0.3532 -0.8186 -0.4530
vn 0.2805 -0.8634 -0.4194
vn 0.1941 -0.8289 -0.5246
vn 0.2603 -0.8849 -0.3861
vn 0.3490 -0.7426 -0.5716
vn 0.3863 -0.7790 -0.4939
vn 0.3609 -0.8115 -0.4596
vn 0.5151 -0.5463 -0.6605
vn 0.4695 -0.5809 -0.6650
vn 0.4447 -0.5959 -0.6687
vn 0.4756 -0.6324 -0.6114
vn 0.4345 -0.7117 -0.5520
vn 0.5317 -0.5010 -0.6829
vn 0.5321 -0.4708 -0.7037
vn 0.5621 -0.4408 -0.6998
vn 0.5577 -0.3805 -0.7377
vn 0.5886 -0.3417 -0.7327
vn 0.5789 -0.2868 -0.7633
vn 0.5994 -0.2544 -0.7589
vn 0.5986 -0.1950 -0.7770
vn 0.6164 -0.1714 -0.7686
vn 0.6003 -0.0624 -0.7973
vn 0.5884 -0.0712 -0.8054
vn 0.6209 -0.0019 -0.7839
vn 0.6148 -0.0055 -0.7887
vn 0.5906 -0.0125 -0.8068
vn 0.6109 -0.0011 -0.7917
vn 0.6178 -0.1348 -0.7747
vn 0.8271 -0.0678 -0.5580
vn 0.9313 -0.0526 -0.3605
vn 0.5838 -0.0085 -0.8119
vn 0.6588 -0.0006 -0.7523
vn 0.6129 -0.1856 -0.7680
vn 0.6789 -0.1945 -0.7080
vn 0.5538 -0.2537 -0.7930
vn 0.6820 -0.2857 -0.6732
vn 0.5910 -0.3132 -0.7434
vn 0.5802 -0.3637 -0.7288
vn 0.6348 -0.3800 -0.6727
vn 0.4980 -0.4355 -0.7499
vn 0.5896 -0.4707 -0.6564
vn 0.5384 -0.5015 -0.6773
vn 0.5216 -0.5469 -0.6548
vn 0.6272 -0.5900 -0.5085
vn 0.6393 -0.5856 -0.4984
vn 0.3631 -0.8126 -0.4559
vn 0.3887 -0.7802 -0.4901
vn 0.5002 -0.7418 -0.4467
vn 0.4356 -0.7125 -0.5501
vn 0.4833 -0.6336 -0.6042
vn 0.3078 -0.8898 -0.3370
vn 0.3859 -0.8690 -0.3098
vn 0.3345 -0.8719 -0.3578
vn 0.3639 -0.8223 -0.4375
vn 0.3782 -0.8059 -0.4556
vn 0.3874 -0.7901 -0.4750
vn 0.4199 -0.7672 -0.4848
vn 0.4263 -0.7306 -0.5334
vn 0.4571 -0.7056 -0.5415
vn 0.4647 -0.6871 -0.5586
vn 0.4756 -0.6680 -0.5724
vn 0.4811 -0.6485 -0.5899
vn 0.5136 -0.6169 -0.5964
vn 0.5140 -0.5729 -0.6384
vn 0.5386 -0.5458 -0.6419
vn 0.5450 -0.5241 -0.6544
vn 0.5538 -0.5001 -0.6657
vn 0.5543 -0.4774 -0.6818
vn 0.5862 -0.4356 -0.6831
vn 0.5803 -0.3864 -0.7169
vn 0.5855 -0.3788 -0.7167
vn 0.5988 -0.3543 -0.7183
vn 0.6044 -0.3294 -0.7254
vn 0.6131 -0.3036 -0.7294
vn 0.6061 -0.2699 -0.7482
vn 0.6340 -0.2197 -0.7415
vn 0.6242 -0.1815 -0.7599
vn 0.6304 -0.1583 -0.7599
vn 0.6331 -0.1291 -0.7633
vn 0.6399 -0.1059 -0.7611
vn 0.6247 -0.0601 -0.7786
vn 0.6261 -0.0568 -0.7777
vn 0.6427 -0.0006 -0.7661
vn 0.6341 -0.0050 -0.7732
vn 0.6118 -0.0106 -0.7909
vn 0.6287 -0.0002 -0.7776
vn 0.3296 -0.8292 -0.4515
vn 0.1848 -0.8599 -0.4758
vn 0.2528 -0.9048 -0.3426
vn 0.2394 -0.9175 -0.3176
vn 0.2977 -0.7986 -0.5231
vn 0.3823 -0.7454 -0.5461
vn 0.3834 -0.7469 -0.5432
vn 0.3927 -0.7355 -0.5521
vn 0.3954 -0.7312 -0.5559
vn 0.3696 -0.6349 -0.6785
vn 0.4369 -0.6637 -0.6071
vn 0.4001 -0.7086 -0.5812
vn 0.3868 -0.7013 -0.5988
vn 0.3975 -0.7213 -0.5672
vn 0.1433 -0.3996 -0.9054
vn 0.5298 -0.4987 -0.6860
vn 0.3919 -0.5481 -0.7389
vn 0.4834 -0.5678 -0.6662
vn 0.4376 -0.6218 -0.6495
vn 0.3767 -0.7709 -0.5137
vn 0.3001 -0.7996 -0.5202
vn 0.6072 -0.7587 -0.2359
vn 0.2620 -0.8185 -0.5113
vn 0.3174 -0.8430 -0.4343
vn 0.2646 -0.8807 -0.3929
vn 0.3774 -0.8768 -0.2981
vn 0.2880 -0.8883 -0.3577
vn 0.4348 -0.5653 -0.7010
vn 0.4728 -0.4967 -0.7278
vn 0.4599 -0.6228 -0.6329
vn 0.3958 -0.6902 -0.6057
vn 0.4338 -0.7003 -0.5669
vn 0.3963 -0.7070 -0.5858
vn 0.3987 -0.7254 -0.5611
vn 0.4129 -0.7271 -0.5485
vn 0.3287 -0.8433 -0.4253
vn 0.2982 -0.7696 -0.5646
vn 0.3841 -0.8289 -0.4067
vn 0.3172 -0.7518 -0.5781
vn 0.3628 -0.8025 -0.4737
vn 0.3474 -0.7343 -0.5832
vn 0.4097 -0.7712 -0.4872
vn 0.3816 -0.7329 -0.5632
vn 0.4379 -0.7461 -0.5017
vn 0.4178 -0.7374 -0.5307
vn 0.4045 -0.7360 -0.5428
vn 0.3844 -0.7305 -0.5645
vn 0.3085 -0.8057 -0.5057
vn 0.3114 -0.8163 -0.4864
vn 0.3121 -0.8708 -0.3798
vn 0.2704 -0.8480 -0.4558
vn 0.2650 -0.9050 -0.3327
vn 0.2644 -0.9045 -0.3346
vn 0.2365 -0.9175 -0.3199
vn 0.3892 -0.6924 -0.6075
vn 0.4086 -0.7102 -0.5732
vn 0.3338 -0.7381 -0.5863
vn 0.3462 -0.7429 -0.5729
vn 0.3544 -0.7485 -0.5605
vn 0.3967 -0.6234 -0.6738
vn 0.4162 -0.6191 -0.6660
vn 0.4727 -0.6349 -0.6112
vn 0.3901 -0.6670 -0.6348
vn 0.4906 -0.6641 -0.5642
vn 0.3805 -0.7046 -0.5990
vn 0.4541 -0.7034 -0.5469
vn 0.3872 -0.7208 -0.5750
vn 0.4887 -0.5282 -0.6944
vn 0.4455 -0.5152 -0.7322
vn 0.4268 -0.5770 -0.6964
vn 0.4555 -0.3857 -0.8023
vn 0.4643 -0.4612 -0.7562
vn 0.4023 -0.5198 -0.7536
vn 0.5940 -0.0111 -0.8044
vn 0.5953 -0.0025 -0.8035
vn 0.5964 -0.0014 -0.8027
vn 0.5929 -0.0031 -0.8053
vn 0.4801 -0.4476 -0.7545
vn 0.5134 -0.3965 -0.7611
vn 0.4128 -0.3649 -0.8345
vn 0.5204 -0.3151 -0.7937
vn 0.5076 -0.3860 -0.7703
vn 0.5127 -0.3025 -0.8035
vn 0.5104 -0.3058 -0.8038
vn 0.5382 -0.2486 -0.8053
vn 0.5468 -0.2356 -0.8034
vn 0.5450 -0.2112 -0.8114
vn 0.5565 -0.1603 -0.8152
vn 0.5565 -0.1550 -0.8163
vn 0.5793 -0.1042 -0.8085
vn 0.5792 -0.1037 -0.8086
vn 0.5853 -0.0365 -0.8100
vn 0.5887 -0.0408 -0.8073
vn 0.5956 -0.0088 -0.8032
vn 0.4048 0.7087 -0.5779
vn 0.4332 0.7175 -0.5455
vn 0.3778 0.8173 -0.4350
vn 0.2884 0.8709 -0.3978
vn 0.5943 0.0356 -0.8035
vn 0.5947 0.0082 -0.8039
vn 0.5962 0.0043 -0.8028
vn 0.5959 0.0040 -0.8030
vn 0.5929 -0.0026 -0.8053
vn 0.5964 0.0011 -0.8027
vn 0.5661 0.1224 -0.8152
vn 0.5840 0.0714 -0.8086
vn 0.5857 0.0273 -0.8101
vn 0.5019 0.4442 -0.7422
vn 0.3663 0.3507 -0.8619
vn 0.3590 0.3470 -0.8665
vn 0.6635 0.2998 -0.6855
vn 0.4119 0.4997 -0.7620
vn 0.4043 0.5017 -0.7648
vn 0.4541 0.5707 -0.6842
vn 0.3206 0.7391 -0.5924
vn 0.3827 0.7211 -0.5776
vn 0.3670 0.6477 -0.6677
vn 0.4311 0.6757 -0.5980
vn 0.3111 0.8315 -0.4602
vn 0.3433 0.8102 -0.4751
vn 0.3195 0.7554 -0.5721
vn 0.2478 0.9112 -0.3291
vn 0.2276 0.9170 -0.3277
vn 0.2601 0.8984 -0.3539
vn 0.2842 0.8875 -0.3628
vn 0.2507 0.8420 -0.4778
vn 0.3612 0.7998 -0.4793
vn 0.3512 0.7315 -0.5844
vn 0.3993 0.7639 -0.5070
vn 0.3719 0.6963 -0.6139
vn 0.4938 0.7308 -0.4713
vn 0.4560 0.7171 -0.5271
vn 0.4728 0.7193 -0.5090
vn 0.3909 0.6096 -0.6896
vn 0.4764 0.6354 -0.6076
vn 0.3942 0.6668 -0.6325
vn 0.4699 0.6772 -0.5662
vn 0.3874 0.6940 -0.6069
vn 0.4642 0.6991 -0.5438
vn 0.4177 0.7048 -0.5734
vn 0.4592 0.5471 -0.6998
vn 0.4418 0.6012 -0.6659
vn 0.4652 0.6291 -0.6228
vn 0.4028 0.6520 -0.6424
vn 0.4614 0.6753 -0.5754
vn 0.3888 0.6880 -0.6128
vn 0.4698 0.6995 -0.5385
vn 0.4299 0.7029 -0.5667
vn 0.4209 0.7054 -0.5703
vn 0.5531 0.4761 -0.6836
vn 0.4337 0.5118 -0.7416
vn 0.5024 0.4127 -0.7598
vn 0.5414 0.3704 -0.7548
vn 0.5007 0.3948 -0.7703
vn 0.5169 0.2881 -0.8061
vn 0.5254 0.2781 -0.8041
vn 0.5423 0.2071 -0.8143
vn 0.5417 0.2079 -0.8144
vn 0.5695 0.1312 -0.8115
vn 0.4095 0.7046 -0.5795
vn 0.2535 0.9096 -0.3292
vn 0.2555 0.9080 -0.3320
vn 0.2497 0.9095 -0.3323
vn 0.2877 0.8773 -0.3841
vn 0.4635 0.8462 -0.2630
vn 0.2210 0.7975 -0.5614
vn 0.4748 0.7866 -0.3947
vn 0.4070 0.7089 -0.5761
vn 0.3385 0.8170 -0.4667
vn 0.3524 0.7996 -0.4863
vn 0.3491 0.7975 -0.4921
vn 0.3803 0.7635 -0.5220
vn 0.3485 0.7371 -0.5790
vn 0.3718 0.7315 -0.5716
vn 0.3994 0.7167 -0.5717
vn 0.4104 0.7021 -0.5820
vn 0.4131 0.6894 -0.5951
vn 0.3769 0.6586 -0.6513
vn 0.4237 0.6533 -0.6274
vn 0.4627 0.6005 -0.6521
vn 0.4510 0.6016 -0.6593
vn 0.4703 0.5545 -0.6865
vn 0.5138 0.5490 -0.6593
vn 0.4793 0.5298 -0.6997
vn 0.4718 0.4737 -0.7437
vn 0.2470 0.9112 -0.3297
vn 0.2626 0.8985 -0.3518
vn 0.2631 0.8600 -0.4372
vn 0.1798 0.8596 -0.4783
vn 0.3230 0.8321 -0.4509
vn 0.7563 -0.0000 -0.6542
vn 0.7539 0.0022 -0.6570
vn 0.7512 -0.0001 -0.6601
vn 0.7445 0.0001 -0.6676
vn 0.7446 -0.0000 -0.6675
vn 0.7445 -0.0001 -0.6676
vn 0.7538 0.0001 -0.6571
vn 0.7514 -0.0045 -0.6598
vn 0.0680 0.9977 0.0038
vn 0.8199 0.4981 0.2823
vn 0.8049 0.5206 -0.2849
vn 0.9712 0.0352 -0.2355
vn 0.9155 0.3791 -0.1351
vn 0.7779 0.6261 -0.0541
vn 0.5330 0.8425 0.0784
vn 0.6268 0.7784 0.0366
vn 0.9341 0.1054 -0.3411
vn 0.4630 0.8853 0.0436
vn 0.8843 0.0286 -0.4661
vn 0.7311 0.6402 -0.2359
vn 0.6502 0.7350 -0.1921
vn 0.7311 0.6187 -0.2874
vn 0.9594 0.1508 -0.2384
vn 0.8470 0.0297 -0.5308
vn 0.3101 0.3251 -0.8934
vn 0.8086 0.0535 -0.5859
vn 0.5635 0.7826 -0.2645
vn 0.4178 0.8934 -0.1652
vn 0.2207 0.9746 -0.0381
vn 0.4054 0.9116 -0.0687
vn 0.1577 0.9849 -0.0718
vn 0.6646 0.1804 -0.7251
vn 0.5426 0.7027 -0.4602
vn 0.5104 0.7796 -0.3629
vn 0.5433 0.6645 -0.5130
vn 0.4137 0.8240 -0.3872
vn 0.3172 0.9026 -0.2910
vn 0.7013 0.1036 -0.7053
vn 0.5290 0.5506 -0.6457
vn 0.3116 0.8376 -0.4487
vn 0.2091 0.9638 -0.1654
vn 0.3565 0.8653 -0.3524
vn 0.5226 0.5549 -0.6473
vn 0.2457 0.8937 -0.3754
vn 0.2041 0.9366 -0.2850
vn 0.2581 0.8853 -0.3868
vn 0.1506 0.9672 -0.2047
vn 0.5416 0.1967 -0.8173
vn 0.5557 0.2956 -0.7771
vn 0.2912 0.7820 -0.5510
vn 0.3208 0.7898 -0.5227
vn 0.2479 0.8637 -0.4389
vn 0.3309 0.7681 -0.5482
vn 0.4947 0.3030 -0.8145
vn 0.3527 0.6867 -0.6356
vn 0.3265 0.7746 -0.5417
vn 0.3070 0.8298 -0.4660
vn 0.4290 0.6124 -0.6640
vn 0.4080 0.6257 -0.6648
vn 0.3891 0.6419 -0.6607
vn 0.4077 0.7479 -0.5239
vn 0.3265 0.7629 -0.5580
vn 0.3595 0.6977 -0.6197
vn 0.3702 0.6956 -0.6158
vn 0.3585 0.6476 -0.6724
vn 0.3926 0.6166 -0.6824
vn 0.3993 0.5452 -0.7371
vn 0.4687 0.5862 -0.6609
vn 0.4057 0.5061 -0.7611
vn 0.5328 0.4215 -0.7338
vn 0.4553 0.4363 -0.7761
vn 0.4908 0.3313 -0.8058
vn 0.5103 0.3101 -0.8022
vn 0.5110 0.2388 -0.8257
vn 0.5507 0.1885 -0.8132
vn 0.5518 0.0969 -0.8283
vn 0.5700 0.1227 -0.8124
vn 0.5782 0.0474 -0.8145
vn 0.5904 0.0313 -0.8065
vn 0.5863 0.0196 -0.8099
vn 0.5841 0.0020 -0.8117
vn 0.5861 0.0109 -0.8101
vn 0.5875 0.0082 -0.8092
vn 0.5860 0.0049 -0.8103
vn 0.5863 0.0001 -0.8101
vn 0.5880 0.0017 -0.8089
vn 0.3765 0.5577 -0.7398
vn 0.4249 0.5161 -0.7437
vn 0.4292 0.4213 -0.7989
vn 0.4243 0.4217 -0.8014
vn 0.4732 0.3651 -0.8017
vn 0.1925 0.9390 -0.2849
vn 0.2182 0.9213 -0.3218
vn 0.2192 0.9093 -0.3539
vn 0.2378 0.8995 -0.3665
vn 0.2661 0.8728 -0.4091
vn 0.2858 0.8631 -0.4164
vn 0.2833 0.8176 -0.5012
vn 0.3124 0.8107 -0.4952
vn 0.2901 0.8190 -0.4950
vn 0.1478 0.9694 -0.1958
vn 0.1681 0.9499 -0.2633
vn 0.1676 0.9614 -0.2181
vn 0.1954 0.9376 -0.2875
vn 0.1972 0.9394 -0.2805
vn 0.1373 0.9674 -0.2127
vn 0.1602 0.9639 -0.2127
vn 0.1715 0.9365 -0.3060
vn 0.1826 0.9359 -0.3013
vn 0.2614 0.8543 -0.4492
vn 0.2898 0.8036 -0.5199
vn 0.2086 0.7757 -0.5956
vn 0.3452 0.6230 -0.7019
vn 0.3775 0.6101 -0.6966
vn 0.4013 0.5385 -0.7410
vn 0.5733 0.0168 -0.8192
vn 0.5697 0.0312 -0.8213
vn 0.5721 0.0373 -0.8194
vn 0.5685 0.0503 -0.8211
vn 0.5714 0.0071 -0.8207
vn 0.5714 0.0100 -0.8206
vn 0.5722 0.0154 -0.8200
vn 0.5709 0.0080 -0.8210
vn 0.5712 0.0031 -0.8208
vn 0.5710 0.0027 -0.8210
vn 0.5991 0.2051 -0.7739
vn 0.4926 0.2412 -0.8361
vn 0.5158 0.3199 -0.7947
vn 0.4627 0.3679 -0.8066
vn 0.4571 0.4365 -0.7749
vn 0.3803 0.7623 -0.5237
vn 0.3134 0.7607 -0.5684
vn 0.3322 0.7048 -0.6268
vn 0.3285 0.7072 -0.6260
vn 0.3575 0.6601 -0.6606
vn 0.3815 0.6419 -0.6651
vn 0.3681 0.5941 -0.7152
vn 0.4706 0.5472 -0.6921
vn 0.4124 0.5300 -0.7410
vn 0.4380 0.4571 -0.7741
vn 0.3503 0.4236 -0.8353
vn 0.4933 0.3958 -0.7746
vn 0.4645 0.3238 -0.8242
vn 0.5250 0.2678 -0.8078
vn 0.5194 0.1990 -0.8311
vn 0.5380 0.1765 -0.8243
vn 0.5651 0.0940 -0.8197
vn 0.5424 0.1121 -0.8326
vn 0.5655 0.0657 -0.8221
vn 0.1963 0.9303 -0.3098
vn 0.2101 0.9142 -0.3466
vn 0.2154 0.9010 -0.3765
vn 0.2437 0.8891 -0.3874
vn 0.2541 0.8456 -0.4694
vn 0.3108 0.8419 -0.4412
vn 0.2209 0.7509 -0.6224
vn 0.1659 0.9603 -0.2245
vn 0.1562 0.9630 -0.2198
vn 0.1288 0.9729 -0.1918
vn 0.1291 0.9699 -0.2065
vn 0.1113 0.9681 -0.2245
vn 0.1510 0.9575 -0.2458
vn 0.1739 0.9477 -0.2676
vn 0.2070 0.9216 -0.3282
vn 0.2237 0.9111 -0.3461
vn 0.1776 0.8881 -0.4240
vn 0.3441 0.7656 -0.5436
vn 0.3009 0.7917 -0.5317
vn 0.2949 0.8244 -0.4832
vn 0.2599 0.8463 -0.4650
vn 0.2594 0.8558 -0.4476
vn 0.2451 0.8858 -0.3941
vn 0.2469 0.8897 -0.3841
vn 0.2027 0.9167 -0.3444
vn 0.2694 0.9325 -0.2404
vn 0.1872 0.9369 -0.2952
vn 0.1731 0.9416 -0.2888
vn 0.4329 0.4899 -0.7567
vn 0.5047 0.4436 -0.7406
vn 0.4313 0.5437 -0.7199
vn 0.4226 0.5505 -0.7199
vn 0.4120 0.6260 -0.6621
vn 0.2750 0.6283 -0.7278
vn 0.5007 0.3997 -0.7678
vn 0.5209 0.3187 -0.7919
vn 0.5182 0.3155 -0.7949
vn 0.5526 0.2074 -0.8072
vn 0.5515 0.2045 -0.8087
vn 0.5736 0.0305 -0.8186
vn 0.5689 0.0447 -0.8212
vn 0.5739 0.0530 -0.8172
vn 0.5683 0.1122 -0.8151
vn 0.5581 0.0976 -0.8240
vn 0.5652 0.1450 -0.8121
vn 0.5713 0.0155 -0.8206
vn 0.5724 0.0138 -0.8199
vn 0.5702 0.0216 -0.8212
vn 0.7233 -0.0000 0.6905
vn 0.5697 0.0114 -0.8218
vn 0.5690 0.0092 -0.8223
vn 0.5693 0.0049 -0.8221
vn 0.5686 0.0040 -0.8226
vn 0.3656 0.7273 -0.5808
vn 0.3330 0.7354 -0.5901
vn 0.3847 0.6813 -0.6228
vn 0.3742 0.6878 -0.6220
vn 0.4071 0.6142 -0.6760
vn 0.4485 0.6059 -0.6570
vn 0.4339 0.5490 -0.7143
vn 0.1345 0.9771 -0.1647
vn 0.1037 0.9828 -0.1525
vn 0.0998 0.9848 -0.1421
vn 0.1105 0.9841 -0.1389
vn 0.1113 0.9831 -0.1453
vn 0.1102 0.9816 -0.1561
vn 0.1074 0.9840 -0.1422
vn 0.1453 0.9756 -0.1643
vn 0.1603 0.9724 -0.1695
vn 0.2173 0.9253 -0.3109
vn 0.1907 0.9450 -0.2658
vn 0.1874 0.9481 -0.2570
vn 0.1849 0.9506 -0.2493
vn 0.2967 0.8349 -0.4636
vn 0.4080 0.6911 -0.5966
vn 0.4447 0.5647 -0.6952
vn 0.4555 0.6062 -0.6519
vn 0.5388 0.4456 -0.7149
vn 0.5463 0.3806 -0.7461
vn 0.5261 0.3707 -0.7654
vn 0.5955 0.1715 -0.7849
vn 0.5920 0.0568 -0.8040
vn 0.5884 0.0050 -0.8086
vn 0.5798 0.0122 -0.8147
vn 0.5931 0.0343 -0.8044
vn 0.5878 0.0416 -0.8079
vn 0.5906 0.0219 -0.8067
vn 0.5895 0.0237 -0.8074
vn 0.5862 0.0148 -0.8100
vn 0.5866 0.0086 -0.8098
vn 0.5822 0.0061 -0.8130
vn 0.5730 0.2676 -0.7746
vn 0.5837 0.2897 -0.7585
vn 0.5630 0.2620 -0.7838
vn 0.5804 0.3212 -0.7483
vn 0.5964 0.0464 -0.8013
vn 0.5915 0.0701 -0.8032
vn 0.6003 0.0857 -0.7952
vn 0.5945 0.1142 -0.7959
vn 0.5984 0.1561 -0.7859
vn 0.5737 0.1922 -0.7962
vn 0.5882 0.2077 -0.7816
vn 0.6010 0.2389 -0.7627
vn 0.2086 0.9274 -0.3105
vn 0.2577 0.8916 -0.3724
vn 0.2559 0.8838 -0.3917
vn 0.3085 0.8433 -0.4400
vn 0.2997 0.8343 -0.4627
vn 0.3466 0.7857 -0.5124
vn 0.3474 0.7658 -0.5412
vn 0.3979 0.7211 -0.5672
vn 0.4023 0.6891 -0.6027
vn 0.4496 0.6365 -0.6266
vn 0.4452 0.5662 -0.6937
vn 0.6683 0.5503 -0.5006
vn 0.4939 0.5263 -0.6921
vn 0.5016 0.4873 -0.7148
vn 0.1016 0.9899 -0.0990
vn 0.1244 0.9827 -0.1372
vn 0.1170 0.9793 -0.1652
vn 0.1604 0.9708 -0.1783
vn 0.1609 0.9654 -0.2054
vn 0.1695 0.9566 -0.2369
vn 0.1534 0.9799 -0.1279
vn 0.1504 0.9803 -0.1278
vn 0.1342 0.9878 -0.0793
vn 0.0790 0.9967 -0.0190
vn 0.0976 0.9930 -0.0659
vn 0.1029 0.9902 -0.0949
vn 0.1508 0.9776 -0.1469
vn 0.1521 0.9802 -0.1269
vn 0.2862 0.9046 -0.3158
vn 0.1633 0.9662 -0.1994
vn 0.2008 0.9560 -0.2137
vn 0.2109 0.9410 -0.2647
vn 0.2591 0.9255 -0.2761
vn 0.2461 0.9107 -0.3316
vn 0.2863 0.8910 -0.3524
vn 0.3077 0.8574 -0.4126
vn 0.3195 0.8527 -0.4134
vn 0.3668 0.8084 -0.4604
vn 0.3937 0.8051 -0.4436
vn 0.4030 0.7408 -0.5374
vn 0.4771 0.6666 -0.5728
vn 0.4725 0.6687 -0.5741
vn 0.3981 0.7384 -0.5443
vn 0.4482 0.7166 -0.5345
vn 0.3644 0.7901 -0.4928
vn 0.5107 0.5415 -0.6678
vn 0.6083 0.5075 -0.6103
vn 0.4640 0.6200 -0.6328
vn 0.5525 0.4849 -0.6779
vn 0.5812 0.4310 -0.6903
vn 0.5812 0.3991 -0.7092
vn 0.6062 0.3435 -0.7173
vn 0.5928 0.3000 -0.7474
vn 0.6576 0.2027 -0.7255
vn 0.6354 0.3266 -0.6997
vn 0.6076 0.2563 -0.7517
vn 0.5942 0.2388 -0.7681
vn 0.6234 0.2025 -0.7552
vn 0.6292 0.1287 -0.7665
vn 0.6286 0.1297 -0.7669
vn 0.6113 0.0092 -0.7914
vn 0.6106 0.0209 -0.7916
vn 0.6210 0.0310 -0.7832
vn 0.6158 0.0323 -0.7873
vn 0.6140 0.0477 -0.7879
vn 0.6161 0.0112 -0.7875
vn 0.6205 0.0070 -0.7842
vn 0.6186 0.0336 -0.7850
vn 0.6218 0.0310 -0.7825
vn 0.6232 0.0487 -0.7805
vn 0.6226 0.0533 -0.7807
vn 0.6268 0.0754 -0.7755
vn 0.6357 0.0661 -0.7691
vn 0.6282 0.0897 -0.7729
vn 0.3170 0.8888 -0.3309
vn 0.2582 0.9320 -0.2545
vn 0.2585 0.9329 -0.2509
vn 0.2113 0.9572 -0.1977
vn 0.2084 0.9635 -0.1680
vn 0.1867 0.9684 -0.1656
vn 0.1497 0.9802 -0.1293
vn 0.5231 0.6384 -0.5646
vn 0.4835 0.7065 -0.5168
vn 0.4818 0.7196 -0.5001
vn 0.4211 0.7768 -0.4682
vn 0.4137 0.8056 -0.4242
vn 0.3964 0.8185 -0.4159
vn 0.3609 0.8504 -0.3829
vn 0.3580 0.8520 -0.3820
vn 0.3184 0.8926 -0.3192
vn 0.6056 0.4413 -0.6621
vn 0.6442 0.3060 -0.7010
vn 0.6122 0.4068 -0.6780
vn 0.6265 0.4283 -0.6512
vn 0.5781 0.5053 -0.6407
vn 0.5708 0.6209 -0.5373
vn 0.6462 0.2551 -0.7193
vn 0.6710 0.1789 -0.7196
vn 0.6448 0.2079 -0.7356
vn 0.6694 0.1289 -0.7317
vn 0.6479 0.0133 -0.7616
vn 0.6469 0.0320 -0.7619
vn 0.6604 0.0455 -0.7495
vn 0.6522 0.0491 -0.7564
vn 0.6488 0.0783 -0.7570
vn 0.6473 0.0135 -0.7621
vn 0.6567 0.0146 -0.7540
vn 0.6554 0.0152 -0.7551
vn 0.6544 0.1512 -0.7408
vn 0.6609 0.1233 -0.7403
vn 0.6601 0.1126 -0.7427
vn 0.6601 0.1018 -0.7443
vn 0.6536 0.0860 -0.7520
vn 0.6574 0.0808 -0.7492
vn 0.6623 0.0456 -0.7478
vn 0.6452 0.0544 -0.7620
vn 0.6555 0.0349 -0.7544
vn 0.6573 0.2316 -0.7172
vn 0.6369 0.3095 -0.7061
vn 0.6442 0.3169 -0.6961
vn 0.6312 0.3798 -0.6763
vn 0.1151 0.9933 0.0084
vn 0.0996 0.9940 0.0461
vn 0.1778 0.9833 -0.0385
vn 0.1498 0.9876 -0.0463
vn 0.1732 0.9811 -0.0863
vn 0.2111 0.9697 -0.1230
vn 0.1788 0.9692 -0.1695
vn 0.1385 0.9822 -0.1269
vn 0.2172 0.9674 -0.1302
vn 0.2386 0.9562 -0.1694
vn 0.2674 0.9413 -0.2059
vn 0.2678 0.9422 -0.2016
vn 0.4192 0.8630 -0.2819
vn 0.3025 0.9216 -0.2431
vn 0.3623 0.8991 -0.2457
vn 0.3364 0.8904 -0.3065
vn 0.3826 0.8628 -0.3303
vn 0.4080 0.8385 -0.3613
vn 0.5159 0.8079 -0.2849
vn 0.4502 0.7993 -0.3980
vn 0.4988 0.7362 -0.4574
vn 0.4999 0.7434 -0.4445
vn 0.6100 0.5786 -0.5414
vn 0.6979 0.1802 -0.6931
vn 0.6832 0.2126 -0.6986
vn 0.6922 0.2648 -0.6714
vn 0.6685 0.3103 -0.6759
vn 0.6749 0.3974 -0.6218
vn 0.6966 0.3882 -0.6034
vn 0.5936 0.4675 -0.6551
vn 0.6865 0.1341 -0.7147
vn 0.6861 0.1004 -0.7206
vn 0.6825 0.0486 -0.7293
vn 0.6909 0.0415 -0.7217
vn 0.6832 0.0569 -0.7280
vn 0.6884 0.0728 -0.7217
vn 0.6875 0.0738 -0.7224
vn 0.6840 0.0988 -0.7227
vn 0.6862 0.0194 -0.7271
vn 0.5107 0.1380 -0.8486
vn 0.6938 0.1631 -0.7014
vn 0.6925 0.1373 -0.7082
vn 0.7028 0.1192 -0.7013
vn 0.6928 0.1026 -0.7138
vn 0.6978 0.0659 -0.7133
vn 0.7191 0.0776 -0.6906
vn 0.6823 0.0409 -0.7299
vn 0.6914 0.0486 -0.7209
vn 0.6936 0.0130 -0.7203
vn 0.6844 0.0173 -0.7289
vn 0.5375 0.6850 -0.4918
vn 0.5721 0.6591 -0.4882
vn 0.5583 0.6105 -0.5618
vn 0.5976 0.5758 -0.5580
vn 0.6295 0.4915 -0.6018
vn 0.6512 0.4648 -0.5999
vn 0.6474 0.3618 -0.6708
vn 0.1808 0.9828 -0.0384
vn 0.2430 0.9644 -0.1044
vn 0.2429 0.9632 -0.1150
vn 0.3054 0.9349 -0.1809
vn 0.3054 0.9348 -0.1815
vn 0.3693 0.8963 -0.2456
vn 0.3735 0.8968 -0.2372
vn 0.4184 0.8464 -0.3294
vn 0.3665 0.8972 -0.2463
vn 0.4259 0.8565 -0.2916
vn 0.4329 0.8422 -0.3214
vn 0.4572 0.8254 -0.3310
vn 0.5032 0.7765 -0.3793
vn 0.4980 0.7792 -0.3806
vn 0.5728 0.6990 -0.4282
vn 0.5703 0.6907 -0.4447
vn 0.6221 0.6002 -0.5027
vn 0.6222 0.6011 -0.5015
vn 0.6673 0.4949 -0.5567
vn 0.6666 0.4923 -0.5597
vn 0.6987 0.3932 -0.5976
vn 0.7071 0.3815 -0.5953
vn 0.7094 0.3339 -0.6206
vn 0.7233 0.2598 -0.6398
vn 0.7193 0.2646 -0.6424
vn 0.7267 0.2065 -0.6552
vn 0.7201 0.0347 -0.6930
vn 0.7223 0.0121 -0.6915
vn 0.7337 0.1326 -0.6665
vn 0.7529 0.1182 -0.6475
vn 0.7274 0.0934 -0.6798
vn 0.7351 0.0660 -0.6747
vn 0.7287 0.0622 -0.6820
vn 0.7305 0.0368 -0.6819
vn 0.7258 0.0340 -0.6870
vn 0.7334 -0.0073 -0.6798
vn 0.7178 0.0111 -0.6962
vn 0.7213 0.0333 -0.6919
vn 0.7194 0.0614 -0.6919
vn 0.7200 0.0620 -0.6912
vn 0.7235 0.0916 -0.6842
vn 0.7244 0.0929 -0.6830
vn 0.7193 0.1280 -0.6828
vn 0.7179 0.1267 -0.6845
vn 0.7241 0.1732 -0.6676
vn 0.7273 0.1751 -0.6636
vn 0.7316 0.1863 -0.6558
vn 0.1996 0.9798 0.0099
vn 0.1257 0.9921 -0.0012
vn 0.1267 0.9919 -0.0059
vn 0.1461 0.9892 0.0132
vn 0.7633 0.2737 -0.5851
vn 0.7375 0.3781 -0.5596
vn 0.7384 0.3808 -0.5565
vn 0.7060 0.4888 -0.5125
vn 0.7053 0.4851 -0.5169
vn 0.6633 0.5907 -0.4595
vn 0.6623 0.5850 -0.4681
vn 0.6049 0.6901 -0.3973
vn 0.6045 0.6853 -0.4061
vn 0.5436 0.7690 -0.3363
vn 0.5445 0.7639 -0.3463
vn 0.4806 0.8335 -0.2725
vn 0.4809 0.8290 -0.2855
vn 0.4212 0.8802 -0.2189
vn 0.4189 0.8836 -0.2092
vn 0.3847 0.9031 -0.1905
vn 0.3465 0.9261 -0.1495
vn 0.3345 0.9306 -0.1489
vn 0.3034 0.9469 -0.1060
vn 0.2689 0.9607 -0.0696
vn 0.2690 0.9602 -0.0746
vn 0.7723 0.2251 -0.5941
vn 0.7507 0.1867 -0.6337
vn 0.7680 0.1640 -0.6191
vn 0.7512 0.1136 -0.6502
vn 0.7562 0.1185 -0.6436
vn 0.7628 0.0101 -0.6465
vn 0.7641 0.0067 -0.6450
vn 0.7788 0.0416 -0.6259
vn 0.8134 0.0504 -0.5796
vn 0.6522 0.2644 -0.7104
vn 0.7675 0.2823 -0.5755
vn 0.7632 0.2187 -0.6080
vn 0.7802 0.1904 -0.5958
vn 0.7656 0.1629 -0.6223
vn 0.7903 0.1177 -0.6012
vn 0.8130 0.1278 -0.5680
vn 0.7601 0.0778 -0.6451
vn 0.7659 0.0781 -0.6382
vn 0.7486 0.0453 -0.6615
vn 0.7583 0.0521 -0.6498
vn 0.7611 0.0113 -0.6486
vn 0.2862 0.9578 -0.0259
vn 0.3176 0.9466 -0.0549
vn 0.3177 0.9465 -0.0559
vn 0.4721 0.8539 -0.2190
vn 0.5143 0.8312 -0.2110
vn 0.4318 0.8868 -0.1649
vn 0.4378 0.8835 -0.1667
vn 0.4142 0.9064 -0.0834
vn 0.3885 0.9158 -0.1019
vn 0.3773 0.9208 -0.0985
vn 0.6552 0.5976 -0.4622
vn 0.6975 0.5807 -0.4199
vn 0.7390 0.4970 -0.4548
vn 0.7811 0.3976 -0.4814
vn 0.7276 0.5101 -0.4586
vn 0.7702 0.5269 -0.3594
vn 0.6973 0.5790 -0.4225
vn 0.6760 0.6394 -0.3662
vn 0.6670 0.6485 -0.3667
vn 0.5968 0.7221 -0.3498
vn 0.6408 0.6881 -0.3405
vn 0.5697 0.7687 -0.2908
vn 0.7036 0.3073 -0.6407
vn 0.8065 0.2743 -0.5238
vn 0.7993 0.2555 -0.5440
vn 0.8060 0.1434 -0.5743
vn 0.8008 0.1339 -0.5838
vn 0.8053 0.0242 -0.5924
vn 0.7959 0.0121 -0.6053
vn 0.8766 0.0300 -0.4803
vn 0.7706 0.0576 -0.6347
vn 0.9049 0.0924 -0.4154
vn 0.8009 0.0755 -0.5940
vn 0.8093 0.0962 -0.5794
vn 0.8534 0.0993 -0.5116
vn 0.7954 0.1405 -0.5896
vn 0.8378 0.1690 -0.5191
vn 0.7374 0.4469 -0.5065
vn 0.7907 0.3521 -0.5009
vn 0.7896 0.3245 -0.5207
vn 0.8026 0.2554 -0.5391
vn 0.8192 0.2854 -0.4975
vn 0.8026 0.1987 -0.5625
vn 0.7860 0.1902 -0.5883
vn 0.7996 0.2061 -0.5641
vn 0.2405 0.9700 0.0347
vn 0.2391 0.9693 0.0567
vn 0.2315 0.9722 -0.0339
vn 0.2161 0.9760 -0.0265
vn 0.2092 0.9778 -0.0129
vn 0.1715 0.9852 0.0052
vn 0.1905 0.9813 0.0268
vn 0.1891 0.9810 0.0420
vn 0.2541 0.9671 0.0082
vn 0.1887 0.9820 -0.0015
vn 0.2661 0.9639 -0.0010
vn 0.3022 0.9530 0.0198
vn 0.3504 0.9365 -0.0147
vn 0.2855 0.9510 -0.1186
vn 0.3913 0.9194 -0.0384
vn 0.4138 0.9085 -0.0585
vn 0.4470 0.8892 -0.0977
vn 0.4449 0.8922 -0.0774
vn 0.5090 0.8494 -0.1397
vn 0.5096 0.8445 -0.1647
vn 0.6033 0.7702 -0.2070
vn 0.8322 0.3231 -0.4506
vn 0.8197 0.2265 -0.5261
vn 0.8365 0.2495 -0.4879
vn 0.8553 0.0175 -0.5179
vn 0.8469 0.0492 -0.5294
vn 0.8482 0.0959 -0.5209
vn 0.8465 0.0983 -0.5233
vn 0.8468 0.1379 -0.5138
vn 0.8267 0.3173 -0.4646
vn 0.8517 0.2491 -0.4610
vn 0.8475 0.2438 -0.4715
vn 0.8529 0.1749 -0.4919
vn 0.8437 0.1718 -0.5087
vn 0.8426 0.1696 -0.5110
vn 0.5456 0.8285 -0.1260
vn 0.5833 0.7739 -0.2468
vn 0.5951 0.7755 -0.2110
vn 0.6562 0.7020 -0.2768
vn 0.6541 0.7071 -0.2686
vn 0.6889 0.6571 -0.3060
vn 0.6905 0.6375 -0.3419
vn 0.7314 0.5884 -0.3448
vn 0.7584 0.5310 -0.3779
vn 0.7678 0.5192 -0.3754
vn 0.7968 0.4387 -0.4157
vn 0.7994 0.4339 -0.4154
vn 0.8153 0.3796 -0.4372
vn 0.8066 0.3973 -0.4376
vn 0.8295 0.3411 -0.4422
vn 0.3043 0.9489 0.0837
vn 0.2905 0.9542 0.0717
vn 0.2448 0.9671 0.0693
vn 0.2749 0.9612 0.0216
vn 0.2060 0.9690 0.1367
vn 0.2968 0.9546 0.0268
vn 0.3019 0.9532 0.0158
vn 0.3379 0.9409 0.0227
vn 0.3570 0.9340 -0.0142
vn 0.3438 0.9390 -0.0106
vn 0.3843 0.9229 -0.0235
vn 0.1688 0.8796 -0.4447
vn 0.5290 0.8460 -0.0671
vn 0.5925 0.7994 -0.0995
vn 0.7800 0.5597 -0.2798
vn 0.8309 0.4581 -0.3159
vn 0.8952 0.0302 -0.4447
vn 0.8906 0.0348 -0.4534
vn 0.8885 0.0873 -0.4505
vn 0.8505 0.3710 -0.3728
vn 0.8675 0.2791 -0.4118
vn 0.8740 0.2946 -0.3864
vn 0.8748 0.2020 -0.4403
vn 0.8846 0.2227 -0.4098
vn 0.8856 0.1736 -0.4308
vn 0.8850 0.1510 -0.4404
vn 0.8860 0.1487 -0.4392
vn 0.8907 0.0923 -0.4452
vn 0.8179 0.4764 -0.3225
vn 0.8543 0.3828 -0.3517
vn 0.8539 0.3745 -0.3613
vn 0.8764 0.3058 -0.3720
vn 0.8698 0.2810 -0.4055
vn 0.9041 0.2292 -0.3607
vn 0.8422 0.1893 -0.5048
vn 0.4943 0.8691 -0.0211
vn 0.4784 0.8779 -0.0221
vn 0.5184 0.8542 -0.0397
vn 0.5844 0.8102 0.0452
vn 0.5608 0.8221 -0.0983
vn 0.5926 0.7988 -0.1035
vn 0.6184 0.7750 -0.1300
vn 0.6589 0.7353 -0.1586
vn 0.6589 0.7354 -0.1582
vn 0.7328 0.6440 -0.2199
vn 0.7330 0.6387 -0.2339
vn 0.7893 0.5473 -0.2784
vn 0.4288 0.9033 -0.0124
vn 0.4065 0.9080 0.1011
vn 0.3827 0.9238 0.0096
vn 0.3248 0.9171 0.2313
vn 0.3466 0.9377 0.0230
vn 0.2975 0.9421 0.1548
vn 0.4067 0.9095 0.0859
vn 0.3681 0.9065 0.2066
vn 0.4357 0.8918 0.1221
vn 0.4472 0.8939 0.0295
vn 0.5355 0.8417 0.0692
vn 0.5668 0.8235 0.0227
vn 0.5531 0.8327 0.0253
vn 0.6337 0.7729 -0.0318
vn 0.6471 0.7619 -0.0282
vn 0.6927 0.7195 -0.0506
vn 0.6851 0.7262 -0.0571
vn 0.7740 0.6290 -0.0730
vn 0.8714 0.3840 -0.3052
vn 0.9033 0.3396 -0.2622
vn 0.9037 0.3074 -0.2980
vn 0.9195 0.2445 -0.3077
vn 0.9185 0.2379 -0.3160
vn 0.9391 0.0345 -0.3418
vn 0.9313 0.0948 -0.3517
vn 0.9348 0.0404 -0.3528
vn 0.9281 0.0313 -0.3709
vn 0.9266 0.1627 -0.3390
vn 0.9287 0.1742 -0.3273
vn 0.9719 0.1652 -0.1679
vn 0.9056 0.2362 -0.3522
vn 0.9202 0.2497 -0.3014
vn 0.9171 0.3146 -0.2449
vn 0.9013 0.3370 -0.2722
vn 0.8874 0.4031 -0.2236
vn 0.8789 0.4189 -0.2284
vn 0.8487 0.4825 -0.2165
vn 0.8610 0.4621 -0.2123
vn 0.8182 0.5517 -0.1619
vn 0.8312 0.5327 -0.1591
vn 0.7708 0.6230 -0.1332
vn 0.7789 0.6138 -0.1285
vn 0.6990 0.7101 -0.0845
vn 0.4711 0.8758 0.1053
vn 0.4946 0.8619 0.1122
vn 0.4636 0.8789 0.1121
vn 0.4661 0.8665 0.1785
vn 0.5265 0.8117 0.2528
vn 0.5717 0.7898 0.2220
vn 0.7246 0.6809 0.1065
vn 0.5700 0.8107 -0.1333
vn 0.6783 0.7202 0.1458
vn 0.6168 0.7736 0.1453
vn 0.5725 0.7906 0.2172
vn 0.8778 0.4768 0.0470
vn 0.8473 0.5300 -0.0358
vn 0.8967 0.4381 -0.0629
vn 0.9442 0.2927 -0.1510
vn 0.9447 0.2917 -0.1500
vn 0.9558 0.2378 -0.1729
vn 0.9650 0.1979 -0.1723
vn 0.9650 0.1814 -0.1895
vn 0.9809 0.0377 -0.1909
vn 0.9766 0.0491 -0.2094
vn 0.9718 0.1160 -0.2052
vn 0.9746 0.1054 -0.1976
vn 0.9689 0.1567 -0.1916
vn 0.8159 0.0452 0.5764
vn 0.9686 0.1996 -0.1480
vn 0.9544 0.2801 -0.1035
vn 0.9467 0.2947 -0.1299
vn 0.9289 0.3627 -0.0750
vn 0.9144 0.3948 -0.0896
vn 0.8951 0.4413 -0.0639
vn 0.8947 0.4421 -0.0639
vn 0.8730 0.4863 0.0374
vn 0.8434 0.5372 -0.0065
vn 0.8090 0.5857 0.0500
vn 0.7879 0.6140 0.0468
vn 0.7596 0.6472 0.0644
vn 0.8398 0.4902 0.2335
vn 0.7824 0.5940 0.1871
vn 0.7876 0.5415 0.2939
vn 0.7375 0.5974 0.3150
vn 0.6075 0.6174 0.4998
vn 0.6853 0.6577 0.3128
vn 0.6131 0.7230 0.3183
vn 0.6131 0.7230 0.3182
vn 0.5660 0.7947 0.2195
vn 0.6489 0.7280 0.2214
vn 0.6753 0.7231 0.1450
vn 0.7117 0.6908 0.1277
vn 0.7258 0.6802 0.1027
vn 0.7739 0.6223 0.1175
vn 0.8081 0.5873 0.0441
vn 0.9026 0.3958 0.1694
vn 0.9551 0.2927 0.0450
vn 0.9691 0.2370 0.0685
vn 0.9778 0.2069 0.0320
vn 0.9897 0.1399 0.0314
vn 0.9905 0.1332 0.0354
vn 0.9969 0.0784 0.0045
vn 0.9984 0.0551 0.0134
vn 0.9997 0.0200 -0.0133
vn 0.9969 0.0393 0.0684
vn 0.9962 0.0264 0.0827
vn 0.9877 0.1145 0.1064
vn 0.9880 0.1327 0.0786
vn 0.9790 0.1689 0.1138
vn 0.9668 0.2210 0.1283
vn 0.9643 0.2391 0.1135
vn 0.9419 0.2960 0.1589
vn 0.9373 0.3336 0.1011
vn 0.9253 0.3512 0.1433
vn 0.9233 0.3521 0.1535
vn 0.9127 0.3707 0.1721
vn 0.9114 0.3707 0.1787
vn 0.8733 0.4046 0.2715
vn 0.7060 0.4623 0.5365
vn 0.8829 0.1602 0.4413
vn 0.7866 0.1034 0.6087
vn 0.8318 0.1788 0.5255
vn 0.8302 0.2118 0.5157
vn 0.8160 0.2782 0.5067
vn 0.8033 0.2642 0.5338
vn 0.8043 0.3532 0.4778
vn 0.7725 0.0602 0.6322
vn 0.7645 0.2757 0.5827
vn 0.7627 0.1811 0.6209
vn 0.7847 0.1544 0.6004
vn 0.7773 0.0647 0.6258
vn 0.8318 0.0421 0.5534
vn 0.8389 0.0252 0.5437
vn 0.8732 0.4526 0.1807
vn 0.8410 0.4863 0.2370
vn 0.8231 0.4906 0.2859
vn 0.8034 0.5139 0.3006
vn 0.7817 0.5174 0.3482
vn 0.6888 0.5536 0.4682
vn 0.8045 0.3969 0.4420
vn 0.7340 0.3962 0.5516
vn 0.7368 0.3024 0.6047
vn 0.6403 0.5424 0.5438
vn 0.6436 0.6261 0.4402
vn 0.5493 0.6566 0.5169
vn 0.5950 0.7169 0.3635
vn 0.4571 0.7581 0.4652
vn 0.1771 0.9825 0.0582
vn 0.2245 0.9697 0.0964
vn 0.1040 0.9855 -0.1343
vn 0.0910 0.9904 -0.1039
vn 0.0919 0.9907 -0.1000
vn 0.0507 0.9985 -0.0189
vn 0.0865 0.9957 -0.0335
vn 0.0824 0.9964 -0.0187
vn 0.1064 0.9940 -0.0236
vn 0.1173 0.9930 -0.0142
vn 0.1503 0.9874 -0.0503
vn 0.4599 0.8623 0.2122
vn 0.4255 0.8884 0.1724
vn 0.3937 0.9055 0.1581
vn 0.3945 0.9041 0.1641
vn 0.3104 0.9423 0.1258
vn 0.3059 0.9415 0.1416
vn 0.2351 0.9680 0.0877
vn 0.2489 0.9663 0.0658
vn 0.1865 0.9814 0.0454
vn 0.1860 0.9814 0.0472
vn 0.1379 0.9899 0.0337
vn 0.1486 0.9888 0.0137
vn 0.1499 0.9885 0.0212
vn 0.3104 0.9422 0.1257
vn 0.3394 0.9162 0.2131
vn 0.3689 0.9085 0.1964
vn 0.3991 0.8820 0.2505
vn 0.4279 0.8716 0.2392
vn 0.4695 0.8307 0.2991
vn 0.5039 0.8139 0.2891
vn 0.5267 0.7879 0.3190
vn 0.5981 0.7242 0.3431
vn 0.5978 0.7163 0.3600
vn 0.6713 0.6202 0.4057
vn 0.6718 0.6251 0.3974
vn 0.7377 0.5139 0.4378
vn 0.6931 0.5142 0.5051
vn 0.6970 0.4237 0.5785
vn 0.7224 -0.0000 -0.6915
s 0
usemtl finger
f 28//19 29//19 30//19
f 30//20 29//20 31//20
f 32//21 33//21 34//21
f 34//22 33//22 35//22
f 34//23 35//23 31//23
f 31//24 35//24 36//24
f 31//25 36//25 30//25
f 32//26 34//26 37//26
f 37//27 34//27 38//27
f 37//28 38//28 39//28
f 40//29 41//29 42//29
f 42//29 41//29 43//29
f 40//29 44//29 41//29
f 41//29 44//29 45//29
f 41//29 45//29 46//29
f 47//29 48//29 49//29
f 49//29 48//29 50//29
f 49//29 50//29 51//29
f 51//29 50//29 52//29
f 51//29 52//29 43//29
f 43//29 52//29 53//29
f 43//29 53//29 42//29
f 54//30 55//30 56//30
f 54//31 56//31 57//31
f 57//32 56//32 58//32
f 57//33 58//33 59//33
f 59//34 58//34 60//34
f 59//35 60//35 61//35
f 61//36 60//36 41//36
f 61//37 41//37 46//37
f 47//38 49//38 62//38
f 62//38 49//38 63//38
f 64//38 62//38 65//38
f 65//38 62//38 63//38
f 65//38 63//38 38//38
f 38//38 63//38 55//38
f 38//38 55//38 39//38
f 39//38 55//38 54//38
f 66//1 29//1 67//1
f 68//1 62//1 69//1
f 69//1 62//1 64//1
f 69//1 64//1 70//1
f 71//1 67//1 72//1
f 72//1 67//1 29//1
f 72//1 29//1 28//1
f 67//1 73//1 66//1
f 66//1 73//1 74//1
f 66//1 74//1 70//1
f 70//1 74//1 75//1
f 70//1 75//1 69//1
f 76//39 77//39 78//39
f 67//40 71//40 79//40
f 80//41 81//41 79//41
f 79//42 81//42 82//42
f 79//43 82//43 67//43
f 79//44 83//44 80//44
f 80//45 83//45 84//45
f 80//46 84//46 77//46
f 77//47 84//47 85//47
f 77//48 85//48 78//48
f 76//49 78//49 86//49
f 86//50 78//50 87//50
f 86//51 87//51 88//51
f 89//52 86//52 90//52
f 90//52 86//52 88//52
f 90//53 91//53 89//53
f 89//54 91//54 92//54
f 89//55 92//55 93//55
f 92//56 94//56 93//56
f 93//57 94//57 95//57
f 93//58 95//58 96//58
f 96//59 95//59 97//59
f 96//60 97//60 98//60
f 97//61 99//61 98//61
f 98//62 99//62 100//62
f 98//63 100//63 101//63
f 101//64 100//64 44//64
f 101//65 44//65 40//65
f 177//97 178//97 179//97
f 177//98 179//98 180//98
f 180//99 179//99 181//99
f 180//100 181//100 182//100
f 183//29 184//29 185//29
f 186//29 187//29 188//29
f 188//29 187//29 189//29
f 185//29 184//29 190//29
f 190//29 184//29 191//29
f 190//29 191//29 192//29
f 192//29 191//29 189//29
f 192//29 189//29 193//29
f 193//29 189//29 187//29
f 193//29 187//29 194//29
f 185//29 195//29 183//29
f 183//29 195//29 196//29
f 183//29 196//29 197//29
f 197//29 196//29 198//29
f 197//29 198//29 199//29
f 199//29 198//29 200//29
f 199//29 200//29 201//29
f 201//29 200//29 202//29
f 201//29 202//29 203//29
f 203//29 202//29 204//29
f 204//29 181//29 203//29
f 203//29 181//29 179//29
f 203//29 179//29 178//29
f 205//101 206//101 207//101
f 208//102 209//102 210//102
f 211//103 212//103 213//103
f 214//104 215//104 207//104
f 216//105 217//105 218//105
f 219//106 220//106 217//106
f 214//107 207//107 221//107
f 221//108 207//108 206//108
f 221//109 206//109 222//109
f 222//110 206//110 205//110
f 222//111 205//111 223//111
f 223//112 224//112 225//112
f 225//113 224//113 226//113
f 227//114 228//114 229//114
f 229//115 228//115 230//115
f 229//116 230//116 231//116
f 231//117 230//117 232//117
f 231//118 232//118 233//118
f 233//119 232//119 234//119
f 235//120 236//120 237//120
f 238//121 239//121 213//121
f 213//122 239//122 240//122
f 213//123 240//123 211//123
f 241//124 242//124 243//124
f 243//125 242//125 244//125
f 244//126 242//126 245//126
f 244//127 245//127 246//127
f 247//128 248//128 249//128
f 250//129 251//129 209//129
f 209//130 251//130 252//130
f 209//131 252//131 210//131
f 210//132 252//132 253//132
f 254//133 255//133 256//133
f 256//134 255//134 257//134
f 258//135 259//135 260//135
f 260//136 259//136 261//136
f 260//136 261//136 262//136
f 262//137 261//137 263//137
f 262//137 263//137 264//137
f 264//138 263//138 238//138
f 264//138 238//138 235//138
f 235//139 238//139 213//139
f 235//139 213//139 236//139
f 236//140 213//140 212//140
f 236//141 212//141 237//141
f 237//142 212//142 265//142
f 259//143 243//143 261//143
f 261//144 243//144 244//144
f 261//145 244//145 263//145
f 263//146 244//146 246//146
f 263//147 246//147 238//147
f 238//148 246//148 266//148
f 238//149 266//149 239//149
f 223//150 205//150 224//150
f 224//151 205//151 267//151
f 224//152 267//152 226//152
f 226//153 267//153 268//153
f 226//154 268//154 269//154
f 255//155 250//155 257//155
f 257//156 250//156 209//156
f 257//157 209//157 270//157
f 270//158 209//158 208//158
f 270//159 208//159 271//159
f 272//160 273//160 274//160
f 274//161 273//161 275//161
f 274//162 275//162 271//162
f 271//163 275//163 276//163
f 271//164 276//164 270//164
f 270//165 276//165 277//165
f 270//166 277//166 257//166
f 257//167 277//167 278//167
f 257//168 278//168 256//168
f 279//169 280//169 281//169
f 281//170 280//170 282//170
f 281//171 282//171 283//171
f 283//172 282//172 284//172
f 283//173 284//173 285//173
f 285//174 284//174 286//174
f 285//175 286//175 287//175
f 287//176 286//176 288//176
f 287//177 288//177 289//177
f 289//178 288//178 290//178
f 289//179 290//179 291//179
f 291//180 290//180 292//180
f 291//181 292//181 293//181
f 237//182 294//182 235//182
f 235//183 294//183 227//183
f 235//184 227//184 264//184
f 264//185 227//185 229//185
f 264//186 229//186 262//186
f 262//187 229//187 231//187
f 262//188 231//188 260//188
f 260//189 231//189 233//189
f 260//190 233//190 258//190
f 258//191 233//191 234//191
f 217//192 216//192 219//192
f 219//193 216//193 295//193
f 219//194 295//194 296//194
f 296//195 295//195 297//195
f 296//196 297//196 298//196
f 298//197 297//197 299//197
f 298//198 299//198 300//198
f 300//199 299//199 301//199
f 300//200 301//200 234//200
f 234//201 301//201 302//201
f 234//202 302//202 258//202
f 258//203 302//203 303//203
f 258//135 303//135 259//135
f 259//204 303//204 304//204
f 259//143 304//143 243//143
f 243//205 304//205 305//205
f 243//206 305//206 241//206
f 306//207 279//207 307//207
f 307//208 279//208 281//208
f 307//209 281//209 308//209
f 308//171 281//171 283//171
f 308//210 283//210 309//210
f 309//211 283//211 285//211
f 309//212 285//212 310//212
f 310//213 285//213 287//213
f 310//214 287//214 311//214
f 311//177 287//177 289//177
f 311//215 289//215 312//215
f 312//179 289//179 291//179
f 312//216 291//216 247//216
f 247//217 291//217 293//217
f 247//218 293//218 248//218
f 313//219 220//219 215//219
f 215//220 220//220 219//220
f 215//221 219//221 207//221
f 207//194 219//194 296//194
f 207//222 296//222 205//222
f 205//196 296//196 298//196
f 205//151 298//151 267//151
f 267//198 298//198 300//198
f 267//223 300//223 268//223
f 268//224 300//224 234//224
f 268//225 234//225 269//225
f 269//226 234//226 232//226
f 280//227 272//227 282//227
f 282//228 272//228 274//228
f 282//229 274//229 284//229
f 284//230 274//230 271//230
f 284//231 271//231 286//231
f 286//232 271//232 208//232
f 286//176 208//176 288//176
f 288//102 208//102 210//102
f 288//178 210//178 290//178
f 290//233 210//233 253//233
f 290//234 253//234 292//234
f 218//235 306//235 216//235
f 216//236 306//236 307//236
f 216//193 307//193 295//193
f 295//209 307//209 308//209
f 295//237 308//237 297//237
f 297//210 308//210 309//210
f 297//197 309//197 299//197
f 299//238 309//238 310//238
f 299//199 310//199 301//199
f 301//239 310//239 311//239
f 301//240 311//240 302//240
f 302//241 311//241 312//241
f 302//203 312//203 303//203
f 303//242 312//242 247//242
f 303//204 247//204 304//204
f 304//243 247//243 249//243
f 304//244 249//244 305//244
f 314//245 265//245 212//245
f 314//245 212//245 315//245
f 315//246 212//246 211//246
f 315//246 211//246 316//246
f 211//247 317//247 316//247
f 316//248 317//248 318//248
f 254//249 319//249 255//249
f 255//250 319//250 320//250
f 255//251 320//251 250//251
f 250//252 320//252 321//252
f 250//253 321//253 251//253
f 251//254 321//254 322//254
f 251//255 322//255 252//255
f 322//256 323//256 252//256
f 252//257 323//257 324//257
f 252//258 324//258 253//258
f 253//259 324//259 292//259
f 292//260 324//260 325//260
f 292//261 325//261 293//261
f 293//262 325//262 326//262
f 293//263 326//263 248//263
f 248//264 326//264 327//264
f 248//265 327//265 249//265
f 249//266 327//266 328//266
f 249//267 328//267 305//267
f 305//268 328//268 329//268
f 305//269 329//269 241//269
f 241//270 329//270 330//270
f 241//271 330//271 242//271
f 242//272 330//272 245//272
f 245//273 330//273 331//273
f 245//274 331//274 246//274
f 246//275 331//275 332//275
f 246//276 332//276 266//276
f 266//277 332//277 239//277
f 239//278 332//278 333//278
f 239//279 333//279 240//279
f 333//280 334//280 240//280
f 240//281 334//281 317//281
f 240//282 317//282 211//282
f 335//283 336//283 337//283
f 337//284 336//284 338//284
f 339//285 340//285 341//285
f 336//286 342//286 338//286
f 338//287 342//287 343//287
f 338//288 343//288 344//288
f 344//289 343//289 345//289
f 344//290 345//290 346//290
f 346//291 345//291 347//291
f 346//292 347//292 348//292
f 348//293 347//293 349//293
f 348//294 349//294 350//294
f 350//295 349//295 351//295
f 350//296 351//296 341//296
f 341//297 351//297 352//297
f 341//298 352//298 339//298
f 353//299 354//299 355//299
f 355//300 354//300 356//300
f 355//301 356//301 357//301
f 357//302 356//302 358//302
f 340//303 359//303 341//303
f 341//304 359//304 360//304
f 341//305 360//305 361//305
f 361//306 362//306 341//306
f 341//307 362//307 363//307
f 341//308 363//308 356//308
f 356//309 363//309 364//309
f 356//310 364//310 365//310
f 365//311 366//311 356//311
f 356//312 366//312 367//312
f 356//313 367//313 358//313
f 368//314 369//314 370//314
f 370//315 369//315 371//315
f 370//316 371//316 372//316
f 373//317 374//317 375//317
f 375//318 374//318 370//318
f 375//319 370//319 376//319
f 376//320 370//320 372//320
f 353//321 377//321 354//321
f 354//322 377//322 378//322
f 354//323 378//323 379//323
f 379//324 378//324 380//324
f 379//325 380//325 381//325
f 381//326 382//326 379//326
f 379//327 382//327 383//327
f 379//328 383//328 370//328
f 383//329 384//329 370//329
f 370//330 384//330 385//330
f 370//331 385//331 386//331
f 386//332 387//332 370//332
f 370//333 387//333 388//333
f 370//334 388//334 368//334
f 373//335 389//335 374//335
f 374//336 389//336 390//336
f 374//337 390//337 391//337
f 391//338 390//338 392//338
f 391//339 392//339 393//339
f 393//340 392//340 394//340
f 393//341 394//341 395//341
f 395//342 394//342 396//342
f 395//343 396//343 397//343
f 397//344 396//344 398//344
f 397//345 398//345 399//345
f 399//346 398//346 400//346
f 399//347 400//347 401//347
f 401//348 400//348 402//348
f 401//349 402//349 403//349
f 319//350 254//350 404//350
f 319//351 404//351 405//351
f 405//352 404//352 335//352
f 405//353 335//353 337//353
f 406//1 273//1 407//1
f 407//1 273//1 272//1
f 407//1 272//1 408//1
f 408//1 272//1 280//1
f 408//1 280//1 409//1
f 409//1 280//1 279//1
f 409//1 279//1 306//1
f 306//1 218//1 409//1
f 409//1 218//1 410//1
f 409//1 410//1 411//1
f 411//1 410//1 412//1
f 404//1 254//1 256//1
f 335//1 404//1 413//1
f 413//1 404//1 256//1
f 413//1 256//1 414//1
f 414//1 256//1 278//1
f 414//1 278//1 415//1
f 415//1 278//1 277//1
f 415//1 277//1 416//1
f 416//1 277//1 276//1
f 416//1 276//1 406//1
f 406//1 276//1 275//1
f 406//1 275//1 273//1
f 417//354 418//354 419//354
f 420//355 421//355 422//355
f 423//356 424//356 425//356
f 426//357 427//357 428//357
f 419//358 418//358 429//358
f 430//359 431//359 432//359
f 431//360 430//360 433//360
f 434//361 435//361 436//361
f 436//362 435//362 437//362
f 438//363 439//363 440//363
f 440//364 439//364 441//364
f 440//365 441//365 442//365
f 443//366 444//366 445//366
f 445//367 444//367 446//367
f 445//368 446//368 447//368
f 447//369 446//369 448//369
f 447//370 448//370 449//370
f 450//371 451//371 452//371
f 433//372 453//372 431//372
f 431//373 453//373 454//373
f 431//374 454//374 432//374
f 432//375 454//375 455//375
f 432//376 455//376 456//376
f 457//377 458//377 459//377
f 460//378 461//378 462//378
f 462//379 461//379 463//379
f 464//380 458//380 465//380
f 465//381 458//381 457//381
f 465//382 457//382 466//382
f 467//383 468//383 469//383
f 469//384 468//384 430//384
f 469//385 430//385 470//385
f 470//386 430//386 432//386
f 470//387 432//387 450//387
f 450//388 432//388 456//388
f 450//389 456//389 451//389
f 468//390 471//390 430//390
f 430//391 471//391 466//391
f 430//392 466//392 433//392
f 433//393 466//393 457//393
f 433//394 457//394 453//394
f 453//395 457//395 459//395
f 453//396 459//396 454//396
f 472//397 473//397 474//397
f 474//398 473//398 475//398
f 474//399 475//399 476//399
f 476//400 475//400 477//400
f 476//401 477//401 417//401
f 478//402 450//402 443//402
f 443//403 450//403 452//403
f 443//404 452//404 444//404
f 478//405 443//405 479//405
f 479//406 443//406 445//406
f 479//407 445//407 480//407
f 480//408 445//408 447//408
f 480//409 447//409 481//409
f 481//410 447//410 449//410
f 481//411 449//411 482//411
f 449//412 438//412 482//412
f 482//413 438//413 440//413
f 482//414 440//414 483//414
f 483//415 440//415 442//415
f 483//416 442//416 484//416
f 472//417 485//417 486//417
f 485//418 487//418 486//418
f 486//419 487//419 488//419
f 486//420 488//420 489//420
f 490//421 491//421 492//421
f 492//422 491//422 493//422
f 492//423 493//423 494//423
f 494//424 493//424 495//424
f 494//425 495//425 496//425
f 496//426 495//426 489//426
f 496//427 489//427 497//427
f 497//428 489//428 488//428
f 498//429 486//429 499//429
f 499//430 486//430 489//430
f 499//431 489//431 500//431
f 500//432 489//432 495//432
f 500//433 495//433 501//433
f 502//434 498//434 503//434
f 503//435 498//435 499//435
f 503//436 499//436 504//436
f 504//437 499//437 500//437
f 504//438 500//438 505//438
f 505//439 500//439 501//439
f 505//440 501//440 506//440
f 507//441 502//441 508//441
f 508//442 502//442 503//442
f 508//443 503//443 509//443
f 509//444 503//444 504//444
f 509//445 504//445 510//445
f 510//446 504//446 505//446
f 510//447 505//447 511//447
f 511//448 505//448 506//448
f 511//449 506//449 512//449
f 422//450 421//450 513//450
f 514//451 515//451 516//451
f 516//452 515//452 517//452
f 516//453 517//453 518//453
f 512//454 519//454 511//454
f 511//455 519//455 520//455
f 511//456 520//456 510//456
f 510//457 520//457 521//457
f 510//458 521//458 509//458
f 509//459 521//459 522//459
f 509//460 522//460 508//460
f 508//461 522//461 523//461
f 508//462 523//462 507//462
f 507//463 523//463 524//463
f 507//464 524//464 525//464
f 525//465 524//465 526//465
f 525//466 526//466 527//466
f 528//467 529//467 530//467
f 530//468 529//468 531//468
f 530//469 531//469 532//469
f 532//470 531//470 533//470
f 532//471 533//471 534//471
f 534//472 533//472 535//472
f 534//473 535//473 536//473
f 536//474 535//474 537//474
f 536//475 537//475 513//475
f 529//476 538//476 531//476
f 531//477 538//477 539//477
f 531//478 539//478 533//478
f 533//479 539//479 540//479
f 533//480 540//480 535//480
f 535//481 540//481 541//481
f 535//482 541//482 542//482
f 543//483 544//483 545//483
f 545//484 544//484 546//484
f 472//485 486//485 473//485
f 473//486 486//486 498//486
f 473//487 498//487 475//487
f 475//488 498//488 502//488
f 475//489 502//489 477//489
f 477//490 502//490 507//490
f 477//491 507//491 417//491
f 417//492 507//492 525//492
f 417//493 525//493 418//493
f 418//494 525//494 527//494
f 418//495 527//495 429//495
f 519//496 528//496 520//496
f 520//497 528//497 530//497
f 520//498 530//498 521//498
f 521//499 530//499 532//499
f 521//500 532//500 522//500
f 522//501 532//501 534//501
f 522//502 534//502 523//502
f 523//503 534//503 536//503
f 523//504 536//504 524//504
f 524//505 536//505 513//505
f 524//506 513//506 526//506
f 526//507 513//507 421//507
f 526//508 421//508 527//508
f 527//509 421//509 420//509
f 527//510 420//510 429//510
f 547//511 548//511 549//511
f 549//512 548//512 550//512
f 549//513 550//513 551//513
f 551//514 550//514 552//514
f 551//515 552//515 553//515
f 553//516 552//516 554//516
f 553//517 554//517 555//517
f 555//518 554//518 556//518
f 555//519 556//519 557//519
f 557//520 556//520 558//520
f 557//521 558//521 559//521
f 560//522 558//522 561//522
f 561//523 558//523 556//523
f 561//524 556//524 562//524
f 562//525 556//525 554//525
f 562//526 554//526 563//526
f 563//527 554//527 552//527
f 563//528 552//528 564//528
f 564//529 552//529 550//529
f 564//530 550//530 565//530
f 565//531 550//531 548//531
f 565//532 548//532 566//532
f 566//533 548//533 547//533
f 560//534 567//534 558//534
f 558//535 567//535 568//535
f 558//536 568//536 559//536
f 569//537 570//537 559//537
f 559//538 570//538 571//538
f 559//539 571//539 557//539
f 557//540 571//540 572//540
f 557//541 572//541 555//541
f 555//542 572//542 573//542
f 555//543 573//543 553//543
f 553//544 573//544 574//544
f 553//545 574//545 551//545
f 551//546 574//546 575//546
f 551//547 575//547 549//547
f 549//548 551//548 547//548
f 547//549 551//549 576//549
f 547//550 576//550 566//550
f 577//551 424//551 578//551
f 578//552 424//552 423//552
f 578//553 423//553 579//553
f 427//554 426//554 580//554
f 580//555 426//555 581//555
f 580//556 581//556 515//556
f 515//557 581//557 582//557
f 515//558 582//558 517//558
f 577//559 569//559 424//559
f 424//560 569//560 559//560
f 424//561 559//561 425//561
f 425//562 559//562 568//562
f 425//563 568//563 545//563
f 545//564 568//564 567//564
f 545//565 567//565 543//565
f 435//566 583//566 437//566
f 437//567 583//567 584//567
f 437//568 584//568 585//568
f 585//569 584//569 460//569
f 585//570 460//570 586//570
f 586//571 460//571 462//571
f 586//572 462//572 587//572
f 587//573 462//573 588//573
f 587//574 588//574 589//574
f 589//575 588//575 590//575
f 589//576 590//576 591//576
f 592//577 593//577 594//577
f 594//578 593//578 595//578
f 463//579 596//579 462//579
f 462//580 596//580 597//580
f 462//581 597//581 588//581
f 588//582 597//582 598//582
f 588//583 598//583 590//583
f 590//584 598//584 599//584
f 590//585 599//585 595//585
f 595//586 599//586 600//586
f 595//587 600//587 594//587
f 463//588 601//588 596//588
f 596//589 601//589 464//589
f 596//590 464//590 597//590
f 597//591 464//591 465//591
f 597//592 465//592 598//592
f 598//593 465//593 466//593
f 598//594 466//594 599//594
f 599//595 466//595 471//595
f 599//596 471//596 600//596
f 600//597 471//597 468//597
f 600//598 468//598 594//598
f 594//599 468//599 467//599
f 594//600 467//600 592//600
f 427//601 602//601 428//601
f 428//602 602//602 603//602
f 428//603 603//603 604//603
f 604//604 603//604 593//604
f 604//605 593//605 605//605
f 605//606 593//606 592//606
f 605//607 592//607 606//607
f 606//608 592//608 467//608
f 606//609 467//609 607//609
f 607//610 467//610 469//610
f 607//611 469//611 608//611
f 608//612 469//612 470//612
f 608//613 470//613 609//613
f 609//614 470//614 450//614
f 609//615 450//615 610//615
f 610//616 450//616 478//616
f 591//617 590//617 611//617
f 611//618 590//618 595//618
f 611//619 595//619 612//619
f 612//620 595//620 593//620
f 612//621 593//621 613//621
f 613//622 593//622 603//622
f 613//623 603//623 614//623
f 614//624 603//624 602//624
f 614//625 602//625 615//625
f 616//626 538//626 617//626
f 617//627 538//627 529//627
f 617//628 529//628 618//628
f 618//629 529//629 528//629
f 618//630 528//630 619//630
f 619//631 528//631 519//631
f 619//632 519//632 620//632
f 620//633 519//633 512//633
f 620//634 512//634 621//634
f 621//635 512//635 506//635
f 621//636 506//636 622//636
f 622//637 506//637 501//637
f 622//638 501//638 623//638
f 623//639 501//639 495//639
f 623//640 495//640 624//640
f 624//641 495//641 493//641
f 514//642 579//642 515//642
f 515//643 579//643 423//643
f 515//644 423//644 580//644
f 580//645 423//645 425//645
f 580//646 425//646 427//646
f 427//647 425//647 545//647
f 427//648 545//648 602//648
f 602//649 545//649 546//649
f 602//650 546//650 615//650
f 484//651 490//651 483//651
f 483//652 490//652 492//652
f 483//653 492//653 482//653
f 482//654 492//654 494//654
f 482//655 494//655 481//655
f 481//656 494//656 496//656
f 481//657 496//657 480//657
f 480//658 496//658 497//658
f 480//659 497//659 479//659
f 479//660 497//660 488//660
f 479//661 488//661 478//661
f 478//662 488//662 487//662
f 478//663 487//663 610//663
f 610//664 487//664 485//664
f 610//665 485//665 609//665
f 609//666 485//666 472//666
f 609//667 472//667 608//667
f 608//668 472//668 474//668
f 608//669 474//669 607//669
f 607//670 474//670 476//670
f 607//671 476//671 606//671
f 606//672 476//672 417//672
f 606//673 417//673 605//673
f 605//674 417//674 419//674
f 605//675 419//675 604//675
f 604//676 419//676 429//676
f 604//677 429//677 428//677
f 428//678 429//678 420//678
f 428//679 420//679 426//679
f 426//680 420//680 422//680
f 426//681 422//681 581//681
f 581//682 422//682 513//682
f 581//683 513//683 582//683
f 582//684 513//684 537//684
f 582//685 537//685 517//685
f 517//686 537//686 535//686
f 517//687 535//687 518//687
f 518//688 535//688 542//688
f 538//689 616//689 625//689
f 626//690 627//690 628//690
f 574//691 573//691 628//691
f 576//692 551//692 628//692
f 628//693 551//693 575//693
f 628//694 575//694 574//694
f 573//695 572//695 628//695
f 628//696 572//696 571//696
f 628//697 571//697 626//697
f 629//698 567//698 630//698
f 630//699 567//699 560//699
f 630//700 560//700 631//700
f 631//701 560//701 632//701
f 632//702 560//702 561//702
f 632//703 561//703 628//703
f 561//704 562//704 628//704
f 628//705 562//705 563//705
f 628//706 563//706 564//706
f 564//707 565//707 628//707
f 628//708 565//708 566//708
f 628//709 566//709 576//709
f 614//710 615//710 633//710
f 633//711 615//711 546//711
f 633//712 546//712 634//712
f 634//713 546//713 544//713
f 634//714 544//714 629//714
f 629//715 544//715 543//715
f 629//716 543//716 567//716
f 635//717 613//717 636//717
f 636//718 613//718 614//718
f 636//719 614//719 637//719
f 637//720 614//720 633//720
f 589//721 591//721 412//721
f 412//722 591//722 611//722
f 412//723 611//723 635//723
f 635//724 611//724 612//724
f 635//725 612//725 613//725
f 589//726 412//726 587//726
f 587//727 412//727 410//727
f 587//728 410//728 586//728
f 217//729 436//729 218//729
f 218//730 436//730 437//730
f 218//1 437//1 410//1
f 410//731 437//731 585//731
f 410//732 585//732 586//732
f 313//733 638//733 220//733
f 220//734 638//734 217//734
f 434//735 436//735 639//735
f 639//736 436//736 217//736
f 639//737 217//737 640//737
f 640//738 217//738 638//738
f 627//739 626//739 641//739
f 641//740 626//740 642//740
f 641//741 642//741 643//741
f 643//742 642//742 644//742
f 643//743 644//743 645//743
f 645//744 644//744 646//744
f 646//745 644//745 647//745
f 646//746 647//746 648//746
f 648//747 647//747 649//747
f 649//748 647//748 625//748
f 649//749 625//749 650//749
f 647//750 541//750 540//750
f 647//751 540//751 625//751
f 625//752 540//752 539//752
f 625//753 539//753 538//753
f 516//754 518//754 647//754
f 647//755 518//755 542//755
f 647//756 542//756 541//756
f 516//757 647//757 514//757
f 514//758 647//758 644//758
f 514//759 644//759 579//759
f 579//760 644//760 642//760
f 579//761 642//761 578//761
f 571//762 570//762 626//762
f 626//763 570//763 569//763
f 626//764 569//764 642//764
f 642//765 569//765 577//765
f 642//766 577//766 578//766
f 637//767 633//767 651//767
f 631//768 632//768 652//768
f 628//769 627//769 653//769
f 641//770 643//770 654//770
f 645//771 646//771 655//771
f 648//772 649//772 656//772
f 402//773 400//773 657//773
f 398//774 396//774 658//774
f 394//775 392//775 659//775
f 351//776 349//776 660//776
f 635//777 636//777 661//777
f 662//778 413//778 663//778
f 663//779 413//779 414//779
f 663//780 414//780 664//780
f 664//781 414//781 415//781
f 664//782 415//782 665//782
f 665//783 415//783 416//783
f 665//784 416//784 666//784
f 666//785 416//785 406//785
f 666//786 406//786 667//786
f 667//787 406//787 407//787
f 667//788 407//788 668//788
f 668//789 407//789 408//789
f 668//790 408//790 669//790
f 669//791 408//791 409//791
f 669//792 409//792 670//792
f 670//793 409//793 411//793
f 670//794 411//794 661//794
f 661//795 411//795 412//795
f 661//796 412//796 635//796
f 342//797 662//797 343//797
f 343//798 662//798 345//798
f 342//799 336//799 662//799
f 662//800 336//800 335//800
f 662//801 335//801 413//801
f 364//802 363//802 671//802
f 671//803 363//803 362//803
f 362//804 361//804 671//804
f 671//805 361//805 360//805
f 671//806 360//806 359//806
f 359//807 340//807 671//807
f 671//808 340//808 339//808
f 671//809 339//809 352//809
f 378//810 377//810 672//810
f 672//811 377//811 353//811
f 353//812 355//812 672//812
f 672//813 355//813 357//813
f 672//814 357//814 358//814
f 358//815 367//815 672//815
f 672//816 367//816 366//816
f 672//817 366//817 365//817
f 388//818 387//818 673//818
f 673//819 387//819 386//819
f 386//820 385//820 673//820
f 673//821 385//821 384//821
f 673//822 384//822 383//822
f 383//823 382//823 673//823
f 673//824 382//824 381//824
f 673//825 381//825 380//825
f 392//826 390//826 659//826
f 659//827 390//827 389//827
f 659//828 389//828 373//828
f 373//829 375//829 659//829
f 659//830 375//830 376//830
f 659//831 376//831 372//831
f 372//832 371//832 659//832
f 659//833 371//833 369//833
f 659//834 369//834 368//834
f 631//835 652//835 630//835
f 646//836 648//836 655//836
f 655//837 648//837 656//837
f 655//838 656//838 674//838
f 349//839 347//839 660//839
f 660//840 347//840 675//840
f 660//841 675//841 676//841
f 676//841 675//841 677//841
f 676//842 677//842 678//842
f 678//843 677//843 679//843
f 678//844 679//844 680//844
f 680//845 679//845 681//845
f 680//846 681//846 682//846
f 656//847 683//847 674//847
f 674//848 683//848 684//848
f 674//849 684//849 685//849
f 685//850 684//850 686//850
f 685//851 686//851 687//851
f 687//852 686//852 688//852
f 687//853 688//853 689//853
f 689//854 688//854 690//854
f 689//855 690//855 691//855
f 691//856 690//856 692//856
f 403//857 402//857 693//857
f 693//858 402//858 657//858
f 693//859 657//859 694//859
f 694//860 657//860 695//860
f 694//861 695//861 696//861
f 696//862 695//862 697//862
f 696//863 697//863 698//863
f 698//864 697//864 699//864
f 698//865 699//865 700//865
f 643//866 645//866 654//866
f 654//867 645//867 655//867
f 654//868 655//868 701//868
f 701//868 655//868 674//868
f 701//869 674//869 702//869
f 702//869 674//869 685//869
f 702//870 685//870 703//870
f 703//871 685//871 687//871
f 703//872 687//872 704//872
f 704//873 687//873 689//873
f 704//874 689//874 705//874
f 705//874 689//874 691//874
f 706//875 699//875 707//875
f 707//875 699//875 697//875
f 707//876 697//876 708//876
f 708//876 697//876 695//876
f 708//877 695//877 658//877
f 658//877 695//877 657//877
f 658//878 657//878 398//878
f 398//879 657//879 400//879
f 627//880 641//880 653//880
f 653//881 641//881 654//881
f 653//882 654//882 709//882
f 709//882 654//882 701//882
f 709//883 701//883 710//883
f 710//883 701//883 702//883
f 710//884 702//884 711//884
f 711//884 702//884 703//884
f 711//885 703//885 712//885
f 712//885 703//885 704//885
f 712//886 704//886 713//886
f 713//886 704//886 705//886
f 714//887 706//887 715//887
f 715//887 706//887 707//887
f 715//888 707//888 716//888
f 716//888 707//888 708//888
f 716//889 708//889 659//889
f 659//889 708//889 658//889
f 659//890 658//890 394//890
f 394//891 658//891 396//891
f 632//892 628//892 652//892
f 652//893 628//893 653//893
f 652//894 653//894 717//894
f 717//894 653//894 709//894
f 717//895 709//895 718//895
f 718//895 709//895 710//895
f 718//896 710//896 719//896
f 719//896 710//896 711//896
f 719//897 711//897 720//897
f 720//897 711//897 712//897
f 720//898 712//898 721//898
f 721//898 712//898 713//898
f 722//899 714//899 723//899
f 723//899 714//899 715//899
f 723//900 715//900 724//900
f 724//900 715//900 716//900
f 724//901 716//901 673//901
f 673//901 716//901 659//901
f 673//902 659//902 388//902
f 388//903 659//903 368//903
f 629//904 630//904 725//904
f 725//905 630//905 652//905
f 725//906 652//906 726//906
f 726//906 652//906 717//906
f 726//907 717//907 727//907
f 727//907 717//907 718//907
f 727//908 718//908 728//908
f 728//909 718//909 719//909
f 728//910 719//910 729//910
f 729//911 719//911 720//911
f 729//912 720//912 730//912
f 730//912 720//912 721//912
f 730//913 721//913 722//913
f 722//914 721//914 713//914
f 722//915 713//915 714//915
f 714//916 713//916 705//916
f 714//916 705//916 706//916
f 706//917 705//917 691//917
f 706//917 691//917 699//917
f 699//918 691//918 692//918
f 699//919 692//919 700//919
f 634//920 629//920 731//920
f 731//921 629//921 725//921
f 731//922 725//922 732//922
f 732//922 725//922 726//922
f 732//923 726//923 733//923
f 733//924 726//924 727//924
f 733//925 727//925 734//925
f 734//925 727//925 728//925
f 734//926 728//926 735//926
f 735//927 728//927 729//927
f 735//928 729//928 736//928
f 736//928 729//928 730//928
f 736//929 730//929 737//929
f 737//930 730//930 722//930
f 737//931 722//931 738//931
f 738//932 722//932 723//932
f 738//933 723//933 739//933
f 739//933 723//933 724//933
f 739//934 724//934 672//934
f 672//934 724//934 673//934
f 672//935 673//935 378//935
f 378//936 673//936 380//936
f 365//937 364//937 672//937
f 672//938 364//938 671//938
f 672//939 671//939 739//939
f 739//939 671//939 740//939
f 739//940 740//940 738//940
f 738//940 740//940 741//940
f 738//941 741//941 737//941
f 737//941 741//941 742//941
f 737//942 742//942 736//942
f 736//943 742//943 743//943
f 736//944 743//944 735//944
f 735//945 743//945 744//945
f 735//946 744//946 734//946
f 734//946 744//946 745//946
f 734//947 745//947 733//947
f 733//948 745//948 746//948
f 733//949 746//949 732//949
f 732//949 746//949 747//949
f 732//950 747//950 731//950
f 731//950 747//950 748//950
f 731//951 748//951 634//951
f 633//952 634//952 651//952
f 651//953 634//953 748//953
f 651//954 748//954 749//954
f 749//955 748//955 747//955
f 749//956 747//956 750//956
f 750//957 747//957 746//957
f 750//958 746//958 751//958
f 751//958 746//958 745//958
f 751//959 745//959 752//959
f 752//959 745//959 744//959
f 752//960 744//960 682//960
f 682//961 744//961 743//961
f 682//846 743//846 680//846
f 680//962 743//962 742//962
f 680//963 742//963 678//963
f 678//963 742//963 741//963
f 678//964 741//964 676//964
f 676//964 741//964 740//964
f 676//965 740//965 660//965
f 660//965 740//965 671//965
f 660//966 671//966 351//966
f 351//967 671//967 352//967
f 636//968 637//968 661//968
f 661//969 637//969 651//969
f 661//970 651//970 670//970
f 670//970 651//970 749//970
f 670//971 749//971 669//971
f 669//971 749//971 750//971
f 669//972 750//972 668//972
f 668//972 750//972 751//972
f 668//973 751//973 667//973
f 667//973 751//973 752//973
f 667//974 752//974 666//974
f 666//974 752//974 682//974
f 666//975 682//975 665//975
f 665//976 682//976 681//976
f 665//977 681//977 664//977
f 664//977 681//977 679//977
f 664//978 679//978 663//978
f 663//978 679//978 677//978
f 663//979 677//979 662//979
f 662//980 677//980 675//980
f 662//981 675//981 345//981
f 345//982 675//982 347//982
f 656//983 753//983 683//983
f 683//983 753//983 754//983
f 683//984 754//984 684//984
f 684//984 754//984 755//984
f 684//985 755//985 686//985
f 686//985 755//985 756//985
f 686//986 756//986 688//986
f 688//986 756//986 757//986
f 688//987 757//987 690//987
f 690//987 757//987 758//987
f 690//988 758//988 692//988
f 692//988 758//988 759//988
f 692//989 759//989 700//989
f 700//989 759//989 760//989
f 700//990 760//990 698//990
f 698//990 760//990 761//990
f 698//991 761//991 696//991
f 696//991 761//991 762//991
f 696//992 762//992 694//992
f 694//992 762//992 763//992
f 694//993 763//993 693//993
f 693//993 763//993 764//993
f 693//994 764//994 403//994
f 403//995 764//995 765//995
f 656//996 649//996 753//996
f 753//997 649//997 650//997
f 753//996 650//996 766//996
f 761//998 760//998 767//998
f 755//999 754//999 768//999
f 769//1000 201//1000 203//1000
f 770//1001 197//1001 199//1001
f 771//1002 183//1002 197//1002
f 772//1003 191//1003 184//1003
f 189//1004 773//1004 188//1004
f 188//1005 773//1005 774//1005
f 188//1006 774//1006 186//1006
f 775//1007 776//1007 777//1007
f 777//1008 776//1008 778//1008
f 777//1009 778//1009 779//1009
f 779//1010 778//1010 780//1010
f 779//1011 780//1011 773//1011
f 773//1012 780//1012 781//1012
f 773//1013 781//1013 774//1013
f 775//1014 777//1014 782//1014
f 782//1015 777//1015 783//1015
f 782//1016 783//1016 784//1016
f 784//1017 783//1017 785//1017
f 784//1018 785//1018 786//1018
f 785//1019 787//1019 786//1019
f 786//1020 787//1020 788//1020
f 786//1021 788//1021 789//1021
f 789//1022 788//1022 790//1022
f 790//1023 788//1023 791//1023
f 790//1024 791//1024 792//1024
f 792//1025 791//1025 793//1025
f 792//1026 793//1026 794//1026
f 794//1027 793//1027 795//1027
f 794//1028 795//1028 796//1028
f 797//1029 798//1029 799//1029
f 799//1030 798//1030 800//1030
f 799//1031 800//1031 801//1031
f 801//1032 800//1032 802//1032
f 801//1033 802//1033 764//1033
f 764//1034 802//1034 765//1034
f 803//1035 804//1035 805//1035
f 805//1036 804//1036 806//1036
f 805//1037 806//1037 797//1037
f 797//1038 806//1038 807//1038
f 797//1039 807//1039 798//1039
f 808//1040 809//1040 810//1040
f 810//1041 809//1041 811//1041
f 810//1042 811//1042 805//1042
f 805//1043 811//1043 812//1043
f 805//1044 812//1044 803//1044
f 813//1045 814//1045 810//1045
f 815//1046 816//1046 817//1046
f 817//1047 816//1047 818//1047
f 817//1048 818//1048 810//1048
f 810//1049 818//1049 819//1049
f 810//1050 819//1050 813//1050
f 814//1051 820//1051 810//1051
f 810//1052 820//1052 821//1052
f 810//1053 821//1053 808//1053
f 822//1054 823//1054 817//1054
f 817//1055 823//1055 824//1055
f 817//1056 824//1056 815//1056
f 825//1057 826//1057 817//1057
f 817//1058 826//1058 827//1058
f 817//1059 827//1059 828//1059
f 828//1060 829//1060 817//1060
f 817//1061 829//1061 830//1061
f 817//1062 830//1062 822//1062
f 831//1063 832//1063 825//1063
f 825//1064 832//1064 833//1064
f 825//1065 833//1065 834//1065
f 831//1066 825//1066 835//1066
f 835//1067 825//1067 836//1067
f 835//1068 836//1068 837//1068
f 834//1069 838//1069 825//1069
f 825//1070 838//1070 839//1070
f 825//1071 839//1071 826//1071
f 840//1072 841//1072 836//1072
f 841//1073 842//1073 836//1073
f 836//1074 842//1074 843//1074
f 836//1075 843//1075 837//1075
f 178//1076 844//1076 845//1076
f 845//1077 844//1077 840//1077
f 845//1078 840//1078 846//1078
f 846//1079 840//1079 836//1079
f 197//1080 770//1080 771//1080
f 771//1081 770//1081 847//1081
f 771//1081 847//1081 848//1081
f 848//1082 847//1082 849//1082
f 848//1083 849//1083 850//1083
f 851//1084 849//1084 852//1084
f 852//1085 849//1085 847//1085
f 852//1085 847//1085 853//1085
f 853//1086 847//1086 770//1086
f 853//1086 770//1086 854//1086
f 854//1087 770//1087 199//1087
f 854//1088 199//1088 201//1088
f 855//1089 856//1089 857//1089
f 857//1090 856//1090 858//1090
f 857//1090 858//1090 859//1090
f 859//1091 858//1091 860//1091
f 859//1092 860//1092 861//1092
f 861//1093 860//1093 862//1093
f 861//1094 862//1094 863//1094
f 863//1095 862//1095 850//1095
f 850//1096 849//1096 863//1096
f 863//1097 849//1097 851//1097
f 863//1098 851//1098 861//1098
f 861//1099 851//1099 864//1099
f 861//1100 864//1100 859//1100
f 859//1101 864//1101 865//1101
f 859//1102 865//1102 857//1102
f 857//1103 865//1103 866//1103
f 857//1104 866//1104 855//1104
f 855//1105 866//1105 867//1105
f 855//1106 867//1106 868//1106
f 757//1107 756//1107 869//1107
f 757//1108 869//1108 870//1108
f 870//1109 869//1109 871//1109
f 870//1109 871//1109 872//1109
f 872//1110 871//1110 873//1110
f 872//1110 873//1110 874//1110
f 874//1111 873//1111 875//1111
f 874//1112 875//1112 876//1112
f 876//1113 875//1113 877//1113
f 876//1113 877//1113 878//1113
f 878//1114 877//1114 879//1114
f 878//1114 879//1114 880//1114
f 880//1115 879//1115 881//1115
f 880//1116 881//1116 882//1116
f 882//1117 881//1117 883//1117
f 882//1117 883//1117 884//1117
f 884//1118 883//1118 885//1118
f 884//1119 885//1119 886//1119
f 886//1120 885//1120 772//1120
f 886//1120 772//1120 887//1120
f 887//1121 772//1121 184//1121
f 887//1122 184//1122 183//1122
f 766//1123 796//1123 753//1123
f 753//1124 796//1124 795//1124
f 753//1125 795//1125 754//1125
f 754//1126 795//1126 768//1126
f 768//1127 795//1127 793//1127
f 768//1127 793//1127 888//1127
f 888//1128 793//1128 791//1128
f 888//1128 791//1128 889//1128
f 889//1129 791//1129 788//1129
f 889//1129 788//1129 890//1129
f 890//1130 788//1130 787//1130
f 890//1130 787//1130 891//1130
f 891//1131 787//1131 785//1131
f 891//1131 785//1131 892//1131
f 892//1132 785//1132 783//1132
f 892//1133 783//1133 893//1133
f 893//1134 783//1134 777//1134
f 893//1134 777//1134 894//1134
f 894//1135 777//1135 779//1135
f 894//1135 779//1135 895//1135
f 895//1136 779//1136 773//1136
f 895//1136 773//1136 896//1136
f 896//1137 773//1137 189//1137
f 896//1138 189//1138 191//1138
f 191//1139 772//1139 896//1139
f 896//1140 772//1140 885//1140
f 896//1141 885//1141 895//1141
f 895//1142 885//1142 883//1142
f 895//1142 883//1142 894//1142
f 894//1143 883//1143 881//1143
f 894//1143 881//1143 893//1143
f 893//1144 881//1144 879//1144
f 893//1144 879//1144 892//1144
f 892//1145 879//1145 877//1145
f 892//1145 877//1145 891//1145
f 891//1146 877//1146 875//1146
f 891//1146 875//1146 890//1146
f 890//1147 875//1147 873//1147
f 890//1147 873//1147 889//1147
f 889//1148 873//1148 871//1148
f 889//1148 871//1148 888//1148
f 888//1149 871//1149 869//1149
f 888//1149 869//1149 768//1149
f 768//1150 869//1150 756//1150
f 768//1151 756//1151 755//1151
f 897//1152 898//1152 899//1152
f 899//1153 898//1153 900//1153
f 899//1153 900//1153 901//1153
f 901//1154 900//1154 759//1154
f 901//1155 759//1155 758//1155
f 760//1156 759//1156 767//1156
f 767//1157 759//1157 900//1157
f 767//1158 900//1158 868//1158
f 868//1159 900//1159 898//1159
f 868//1106 898//1106 855//1106
f 855//1152 898//1152 897//1152
f 855//1089 897//1089 856//1089
f 763//1160 762//1160 902//1160
f 763//1161 902//1161 903//1161
f 903//1162 902//1162 904//1162
f 903//1163 904//1163 905//1163
f 905//1164 904//1164 906//1164
f 905//1164 906//1164 907//1164
f 907//1165 906//1165 908//1165
f 907//1165 908//1165 909//1165
f 909//1166 908//1166 910//1166
f 909//1166 910//1166 911//1166
f 911//1167 910//1167 912//1167
f 911//1167 912//1167 913//1167
f 913//1168 912//1168 914//1168
f 913//1168 914//1168 915//1168
f 915//1169 914//1169 916//1169
f 915//1169 916//1169 917//1169
f 917//1170 916//1170 918//1170
f 917//1170 918//1170 919//1170
f 919//1171 918//1171 769//1171
f 919//1171 769//1171 920//1171
f 920//1172 769//1172 203//1172
f 920//1173 203//1173 178//1173
f 178//1174 845//1174 920//1174
f 920//1175 845//1175 846//1175
f 920//1175 846//1175 919//1175
f 919//1176 846//1176 836//1176
f 919//1176 836//1176 917//1176
f 917//1177 836//1177 825//1177
f 917//1177 825//1177 915//1177
f 915//1178 825//1178 817//1178
f 915//1178 817//1178 913//1178
f 913//1179 817//1179 810//1179
f 913//1179 810//1179 911//1179
f 911//1180 810//1180 805//1180
f 911//1180 805//1180 909//1180
f 909//1181 805//1181 797//1181
f 909//1181 797//1181 907//1181
f 907//1182 797//1182 799//1182
f 907//1182 799//1182 905//1182
f 905//1183 799//1183 801//1183
f 905//1183 801//1183 903//1183
f 903//1184 801//1184 764//1184
f 903//1185 764//1185 763//1185
f 183//1186 771//1186 887//1186
f 887//1187 771//1187 848//1187
f 887//1187 848//1187 886//1187
f 886//1188 848//1188 850//1188
f 886//1188 850//1188 884//1188
f 884//1189 850//1189 862//1189
f 884//1189 862//1189 882//1189
f 882//1190 862//1190 860//1190
f 882//1191 860//1191 880//1191
f 880//1192 860//1192 858//1192
f 880//1192 858//1192 878//1192
f 878//1193 858//1193 856//1193
f 878//1193 856//1193 876//1193
f 876//1194 856//1194 897//1194
f 876//1194 897//1194 874//1194
f 874//1195 897//1195 899//1195
f 874//1195 899//1195 872//1195
f 872//1196 899//1196 901//1196
f 872//1196 901//1196 870//1196
f 870//1197 901//1197 758//1197
f 870//1198 758//1198 757//1198
f 201//1199 769//1199 854//1199
f 854//1200 769//1200 918//1200
f 854//1200 918//1200 853//1200
f 853//1201 918//1201 916//1201
f 853//1201 916//1201 852//1201
f 852//1202 916//1202 914//1202
f 852//1202 914//1202 851//1202
f 851//1203 914//1203 912//1203
f 851//1203 912//1203 864//1203
f 864//1204 912//1204 910//1204
f 864//1205 910//1205 865//1205
f 865//1206 910//1206 908//1206
f 865//1206 908//1206 866//1206
f 866//1207 908//1207 906//1207
f 866//1208 906//1208 867//1208
f 867//1209 906//1209 904//1209
f 867//1209 904//1209 868//1209
f 868//1210 904//1210 902//1210
f 868//1210 902//1210 767//1210
f 767//1211 902//1211 762//1211
f 767//1212 762//1212 761//1212
f 781//1213 921//1213 774//1213
f 774//1214 921//1214 922//1214
f 774//1215 922//1215 186//1215
f 186//1216 922//1216 923//1216
f 923//1217 924//1217 186//1217
f 186//1218 924//1218 925//1218
f 186//1219 925//1219 187//1219
f 187//1220 925//1220 926//1220
f 187//1221 926//1221 927//1221
f 187//1222 927//1222 928//1222
f 187//29 928//29 194//29
f 194//1223 928//1223 929//1223
f 194//1224 929//1224 930//1224
f 930//1225 929//1225 931//1225
f 930//1226 931//1226 932//1226
f 933//1227 930//1227 934//1227
f 934//1228 930//1228 932//1228
f 934//1229 932//1229 935//1229
f 933//1230 936//1230 930//1230
f 930//1231 936//1231 937//1231
f 930//1232 937//1232 938//1232
f 938//1233 937//1233 939//1233
f 775//1234 940//1234 776//1234
f 776//1235 940//1235 941//1235
f 776//1236 941//1236 778//1236
f 778//1237 941//1237 942//1237
f 778//1238 942//1238 780//1238
f 780//1239 942//1239 943//1239
f 780//1240 943//1240 781//1240
f 781//1241 943//1241 944//1241
f 781//1242 944//1242 921//1242
f 945//1243 946//1243 786//1243
f 947//1244 948//1244 786//1244
f 786//1245 948//1245 949//1245
f 786//1246 949//1246 945//1246
f 946//1247 950//1247 786//1247
f 786//1248 950//1248 951//1248
f 786//1249 951//1249 784//1249
f 951//1250 952//1250 784//1250
f 784//1251 952//1251 953//1251
f 784//1252 953//1252 782//1252
f 782//1253 953//1253 954//1253
f 782//1254 954//1254 775//1254
f 775//1255 954//1255 955//1255
f 775//1256 955//1256 940//1256
f 956//1257 957//1257 958//1257
f 958//1258 957//1258 959//1258
f 958//1259 959//1259 786//1259
f 786//1260 959//1260 960//1260
f 786//1261 960//1261 961//1261
f 961//1262 962//1262 786//1262
f 786//1263 962//1263 963//1263
f 786//1264 963//1264 947//1264
f 964//1265 965//1265 966//1265
f 964//1266 966//1266 958//1266
f 958//1267 966//1267 967//1267
f 958//1268 967//1268 956//1268
f 968//1269 969//1269 964//1269
f 964//1270 969//1270 970//1270
f 964//1271 970//1271 965//1271
f 971//1272 972//1272 973//1272
f 973//1273 972//1273 974//1273
f 973//1274 974//1274 968//1274
f 968//1275 974//1275 975//1275
f 968//1276 975//1276 969//1276
f 616//1277 976//1277 625//1277
f 625//1278 976//1278 977//1278
f 625//1279 977//1279 973//1279
f 973//1280 977//1280 978//1280
f 973//1281 978//1281 971//1281
f 964//1282 794//1282 968//1282
f 968//1283 794//1283 796//1283
f 968//1284 796//1284 973//1284
f 973//1285 796//1285 766//1285
f 973//1286 766//1286 625//1286
f 625//749 766//749 650//749
f 786//1287 789//1287 958//1287
f 958//1288 789//1288 790//1288
f 958//1289 790//1289 964//1289
f 964//1290 790//1290 792//1290
f 964//1291 792//1291 794//1291
f 979//1292 980//1292 981//1292
f 965//1293 970//1293 982//1293
f 983//1294 984//1294 985//1294
f 986//1295 987//1295 988//1295
f 989//1296 990//1296 991//1296
f 992//1297 993//1297 994//1297
f 995//1298 996//1298 997//1298
f 935//1299 932//1299 998//1299
f 998//1300 932//1300 931//1300
f 998//1301 931//1301 999//1301
f 995//1302 997//1302 1000//1302
f 1000//1303 997//1303 1001//1303
f 1000//1304 1001//1304 1002//1304
f 1003//1305 1004//1305 1005//1305
f 1005//1306 1004//1306 1006//1306
f 1005//1307 1006//1307 1007//1307
f 1007//1308 1006//1308 1008//1308
f 1009//1309 1010//1309 1008//1309
f 1008//1310 1010//1310 1011//1310
f 1008//1311 1011//1311 1007//1311
f 1008//1312 1012//1312 1009//1312
f 1009//1313 1012//1313 1013//1313
f 1009//1314 1013//1314 1014//1314
f 1014//1315 1013//1315 1015//1315
f 1016//1316 1017//1316 1018//1316
f 1018//1317 1017//1317 442//1317
f 1019//1318 1020//1318 1021//1318
f 992//1319 1022//1319 993//1319
f 993//1320 1022//1320 1020//1320
f 993//1321 1020//1321 994//1321
f 1023//1322 991//1322 1024//1322
f 1024//1323 991//1323 990//1323
f 1024//1324 990//1324 986//1324
f 1021//1325 1025//1325 1019//1325
f 1019//1326 1025//1326 989//1326
f 1019//1327 989//1327 1026//1327
f 1026//1328 989//1328 991//1328
f 1026//1329 991//1329 1027//1329
f 1027//1330 991//1330 1023//1330
f 1027//1331 1023//1331 1028//1331
f 1029//1332 1030//1332 1031//1332
f 1031//1333 1030//1333 1032//1333
f 1031//1334 1032//1334 987//1334
f 1033//1335 1034//1335 1035//1335
f 1035//1336 1034//1336 1015//1336
f 1035//1337 1015//1337 1036//1337
f 1036//1338 1015//1338 1013//1338
f 1036//1339 1013//1339 1037//1339
f 1037//1340 1013//1340 1012//1340
f 1037//1341 1012//1341 1038//1341
f 1038//1342 1012//1342 1008//1342
f 1038//1343 1008//1343 1039//1343
f 1039//1344 1008//1344 1006//1344
f 1039//1345 1006//1345 1040//1345
f 1040//1346 1006//1346 1004//1346
f 1016//1347 1034//1347 1017//1347
f 1017//1348 1034//1348 1033//1348
f 1017//1349 1033//1349 442//1349
f 442//1350 1033//1350 1041//1350
f 442//1351 1041//1351 484//1351
f 484//1352 1041//1352 490//1352
f 1020//1353 1019//1353 994//1353
f 994//1354 1019//1354 1026//1354
f 994//1355 1026//1355 1042//1355
f 1042//1356 1026//1356 1027//1356
f 1042//1357 1027//1357 1043//1357
f 1043//1358 1027//1358 1028//1358
f 1043//1359 1028//1359 1044//1359
f 1044//1360 1028//1360 1045//1360
f 1044//1361 1045//1361 1046//1361
f 1046//1362 1045//1362 1047//1362
f 1047//1363 1045//1363 1048//1363
f 1047//1364 1048//1364 1049//1364
f 1049//1365 1048//1365 1050//1365
f 1050//1366 1048//1366 1051//1366
f 1050//1367 1051//1367 1052//1367
f 1051//1368 624//1368 1052//1368
f 1052//1369 624//1369 493//1369
f 1052//1370 493//1370 1053//1370
f 1053//1371 493//1371 491//1371
f 987//1372 1032//1372 988//1372
f 988//1373 1032//1373 1054//1373
f 988//1374 1054//1374 1055//1374
f 1055//1375 1054//1375 1056//1375
f 1055//1376 1056//1376 1057//1376
f 1057//1377 1056//1377 1058//1377
f 1057//1378 1058//1378 1059//1378
f 1059//1379 1058//1379 1060//1379
f 1059//1380 1060//1380 1061//1380
f 1061//1381 1060//1381 1062//1381
f 1061//1382 1062//1382 1063//1382
f 1062//1383 621//1383 1063//1383
f 1063//1384 621//1384 622//1384
f 1063//1385 622//1385 623//1385
f 986//1386 988//1386 1024//1386
f 1024//1387 988//1387 1055//1387
f 1024//1388 1055//1388 1023//1388
f 1023//1389 1055//1389 1057//1389
f 1023//1390 1057//1390 1028//1390
f 1028//1391 1057//1391 1059//1391
f 1028//1392 1059//1392 1045//1392
f 1045//1393 1059//1393 1061//1393
f 1045//1394 1061//1394 1048//1394
f 1048//1395 1061//1395 1063//1395
f 1048//1396 1063//1396 1051//1396
f 1051//1397 1063//1397 623//1397
f 1051//1398 623//1398 624//1398
f 491//1399 490//1399 1053//1399
f 1053//1400 490//1400 1041//1400
f 1053//1401 1041//1401 1052//1401
f 1052//1402 1041//1402 1033//1402
f 1052//1403 1033//1403 1050//1403
f 1050//1404 1033//1404 1035//1404
f 1050//1405 1035//1405 1049//1405
f 1049//1406 1035//1406 1036//1406
f 1049//1407 1036//1407 1047//1407
f 1047//1408 1036//1408 1037//1408
f 1047//1409 1037//1409 1046//1409
f 1046//1410 1037//1410 1038//1410
f 1046//1411 1038//1411 1044//1411
f 1044//1412 1038//1412 1039//1412
f 1044//1413 1039//1413 1043//1413
f 1043//1414 1039//1414 1040//1414
f 1043//1415 1040//1415 1042//1415
f 1042//1416 1040//1416 1004//1416
f 1042//1417 1004//1417 994//1417
f 994//1418 1004//1418 1003//1418
f 994//1419 1003//1419 992//1419
f 1029//1420 1064//1420 1065//1420
f 1066//1421 1067//1421 1068//1421
f 1064//1422 1069//1422 1065//1422
f 1065//1423 1069//1423 1070//1423
f 1065//1424 1070//1424 1071//1424
f 1071//1425 1070//1425 1072//1425
f 1071//1426 1072//1426 1073//1426
f 1073//1427 1072//1427 1074//1427
f 1073//1428 1074//1428 1075//1428
f 1076//1429 1065//1429 1077//1429
f 1077//1430 1065//1430 1071//1430
f 1077//1431 1071//1431 1078//1431
f 1078//1432 1071//1432 1073//1432
f 1078//1433 1073//1433 1079//1433
f 1079//1434 1073//1434 1075//1434
f 1079//1435 1075//1435 1080//1435
f 1076//1436 1077//1436 1081//1436
f 1081//1437 1077//1437 1078//1437
f 1081//1438 1078//1438 1082//1438
f 1082//1439 1078//1439 1079//1439
f 1082//1440 1079//1440 1083//1440
f 1083//1441 1079//1441 1080//1441
f 1083//1442 1080//1442 1084//1442
f 1085//1443 1086//1443 1087//1443
f 1087//1444 1086//1444 1088//1444
f 1087//1445 1088//1445 1089//1445
f 1090//1446 1085//1446 1091//1446
f 1091//1447 1085//1447 1087//1447
f 1091//1448 1087//1448 1092//1448
f 1092//1449 1087//1449 1089//1449
f 1092//1450 1089//1450 1093//1450
f 617//1451 618//1451 1090//1451
f 1090//1452 618//1452 619//1452
f 1090//1453 619//1453 1085//1453
f 1085//1454 619//1454 620//1454
f 1085//1455 620//1455 1086//1455
f 1086//1456 620//1456 1094//1456
f 1086//1457 1094//1457 1088//1457
f 1070//1458 1066//1458 1072//1458
f 1072//1459 1066//1459 1068//1459
f 1072//1460 1068//1460 1074//1460
f 1074//1461 1068//1461 1093//1461
f 1074//1462 1093//1462 1075//1462
f 1075//1463 1093//1463 1089//1463
f 1075//1464 1089//1464 1080//1464
f 1080//1465 1089//1465 1088//1465
f 1080//1466 1088//1466 1084//1466
f 1084//1467 1088//1467 1094//1467
f 941//1468 940//1468 1095//1468
f 1096//1469 942//1469 941//1469
f 941//1470 1095//1470 1096//1470
f 1096//1471 1095//1471 1097//1471
f 1096//1472 1097//1472 1098//1472
f 940//1473 955//1473 1095//1473
f 1095//1474 955//1474 954//1474
f 1095//1475 954//1475 953//1475
f 948//1476 1099//1476 1100//1476
f 948//1477 1100//1477 949//1477
f 949//1478 1100//1478 1101//1478
f 949//1479 1101//1479 945//1479
f 945//1480 1101//1480 1102//1480
f 945//1481 1102//1481 946//1481
f 946//1482 1102//1482 1103//1482
f 946//1483 1103//1483 950//1483
f 1099//1484 1104//1484 1100//1484
f 1100//1485 1104//1485 963//1485
f 1100//1486 963//1486 1101//1486
f 1101//1487 963//1487 1105//1487
f 1101//1488 1105//1488 1102//1488
f 1102//1489 1105//1489 1106//1489
f 1102//1490 1106//1490 1103//1490
f 1103//1491 1106//1491 1107//1491
f 948//1492 947//1492 1099//1492
f 1099//1493 947//1493 963//1493
f 1099//1494 963//1494 1104//1494
f 1104//1495 963//1495 962//1495
f 963//1496 962//1496 961//1496
f 963//1497 961//1497 1105//1497
f 1105//1498 961//1498 960//1498
f 1105//1499 960//1499 1106//1499
f 1106//1500 960//1500 959//1500
f 1106//1501 959//1501 1107//1501
f 1107//1502 959//1502 957//1502
f 1107//1503 957//1503 956//1503
f 950//1504 983//1504 951//1504
f 951//1505 983//1505 985//1505
f 951//1506 985//1506 952//1506
f 952//1507 985//1507 953//1507
f 950//1508 1103//1508 983//1508
f 983//1509 1103//1509 1107//1509
f 983//1510 1107//1510 984//1510
f 984//1511 1107//1511 956//1511
f 984//1512 956//1512 967//1512
f 953//1513 985//1513 1095//1513
f 1095//1514 985//1514 1108//1514
f 1095//1515 1108//1515 1097//1515
f 1097//1516 1108//1516 1109//1516
f 1097//1517 1109//1517 1098//1517
f 1098//1518 1109//1518 1110//1518
f 1098//1519 1110//1519 1111//1519
f 1112//1520 1113//1520 1114//1520
f 1114//1521 1113//1521 1115//1521
f 1114//1522 1115//1522 982//1522
f 982//1523 1115//1523 966//1523
f 982//1524 966//1524 965//1524
f 931//1525 929//1525 999//1525
f 999//1526 929//1526 928//1526
f 999//1527 928//1527 1116//1527
f 1116//1528 928//1528 927//1528
f 1116//1529 927//1529 996//1529
f 996//1530 927//1530 997//1530
f 997//1531 927//1531 926//1531
f 997//1532 926//1532 925//1532
f 925//1533 1117//1533 997//1533
f 997//1534 1117//1534 1118//1534
f 997//1535 1118//1535 1001//1535
f 1001//1536 1118//1536 1119//1536
f 1001//1537 1119//1537 1002//1537
f 981//1538 980//1538 1120//1538
f 980//1539 1121//1539 1120//1539
f 1120//1540 1121//1540 1122//1540
f 1120//1541 1122//1541 1123//1541
f 1123//1542 1122//1542 1124//1542
f 1123//1543 1124//1543 1117//1543
f 1117//1544 1124//1544 1125//1544
f 1117//1545 1125//1545 1118//1545
f 942//1546 1096//1546 1126//1546
f 1126//1547 1096//1547 1098//1547
f 1126//1548 1098//1548 981//1548
f 981//1549 1098//1549 1111//1549
f 981//1550 1111//1550 979//1550
f 925//1551 924//1551 1117//1551
f 1117//1552 924//1552 923//1552
f 1117//1553 923//1553 1123//1553
f 1123//1554 923//1554 922//1554
f 1123//1555 922//1555 1120//1555
f 1120//1556 922//1556 921//1556
f 1120//1557 921//1557 981//1557
f 981//1558 921//1558 944//1558
f 981//1559 944//1559 1126//1559
f 1126//1560 944//1560 943//1560
f 1126//1561 943//1561 942//1561
f 616//1562 617//1562 976//1562
f 976//1563 617//1563 1090//1563
f 976//1564 1090//1564 977//1564
f 977//1565 1090//1565 1091//1565
f 977//1566 1091//1566 978//1566
f 978//1567 1091//1567 1092//1567
f 978//1568 1092//1568 971//1568
f 971//1569 1092//1569 1093//1569
f 971//1570 1093//1570 972//1570
f 972//1571 1093//1571 1068//1571
f 972//1572 1068//1572 974//1572
f 974//1573 1068//1573 1067//1573
f 974//1574 1067//1574 975//1574
f 975//1575 1067//1575 969//1575
f 1029//1576 1065//1576 1030//1576
f 1030//1577 1065//1577 1076//1577
f 1030//1578 1076//1578 1032//1578
f 1032//1579 1076//1579 1081//1579
f 1032//1580 1081//1580 1054//1580
f 1054//1581 1081//1581 1082//1581
f 1054//1582 1082//1582 1056//1582
f 1056//1583 1082//1583 1083//1583
f 1056//1584 1083//1584 1058//1584
f 1058//1585 1083//1585 1084//1585
f 1058//1586 1084//1586 1060//1586
f 1060//1587 1084//1587 1094//1587
f 1060//1588 1094//1588 1062//1588
f 1062//1589 1094//1589 620//1589
f 1062//1590 620//1590 621//1590
f 1069//1591 1112//1591 1070//1591
f 1070//1592 1112//1592 1114//1592
f 1070//1593 1114//1593 1066//1593
f 1066//1594 1114//1594 982//1594
f 1066//1595 982//1595 1067//1595
f 1067//1596 982//1596 970//1596
f 1067//1597 970//1597 969//1597
f 967//1598 966//1598 984//1598
f 984//1599 966//1599 1115//1599
f 984//1600 1115//1600 985//1600
f 985//1601 1115//1601 1113//1601
f 985//1602 1113//1602 1108//1602
f 1108//1603 1113//1603 1112//1603
f 1108//1604 1112//1604 1109//1604
f 1109//1605 1112//1605 1069//1605
f 1109//1606 1069//1606 1110//1606
f 1110//1607 1069//1607 1064//1607
f 1110//1608 1064//1608 1111//1608
f 1111//1609 1064//1609 1029//1609
f 1111//1610 1029//1610 979//1610
f 979//1611 1029//1611 1031//1611
f 979//1612 1031//1612 980//1612
f 980//1613 1031//1613 987//1613
f 980//1614 987//1614 1121//1614
f 1121//1615 987//1615 986//1615
f 1121//1616 986//1616 1122//1616
f 1122//1617 986//1617 990//1617
f 1122//1618 990//1618 1124//1618
f 1124//1619 990//1619 989//1619
f 1124//1620 989//1620 1125//1620
f 1125//1621 989//1621 1025//1621
f 1125//1622 1025//1622 1118//1622
f 1118//1623 1025//1623 1021//1623
f 1118//1624 1021//1624 1119//1624
f 1119//1625 1021//1625 1020//1625
f 1119//1626 1020//1626 1127//1626
f 1127//1627 1020//1627 1022//1627
f 995//1628 1000//1628 1128//1628
f 1129//1629 1130//1629 1131//1629
f 1129//1630 1131//1630 1132//1630
f 1132//1631 1131//1631 1133//1631
f 1132//1632 1133//1632 1134//1632
f 1134//1633 1133//1633 1135//1633
f 1134//1634 1135//1634 1136//1634
f 1136//1635 1135//1635 1137//1635
f 1136//1636 1137//1636 1138//1636
f 1139//1637 1140//1637 1141//1637
f 1139//1638 1141//1638 1130//1638
f 1130//1639 1141//1639 1142//1639
f 1130//1640 1142//1640 1131//1640
f 1140//1641 1139//1641 1143//1641
f 1143//1642 1139//1642 1144//1642
f 1143//1643 1144//1643 1145//1643
f 1145//1644 1144//1644 1146//1644
f 1145//1645 1146//1645 1147//1645
f 1147//1646 1146//1646 1148//1646
f 1147//1647 1148//1647 314//1647
f 314//1648 1148//1648 265//1648
f 265//1648 1148//1648 1149//1648
f 265//1649 1149//1649 237//1649
f 237//1650 1149//1650 1150//1650
f 237//1651 1150//1651 294//1651
f 294//1652 1150//1652 1151//1652
f 294//1653 1151//1653 227//1653
f 227//1654 1151//1654 1152//1654
f 227//1655 1152//1655 228//1655
f 228//1656 1152//1656 230//1656
f 230//1657 1152//1657 1153//1657
f 230//1658 1153//1658 232//1658
f 232//1659 1153//1659 1154//1659
f 232//1660 1154//1660 269//1660
f 1154//1661 1155//1661 269//1661
f 269//1662 1155//1662 1156//1662
f 269//1663 1156//1663 226//1663
f 226//1664 1156//1664 1157//1664
f 226//1665 1157//1665 225//1665
f 225//1666 1157//1666 223//1666
f 223//1667 1157//1667 1158//1667
f 223//1668 1158//1668 222//1668
f 222//1669 1158//1669 1159//1669
f 222//1670 1159//1670 221//1670
f 221//1671 1159//1671 1160//1671
f 221//1672 1160//1672 214//1672
f 214//1673 1160//1673 215//1673
f 215//1674 1160//1674 1161//1674
f 215//1675 1161//1675 313//1675
f 1161//1676 1162//1676 313//1676
f 313//1677 1162//1677 1163//1677
f 313//1678 1163//1678 638//1678
f 638//1679 1163//1679 1164//1679
f 638//1680 1164//1680 640//1680
f 640//1681 1164//1681 1165//1681
f 640//1682 1165//1682 639//1682
f 639//1683 1165//1683 1166//1683
f 639//1684 1166//1684 434//1684
f 434//1685 1166//1685 1167//1685
f 434//1686 1167//1686 435//1686
f 435//1687 1167//1687 1168//1687
f 435//1688 1168//1688 583//1688
f 583//1689 1168//1689 1169//1689
f 583//1690 1169//1690 584//1690
f 584//1691 1169//1691 1170//1691
f 584//1692 1170//1692 460//1692
f 460//1693 1170//1693 1171//1693
f 460//1694 1171//1694 461//1694
f 461//1695 1171//1695 463//1695
f 463//1696 1171//1696 601//1696
f 601//1697 1171//1697 1172//1697
f 601//1698 1172//1698 464//1698
f 464//1699 1172//1699 1173//1699
f 464//1700 1173//1700 458//1700
f 458//1701 1173//1701 1174//1701
f 458//1702 1174//1702 459//1702
f 459//1703 1174//1703 1175//1703
f 459//1704 1175//1704 454//1704
f 1175//1705 1176//1705 454//1705
f 454//1706 1176//1706 1177//1706
f 454//1707 1177//1707 455//1707
f 455//1708 1177//1708 1178//1708
f 1179//1709 439//1709 1180//1709
f 1180//1710 439//1710 438//1710
f 1180//1711 438//1711 1181//1711
f 1181//1712 438//1712 449//1712
f 1181//1713 449//1713 1182//1713
f 1182//1714 449//1714 448//1714
f 1182//1715 448//1715 1183//1715
f 1183//1716 448//1716 446//1716
f 1183//1717 446//1717 1184//1717
f 1184//1718 446//1718 444//1718
f 1184//1719 444//1719 1185//1719
f 1185//1720 444//1720 452//1720
f 1185//1721 452//1721 1186//1721
f 1186//1722 452//1722 451//1722
f 1186//1723 451//1723 1178//1723
f 1178//1724 451//1724 456//1724
f 1178//1725 456//1725 455//1725
f 1187//1726 1016//1726 1188//1726
f 1188//1727 1016//1727 1018//1727
f 1188//1728 1018//1728 1189//1728
f 1189//1729 1018//1729 442//1729
f 1189//1729 442//1729 1179//1729
f 1179//1728 442//1728 441//1728
f 1179//1730 441//1730 439//1730
f 1128//1731 1000//1731 1190//1731
f 1190//1732 1000//1732 1002//1732
f 1190//1733 1002//1733 1191//1733
f 1191//1734 1002//1734 1119//1734
f 1191//1735 1119//1735 1192//1735
f 1192//1736 1119//1736 1127//1736
f 1192//1737 1127//1737 1193//1737
f 1193//1738 1127//1738 1022//1738
f 1193//1739 1022//1739 1194//1739
f 1194//1740 1022//1740 992//1740
f 1194//1741 992//1741 1195//1741
f 1195//1742 992//1742 1003//1742
f 1195//1743 1003//1743 1196//1743
f 1196//1744 1003//1744 1005//1744
f 1196//1745 1005//1745 1197//1745
f 1197//1746 1005//1746 1007//1746
f 1197//1747 1007//1747 1198//1747
f 1198//1748 1007//1748 1011//1748
f 1198//1749 1011//1749 1199//1749
f 1199//1750 1011//1750 1010//1750
f 1199//1751 1010//1751 1200//1751
f 1200//1752 1010//1752 1009//1752
f 1200//1753 1009//1753 1201//1753
f 1201//1754 1009//1754 1014//1754
f 1201//1755 1014//1755 1202//1755
f 1202//1756 1014//1756 1015//1756
f 1202//1757 1015//1757 1187//1757
f 1187//1758 1015//1758 1034//1758
f 1187//1759 1034//1759 1016//1759
f 1137//1760 1203//1760 1138//1760
f 1138//1761 1203//1761 1204//1761
f 1138//1762 1204//1762 1205//1762
f 1205//1763 1204//1763 1206//1763
f 1205//1764 1206//1764 1207//1764
f 1207//1765 1206//1765 1208//1765
f 1207//1766 1208//1766 1209//1766
f 1209//1767 1208//1767 1210//1767
f 1209//1768 1210//1768 1211//1768
f 1211//1769 1210//1769 939//1769
f 1211//1770 939//1770 1212//1770
f 1212//1771 939//1771 937//1771
f 1212//1772 937//1772 1213//1772
f 1213//1773 937//1773 936//1773
f 1213//1774 936//1774 1214//1774
f 1214//1775 936//1775 933//1775
f 1214//1776 933//1776 1215//1776
f 1215//1777 933//1777 934//1777
f 1215//1778 934//1778 1216//1778
f 1216//1779 934//1779 935//1779
f 1216//1780 935//1780 1217//1780
f 1217//1781 935//1781 998//1781
f 1217//1782 998//1782 1218//1782
f 1218//1783 998//1783 999//1783
f 1218//1784 999//1784 1219//1784
f 1219//1785 999//1785 1116//1785
f 1219//1786 1116//1786 1128//1786
f 1128//1787 1116//1787 996//1787
f 1128//1788 996//1788 995//1788
f 1204//1789 1220//1789 1206//1789
f 1137//1790 1135//1790 1221//1790
f 1222//1791 1223//1791 1224//1791
f 204//1792 202//1792 1225//1792
f 938//1793 939//1793 1210//1793
f 204//1794 1225//1794 181//1794
f 1226//1795 1227//1795 1225//1795
f 1225//1796 1227//1796 1228//1796
f 1225//1797 1228//1797 181//1797
f 1225//1798 1229//1798 1226//1798
f 1226//1799 1229//1799 1230//1799
f 1226//1800 1230//1800 1231//1800
f 1231//1801 1230//1801 1232//1801
f 1231//1802 1232//1802 1233//1802
f 1233//1803 1232//1803 1234//1803
f 1233//1804 1234//1804 1235//1804
f 1235//1805 1234//1805 1236//1805
f 1235//1806 1236//1806 1237//1806
f 1223//1807 1222//1807 1236//1807
f 1236//1808 1222//1808 1238//1808
f 1236//1809 1238//1809 1237//1809
f 1239//1810 1240//1810 1224//1810
f 1224//1811 1240//1811 1241//1811
f 1224//1812 1241//1812 1222//1812
f 1242//1813 1243//1813 1244//1813
f 1242//1814 1244//1814 1245//1814
f 1245//1815 1244//1815 1246//1815
f 1245//1816 1246//1816 1247//1816
f 1248//1817 1143//1817 1249//1817
f 1249//1818 1143//1818 1145//1818
f 1249//1819 1145//1819 1250//1819
f 1250//1820 1145//1820 1147//1820
f 1250//1821 1147//1821 315//1821
f 315//1822 1147//1822 314//1822
f 1133//1823 1131//1823 1251//1823
f 1251//1824 1131//1824 1142//1824
f 1251//1825 1142//1825 1252//1825
f 1252//1826 1142//1826 1141//1826
f 1252//1827 1141//1827 1253//1827
f 1253//1828 1141//1828 1140//1828
f 1137//1829 1221//1829 1203//1829
f 1203//1830 1221//1830 1254//1830
f 1203//1831 1254//1831 1204//1831
f 1206//1832 1220//1832 1208//1832
f 1208//1833 1220//1833 1255//1833
f 1208//1834 1255//1834 1210//1834
f 1210//1835 1255//1835 1256//1835
f 1210//1836 1256//1836 938//1836
f 938//1837 1256//1837 1257//1837
f 938//1838 1257//1838 930//1838
f 930//1839 1257//1839 193//1839
f 930//1840 193//1840 194//1840
f 202//1841 200//1841 1258//1841
f 1259//1842 1260//1842 1261//1842
f 1204//1843 1254//1843 1220//1843
f 1220//1844 1254//1844 1262//1844
f 1220//1845 1262//1845 1255//1845
f 1255//1846 1262//1846 1263//1846
f 1255//1846 1263//1846 1256//1846
f 1256//1847 1263//1847 1264//1847
f 1256//1847 1264//1847 1257//1847
f 1257//1848 1264//1848 192//1848
f 1257//1849 192//1849 193//1849
f 1265//1850 1266//1850 1267//1850
f 1267//1851 1266//1851 1268//1851
f 1267//1852 1268//1852 1269//1852
f 1269//1853 1268//1853 1270//1853
f 1269//1854 1270//1854 1271//1854
f 1271//1855 1270//1855 1261//1855
f 1271//1855 1261//1855 1272//1855
f 1272//1856 1261//1856 1260//1856
f 1272//1856 1260//1856 1273//1856
f 1259//1857 1261//1857 1274//1857
f 1274//1858 1261//1858 1270//1858
f 1274//1858 1270//1858 1275//1858
f 1275//1859 1270//1859 1268//1859
f 1275//1860 1268//1860 1276//1860
f 1276//1861 1268//1861 1266//1861
f 1276//1862 1266//1862 1277//1862
f 1277//1863 1266//1863 1265//1863
f 1277//1864 1265//1864 1278//1864
f 202//1865 1258//1865 1225//1865
f 1225//1866 1258//1866 1279//1866
f 1225//1867 1279//1867 1229//1867
f 1229//1868 1279//1868 1280//1868
f 1229//1868 1280//1868 1230//1868
f 1230//1869 1280//1869 1281//1869
f 1230//1869 1281//1869 1232//1869
f 1232//1870 1281//1870 1282//1870
f 1232//1870 1282//1870 1234//1870
f 1234//1871 1282//1871 1283//1871
f 1234//1872 1283//1872 1236//1872
f 1236//1873 1283//1873 1284//1873
f 1236//1873 1284//1873 1223//1873
f 1223//1874 1284//1874 1285//1874
f 1223//1874 1285//1874 1224//1874
f 1224//1875 1285//1875 1243//1875
f 1224//1876 1243//1876 1239//1876
f 1239//1877 1243//1877 1242//1877
f 1239//1878 1242//1878 1240//1878
f 316//1879 1247//1879 315//1879
f 315//1880 1247//1880 1246//1880
f 315//1881 1246//1881 1250//1881
f 1250//1882 1246//1882 1244//1882
f 1250//1882 1244//1882 1249//1882
f 1249//1883 1244//1883 1243//1883
f 1249//1884 1243//1884 1248//1884
f 1248//1885 1243//1885 1285//1885
f 1248//1886 1285//1886 1286//1886
f 1286//1887 1285//1887 1284//1887
f 1286//1887 1284//1887 1287//1887
f 1287//1888 1284//1888 1283//1888
f 1287//1889 1283//1889 1288//1889
f 1288//1890 1283//1890 1282//1890
f 1288//1890 1282//1890 1289//1890
f 1289//1891 1282//1891 1281//1891
f 1289//1892 1281//1892 1290//1892
f 1290//1893 1281//1893 1280//1893
f 1290//1893 1280//1893 1291//1893
f 1291//1894 1280//1894 1279//1894
f 1291//1894 1279//1894 1292//1894
f 1292//1895 1279//1895 1258//1895
f 1292//1895 1258//1895 1293//1895
f 1293//1896 1258//1896 200//1896
f 190//1897 1273//1897 185//1897
f 185//1898 1273//1898 1260//1898
f 185//1899 1260//1899 195//1899
f 195//1900 1260//1900 1259//1900
f 195//1901 1259//1901 196//1901
f 196//1902 1259//1902 198//1902
f 1251//1903 1278//1903 1133//1903
f 1133//1904 1278//1904 1265//1904
f 1133//1905 1265//1905 1135//1905
f 1135//1906 1265//1906 1267//1906
f 1135//1907 1267//1907 1221//1907
f 1221//1908 1267//1908 1269//1908
f 1221//1909 1269//1909 1254//1909
f 1254//1910 1269//1910 1271//1910
f 1254//1910 1271//1910 1262//1910
f 1262//1911 1271//1911 1272//1911
f 1262//1911 1272//1911 1263//1911
f 1263//1912 1272//1912 1273//1912
f 1263//1912 1273//1912 1264//1912
f 1264//1913 1273//1913 190//1913
f 1264//1914 190//1914 192//1914
f 200//1915 198//1915 1293//1915
f 1293//1916 198//1916 1259//1916
f 1293//1917 1259//1917 1292//1917
f 1292//1917 1259//1917 1274//1917
f 1292//1918 1274//1918 1291//1918
f 1291//1919 1274//1919 1275//1919
f 1291//1920 1275//1920 1290//1920
f 1290//1921 1275//1921 1276//1921
f 1290//1922 1276//1922 1289//1922
f 1289//1923 1276//1923 1277//1923
f 1289//1924 1277//1924 1288//1924
f 1288//1925 1277//1925 1278//1925
f 1288//1926 1278//1926 1287//1926
f 1287//1927 1278//1927 1251//1927
f 1287//1928 1251//1928 1286//1928
f 1286//1929 1251//1929 1252//1929
f 1286//1930 1252//1930 1248//1930
f 1248//1931 1252//1931 1253//1931
f 1248//1932 1253//1932 1143//1932
f 1143//1933 1253//1933 1140//1933
f 182//1934 181//1934 1294//1934
f 1294//1935 181//1935 1228//1935
f 1294//1936 1228//1936 1295//1936
f 1295//1937 1228//1937 1296//1937
f 1296//1938 1228//1938 1227//1938
f 1296//1939 1227//1939 1297//1939
f 1297//1940 1227//1940 1226//1940
f 1297//1941 1226//1941 1298//1941
f 1298//1942 1226//1942 1231//1942
f 1298//1943 1231//1943 1233//1943
f 1299//1944 1300//1944 1235//1944
f 1235//1945 1300//1945 1301//1945
f 1235//1946 1301//1946 1233//1946
f 1233//1947 1301//1947 1302//1947
f 1233//1948 1302//1948 1298//1948
f 1222//1949 1303//1949 1238//1949
f 1238//1950 1303//1950 1304//1950
f 1299//1951 1235//1951 1304//1951
f 1304//1952 1235//1952 1237//1952
f 1304//1953 1237//1953 1238//1953
f 1240//1954 1305//1954 1306//1954
f 1240//1955 1306//1955 1241//1955
f 1241//1956 1306//1956 1307//1956
f 1241//1957 1307//1957 1222//1957
f 1222//1958 1307//1958 1308//1958
f 1222//1959 1308//1959 1303//1959
f 1305//1960 1240//1960 1309//1960
f 1309//1961 1240//1961 1242//1961
f 1309//1962 1242//1962 1310//1962
f 1310//1963 1242//1963 1245//1963
f 1310//1964 1245//1964 1311//1964
f 1245//1965 1247//1965 1311//1965
f 1311//1966 1247//1966 316//1966
f 1311//1967 316//1967 318//1967
f 165//1968 168//1968 171//1968
f 322//1969 171//1969 323//1969
f 323//1970 171//1970 170//1970
f 323//1971 170//1971 324//1971
f 1294//1972 1295//1972 143//1972
f 143//1973 1295//1973 1296//1973
f 143//1974 1296//1974 1297//1974
f 1297//1975 1298//1975 143//1975
f 143//1976 1298//1976 1302//1976
f 143//1977 1302//1977 144//1977
f 144//1978 1302//1978 1301//1978
f 144//1979 1301//1979 170//1979
f 170//1979 1301//1979 325//1979
f 170//1980 325//1980 324//1980
f 322//1981 321//1981 171//1981
f 171//1982 321//1982 320//1982
f 171//1983 320//1983 165//1983
f 165//1984 320//1984 319//1984
f 165//1985 319//1985 166//1985
f 338//1986 167//1986 337//1986
f 337//1987 167//1987 166//1987
f 337//1988 166//1988 405//1988
f 405//1989 166//1989 319//1989
f 61//1990 46//1990 341//1990
f 341//1991 46//1991 350//1991
f 350//1992 46//1992 45//1992
f 350//1993 45//1993 348//1993
f 44//1994 100//1994 164//1994
f 164//1995 100//1995 99//1995
f 164//1996 99//1996 97//1996
f 45//1997 44//1997 348//1997
f 348//1998 44//1998 164//1998
f 348//1999 164//1999 346//1999
f 346//2000 164//2000 167//2000
f 346//2001 167//2001 344//2001
f 344//2002 167//2002 338//2002
f 1312//2003 1313//2003 36//2003
f 36//2004 1313//2004 30//2004
f 1312//2005 36//2005 1314//2005
f 1314//2006 36//2006 35//2006
f 1314//2007 35//2007 1315//2007
f 1315//2008 35//2008 33//2008
f 1315//2009 33//2009 1316//2009
f 1316//2010 33//2010 32//2010
f 1316//2011 32//2011 1317//2011
f 1317//2012 32//2012 37//2012
f 1317//2013 37//2013 1318//2013
f 1318//2014 37//2014 39//2014
f 1318//2015 39//2015 1319//2015
f 1319//2016 39//2016 401//2016
f 401//2016 39//2016 54//2016
f 401//2017 54//2017 399//2017
f 399//2018 54//2018 57//2018
f 399//2019 57//2019 397//2019
f 397//2020 57//2020 395//2020
f 395//2021 57//2021 59//2021
f 395//2022 59//2022 393//2022
f 341//2023 356//2023 61//2023
f 61//2024 356//2024 354//2024
f 61//2025 354//2025 379//2025
f 379//2026 370//2026 61//2026
f 61//2027 370//2027 374//2027
f 61//2028 374//2028 59//2028
f 59//2029 374//2029 391//2029
f 59//2030 391//2030 393//2030
f 1320//2031 138//2031 1321//2031
f 1321//2032 138//2032 139//2032
f 139//2033 83//2033 79//2033
f 79//2034 1322//2034 139//2034
f 139//2035 1322//2035 1323//2035
f 139//2036 1323//2036 1321//2036
f 1313//2037 1324//2037 30//2037
f 30//2038 1324//2038 1325//2038
f 30//2039 1325//2039 28//2039
f 28//2040 1325//2040 1326//2040
f 28//2041 1326//2041 72//2041
f 72//2042 1326//2042 1322//2042
f 72//2043 1322//2043 71//2043
f 71//2044 1322//2044 79//2044
f 1320//2045 1327//2045 138//2045
f 138//2046 1327//2046 177//2046
f 138//2047 177//2047 137//2047
f 143//1968 141//1968 1294//1968
f 1294//1968 141//1968 129//1968
f 1294//2048 129//2048 182//2048
f 182//2049 129//2049 137//2049
f 182//1989 137//1989 180//1989
f 180//1988 137//1988 177//1988
f 1301//2050 1300//2050 325//2050
f 325//2051 1300//2051 1299//2051
f 325//2052 1299//2052 1304//2052
f 1304//2053 1303//2053 325//2053
f 325//2054 1303//2054 1308//2054
f 325//2055 1308//2055 1307//2055
f 328//2056 327//2056 1305//2056
f 328//2057 1305//2057 329//2057
f 1328//2058 1310//2058 1311//2058
f 1329//2059 1305//2059 1328//2059
f 1328//2060 1305//2060 1309//2060
f 1328//2058 1309//2058 1310//2058
f 1311//2058 318//2058 1328//2058
f 1328//2061 318//2061 317//2061
f 1328//2061 317//2061 1329//2061
f 1329//2058 317//2058 334//2058
f 1329//2061 334//2061 333//2061
f 333//2058 332//2058 1329//2058
f 1329//2062 332//2062 331//2062
f 1329//2062 331//2062 1305//2062
f 1305//2063 331//2063 330//2063
f 1305//2064 330//2064 329//2064
f 1307//2065 1306//2065 325//2065
f 325//2066 1306//2066 1305//2066
f 325//2067 1305//2067 326//2067
f 326//2068 1305//2068 327//2068
f 178//2069 177//2069 1327//2069
f 178//2070 1327//2070 844//2070
f 842//2071 841//2071 1321//2071
f 1327//2072 1320//2072 844//2072
f 844//2073 1320//2073 1321//2073
f 844//2074 1321//2074 840//2074
f 840//2075 1321//2075 841//2075
f 1321//2076 1323//2076 842//2076
f 842//2077 1323//2077 1322//2077
f 842//2078 1322//2078 843//2078
f 843//2079 1322//2079 1326//2079
f 843//2080 1326//2080 837//2080
f 834//2081 833//2081 1325//2081
f 834//2082 1325//2082 838//2082
f 833//2083 832//2083 1325//2083
f 1325//2084 832//2084 831//2084
f 1325//2085 831//2085 1326//2085
f 1326//2086 831//2086 835//2086
f 1326//2087 835//2087 837//2087
f 827//2088 826//2088 1325//2088
f 1325//2089 826//2089 839//2089
f 1325//2090 839//2090 838//2090
f 827//2091 1325//2091 828//2091
f 828//2092 1325//2092 1324//2092
f 828//2093 1324//2093 829//2093
f 823//2094 822//2094 1324//2094
f 1324//2095 822//2095 830//2095
f 1324//2096 830//2096 829//2096
f 814//2097 813//2097 1313//2097
f 1313//2098 813//2098 819//2098
f 1313//2099 819//2099 818//2099
f 818//2100 816//2100 1313//2100
f 1313//2101 816//2101 815//2101
f 1313//2102 815//2102 1324//2102
f 1324//2103 815//2103 824//2103
f 1324//2104 824//2104 823//2104
f 803//2105 812//2105 1312//2105
f 1312//2106 812//2106 811//2106
f 1312//2107 811//2107 809//2107
f 809//2108 808//2108 1312//2108
f 1312//2109 808//2109 821//2109
f 1312//2110 821//2110 1313//2110
f 1313//2111 821//2111 820//2111
f 1313//2112 820//2112 814//2112
f 803//2113 1312//2113 804//2113
f 804//2114 1312//2114 1314//2114
f 804//2115 1314//2115 806//2115
f 806//2116 1314//2116 1315//2116
f 806//2117 1315//2117 807//2117
f 807//2118 1315//2118 798//2118
f 798//2119 1315//2119 1316//2119
f 798//2120 1316//2120 800//2120
f 1316//2121 1317//2121 800//2121
f 800//2122 1317//2122 1318//2122
f 800//2123 1318//2123 802//2123
f 802//2124 1318//2124 1319//2124
f 802//2125 1319//2125 765//2125
f 401//2126 403//2126 1319//2126
f 1319//2126 403//2126 765//2126
f 1345//2139 1346//2139 1347//2139
f 1352//2204 1351//2204 1396//2204
f 1582//2307 1583//2307 1584//2307
f 1756//2459 1783//2459 1754//2459
f 2675//3006 2674//3006 2710//3006
f 2380//3875 2381//3875 3593//3875
f 2381//3888 2376//3888 3593//3888
f 3679//4321 3680//4321 3681//4321
f 3694//4326 3695//4326 3696//4326
f 3707//4336 3697//4336 3708//4336
f 3696//4342 3711//4342 3694//4342
f 3694//4343 3711//4343 3712//4343
f 3695//4349 3691//4349 3696//4349
f 3679//4367 3687//4367 3725//4367
f 3724//4376 3730//4376 3731//4376
f 3731//4377 3730//4377 3732//4377
f 3733//4378 3731//4378 3734//4378
f 3734//4379 3731//4379 3732//4379
f 3734//4380 3732//4380 3735//4380
f 3736//4381 3737//4381 3738//4381
f 3738//4382 3737//4382 3739//4382
f 3738//4383 3739//4383 3740//4383
f 3740//4384 3739//4384 3741//4384
f 3740//4385 3741//4385 3742//4385
f 3679//4386 3725//4386 3680//4386
f 3730//4479 3687//4479 3732//4479
f 3732//4480 3687//4480 3679//4480
f 3732//4481 3679//4481 3735//4481
f 3735//4482 3679//4482 3681//4482
f 3733//4483 3736//4483 3731//4483
f 3731//4484 3736//4484 3738//4484
f 3731//4485 3738//4485 3724//4485
f 3724//4486 3738//4486 3740//4486
f 3724//4487 3740//4487 3723//4487
f 3723//4488 3740//4488 3742//4488
f 3723//4489 3742//4489 3722//4489
f 3722//4490 3742//4490 3741//4490
f 3722//4491 3741//4491 3721//4491
f 3721//4492 3741//4492 3805//4492
f 3721//4493 3805//4493 3806//4493
f 3806//4494 3805//4494 3807//4494
f 3806//4495 3807//4495 3808//4495
f 3715//4499 3721//4499 3806//4499
f 3711//4501 3806//4501 3808//4501
f 3711//4502 3808//4502 3712//4502
f 3809//4531 3681//4531 3680//4531
f 3809//4531 3680//4531 3810//4531
f 3816//4538 3817//4538 3818//4538
f 3824//4541 3825//4541 3826//4541
f 3835//4550 3836//4550 3837//4550
f 3837//4551 3836//4551 3838//4551
f 3837//4552 3838//4552 3839//4552
f 3839//4553 3838//4553 3840//4553
f 3841//4566 3847//4566 3848//4566
f 3841//4567 3848//4567 3842//4567
f 3842//4568 3848//4568 3835//4568
f 3842//4569 3835//4569 3843//4569
f 3843//4570 3835//4570 3837//4570
f 3843//4571 3837//4571 3844//4571
f 3844//4572 3837//4572 3839//4572
f 3844//4573 3839//4573 3810//4573
f 3810//4574 3839//4574 3840//4574
f 3810//4575 3840//4575 3809//4575
f 3825//4581 3824//4581 3855//4581
f 3855//4582 3824//4582 3856//4582
f 3855//4583 3856//4583 3857//4583
f 3847//4591 3825//4591 3855//4591
f 3847//4592 3855//4592 3848//4592
f 3848//4593 3855//4593 3857//4593
f 3848//4594 3857//4594 3835//4594
f 3835//4595 3857//4595 3859//4595
f 3835//4596 3859//4596 3836//4596
f 3868//4603 3869//4603 3870//4603
f 3863//4607 3873//4607 3874//4607
f 3876//4612 3863//4612 3868//4612
f 3868//4613 3863//4613 3874//4613
f 3868//4614 3874//4614 3869//4614
f 3891//4631 3876//4631 3868//4631
f 3891//4632 3868//4632 3816//4632
f 3816//4633 3868//4633 3870//4633
f 3816//4634 3870//4634 3817//4634
f 3858//4709 3891//4709 3816//4709
f 3858//4710 3816//4710 3826//4710
f 3826//4711 3816//4711 3818//4711
f 3826//4712 3818//4712 3824//4712
f 3824//4713 3818//4713 3932//4713
f 3824//4714 3932//4714 3856//4714
f 3945//4764 3956//4764 3957//4764
f 4040//5068 4122//5068 4038//5068
f 4038//5069 4122//5069 4123//5069
f 4038//5070 4123//5070 4104//5070
f 4104//5071 4123//5071 4124//5071
f 4104//5072 4124//5072 4105//5072
f 4105//5073 4124//5073 4125//5073
f 4164//2204 4196//2204 4162//2204
f 4320//5245 4315//5245 4321//5245
f 4331//5282 4348//5282 4349//5282
f 4195//5844 4822//5844 4823//5844
f 4889//6129 4865//6129 4867//6129
f 4889//6130 4867//6130 4868//6130
f 4892//6141 4898//6141 4899//6141
f 4965//6231 4970//6231 4971//6231
f 3221//6471 3220//6471 3231//6471
usemtl rubber
f 1330//2127 1331//2127 1332//2127
f 1333//2128 1334//2128 1335//2128
f 1336//2129 1337//2129 1338//2129
f 1338//2130 1339//2130 1340//2130
f 1340//2131 1339//2131 1341//2131
f 1336//2132 1338//2132 1342//2132
f 1342//2133 1338//2133 1340//2133
f 1342//2134 1340//2134 1343//2134
f 1343//2135 1340//2135 1332//2135
f 1343//2136 1332//2136 1344//2136
f 1344//2137 1332//2137 1345//2137
f 1345//2138 1332//2138 1346//2138
f 1347//2140 1346//2140 1348//2140
f 1347//2141 1348//2141 1349//2141
f 1350//2142 1351//2142 1352//2142
f 1353//2143 1354//2143 1352//2143
f 1352//2144 1354//2144 1334//2144
f 1352//2145 1334//2145 1350//2145
f 1350//2146 1334//2146 1333//2146
f 1350//2147 1333//2147 1355//2147
f 1335//2148 1334//2148 1356//2148
f 1356//2149 1334//2149 1354//2149
f 1356//2150 1354//2150 1348//2150
f 1348//2151 1354//2151 1353//2151
f 1348//2152 1353//2152 1349//2152
f 1332//2153 1331//2153 1346//2153
f 1346//2154 1331//2154 1357//2154
f 1346//2155 1357//2155 1348//2155
f 1348//2156 1357//2156 1358//2156
f 1348//2157 1358//2157 1356//2157
f 1341//2158 1359//2158 1340//2158
f 1340//2159 1359//2159 1360//2159
f 1340//2160 1360//2160 1332//2160
f 1332//2161 1360//2161 1361//2161
f 1332//2162 1361//2162 1330//2162
f 1362//2163 1339//2163 1338//2163
f 1363//2164 1364//2164 1365//2164
f 1366//2165 1364//2165 1367//2165
f 1367//2166 1364//2166 1363//2166
f 1367//2167 1363//2167 1368//2167
f 1369//2168 1370//2168 1371//2168
f 1371//2169 1370//2169 1372//2169
f 1371//2170 1372//2170 1368//2170
f 1368//2171 1372//2171 1373//2171
f 1368//2172 1373//2172 1367//2172
f 1371//2173 1374//2173 1369//2173
f 1369//2174 1374//2174 1375//2174
f 1369//2175 1375//2175 1376//2175
f 1369//2176 1376//2176 1377//2176
f 1378//2177 1379//2177 1380//2177
f 1380//2178 1379//2178 1338//2178
f 1380//2179 1338//2179 1337//2179
f 1378//2180 1381//2180 1379//2180
f 1379//2181 1381//2181 1382//2181
f 1379//2182 1382//2182 1376//2182
f 1376//2183 1382//2183 1383//2183
f 1376//2184 1383//2184 1377//2184
f 1362//2185 1338//2185 1384//2185
f 1384//2186 1338//2186 1379//2186
f 1384//2187 1379//2187 1385//2187
f 1375//2188 1386//2188 1376//2188
f 1376//2189 1386//2189 1387//2189
f 1376//2190 1387//2190 1379//2190
f 1379//2191 1387//2191 1388//2191
f 1379//2192 1388//2192 1385//2192
f 1365//2193 1389//2193 1363//2193
f 1363//2194 1389//2194 1390//2194
f 1363//2195 1390//2195 1368//2195
f 1368//2196 1390//2196 1391//2196
f 1368//2197 1391//2197 1371//2197
f 1371//2198 1391//2198 1392//2198
f 1371//2199 1392//2199 1374//2199
f 1393//2200 1365//2200 1364//2200
f 1393//2201 1364//2201 1394//2201
f 1394//2202 1364//2202 1366//2202
f 1394//2203 1366//2203 1395//2203
f 1395//2204 1366//2204 1397//2204
f 1397//2204 1366//2204 1367//2204
f 1397//2204 1367//2204 1398//2204
f 1398//2204 1367//2204 1399//2204
f 1367//2204 1373//2204 1399//2204
f 1399//2205 1373//2205 1372//2205
f 1399//2204 1372//2204 1400//2204
f 1400//2204 1372//2204 1370//2204
f 1369//2204 1401//2204 1370//2204
f 1370//2204 1401//2204 1402//2204
f 1370//2204 1402//2204 1400//2204
f 1401//2204 1369//2204 1377//2204
f 1401//2204 1377//2204 1403//2204
f 1403//2204 1377//2204 1383//2204
f 1403//2204 1383//2204 1404//2204
f 1396//2204 1405//2204 1352//2204
f 1352//2204 1405//2204 1406//2204
f 1352//2204 1406//2204 1353//2204
f 1353//2204 1406//2204 1407//2204
f 1353//2204 1407//2204 1349//2204
f 1349//2204 1407//2204 1408//2204
f 1349//2204 1408//2204 1347//2204
f 1347//2204 1408//2204 1409//2204
f 1347//2204 1409//2204 1345//2204
f 1345//2204 1409//2204 1410//2204
f 1345//2204 1410//2204 1344//2204
f 1344//2204 1410//2204 1411//2204
f 1344//2206 1411//2206 1343//2206
f 1343//2204 1411//2204 1342//2204
f 1383//2204 1382//2204 1404//2204
f 1404//2207 1382//2207 1381//2207
f 1404//2204 1381//2204 1412//2204
f 1412//2204 1381//2204 1378//2204
f 1412//2204 1378//2204 1413//2204
f 1411//2204 1414//2204 1342//2204
f 1342//2204 1414//2204 1415//2204
f 1342//2204 1415//2204 1336//2204
f 1336//2204 1415//2204 1416//2204
f 1336//2204 1416//2204 1337//2204
f 1337//2204 1416//2204 1413//2204
f 1337//2204 1413//2204 1380//2204
f 1380//2204 1413//2204 1378//2204
f 1396//2208 1351//2208 1350//2208
f 1396//2209 1350//2209 1417//2209
f 1417//2210 1350//2210 1355//2210
f 1417//2211 1355//2211 1418//2211
f 1418//2212 1355//2212 1419//2212
f 1419//2212 1355//2212 1333//2212
f 1419//2212 1333//2212 1420//2212
f 1420//2212 1333//2212 1335//2212
f 1420//2212 1335//2212 1421//2212
f 1421//2212 1335//2212 1356//2212
f 1421//2212 1356//2212 1422//2212
f 1422//2212 1356//2212 1358//2212
f 1422//2212 1358//2212 1423//2212
f 1423//2212 1358//2212 1357//2212
f 1423//2212 1357//2212 1424//2212
f 1424//2213 1357//2213 1331//2213
f 1424//2212 1331//2212 1425//2212
f 1425//2212 1331//2212 1330//2212
f 1425//2212 1330//2212 1426//2212
f 1426//2212 1330//2212 1361//2212
f 1426//2212 1361//2212 1427//2212
f 1361//2212 1360//2212 1427//2212
f 1427//2212 1360//2212 1359//2212
f 1427//2212 1359//2212 1428//2212
f 1428//2212 1359//2212 1341//2212
f 1428//2212 1341//2212 1429//2212
f 1341//2212 1339//2212 1429//2212
f 1429//2212 1339//2212 1362//2212
f 1429//2212 1362//2212 1430//2212
f 1430//2212 1362//2212 1384//2212
f 1430//2212 1384//2212 1431//2212
f 1384//2212 1385//2212 1431//2212
f 1431//2212 1385//2212 1388//2212
f 1431//2212 1388//2212 1432//2212
f 1432//2212 1388//2212 1387//2212
f 1432//2212 1387//2212 1433//2212
f 1433//2212 1387//2212 1386//2212
f 1433//2212 1386//2212 1434//2212
f 1434//2212 1386//2212 1375//2212
f 1434//2212 1375//2212 1435//2212
f 1435//2212 1375//2212 1374//2212
f 1435//2212 1374//2212 1436//2212
f 1436//2212 1374//2212 1392//2212
f 1436//2212 1392//2212 1437//2212
f 1437//2212 1392//2212 1391//2212
f 1437//2212 1391//2212 1438//2212
f 1438//2212 1391//2212 1390//2212
f 1438//2212 1390//2212 1439//2212
f 1439//2212 1390//2212 1389//2212
f 1439//2212 1389//2212 1440//2212
f 1440//2212 1389//2212 1365//2212
f 1440//2212 1365//2212 1393//2212
f 1441//2214 1442//2214 1443//2214
f 1443//2215 1442//2215 1444//2215
f 1443//2216 1444//2216 1445//2216
f 1446//2217 1447//2217 1448//2217
f 1449//2218 1450//2218 1451//2218
f 1451//2219 1450//2219 1452//2219
f 1453//2220 1454//2220 1448//2220
f 1454//2221 1453//2221 1455//2221
f 1456//2222 1457//2222 1458//2222
f 1458//2223 1457//2223 1459//2223
f 1458//2224 1459//2224 1460//2224
f 1460//2225 1459//2225 1461//2225
f 1460//2226 1461//2226 1455//2226
f 1455//2227 1461//2227 1462//2227
f 1455//2228 1462//2228 1454//2228
f 1463//2229 1464//2229 1465//2229
f 1465//2230 1464//2230 1466//2230
f 1467//2231 1468//2231 1450//2231
f 1450//2232 1468//2232 1466//2232
f 1450//2233 1466//2233 1452//2233
f 1452//2234 1466//2234 1464//2234
f 1452//2235 1464//2235 1469//2235
f 1469//2236 1464//2236 1463//2236
f 1469//2237 1463//2237 1447//2237
f 1447//2238 1463//2238 1470//2238
f 1447//2239 1470//2239 1448//2239
f 1448//2240 1470//2240 1471//2240
f 1448//2241 1471//2241 1453//2241
f 1449//2242 1472//2242 1450//2242
f 1450//2243 1472//2243 1473//2243
f 1450//2244 1473//2244 1467//2244
f 1462//2245 1474//2245 1454//2245
f 1454//2246 1474//2246 1475//2246
f 1454//2247 1475//2247 1448//2247
f 1448//2248 1475//2248 1476//2248
f 1448//2249 1476//2249 1446//2249
f 1443//2250 1445//2250 1477//2250
f 1478//2251 1479//2251 1480//2251
f 1480//2252 1479//2252 1441//2252
f 1480//2253 1441//2253 1443//2253
f 1443//2254 1477//2254 1480//2254
f 1480//2255 1477//2255 1481//2255
f 1480//2256 1481//2256 1478//2256
f 1478//2257 1481//2257 1482//2257
f 1478//2258 1482//2258 1483//2258
f 1483//2259 1484//2259 1485//2259
f 1485//2260 1484//2260 1486//2260
f 1483//2261 1482//2261 1484//2261
f 1484//2262 1482//2262 1487//2262
f 1484//2263 1487//2263 1486//2263
f 1486//2264 1487//2264 1488//2264
f 1486//2265 1488//2265 1489//2265
f 1489//2266 1488//2266 1490//2266
f 1489//2267 1490//2267 1491//2267
f 1491//2268 1490//2268 1492//2268
f 1491//2269 1492//2269 1493//2269
f 1493//2270 1494//2270 1495//2270
f 1495//2271 1494//2271 1496//2271
f 1495//2272 1496//2272 1497//2272
f 1493//2273 1492//2273 1494//2273
f 1494//2274 1492//2274 1498//2274
f 1494//2275 1498//2275 1496//2275
f 1498//2276 1499//2276 1496//2276
f 1496//2277 1499//2277 1500//2277
f 1496//2278 1500//2278 1497//2278
f 1497//2279 1500//2279 1501//2279
f 1497//2280 1501//2280 1502//2280
f 1502//2281 1501//2281 1503//2281
f 1502//2282 1503//2282 1504//2282
f 1504//2283 1503//2283 1457//2283
f 1504//2284 1457//2284 1456//2284
f 1463//2204 1465//2204 1505//2204
f 1505//2204 1465//2204 1506//2204
f 1506//2204 1465//2204 1466//2204
f 1506//2204 1466//2204 1507//2204
f 1507//2204 1466//2204 1468//2204
f 1507//2204 1468//2204 1508//2204
f 1508//2204 1468//2204 1467//2204
f 1508//2204 1467//2204 1509//2204
f 1442//2204 1441//2204 1510//2204
f 1510//2204 1441//2204 1479//2204
f 1510//2204 1479//2204 1511//2204
f 1511//2204 1479//2204 1478//2204
f 1511//2204 1478//2204 1512//2204
f 1512//2204 1478//2204 1513//2204
f 1513//2204 1478//2204 1483//2204
f 1513//2204 1483//2204 1514//2204
f 1514//2204 1483//2204 1485//2204
f 1514//2204 1485//2204 1515//2204
f 1504//2204 1516//2204 1502//2204
f 1502//2204 1516//2204 1517//2204
f 1502//2204 1517//2204 1497//2204
f 1497//2204 1517//2204 1518//2204
f 1497//2204 1518//2204 1495//2204
f 1495//2204 1518//2204 1519//2204
f 1495//2206 1519//2206 1493//2206
f 1493//2204 1519//2204 1520//2204
f 1493//2204 1520//2204 1491//2204
f 1491//2204 1520//2204 1521//2204
f 1491//2204 1521//2204 1489//2204
f 1489//2204 1521//2204 1515//2204
f 1489//2204 1515//2204 1486//2204
f 1486//2204 1515//2204 1485//2204
f 1458//2204 1522//2204 1456//2204
f 1456//2204 1522//2204 1523//2204
f 1456//2204 1523//2204 1504//2204
f 1504//2204 1523//2204 1524//2204
f 1504//2204 1524//2204 1516//2204
f 1505//2204 1525//2204 1463//2204
f 1463//2204 1525//2204 1526//2204
f 1463//2204 1526//2204 1470//2204
f 1470//2204 1526//2204 1527//2204
f 1470//2204 1527//2204 1471//2204
f 1471//2204 1527//2204 1528//2204
f 1471//2204 1528//2204 1453//2204
f 1453//2204 1528//2204 1529//2204
f 1453//2204 1529//2204 1455//2204
f 1455//2204 1529//2204 1530//2204
f 1455//2204 1530//2204 1460//2204
f 1460//2204 1530//2204 1531//2204
f 1460//2285 1531//2285 1458//2285
f 1458//2204 1531//2204 1532//2204
f 1458//2204 1532//2204 1522//2204
f 1467//2214 1473//2214 1509//2214
f 1509//2286 1473//2286 1472//2286
f 1509//2287 1472//2287 1533//2287
f 1449//2212 1451//2212 1534//2212
f 1444//2212 1535//2212 1445//2212
f 1445//2212 1535//2212 1477//2212
f 1534//2212 1451//2212 1536//2212
f 1536//2212 1451//2212 1452//2212
f 1536//2212 1452//2212 1537//2212
f 1449//2212 1534//2212 1472//2212
f 1472//2212 1534//2212 1538//2212
f 1472//2212 1538//2212 1533//2212
f 1487//2212 1539//2212 1488//2212
f 1488//2212 1539//2212 1540//2212
f 1488//2212 1540//2212 1490//2212
f 1535//2212 1541//2212 1477//2212
f 1477//2288 1541//2288 1542//2288
f 1477//2212 1542//2212 1481//2212
f 1481//2212 1542//2212 1543//2212
f 1481//2212 1543//2212 1482//2212
f 1482//2212 1543//2212 1544//2212
f 1482//2212 1544//2212 1487//2212
f 1487//2212 1544//2212 1545//2212
f 1487//2212 1545//2212 1539//2212
f 1537//2212 1452//2212 1546//2212
f 1546//2212 1452//2212 1469//2212
f 1546//2212 1469//2212 1547//2212
f 1547//2212 1469//2212 1447//2212
f 1547//2212 1447//2212 1548//2212
f 1548//2212 1447//2212 1446//2212
f 1548//2212 1446//2212 1549//2212
f 1549//2212 1446//2212 1476//2212
f 1549//2212 1476//2212 1550//2212
f 1550//2212 1476//2212 1475//2212
f 1550//2212 1475//2212 1551//2212
f 1490//2212 1540//2212 1492//2212
f 1492//2212 1540//2212 1552//2212
f 1492//2212 1552//2212 1498//2212
f 1498//2212 1552//2212 1553//2212
f 1498//2212 1553//2212 1499//2212
f 1499//2212 1553//2212 1554//2212
f 1499//2212 1554//2212 1500//2212
f 1554//2212 1555//2212 1500//2212
f 1500//2289 1555//2289 1556//2289
f 1500//2212 1556//2212 1501//2212
f 1501//2212 1556//2212 1557//2212
f 1501//2212 1557//2212 1503//2212
f 1503//2212 1557//2212 1558//2212
f 1503//2212 1558//2212 1457//2212
f 1457//2212 1558//2212 1559//2212
f 1457//2212 1559//2212 1459//2212
f 1459//2212 1559//2212 1560//2212
f 1459//2212 1560//2212 1461//2212
f 1461//2212 1560//2212 1561//2212
f 1461//2212 1561//2212 1462//2212
f 1462//2212 1561//2212 1551//2212
f 1462//2212 1551//2212 1474//2212
f 1474//2212 1551//2212 1475//2212
f 1562//2290 1563//2290 1564//2290
f 1565//2291 1566//2291 1567//2291
f 1567//2292 1566//2292 1568//2292
f 1567//2293 1568//2293 1569//2293
f 1569//2294 1568//2294 1570//2294
f 1571//2295 1564//2295 1572//2295
f 1572//2296 1564//2296 1573//2296
f 1573//2297 1564//2297 1574//2297
f 1574//2298 1564//2298 1563//2298
f 1574//2299 1563//2299 1575//2299
f 1563//2300 1576//2300 1575//2300
f 1575//2301 1576//2301 1577//2301
f 1575//2302 1577//2302 1578//2302
f 1578//2303 1577//2303 1579//2303
f 1576//2304 1580//2304 1577//2304
f 1577//2305 1580//2305 1581//2305
f 1577//2306 1581//2306 1579//2306
f 1584//2308 1583//2308 1585//2308
f 1584//2309 1585//2309 1586//2309
f 1586//2310 1585//2310 1579//2310
f 1586//2311 1579//2311 1587//2311
f 1587//2312 1579//2312 1581//2312
f 1587//2313 1588//2313 1586//2313
f 1586//2314 1588//2314 1589//2314
f 1586//2315 1589//2315 1584//2315
f 1584//2316 1589//2316 1590//2316
f 1584//2317 1590//2317 1582//2317
f 1565//2318 1567//2318 1591//2318
f 1591//2319 1567//2319 1592//2319
f 1591//2320 1592//2320 1593//2320
f 1593//2321 1592//2321 1594//2321
f 1593//2322 1594//2322 1595//2322
f 1595//2323 1594//2323 1596//2323
f 1595//2324 1596//2324 1597//2324
f 1597//2325 1596//2325 1598//2325
f 1597//2326 1598//2326 1571//2326
f 1571//2327 1598//2327 1599//2327
f 1571//2328 1599//2328 1564//2328
f 1564//2329 1599//2329 1600//2329
f 1564//2330 1600//2330 1562//2330
f 1601//2331 1602//2331 1603//2331
f 1603//2332 1602//2332 1604//2332
f 1603//2333 1604//2333 1605//2333
f 1605//2334 1604//2334 1606//2334
f 1601//2335 1607//2335 1602//2335
f 1602//2336 1607//2336 1608//2336
f 1602//2337 1608//2337 1604//2337
f 1604//2338 1608//2338 1609//2338
f 1604//2339 1609//2339 1606//2339
f 1609//2340 1610//2340 1606//2340
f 1606//2341 1610//2341 1611//2341
f 1606//2342 1611//2342 1612//2342
f 1612//2343 1611//2343 1613//2343
f 1614//2344 1613//2344 1615//2344
f 1615//2345 1613//2345 1611//2345
f 1615//2346 1611//2346 1616//2346
f 1616//2347 1611//2347 1610//2347
f 1617//2348 1618//2348 1619//2348
f 1619//2349 1618//2349 1620//2349
f 1619//2350 1620//2350 1614//2350
f 1614//2351 1620//2351 1621//2351
f 1614//2352 1621//2352 1613//2352
f 1622//2353 1623//2353 1624//2353
f 1625//2354 1570//2354 1568//2354
f 1624//2355 1623//2355 1626//2355
f 1626//2356 1623//2356 1627//2356
f 1626//2357 1627//2357 1628//2357
f 1628//2358 1627//2358 1629//2358
f 1628//2359 1629//2359 1630//2359
f 1630//2360 1629//2360 1625//2360
f 1630//2361 1625//2361 1631//2361
f 1631//2362 1625//2362 1568//2362
f 1631//2363 1568//2363 1566//2363
f 1624//2364 1632//2364 1622//2364
f 1622//2365 1632//2365 1617//2365
f 1622//2366 1617//2366 1633//2366
f 1633//2367 1617//2367 1619//2367
f 1633//2368 1619//2368 1634//2368
f 1634//2369 1619//2369 1614//2369
f 1635//2204 1601//2204 1636//2204
f 1636//2204 1601//2204 1603//2204
f 1636//2204 1603//2204 1637//2204
f 1637//2204 1603//2204 1605//2204
f 1637//2204 1605//2204 1638//2204
f 1638//2204 1605//2204 1606//2204
f 1638//2204 1606//2204 1639//2204
f 1639//2204 1606//2204 1612//2204
f 1639//2204 1612//2204 1640//2204
f 1612//2204 1613//2204 1640//2204
f 1640//2204 1613//2204 1621//2204
f 1640//2204 1621//2204 1641//2204
f 1641//2204 1621//2204 1620//2204
f 1641//2204 1620//2204 1642//2204
f 1642//2204 1620//2204 1643//2204
f 1643//2204 1620//2204 1618//2204
f 1643//2204 1618//2204 1644//2204
f 1645//2204 1646//2204 1595//2204
f 1618//2285 1617//2285 1644//2285
f 1644//2204 1617//2204 1632//2204
f 1644//2204 1632//2204 1647//2204
f 1647//2204 1632//2204 1624//2204
f 1647//2204 1624//2204 1648//2204
f 1624//2204 1626//2204 1648//2204
f 1648//2204 1626//2204 1628//2204
f 1648//2204 1628//2204 1649//2204
f 1595//2204 1597//2204 1645//2204
f 1645//2204 1597//2204 1571//2204
f 1645//2204 1571//2204 1650//2204
f 1650//2204 1571//2204 1572//2204
f 1650//2204 1572//2204 1651//2204
f 1651//2204 1572//2204 1573//2204
f 1651//2204 1573//2204 1652//2204
f 1652//2204 1573//2204 1574//2204
f 1652//2204 1574//2204 1653//2204
f 1653//2204 1574//2204 1575//2204
f 1653//2204 1575//2204 1654//2204
f 1654//2204 1575//2204 1578//2204
f 1654//2204 1578//2204 1655//2204
f 1655//2204 1578//2204 1579//2204
f 1655//2204 1579//2204 1656//2204
f 1656//2204 1579//2204 1585//2204
f 1656//2204 1585//2204 1657//2204
f 1657//2204 1585//2204 1583//2204
f 1657//2204 1583//2204 1658//2204
f 1658//2204 1583//2204 1582//2204
f 1658//2204 1582//2204 1659//2204
f 1628//2204 1630//2204 1649//2204
f 1649//2204 1630//2204 1631//2204
f 1649//2204 1631//2204 1660//2204
f 1660//2204 1631//2204 1566//2204
f 1660//2204 1566//2204 1661//2204
f 1661//2204 1566//2204 1565//2204
f 1661//2204 1565//2204 1662//2204
f 1662//2204 1565//2204 1591//2204
f 1662//2204 1591//2204 1646//2204
f 1646//2204 1591//2204 1593//2204
f 1646//2204 1593//2204 1595//2204
f 1663//2370 1664//2370 1665//2370
f 1664//2370 1663//2370 1666//2370
f 1667//2371 1668//2371 1669//2371
f 1670//2372 1671//2372 1672//2372
f 1673//2373 1670//2373 1674//2373
f 1674//2374 1670//2374 1672//2374
f 1674//2375 1672//2375 1675//2375
f 1675//2376 1672//2376 1676//2376
f 1675//2377 1676//2377 1677//2377
f 1677//2378 1676//2378 1678//2378
f 1677//2379 1678//2379 1679//2379
f 1679//2380 1678//2380 1680//2380
f 1679//2381 1680//2381 1681//2381
f 1681//2382 1680//2382 1682//2382
f 1681//2383 1682//2383 1683//2383
f 1683//2384 1682//2384 1684//2384
f 1683//2385 1684//2385 1685//2385
f 1684//2386 1686//2386 1685//2386
f 1685//2387 1686//2387 1687//2387
f 1685//2388 1687//2388 1688//2388
f 1688//2389 1687//2389 1689//2389
f 1668//2390 1690//2390 1669//2390
f 1669//2391 1690//2391 1689//2391
f 1669//2392 1689//2392 1691//2392
f 1691//2393 1689//2393 1687//2393
f 1691//2394 1687//2394 1692//2394
f 1692//2395 1687//2395 1686//2395
f 1693//2396 1694//2396 1667//2396
f 1667//2397 1694//2397 1695//2397
f 1667//2398 1695//2398 1668//2398
f 1668//2399 1695//2399 1696//2399
f 1668//2400 1696//2400 1690//2400
f 1693//2401 1697//2401 1694//2401
f 1694//2402 1697//2402 1698//2402
f 1694//2403 1698//2403 1699//2403
f 1699//2404 1698//2404 1700//2404
f 1699//2405 1700//2405 1701//2405
f 1701//2406 1702//2406 1699//2406
f 1699//2407 1702//2407 1703//2407
f 1699//2408 1703//2408 1694//2408
f 1694//2409 1703//2409 1704//2409
f 1694//2410 1704//2410 1695//2410
f 1700//2411 1705//2411 1701//2411
f 1701//2412 1705//2412 1666//2412
f 1701//2413 1666//2413 1663//2413
f 1693//2204 1667//2204 1706//2204
f 1707//2204 1664//2204 1666//2204
f 1706//2204 1708//2204 1693//2204
f 1693//2204 1708//2204 1709//2204
f 1693//2204 1709//2204 1697//2204
f 1697//2204 1709//2204 1710//2204
f 1697//2204 1710//2204 1698//2204
f 1698//2204 1710//2204 1711//2204
f 1698//2204 1711//2204 1700//2204
f 1700//2204 1711//2204 1707//2204
f 1700//2204 1707//2204 1705//2204
f 1705//2204 1707//2204 1666//2204
f 1712//2204 1713//2204 1714//2204
f 1714//2204 1713//2204 1715//2204
f 1714//2204 1715//2204 1716//2204
f 1716//2204 1715//2204 1717//2204
f 1716//2204 1717//2204 1718//2204
f 1718//2204 1717//2204 1719//2204
f 1718//2204 1719//2204 1720//2204
f 1721//2204 1722//2204 1691//2204
f 1691//2204 1722//2204 1723//2204
f 1691//2204 1723//2204 1669//2204
f 1669//2204 1723//2204 1724//2204
f 1669//2207 1724//2207 1667//2207
f 1667//2204 1724//2204 1725//2204
f 1667//2204 1725//2204 1706//2204
f 1726//2204 1682//2204 1727//2204
f 1727//2204 1682//2204 1680//2204
f 1727//2204 1680//2204 1728//2204
f 1729//2204 1730//2204 1731//2204
f 1691//2204 1692//2204 1721//2204
f 1721//2204 1692//2204 1686//2204
f 1721//2204 1686//2204 1726//2204
f 1726//2204 1686//2204 1684//2204
f 1726//2204 1684//2204 1682//2204
f 1719//2204 1732//2204 1720//2204
f 1720//2204 1732//2204 1733//2204
f 1720//2204 1733//2204 1734//2204
f 1734//2204 1733//2204 1735//2204
f 1734//2204 1735//2204 1736//2204
f 1736//2204 1735//2204 1737//2204
f 1736//2204 1737//2204 1738//2204
f 1738//2204 1737//2204 1739//2204
f 1738//2204 1739//2204 1740//2204
f 1740//2204 1739//2204 1741//2204
f 1740//2204 1741//2204 1742//2204
f 1742//2204 1741//2204 1729//2204
f 1742//2204 1729//2204 1743//2204
f 1743//2204 1729//2204 1731//2204
f 1744//2204 1745//2204 1746//2204
f 1746//2204 1745//2204 1747//2204
f 1746//2204 1747//2204 1748//2204
f 1748//2204 1747//2204 1749//2204
f 1748//2204 1749//2204 1730//2204
f 1730//2204 1749//2204 1750//2204
f 1730//2204 1750//2204 1731//2204
f 1680//2204 1678//2204 1728//2204
f 1728//2204 1678//2204 1676//2204
f 1728//2204 1676//2204 1751//2204
f 1751//2204 1676//2204 1672//2204
f 1751//2204 1672//2204 1752//2204
f 1752//2204 1672//2204 1671//2204
f 1752//2204 1671//2204 1744//2204
f 1744//2204 1671//2204 1753//2204
f 1744//2204 1753//2204 1745//2204
f 1754//2414 1755//2414 1756//2414
f 1756//2415 1755//2415 1713//2415
f 1756//2370 1713//2370 1712//2370
f 1670//2416 1673//2416 1757//2416
f 1758//2417 1759//2417 1760//2417
f 1756//2418 1712//2418 1714//2418
f 1760//2419 1761//2419 1762//2419
f 1762//2420 1761//2420 1763//2420
f 1720//2421 1758//2421 1718//2421
f 1718//2422 1758//2422 1760//2422
f 1718//2423 1760//2423 1716//2423
f 1716//2424 1760//2424 1762//2424
f 1716//2425 1762//2425 1714//2425
f 1714//2426 1762//2426 1763//2426
f 1714//2427 1763//2427 1756//2427
f 1720//2428 1734//2428 1758//2428
f 1758//2429 1734//2429 1736//2429
f 1758//2430 1736//2430 1764//2430
f 1765//2431 1766//2431 1767//2431
f 1767//2432 1766//2432 1768//2432
f 1767//2433 1768//2433 1764//2433
f 1764//2434 1768//2434 1769//2434
f 1764//2435 1769//2435 1758//2435
f 1758//2436 1769//2436 1770//2436
f 1758//2437 1770//2437 1759//2437
f 1736//2438 1738//2438 1764//2438
f 1764//2439 1738//2439 1740//2439
f 1764//2440 1740//2440 1767//2440
f 1767//2441 1740//2441 1742//2441
f 1767//2442 1742//2442 1765//2442
f 1765//2443 1742//2443 1743//2443
f 1765//2444 1743//2444 1771//2444
f 1771//2445 1743//2445 1731//2445
f 1771//2446 1731//2446 1772//2446
f 1772//2447 1731//2447 1773//2447
f 1773//2448 1731//2448 1750//2448
f 1773//2449 1750//2449 1774//2449
f 1750//2450 1749//2450 1774//2450
f 1774//2451 1749//2451 1747//2451
f 1774//2452 1747//2452 1775//2452
f 1775//2453 1747//2453 1745//2453
f 1671//2454 1670//2454 1753//2454
f 1753//2455 1670//2455 1757//2455
f 1753//2456 1757//2456 1745//2456
f 1745//2457 1757//2457 1776//2457
f 1745//2458 1776//2458 1775//2458
f 1663//2459 1665//2459 1777//2459
f 1760//2212 1778//2212 1761//2212
f 1761//2460 1778//2460 1779//2460
f 1761//2212 1779//2212 1763//2212
f 1763//2212 1779//2212 1780//2212
f 1780//2461 1781//2461 1763//2461
f 1763//2212 1781//2212 1782//2212
f 1763//2212 1782//2212 1756//2212
f 1756//2212 1782//2212 1783//2212
f 1777//2460 1784//2460 1663//2460
f 1663//2212 1784//2212 1785//2212
f 1663//2212 1785//2212 1701//2212
f 1701//2459 1785//2459 1786//2459
f 1701//2212 1786//2212 1702//2212
f 1702//2212 1786//2212 1787//2212
f 1702//2212 1787//2212 1703//2212
f 1703//2212 1787//2212 1788//2212
f 1703//2212 1788//2212 1704//2212
f 1704//2212 1788//2212 1789//2212
f 1704//2212 1789//2212 1695//2212
f 1695//2212 1789//2212 1790//2212
f 1695//2212 1790//2212 1696//2212
f 1696//2212 1790//2212 1791//2212
f 1696//2462 1791//2462 1690//2462
f 1690//2212 1791//2212 1792//2212
f 1793//2212 1794//2212 1765//2212
f 1765//2463 1794//2463 1795//2463
f 1765//2212 1795//2212 1766//2212
f 1766//2212 1795//2212 1796//2212
f 1766//2212 1796//2212 1768//2212
f 1768//2212 1796//2212 1797//2212
f 1768//2212 1797//2212 1769//2212
f 1769//2212 1797//2212 1798//2212
f 1769//2212 1798//2212 1770//2212
f 1770//2212 1798//2212 1799//2212
f 1770//2212 1799//2212 1759//2212
f 1759//2212 1799//2212 1800//2212
f 1759//2212 1800//2212 1760//2212
f 1760//2212 1800//2212 1801//2212
f 1760//2212 1801//2212 1778//2212
f 1802//2212 1679//2212 1803//2212
f 1803//2212 1679//2212 1681//2212
f 1803//2212 1681//2212 1804//2212
f 1804//2212 1681//2212 1683//2212
f 1804//2212 1683//2212 1805//2212
f 1805//2212 1683//2212 1685//2212
f 1805//2212 1685//2212 1806//2212
f 1806//2212 1685//2212 1688//2212
f 1806//2212 1688//2212 1792//2212
f 1792//2460 1688//2460 1689//2460
f 1792//2212 1689//2212 1690//2212
f 1765//2212 1771//2212 1793//2212
f 1793//2464 1771//2464 1772//2464
f 1793//2212 1772//2212 1807//2212
f 1807//2212 1772//2212 1773//2212
f 1807//2212 1773//2212 1808//2212
f 1773//2212 1774//2212 1808//2212
f 1808//2212 1774//2212 1775//2212
f 1808//2212 1775//2212 1809//2212
f 1810//2212 1675//2212 1802//2212
f 1802//2212 1675//2212 1677//2212
f 1802//2212 1677//2212 1679//2212
f 1775//2212 1776//2212 1809//2212
f 1809//2212 1776//2212 1757//2212
f 1809//2212 1757//2212 1811//2212
f 1811//2212 1757//2212 1673//2212
f 1811//2212 1673//2212 1810//2212
f 1810//2212 1673//2212 1674//2212
f 1810//2212 1674//2212 1675//2212
f 1812//2465 1813//2465 1814//2465
f 1815//2466 1816//2466 1817//2466
f 1818//2467 1819//2467 1820//2467
f 1820//2468 1821//2468 1818//2468
f 1818//2469 1821//2469 1822//2469
f 1818//2470 1822//2470 1823//2470
f 1823//2471 1822//2471 1824//2471
f 1821//2472 1825//2472 1822//2472
f 1822//2473 1825//2473 1826//2473
f 1822//2474 1826//2474 1824//2474
f 1824//2475 1826//2475 1814//2475
f 1824//2476 1814//2476 1827//2476
f 1827//2477 1814//2477 1813//2477
f 1827//2478 1813//2478 1828//2478
f 1828//2479 1813//2479 1812//2479
f 1828//2480 1812//2480 1829//2480
f 1830//2481 1831//2481 1832//2481
f 1832//2482 1831//2482 1833//2482
f 1834//2483 1835//2483 1836//2483
f 1836//2484 1835//2484 1837//2484
f 1837//2485 1835//2485 1838//2485
f 1838//2486 1835//2486 1839//2486
f 1838//2487 1839//2487 1840//2487
f 1840//2488 1839//2488 1841//2488
f 1840//2489 1841//2489 1842//2489
f 1842//2490 1841//2490 1843//2490
f 1842//2491 1843//2491 1844//2491
f 1844//2492 1843//2492 1845//2492
f 1844//2493 1845//2493 1846//2493
f 1812//2494 1847//2494 1829//2494
f 1829//2495 1847//2495 1816//2495
f 1829//2496 1816//2496 1833//2496
f 1833//2497 1816//2497 1815//2497
f 1833//2498 1815//2498 1832//2498
f 1832//2499 1815//2499 1817//2499
f 1832//2500 1817//2500 1830//2500
f 1830//2501 1817//2501 1848//2501
f 1830//2502 1848//2502 1849//2502
f 1849//2503 1848//2503 1850//2503
f 1849//2504 1850//2504 1851//2504
f 1851//2505 1850//2505 1846//2505
f 1851//2506 1846//2506 1852//2506
f 1852//2507 1846//2507 1845//2507
f 1853//2508 1820//2508 1854//2508
f 1854//2509 1820//2509 1819//2509
f 1854//2510 1819//2510 1855//2510
f 1823//2204 1824//2204 1856//2204
f 1856//2204 1824//2204 1827//2204
f 1856//2204 1827//2204 1857//2204
f 1857//2204 1827//2204 1828//2204
f 1857//2204 1828//2204 1858//2204
f 1858//2204 1828//2204 1859//2204
f 1860//2204 1861//2204 1862//2204
f 1862//2204 1861//2204 1863//2204
f 1855//2204 1819//2204 1864//2204
f 1864//2204 1819//2204 1818//2204
f 1864//2204 1818//2204 1865//2204
f 1865//2204 1818//2204 1823//2204
f 1865//2204 1823//2204 1866//2204
f 1866//2204 1823//2204 1856//2204
f 1828//2204 1829//2204 1859//2204
f 1859//2204 1829//2204 1833//2204
f 1859//2204 1833//2204 1867//2204
f 1867//2204 1833//2204 1831//2204
f 1867//2204 1831//2204 1868//2204
f 1868//2204 1831//2204 1830//2204
f 1868//2204 1830//2204 1869//2204
f 1869//2204 1830//2204 1849//2204
f 1869//2204 1849//2204 1870//2204
f 1871//2204 1872//2204 1873//2204
f 1873//2204 1872//2204 1874//2204
f 1873//2204 1874//2204 1875//2204
f 1875//2204 1874//2204 1876//2204
f 1874//2204 1877//2204 1876//2204
f 1876//2204 1877//2204 1878//2204
f 1876//2204 1878//2204 1879//2204
f 1879//2204 1878//2204 1880//2204
f 1879//2204 1880//2204 1881//2204
f 1881//2204 1880//2204 1882//2204
f 1881//2204 1882//2204 1863//2204
f 1863//2206 1882//2206 1883//2206
f 1863//2285 1883//2285 1862//2285
f 1884//2204 1885//2204 1886//2204
f 1886//2204 1885//2204 1887//2204
f 1886//2285 1887//2285 1888//2285
f 1888//2204 1887//2204 1889//2204
f 1888//2204 1889//2204 1871//2204
f 1871//2204 1889//2204 1890//2204
f 1871//2204 1890//2204 1872//2204
f 1891//2204 1892//2204 1893//2204
f 1893//2285 1892//2285 1894//2285
f 1893//2204 1894//2204 1884//2204
f 1884//2204 1894//2204 1895//2204
f 1884//2204 1895//2204 1885//2204
f 1849//2204 1851//2204 1870//2204
f 1870//2204 1851//2204 1852//2204
f 1870//2204 1852//2204 1896//2204
f 1852//2204 1845//2204 1896//2204
f 1896//2205 1845//2205 1843//2205
f 1896//2204 1843//2204 1897//2204
f 1897//2204 1843//2204 1841//2204
f 1897//2204 1841//2204 1898//2204
f 1898//2204 1841//2204 1839//2204
f 1898//2206 1839//2206 1899//2206
f 1899//2204 1839//2204 1835//2204
f 1899//2204 1835//2204 1900//2204
f 1900//2204 1835//2204 1834//2204
f 1900//2204 1834//2204 1901//2204
f 1901//2204 1834//2204 1902//2204
f 1901//2204 1902//2204 1903//2204
f 1903//2204 1902//2204 1904//2204
f 1903//2204 1904//2204 1891//2204
f 1891//2204 1904//2204 1905//2204
f 1891//2204 1905//2204 1892//2204
f 1906//2508 1907//2508 1908//2508
f 1908//2511 1907//2511 1861//2511
f 1908//2512 1861//2512 1860//2512
f 1909//2513 1910//2513 1911//2513
f 1911//2514 1910//2514 1912//2514
f 1878//2515 1877//2515 1913//2515
f 1913//2516 1877//2516 1874//2516
f 1914//2517 1915//2517 1916//2517
f 1916//2518 1915//2518 1917//2518
f 1914//2519 1889//2519 1887//2519
f 1836//2520 1837//2520 1918//2520
f 1834//2521 1836//2521 1902//2521
f 1902//2522 1836//2522 1918//2522
f 1902//2523 1918//2523 1904//2523
f 1904//2524 1918//2524 1919//2524
f 1904//2525 1919//2525 1905//2525
f 1905//2526 1919//2526 1920//2526
f 1905//2527 1920//2527 1892//2527
f 1892//2528 1920//2528 1921//2528
f 1892//2529 1921//2529 1894//2529
f 1894//2530 1921//2530 1895//2530
f 1895//2531 1921//2531 1922//2531
f 1895//2532 1922//2532 1885//2532
f 1889//2533 1914//2533 1890//2533
f 1890//2534 1914//2534 1916//2534
f 1890//2535 1916//2535 1872//2535
f 1872//2536 1916//2536 1917//2536
f 1872//2537 1917//2537 1874//2537
f 1917//2538 1923//2538 1874//2538
f 1874//2539 1923//2539 1924//2539
f 1874//2540 1924//2540 1913//2540
f 1913//2541 1924//2541 1925//2541
f 1913//2542 1925//2542 1878//2542
f 1878//2543 1925//2543 1909//2543
f 1878//2544 1909//2544 1880//2544
f 1880//2545 1909//2545 1882//2545
f 1882//2546 1909//2546 1911//2546
f 1882//2547 1911//2547 1883//2547
f 1883//2548 1911//2548 1912//2548
f 1883//2549 1912//2549 1862//2549
f 1862//2550 1912//2550 1908//2550
f 1862//2551 1908//2551 1860//2551
f 1922//2552 1926//2552 1885//2552
f 1885//2553 1926//2553 1927//2553
f 1885//2554 1927//2554 1887//2554
f 1887//2555 1927//2555 1928//2555
f 1887//2556 1928//2556 1914//2556
f 1914//2557 1928//2557 1929//2557
f 1914//2558 1929//2558 1915//2558
f 1923//2212 1930//2212 1924//2212
f 1924//2212 1930//2212 1931//2212
f 1924//2212 1931//2212 1925//2212
f 1925//2212 1931//2212 1932//2212
f 1925//2212 1932//2212 1909//2212
f 1909//2463 1932//2463 1933//2463
f 1909//2463 1933//2463 1910//2463
f 1910//2212 1933//2212 1934//2212
f 1910//2212 1934//2212 1912//2212
f 1912//2212 1934//2212 1935//2212
f 1912//2212 1935//2212 1908//2212
f 1908//2212 1935//2212 1906//2212
f 1820//2212 1853//2212 1821//2212
f 1821//2212 1853//2212 1936//2212
f 1821//2212 1936//2212 1825//2212
f 1825//2212 1936//2212 1937//2212
f 1825//2212 1937//2212 1826//2212
f 1928//2212 1938//2212 1929//2212
f 1929//2212 1938//2212 1939//2212
f 1929//2212 1939//2212 1915//2212
f 1915//2212 1939//2212 1940//2212
f 1915//2212 1940//2212 1917//2212
f 1917//2212 1940//2212 1941//2212
f 1917//2212 1941//2212 1923//2212
f 1923//2212 1941//2212 1942//2212
f 1923//2212 1942//2212 1930//2212
f 1928//2559 1927//2559 1938//2559
f 1938//2212 1927//2212 1926//2212
f 1938//2212 1926//2212 1943//2212
f 1926//2560 1922//2560 1943//2560
f 1943//2212 1922//2212 1921//2212
f 1943//2212 1921//2212 1944//2212
f 1944//2212 1921//2212 1920//2212
f 1944//2212 1920//2212 1945//2212
f 1937//2212 1946//2212 1826//2212
f 1826//2212 1946//2212 1947//2212
f 1826//2212 1947//2212 1814//2212
f 1814//2212 1947//2212 1948//2212
f 1814//2212 1948//2212 1812//2212
f 1812//2212 1948//2212 1949//2212
f 1812//2212 1949//2212 1847//2212
f 1847//2212 1949//2212 1950//2212
f 1847//2212 1950//2212 1816//2212
f 1816//2212 1950//2212 1951//2212
f 1816//2212 1951//2212 1817//2212
f 1817//2212 1951//2212 1952//2212
f 1817//2212 1952//2212 1848//2212
f 1848//2212 1952//2212 1953//2212
f 1848//2212 1953//2212 1850//2212
f 1850//2212 1953//2212 1954//2212
f 1850//2212 1954//2212 1846//2212
f 1846//2212 1954//2212 1955//2212
f 1846//2212 1955//2212 1844//2212
f 1844//2212 1955//2212 1956//2212
f 1920//2212 1919//2212 1945//2212
f 1945//2212 1919//2212 1918//2212
f 1945//2212 1918//2212 1957//2212
f 1957//2212 1918//2212 1837//2212
f 1957//2212 1837//2212 1958//2212
f 1837//2212 1838//2212 1958//2212
f 1958//2213 1838//2213 1840//2213
f 1958//2212 1840//2212 1956//2212
f 1956//2212 1840//2212 1842//2212
f 1956//2212 1842//2212 1844//2212
f 1959//2561 1960//2561 1961//2561
f 1962//2562 1963//2562 1964//2562
f 1965//2563 1966//2563 1967//2563
f 1968//2564 1969//2564 1970//2564
f 1970//2565 1969//2565 1971//2565
f 1960//2566 1959//2566 1972//2566
f 1973//2567 1974//2567 1961//2567
f 1972//2568 1975//2568 1960//2568
f 1960//2569 1975//2569 1976//2569
f 1960//2570 1976//2570 1961//2570
f 1961//2571 1976//2571 1977//2571
f 1961//2572 1977//2572 1973//2572
f 1959//2573 1978//2573 1972//2573
f 1972//2574 1978//2574 1964//2574
f 1972//2575 1964//2575 1979//2575
f 1979//2576 1964//2576 1963//2576
f 1979//2577 1963//2577 1971//2577
f 1971//2578 1963//2578 1962//2578
f 1971//2579 1962//2579 1970//2579
f 1962//2580 1980//2580 1970//2580
f 1970//2581 1980//2581 1981//2581
f 1970//2582 1981//2582 1968//2582
f 1968//2583 1981//2583 1967//2583
f 1968//2584 1967//2584 1982//2584
f 1982//2585 1967//2585 1966//2585
f 1982//2586 1966//2586 1983//2586
f 1983//2587 1966//2587 1965//2587
f 1965//2588 1984//2588 1983//2588
f 1983//2589 1984//2589 1985//2589
f 1983//2590 1985//2590 1986//2590
f 1986//2591 1985//2591 1987//2591
f 1986//2592 1987//2592 1988//2592
f 1988//2593 1987//2593 1989//2593
f 1988//2594 1989//2594 1990//2594
f 1990//2595 1989//2595 1991//2595
f 1990//2596 1991//2596 1992//2596
f 1993//2597 1994//2597 1995//2597
f 1991//2598 1996//2598 1992//2598
f 1992//2599 1996//2599 1993//2599
f 1992//2600 1993//2600 1997//2600
f 1997//2601 1993//2601 1995//2601
f 1997//2602 1995//2602 1998//2602
f 1977//2603 1999//2603 2000//2603
f 1977//2603 2000//2603 1973//2603
f 1973//2604 2000//2604 2001//2604
f 1973//2604 2001//2604 1974//2604
f 2002//2204 2003//2204 2004//2204
f 1982//2204 2005//2204 1968//2204
f 1968//2204 2005//2204 2006//2204
f 1968//2204 2006//2204 1969//2204
f 1969//2204 2006//2204 2007//2204
f 1969//2204 2007//2204 1971//2204
f 1971//2204 2007//2204 2008//2204
f 1971//2204 2008//2204 1979//2204
f 1979//2204 2008//2204 2009//2204
f 1979//2204 2009//2204 1972//2204
f 2010//2204 2011//2204 1982//2204
f 1982//2204 2011//2204 2012//2204
f 1982//2204 2012//2204 2005//2204
f 1988//2204 2013//2204 1986//2204
f 1986//2204 2013//2204 2010//2204
f 1986//2204 2010//2204 1983//2204
f 1983//2204 2010//2204 1982//2204
f 2004//2204 2003//2204 2014//2204
f 2014//2204 2003//2204 2015//2204
f 2014//2204 2015//2204 2016//2204
f 2009//2204 2017//2204 1972//2204
f 1972//2204 2017//2204 2018//2204
f 1972//2204 2018//2204 1975//2204
f 1975//2204 2018//2204 2019//2204
f 1975//2204 2019//2204 1976//2204
f 2004//2204 2020//2204 2002//2204
f 2002//2204 2020//2204 2021//2204
f 2002//2204 2021//2204 2022//2204
f 2022//2204 2021//2204 2023//2204
f 1999//2204 1977//2204 2024//2204
f 2024//2204 1977//2204 1976//2204
f 2024//2605 1976//2605 2025//2605
f 2025//2204 1976//2204 2019//2204
f 2026//2204 2027//2204 2028//2204
f 2028//2204 2027//2204 2029//2204
f 2028//2204 2029//2204 2030//2204
f 2030//2204 2029//2204 2031//2204
f 2030//2204 2031//2204 2032//2204
f 2032//2204 2031//2204 2033//2204
f 2032//2285 2033//2285 2034//2285
f 2034//2204 2033//2204 2035//2204
f 2034//2204 2035//2204 2023//2204
f 2023//2204 2035//2204 2036//2204
f 2023//2204 2036//2204 2022//2204
f 2015//2204 2037//2204 2016//2204
f 2016//2204 2037//2204 2038//2204
f 2016//2204 2038//2204 2039//2204
f 2039//2204 2038//2204 2040//2204
f 2039//2204 2040//2204 2041//2204
f 2041//2204 2040//2204 2042//2204
f 2041//2204 2042//2204 2043//2204
f 2043//2204 2042//2204 2044//2204
f 2043//2204 2044//2204 2045//2204
f 2045//2204 2044//2204 2046//2204
f 2045//2204 2046//2204 1998//2204
f 1998//2204 2046//2204 2047//2204
f 1998//2204 2047//2204 1997//2204
f 1997//2204 2047//2204 2048//2204
f 1997//2204 2048//2204 1992//2204
f 1992//2204 2048//2204 2049//2204
f 1992//2204 2049//2204 1990//2204
f 1990//2204 2049//2204 2050//2204
f 1990//2204 2050//2204 1988//2204
f 1988//2204 2050//2204 2051//2204
f 1988//2204 2051//2204 2013//2204
f 2026//2603 2052//2603 2027//2603
f 2027//2606 2052//2606 2053//2606
f 2027//2607 2053//2607 2054//2607
f 2055//2608 2056//2608 2057//2608
f 2058//2609 2059//2609 2060//2609
f 2020//2610 2004//2610 2061//2610
f 2061//2611 2004//2611 2014//2611
f 1995//2612 1994//2612 2062//2612
f 2045//2613 1998//2613 1995//2613
f 1995//2614 2062//2614 2045//2614
f 2045//2615 2062//2615 2063//2615
f 2045//2616 2063//2616 2043//2616
f 2064//2617 2065//2617 2066//2617
f 2063//2618 2067//2618 2043//2618
f 2043//2619 2067//2619 2068//2619
f 2043//2620 2068//2620 2041//2620
f 2041//2621 2068//2621 2069//2621
f 2041//2622 2069//2622 2039//2622
f 2039//2623 2069//2623 2070//2623
f 2039//2624 2070//2624 2016//2624
f 2016//2625 2070//2625 2071//2625
f 2016//2626 2071//2626 2014//2626
f 2014//2627 2071//2627 2072//2627
f 2014//2628 2072//2628 2061//2628
f 2061//2629 2072//2629 2064//2629
f 2061//2630 2064//2630 2020//2630
f 2020//2631 2064//2631 2066//2631
f 2020//2632 2066//2632 2021//2632
f 2021//2633 2066//2633 2023//2633
f 2073//2634 2032//2634 2055//2634
f 2055//2635 2032//2635 2034//2635
f 2055//2636 2034//2636 2056//2636
f 2056//2637 2034//2637 2023//2637
f 2056//2638 2023//2638 2057//2638
f 2057//2639 2023//2639 2066//2639
f 2057//2640 2066//2640 2074//2640
f 2074//2641 2066//2641 2065//2641
f 2058//2642 2053//2642 2052//2642
f 2073//2643 2060//2643 2032//2643
f 2032//2644 2060//2644 2059//2644
f 2032//2645 2059//2645 2030//2645
f 2030//2646 2059//2646 2058//2646
f 2030//2647 2058//2647 2028//2647
f 2028//2648 2058//2648 2052//2648
f 2028//2649 2052//2649 2026//2649
f 2075//2212 2076//2212 1978//2212
f 2077//2212 2078//2212 2064//2212
f 2079//2212 1965//2212 2080//2212
f 2080//2212 1965//2212 1967//2212
f 2080//2212 1967//2212 2081//2212
f 2081//2212 1967//2212 1981//2212
f 1978//2212 2076//2212 1964//2212
f 1964//2212 2076//2212 2082//2212
f 1964//2212 2082//2212 1962//2212
f 1962//2212 2082//2212 2083//2212
f 1962//2212 2083//2212 1980//2212
f 1980//2212 2083//2212 2084//2212
f 1980//2212 2084//2212 1981//2212
f 1981//2460 2084//2460 2085//2460
f 1981//2212 2085//2212 2081//2212
f 2075//2212 1978//2212 2086//2212
f 2086//2212 1978//2212 1959//2212
f 2086//2212 1959//2212 2087//2212
f 2087//2212 1959//2212 1961//2212
f 2087//2212 1961//2212 2088//2212
f 2088//2212 1961//2212 1974//2212
f 2088//2212 1974//2212 2001//2212
f 2064//2212 2078//2212 2065//2212
f 2065//2212 2078//2212 2089//2212
f 2065//2212 2089//2212 2074//2212
f 2074//2212 2089//2212 2090//2212
f 2074//2212 2090//2212 2057//2212
f 2057//2212 2090//2212 2091//2212
f 2057//2212 2091//2212 2055//2212
f 2055//2212 2091//2212 2092//2212
f 2055//2212 2092//2212 2073//2212
f 2073//2212 2092//2212 2093//2212
f 2073//2212 2093//2212 2060//2212
f 2060//2212 2093//2212 2094//2212
f 2060//2212 2094//2212 2058//2212
f 2058//2212 2094//2212 2095//2212
f 2058//2212 2095//2212 2053//2212
f 2053//2212 2095//2212 2096//2212
f 2053//2212 2096//2212 2054//2212
f 2064//2212 2072//2212 2077//2212
f 2077//2212 2072//2212 2071//2212
f 2077//2212 2071//2212 2097//2212
f 2097//2212 2071//2212 2070//2212
f 2097//2212 2070//2212 2098//2212
f 2098//2212 2070//2212 2069//2212
f 2098//2212 2069//2212 2099//2212
f 2099//2212 2069//2212 2068//2212
f 2099//2212 2068//2212 2100//2212
f 2101//2212 1989//2212 2102//2212
f 2102//2212 1989//2212 1987//2212
f 2102//2212 1987//2212 2103//2212
f 2103//2212 1987//2212 1985//2212
f 2103//2212 1985//2212 2079//2212
f 2079//2212 1985//2212 1984//2212
f 2079//2463 1984//2463 1965//2463
f 2068//2212 2067//2212 2100//2212
f 2100//2212 2067//2212 2063//2212
f 2100//2212 2063//2212 2104//2212
f 2104//2212 2063//2212 2062//2212
f 2104//2212 2062//2212 2105//2212
f 2105//2212 2062//2212 1994//2212
f 2105//2212 1994//2212 2106//2212
f 2106//2212 1994//2212 1993//2212
f 2106//2212 1993//2212 2107//2212
f 2107//2212 1993//2212 1996//2212
f 2107//2212 1996//2212 2101//2212
f 2101//2212 1996//2212 1991//2212
f 2101//2212 1991//2212 1989//2212
f 2108//2650 2109//2650 2110//2650
f 2111//2651 2112//2651 2109//2651
f 2113//2652 2114//2652 2115//2652
f 2116//2653 2117//2653 2118//2653
f 2119//2654 2120//2654 2121//2654
f 2119//2655 2121//2655 2122//2655
f 2116//2656 2123//2656 2117//2656
f 2117//2657 2123//2657 2124//2657
f 2117//2658 2124//2658 2125//2658
f 2125//2659 2124//2659 2126//2659
f 2125//2660 2126//2660 2121//2660
f 2121//2661 2126//2661 2127//2661
f 2121//2662 2127//2662 2122//2662
f 2128//2663 2129//2663 2130//2663
f 2130//2664 2129//2664 2131//2664
f 2130//2665 2131//2665 2118//2665
f 2118//2666 2131//2666 2132//2666
f 2118//2667 2132//2667 2116//2667
f 2109//2668 2112//2668 2110//2668
f 2110//2669 2112//2669 2115//2669
f 2110//2670 2115//2670 2133//2670
f 2133//2671 2115//2671 2114//2671
f 2133//2672 2114//2672 2128//2672
f 2128//2673 2114//2673 2113//2673
f 2128//2674 2113//2674 2129//2674
f 2111//2675 2109//2675 2134//2675
f 2134//2676 2109//2676 2108//2676
f 2134//2677 2108//2677 2135//2677
f 2135//2678 2108//2678 2136//2678
f 2135//2679 2136//2679 2137//2679
f 2138//2680 2139//2680 2140//2680
f 2108//2681 2141//2681 2136//2681
f 2136//2682 2141//2682 2142//2682
f 2136//2683 2142//2683 2137//2683
f 2137//2684 2142//2684 2138//2684
f 2137//2685 2138//2685 2143//2685
f 2143//2686 2138//2686 2140//2686
f 2144//2687 2145//2687 2140//2687
f 2140//2688 2145//2688 2146//2688
f 2140//2689 2146//2689 2143//2689
f 2139//2690 2147//2690 2140//2690
f 2140//2691 2147//2691 2148//2691
f 2140//2692 2148//2692 2144//2692
f 2144//2693 2148//2693 2149//2693
f 2144//2694 2149//2694 2150//2694
f 2151//2695 2150//2695 2149//2695
f 2150//2695 2151//2695 2152//2695
f 2153//2204 2154//2204 2155//2204
f 2156//2204 2157//2204 2133//2204
f 2158//2204 2159//2204 2160//2204
f 2160//2204 2159//2204 2161//2204
f 2160//2204 2161//2204 2162//2204
f 2162//2204 2161//2204 2163//2204
f 2162//2204 2163//2204 2164//2204
f 2164//2204 2163//2204 2165//2204
f 2164//2204 2165//2204 2155//2204
f 2155//2204 2165//2204 2166//2204
f 2155//2204 2166//2204 2153//2204
f 2133//2204 2157//2204 2110//2204
f 2110//2204 2157//2204 2167//2204
f 2110//2204 2167//2204 2108//2204
f 2108//2204 2167//2204 2168//2204
f 2108//2204 2168//2204 2141//2204
f 2141//2204 2168//2204 2169//2204
f 2141//2204 2169//2204 2142//2204
f 2142//2204 2169//2204 2170//2204
f 2142//2204 2170//2204 2138//2204
f 2138//2204 2170//2204 2171//2204
f 2138//2207 2171//2207 2139//2207
f 2139//2204 2171//2204 2172//2204
f 2139//2696 2172//2696 2147//2696
f 2147//2204 2172//2204 2173//2204
f 2147//2204 2173//2204 2148//2204
f 2148//2204 2173//2204 2174//2204
f 2148//2204 2174//2204 2149//2204
f 2149//2204 2174//2204 2175//2204
f 2149//2204 2175//2204 2151//2204
f 2118//2204 2176//2204 2130//2204
f 2130//2204 2176//2204 2156//2204
f 2130//2204 2156//2204 2128//2204
f 2128//2204 2156//2204 2133//2204
f 2154//2204 2153//2204 2177//2204
f 2177//2204 2153//2204 2178//2204
f 2177//2204 2178//2204 2179//2204
f 2179//2204 2178//2204 2180//2204
f 2179//2204 2180//2204 2181//2204
f 2181//2204 2180//2204 2182//2204
f 2181//2204 2182//2204 2183//2204
f 2183//2204 2182//2204 2184//2204
f 2183//2204 2184//2204 2185//2204
f 2185//2204 2184//2204 2186//2204
f 2185//2204 2186//2204 2187//2204
f 2187//2204 2186//2204 2188//2204
f 2187//2204 2188//2204 2189//2204
f 2189//2204 2188//2204 2190//2204
f 2189//2204 2190//2204 2191//2204
f 2191//2204 2190//2204 2192//2204
f 2191//2204 2192//2204 2193//2204
f 2193//2204 2192//2204 2194//2204
f 2193//2204 2194//2204 2195//2204
f 2195//2204 2194//2204 2196//2204
f 2195//2204 2196//2204 2120//2204
f 2120//2204 2196//2204 2197//2204
f 2120//2204 2197//2204 2121//2204
f 2121//2204 2197//2204 2198//2204
f 2121//2204 2198//2204 2125//2204
f 2125//2204 2198//2204 2199//2204
f 2125//2204 2199//2204 2117//2204
f 2117//2204 2199//2204 2200//2204
f 2117//2204 2200//2204 2118//2204
f 2118//2204 2200//2204 2201//2204
f 2118//2204 2201//2204 2176//2204
f 2202//2697 2203//2697 2204//2697
f 2204//2698 2203//2698 2159//2698
f 2204//2695 2159//2695 2158//2695
f 2177//2699 2205//2699 2154//2699
f 2185//2700 2206//2700 2183//2700
f 2207//2701 2204//2701 2158//2701
f 2208//2702 2209//2702 2210//2702
f 2210//2703 2209//2703 2207//2703
f 2154//2704 2205//2704 2155//2704
f 2158//2705 2160//2705 2207//2705
f 2207//2706 2160//2706 2162//2706
f 2207//2707 2162//2707 2210//2707
f 2210//2708 2162//2708 2164//2708
f 2210//2709 2164//2709 2208//2709
f 2208//2710 2164//2710 2155//2710
f 2208//2711 2155//2711 2211//2711
f 2211//2712 2155//2712 2205//2712
f 2211//2713 2205//2713 2212//2713
f 2213//2714 2214//2714 2215//2714
f 2215//2715 2214//2715 2216//2715
f 2212//2716 2205//2716 2213//2716
f 2213//2717 2205//2717 2177//2717
f 2213//2718 2177//2718 2214//2718
f 2214//2719 2177//2719 2179//2719
f 2214//2720 2179//2720 2216//2720
f 2179//2721 2181//2721 2216//2721
f 2216//2722 2181//2722 2183//2722
f 2216//2723 2183//2723 2217//2723
f 2217//2724 2183//2724 2206//2724
f 2217//2725 2206//2725 2218//2725
f 2218//2726 2206//2726 2185//2726
f 2218//2727 2185//2727 2219//2727
f 2185//2728 2187//2728 2219//2728
f 2219//2729 2187//2729 2189//2729
f 2219//2730 2189//2730 2220//2730
f 2220//2731 2189//2731 2191//2731
f 2220//2732 2191//2732 2221//2732
f 2221//2733 2191//2733 2193//2733
f 2221//2734 2193//2734 2222//2734
f 2222//2735 2193//2735 2195//2735
f 2222//2736 2195//2736 2223//2736
f 2195//2737 2120//2737 2119//2737
f 2223//2738 2195//2738 2224//2738
f 2224//2739 2195//2739 2119//2739
f 2224//2740 2119//2740 2122//2740
f 2225//2212 2226//2212 2213//2212
f 2213//2212 2226//2212 2227//2212
f 2213//2212 2227//2212 2212//2212
f 2212//2212 2227//2212 2228//2212
f 2212//2212 2228//2212 2211//2212
f 2211//2212 2228//2212 2229//2212
f 2211//2212 2229//2212 2208//2212
f 2208//2212 2229//2212 2230//2212
f 2208//2212 2230//2212 2209//2212
f 2209//2212 2230//2212 2231//2212
f 2209//2212 2231//2212 2207//2212
f 2207//2212 2231//2212 2232//2212
f 2207//2212 2232//2212 2204//2212
f 2204//2212 2232//2212 2202//2212
f 2115//2212 2112//2212 2233//2212
f 2233//2212 2112//2212 2234//2212
f 2235//2212 2236//2212 2137//2212
f 2137//2212 2236//2212 2237//2212
f 2137//2212 2237//2212 2135//2212
f 2135//2212 2237//2212 2238//2212
f 2135//2212 2238//2212 2134//2212
f 2134//2212 2238//2212 2234//2212
f 2134//2212 2234//2212 2111//2212
f 2111//2212 2234//2212 2112//2212
f 2150//2212 2152//2212 2144//2212
f 2144//2212 2152//2212 2239//2212
f 2144//2212 2239//2212 2145//2212
f 2145//2212 2239//2212 2240//2212
f 2145//2212 2240//2212 2146//2212
f 2146//2212 2240//2212 2235//2212
f 2146//2212 2235//2212 2143//2212
f 2143//2212 2235//2212 2137//2212
f 2233//2212 2241//2212 2115//2212
f 2115//2212 2241//2212 2242//2212
f 2115//2212 2242//2212 2113//2212
f 2113//2212 2242//2212 2243//2212
f 2113//2212 2243//2212 2129//2212
f 2129//2741 2243//2741 2244//2741
f 2245//2212 2246//2212 2224//2212
f 2247//2212 2123//2212 2248//2212
f 2248//2212 2123//2212 2116//2212
f 2248//2212 2116//2212 2249//2212
f 2249//2212 2116//2212 2132//2212
f 2249//2212 2132//2212 2250//2212
f 2250//2212 2132//2212 2131//2212
f 2250//2742 2131//2742 2251//2742
f 2251//2212 2131//2212 2129//2212
f 2251//2212 2129//2212 2252//2212
f 2252//2743 2129//2743 2244//2743
f 2213//2212 2215//2212 2225//2212
f 2225//2212 2215//2212 2216//2212
f 2225//2212 2216//2212 2253//2212
f 2253//2212 2216//2212 2217//2212
f 2253//2212 2217//2212 2254//2212
f 2254//2212 2217//2212 2218//2212
f 2254//2212 2218//2212 2255//2212
f 2255//2212 2218//2212 2219//2212
f 2255//2212 2219//2212 2256//2212
f 2256//2212 2219//2212 2220//2212
f 2256//2212 2220//2212 2257//2212
f 2257//2212 2220//2212 2221//2212
f 2257//2212 2221//2212 2258//2212
f 2258//2212 2221//2212 2222//2212
f 2258//2212 2222//2212 2246//2212
f 2246//2212 2222//2212 2223//2212
f 2246//2212 2223//2212 2224//2212
f 2259//2212 2126//2212 2247//2212
f 2247//2212 2126//2212 2124//2212
f 2247//2212 2124//2212 2123//2212
f 2245//2212 2224//2212 2260//2212
f 2260//2212 2224//2212 2122//2212
f 2260//2212 2122//2212 2259//2212
f 2259//2212 2122//2212 2127//2212
f 2259//2212 2127//2212 2126//2212
f 2261//2744 2262//2744 2263//2744
f 2264//2745 2265//2745 2266//2745
f 2267//2746 2268//2746 2269//2746
f 2269//2747 2268//2747 2270//2747
f 2271//2748 2272//2748 2270//2748
f 2270//2749 2272//2749 2273//2749
f 2273//2750 2274//2750 2270//2750
f 2270//2751 2274//2751 2275//2751
f 2270//2752 2275//2752 2269//2752
f 2269//2753 2275//2753 2276//2753
f 2269//2754 2276//2754 2267//2754
f 2267//2755 2276//2755 2277//2755
f 2278//2756 2279//2756 2280//2756
f 2280//2757 2279//2757 2281//2757
f 2277//2758 2276//2758 2281//2758
f 2281//2759 2276//2759 2282//2759
f 2281//2760 2282//2760 2280//2760
f 2280//2761 2282//2761 2283//2761
f 2280//2762 2283//2762 2278//2762
f 2278//2763 2283//2763 2284//2763
f 2278//2764 2284//2764 2285//2764
f 2286//2765 2287//2765 2285//2765
f 2285//2766 2287//2766 2288//2766
f 2285//2767 2288//2767 2278//2767
f 2289//2768 2290//2768 2291//2768
f 2291//2769 2290//2769 2292//2769
f 2291//2770 2292//2770 2293//2770
f 2293//2771 2292//2771 2294//2771
f 2264//2772 2266//2772 2295//2772
f 2295//2773 2266//2773 2296//2773
f 2295//2774 2296//2774 2297//2774
f 2296//2775 2298//2775 2299//2775
f 2297//2776 2296//2776 2300//2776
f 2300//2777 2296//2777 2299//2777
f 2300//2778 2299//2778 2301//2778
f 2284//2779 2302//2779 2285//2779
f 2285//2780 2302//2780 2303//2780
f 2285//2781 2303//2781 2286//2781
f 2286//2782 2303//2782 2263//2782
f 2286//2783 2263//2783 2304//2783
f 2304//2784 2263//2784 2262//2784
f 2304//2785 2262//2785 2294//2785
f 2294//2786 2262//2786 2261//2786
f 2294//2787 2261//2787 2293//2787
f 2293//2788 2261//2788 2305//2788
f 2293//2789 2305//2789 2291//2789
f 2291//2790 2305//2790 2306//2790
f 2291//2791 2306//2791 2289//2791
f 2289//2792 2306//2792 2265//2792
f 2289//2793 2265//2793 2290//2793
f 2290//2794 2265//2794 2264//2794
f 2307//2795 2308//2795 2309//2795
f 2310//2796 2311//2796 2312//2796
f 2313//2797 2314//2797 2315//2797
f 2315//2798 2314//2798 2316//2798
f 2317//2799 2315//2799 2318//2799
f 2299//2800 2298//2800 2319//2800
f 2320//2801 2321//2801 2322//2801
f 2322//2802 2321//2802 2323//2802
f 2322//2803 2323//2803 2324//2803
f 2324//2804 2323//2804 2325//2804
f 2324//2805 2325//2805 2319//2805
f 2319//2806 2325//2806 2301//2806
f 2319//2807 2301//2807 2299//2807
f 2322//2808 2326//2808 2320//2808
f 2320//2809 2326//2809 2327//2809
f 2320//2810 2327//2810 2328//2810
f 2328//2811 2327//2811 2329//2811
f 2328//2812 2329//2812 2330//2812
f 2330//2813 2329//2813 2331//2813
f 2330//2814 2331//2814 2332//2814
f 2312//2815 2311//2815 2307//2815
f 2307//2816 2311//2816 2333//2816
f 2307//2817 2333//2817 2308//2817
f 2313//2818 2315//2818 2310//2818
f 2310//2819 2315//2819 2317//2819
f 2310//2820 2317//2820 2311//2820
f 2311//2821 2317//2821 2334//2821
f 2311//2822 2334//2822 2333//2822
f 2316//2823 2335//2823 2336//2823
f 2336//2824 2335//2824 2337//2824
f 2336//2825 2337//2825 2338//2825
f 2318//2826 2315//2826 2339//2826
f 2339//2827 2315//2827 2316//2827
f 2339//2828 2316//2828 2340//2828
f 2340//2829 2316//2829 2336//2829
f 2340//2830 2336//2830 2341//2830
f 2341//2831 2336//2831 2342//2831
f 2342//2832 2336//2832 2338//2832
f 2342//2833 2338//2833 2343//2833
f 2343//2834 2338//2834 2344//2834
f 2343//2835 2344//2835 2345//2835
f 2327//2836 2346//2836 2329//2836
f 2329//2837 2346//2837 2347//2837
f 2329//2838 2347//2838 2331//2838
f 2331//2839 2347//2839 2309//2839
f 2331//2840 2309//2840 2332//2840
f 2332//2841 2309//2841 2308//2841
f 2332//2842 2308//2842 2348//2842
f 2348//2843 2308//2843 2333//2843
f 2349//2844 2345//2844 2344//2844
f 2345//2844 2349//2844 2350//2844
f 2351//2204 2352//2204 2312//2204
f 2261//2204 2263//2204 2353//2204
f 2314//2204 2313//2204 2354//2204
f 2354//2204 2313//2204 2352//2204
f 2352//2204 2313//2204 2310//2204
f 2352//2204 2310//2204 2312//2204
f 2351//2204 2312//2204 2355//2204
f 2355//2204 2312//2204 2307//2204
f 2355//2204 2307//2204 2356//2204
f 2353//2204 2263//2204 2357//2204
f 2349//2204 2344//2204 2358//2204
f 2358//2204 2344//2204 2338//2204
f 2358//2204 2338//2204 2359//2204
f 2359//2204 2338//2204 2360//2204
f 2263//2204 2303//2204 2357//2204
f 2357//2204 2303//2204 2302//2204
f 2357//2204 2302//2204 2361//2204
f 2361//2204 2302//2204 2284//2204
f 2361//2204 2284//2204 2362//2204
f 2362//2204 2284//2204 2363//2204
f 2284//2204 2283//2204 2363//2204
f 2363//2204 2283//2204 2282//2204
f 2363//2204 2282//2204 2364//2204
f 2364//2204 2282//2204 2276//2204
f 2364//2204 2276//2204 2365//2204
f 2365//2204 2276//2204 2275//2204
f 2365//2204 2275//2204 2366//2204
f 2354//2204 2367//2204 2314//2204
f 2314//2204 2367//2204 2368//2204
f 2314//2204 2368//2204 2316//2204
f 2316//2204 2368//2204 2369//2204
f 2316//2204 2369//2204 2335//2204
f 2335//2204 2369//2204 2360//2204
f 2335//2845 2360//2845 2337//2845
f 2337//2204 2360//2204 2338//2204
f 2272//2204 2370//2204 2273//2204
f 2273//2204 2370//2204 2366//2204
f 2273//2204 2366//2204 2274//2204
f 2274//2204 2366//2204 2275//2204
f 2353//2204 2371//2204 2261//2204
f 2261//2204 2371//2204 2372//2204
f 2261//2204 2372//2204 2305//2204
f 2305//2204 2372//2204 2373//2204
f 2305//2204 2373//2204 2306//2204
f 2306//2204 2373//2204 2374//2204
f 2306//2204 2374//2204 2265//2204
f 2265//2204 2374//2204 2375//2204
f 2265//2204 2375//2204 2266//2204
f 2376//2204 2327//2204 2377//2204
f 2377//2204 2327//2204 2326//2204
f 2377//2696 2326//2696 2378//2696
f 2307//2204 2309//2204 2356//2204
f 2356//2204 2309//2204 2347//2204
f 2356//2204 2347//2204 2379//2204
f 2379//2204 2347//2204 2346//2204
f 2379//2204 2346//2204 2380//2204
f 2380//2204 2346//2204 2327//2204
f 2380//2846 2327//2846 2381//2846
f 2381//2847 2327//2847 2376//2847
f 2378//2204 2326//2204 2382//2204
f 2382//2204 2326//2204 2322//2204
f 2382//2204 2322//2204 2383//2204
f 2375//2204 2384//2204 2266//2204
f 2266//2204 2384//2204 2385//2204
f 2266//2204 2385//2204 2296//2204
f 2385//2204 2386//2204 2296//2204
f 2296//2204 2386//2204 2387//2204
f 2296//2204 2387//2204 2298//2204
f 2298//2204 2387//2204 2388//2204
f 2298//2204 2388//2204 2319//2204
f 2319//2204 2388//2204 2383//2204
f 2319//2204 2383//2204 2324//2204
f 2324//2204 2383//2204 2322//2204
f 2272//2844 2271//2844 2370//2844
f 2370//2844 2271//2844 2389//2844
f 2343//2212 2345//2212 2350//2212
f 2279//2212 2278//2212 2390//2212
f 2389//2212 2271//2212 2391//2212
f 2391//2212 2271//2212 2270//2212
f 2350//2212 2392//2212 2343//2212
f 2343//2212 2392//2212 2393//2212
f 2343//2212 2393//2212 2342//2212
f 2342//2212 2393//2212 2394//2212
f 2342//2212 2394//2212 2341//2212
f 2341//2212 2394//2212 2395//2212
f 2341//2212 2395//2212 2340//2212
f 2340//2459 2395//2459 2396//2459
f 2340//2212 2396//2212 2339//2212
f 2339//2212 2396//2212 2318//2212
f 2390//2212 2278//2212 2397//2212
f 2397//2212 2278//2212 2288//2212
f 2397//2212 2288//2212 2398//2212
f 2267//2212 2399//2212 2268//2212
f 2268//2212 2399//2212 2400//2212
f 2268//2212 2400//2212 2270//2212
f 2270//2212 2400//2212 2401//2212
f 2270//2460 2401//2460 2391//2460
f 2267//2212 2277//2212 2399//2212
f 2399//2212 2277//2212 2281//2212
f 2399//2212 2281//2212 2402//2212
f 2402//2212 2281//2212 2279//2212
f 2402//2212 2279//2212 2403//2212
f 2403//2212 2279//2212 2390//2212
f 2396//2212 2404//2212 2318//2212
f 2318//2212 2404//2212 2405//2212
f 2318//2212 2405//2212 2317//2212
f 2317//2212 2405//2212 2406//2212
f 2317//2212 2406//2212 2334//2212
f 2334//2212 2406//2212 2407//2212
f 2334//2212 2407//2212 2333//2212
f 2333//2212 2407//2212 2408//2212
f 2333//2212 2408//2212 2348//2212
f 2348//2212 2408//2212 2409//2212
f 2348//2212 2409//2212 2332//2212
f 2332//2212 2409//2212 2410//2212
f 2332//2212 2410//2212 2330//2212
f 2330//2212 2410//2212 2411//2212
f 2330//2212 2411//2212 2328//2212
f 2328//2212 2411//2212 2412//2212
f 2328//2462 2412//2462 2320//2462
f 2320//2212 2412//2212 2413//2212
f 2320//2212 2413//2212 2321//2212
f 2321//2212 2413//2212 2414//2212
f 2321//2212 2414//2212 2323//2212
f 2323//2212 2414//2212 2415//2212
f 2288//2212 2287//2212 2398//2212
f 2398//2212 2287//2212 2286//2212
f 2398//2212 2286//2212 2416//2212
f 2416//2212 2286//2212 2304//2212
f 2416//2212 2304//2212 2417//2212
f 2417//2212 2304//2212 2294//2212
f 2417//2212 2294//2212 2418//2212
f 2418//2212 2294//2212 2292//2212
f 2418//2212 2292//2212 2419//2212
f 2419//2212 2292//2212 2290//2212
f 2419//2212 2290//2212 2420//2212
f 2420//2212 2290//2212 2264//2212
f 2420//2212 2264//2212 2421//2212
f 2421//2212 2264//2212 2295//2212
f 2421//2212 2295//2212 2422//2212
f 2422//2212 2295//2212 2297//2212
f 2422//2212 2297//2212 2423//2212
f 2423//2212 2297//2212 2300//2212
f 2423//2212 2300//2212 2424//2212
f 2424//2212 2300//2212 2301//2212
f 2424//2212 2301//2212 2415//2212
f 2415//2212 2301//2212 2325//2212
f 2415//2212 2325//2212 2323//2212
f 2425//2848 2426//2848 2427//2848
f 2426//2849 2425//2849 2428//2849
f 2429//2850 2430//2850 2431//2850
f 2432//2851 2429//2851 2433//2851
f 2433//2852 2429//2852 2431//2852
f 2433//2853 2431//2853 2434//2853
f 2433//2854 2435//2854 2432//2854
f 2432//2855 2435//2855 2436//2855
f 2437//2856 2438//2856 2439//2856
f 2439//2857 2438//2857 2440//2857
f 2439//2858 2440//2858 2441//2858
f 2441//2859 2440//2859 2442//2859
f 2441//2860 2442//2860 2436//2860
f 2436//2861 2442//2861 2443//2861
f 2436//2862 2443//2862 2432//2862
f 2432//2863 2443//2863 2444//2863
f 2432//2864 2444//2864 2429//2864
f 2441//2865 2445//2865 2439//2865
f 2439//2866 2445//2866 2446//2866
f 2439//2867 2446//2867 2437//2867
f 2437//2868 2446//2868 2447//2868
f 2437//2869 2447//2869 2448//2869
f 2448//2870 2447//2870 2449//2870
f 2447//2871 2450//2871 2449//2871
f 2449//2872 2450//2872 2451//2872
f 2449//2873 2451//2873 2452//2873
f 2452//2874 2451//2874 2453//2874
f 2452//2875 2453//2875 2454//2875
f 2453//2876 2425//2876 2454//2876
f 2454//2877 2425//2877 2427//2877
f 2454//2878 2427//2878 2455//2878
f 2455//2879 2427//2879 2426//2879
f 2455//2880 2426//2880 2456//2880
f 2456//2881 2426//2881 2428//2881
f 2456//2882 2428//2882 2457//2882
f 2457//2883 2428//2883 2458//2883
f 2457//2884 2458//2884 2459//2884
f 2459//2885 2458//2885 2460//2885
f 2459//2886 2460//2886 2461//2886
f 2461//2887 2460//2887 2462//2887
f 2461//2888 2462//2888 2463//2888
f 2463//2889 2462//2889 2464//2889
f 2463//2890 2464//2890 2465//2890
f 2464//2891 2466//2891 2467//2891
f 2465//2892 2464//2892 2468//2892
f 2468//2893 2464//2893 2467//2893
f 2468//2894 2467//2894 2469//2894
f 2470//2895 2471//2895 2472//2895
f 2473//2896 2474//2896 2475//2896
f 2474//2897 2476//2897 2477//2897
f 2478//2898 2479//2898 2480//2898
f 2481//2899 2482//2899 2483//2899
f 2466//2900 2484//2900 2467//2900
f 2467//2901 2484//2901 2485//2901
f 2467//2901 2485//2901 2469//2901
f 2484//2902 2486//2902 2485//2902
f 2485//2903 2486//2903 2487//2903
f 2485//2904 2487//2904 2488//2904
f 2488//2905 2487//2905 2489//2905
f 2488//2906 2489//2906 2490//2906
f 2471//2907 2491//2907 2472//2907
f 2472//2908 2491//2908 2492//2908
f 2472//2909 2492//2909 2489//2909
f 2489//2910 2492//2910 2493//2910
f 2489//2911 2493//2911 2490//2911
f 2494//2912 2495//2912 2496//2912
f 2496//2913 2495//2913 2497//2913
f 2496//2914 2497//2914 2498//2914
f 2498//2915 2497//2915 2483//2915
f 2498//2916 2483//2916 2470//2916
f 2470//2917 2483//2917 2482//2917
f 2470//2918 2482//2918 2471//2918
f 2471//2919 2482//2919 2481//2919
f 2471//2920 2481//2920 2491//2920
f 2479//2921 2478//2921 2499//2921
f 2499//2922 2478//2922 2500//2922
f 2499//2923 2500//2923 2501//2923
f 2501//2924 2500//2924 2502//2924
f 2501//2925 2502//2925 2494//2925
f 2494//2926 2502//2926 2503//2926
f 2494//2927 2503//2927 2495//2927
f 2475//2928 2474//2928 2504//2928
f 2504//2929 2474//2929 2477//2929
f 2504//2930 2477//2930 2480//2930
f 2480//2931 2477//2931 2505//2931
f 2480//2932 2505//2932 2478//2932
f 2478//2933 2505//2933 2506//2933
f 2478//2934 2506//2934 2500//2934
f 2473//2935 2507//2935 2508//2935
f 2476//2936 2474//2936 2509//2936
f 2509//2937 2474//2937 2473//2937
f 2509//2938 2473//2938 2510//2938
f 2510//2939 2473//2939 2508//2939
f 2510//2940 2508//2940 2511//2940
f 2507//2941 2512//2941 2508//2941
f 2508//2942 2512//2942 2513//2942
f 2508//2943 2513//2943 2511//2943
f 2494//2204 2514//2204 2501//2204
f 2501//2204 2514//2204 2515//2204
f 2501//2204 2515//2204 2499//2204
f 2515//2204 2516//2204 2499//2204
f 2499//2204 2516//2204 2517//2204
f 2499//2204 2517//2204 2479//2204
f 2479//2204 2517//2204 2518//2204
f 2479//2204 2518//2204 2480//2204
f 2480//2204 2518//2204 2519//2204
f 2480//2204 2519//2204 2504//2204
f 2504//2285 2519//2285 2520//2285
f 2504//2204 2520//2204 2475//2204
f 2475//2204 2520//2204 2521//2204
f 2475//2204 2521//2204 2473//2204
f 2473//2204 2521//2204 2522//2204
f 2473//2204 2522//2204 2507//2204
f 2507//2204 2522//2204 2523//2204
f 2507//2204 2523//2204 2512//2204
f 2445//2204 2441//2204 2524//2204
f 2524//2204 2441//2204 2436//2204
f 2524//2204 2436//2204 2525//2204
f 2524//2204 2526//2204 2445//2204
f 2445//2204 2526//2204 2527//2204
f 2445//2204 2527//2204 2446//2204
f 2446//2204 2527//2204 2528//2204
f 2446//2204 2528//2204 2447//2204
f 2447//2204 2528//2204 2529//2204
f 2447//2204 2529//2204 2450//2204
f 2450//2204 2529//2204 2530//2204
f 2450//2204 2530//2204 2451//2204
f 2451//2204 2530//2204 2531//2204
f 2451//2204 2531//2204 2453//2204
f 2436//2204 2435//2204 2525//2204
f 2525//2204 2435//2204 2532//2204
f 2532//2204 2435//2204 2433//2204
f 2532//2204 2433//2204 2533//2204
f 2533//2204 2433//2204 2434//2204
f 2533//2204 2434//2204 2534//2204
f 2531//2204 2535//2204 2453//2204
f 2453//2204 2535//2204 2536//2204
f 2453//2204 2536//2204 2425//2204
f 2425//2204 2536//2204 2537//2204
f 2425//2204 2537//2204 2428//2204
f 2428//2204 2537//2204 2538//2204
f 2428//2204 2538//2204 2458//2204
f 2458//2204 2538//2204 2539//2204
f 2458//2204 2539//2204 2460//2204
f 2540//2204 2541//2204 2487//2204
f 2487//2846 2541//2846 2542//2846
f 2487//2204 2542//2204 2489//2204
f 2489//2204 2542//2204 2543//2204
f 2489//2204 2543//2204 2472//2204
f 2472//2204 2543//2204 2544//2204
f 2472//2204 2544//2204 2470//2204
f 2470//2204 2544//2204 2545//2204
f 2470//2204 2545//2204 2498//2204
f 2498//2204 2545//2204 2546//2204
f 2498//2204 2546//2204 2496//2204
f 2496//2204 2546//2204 2547//2204
f 2496//2204 2547//2204 2494//2204
f 2494//2204 2547//2204 2548//2204
f 2494//2204 2548//2204 2514//2204
f 2539//2204 2549//2204 2460//2204
f 2460//2204 2549//2204 2550//2204
f 2460//2204 2550//2204 2462//2204
f 2462//2204 2550//2204 2551//2204
f 2462//2204 2551//2204 2464//2204
f 2464//2204 2551//2204 2552//2204
f 2464//2204 2552//2204 2466//2204
f 2466//2204 2552//2204 2553//2204
f 2466//2204 2553//2204 2484//2204
f 2484//2204 2553//2204 2540//2204
f 2484//2204 2540//2204 2486//2204
f 2486//2204 2540//2204 2487//2204
f 2434//2941 2431//2941 2534//2941
f 2534//2944 2431//2944 2430//2944
f 2534//2945 2430//2945 2554//2945
f 2449//2212 2452//2212 2555//2212
f 2483//2212 2497//2212 2556//2212
f 2555//2212 2452//2212 2557//2212
f 2557//2212 2452//2212 2454//2212
f 2557//2463 2454//2463 2558//2463
f 2556//2212 2497//2212 2559//2212
f 2559//2212 2497//2212 2495//2212
f 2559//2212 2495//2212 2560//2212
f 2560//2212 2495//2212 2503//2212
f 2560//2212 2503//2212 2561//2212
f 2561//2212 2503//2212 2502//2212
f 2561//2212 2502//2212 2562//2212
f 2562//2212 2502//2212 2500//2212
f 2562//2212 2500//2212 2563//2212
f 2558//2212 2454//2212 2564//2212
f 2564//2212 2454//2212 2455//2212
f 2564//2212 2455//2212 2565//2212
f 2500//2212 2506//2212 2563//2212
f 2563//2212 2506//2212 2505//2212
f 2563//2212 2505//2212 2566//2212
f 2566//2212 2505//2212 2477//2212
f 2566//2212 2477//2212 2567//2212
f 2567//2212 2477//2212 2568//2212
f 2443//2212 2569//2212 2444//2212
f 2444//2212 2569//2212 2570//2212
f 2444//2212 2570//2212 2429//2212
f 2429//2212 2570//2212 2571//2212
f 2429//2212 2571//2212 2430//2212
f 2430//2212 2571//2212 2572//2212
f 2430//2212 2572//2212 2554//2212
f 2555//2212 2573//2212 2449//2212
f 2449//2212 2573//2212 2574//2212
f 2449//2212 2574//2212 2448//2212
f 2448//2212 2574//2212 2575//2212
f 2448//2212 2575//2212 2437//2212
f 2437//2212 2575//2212 2576//2212
f 2437//2212 2576//2212 2438//2212
f 2438//2212 2576//2212 2577//2212
f 2438//2212 2577//2212 2440//2212
f 2440//2212 2577//2212 2569//2212
f 2440//2212 2569//2212 2442//2212
f 2442//2212 2569//2212 2443//2212
f 2491//2212 2481//2212 2578//2212
f 2511//2212 2513//2212 2510//2212
f 2510//2212 2513//2212 2579//2212
f 2510//2212 2579//2212 2509//2212
f 2509//2212 2579//2212 2568//2212
f 2509//2946 2568//2946 2476//2946
f 2476//2212 2568//2212 2477//2212
f 2483//2212 2556//2212 2481//2212
f 2481//2212 2556//2212 2580//2212
f 2481//2212 2580//2212 2578//2212
f 2565//2212 2455//2212 2581//2212
f 2581//2212 2455//2212 2456//2212
f 2581//2212 2456//2212 2582//2212
f 2582//2212 2456//2212 2457//2212
f 2582//2212 2457//2212 2583//2212
f 2583//2212 2457//2212 2459//2212
f 2583//2212 2459//2212 2584//2212
f 2488//2212 2585//2212 2485//2212
f 2485//2212 2585//2212 2586//2212
f 2485//2212 2586//2212 2469//2212
f 2491//2212 2578//2212 2492//2212
f 2492//2212 2578//2212 2587//2212
f 2492//2212 2587//2212 2493//2212
f 2493//2212 2587//2212 2588//2212
f 2493//2212 2588//2212 2490//2212
f 2490//2212 2588//2212 2589//2212
f 2490//2212 2589//2212 2488//2212
f 2488//2212 2589//2212 2590//2212
f 2488//2212 2590//2212 2585//2212
f 2584//2212 2459//2212 2591//2212
f 2591//2212 2459//2212 2461//2212
f 2591//2212 2461//2212 2592//2212
f 2592//2212 2461//2212 2463//2212
f 2592//2212 2463//2212 2593//2212
f 2586//2212 2594//2212 2469//2212
f 2469//2212 2594//2212 2595//2212
f 2469//2212 2595//2212 2468//2212
f 2468//2212 2595//2212 2593//2212
f 2468//2947 2593//2947 2465//2947
f 2465//2212 2593//2212 2463//2212
f 2596//2948 2597//2948 2598//2948
f 2597//2948 2596//2948 2599//2948
f 2600//2949 2601//2949 2602//2949
f 2603//2950 2604//2950 2605//2950
f 2606//2951 2607//2951 2608//2951
f 2608//2952 2607//2952 2609//2952
f 2608//2953 2609//2953 2605//2953
f 2605//2954 2609//2954 2610//2954
f 2605//2955 2610//2955 2603//2955
f 2603//2956 2610//2956 2611//2956
f 2612//2957 2613//2957 2614//2957
f 2606//2958 2608//2958 2615//2958
f 2615//2959 2608//2959 2616//2959
f 2615//2960 2616//2960 2614//2960
f 2614//2961 2616//2961 2617//2961
f 2614//2962 2617//2962 2612//2962
f 2612//2963 2618//2963 2613//2963
f 2613//2964 2618//2964 2619//2964
f 2613//2965 2619//2965 2602//2965
f 2602//2966 2619//2966 2620//2966
f 2602//2967 2620//2967 2600//2967
f 2621//2968 2622//2968 2623//2968
f 2623//2969 2622//2969 2624//2969
f 2623//2970 2624//2970 2625//2970
f 2625//2971 2624//2971 2626//2971
f 2622//2972 2627//2972 2624//2972
f 2624//2973 2627//2973 2628//2973
f 2624//2974 2628//2974 2626//2974
f 2626//2975 2628//2975 2629//2975
f 2630//2976 2626//2976 2631//2976
f 2631//2977 2626//2977 2629//2977
f 2631//2978 2629//2978 2632//2978
f 2630//2979 2631//2979 2633//2979
f 2633//2980 2631//2980 2632//2980
f 2633//2981 2632//2981 2634//2981
f 2634//2982 2632//2982 2635//2982
f 2634//2983 2635//2983 2636//2983
f 2636//2984 2635//2984 2598//2984
f 2636//2985 2598//2985 2597//2985
f 2623//2986 2637//2986 2621//2986
f 2621//2987 2637//2987 2638//2987
f 2621//2988 2638//2988 2639//2988
f 2639//2989 2638//2989 2640//2989
f 2639//2990 2640//2990 2641//2990
f 2641//2991 2640//2991 2642//2991
f 2641//2992 2642//2992 2643//2992
f 2643//2993 2642//2993 2601//2993
f 2643//2994 2601//2994 2644//2994
f 2644//2995 2601//2995 2600//2995
f 2644//2996 2600//2996 2645//2996
f 2645//2997 2600//2997 2620//2997
f 2645//2998 2620//2998 2646//2998
f 2646//2999 2620//2999 2619//2999
f 2647//2204 2648//2204 2649//2204
f 2650//2204 2651//2204 2629//2204
f 2652//2204 2653//2204 2654//2204
f 2655//2204 2656//2204 2657//2204
f 2596//2204 2598//2204 2658//2204
f 2658//2204 2598//2204 2635//2204
f 2629//2204 2651//2204 2632//2204
f 2632//2204 2651//2204 2659//2204
f 2632//2204 2659//2204 2635//2204
f 2635//2204 2659//2204 2660//2204
f 2635//2204 2660//2204 2658//2204
f 2652//2204 2654//2204 2661//2204
f 2657//2204 2656//2204 2653//2204
f 2653//2204 2656//2204 2662//2204
f 2653//2204 2662//2204 2654//2204
f 2663//2204 2664//2204 2665//2204
f 2665//2285 2664//2285 2666//2285
f 2665//2204 2666//2204 2667//2204
f 2667//2204 2666//2204 2668//2204
f 2667//2204 2668//2204 2669//2204
f 2657//2204 2670//2204 2655//2204
f 2655//2204 2670//2204 2671//2204
f 2655//2204 2671//2204 2672//2204
f 2672//2204 2671//2204 2663//2204
f 2672//2204 2663//2204 2673//2204
f 2673//2204 2663//2204 2665//2204
f 2668//2204 2674//2204 2669//2204
f 2669//3000 2674//3000 2675//3000
f 2669//2204 2675//2204 2676//2204
f 2676//2204 2675//2204 2647//2204
f 2676//2204 2647//2204 2677//2204
f 2677//2204 2647//2204 2649//2204
f 2678//2204 2679//2204 2680//2204
f 2680//2204 2679//2204 2681//2204
f 2681//2204 2679//2204 2682//2204
f 2681//2204 2682//2204 2683//2204
f 2629//2204 2628//2204 2650//2204
f 2650//2204 2628//2204 2627//2204
f 2650//2204 2627//2204 2684//2204
f 2684//2204 2627//2204 2622//2204
f 2684//2204 2622//2204 2685//2204
f 2685//2204 2622//2204 2621//2204
f 2685//2204 2621//2204 2686//2204
f 2686//2204 2621//2204 2639//2204
f 2686//2204 2639//2204 2687//2204
f 2687//2204 2639//2204 2641//2204
f 2687//2204 2641//2204 2688//2204
f 2688//2204 2641//2204 2643//2204
f 2688//2204 2643//2204 2689//2204
f 2689//2204 2643//2204 2644//2204
f 2689//2204 2644//2204 2690//2204
f 2690//2204 2644//2204 2645//2204
f 2690//2204 2645//2204 2691//2204
f 2691//3001 2645//3001 2646//3001
f 2691//2204 2646//2204 2692//2204
f 2692//2204 2646//2204 2619//2204
f 2692//2204 2619//2204 2618//2204
f 2605//2204 2693//2204 2608//2204
f 2608//2204 2693//2204 2694//2204
f 2608//2204 2694//2204 2616//2204
f 2694//2204 2695//2204 2616//2204
f 2616//2204 2695//2204 2696//2204
f 2616//2204 2696//2204 2617//2204
f 2617//2204 2696//2204 2692//2204
f 2617//2204 2692//2204 2612//2204
f 2612//3002 2692//3002 2618//3002
f 2680//2204 2697//2204 2678//2204
f 2678//2204 2697//2204 2698//2204
f 2678//2204 2698//2204 2604//2204
f 2604//2204 2698//2204 2699//2204
f 2604//2204 2699//2204 2605//2204
f 2605//2204 2699//2204 2700//2204
f 2605//2204 2700//2204 2693//2204
f 2654//2204 2701//2204 2661//2204
f 2661//2204 2701//2204 2702//2204
f 2661//2204 2702//2204 2703//2204
f 2703//2204 2702//2204 2704//2204
f 2703//2204 2704//2204 2682//2204
f 2682//2204 2704//2204 2705//2204
f 2682//3003 2705//3003 2683//3003
f 2706//2948 2649//2948 2707//2948
f 2707//2948 2649//2948 2648//2948
f 2708//3004 2703//3004 2682//3004
f 2709//3005 2657//3005 2653//3005
f 2710//3007 2674//3007 2668//3007
f 2707//3008 2648//3008 2647//3008
f 2668//3009 2711//3009 2710//3009
f 2710//3010 2711//3010 2712//3010
f 2710//3011 2712//3011 2675//3011
f 2675//3012 2712//3012 2713//3012
f 2675//3013 2713//3013 2647//3013
f 2647//3014 2713//3014 2714//3014
f 2647//3015 2714//3015 2707//3015
f 2668//3016 2666//3016 2715//3016
f 2715//3017 2666//3017 2664//3017
f 2715//3018 2664//3018 2663//3018
f 2663//3019 2716//3019 2715//3019
f 2715//3020 2716//3020 2717//3020
f 2715//3021 2717//3021 2668//3021
f 2668//3022 2717//3022 2718//3022
f 2668//3023 2718//3023 2711//3023
f 2657//3024 2709//3024 2670//3024
f 2670//3025 2709//3025 2719//3025
f 2670//3026 2719//3026 2671//3026
f 2671//3027 2719//3027 2720//3027
f 2671//3028 2720//3028 2663//3028
f 2663//3029 2720//3029 2721//3029
f 2663//3030 2721//3030 2716//3030
f 2722//3031 2723//3031 2724//3031
f 2724//3032 2723//3032 2725//3032
f 2724//3033 2725//3033 2726//3033
f 2708//3034 2682//3034 2727//3034
f 2727//3035 2682//3035 2679//3035
f 2727//3036 2679//3036 2728//3036
f 2728//3037 2679//3037 2678//3037
f 2728//3038 2678//3038 2729//3038
f 2678//3039 2604//3039 2603//3039
f 2729//3040 2678//3040 2730//3040
f 2730//3041 2678//3041 2603//3041
f 2730//3042 2603//3042 2611//3042
f 2708//3043 2726//3043 2703//3043
f 2703//3044 2726//3044 2725//3044
f 2703//3045 2725//3045 2661//3045
f 2661//3046 2725//3046 2723//3046
f 2661//3047 2723//3047 2652//3047
f 2652//3048 2723//3048 2722//3048
f 2652//3049 2722//3049 2653//3049
f 2653//3050 2722//3050 2731//3050
f 2653//3051 2731//3051 2709//3051
f 2706//2212 2707//2212 2714//2212
f 2732//2212 2733//2212 2626//2212
f 2626//2212 2733//2212 2734//2212
f 2626//2212 2734//2212 2625//2212
f 2625//2212 2734//2212 2735//2212
f 2625//2212 2735//2212 2623//2212
f 2623//2212 2735//2212 2736//2212
f 2623//2212 2736//2212 2637//2212
f 2637//2212 2736//2212 2737//2212
f 2637//2212 2737//2212 2638//2212
f 2638//2212 2737//2212 2738//2212
f 2638//2212 2738//2212 2640//2212
f 2640//2212 2738//2212 2739//2212
f 2640//2212 2739//2212 2642//2212
f 2642//2212 2739//2212 2740//2212
f 2642//2212 2740//2212 2601//2212
f 2601//2212 2740//2212 2741//2212
f 2601//2212 2741//2212 2602//2212
f 2626//2212 2630//2212 2732//2212
f 2732//2212 2630//2212 2633//2212
f 2732//2212 2633//2212 2742//2212
f 2742//2212 2633//2212 2634//2212
f 2742//2212 2634//2212 2743//2212
f 2743//2212 2634//2212 2636//2212
f 2743//2212 2636//2212 2599//2212
f 2599//2212 2636//2212 2597//2212
f 2706//2212 2714//2212 2744//2212
f 2744//2212 2714//2212 2713//2212
f 2744//2212 2713//2212 2745//2212
f 2741//2212 2746//2212 2602//2212
f 2602//2463 2746//2463 2747//2463
f 2602//2212 2747//2212 2613//2212
f 2613//2212 2747//2212 2748//2212
f 2613//2212 2748//2212 2614//2212
f 2749//2212 2750//2212 2724//2212
f 2724//2212 2750//2212 2751//2212
f 2724//2212 2751//2212 2722//2212
f 2722//2212 2751//2212 2752//2212
f 2722//2212 2752//2212 2731//2212
f 2731//2212 2752//2212 2753//2212
f 2731//2212 2753//2212 2709//2212
f 2709//2212 2753//2212 2754//2212
f 2709//2212 2754//2212 2719//2212
f 2719//2212 2754//2212 2755//2212
f 2719//2213 2755//2213 2720//2213
f 2720//2212 2755//2212 2756//2212
f 2720//2212 2756//2212 2721//2212
f 2721//2212 2756//2212 2757//2212
f 2721//2212 2757//2212 2716//2212
f 2716//2212 2757//2212 2758//2212
f 2716//2212 2758//2212 2717//2212
f 2717//2212 2758//2212 2759//2212
f 2717//2212 2759//2212 2718//2212
f 2718//2212 2759//2212 2760//2212
f 2718//2463 2760//2463 2711//2463
f 2711//2212 2760//2212 2745//2212
f 2711//2212 2745//2212 2712//2212
f 2712//2463 2745//2463 2713//2463
f 2724//2212 2726//2212 2749//2212
f 2749//3052 2726//3052 2708//3052
f 2749//2212 2708//2212 2761//2212
f 2761//2212 2708//2212 2762//2212
f 2614//2212 2748//2212 2615//2212
f 2615//2212 2748//2212 2763//2212
f 2615//2212 2763//2212 2764//2212
f 2708//2460 2727//2460 2762//2460
f 2762//2212 2727//2212 2728//2212
f 2762//2212 2728//2212 2765//2212
f 2765//2212 2728//2212 2766//2212
f 2728//2212 2729//2212 2766//2212
f 2766//2212 2729//2212 2730//2212
f 2766//2212 2730//2212 2767//2212
f 2767//2212 2730//2212 2611//2212
f 2767//2212 2611//2212 2768//2212
f 2611//2212 2610//2212 2768//2212
f 2768//2212 2610//2212 2609//2212
f 2768//2212 2609//2212 2769//2212
f 2769//2212 2609//2212 2607//2212
f 2769//2212 2607//2212 2764//2212
f 2764//2212 2607//2212 2606//2212
f 2764//2212 2606//2212 2615//2212
f 2770//3053 2771//3053 2772//3053
f 2773//3054 2774//3054 2775//3054
f 2775//3055 2774//3055 2776//3055
f 2775//3056 2776//3056 2777//3056
f 2774//3057 2778//3057 2776//3057
f 2776//3058 2778//3058 2779//3058
f 2776//3059 2779//3059 2780//3059
f 2780//3060 2779//3060 2781//3060
f 2778//3061 2782//3061 2779//3061
f 2779//3062 2782//3062 2783//3062
f 2779//3063 2783//3063 2781//3063
f 2781//3064 2783//3064 2784//3064
f 2781//3065 2784//3065 2785//3065
f 2785//3066 2784//3066 2786//3066
f 2785//3067 2786//3067 2787//3067
f 2787//3068 2786//3068 2788//3068
f 2787//3069 2788//3069 2789//3069
f 2789//3070 2788//3070 2790//3070
f 2789//3071 2790//3071 2791//3071
f 2791//3072 2790//3072 2792//3072
f 2791//3073 2792//3073 2793//3073
f 2793//3074 2792//3074 2794//3074
f 2792//3075 2795//3075 2794//3075
f 2794//3076 2795//3076 2796//3076
f 2794//3077 2796//3077 2797//3077
f 2797//3078 2796//3078 2798//3078
f 2797//3079 2798//3079 2770//3079
f 2799//3080 2800//3080 2801//3080
f 2770//3081 2798//3081 2771//3081
f 2771//3082 2798//3082 2802//3082
f 2771//3083 2802//3083 2772//3083
f 2772//3084 2802//3084 2803//3084
f 2772//3085 2803//3085 2804//3085
f 2804//3086 2803//3086 2805//3086
f 2804//3087 2805//3087 2806//3087
f 2806//3088 2805//3088 2807//3088
f 2806//3089 2807//3089 2808//3089
f 2808//3090 2807//3090 2809//3090
f 2808//3091 2809//3091 2810//3091
f 2810//3092 2809//3092 2811//3092
f 2810//3093 2811//3093 2812//3093
f 2812//3094 2811//3094 2799//3094
f 2812//3095 2799//3095 2813//3095
f 2813//3096 2799//3096 2801//3096
f 2813//3097 2801//3097 2814//3097
f 2773//3098 2775//3098 2815//3098
f 2815//3099 2775//3099 2777//3099
f 2815//3100 2777//3100 2816//3100
f 2817//2204 2818//2204 2785//2204
f 2785//2696 2818//2696 2819//2696
f 2785//2204 2819//2204 2781//2204
f 2785//2204 2787//2204 2817//2204
f 2817//2204 2787//2204 2789//2204
f 2817//2204 2789//2204 2820//2204
f 2820//2204 2789//2204 2791//2204
f 2820//2204 2791//2204 2821//2204
f 2821//2204 2791//2204 2793//2204
f 2821//2204 2793//2204 2822//2204
f 2822//2204 2793//2204 2823//2204
f 2793//2204 2794//2204 2823//2204
f 2823//2204 2794//2204 2797//2204
f 2823//2204 2797//2204 2824//2204
f 2819//2204 2825//2204 2781//2204
f 2781//2204 2825//2204 2826//2204
f 2781//2204 2826//2204 2780//2204
f 2780//2204 2826//2204 2827//2204
f 2780//2204 2827//2204 2776//2204
f 2828//2204 2829//2204 2830//2204
f 2830//2204 2829//2204 2831//2204
f 2830//2204 2831//2204 2832//2204
f 2832//2204 2831//2204 2833//2204
f 2832//2204 2833//2204 2834//2204
f 2834//2204 2833//2204 2835//2204
f 2834//2204 2835//2204 2836//2204
f 2836//2204 2835//2204 2837//2204
f 2836//2204 2837//2204 2838//2204
f 2838//2204 2837//2204 2839//2204
f 2838//2204 2839//2204 2840//2204
f 2776//2204 2827//2204 2777//2204
f 2777//2204 2827//2204 2841//2204
f 2777//2204 2841//2204 2816//2204
f 2824//2204 2797//2204 2842//2204
f 2842//2204 2797//2204 2770//2204
f 2842//3003 2770//3003 2843//3003
f 2844//2204 2845//2204 2846//2204
f 2846//2204 2845//2204 2847//2204
f 2846//2204 2847//2204 2848//2204
f 2848//3101 2847//3101 2849//3101
f 2848//2204 2849//2204 2850//2204
f 2850//2204 2849//2204 2851//2204
f 2850//2204 2851//2204 2852//2204
f 2852//2204 2851//2204 2853//2204
f 2852//2204 2853//2204 2854//2204
f 2854//2204 2853//2204 2855//2204
f 2854//2204 2855//2204 2856//2204
f 2856//2204 2855//2204 2857//2204
f 2856//2204 2857//2204 2828//2204
f 2828//2204 2857//2204 2858//2204
f 2828//2204 2858//2204 2829//2204
f 2844//2204 2846//2204 2859//2204
f 2859//2204 2846//2204 2860//2204
f 2859//2204 2860//2204 2861//2204
f 2861//2204 2860//2204 2862//2204
f 2861//2204 2862//2204 2863//2204
f 2770//2204 2772//2204 2843//2204
f 2843//2204 2772//2204 2804//2204
f 2843//2204 2804//2204 2864//2204
f 2864//2204 2804//2204 2806//2204
f 2864//2204 2806//2204 2865//2204
f 2865//2204 2806//2204 2808//2204
f 2865//2204 2808//2204 2866//2204
f 2866//2204 2808//2204 2810//2204
f 2866//2204 2810//2204 2867//2204
f 2867//2204 2810//2204 2812//2204
f 2862//2204 2868//2204 2863//2204
f 2863//2204 2868//2204 2869//2204
f 2863//2204 2869//2204 2870//2204
f 2870//2204 2869//2204 2871//2204
f 2870//2204 2871//2204 2872//2204
f 2872//2204 2871//2204 2873//2204
f 2872//2204 2873//2204 2814//2204
f 2814//2204 2873//2204 2874//2204
f 2814//2204 2874//2204 2813//2204
f 2813//2204 2874//2204 2875//2204
f 2813//2204 2875//2204 2812//2204
f 2812//2204 2875//2204 2876//2204
f 2812//2204 2876//2204 2867//2204
f 2839//2941 2877//2941 2840//2941
f 2840//3102 2877//3102 2878//3102
f 2840//3103 2878//3103 2879//3103
f 2835//3104 2833//3104 2880//3104
f 2880//3105 2833//3105 2831//3105
f 2845//3106 2881//3106 2847//3106
f 2801//3107 2800//3107 2882//3107
f 2872//3108 2814//3108 2801//3108
f 2801//3109 2882//3109 2872//3109
f 2872//3110 2882//3110 2883//3110
f 2872//3111 2883//3111 2870//3111
f 2870//3112 2883//3112 2884//3112
f 2870//3113 2884//3113 2863//3113
f 2863//3114 2884//3114 2885//3114
f 2863//3115 2885//3115 2861//3115
f 2861//3116 2885//3116 2859//3116
f 2859//3117 2885//3117 2886//3117
f 2859//3118 2886//3118 2844//3118
f 2847//3119 2881//3119 2849//3119
f 2849//3120 2881//3120 2887//3120
f 2849//3121 2887//3121 2851//3121
f 2888//3122 2889//3122 2853//3122
f 2853//3123 2889//3123 2890//3123
f 2853//3124 2890//3124 2891//3124
f 2891//3125 2890//3125 2892//3125
f 2891//3126 2892//3126 2893//3126
f 2831//3127 2829//3127 2894//3127
f 2894//3128 2829//3128 2858//3128
f 2894//3129 2858//3129 2893//3129
f 2893//3130 2858//3130 2857//3130
f 2893//3131 2857//3131 2891//3131
f 2891//3132 2857//3132 2855//3132
f 2891//3133 2855//3133 2853//3133
f 2894//3134 2895//3134 2831//3134
f 2831//3135 2895//3135 2896//3135
f 2831//3136 2896//3136 2880//3136
f 2880//3137 2896//3137 2897//3137
f 2880//3138 2897//3138 2898//3138
f 2835//3139 2880//3139 2837//3139
f 2837//3140 2880//3140 2898//3140
f 2837//3141 2898//3141 2899//3141
f 2899//3142 2878//3142 2837//3142
f 2837//3143 2878//3143 2877//3143
f 2837//3144 2877//3144 2839//3144
f 2853//3145 2851//3145 2888//3145
f 2888//3146 2851//3146 2887//3146
f 2888//3147 2887//3147 2900//3147
f 2900//3148 2887//3148 2881//3148
f 2900//3149 2881//3149 2886//3149
f 2886//3150 2881//3150 2845//3150
f 2886//3151 2845//3151 2844//3151
f 2774//2212 2773//2212 2815//2212
f 2792//2212 2790//2212 2901//2212
f 2902//2212 2903//2212 2898//2212
f 2898//2212 2903//2212 2899//2212
f 2899//2212 2903//2212 2879//2212
f 2899//2459 2879//2459 2878//2459
f 2802//2212 2798//2212 2904//2212
f 2904//2212 2798//2212 2905//2212
f 2901//2212 2790//2212 2906//2212
f 2906//2212 2790//2212 2788//2212
f 2906//2212 2788//2212 2907//2212
f 2907//2212 2788//2212 2786//2212
f 2907//2212 2786//2212 2908//2212
f 2908//2212 2786//2212 2784//2212
f 2908//2212 2784//2212 2909//2212
f 2774//2212 2815//2212 2778//2212
f 2902//2212 2898//2212 2910//2212
f 2910//2212 2898//2212 2897//2212
f 2910//2212 2897//2212 2911//2212
f 2911//2212 2897//2212 2896//2212
f 2911//2212 2896//2212 2912//2212
f 2912//2212 2896//2212 2895//2212
f 2912//2212 2895//2212 2913//2212
f 2913//2212 2895//2212 2894//2212
f 2913//2212 2894//2212 2914//2212
f 2914//2212 2894//2212 2893//2212
f 2914//2212 2893//2212 2915//2212
f 2915//2212 2893//2212 2892//2212
f 2915//2212 2892//2212 2916//2212
f 2916//2212 2892//2212 2890//2212
f 2916//2212 2890//2212 2917//2212
f 2917//2212 2890//2212 2889//2212
f 2917//2212 2889//2212 2918//2212
f 2918//2212 2889//2212 2888//2212
f 2918//2212 2888//2212 2919//2212
f 2919//2212 2888//2212 2900//2212
f 2919//2212 2900//2212 2920//2212
f 2901//2212 2921//2212 2792//2212
f 2792//2212 2921//2212 2922//2212
f 2792//2212 2922//2212 2795//2212
f 2795//2212 2922//2212 2905//2212
f 2795//2212 2905//2212 2796//2212
f 2796//2212 2905//2212 2798//2212
f 2784//2212 2783//2212 2909//2212
f 2909//2462 2783//2462 2782//2462
f 2909//2212 2782//2212 2923//2212
f 2923//2212 2782//2212 2778//2212
f 2923//2212 2778//2212 2924//2212
f 2924//2212 2778//2212 2815//2212
f 2904//2212 2925//2212 2802//2212
f 2802//2212 2925//2212 2926//2212
f 2802//2212 2926//2212 2803//2212
f 2803//2212 2926//2212 2927//2212
f 2803//2212 2927//2212 2805//2212
f 2920//2212 2900//2212 2928//2212
f 2928//2212 2900//2212 2886//2212
f 2928//2212 2886//2212 2929//2212
f 2929//2212 2886//2212 2885//2212
f 2929//2212 2885//2212 2930//2212
f 2805//2212 2927//2212 2807//2212
f 2807//2212 2927//2212 2931//2212
f 2807//2212 2931//2212 2809//2212
f 2932//2212 2811//2212 2933//2212
f 2933//2212 2811//2212 2809//2212
f 2933//2212 2809//2212 2934//2212
f 2934//2212 2809//2212 2931//2212
f 2930//2212 2885//2212 2935//2212
f 2935//2212 2885//2212 2884//2212
f 2935//2212 2884//2212 2936//2212
f 2936//2212 2884//2212 2883//2212
f 2936//2212 2883//2212 2937//2212
f 2937//2212 2883//2212 2882//2212
f 2937//2212 2882//2212 2938//2212
f 2938//2212 2882//2212 2800//2212
f 2938//2212 2800//2212 2932//2212
f 2932//2212 2800//2212 2799//2212
f 2932//2212 2799//2212 2811//2212
f 2939//3152 2940//3152 2941//3152
f 2942//3153 2943//3153 2944//3153
f 2944//3154 2943//3154 2945//3154
f 2946//3155 2947//3155 2948//3155
f 2949//3156 2950//3156 2946//3156
f 2946//3157 2948//3157 2949//3157
f 2949//3158 2948//3158 2951//3158
f 2949//3159 2951//3159 2952//3159
f 2952//3160 2951//3160 2953//3160
f 2952//3161 2953//3161 2954//3161
f 2954//3162 2953//3162 2955//3162
f 2954//3163 2955//3163 2956//3163
f 2956//3164 2955//3164 2957//3164
f 2957//3165 2955//3165 2958//3165
f 2957//3166 2958//3166 2959//3166
f 2959//3167 2960//3167 2961//3167
f 2961//3168 2960//3168 2962//3168
f 2959//3169 2958//3169 2960//3169
f 2960//3170 2958//3170 2963//3170
f 2960//3171 2963//3171 2962//3171
f 2962//3172 2963//3172 2964//3172
f 2962//3173 2964//3173 2965//3173
f 2965//3174 2964//3174 2966//3174
f 2965//3175 2966//3175 2967//3175
f 2967//3176 2966//3176 2968//3176
f 2967//3177 2968//3177 2969//3177
f 2968//3178 2942//3178 2969//3178
f 2969//3179 2942//3179 2944//3179
f 2969//3180 2944//3180 2970//3180
f 2970//3181 2944//3181 2945//3181
f 2970//3182 2945//3182 2971//3182
f 2971//3183 2945//3183 2972//3183
f 2973//3184 2974//3184 2975//3184
f 2975//3185 2974//3185 2976//3185
f 2975//3186 2976//3186 2977//3186
f 2977//3187 2976//3187 2978//3187
f 2977//3188 2978//3188 2979//3188
f 2979//3189 2978//3189 2980//3189
f 2980//3190 2978//3190 2981//3190
f 2980//3191 2981//3191 2940//3191
f 2940//3192 2981//3192 2972//3192
f 2940//3193 2972//3193 2941//3193
f 2941//3194 2972//3194 2945//3194
f 2941//3195 2945//3195 2939//3195
f 2973//3196 2975//3196 2982//3196
f 2982//3196 2975//3196 2983//3196
f 2984//2204 2985//2204 2940//2204
f 2986//2204 2987//2204 2988//2204
f 2940//2204 2985//2204 2980//2204
f 2980//2204 2985//2204 2989//2204
f 2980//2204 2989//2204 2979//2204
f 2940//2204 2939//2204 2984//2204
f 2984//2204 2939//2204 2945//2204
f 2984//2204 2945//2204 2990//2204
f 2990//2204 2945//2204 2943//2204
f 2990//2204 2943//2204 2991//2204
f 2991//2204 2943//2204 2942//2204
f 2992//2204 2993//2204 2994//2204
f 2995//2204 2996//2204 2964//2204
f 2983//2204 2975//2204 2997//2204
f 2997//2204 2975//2204 2977//2204
f 2997//2204 2977//2204 2998//2204
f 2998//2204 2977//2204 2979//2204
f 2998//2204 2979//2204 2999//2204
f 2999//2204 2979//2204 2989//2204
f 2964//2204 2996//2204 2966//2204
f 2966//2204 2996//2204 3000//2204
f 2966//2207 3000//2207 2968//2207
f 2968//2204 3000//2204 3001//2204
f 2968//2204 3001//2204 2942//2204
f 2942//2204 3001//2204 3002//2204
f 2942//2204 3002//2204 2991//2204
f 2988//2204 2987//2204 3003//2204
f 3003//2204 2987//2204 3004//2204
f 3003//2204 3004//2204 3005//2204
f 3005//2204 3004//2204 3006//2204
f 3005//2204 3006//2204 3007//2204
f 3008//2204 3009//2204 3010//2204
f 3010//2204 3009//2204 2992//2204
f 3010//2204 2992//2204 3011//2204
f 3011//2204 2992//2204 2994//2204
f 2988//2204 3012//2204 2986//2204
f 2986//2204 3012//2204 3013//2204
f 2986//2204 3013//2204 3014//2204
f 3014//2204 3013//2204 3015//2204
f 3014//2204 3015//2204 3016//2204
f 3016//2204 3015//2204 3017//2204
f 3016//2204 3017//2204 3018//2204
f 3018//2204 3017//2204 3019//2204
f 3018//2204 3019//2204 3020//2204
f 3020//2204 3019//2204 3009//2204
f 3020//2204 3009//2204 3021//2204
f 3021//2204 3009//2204 3008//2204
f 3007//2204 3006//2204 3022//2204
f 3022//2204 3006//2204 3023//2204
f 3022//2204 3023//2204 3024//2204
f 3024//2204 3023//2204 3025//2204
f 3024//2206 3025//2206 3026//2206
f 3026//2204 3025//2204 3027//2204
f 3026//2204 3027//2204 3028//2204
f 2958//2204 2955//2204 3029//2204
f 2964//2204 2963//2204 2995//2204
f 2995//2204 2963//2204 2958//2204
f 2995//2204 2958//2204 3030//2204
f 3030//2204 2958//2204 3029//2204
f 3027//2204 3031//2204 3028//2204
f 3028//2204 3031//2204 3032//2204
f 3028//2204 3032//2204 3033//2204
f 3033//2204 3032//2204 3034//2204
f 3033//2204 3034//2204 3035//2204
f 3034//2204 3036//2204 3035//2204
f 3035//2204 3036//2204 3037//2204
f 3035//2204 3037//2204 3038//2204
f 3038//2204 3037//2204 3039//2204
f 3038//2204 3039//2204 2947//2204
f 2947//2204 3039//2204 3040//2204
f 2947//2204 3040//2204 2948//2204
f 2948//2204 3040//2204 3041//2204
f 2948//2204 3041//2204 2951//2204
f 2951//2204 3041//2204 3042//2204
f 2951//2204 3042//2204 2953//2204
f 2953//2204 3042//2204 3043//2204
f 2953//2204 3043//2204 2955//2204
f 2955//2204 3043//2204 3044//2204
f 2955//2204 3044//2204 3029//2204
f 3045//3196 2992//3196 3046//3196
f 2992//3196 3045//3196 2993//3196
f 3005//3197 3007//3197 3047//3197
f 3048//3198 3046//3198 2992//3198
f 3048//3199 2992//3199 3049//3199
f 3050//3200 3051//3200 3052//3200
f 3003//3201 3053//3201 2988//3201
f 2988//3202 3053//3202 3050//3202
f 2988//3203 3050//3203 3012//3203
f 3012//3204 3050//3204 3052//3204
f 3012//3205 3052//3205 3054//3205
f 3054//3206 3052//3206 3055//3206
f 3054//3207 3055//3207 3056//3207
f 3003//3208 3005//3208 3053//3208
f 3053//3209 3005//3209 3047//3209
f 3053//3210 3047//3210 3050//3210
f 3050//3211 3047//3211 3057//3211
f 3050//3212 3057//3212 3051//3212
f 3022//3213 3024//3213 3058//3213
f 3058//3214 3024//3214 3026//3214
f 3058//3215 3026//3215 3028//3215
f 3059//3216 3060//3216 3058//3216
f 3058//3217 3060//3217 3061//3217
f 3058//3218 3061//3218 3022//3218
f 3022//3219 3061//3219 3062//3219
f 3022//3220 3062//3220 3007//3220
f 3007//3221 3062//3221 3063//3221
f 3007//3222 3063//3222 3047//3222
f 3038//3223 2947//3223 2946//3223
f 3059//3224 3058//3224 3064//3224
f 3064//3225 3058//3225 3028//3225
f 3064//3226 3028//3226 3065//3226
f 3065//3227 3028//3227 3033//3227
f 3065//3228 3033//3228 3066//3228
f 3066//3229 3033//3229 3035//3229
f 3066//3230 3035//3230 3067//3230
f 3067//3231 3035//3231 3038//3231
f 3067//3232 3038//3232 3068//3232
f 3068//3233 3038//3233 2946//3233
f 3068//3234 2946//3234 2950//3234
f 2992//3235 3009//3235 3049//3235
f 3049//3236 3009//3236 3019//3236
f 3049//3237 3019//3237 3069//3237
f 3069//3238 3019//3238 3017//3238
f 3069//3239 3017//3239 3056//3239
f 3056//3240 3017//3240 3015//3240
f 3056//3241 3015//3241 3054//3241
f 3054//3242 3015//3242 3013//3242
f 3054//3243 3013//3243 3012//3243
f 3070//2212 3071//2212 2967//2212
f 3045//2212 3046//2212 3048//2212
f 3070//2212 2967//2212 3072//2212
f 3072//2212 2967//2212 2969//2212
f 3072//2212 2969//2212 3073//2212
f 3073//2212 2969//2212 2970//2212
f 3073//2212 2970//2212 2971//2212
f 2973//2212 2982//2212 2974//2212
f 2974//2212 2982//2212 3074//2212
f 2974//2212 3074//2212 2976//2212
f 2976//2212 3074//2212 3075//2212
f 2976//2212 3075//2212 2978//2212
f 2978//2212 3075//2212 3076//2212
f 2978//2212 3076//2212 2981//2212
f 2981//2212 3076//2212 3077//2212
f 2981//2212 3077//2212 2972//2212
f 2972//2212 3077//2212 3078//2212
f 2972//2212 3078//2212 2971//2212
f 2971//2212 3078//2212 3079//2212
f 2971//2212 3079//2212 3073//2212
f 3045//2212 3048//2212 3080//2212
f 3080//2212 3048//2212 3049//2212
f 3080//2212 3049//2212 3081//2212
f 3081//2212 3049//2212 3082//2212
f 3082//2212 3049//2212 3069//2212
f 3082//2213 3069//2213 3083//2213
f 3083//2212 3069//2212 3056//2212
f 3083//2212 3056//2212 3084//2212
f 3084//2212 3056//2212 3055//2212
f 3084//2212 3055//2212 3085//2212
f 3085//2212 3055//2212 3052//2212
f 3085//2212 3052//2212 3086//2212
f 3086//2212 3052//2212 3051//2212
f 3086//2212 3051//2212 3087//2212
f 3087//2212 3051//2212 3057//2212
f 3087//2212 3057//2212 3088//2212
f 3088//2212 3057//2212 3089//2212
f 3089//2212 3057//2212 3047//2212
f 3089//2212 3047//2212 3090//2212
f 3091//2212 2961//2212 3092//2212
f 3092//2212 2961//2212 2962//2212
f 3092//2212 2962//2212 3071//2212
f 3071//2212 2962//2212 2965//2212
f 3071//2212 2965//2212 2967//2212
f 3047//2463 3063//2463 3090//2463
f 3090//2212 3063//2212 3062//2212
f 3090//2212 3062//2212 3093//2212
f 3093//2212 3062//2212 3061//2212
f 3093//2212 3061//2212 3094//2212
f 3094//2212 3061//2212 3060//2212
f 3094//2212 3060//2212 3095//2212
f 3095//2213 3060//2213 3059//2213
f 3095//2212 3059//2212 3096//2212
f 3096//2212 3059//2212 3064//2212
f 3096//2212 3064//2212 3097//2212
f 3097//2212 3064//2212 3065//2212
f 3097//2212 3065//2212 3098//2212
f 3099//2212 2954//2212 3100//2212
f 3100//2212 2954//2212 2956//2212
f 3100//2212 2956//2212 3101//2212
f 3101//2212 2956//2212 2957//2212
f 3101//2212 2957//2212 3091//2212
f 3091//2212 2957//2212 2959//2212
f 3091//2464 2959//2464 2961//2464
f 3065//2212 3066//2212 3098//2212
f 3098//2212 3066//2212 3067//2212
f 3098//2212 3067//2212 3102//2212
f 3102//2212 3067//2212 3068//2212
f 3102//2212 3068//2212 3103//2212
f 3103//2212 3068//2212 2950//2212
f 3103//2212 2950//2212 3104//2212
f 3104//2212 2950//2212 2949//2212
f 3104//2212 2949//2212 3099//2212
f 3099//2212 2949//2212 2952//2212
f 3099//2212 2952//2212 2954//2212
f 3105//3244 3106//3244 3107//3244
f 3107//3245 3106//3245 3108//3245
f 3107//3246 3108//3246 3109//3246
f 3110//3247 3111//3247 3112//3247
f 3113//3248 3114//3248 3115//3248
f 3116//3249 3117//3249 3118//3249
f 3119//3250 3120//3250 3121//3250
f 3121//3251 3120//3251 3122//3251
f 3123//3252 3124//3252 3125//3252
f 3125//3253 3124//3253 3126//3253
f 3125//3254 3126//3254 3127//3254
f 3124//3255 3128//3255 3126//3255
f 3126//3256 3128//3256 3129//3256
f 3126//3257 3129//3257 3130//3257
f 3130//3258 3129//3258 3131//3258
f 3130//3259 3131//3259 3132//3259
f 3131//3260 3133//3260 3132//3260
f 3132//3261 3133//3261 3134//3261
f 3132//3262 3134//3262 3135//3262
f 3112//3263 3111//3263 3136//3263
f 3136//3264 3111//3264 3137//3264
f 3136//3265 3137//3265 3119//3265
f 3119//3266 3137//3266 3138//3266
f 3119//3267 3138//3267 3120//3267
f 3117//3268 3116//3268 3110//3268
f 3110//3269 3116//3269 3139//3269
f 3110//3270 3139//3270 3111//3270
f 3111//3271 3139//3271 3140//3271
f 3111//3272 3140//3272 3137//3272
f 3141//3273 3142//3273 3143//3273
f 3110//3274 3144//3274 3117//3274
f 3117//3275 3144//3275 3145//3275
f 3117//3276 3145//3276 3118//3276
f 3118//3277 3145//3277 3114//3277
f 3118//3278 3114//3278 3146//3278
f 3146//3279 3114//3279 3113//3279
f 3146//3280 3113//3280 3147//3280
f 3147//3281 3113//3281 3115//3281
f 3147//3282 3115//3282 3148//3282
f 3148//3283 3115//3283 3141//3283
f 3148//3284 3141//3284 3149//3284
f 3149//3285 3141//3285 3143//3285
f 3149//3286 3143//3286 3150//3286
f 3135//3287 3134//3287 3122//3287
f 3122//3288 3134//3288 3151//3288
f 3122//3289 3151//3289 3121//3289
f 3121//3290 3151//3290 3152//3290
f 3121//3291 3152//3291 3119//3291
f 3119//3292 3152//3292 3153//3292
f 3119//3293 3153//3293 3136//3293
f 3125//3294 3127//3294 3154//3294
f 3155//3295 3156//3295 3157//3295
f 3106//3296 3105//3296 3158//3296
f 3159//3297 3160//3297 3161//3297
f 3161//3298 3160//3298 3162//3298
f 3108//3299 3106//3299 3163//3299
f 3163//3300 3106//3300 3158//3300
f 3163//3301 3158//3301 3159//3301
f 3159//3302 3158//3302 3164//3302
f 3159//3303 3164//3303 3160//3303
f 3160//3304 3164//3304 3165//3304
f 3160//3305 3165//3305 3162//3305
f 3162//3306 3165//3306 3166//3306
f 3162//3307 3166//3307 3167//3307
f 3167//3308 3166//3308 3168//3308
f 3169//3309 3170//3309 3171//3309
f 3165//3310 3172//3310 3166//3310
f 3166//3311 3172//3311 3169//3311
f 3166//3312 3169//3312 3168//3312
f 3168//3313 3169//3313 3171//3313
f 3168//3314 3171//3314 3173//3314
f 3173//3315 3171//3315 3174//3315
f 3170//3316 3175//3316 3171//3316
f 3171//3317 3175//3317 3176//3317
f 3171//3318 3176//3318 3174//3318
f 3174//3319 3176//3319 3177//3319
f 3155//3320 3157//3320 3178//3320
f 3178//3321 3157//3321 3179//3321
f 3178//3322 3179//3322 3180//3322
f 3181//3323 3182//3323 3183//3323
f 3182//3324 3184//3324 3183//3324
f 3183//3325 3184//3325 3185//3325
f 3183//3326 3185//3326 3186//3326
f 3186//3327 3185//3327 3187//3327
f 3186//3328 3187//3328 3154//3328
f 3154//3329 3187//3329 3123//3329
f 3154//3329 3123//3329 3125//3329
f 3183//3330 3188//3330 3181//3330
f 3181//3331 3188//3331 3189//3331
f 3181//3332 3189//3332 3190//3332
f 3190//3333 3189//3333 3180//3333
f 3190//3334 3180//3334 3191//3334
f 3191//3335 3180//3335 3179//3335
f 3191//3336 3179//3336 3192//3336
f 3192//3337 3179//3337 3157//3337
f 3192//3338 3157//3338 3177//3338
f 3177//3339 3157//3339 3156//3339
f 3177//3340 3156//3340 3174//3340
f 3162//2204 3193//2204 3194//2204
f 3162//2204 3194//2204 3161//2204
f 3109//2204 3108//2204 3195//2204
f 3195//2204 3108//2204 3163//2204
f 3195//2204 3163//2204 3196//2204
f 3196//2204 3163//2204 3159//2204
f 3196//2204 3159//2204 3197//2204
f 3197//2204 3159//2204 3161//2204
f 3197//2204 3161//2204 3198//2204
f 3198//2204 3161//2204 3194//2204
f 3193//2204 3162//2204 3199//2204
f 3199//2204 3162//2204 3167//2204
f 3199//2204 3167//2204 3200//2204
f 3200//2204 3167//2204 3168//2204
f 3200//2204 3168//2204 3201//2204
f 3201//2204 3168//2204 3173//2204
f 3201//2204 3173//2204 3202//2204
f 3202//2204 3173//2204 3174//2204
f 3202//2204 3174//2204 3203//2204
f 3204//2204 3116//2204 3205//2204
f 3205//2204 3116//2204 3118//2204
f 3205//2204 3118//2204 3206//2204
f 3206//2204 3118//2204 3146//2204
f 3206//2204 3146//2204 3207//2204
f 3207//2204 3146//2204 3147//2204
f 3207//2204 3147//2204 3208//2204
f 3208//2204 3147//2204 3148//2204
f 3208//2206 3148//2206 3209//2206
f 3209//2204 3148//2204 3149//2204
f 3209//2204 3149//2204 3210//2204
f 3210//2204 3149//2204 3150//2204
f 3210//2204 3150//2204 3211//2204
f 3126//2204 3130//2204 3212//2204
f 3212//2204 3130//2204 3132//2204
f 3212//2204 3132//2204 3213//2204
f 3213//2204 3132//2204 3135//2204
f 3213//2204 3135//2204 3214//2204
f 3214//2204 3135//2204 3122//2204
f 3214//2204 3122//2204 3215//2204
f 3215//2204 3122//2204 3120//2204
f 3215//2204 3120//2204 3216//2204
f 3216//2204 3120//2204 3138//2204
f 3216//2204 3138//2204 3217//2204
f 3217//2285 3138//2285 3137//2285
f 3217//2204 3137//2204 3218//2204
f 3218//2206 3137//2206 3140//2206
f 3218//2204 3140//2204 3204//2204
f 3204//2204 3140//2204 3139//2204
f 3204//2204 3139//2204 3116//2204
f 3212//2204 3219//2204 3126//2204
f 3126//2204 3219//2204 3220//2204
f 3126//2204 3220//2204 3221//2204
f 3174//2204 3156//2204 3203//2204
f 3203//2204 3156//2204 3155//2204
f 3203//2204 3155//2204 3222//2204
f 3222//2204 3155//2204 3178//2204
f 3222//2204 3178//2204 3223//2204
f 3223//2204 3178//2204 3180//2204
f 3223//2204 3180//2204 3224//2204
f 3224//2204 3180//2204 3189//2204
f 3224//2204 3189//2204 3225//2204
f 3225//2204 3189//2204 3188//2204
f 3225//2204 3188//2204 3226//2204
f 3226//2204 3188//2204 3183//2204
f 3226//2204 3183//2204 3227//2204
f 3227//2204 3183//2204 3186//2204
f 3227//2204 3186//2204 3228//2204
f 3228//2204 3186//2204 3154//2204
f 3228//2204 3154//2204 3229//2204
f 3229//2204 3154//2204 3127//2204
f 3229//2204 3127//2204 3230//2204
f 3230//2204 3127//2204 3126//2204
f 3230//2204 3126//2204 3231//2204
f 3231//2696 3126//2696 3221//2696
f 3142//3244 3232//3244 3143//3244
f 3143//3341 3232//3341 3211//3341
f 3143//3342 3211//3342 3150//3342
f 3233//2212 3232//2212 3142//2212
f 3234//2212 3235//2212 3112//2212
f 3236//2212 3191//2212 3237//2212
f 3237//2212 3191//2212 3192//2212
f 3237//2212 3192//2212 3238//2212
f 3238//2212 3192//2212 3239//2212
f 3105//2212 3107//2212 3240//2212
f 3115//2212 3241//2212 3141//2212
f 3141//2212 3241//2212 3242//2212
f 3141//2212 3242//2212 3142//2212
f 3142//2212 3242//2212 3243//2212
f 3142//2212 3243//2212 3233//2212
f 3112//2212 3235//2212 3110//2212
f 3110//2212 3235//2212 3244//2212
f 3110//2212 3244//2212 3144//2212
f 3144//2212 3244//2212 3245//2212
f 3144//2212 3245//2212 3145//2212
f 3145//2212 3245//2212 3246//2212
f 3145//2212 3246//2212 3114//2212
f 3114//2212 3246//2212 3247//2212
f 3114//2212 3247//2212 3115//2212
f 3115//2212 3247//2212 3248//2212
f 3115//2212 3248//2212 3241//2212
f 3105//2212 3240//2212 3158//2212
f 3158//2212 3240//2212 3249//2212
f 3158//2212 3249//2212 3164//2212
f 3164//2212 3249//2212 3250//2212
f 3164//2212 3250//2212 3165//2212
f 3134//2212 3133//2212 3251//2212
f 3192//2212 3177//2212 3239//2212
f 3239//2212 3177//2212 3176//2212
f 3239//2212 3176//2212 3252//2212
f 3252//2212 3176//2212 3175//2212
f 3252//2212 3175//2212 3253//2212
f 3253//2212 3175//2212 3170//2212
f 3253//2212 3170//2212 3254//2212
f 3254//2212 3170//2212 3169//2212
f 3254//2212 3169//2212 3255//2212
f 3255//2212 3169//2212 3172//2212
f 3255//2212 3172//2212 3256//2212
f 3256//2212 3172//2212 3165//2212
f 3256//2212 3165//2212 3257//2212
f 3257//2212 3165//2212 3250//2212
f 3112//2212 3136//2212 3234//2212
f 3234//2212 3136//2212 3153//2212
f 3234//2212 3153//2212 3258//2212
f 3258//2212 3153//2212 3152//2212
f 3258//2212 3152//2212 3259//2212
f 3259//2212 3152//2212 3151//2212
f 3259//2212 3151//2212 3260//2212
f 3260//2212 3151//2212 3134//2212
f 3260//2212 3134//2212 3261//2212
f 3261//2212 3134//2212 3251//2212
f 3262//2212 3263//2212 3184//2212
f 3184//2212 3182//2212 3262//2212
f 3262//2212 3182//2212 3181//2212
f 3262//2212 3181//2212 3236//2212
f 3236//2212 3181//2212 3190//2212
f 3236//2212 3190//2212 3191//2212
f 3133//2212 3131//2212 3251//2212
f 3251//2212 3131//2212 3129//2212
f 3251//2212 3129//2212 3264//2212
f 3264//2212 3129//2212 3128//2212
f 3264//2212 3128//2212 3265//2212
f 3265//2212 3128//2212 3124//2212
f 3265//2212 3124//2212 3266//2212
f 3266//2212 3124//2212 3123//2212
f 3266//2212 3123//2212 3267//2212
f 3267//2212 3123//2212 3187//2212
f 3267//2212 3187//2212 3263//2212
f 3263//2212 3187//2212 3185//2212
f 3263//2212 3185//2212 3184//2212
f 3268//3343 3269//3343 3270//3343
f 3271//3344 3272//3344 3273//3344
f 3274//3345 3275//3345 3276//3345
f 3276//3346 3275//3346 3277//3346
f 3277//3347 3275//3347 3278//3347
f 3277//3348 3278//3348 3279//3348
f 3280//3349 3281//3349 3282//3349
f 3282//3350 3281//3350 3274//3350
f 3283//3351 3284//3351 3285//3351
f 3285//3352 3284//3352 3286//3352
f 3285//3353 3286//3353 3287//3353
f 3287//3354 3286//3354 3288//3354
f 3272//3355 3271//3355 3289//3355
f 3290//3356 3291//3356 3292//3356
f 3292//3357 3291//3357 3293//3357
f 3292//3358 3293//3358 3273//3358
f 3273//3359 3293//3359 3294//3359
f 3273//3360 3294//3360 3271//3360
f 3295//3361 3296//3361 3297//3361
f 3290//3362 3292//3362 3298//3362
f 3298//3363 3292//3363 3295//3363
f 3298//3364 3295//3364 3299//3364
f 3299//3365 3295//3365 3297//3365
f 3299//3366 3297//3366 3300//3366
f 3271//3367 3283//3367 3289//3367
f 3289//3368 3283//3368 3285//3368
f 3289//3369 3285//3369 3301//3369
f 3301//3370 3285//3370 3302//3370
f 3302//3371 3285//3371 3303//3371
f 3303//3372 3285//3372 3287//3372
f 3303//3373 3287//3373 3304//3373
f 3304//3374 3287//3374 3288//3374
f 3304//3375 3288//3375 3305//3375
f 3305//3376 3288//3376 3306//3376
f 3305//3377 3306//3377 3307//3377
f 3307//3378 3306//3378 3308//3378
f 3307//3379 3308//3379 3280//3379
f 3276//3380 3270//3380 3274//3380
f 3274//3381 3270//3381 3269//3381
f 3274//3382 3269//3382 3282//3382
f 3282//3383 3269//3383 3268//3383
f 3282//3384 3268//3384 3280//3384
f 3280//3385 3268//3385 3309//3385
f 3280//3386 3309//3386 3307//3386
f 3307//3387 3309//3387 3310//3387
f 3307//3388 3310//3388 3305//3388
f 3311//3389 3312//3389 3313//3389
f 3313//3390 3312//3390 3314//3390
f 3296//3391 3315//3391 3297//3391
f 3297//3392 3315//3392 3316//3392
f 3297//3393 3316//3393 3300//3393
f 3315//3394 3317//3394 3316//3394
f 3316//3395 3317//3395 3318//3395
f 3316//3396 3318//3396 3319//3396
f 3314//3397 3312//3397 3318//3397
f 3318//3398 3312//3398 3320//3398
f 3318//3399 3320//3399 3319//3399
f 3321//3400 3322//3400 3311//3400
f 3311//3401 3322//3401 3323//3401
f 3311//3402 3323//3402 3312//3402
f 3324//3403 3325//3403 3321//3403
f 3321//3404 3325//3404 3326//3404
f 3321//3405 3326//3405 3322//3405
f 3311//3406 3327//3406 3321//3406
f 3321//3407 3327//3407 3328//3407
f 3321//3408 3328//3408 3324//3408
f 3324//3409 3328//3409 3329//3409
f 3324//3410 3329//3410 3330//3410
f 3330//3411 3329//3411 3331//3411
f 3331//3412 3332//3412 3333//3412
f 3334//3413 3335//3413 3333//3413
f 3333//3414 3335//3414 3336//3414
f 3333//3415 3336//3415 3331//3415
f 3331//3416 3336//3416 3337//3416
f 3331//3417 3337//3417 3330//3417
f 3338//3418 3339//3418 3340//3418
f 3340//3419 3339//3419 3341//3419
f 3340//3420 3341//3420 3342//3420
f 3343//3421 3344//3421 3345//3421
f 3345//3422 3344//3422 3346//3422
f 3345//3423 3346//3423 3347//3423
f 3332//3424 3348//3424 3333//3424
f 3333//3425 3348//3425 3347//3425
f 3333//3426 3347//3426 3334//3426
f 3334//3427 3347//3427 3346//3427
f 3334//3428 3346//3428 3349//3428
f 3349//3429 3346//3429 3344//3429
f 3349//3430 3344//3430 3338//3430
f 3338//3431 3344//3431 3343//3431
f 3338//3432 3343//3432 3339//3432
f 3350//3433 3351//3433 3341//3433
f 3341//3433 3351//3433 3342//3433
f 3350//2204 3341//2204 3352//2204
f 3352//2204 3341//2204 3339//2204
f 3353//2204 3354//2204 3332//2204
f 3279//2204 3355//2204 3277//2204
f 3277//2204 3355//2204 3356//2204
f 3277//2204 3356//2204 3276//2204
f 3276//2204 3356//2204 3357//2204
f 3276//2204 3357//2204 3270//2204
f 3270//2204 3357//2204 3358//2204
f 3270//2204 3358//2204 3268//2204
f 3359//2204 3360//2204 3305//2204
f 3332//2204 3354//2204 3348//2204
f 3348//2204 3354//2204 3361//2204
f 3348//2204 3361//2204 3347//2204
f 3347//2204 3361//2204 3362//2204
f 3347//2204 3362//2204 3345//2204
f 3345//2204 3362//2204 3363//2204
f 3345//2204 3363//2204 3343//2204
f 3343//2204 3363//2204 3364//2204
f 3343//2204 3364//2204 3339//2204
f 3339//2207 3364//2207 3365//2207
f 3339//2204 3365//2204 3352//2204
f 3332//2204 3331//2204 3353//2204
f 3353//2204 3331//2204 3329//2204
f 3353//2204 3329//2204 3366//2204
f 3366//2204 3329//2204 3328//2204
f 3366//2206 3328//2206 3367//2206
f 3367//2204 3328//2204 3368//2204
f 3368//2204 3328//2204 3327//2204
f 3368//2204 3327//2204 3369//2204
f 3369//2204 3327//2204 3311//2204
f 3369//2204 3311//2204 3370//2204
f 3370//2204 3311//2204 3313//2204
f 3370//2204 3313//2204 3371//2204
f 3305//2204 3310//2204 3359//2204
f 3359//2204 3310//2204 3309//2204
f 3359//2204 3309//2204 3372//2204
f 3372//2204 3309//2204 3268//2204
f 3372//2204 3268//2204 3373//2204
f 3373//2204 3268//2204 3358//2204
f 3273//2204 3272//2204 3374//2204
f 3374//2204 3272//2204 3289//2204
f 3374//2204 3289//2204 3375//2204
f 3375//2204 3289//2204 3301//2204
f 3375//2204 3301//2204 3376//2204
f 3376//2204 3301//2204 3302//2204
f 3376//2204 3302//2204 3377//2204
f 3377//2204 3302//2204 3303//2204
f 3377//2204 3303//2204 3360//2204
f 3360//2204 3303//2204 3304//2204
f 3360//2204 3304//2204 3305//2204
f 3371//2204 3313//2204 3378//2204
f 3378//2204 3313//2204 3314//2204
f 3378//2204 3314//2204 3379//2204
f 3380//2204 3292//2204 3381//2204
f 3381//2204 3292//2204 3273//2204
f 3381//2204 3273//2204 3382//2204
f 3382//2204 3273//2204 3374//2204
f 3380//2204 3383//2204 3292//2204
f 3292//2204 3383//2204 3384//2204
f 3292//2204 3384//2204 3295//2204
f 3295//2204 3384//2204 3385//2204
f 3295//2204 3385//2204 3296//2204
f 3296//2204 3385//2204 3386//2204
f 3296//2204 3386//2204 3315//2204
f 3315//2204 3386//2204 3387//2204
f 3315//2204 3387//2204 3317//2204
f 3317//2204 3387//2204 3379//2204
f 3317//2204 3379//2204 3318//2204
f 3318//3434 3379//3434 3314//3434
f 3388//3433 3279//3433 3278//3433
f 3279//3433 3388//3433 3355//3433
f 3275//2212 3274//2212 3389//2212
f 3390//3435 3391//3435 3336//3435
f 3389//2212 3274//2212 3392//2212
f 3392//2212 3274//2212 3281//2212
f 3392//2212 3281//2212 3393//2212
f 3393//2212 3281//2212 3280//2212
f 3393//2212 3280//2212 3394//2212
f 3394//2212 3280//2212 3308//2212
f 3394//2212 3308//2212 3395//2212
f 3395//2212 3308//2212 3306//2212
f 3395//2212 3306//2212 3396//2212
f 3396//2212 3306//2212 3288//2212
f 3396//2212 3288//2212 3397//2212
f 3336//2212 3391//2212 3337//2212
f 3334//2212 3349//2212 3398//2212
f 3389//2212 3399//2212 3275//2212
f 3275//2212 3399//2212 3400//2212
f 3275//2212 3400//2212 3278//2212
f 3278//2212 3400//2212 3401//2212
f 3278//2460 3401//2460 3388//2460
f 3398//2212 3349//2212 3402//2212
f 3402//2212 3349//2212 3338//2212
f 3402//2212 3338//2212 3351//2212
f 3351//2212 3338//2212 3340//2212
f 3351//2212 3340//2212 3342//2212
f 3397//2212 3288//2212 3403//2212
f 3403//2212 3288//2212 3286//2212
f 3403//2212 3286//2212 3404//2212
f 3404//2212 3286//2212 3284//2212
f 3404//2212 3284//2212 3405//2212
f 3405//2212 3284//2212 3283//2212
f 3405//2212 3283//2212 3406//2212
f 3406//2212 3283//2212 3271//2212
f 3406//2212 3271//2212 3407//2212
f 3408//2212 3322//2212 3409//2212
f 3409//2212 3322//2212 3326//2212
f 3409//2212 3326//2212 3410//2212
f 3410//2212 3326//2212 3325//2212
f 3410//2212 3325//2212 3411//2212
f 3398//2212 3412//2212 3334//2212
f 3334//2212 3412//2212 3413//2212
f 3334//2212 3413//2212 3335//2212
f 3335//2212 3413//2212 3414//2212
f 3335//2212 3414//2212 3336//2212
f 3336//2212 3414//2212 3415//2212
f 3336//2212 3415//2212 3390//2212
f 3325//2212 3324//2212 3411//2212
f 3411//2212 3324//2212 3330//2212
f 3411//2212 3330//2212 3416//2212
f 3416//2212 3330//2212 3337//2212
f 3416//2213 3337//2213 3417//2213
f 3417//2212 3337//2212 3391//2212
f 3271//2212 3294//2212 3407//2212
f 3407//2212 3294//2212 3293//2212
f 3407//2212 3293//2212 3418//2212
f 3418//2212 3293//2212 3291//2212
f 3291//2212 3290//2212 3418//2212
f 3418//2212 3290//2212 3298//2212
f 3418//2212 3298//2212 3419//2212
f 3419//2212 3298//2212 3299//2212
f 3419//2212 3299//2212 3420//2212
f 3420//2212 3299//2212 3300//2212
f 3420//2212 3300//2212 3421//2212
f 3421//2212 3300//2212 3316//2212
f 3421//2212 3316//2212 3422//2212
f 3422//2212 3316//2212 3319//2212
f 3422//2212 3319//2212 3423//2212
f 3423//2212 3319//2212 3320//2212
f 3423//2212 3320//2212 3424//2212
f 3424//2212 3320//2212 3312//2212
f 3424//2212 3312//2212 3408//2212
f 3408//2212 3312//2212 3323//2212
f 3408//2212 3323//2212 3322//2212
f 3425//3436 3426//3436 3427//3436
f 3428//3437 3429//3437 3430//3437
f 3431//3438 3432//3438 3427//3438
f 3427//3439 3432//3439 3433//3439
f 3427//3440 3433//3440 3428//3440
f 3434//3441 3435//3441 3436//3441
f 3436//3442 3435//3442 3437//3442
f 3436//3443 3437//3443 3438//3443
f 3438//3444 3437//3444 3439//3444
f 3426//3445 3439//3445 3427//3445
f 3427//3446 3439//3446 3437//3446
f 3427//3447 3437//3447 3431//3447
f 3431//3448 3437//3448 3435//3448
f 3431//3449 3435//3449 3440//3449
f 3428//3450 3430//3450 3427//3450
f 3427//3451 3430//3451 3441//3451
f 3427//3452 3441//3452 3425//3452
f 3442//3453 3443//3453 3444//3453
f 3435//3454 3445//3454 3440//3454
f 3440//3455 3445//3455 3446//3455
f 3446//3456 3445//3456 3447//3456
f 3447//3457 3445//3457 3444//3457
f 3447//3458 3444//3458 3448//3458
f 3443//3459 3449//3459 3444//3459
f 3444//3460 3449//3460 3450//3460
f 3444//3461 3450//3461 3448//3461
f 3451//3462 3452//3462 3445//3462
f 3445//3463 3452//3463 3453//3463
f 3445//3464 3453//3464 3444//3464
f 3444//3465 3453//3465 3454//3465
f 3444//3466 3454//3466 3442//3466
f 3451//3467 3445//3467 3455//3467
f 3455//3468 3445//3468 3435//3468
f 3455//3469 3435//3469 3434//3469
f 3430//2212 3429//2212 3456//2212
f 3457//2212 3458//2212 3449//2212
f 3457//2212 3449//2212 3459//2212
f 3459//2212 3449//2212 3443//2212
f 3459//2212 3443//2212 3460//2212
f 3460//2212 3443//2212 3442//2212
f 3460//2212 3442//2212 3461//2212
f 3461//2212 3442//2212 3454//2212
f 3461//2212 3454//2212 3462//2212
f 3462//2212 3454//2212 3463//2212
f 3463//2212 3454//2212 3453//2212
f 3463//2212 3453//2212 3464//2212
f 3464//2212 3453//2212 3452//2212
f 3464//2212 3452//2212 3465//2212
f 3465//2212 3452//2212 3451//2212
f 3465//2212 3451//2212 3466//2212
f 3456//2212 3467//2212 3430//2212
f 3430//2212 3467//2212 3468//2212
f 3430//2212 3468//2212 3441//2212
f 3441//2212 3468//2212 3469//2212
f 3441//2212 3469//2212 3425//2212
f 3425//2212 3469//2212 3470//2212
f 3425//2212 3470//2212 3426//2212
f 3426//2212 3470//2212 3471//2212
f 3426//2212 3471//2212 3439//2212
f 3439//2212 3471//2212 3472//2212
f 3439//2212 3472//2212 3438//2212
f 3438//2212 3472//2212 3473//2212
f 3438//2212 3473//2212 3436//2212
f 3436//2212 3473//2212 3474//2212
f 3436//2212 3474//2212 3434//2212
f 3434//2212 3474//2212 3466//2212
f 3434//2212 3466//2212 3455//2212
f 3455//2212 3466//2212 3451//2212
f 3431//3470 3475//3470 3432//3470
f 3432//3471 3475//3471 3476//3471
f 3432//3472 3476//3472 3477//3472
f 3447//3470 3478//3470 3479//3470
f 3479//3473 3480//3473 3447//3473
f 3447//3473 3480//3473 3481//3473
f 3447//3474 3481//3474 3446//3474
f 3446//3475 3481//3475 3482//3475
f 3446//3476 3482//3476 3440//3476
f 3440//3477 3482//3477 3483//3477
f 3440//3477 3483//3477 3431//3477
f 3431//3478 3483//3478 3484//3478
f 3431//3479 3484//3479 3475//3479
f 3447//3480 3448//3480 3478//3480
f 3478//3481 3448//3481 3450//3481
f 3478//3482 3450//3482 3485//3482
f 3485//3483 3450//3483 3449//3483
f 3485//3484 3449//3484 3458//3484
f 3456//3485 3429//3485 3486//3485
f 3486//3486 3429//3486 3428//3486
f 3486//3487 3428//3487 3477//3487
f 3477//3488 3428//3488 3433//3488
f 3477//3489 3433//3489 3432//3489
f 3487//3490 3488//3490 3489//3490
f 3490//3491 3491//3491 3492//3491
f 3411//3492 3493//3492 3494//3492
f 3415//3493 3414//3493 3495//3493
f 3351//3494 3350//3494 3496//3494
f 3352//3495 3497//3495 3350//3495
f 3498//3496 3257//3496 3250//3496
f 3074//3497 3499//3497 3075//3497
f 2997//3498 3500//3498 2983//3498
f 3501//3499 2938//3499 2932//3499
f 2907//3500 2908//3500 3502//3500
f 3502//3501 2908//3501 2909//3501
f 2867//3502 3503//3502 2866//3502
f 2684//3503 3504//3503 2650//3503
f 2556//3504 3505//3504 2580//3504
f 3506//3505 2660//3505 2659//3505
f 2513//3506 3506//3506 2579//3506
f 2513//3507 2512//3507 3507//3507
f 2546//3508 3508//3508 2547//3508
f 2408//3509 2407//3509 3509//3509
f 3509//3510 2407//3510 2406//3510
f 3510//3511 2395//3511 2394//3511
f 2352//3512 3511//3512 2354//3512
f 2080//3513 3512//3513 2079//3513
f 2017//3514 2009//3514 3513//3514
f 3514//3515 2006//3515 2005//3515
f 2048//3516 2047//3516 3515//3516
f 3515//3517 2047//3517 1957//3517
f 1948//3518 3516//3518 1949//3518
f 1937//3519 3513//3519 1946//3519
f 1810//3520 1900//3520 1811//3520
f 1802//3521 3517//3521 1896//3521
f 1791//3522 3518//3522 1792//3522
f 1788//3523 3519//3523 1789//3523
f 1711//3524 3520//3524 1707//3524
f 3521//3525 3522//3525 3523//3525
f 3524//3526 3525//3526 3526//3526
f 3526//3527 3525//3527 3527//3527
f 1535//3528 1444//3528 3528//3528
f 3529//3529 1429//3529 1430//3529
f 1432//3530 3530//3530 1431//3530
f 3469//3531 3531//3531 3470//3531
f 3467//3532 3456//3532 3532//3532
f 3531//3533 3469//3533 3533//3533
f 3472//3534 3534//3534 3473//3534
f 3473//3535 3534//3535 3535//3535
f 3473//3536 3535//3536 3474//3536
f 1412//3537 1413//3537 3536//3537
f 1403//3538 1404//3538 3534//3538
f 3534//3539 1404//3539 1412//3539
f 3534//3540 1412//3540 3535//3540
f 3535//3541 1412//3541 3536//3541
f 3535//3542 3536//3542 3474//3542
f 3474//3543 3536//3543 3466//3543
f 3472//3544 3471//3544 3534//3544
f 3534//3545 3471//3545 3537//3545
f 3534//3546 3537//3546 1403//3546
f 1400//3547 1402//3547 3537//3547
f 3537//3548 1402//3548 1401//3548
f 3537//3549 1401//3549 1403//3549
f 3471//3550 3470//3550 3537//3550
f 3537//3551 3470//3551 3531//3551
f 3537//3552 3531//3552 1400//3552
f 1400//3553 3531//3553 3533//3553
f 1400//3554 3533//3554 1399//3554
f 1399//3555 3533//3555 1398//3555
f 3532//3556 3538//3556 1395//3556
f 1395//3557 3538//3557 1394//3557
f 3469//3558 3468//3558 3533//3558
f 3533//3559 3468//3559 3467//3559
f 3533//3560 3467//3560 1398//3560
f 1398//3561 3467//3561 3532//3561
f 1398//3562 3532//3562 1397//3562
f 1397//3563 3532//3563 1395//3563
f 1394//3564 3538//3564 1393//3564
f 1393//3565 3538//3565 3539//3565
f 1393//3566 3539//3566 1440//3566
f 1438//3567 1439//3567 3540//3567
f 1442//3568 1510//3568 3540//3568
f 3540//3569 1510//3569 1511//3569
f 3540//3570 1511//3570 1438//3570
f 1438//3571 1511//3571 3541//3571
f 1438//3572 3541//3572 1437//3572
f 1437//3573 3541//3573 3542//3573
f 1437//3574 3542//3574 1436//3574
f 1436//3575 3542//3575 3543//3575
f 1436//3576 3543//3576 1435//3576
f 3543//3577 1521//3577 1435//3577
f 1435//3578 1521//3578 3544//3578
f 1435//3579 3544//3579 1434//3579
f 1434//3580 3544//3580 3545//3580
f 1434//3581 3545//3581 1433//3581
f 1523//3582 1522//3582 3529//3582
f 1523//3583 3529//3583 1524//3583
f 1524//3584 3529//3584 1430//3584
f 1524//3585 1430//3585 1516//3585
f 1516//3586 1430//3586 1431//3586
f 1516//3587 1431//3587 1517//3587
f 1517//3588 1431//3588 3530//3588
f 1517//3589 3530//3589 3545//3589
f 3545//3590 3530//3590 1432//3590
f 3545//3591 1432//3591 1433//3591
f 1521//3592 1520//3592 3544//3592
f 3544//3593 1520//3593 1519//3593
f 3544//3594 1519//3594 3545//3594
f 3545//3595 1519//3595 1518//3595
f 3545//3596 1518//3596 1517//3596
f 1511//3597 1512//3597 3541//3597
f 3541//3598 1512//3598 1513//3598
f 3541//3599 1513//3599 3542//3599
f 3542//3600 1513//3600 1514//3600
f 3542//3601 1514//3601 3543//3601
f 3543//3602 1514//3602 1515//3602
f 3543//3603 1515//3603 1521//3603
f 1638//3604 1639//3604 3546//3604
f 3546//3605 1639//3605 1640//3605
f 3546//3606 1640//3606 1539//3606
f 1539//3607 1640//3607 1641//3607
f 1539//3608 1641//3608 1540//3608
f 1540//3609 1641//3609 1642//3609
f 1540//3610 1642//3610 1552//3610
f 1642//3611 3547//3611 1552//3611
f 1552//3612 3547//3612 3548//3612
f 1552//3613 3548//3613 1553//3613
f 1553//3614 3548//3614 1554//3614
f 1554//3615 3548//3615 3549//3615
f 1554//3616 3549//3616 1555//3616
f 1556//3617 1647//3617 1648//3617
f 1649//3618 1660//3618 3550//3618
f 1556//3619 1648//3619 1557//3619
f 1557//3620 1648//3620 1649//3620
f 1557//3621 1649//3621 1558//3621
f 1558//3622 1649//3622 3550//3622
f 1558//3623 3550//3623 1559//3623
f 1642//3624 1643//3624 3547//3624
f 3547//3625 1643//3625 1644//3625
f 3547//3626 1644//3626 3548//3626
f 3548//3627 1644//3627 1647//3627
f 3548//3628 1647//3628 3549//3628
f 3549//3629 1647//3629 1556//3629
f 3549//3630 1556//3630 1555//3630
f 1541//3631 3551//3631 1542//3631
f 1542//3632 3551//3632 3552//3632
f 1542//3633 3552//3633 1543//3633
f 1543//3634 3552//3634 1544//3634
f 1539//3635 1545//3635 3546//3635
f 3546//3636 1545//3636 1544//3636
f 3546//3637 1544//3637 1638//3637
f 1638//3638 1544//3638 3552//3638
f 1638//3639 3552//3639 1637//3639
f 1637//3640 3552//3640 3551//3640
f 1637//3641 3551//3641 1636//3641
f 1636//3642 3551//3642 1635//3642
f 3553//3643 1665//3643 1664//3643
f 3553//3644 1664//3644 3554//3644
f 1707//3645 3520//3645 1664//3645
f 1541//3646 1535//3646 3551//3646
f 3551//3647 1535//3647 3528//3647
f 3551//3648 3528//3648 1635//3648
f 1635//3649 3528//3649 3554//3649
f 1635//3650 3554//3650 3555//3650
f 3555//3651 3554//3651 1664//3651
f 3555//3652 1664//3652 3556//3652
f 3556//3653 1664//3653 3520//3653
f 3556//3654 3520//3654 3527//3654
f 3527//3655 3520//3655 1711//3655
f 3527//3656 1711//3656 3526//3656
f 1711//3657 1710//3657 3526//3657
f 3526//3658 1710//3658 1709//3658
f 3526//3659 1709//3659 3524//3659
f 3524//3660 1709//3660 1708//3660
f 3524//3661 1708//3661 3557//3661
f 3558//3662 3559//3662 3560//3662
f 3560//3663 3559//3663 3557//3663
f 3560//3664 3557//3664 3561//3664
f 3561//3665 3557//3665 1708//3665
f 3562//3666 3563//3666 3564//3666
f 3565//3667 3566//3667 3563//3667
f 3563//3668 3566//3668 3567//3668
f 3563//3669 3567//3669 3564//3669
f 3568//3670 3569//3670 1728//3670
f 1728//3671 3569//3671 1727//3671
f 1752//3672 3521//3672 1751//3672
f 1751//3673 3521//3673 3523//3673
f 1751//3674 3523//3674 1728//3674
f 1728//3675 3523//3675 3568//3675
f 1722//3676 1721//3676 3562//3676
f 3562//3677 1721//3677 1726//3677
f 3562//3678 1726//3678 3563//3678
f 3563//3679 1726//3679 1727//3679
f 3563//3680 1727//3680 3565//3680
f 3565//3681 1727//3681 3569//3681
f 3565//3682 3569//3682 3566//3682
f 1708//3683 1706//3683 3561//3683
f 3561//3684 1706//3684 1725//3684
f 3561//3685 1725//3685 3560//3685
f 3560//3686 1725//3686 1724//3686
f 3560//3687 1724//3687 3558//3687
f 3558//3688 1724//3688 1723//3688
f 3558//3689 1723//3689 3570//3689
f 3570//3690 1723//3690 1722//3690
f 3570//3691 1722//3691 3571//3691
f 3571//3692 1722//3692 3562//3692
f 3571//3693 3562//3693 3572//3693
f 3572//3694 3562//3694 3564//3694
f 2024//3695 2025//3695 1936//3695
f 1855//3696 3573//3696 1854//3696
f 1854//3697 3573//3697 1853//3697
f 1787//3698 1786//3698 1864//3698
f 1864//3699 1786//3699 3574//3699
f 1864//3700 3574//3700 1855//3700
f 3553//3701 3575//3701 1665//3701
f 1665//3702 3575//3702 3573//3702
f 1665//3703 3573//3703 1777//3703
f 1777//3704 3573//3704 1855//3704
f 1777//3705 1855//3705 1784//3705
f 1784//3706 1855//3706 3574//3706
f 1784//3707 3574//3707 1785//3707
f 1785//3708 3574//3708 1786//3708
f 1864//3709 1865//3709 1787//3709
f 1787//3710 1865//3710 1866//3710
f 1787//3711 1866//3711 1788//3711
f 1788//3712 1866//3712 1856//3712
f 1788//3713 1856//3713 3519//3713
f 3519//3714 1856//3714 1857//3714
f 3519//3715 1857//3715 1789//3715
f 1789//3716 1857//3716 1858//3716
f 1789//3717 1858//3717 1790//3717
f 1790//3718 1858//3718 1791//3718
f 1791//3719 1858//3719 3518//3719
f 3518//3720 1858//3720 1859//3720
f 3518//3721 1859//3721 1792//3721
f 1792//3722 1859//3722 1867//3722
f 1792//3723 1867//3723 1806//3723
f 1806//3724 1867//3724 1868//3724
f 1806//3725 1868//3725 1805//3725
f 1805//3726 1868//3726 1869//3726
f 1805//3727 1869//3727 1804//3727
f 1869//3728 3576//3728 1804//3728
f 1804//3729 3576//3729 3577//3729
f 1804//3730 3577//3730 1803//3730
f 1896//3731 1897//3731 1802//3731
f 1802//3732 1897//3732 1898//3732
f 1802//3733 1898//3733 1810//3733
f 1810//3734 1898//3734 1899//3734
f 1810//3735 1899//3735 1900//3735
f 1869//3736 1870//3736 3576//3736
f 3576//3737 1870//3737 1896//3737
f 3576//3738 1896//3738 3577//3738
f 3577//3739 1896//3739 3517//3739
f 3577//3740 3517//3740 1803//3740
f 1803//3741 3517//3741 1802//3741
f 1952//3742 1951//3742 3578//3742
f 3578//3743 1951//3743 1950//3743
f 2010//3744 2013//3744 1954//3744
f 1954//3745 1953//3745 2010//3745
f 2010//3746 1953//3746 1952//3746
f 2010//3747 1952//3747 2011//3747
f 2011//3748 1952//3748 3578//3748
f 2011//3749 3578//3749 2012//3749
f 2013//3750 3579//3750 1954//3750
f 1954//3751 3579//3751 3580//3751
f 1954//3752 3580//3752 1955//3752
f 1955//3753 3580//3753 3581//3753
f 1955//3754 3581//3754 1956//3754
f 1956//3755 3581//3755 3582//3755
f 1956//3756 3582//3756 1958//3756
f 2013//3757 2051//3757 3579//3757
f 3579//3758 2051//3758 2050//3758
f 3579//3759 2050//3759 3580//3759
f 3580//3760 2050//3760 2049//3760
f 3580//3761 2049//3761 3581//3761
f 3581//3762 2049//3762 2048//3762
f 3581//3763 2048//3763 3582//3763
f 3582//3764 2048//3764 3515//3764
f 3582//3765 3515//3765 1958//3765
f 1958//3766 3515//3766 1957//3766
f 1946//3767 3513//3767 1947//3767
f 1947//3768 3513//3768 2009//3768
f 1947//3769 2009//3769 1948//3769
f 1948//3770 2009//3770 2008//3770
f 1948//3771 2008//3771 3516//3771
f 3516//3772 2008//3772 2007//3772
f 3516//3773 2007//3773 1949//3773
f 1949//3774 2007//3774 2006//3774
f 1949//3775 2006//3775 1950//3775
f 1950//3776 2006//3776 3514//3776
f 1950//3777 3514//3777 3578//3777
f 3578//3778 3514//3778 2005//3778
f 3578//3779 2005//3779 2012//3779
f 1936//3780 2025//3780 1937//3780
f 1937//3781 2025//3781 2019//3781
f 1937//3782 2019//3782 3513//3782
f 3513//3783 2019//3783 2018//3783
f 3513//3784 2018//3784 2017//3784
f 3488//3785 3583//3785 2001//3785
f 2001//3786 3583//3786 2088//3786
f 1936//3787 1853//3787 2024//3787
f 2024//3788 1853//3788 3573//3788
f 2024//3789 3573//3789 1999//3789
f 1999//3790 3573//3790 2000//3790
f 2175//3791 2174//3791 2087//3791
f 2087//3792 2174//3792 3584//3792
f 2087//3793 3584//3793 2086//3793
f 2086//3794 3584//3794 2075//3794
f 2169//3795 2082//3795 2170//3795
f 2170//3796 2082//3796 2076//3796
f 2170//3797 2076//3797 2171//3797
f 2171//3798 2076//3798 2075//3798
f 2171//3799 2075//3799 2172//3799
f 2172//3800 2075//3800 3584//3800
f 2172//3801 3584//3801 2173//3801
f 2173//3802 3584//3802 2174//3802
f 2167//3803 2085//3803 2168//3803
f 2168//3804 2085//3804 2084//3804
f 2168//3805 2084//3805 2169//3805
f 2169//3806 2084//3806 2083//3806
f 2169//3807 2083//3807 2082//3807
f 2079//3808 3585//3808 2103//3808
f 2103//3809 3585//3809 3586//3809
f 2103//3810 3586//3810 2102//3810
f 2102//3811 3586//3811 3587//3811
f 2102//3812 3587//3812 2101//3812
f 3587//3813 3588//3813 2101//3813
f 2101//3814 3588//3814 3589//3814
f 2101//3815 3589//3815 2107//3815
f 2105//3816 2106//3816 2197//3816
f 2197//3817 2106//3817 3590//3817
f 2197//3818 3590//3818 2198//3818
f 2106//3819 2107//3819 3590//3819
f 3590//3820 2107//3820 3589//3820
f 3590//3821 3589//3821 2198//3821
f 2198//3822 3589//3822 3588//3822
f 2198//3823 3588//3823 2199//3823
f 2199//3824 3588//3824 3587//3824
f 2199//3825 3587//3825 2200//3825
f 2200//3826 3587//3826 3586//3826
f 2200//3827 3586//3827 2201//3827
f 2201//3828 3586//3828 3585//3828
f 2201//3829 3585//3829 2176//3829
f 2176//3830 3585//3830 2079//3830
f 2176//3831 2079//3831 2156//3831
f 2156//3832 2079//3832 3512//3832
f 2156//3833 3512//3833 2157//3833
f 2157//3834 3512//3834 2080//3834
f 2157//3835 2080//3835 2167//3835
f 2167//3836 2080//3836 2081//3836
f 2167//3837 2081//3837 2085//3837
f 2087//3838 2088//3838 2175//3838
f 2175//3839 2088//3839 3583//3839
f 2175//3840 3583//3840 2151//3840
f 2151//3841 3583//3841 3488//3841
f 2151//3842 3488//3842 2152//3842
f 2152//3843 3488//3843 3487//3843
f 2152//3844 3487//3844 3507//3844
f 2349//3845 2358//3845 2239//3845
f 2239//3846 2358//3846 3591//3846
f 2239//3847 3591//3847 2240//3847
f 2358//3848 2359//3848 3591//3848
f 3591//3849 2359//3849 2360//3849
f 3591//3850 2360//3850 2240//3850
f 2240//3851 2360//3851 2369//3851
f 2240//3852 2369//3852 2235//3852
f 2235//3853 2369//3853 3592//3853
f 2235//3854 3592//3854 2236//3854
f 2236//3855 3592//3855 2237//3855
f 2369//3856 2368//3856 3592//3856
f 3592//3857 2368//3857 2367//3857
f 3592//3858 2367//3858 2237//3858
f 2237//3859 2367//3859 2238//3859
f 2367//3860 2354//3860 2238//3860
f 2238//3861 2354//3861 3511//3861
f 2238//3862 3511//3862 2234//3862
f 2234//3863 3511//3863 2352//3863
f 2234//3864 2352//3864 2233//3864
f 2233//3865 2352//3865 2351//3865
f 2233//3866 2351//3866 2241//3866
f 2241//3867 2351//3867 2355//3867
f 2241//3868 2355//3868 2242//3868
f 2242//3869 2355//3869 2243//3869
f 2243//3870 2355//3870 2244//3870
f 2244//3871 2355//3871 2356//3871
f 2244//3872 2356//3872 2252//3872
f 2252//3873 2356//3873 2379//3873
f 2252//3874 2379//3874 2251//3874
f 2380//3876 2249//3876 2379//3876
f 2379//3877 2249//3877 2250//3877
f 2379//3878 2250//3878 2251//3878
f 2380//3879 3593//3879 2249//3879
f 2249//3880 3593//3880 3594//3880
f 2249//3881 3594//3881 2248//3881
f 2248//3882 3594//3882 3595//3882
f 2248//3883 3595//3883 2247//3883
f 3596//3884 2259//3884 3597//3884
f 3597//3885 2259//3885 2247//3885
f 3597//3886 2247//3886 3598//3886
f 3598//3887 2247//3887 3595//3887
f 3593//3889 2376//3889 2377//3889
f 3593//3890 2377//3890 3594//3890
f 3594//3891 2377//3891 2378//3891
f 3594//3892 2378//3892 3595//3892
f 3595//3893 2378//3893 2382//3893
f 3595//3894 2382//3894 3598//3894
f 3598//3895 2382//3895 2383//3895
f 3598//3896 2383//3896 3597//3896
f 3597//3897 2383//3897 2388//3897
f 3597//3898 2388//3898 3596//3898
f 3596//3899 2388//3899 2260//3899
f 3596//3900 2260//3900 2259//3900
f 2239//3901 2152//3901 2349//3901
f 2349//3902 2152//3902 3507//3902
f 2349//3903 3507//3903 2350//3903
f 2350//3904 3507//3904 2512//3904
f 2350//3905 2512//3905 2392//3905
f 2392//3906 2512//3906 2523//3906
f 2392//3907 2523//3907 2393//3907
f 2393//3908 2523//3908 2522//3908
f 2393//3909 2522//3909 2394//3909
f 2394//3910 2522//3910 2521//3910
f 2394//3911 2521//3911 3510//3911
f 3510//3912 2521//3912 2520//3912
f 3510//3913 2520//3913 2519//3913
f 2405//3914 2404//3914 3510//3914
f 3510//3915 2404//3915 2396//3915
f 3510//3916 2396//3916 2395//3916
f 2519//3917 2518//3917 3510//3917
f 3510//3918 2518//3918 3599//3918
f 3510//3919 3599//3919 2405//3919
f 2405//3920 3599//3920 2406//3920
f 3509//3921 2548//3921 2408//3921
f 2408//3922 2548//3922 2547//3922
f 2408//3923 2547//3923 2409//3923
f 2409//3924 2547//3924 3508//3924
f 2409//3925 3508//3925 2410//3925
f 2410//3926 3508//3926 2546//3926
f 2410//3927 2546//3927 2411//3927
f 3600//3928 2413//3928 2412//3928
f 3601//3929 3602//3929 2414//3929
f 2414//3930 3602//3930 3603//3930
f 2414//3931 3603//3931 2415//3931
f 2546//3932 2545//3932 2411//3932
f 2411//3933 2545//3933 2544//3933
f 2411//3934 2544//3934 2412//3934
f 2412//3935 2544//3935 2543//3935
f 2412//3936 2543//3936 3600//3936
f 3600//3937 2543//3937 3601//3937
f 3600//3938 3601//3938 2413//3938
f 2413//3939 3601//3939 2414//3939
f 2424//3940 2415//3940 2553//3940
f 2553//3941 2415//3941 3603//3941
f 2553//3942 3603//3942 2540//3942
f 2540//3943 3603//3943 3602//3943
f 2540//3944 3602//3944 2541//3944
f 2541//3945 3602//3945 3601//3945
f 2541//3946 3601//3946 2542//3946
f 2542//3947 3601//3947 2543//3947
f 2518//3948 2517//3948 3599//3948
f 3599//3949 2517//3949 2516//3949
f 3599//3950 2516//3950 2406//3950
f 2406//3951 2516//3951 2515//3951
f 2406//3952 2515//3952 3509//3952
f 3509//3953 2515//3953 2514//3953
f 3509//3954 2514//3954 2548//3954
f 3507//3955 3604//3955 2513//3955
f 2513//3956 3604//3956 2596//3956
f 2513//3957 2596//3957 3506//3957
f 3506//3958 2596//3958 2658//3958
f 3506//3959 2658//3959 2660//3959
f 2579//3960 3506//3960 2568//3960
f 2568//3961 3506//3961 2659//3961
f 2568//3962 2659//3962 2567//3962
f 2567//3963 2659//3963 2651//3963
f 2567//3964 2651//3964 2566//3964
f 2566//3965 2651//3965 2650//3965
f 2566//3966 2650//3966 2563//3966
f 2563//3967 2650//3967 3504//3967
f 2563//3968 3504//3968 2562//3968
f 2562//3969 3504//3969 2684//3969
f 2562//3970 2684//3970 2561//3970
f 2684//3971 2685//3971 2561//3971
f 2561//3972 2685//3972 2686//3972
f 2561//3973 2686//3973 2560//3973
f 2560//3974 2686//3974 2687//3974
f 2560//3975 2687//3975 2559//3975
f 2559//3976 2687//3976 2688//3976
f 2559//3977 2688//3977 2556//3977
f 2556//3978 2688//3978 3505//3978
f 3505//3979 2688//3979 2689//3979
f 3505//3980 2689//3980 2580//3980
f 2580//3981 2689//3981 2690//3981
f 2580//3982 2690//3982 2578//3982
f 2578//3983 2690//3983 2691//3983
f 2578//3984 2691//3984 2587//3984
f 2587//3985 2691//3985 2692//3985
f 2587//3986 2692//3986 2588//3986
f 2588//3987 2692//3987 2696//3987
f 2588//3988 2696//3988 2589//3988
f 2589//3989 2696//3989 2695//3989
f 2589//3990 2695//3990 2590//3990
f 2590//3991 3605//3991 2585//3991
f 2585//3992 3605//3992 3606//3992
f 2585//3993 3606//3993 2586//3993
f 2700//3994 2699//3994 3606//3994
f 3606//3995 2699//3995 3607//3995
f 3607//3996 2595//3996 3606//3996
f 3606//3997 2595//3997 2594//3997
f 3606//3998 2594//3998 2586//3998
f 2590//3999 2695//3999 3605//3999
f 3605//4000 2695//4000 2694//4000
f 3605//4001 2694//4001 3606//4001
f 3606//4002 2694//4002 2693//4002
f 3606//4003 2693//4003 2700//4003
f 2733//4004 2732//4004 3608//4004
f 3608//4005 2732//4005 2742//4005
f 2599//4006 2816//4006 2743//4006
f 2743//4007 2816//4007 2841//4007
f 2743//4008 2841//4008 2742//4008
f 2742//4009 2841//4009 2827//4009
f 2742//4010 2827//4010 3608//4010
f 3608//4011 2827//4011 2826//4011
f 3608//4012 2826//4012 2733//4012
f 2733//4013 2826//4013 2825//4013
f 2733//4014 2825//4014 2734//4014
f 2734//4015 2825//4015 2735//4015
f 2825//4016 2819//4016 2735//4016
f 2735//4017 2819//4017 2818//4017
f 2735//4018 2818//4018 3609//4018
f 2739//4019 2738//4019 3610//4019
f 3610//4020 2738//4020 2737//4020
f 3610//4021 2737//4021 3609//4021
f 3609//4022 2737//4022 2736//4022
f 3609//4023 2736//4023 2735//4023
f 2746//4024 2741//4024 3611//4024
f 3611//4025 2741//4025 2740//4025
f 3612//4026 2768//4026 2769//4026
f 2876//4027 2875//4027 3612//4027
f 3612//4028 2875//4028 2874//4028
f 3612//4029 2874//4029 2768//4029
f 2768//4030 2874//4030 2767//4030
f 2818//4031 2817//4031 3609//4031
f 3609//4032 2817//4032 2820//4032
f 3609//4033 2820//4033 3610//4033
f 3610//4034 2820//4034 2821//4034
f 3610//4035 2821//4035 2739//4035
f 2739//4036 2821//4036 2822//4036
f 2739//4037 2822//4037 2740//4037
f 2740//4038 2822//4038 2823//4038
f 2740//4039 2823//4039 3611//4039
f 3611//4040 2823//4040 2824//4040
f 3611//4041 2824//4041 2746//4041
f 2746//4042 2824//4042 2842//4042
f 2746//4043 2842//4043 2747//4043
f 2747//4044 2842//4044 2843//4044
f 2747//4045 2843//4045 2748//4045
f 2748//4046 2843//4046 2864//4046
f 2748//4047 2864//4047 2763//4047
f 2763//4048 2864//4048 2865//4048
f 2763//4049 2865//4049 2764//4049
f 2764//4050 2865//4050 2866//4050
f 2764//4051 2866//4051 2769//4051
f 2769//4052 2866//4052 3503//4052
f 2769//4053 3503//4053 3612//4053
f 3612//4054 3503//4054 2867//4054
f 3612//4055 2867//4055 2876//4055
f 2924//4056 2815//4056 3613//4056
f 3613//4057 2815//4057 2816//4057
f 3613//4058 2816//4058 3604//4058
f 3604//4059 2816//4059 2599//4059
f 3604//4060 2599//4060 2596//4060
f 2998//4061 2999//4061 2923//4061
f 2923//4062 2999//4062 2909//4062
f 2909//4063 2999//4063 3502//4063
f 3502//4064 2999//4064 2989//4064
f 3502//4065 2989//4065 2907//4065
f 2907//4066 2989//4066 2985//4066
f 2907//4067 2985//4067 2906//4067
f 2906//4068 2985//4068 2984//4068
f 2906//4069 2984//4069 2901//4069
f 2901//4070 3614//4070 2921//4070
f 2921//4071 3614//4071 3615//4071
f 2921//4072 3615//4072 2922//4072
f 3616//4073 3617//4073 2925//4073
f 2996//4074 2995//4074 2926//4074
f 2926//4075 2995//4075 2927//4075
f 2927//4076 2995//4076 3030//4076
f 2927//4077 3030//4077 2931//4077
f 3040//4078 3501//4078 3041//4078
f 3041//4079 3501//4079 2932//4079
f 3041//4080 2932//4080 3042//4080
f 3042//4081 2932//4081 2933//4081
f 3042//4082 2933//4082 3043//4082
f 3043//4083 2933//4083 2934//4083
f 3043//4084 2934//4084 3044//4084
f 3044//4085 2934//4085 2931//4085
f 3044//4086 2931//4086 3029//4086
f 3029//4087 2931//4087 3030//4087
f 3001//4088 3000//4088 3616//4088
f 3616//4089 3000//4089 2996//4089
f 3616//4090 2996//4090 3617//4090
f 3617//4091 2996//4091 2926//4091
f 3617//4092 2926//4092 2925//4092
f 2901//4093 2984//4093 3614//4093
f 3614//4094 2984//4094 2990//4094
f 3614//4095 2990//4095 3615//4095
f 2925//4096 2904//4096 3616//4096
f 3616//4097 2904//4097 2905//4097
f 3616//4098 2905//4098 3001//4098
f 3001//4099 2905//4099 2922//4099
f 3001//4100 2922//4100 3002//4100
f 3002//4101 2922//4101 3615//4101
f 3002//4102 3615//4102 2991//4102
f 2991//4103 3615//4103 2990//4103
f 2998//4104 2923//4104 2997//4104
f 2997//4105 2923//4105 2924//4105
f 2997//4106 2924//4106 3500//4106
f 3500//4107 2924//4107 3613//4107
f 3500//4108 3613//4108 2983//4108
f 2983//4109 3613//4109 3618//4109
f 2983//4110 3618//4110 2982//4110
f 3497//4111 3240//4111 3107//4111
f 3350//4112 3497//4112 3619//4112
f 3619//4113 3497//4113 3107//4113
f 3619//4114 3107//4114 3109//4114
f 3618//4115 3619//4115 2982//4115
f 2982//4116 3619//4116 3109//4116
f 2982//4117 3109//4117 3074//4117
f 3074//4118 3109//4118 3195//4118
f 3074//4119 3195//4119 3499//4119
f 3499//4120 3195//4120 3196//4120
f 3499//4121 3196//4121 3075//4121
f 3075//4122 3196//4122 3197//4122
f 3075//4123 3197//4123 3076//4123
f 3076//4124 3197//4124 3198//4124
f 3076//4125 3198//4125 3077//4125
f 3077//4126 3198//4126 3194//4126
f 3077//4127 3194//4127 3620//4127
f 3620//4128 3194//4128 3193//4128
f 3620//4129 3193//4129 3199//4129
f 3621//4130 3622//4130 3073//4130
f 3621//4131 3073//4131 3199//4131
f 3199//4132 3073//4132 3079//4132
f 3199//4133 3079//4133 3620//4133
f 3620//4134 3079//4134 3078//4134
f 3620//4135 3078//4135 3077//4135
f 3071//4136 3070//4136 3202//4136
f 3202//4137 3070//4137 3072//4137
f 3202//4138 3072//4138 3201//4138
f 3202//4139 3203//4139 3623//4139
f 3202//4140 3623//4140 3071//4140
f 3071//4141 3623//4141 3624//4141
f 3071//4142 3624//4142 3092//4142
f 3225//4143 3101//4143 3224//4143
f 3224//4144 3101//4144 3091//4144
f 3224//4145 3091//4145 3223//4145
f 3226//4146 3099//4146 3225//4146
f 3225//4147 3099//4147 3100//4147
f 3225//4148 3100//4148 3101//4148
f 3226//4149 3227//4149 3099//4149
f 3099//4150 3227//4150 3228//4150
f 3099//4151 3228//4151 3104//4151
f 3104//4152 3228//4152 3229//4152
f 3104//4153 3229//4153 3103//4153
f 3203//4154 3222//4154 3623//4154
f 3623//4155 3222//4155 3223//4155
f 3623//4156 3223//4156 3624//4156
f 3624//4157 3223//4157 3091//4157
f 3624//4158 3091//4158 3092//4158
f 3199//4159 3200//4159 3621//4159
f 3621//4160 3200//4160 3201//4160
f 3621//4161 3201//4161 3622//4161
f 3622//4162 3201//4162 3072//4162
f 3622//4163 3072//4163 3073//4163
f 3240//4164 3497//4164 3249//4164
f 3249//4165 3497//4165 3352//4165
f 3249//4166 3352//4166 3250//4166
f 3257//4167 3498//4167 3256//4167
f 3256//4168 3498//4168 3625//4168
f 3256//4169 3625//4169 3255//4169
f 3352//4170 3365//4170 3250//4170
f 3250//4171 3365//4171 3364//4171
f 3250//4172 3364//4172 3498//4172
f 3498//4173 3364//4173 3363//4173
f 3498//4174 3363//4174 3625//4174
f 3625//4175 3363//4175 3362//4175
f 3625//4176 3362//4176 3255//4176
f 3255//4177 3362//4177 3361//4177
f 3255//4178 3361//4178 3254//4178
f 3361//4179 3626//4179 3254//4179
f 3254//4180 3626//4180 3627//4180
f 3254//4181 3627//4181 3253//4181
f 3628//4182 3239//4182 3366//4182
f 3366//4183 3239//4183 3252//4183
f 3366//4184 3252//4184 3353//4184
f 3628//4185 3629//4185 3239//4185
f 3239//4186 3629//4186 3630//4186
f 3239//4187 3630//4187 3238//4187
f 3236//4188 3237//4188 3370//4188
f 3370//4189 3237//4189 3369//4189
f 3370//4190 3371//4190 3236//4190
f 3236//4191 3371//4191 3378//4191
f 3236//4192 3378//4192 3262//4192
f 3262//4193 3378//4193 3379//4193
f 3262//4194 3379//4194 3263//4194
f 3263//4195 3379//4195 3387//4195
f 3263//4196 3387//4196 3267//4196
f 3267//4197 3387//4197 3386//4197
f 3267//4198 3386//4198 3266//4198
f 3366//4199 3367//4199 3628//4199
f 3628//4200 3367//4200 3368//4200
f 3628//4201 3368//4201 3629//4201
f 3629//4202 3368//4202 3369//4202
f 3629//4203 3369//4203 3630//4203
f 3630//4204 3369//4204 3237//4204
f 3630//4205 3237//4205 3238//4205
f 3361//4206 3354//4206 3626//4206
f 3626//4207 3354//4207 3353//4207
f 3626//4208 3353//4208 3627//4208
f 3627//4209 3353//4209 3252//4209
f 3627//4210 3252//4210 3253//4210
f 3618//4211 3631//4211 3619//4211
f 3619//4212 3631//4212 3632//4212
f 3619//4213 3632//4213 3350//4213
f 3350//4214 3632//4214 3633//4214
f 3350//4215 3633//4215 3496//4215
f 3414//4216 3413//4216 3495//4216
f 3495//4217 3413//4217 3634//4217
f 3495//4218 3634//4218 3635//4218
f 3415//4219 3495//4219 3390//4219
f 3390//4220 3495//4220 3635//4220
f 3390//4221 3635//4221 3391//4221
f 3391//4222 3635//4222 3636//4222
f 3391//4223 3636//4223 3417//4223
f 3493//4224 3411//4224 3636//4224
f 3636//4225 3411//4225 3416//4225
f 3636//4226 3416//4226 3417//4226
f 3424//4227 3408//4227 3637//4227
f 3637//4228 3408//4228 3409//4228
f 3637//4229 3409//4229 3494//4229
f 3494//4230 3409//4230 3410//4230
f 3494//4231 3410//4231 3411//4231
f 3637//4232 3638//4232 3424//4232
f 3424//4233 3638//4233 3639//4233
f 3424//4234 3639//4234 3423//4234
f 3423//4235 3639//4235 3640//4235
f 3423//4236 3640//4236 3422//4236
f 3640//4237 3641//4237 3642//4237
f 3422//4238 3640//4238 3421//4238
f 3421//4239 3640//4239 3642//4239
f 3421//4240 3642//4240 3420//4240
f 3402//4241 3643//4241 3398//4241
f 3398//4242 3643//4242 3644//4242
f 3398//4243 3644//4243 3412//4243
f 3412//4244 3644//4244 3645//4244
f 3412//4245 3645//4245 3413//4245
f 3413//4246 3645//4246 3646//4246
f 3413//4247 3646//4247 3634//4247
f 3634//4248 3646//4248 3647//4248
f 3634//4249 3647//4249 3635//4249
f 3496//4250 3491//4250 3351//4250
f 3351//4251 3491//4251 3490//4251
f 3351//4252 3490//4252 3402//4252
f 3402//4253 3490//4253 3648//4253
f 3402//4254 3648//4254 3643//4254
f 3643//4255 3648//4255 3649//4255
f 3643//4256 3649//4256 3644//4256
f 3644//4257 3649//4257 3650//4257
f 3644//4258 3650//4258 3645//4258
f 3487//4259 3651//4259 3507//4259
f 3507//4260 3651//4260 3652//4260
f 3507//4261 3652//4261 3604//4261
f 3604//4262 3652//4262 3653//4262
f 3604//4263 3653//4263 3613//4263
f 3613//4264 3653//4264 3654//4264
f 3613//4265 3654//4265 3618//4265
f 3655//4266 3656//4266 3657//4266
f 3657//4267 3656//4267 3658//4267
f 3657//4268 3658//4268 3659//4268
f 3659//4269 3658//4269 3660//4269
f 3659//4270 3660//4270 3661//4270
f 3661//4271 3660//4271 3662//4271
f 3661//4272 3662//4272 3663//4272
f 3663//4273 3662//4273 3664//4273
f 3663//4274 3664//4274 3665//4274
f 3665//4275 3664//4275 3666//4275
f 3665//4276 3666//4276 3667//4276
f 3484//4277 3483//4277 3668//4277
f 3669//4278 3667//4278 3668//4278
f 3668//4279 3667//4279 3666//4279
f 3668//4280 3666//4280 3484//4280
f 3484//4281 3666//4281 3664//4281
f 3484//4282 3664//4282 3475//4282
f 3475//4283 3664//4283 3476//4283
f 3476//4284 3664//4284 3662//4284
f 3476//4285 3662//4285 3477//4285
f 2001//4286 2000//4286 3488//4286
f 3488//4287 2000//4287 3573//4287
f 3488//4288 3573//4288 3489//4288
f 3489//4289 3573//4289 3575//4289
f 3489//4290 3575//4290 3670//4290
f 3670//4291 3575//4291 3553//4291
f 3670//4292 3553//4292 3671//4292
f 3671//4293 3553//4293 3554//4293
f 3671//4294 3554//4294 3672//4294
f 3672//4295 3554//4295 3528//4295
f 3672//4296 3528//4296 3673//4296
f 3673//4297 3528//4297 1444//4297
f 3673//4298 1444//4298 3674//4298
f 3674//4299 1444//4299 1442//4299
f 3674//4300 1442//4300 3539//4300
f 3539//4301 1442//4301 3540//4301
f 3539//4302 3540//4302 1440//4302
f 1440//4303 3540//4303 1439//4303
f 3477//4304 3662//4304 3486//4304
f 3486//4305 3662//4305 3660//4305
f 3486//4306 3660//4306 3456//4306
f 3456//4307 3660//4307 3658//4307
f 3456//4308 3658//4308 3532//4308
f 3532//4309 3658//4309 3656//4309
f 3532//4310 3656//4310 3538//4310
f 3538//4311 3656//4311 3655//4311
f 3538//4312 3655//4312 3539//4312
f 3539//4313 3655//4313 3675//4313
f 3539//4314 3675//4314 3674//4314
f 3674//4315 3675//4315 3676//4315
f 3674//4316 3676//4316 3673//4316
f 3673//4317 3676//4317 3677//4317
f 3673//4318 3677//4318 3672//4318
f 3672//4319 3677//4319 3678//4319
f 3672//4320 3678//4320 3671//4320
f 3682//4322 3683//4322 3684//4322
f 3685//4323 3686//4323 3687//4323
f 3688//4324 3689//4324 3690//4324
f 3691//4325 3692//4325 3693//4325
f 3697//4327 3698//4327 3699//4327
f 3700//4328 3701//4328 3702//4328
f 3701//4329 3703//4329 3704//4329
f 3700//4330 3702//4330 3705//4330
f 3701//4331 3704//4331 3702//4331
f 3702//4332 3704//4332 3693//4332
f 3702//4333 3693//4333 3705//4333
f 3705//4334 3693//4334 3692//4334
f 3705//4335 3692//4335 3706//4335
f 3708//4337 3697//4337 3699//4337
f 3708//4338 3699//4338 3709//4338
f 3709//4339 3699//4339 3710//4339
f 3709//4340 3710//4340 3696//4340
f 3696//4341 3710//4341 3711//4341
f 3698//4344 3713//4344 3699//4344
f 3699//4345 3713//4345 3714//4345
f 3699//4346 3714//4346 3710//4346
f 3710//4347 3714//4347 3715//4347
f 3710//4348 3715//4348 3711//4348
f 3696//4350 3691//4350 3693//4350
f 3696//4351 3693//4351 3709//4351
f 3709//4352 3693//4352 3704//4352
f 3709//4353 3704//4353 3708//4353
f 3708//4354 3704//4354 3703//4354
f 3708//4355 3703//4355 3707//4355
f 3690//4356 3689//4356 3716//4356
f 3716//4357 3689//4357 3717//4357
f 3716//4358 3717//4358 3713//4358
f 3718//4359 3686//4359 3719//4359
f 3719//4360 3686//4360 3685//4360
f 3719//4361 3685//4361 3720//4361
f 3721//4362 3717//4362 3722//4362
f 3722//4363 3717//4363 3689//4363
f 3722//4364 3689//4364 3723//4364
f 3723//4365 3689//4365 3688//4365
f 3723//4366 3688//4366 3724//4366
f 3725//4368 3687//4368 3686//4368
f 3725//4369 3686//4369 3726//4369
f 3726//4370 3686//4370 3718//4370
f 3726//4371 3718//4371 3727//4371
f 3690//4372 3728//4372 3688//4372
f 3688//4373 3728//4373 3729//4373
f 3688//4374 3729//4374 3724//4374
f 3724//4375 3729//4375 3730//4375
f 3680//4387 3725//4387 3726//4387
f 3680//4388 3726//4388 3743//4388
f 3743//4389 3726//4389 3727//4389
f 3743//4390 3727//4390 3744//4390
f 3745//4391 3746//4391 3747//4391
f 3747//4392 3746//4392 3748//4392
f 3747//4393 3748//4393 3749//4393
f 3748//4394 3750//4394 3749//4394
f 3749//4395 3750//4395 3751//4395
f 3749//4396 3751//4396 3752//4396
f 3752//4397 3751//4397 3753//4397
f 3754//4398 3755//4398 3756//4398
f 3757//4399 3758//4399 3759//4399
f 3759//4400 3758//4400 3760//4400
f 3759//4401 3760//4401 3761//4401
f 3762//4402 3760//4402 3763//4402
f 3763//4403 3760//4403 3758//4403
f 3763//4404 3758//4404 3764//4404
f 3764//4405 3758//4405 3757//4405
f 3764//4406 3757//4406 3765//4406
f 3753//4407 3766//4407 3752//4407
f 3752//4408 3766//4408 3754//4408
f 3752//4409 3754//4409 3767//4409
f 3767//4410 3754//4410 3756//4410
f 3767//4411 3756//4411 3768//4411
f 3768//4412 3756//4412 3769//4412
f 3768//4413 3769//4413 3770//4413
f 3770//4414 3769//4414 3771//4414
f 3755//4415 3765//4415 3756//4415
f 3756//4416 3765//4416 3757//4416
f 3756//4417 3757//4417 3769//4417
f 3769//4418 3757//4418 3759//4418
f 3769//4419 3759//4419 3771//4419
f 3771//4420 3759//4420 3761//4420
f 3772//4421 3773//4421 3682//4421
f 3682//4422 3773//4422 3774//4422
f 3682//4423 3774//4423 3683//4423
f 3775//4424 3776//4424 3777//4424
f 3778//4425 3779//4425 3780//4425
f 3777//4426 3781//4426 3775//4426
f 3775//4427 3781//4427 3782//4427
f 3775//4428 3782//4428 3745//4428
f 3745//4429 3782//4429 3783//4429
f 3745//4430 3783//4430 3746//4430
f 3779//4431 3778//4431 3684//4431
f 3684//4432 3778//4432 3784//4432
f 3684//4433 3784//4433 3682//4433
f 3682//4434 3784//4434 3785//4434
f 3682//4435 3785//4435 3772//4435
f 3786//4436 3772//4436 3787//4436
f 3787//4437 3772//4437 3785//4437
f 3787//4438 3785//4438 3788//4438
f 3788//4439 3785//4439 3784//4439
f 3788//4440 3784//4440 3789//4440
f 3789//4441 3784//4441 3778//4441
f 3789//4442 3778//4442 3790//4442
f 3790//4443 3778//4443 3791//4443
f 3790//4444 3791//4444 3792//4444
f 3792//4445 3791//4445 3793//4445
f 3792//4446 3793//4446 3794//4446
f 3794//4447 3793//4447 3795//4447
f 3794//4448 3795//4448 3796//4448
f 3796//4449 3795//4449 3797//4449
f 3796//4450 3797//4450 3798//4450
f 3798//4451 3797//4451 3799//4451
f 3798//4452 3799//4452 3800//4452
f 3800//4453 3799//4453 3801//4453
f 3800//4454 3801//4454 3802//4454
f 3802//4455 3801//4455 3803//4455
f 3802//4456 3803//4456 3804//4456
f 3780//4457 3777//4457 3778//4457
f 3778//4458 3777//4458 3776//4458
f 3778//4459 3776//4459 3791//4459
f 3791//4460 3776//4460 3775//4460
f 3791//4461 3775//4461 3793//4461
f 3793//4462 3775//4462 3745//4462
f 3793//4463 3745//4463 3795//4463
f 3795//4464 3745//4464 3747//4464
f 3795//4465 3747//4465 3797//4465
f 3797//4466 3747//4466 3749//4466
f 3797//4467 3749//4467 3799//4467
f 3799//4468 3749//4468 3752//4468
f 3799//4469 3752//4469 3801//4469
f 3801//4470 3752//4470 3767//4470
f 3801//4471 3767//4471 3803//4471
f 3803//4472 3767//4472 3768//4472
f 3803//4473 3768//4473 3804//4473
f 3804//4474 3768//4474 3770//4474
f 3728//4475 3720//4475 3729//4475
f 3729//4476 3720//4476 3685//4476
f 3729//4477 3685//4477 3730//4477
f 3730//4478 3685//4478 3687//4478
f 3713//4496 3717//4496 3714//4496
f 3714//4497 3717//4497 3721//4497
f 3714//4498 3721//4498 3715//4498
f 3715//4500 3806//4500 3711//4500
f 3761//4503 3744//4503 3771//4503
f 3771//4504 3744//4504 3727//4504
f 3771//4505 3727//4505 3770//4505
f 3770//4506 3727//4506 3718//4506
f 3770//4507 3718//4507 3804//4507
f 3804//4508 3718//4508 3719//4508
f 3804//4509 3719//4509 3802//4509
f 3802//4510 3719//4510 3720//4510
f 3802//4511 3720//4511 3800//4511
f 3800//4512 3720//4512 3728//4512
f 3800//4513 3728//4513 3798//4513
f 3798//4514 3728//4514 3690//4514
f 3798//4515 3690//4515 3796//4515
f 3796//4516 3690//4516 3716//4516
f 3796//4517 3716//4517 3794//4517
f 3794//4518 3716//4518 3713//4518
f 3794//4519 3713//4519 3792//4519
f 3792//4520 3713//4520 3698//4520
f 3792//4521 3698//4521 3790//4521
f 3790//4522 3698//4522 3697//4522
f 3790//4523 3697//4523 3789//4523
f 3789//4524 3697//4524 3707//4524
f 3789//4525 3707//4525 3788//4525
f 3788//4526 3707//4526 3703//4526
f 3788//4527 3703//4527 3787//4527
f 3787//4528 3703//4528 3701//4528
f 3787//4529 3701//4529 3786//4529
f 3786//4530 3701//4530 3700//4530
f 3810//4532 3680//4532 3743//4532
f 3810//4532 3743//4532 3811//4532
f 3811//4533 3743//4533 3812//4533
f 3812//4533 3743//4533 3744//4533
f 3812//4534 3744//4534 3813//4534
f 3744//4534 3761//4534 3813//4534
f 3813//4535 3761//4535 3760//4535
f 3813//4536 3760//4536 3814//4536
f 3814//4537 3760//4537 3762//4537
f 3814//4537 3762//4537 3815//4537
f 3819//4539 3814//4539 3820//4539
f 3821//4540 3822//4540 3823//4540
f 3827//4542 3828//4542 3829//4542
f 3829//4543 3828//4543 3830//4543
f 3829//4544 3830//4544 3831//4544
f 3831//4545 3830//4545 3832//4545
f 3831//4546 3832//4546 3833//4546
f 3833//4547 3832//4547 3834//4547
f 3833//4548 3834//4548 3812//4548
f 3812//4549 3834//4549 3811//4549
f 3828//4554 3841//4554 3830//4554
f 3830//4555 3841//4555 3842//4555
f 3830//4556 3842//4556 3832//4556
f 3832//4557 3842//4557 3843//4557
f 3832//4558 3843//4558 3834//4558
f 3834//4559 3843//4559 3844//4559
f 3834//4560 3844//4560 3811//4560
f 3811//4561 3844//4561 3810//4561
f 3827//4562 3845//4562 3846//4562
f 3827//4563 3846//4563 3828//4563
f 3828//4564 3846//4564 3847//4564
f 3828//4565 3847//4565 3841//4565
f 3849//4576 3850//4576 3851//4576
f 3851//4577 3850//4577 3852//4577
f 3851//4578 3852//4578 3853//4578
f 3853//4579 3852//4579 3854//4579
f 3853//4580 3854//4580 3845//4580
f 3850//4584 3858//4584 3852//4584
f 3852//4585 3858//4585 3826//4585
f 3852//4586 3826//4586 3854//4586
f 3854//4587 3826//4587 3825//4587
f 3845//4588 3854//4588 3846//4588
f 3846//4589 3854//4589 3825//4589
f 3846//4590 3825//4590 3847//4590
f 3860//4597 3861//4597 3862//4597
f 3863//4598 3864//4598 3865//4598
f 3865//4599 3864//4599 3862//4599
f 3865//4600 3862//4600 3866//4600
f 3866//4601 3862//4601 3861//4601
f 3866//4602 3861//4602 3867//4602
f 3871//4604 3872//4604 3865//4604
f 3865//4605 3872//4605 3873//4605
f 3865//4606 3873//4606 3863//4606
f 3860//4608 3862//4608 3875//4608
f 3875//4609 3862//4609 3864//4609
f 3875//4610 3864//4610 3876//4610
f 3876//4611 3864//4611 3863//4611
f 3822//4615 3877//4615 3823//4615
f 3823//4616 3877//4616 3878//4616
f 3823//4617 3878//4617 3879//4617
f 3879//4618 3878//4618 3880//4618
f 3879//4619 3880//4619 3881//4619
f 3882//4620 3883//4620 3884//4620
f 3883//4621 3885//4621 3886//4621
f 3886//4622 3867//4622 3887//4622
f 3887//4623 3867//4623 3861//4623
f 3887//4624 3861//4624 3888//4624
f 3888//4625 3861//4625 3860//4625
f 3888//4626 3860//4626 3889//4626
f 3889//4627 3860//4627 3875//4627
f 3889//4628 3875//4628 3890//4628
f 3890//4629 3875//4629 3876//4629
f 3890//4630 3876//4630 3891//4630
f 3892//4635 3893//4635 3894//4635
f 3894//4636 3893//4636 3895//4636
f 3894//4637 3895//4637 3896//4637
f 3896//4638 3895//4638 3820//4638
f 3896//4639 3820//4639 3815//4639
f 3815//4640 3820//4640 3814//4640
f 3897//4641 3898//4641 3899//4641
f 3899//4642 3898//4642 3900//4642
f 3899//4643 3900//4643 3901//4643
f 3901//4644 3900//4644 3902//4644
f 3901//4645 3902//4645 3903//4645
f 3903//4646 3902//4646 3904//4646
f 3903//4647 3904//4647 3905//4647
f 3905//4648 3904//4648 3906//4648
f 3906//4649 3904//4649 3907//4649
f 3906//4650 3907//4650 3823//4650
f 3823//4651 3907//4651 3908//4651
f 3823//4652 3908//4652 3821//4652
f 3819//4653 3820//4653 3909//4653
f 3909//4654 3820//4654 3895//4654
f 3909//4655 3895//4655 3910//4655
f 3910//4656 3895//4656 3893//4656
f 3910//4657 3893//4657 3911//4657
f 3813//4658 3814//4658 3912//4658
f 3912//4659 3814//4659 3819//4659
f 3912//4660 3819//4660 3913//4660
f 3913//4661 3819//4661 3909//4661
f 3913//4662 3909//4662 3914//4662
f 3914//4663 3909//4663 3910//4663
f 3914//4664 3910//4664 3915//4664
f 3915//4665 3910//4665 3911//4665
f 3915//4666 3911//4666 3916//4666
f 3916//4667 3911//4667 3917//4667
f 3916//4668 3917//4668 3918//4668
f 3918//4669 3917//4669 3919//4669
f 3918//4670 3919//4670 3920//4670
f 3920//4671 3919//4671 3921//4671
f 3920//4672 3921//4672 3922//4672
f 3922//4673 3921//4673 3923//4673
f 3922//4674 3923//4674 3924//4674
f 3892//4675 3897//4675 3893//4675
f 3893//4676 3897//4676 3899//4676
f 3893//4677 3899//4677 3911//4677
f 3911//4678 3899//4678 3901//4678
f 3911//4679 3901//4679 3917//4679
f 3917//4680 3901//4680 3903//4680
f 3917//4681 3903//4681 3919//4681
f 3919//4682 3903//4682 3905//4682
f 3919//4683 3905//4683 3921//4683
f 3921//4684 3905//4684 3906//4684
f 3921//4685 3906//4685 3923//4685
f 3923//4686 3906//4686 3823//4686
f 3923//4687 3823//4687 3924//4687
f 3924//4688 3823//4688 3879//4688
f 3886//4689 3885//4689 3867//4689
f 3867//4690 3885//4690 3925//4690
f 3867//4691 3925//4691 3866//4691
f 3866//4692 3925//4692 3926//4692
f 3866//4693 3926//4693 3865//4693
f 3865//4694 3926//4694 3927//4694
f 3865//4695 3927//4695 3871//4695
f 3884//4696 3883//4696 3928//4696
f 3928//4697 3883//4697 3886//4697
f 3928//4698 3886//4698 3929//4698
f 3929//4699 3886//4699 3887//4699
f 3929//4700 3887//4700 3930//4700
f 3930//4701 3887//4701 3888//4701
f 3930//4702 3888//4702 3931//4702
f 3931//4703 3888//4703 3889//4703
f 3931//4704 3889//4704 3849//4704
f 3849//4705 3889//4705 3890//4705
f 3849//4706 3890//4706 3850//4706
f 3850//4707 3890//4707 3891//4707
f 3850//4708 3891//4708 3858//4708
f 3812//4715 3813//4715 3833//4715
f 3833//4716 3813//4716 3912//4716
f 3833//4717 3912//4717 3831//4717
f 3831//4718 3912//4718 3913//4718
f 3831//4719 3913//4719 3829//4719
f 3829//4720 3913//4720 3914//4720
f 3829//4721 3914//4721 3827//4721
f 3827//4722 3914//4722 3915//4722
f 3827//4723 3915//4723 3845//4723
f 3845//4724 3915//4724 3916//4724
f 3845//4725 3916//4725 3853//4725
f 3853//4726 3916//4726 3918//4726
f 3853//4727 3918//4727 3851//4727
f 3851//4728 3918//4728 3920//4728
f 3851//4729 3920//4729 3849//4729
f 3849//4730 3920//4730 3922//4730
f 3849//4731 3922//4731 3931//4731
f 3931//4732 3922//4732 3924//4732
f 3931//4733 3924//4733 3930//4733
f 3930//4734 3924//4734 3879//4734
f 3930//4735 3879//4735 3929//4735
f 3929//4736 3879//4736 3881//4736
f 3929//4737 3881//4737 3928//4737
f 3928//4738 3881//4738 3933//4738
f 3928//4739 3933//4739 3884//4739
f 3884//4740 3933//4740 3934//4740
f 3884//4741 3934//4741 3882//4741
f 3885//4742 3883//4742 3935//4742
f 3936//4743 3937//4743 3938//4743
f 3935//4744 3939//4744 3937//4744
f 3939//4745 3935//4745 3940//4745
f 3940//4746 3935//4746 3883//4746
f 3940//4747 3883//4747 3882//4747
f 3927//4748 3941//4748 3942//4748
f 3942//4749 3941//4749 3943//4749
f 3942//4750 3943//4750 3944//4750
f 3944//4751 3943//4751 3945//4751
f 3944//4752 3945//4752 3946//4752
f 3936//4753 3938//4753 3947//4753
f 3947//4754 3938//4754 3496//4754
f 3947//4755 3496//4755 3948//4755
f 3949//4756 3950//4756 3951//4756
f 3951//4757 3950//4757 3952//4757
f 3952//4758 3936//4758 3951//4758
f 3951//4759 3936//4759 3947//4759
f 3951//4760 3947//4760 3953//4760
f 3953//4761 3947//4761 3948//4761
f 3953//4762 3948//4762 3954//4762
f 3955//4763 3956//4763 3945//4763
f 3945//4765 3957//4765 3946//4765
f 3937//4766 3936//4766 3935//4766
f 3935//4767 3936//4767 3952//4767
f 3935//4768 3952//4768 3885//4768
f 3885//4769 3952//4769 3950//4769
f 3885//4770 3950//4770 3925//4770
f 3925//4771 3950//4771 3949//4771
f 3925//4772 3949//4772 3926//4772
f 3927//4773 3926//4773 3941//4773
f 3941//4774 3926//4774 3949//4774
f 3941//4775 3949//4775 3943//4775
f 3943//4776 3949//4776 3951//4776
f 3943//4777 3951//4777 3945//4777
f 3945//4778 3951//4778 3953//4778
f 3945//4779 3953//4779 3955//4779
f 3955//4780 3953//4780 3954//4780
f 3667//4781 3669//4781 3958//4781
f 3959//4782 3948//4782 3496//4782
f 3960//4783 3954//4783 3948//4783
f 3961//4784 3956//4784 3955//4784
f 3962//4785 3655//4785 3963//4785
f 3963//4786 3655//4786 3657//4786
f 3963//4787 3657//4787 3964//4787
f 3964//4788 3657//4788 3659//4788
f 3964//4789 3659//4789 3965//4789
f 3965//4790 3659//4790 3661//4790
f 3965//4791 3661//4791 3966//4791
f 3966//4792 3661//4792 3663//4792
f 3966//4793 3663//4793 3967//4793
f 3967//4794 3663//4794 3665//4794
f 3967//4795 3665//4795 3968//4795
f 3968//4796 3665//4796 3667//4796
f 3968//4797 3667//4797 3969//4797
f 3969//4798 3667//4798 3958//4798
f 3969//4799 3958//4799 3970//4799
f 3618//4800 3654//4800 3971//4800
f 3971//4801 3654//4801 3653//4801
f 3971//4802 3653//4802 3972//4802
f 3972//4803 3653//4803 3652//4803
f 3972//4804 3652//4804 3973//4804
f 3973//4805 3652//4805 3651//4805
f 3973//4806 3651//4806 3974//4806
f 3974//4807 3651//4807 3487//4807
f 3974//4808 3487//4808 3975//4808
f 3975//4809 3487//4809 3489//4809
f 3975//4810 3489//4810 3976//4810
f 3976//4811 3489//4811 3670//4811
f 3976//4812 3670//4812 3977//4812
f 3977//4813 3670//4813 3671//4813
f 3977//4814 3671//4814 3978//4814
f 3978//4815 3671//4815 3678//4815
f 3978//4816 3678//4816 3979//4816
f 3979//4817 3678//4817 3677//4817
f 3979//4818 3677//4818 3980//4818
f 3980//4819 3677//4819 3676//4819
f 3980//4820 3676//4820 3962//4820
f 3962//4821 3676//4821 3675//4821
f 3962//4822 3675//4822 3655//4822
f 3981//4823 3982//4823 3983//4823
f 3983//4824 3982//4824 3984//4824
f 3983//4825 3984//4825 3985//4825
f 3985//4826 3984//4826 3986//4826
f 3985//4827 3986//4827 3987//4827
f 3987//4828 3986//4828 3988//4828
f 3987//4829 3988//4829 3989//4829
f 3989//4830 3988//4830 3990//4830
f 3989//4831 3990//4831 3991//4831
f 3991//4832 3990//4832 3992//4832
f 3991//4833 3992//4833 3993//4833
f 3993//4834 3992//4834 3994//4834
f 3993//4835 3994//4835 3995//4835
f 3995//4836 3994//4836 3996//4836
f 3995//4837 3996//4837 3997//4837
f 3997//4838 3996//4838 3998//4838
f 3997//4839 3998//4839 3999//4839
f 3999//4840 3998//4840 4000//4840
f 3999//4841 4000//4841 4001//4841
f 4001//4842 4000//4842 4002//4842
f 4001//4843 4002//4843 4003//4843
f 4003//4844 4002//4844 4004//4844
f 4003//4845 4004//4845 4005//4845
f 4005//4845 4004//4845 4006//4845
f 4005//4846 4006//4846 4007//4846
f 4007//4847 4006//4847 4008//4847
f 4007//4848 4008//4848 4009//4848
f 4009//4849 4008//4849 4010//4849
f 4009//4850 4010//4850 4011//4850
f 4011//4851 4010//4851 4012//4851
f 4011//4852 4012//4852 4013//4852
f 4013//4853 4012//4853 4014//4853
f 4013//4854 4014//4854 4015//4854
f 4015//4855 4014//4855 4016//4855
f 4015//4856 4016//4856 4017//4856
f 4017//4857 4016//4857 3961//4857
f 4017//4858 3961//4858 4018//4858
f 4018//4859 3961//4859 3955//4859
f 4018//4860 3955//4860 3954//4860
f 3954//4861 3960//4861 4018//4861
f 4018//4862 3960//4862 4019//4862
f 4018//4863 4019//4863 4017//4863
f 4017//4864 4019//4864 4020//4864
f 4017//4865 4020//4865 4015//4865
f 4015//4866 4020//4866 4021//4866
f 4015//4867 4021//4867 4013//4867
f 4013//4868 4021//4868 4022//4868
f 4013//4869 4022//4869 4011//4869
f 4011//4870 4022//4870 4023//4870
f 4011//4871 4023//4871 4009//4871
f 4009//4872 4023//4872 4024//4872
f 4009//4873 4024//4873 4007//4873
f 4007//4874 4024//4874 4025//4874
f 4007//4875 4025//4875 4005//4875
f 4005//4876 4025//4876 4026//4876
f 4005//4877 4026//4877 4003//4877
f 4003//4878 4026//4878 4027//4878
f 4003//4879 4027//4879 4001//4879
f 4001//4880 4027//4880 4028//4880
f 4001//4881 4028//4881 3999//4881
f 3999//4882 4028//4882 4029//4882
f 3999//4883 4029//4883 3997//4883
f 3997//4884 4029//4884 4030//4884
f 3997//4885 4030//4885 3995//4885
f 3995//4886 4030//4886 4031//4886
f 3995//4887 4031//4887 3993//4887
f 3993//4888 4031//4888 4032//4888
f 3993//4889 4032//4889 3991//4889
f 3991//4890 4032//4890 4033//4890
f 3991//4891 4033//4891 3989//4891
f 3989//4892 4033//4892 4034//4892
f 3989//4893 4034//4893 3987//4893
f 3987//4894 4034//4894 4035//4894
f 3987//4895 4035//4895 3985//4895
f 3985//4896 4035//4896 4036//4896
f 3985//4897 4036//4897 3983//4897
f 3983//4898 4036//4898 4037//4898
f 3983//4899 4037//4899 3981//4899
f 3948//4900 3959//4900 3960//4900
f 3960//4901 3959//4901 3971//4901
f 3960//4902 3971//4902 4019//4902
f 4019//4903 3971//4903 3972//4903
f 4019//4904 3972//4904 4020//4904
f 4020//4905 3972//4905 3973//4905
f 4020//4906 3973//4906 4021//4906
f 4021//4907 3973//4907 3974//4907
f 4021//4908 3974//4908 4022//4908
f 4022//4909 3974//4909 3975//4909
f 4022//4910 3975//4910 4023//4910
f 4023//4911 3975//4911 3976//4911
f 4023//4912 3976//4912 4024//4912
f 4024//4913 3976//4913 3977//4913
f 4024//4914 3977//4914 4025//4914
f 4025//4915 3977//4915 3978//4915
f 4025//4916 3978//4916 4026//4916
f 4026//4917 3978//4917 3979//4917
f 4026//4918 3979//4918 4027//4918
f 4027//4919 3979//4919 3980//4919
f 4027//4920 3980//4920 4028//4920
f 4028//4921 3980//4921 3962//4921
f 4028//4922 3962//4922 4029//4922
f 4029//4923 3962//4923 3963//4923
f 4029//4924 3963//4924 4030//4924
f 4030//4925 3963//4925 3964//4925
f 4030//4926 3964//4926 4031//4926
f 4031//4927 3964//4927 3965//4927
f 4031//4928 3965//4928 4032//4928
f 4032//4929 3965//4929 3966//4929
f 4032//4930 3966//4930 4033//4930
f 4033//4931 3966//4931 3967//4931
f 4033//4932 3967//4932 4034//4932
f 4034//4933 3967//4933 3968//4933
f 4034//4934 3968//4934 4035//4934
f 4035//4935 3968//4935 3969//4935
f 4035//4936 3969//4936 4036//4936
f 4036//4937 3969//4937 3970//4937
f 4036//4938 3970//4938 4037//4938
f 3496//4939 3633//4939 3959//4939
f 3959//4940 3633//4940 3632//4940
f 3959//4941 3632//4941 3971//4941
f 3971//4942 3632//4942 3631//4942
f 3971//4943 3631//4943 3618//4943
f 4038//4944 4039//4944 4040//4944
f 4041//4945 4042//4945 4039//4945
f 4042//4946 4043//4946 4044//4946
f 4044//4947 4043//4947 4045//4947
f 4044//4948 4045//4948 4046//4948
f 3958//4949 3669//4949 4047//4949
f 3958//4950 4047//4950 4048//4950
f 4048//4951 4047//4951 4049//4951
f 4048//4952 4049//4952 4050//4952
f 4050//4953 4049//4953 4051//4953
f 4050//4954 4051//4954 4052//4954
f 4052//4955 4051//4955 4053//4955
f 4052//4956 4053//4956 4054//4956
f 4054//4957 4053//4957 4055//4957
f 4054//4958 4055//4958 4056//4958
f 4056//4959 4055//4959 4057//4959
f 4056//4960 4057//4960 4058//4960
f 4058//4961 4057//4961 4059//4961
f 4058//4962 4059//4962 4060//4962
f 4060//4963 4059//4963 4061//4963
f 4060//4964 4061//4964 4062//4964
f 4062//4965 4061//4965 4063//4965
f 4062//4966 4063//4966 4064//4966
f 4064//4967 4063//4967 4065//4967
f 4064//4968 4065//4968 4066//4968
f 4066//4969 4065//4969 4067//4969
f 4066//4970 4067//4970 4068//4970
f 4068//4971 4067//4971 4069//4971
f 4068//4972 4069//4972 4070//4972
f 4070//4973 4069//4973 4071//4973
f 4070//4974 4071//4974 4072//4974
f 4072//4975 4071//4975 4073//4975
f 4072//4976 4073//4976 4074//4976
f 4074//4977 4073//4977 4075//4977
f 4074//4978 4075//4978 4076//4978
f 4076//4979 4075//4979 4077//4979
f 4076//4980 4077//4980 4078//4980
f 4078//4981 4077//4981 4079//4981
f 4078//4982 4079//4982 4080//4982
f 4080//4983 4079//4983 4081//4983
f 4080//4984 4081//4984 4082//4984
f 4081//4985 4083//4985 4082//4985
f 4082//4986 4083//4986 4084//4986
f 4082//4987 4084//4987 4043//4987
f 4043//4988 4084//4988 4085//4988
f 4043//4989 4085//4989 4045//4989
f 4042//4990 4041//4990 4043//4990
f 4043//4991 4041//4991 4086//4991
f 4043//4992 4086//4992 4082//4992
f 4082//4993 4086//4993 4087//4993
f 4082//4994 4087//4994 4080//4994
f 4080//4995 4087//4995 4088//4995
f 4080//4996 4088//4996 4078//4996
f 4078//4997 4088//4997 4089//4997
f 4078//4998 4089//4998 4076//4998
f 4076//4999 4089//4999 4090//4999
f 4076//5000 4090//5000 4074//5000
f 4074//5001 4090//5001 4091//5001
f 4074//5002 4091//5002 4072//5002
f 4072//5003 4091//5003 4092//5003
f 4072//5004 4092//5004 4070//5004
f 4070//5005 4092//5005 4093//5005
f 4070//5006 4093//5006 4068//5006
f 4068//5007 4093//5007 4094//5007
f 4068//5008 4094//5008 4066//5008
f 4066//5009 4094//5009 4095//5009
f 4066//5010 4095//5010 4064//5010
f 4064//5011 4095//5011 4096//5011
f 4064//5012 4096//5012 4062//5012
f 4062//5013 4096//5013 4097//5013
f 4062//5014 4097//5014 4060//5014
f 4060//5015 4097//5015 4098//5015
f 4060//5016 4098//5016 4058//5016
f 4058//5017 4098//5017 4099//5017
f 4058//5018 4099//5018 4056//5018
f 4056//5019 4099//5019 4100//5019
f 4056//5020 4100//5020 4054//5020
f 4054//5021 4100//5021 4101//5021
f 4054//5022 4101//5022 4052//5022
f 4052//5023 4101//5023 4102//5023
f 4052//5024 4102//5024 4050//5024
f 4050//5025 4102//5025 4103//5025
f 4050//5026 4103//5026 4048//5026
f 4048//5027 4103//5027 3970//5027
f 4048//5028 3970//5028 3958//5028
f 4039//5029 4038//5029 4041//5029
f 4041//5030 4038//5030 4104//5030
f 4041//5031 4104//5031 4086//5031
f 4086//5032 4104//5032 4105//5032
f 4086//5033 4105//5033 4087//5033
f 4087//5034 4105//5034 4106//5034
f 4087//5035 4106//5035 4088//5035
f 4088//5036 4106//5036 4107//5036
f 4088//5037 4107//5037 4089//5037
f 4089//5038 4107//5038 4108//5038
f 4089//5039 4108//5039 4090//5039
f 4090//5040 4108//5040 4109//5040
f 4090//5041 4109//5041 4091//5041
f 4091//5042 4109//5042 4110//5042
f 4091//5043 4110//5043 4092//5043
f 4092//5044 4110//5044 4111//5044
f 4092//5045 4111//5045 4093//5045
f 4093//5046 4111//5046 4112//5046
f 4093//5047 4112//5047 4094//5047
f 4094//5048 4112//5048 4113//5048
f 4094//5049 4113//5049 4095//5049
f 4095//5050 4113//5050 4114//5050
f 4095//5051 4114//5051 4096//5051
f 4096//5052 4114//5052 4115//5052
f 4096//5053 4115//5053 4097//5053
f 4097//5054 4115//5054 4116//5054
f 4097//5055 4116//5055 4098//5055
f 4098//5056 4116//5056 4117//5056
f 4098//5057 4117//5057 4099//5057
f 4099//5058 4117//5058 4118//5058
f 4099//5059 4118//5059 4100//5059
f 4100//5060 4118//5060 4119//5060
f 4100//5061 4119//5061 4101//5061
f 4101//5062 4119//5062 4120//5062
f 4101//5063 4120//5063 4102//5063
f 4102//5064 4120//5064 4121//5064
f 4102//5065 4121//5065 4103//5065
f 4103//5066 4121//5066 4037//5066
f 4103//5067 4037//5067 3970//5067
f 4105//5074 4125//5074 4106//5074
f 4106//5075 4125//5075 4126//5075
f 4106//5076 4126//5076 4107//5076
f 4107//5077 4126//5077 4127//5077
f 4107//5077 4127//5077 4108//5077
f 4108//5078 4127//5078 4128//5078
f 4108//5079 4128//5079 4109//5079
f 4109//5080 4128//5080 4129//5080
f 4109//5081 4129//5081 4110//5081
f 4110//5082 4129//5082 4130//5082
f 4110//5083 4130//5083 4111//5083
f 4111//5084 4130//5084 4131//5084
f 4111//5085 4131//5085 4112//5085
f 4112//5086 4131//5086 4132//5086
f 4112//5087 4132//5087 4113//5087
f 4113//5088 4132//5088 4133//5088
f 4113//5089 4133//5089 4114//5089
f 4114//5090 4133//5090 4134//5090
f 4114//5091 4134//5091 4115//5091
f 4115//5092 4134//5092 4135//5092
f 4115//5093 4135//5093 4116//5093
f 4116//5094 4135//5094 4136//5094
f 4116//5095 4136//5095 4117//5095
f 4117//5096 4136//5096 4137//5096
f 4117//5097 4137//5097 4118//5097
f 4118//5098 4137//5098 4138//5098
f 4118//5099 4138//5099 4119//5099
f 4119//5100 4138//5100 4139//5100
f 4119//5101 4139//5101 4120//5101
f 4120//5102 4139//5102 4140//5102
f 4120//5103 4140//5103 4121//5103
f 4121//5104 4140//5104 3981//5104
f 4121//5105 3981//5105 4037//5105
f 4141//5106 4142//5106 4143//5106
f 3700//5107 3705//5107 4144//5107
f 4145//5108 4146//5108 4143//5108
f 4147//5109 4148//5109 4149//5109
f 4144//5110 4150//5110 4148//5110
f 4150//5111 4144//5111 4151//5111
f 4151//5112 4144//5112 3705//5112
f 4151//5113 3705//5113 3706//5113
f 3773//5114 4152//5114 4153//5114
f 4153//5115 4152//5115 4154//5115
f 4153//5116 4154//5116 4155//5116
f 4155//5117 4154//5117 4156//5117
f 4155//5118 4156//5118 4157//5118
f 4042//5119 4146//5119 4039//5119
f 4039//5120 4146//5120 4145//5120
f 4039//5121 4145//5121 4040//5121
f 4142//5122 4158//5122 4143//5122
f 4143//5123 4158//5123 4147//5123
f 4143//5124 4147//5124 4145//5124
f 4145//5125 4147//5125 4149//5125
f 4145//5126 4149//5126 4040//5126
f 4157//5127 4156//5127 4159//5127
f 4159//5128 4156//5128 4044//5128
f 4159//5129 4044//5129 4046//5129
f 4148//5130 4147//5130 4144//5130
f 4144//5131 4147//5131 4158//5131
f 4144//5132 4158//5132 3700//5132
f 3700//5133 4158//5133 4142//5133
f 3700//5134 4142//5134 3786//5134
f 3786//5135 4142//5135 4141//5135
f 3786//5136 4141//5136 3772//5136
f 3773//5137 3772//5137 4152//5137
f 4152//5138 3772//5138 4141//5138
f 4152//5139 4141//5139 4154//5139
f 4154//5140 4141//5140 4143//5140
f 4154//5141 4143//5141 4156//5141
f 4156//5142 4143//5142 4146//5142
f 4156//5143 4146//5143 4044//5143
f 4044//5144 4146//5144 4042//5144
f 4160//5145 4161//5145 4162//5145
f 4162//5146 4161//5146 4163//5146
f 4162//5147 4163//5147 4164//5147
f 4165//5148 4166//5148 4167//5148
f 4167//5149 4166//5149 4168//5149
f 4167//5150 4168//5150 4169//5150
f 4169//5151 4168//5151 4170//5151
f 4169//5152 4170//5152 4171//5152
f 4171//5153 4170//5153 4172//5153
f 4171//5154 4172//5154 4160//5154
f 4160//5155 4172//5155 4173//5155
f 4160//5156 4173//5156 4161//5156
f 4165//5157 4174//5157 4166//5157
f 4166//5158 4174//5158 4175//5158
f 4166//5159 4175//5159 4176//5159
f 4176//5160 4175//5160 4177//5160
f 4174//5161 4178//5161 4179//5161
f 4174//5161 4179//5161 4175//5161
f 4175//5162 4179//5162 4180//5162
f 4175//5162 4180//5162 4177//5162
f 4179//5163 4178//5163 4181//5163
f 4182//5164 4183//5164 4181//5164
f 4181//5165 4183//5165 4180//5165
f 4181//5166 4180//5166 4179//5166
f 4181//5167 4184//5167 4182//5167
f 4182//5168 4184//5168 4185//5168
f 4182//5169 4185//5169 4186//5169
f 4186//5170 4185//5170 4187//5170
f 4187//5171 4185//5171 4188//5171
f 4187//5172 4188//5172 4189//5172
f 4189//5173 4188//5173 4190//5173
f 4190//5174 4188//5174 4191//5174
f 4190//5175 4191//5175 4192//5175
f 4192//5176 4191//5176 4193//5176
f 4193//5177 4191//5177 4194//5177
f 4193//5178 4194//5178 4195//5178
f 4162//2204 4196//2204 4197//2204
f 4162//2204 4197//2204 4160//2204
f 4160//2204 4197//2204 4198//2204
f 4160//2204 4198//2204 4171//2204
f 4178//2204 4174//2204 4199//2204
f 4188//2204 4185//2204 4200//2204
f 4199//2204 4174//2204 4201//2204
f 4201//2204 4174//2204 4165//2204
f 4201//2204 4165//2204 4202//2204
f 4203//2204 4195//2204 4204//2204
f 4204//2204 4195//2204 4194//2204
f 4204//2204 4194//2204 4205//2204
f 4205//2204 4194//2204 4191//2204
f 4205//2204 4191//2204 4206//2204
f 4206//2204 4191//2204 4188//2204
f 4206//2204 4188//2204 4207//2204
f 4207//2204 4188//2204 4200//2204
f 4185//2845 4184//2845 4200//2845
f 4200//2204 4184//2204 4181//2204
f 4200//2204 4181//2204 4208//2204
f 4208//2204 4181//2204 4178//2204
f 4208//2204 4178//2204 4209//2204
f 4209//2204 4178//2204 4199//2204
f 4165//2204 4167//2204 4202//2204
f 4202//2205 4167//2205 4169//2205
f 4202//2204 4169//2204 4210//2204
f 4210//2204 4169//2204 4171//2204
f 4210//2696 4171//2696 4211//2696
f 4211//2204 4171//2204 4198//2204
f 4212//5179 4213//5179 4214//5179
f 4212//5179 4214//5179 4215//5179
f 4215//5180 4214//5180 4209//5180
f 4215//5180 4209//5180 4199//5180
f 4216//5181 4217//5181 4218//5181
f 4218//5182 4219//5182 4216//5182
f 4216//5183 4219//5183 4220//5183
f 4216//5184 4220//5184 4221//5184
f 4222//5185 4223//5185 4224//5185
f 4225//5186 4226//5186 4227//5186
f 4227//5187 4226//5187 4228//5187
f 4227//5188 4228//5188 4229//5188
f 4229//5189 4228//5189 4230//5189
f 4229//5190 4230//5190 4231//5190
f 4231//5191 4230//5191 4232//5191
f 4231//5192 4232//5192 4233//5192
f 4233//5193 4232//5193 4234//5193
f 4233//5194 4234//5194 4235//5194
f 4235//5195 4234//5195 4236//5195
f 4235//5196 4236//5196 4237//5196
f 4237//5197 4236//5197 4222//5197
f 4237//5198 4222//5198 4238//5198
f 4238//5199 4222//5199 4224//5199
f 4238//5200 4224//5200 4239//5200
f 4240//5201 4239//5201 4224//5201
f 4240//3098 4224//3098 4241//3098
f 4241//5202 4224//5202 4223//5202
f 4241//5203 4223//5203 4242//5203
f 4241//5204 4242//5204 4243//5204
f 4241//5205 4243//5205 4240//5205
f 4240//5206 4243//5206 4244//5206
f 4244//5207 4243//5207 4245//5207
f 4244//5208 4245//5208 4246//5208
f 4246//5209 4245//5209 4247//5209
f 4246//5210 4247//5210 4248//5210
f 4248//5211 4247//5211 4249//5211
f 4248//5212 4249//5212 4250//5212
f 4250//5213 4249//5213 4251//5213
f 4250//5214 4251//5214 4252//5214
f 4252//5215 4251//5215 4253//5215
f 4252//5216 4253//5216 4254//5216
f 4254//5217 4253//5217 4217//5217
f 4254//5218 4217//5218 4255//5218
f 4255//5219 4217//5219 4216//5219
f 4255//5220 4216//5220 4221//5220
f 4226//2212 4256//2212 4228//2212
f 4228//2212 4256//2212 4257//2212
f 4228//2212 4257//2212 4230//2212
f 4218//2212 4217//2212 4258//2212
f 4258//2212 4217//2212 4253//2212
f 4258//2212 4253//2212 4259//2212
f 4259//2212 4253//2212 4251//2212
f 4259//2212 4251//2212 4260//2212
f 4260//2212 4251//2212 4249//2212
f 4242//2212 4261//2212 4243//2212
f 4243//2212 4261//2212 4262//2212
f 4243//2212 4262//2212 4245//2212
f 4245//2212 4262//2212 4263//2212
f 4245//2212 4263//2212 4247//2212
f 4247//2212 4263//2212 4264//2212
f 4247//2212 4264//2212 4249//2212
f 4249//2212 4264//2212 4265//2212
f 4249//2212 4265//2212 4260//2212
f 4257//2212 4266//2212 4230//2212
f 4230//2212 4266//2212 4267//2212
f 4230//2212 4267//2212 4232//2212
f 4232//2463 4267//2463 4268//2463
f 4232//2212 4268//2212 4234//2212
f 4234//2212 4268//2212 4269//2212
f 4234//2212 4269//2212 4236//2212
f 4236//2212 4269//2212 4270//2212
f 4236//2212 4270//2212 4222//2212
f 4222//2212 4270//2212 4271//2212
f 4222//2212 4271//2212 4223//2212
f 4223//2212 4271//2212 4213//2212
f 4223//2212 4213//2212 4242//2212
f 4242//2212 4213//2212 4212//2212
f 4242//2212 4212//2212 4261//2212
f 4272//5221 4273//5221 4225//5221
f 4225//5222 4273//5222 4256//5222
f 4225//5223 4256//5223 4226//5223
f 4248//2204 4250//2204 4274//2204
f 4274//2204 4250//2204 4275//2204
f 4221//2204 4220//2204 4276//2204
f 4272//2204 4225//2204 4277//2204
f 4277//2204 4225//2204 4227//2204
f 4221//2204 4276//2204 4255//2204
f 4274//2204 4278//2204 4248//2204
f 4248//2204 4278//2204 4279//2204
f 4248//2204 4279//2204 4246//2204
f 4246//2204 4279//2204 4280//2204
f 4246//2204 4280//2204 4244//2204
f 4244//2204 4280//2204 4281//2204
f 4244//2204 4281//2204 4240//2204
f 4240//2204 4281//2204 4282//2204
f 4240//2204 4282//2204 4239//2204
f 4239//2204 4282//2204 4283//2204
f 4239//2204 4283//2204 4238//2204
f 4238//2204 4283//2204 4284//2204
f 4238//2204 4284//2204 4237//2204
f 4237//2204 4284//2204 4285//2204
f 4237//2204 4285//2204 4235//2204
f 4285//2204 4286//2204 4235//2204
f 4235//2204 4286//2204 4287//2204
f 4235//2204 4287//2204 4233//2204
f 4233//2204 4287//2204 4288//2204
f 4233//2204 4288//2204 4231//2204
f 4231//2204 4288//2204 4289//2204
f 4231//2204 4289//2204 4229//2204
f 4229//2204 4289//2204 4290//2204
f 4229//2204 4290//2204 4227//2204
f 4227//2204 4290//2204 4291//2204
f 4227//2204 4291//2204 4277//2204
f 4250//2204 4252//2204 4275//2204
f 4275//2204 4252//2204 4254//2204
f 4275//2204 4254//2204 4292//2204
f 4292//2204 4254//2204 4255//2204
f 4292//2204 4255//2204 4293//2204
f 4293//2204 4255//2204 4276//2204
f 4294//5224 4295//5224 4296//5224
f 4294//5224 4296//5224 4297//5224
f 4297//5225 4296//5225 4283//5225
f 4297//5225 4283//5225 4282//5225
f 4298//5226 4299//5226 4300//5226
f 4301//5227 4302//5227 4303//5227
f 4303//5228 4302//5228 4304//5228
f 4303//5229 4304//5229 4305//5229
f 4305//5230 4304//5230 4306//5230
f 4305//5231 4306//5231 4307//5231
f 4307//5232 4306//5232 4308//5232
f 4307//5233 4308//5233 4309//5233
f 4303//5234 4310//5234 4301//5234
f 4301//5235 4310//5235 4311//5235
f 4301//5236 4311//5236 4312//5236
f 4312//5237 4311//5237 4313//5237
f 4312//5238 4313//5238 4314//5238
f 4315//5239 4316//5239 4300//5239
f 4300//5240 4316//5240 4317//5240
f 4300//5241 4317//5241 4298//5241
f 4318//5242 4316//5242 4319//5242
f 4319//5243 4316//5243 4315//5243
f 4319//5244 4315//5244 4320//5244
f 4321//5246 4315//5246 4300//5246
f 4321//5247 4300//5247 4322//5247
f 4322//5248 4300//5248 4299//5248
f 4322//5249 4299//5249 4323//5249
f 4309//5250 4324//5250 4307//5250
f 4307//5251 4324//5251 4325//5251
f 4307//5252 4325//5252 4305//5252
f 4305//5253 4325//5253 4326//5253
f 4305//5254 4326//5254 4303//5254
f 4303//5255 4326//5255 4327//5255
f 4303//5256 4327//5256 4310//5256
f 4310//5257 4327//5257 4328//5257
f 4310//5258 4328//5258 4311//5258
f 4311//5259 4328//5259 4323//5259
f 4311//5260 4323//5260 4313//5260
f 4313//5261 4323//5261 4299//5261
f 4313//5262 4299//5262 4314//5262
f 4314//5263 4299//5263 4298//5263
f 4329//5264 4330//5264 4331//5264
f 4329//5265 4331//5265 4332//5265
f 4332//5266 4331//5266 4333//5266
f 4332//5267 4333//5267 4334//5267
f 4334//5268 4333//5268 4335//5268
f 4334//5269 4335//5269 4336//5269
f 4335//5270 4337//5270 4336//5270
f 4336//5271 4337//5271 4338//5271
f 4336//5272 4338//5272 4339//5272
f 4338//5273 4340//5273 4339//5273
f 4339//5274 4340//5274 4341//5274
f 4339//5275 4341//5275 4342//5275
f 4342//5276 4341//5276 4343//5276
f 4342//5277 4343//5277 4344//5277
f 4343//5278 4345//5278 4344//5278
f 4344//5279 4345//5279 4346//5279
f 4344//5280 4346//5280 4347//5280
f 4330//5281 4348//5281 4331//5281
f 4331//5283 4349//5283 4333//5283
f 4333//5284 4349//5284 4350//5284
f 4333//5285 4350//5285 4335//5285
f 4335//5286 4350//5286 4351//5286
f 4335//5287 4351//5287 4337//5287
f 4337//5288 4351//5288 4352//5288
f 4337//5289 4352//5289 4338//5289
f 4338//5290 4352//5290 4353//5290
f 4338//5291 4353//5291 4340//5291
f 4340//5292 4353//5292 4354//5292
f 4340//5293 4354//5293 4341//5293
f 4341//5294 4354//5294 4355//5294
f 4341//5295 4355//5295 4343//5295
f 4343//5296 4355//5296 4356//5296
f 4343//5297 4356//5297 4345//5297
f 4345//5298 4356//5298 4357//5298
f 4345//5299 4357//5299 4346//5299
f 4319//5300 4348//5300 4318//5300
f 4318//5301 4348//5301 4330//5301
f 4318//5302 4330//5302 4358//5302
f 4358//5303 4330//5303 4329//5303
f 4347//5304 4359//5304 4344//5304
f 4344//5305 4359//5305 4360//5305
f 4360//5306 4361//5306 4344//5306
f 4344//5307 4361//5307 4362//5307
f 4344//5308 4362//5308 4342//5308
f 4342//5309 4362//5309 4363//5309
f 4342//5310 4363//5310 4339//5310
f 4339//5311 4363//5311 4364//5311
f 4339//5312 4364//5312 4336//5312
f 4364//5313 4365//5313 4336//5313
f 4336//5314 4365//5314 4366//5314
f 4336//5315 4366//5315 4334//5315
f 4334//5316 4366//5316 4367//5316
f 4334//5317 4367//5317 4332//5317
f 4367//5318 4368//5318 4332//5318
f 4332//5319 4368//5319 4369//5319
f 4332//5320 4369//5320 4329//5320
f 4329//5321 4369//5321 4370//5321
f 4329//5322 4370//5322 4358//5322
f 4358//5323 4370//5323 4371//5323
f 4372//5324 4359//5324 4373//5324
f 4373//5325 4359//5325 4347//5325
f 4373//5326 4347//5326 4374//5326
f 4374//5327 4347//5327 4375//5327
f 4375//5328 4347//5328 4346//5328
f 4375//5329 4346//5329 4357//5329
f 4324//2212 4376//2212 4325//2212
f 4325//2212 4376//2212 4377//2212
f 4325//2212 4377//2212 4326//2212
f 4326//2212 4377//2212 4378//2212
f 4326//2212 4378//2212 4327//2212
f 4375//2212 4357//2212 4379//2212
f 4379//2212 4357//2212 4356//2212
f 4380//2213 4353//2213 4381//2213
f 4381//2212 4353//2212 4352//2212
f 4381//2212 4352//2212 4382//2212
f 4382//2212 4352//2212 4351//2212
f 4378//2212 4383//2212 4327//2212
f 4327//2212 4383//2212 4384//2212
f 4327//2212 4384//2212 4328//2212
f 4328//2212 4384//2212 4385//2212
f 4328//2212 4385//2212 4323//2212
f 4323//2212 4385//2212 4386//2212
f 4323//2212 4386//2212 4322//2212
f 4380//2212 4387//2212 4353//2212
f 4353//2460 4387//2460 4388//2460
f 4353//2212 4388//2212 4354//2212
f 4354//2212 4388//2212 4389//2212
f 4354//2212 4389//2212 4355//2212
f 4355//2212 4389//2212 4390//2212
f 4355//2212 4390//2212 4356//2212
f 4356//2212 4390//2212 4391//2212
f 4356//2212 4391//2212 4379//2212
f 4386//2212 4392//2212 4322//2212
f 4322//2463 4392//2463 4393//2463
f 4322//2212 4393//2212 4321//2212
f 4321//2212 4393//2212 4394//2212
f 4321//2212 4394//2212 4320//2212
f 4320//2212 4394//2212 4395//2212
f 4320//2212 4395//2212 4319//2212
f 4319//2213 4395//2213 4295//2213
f 4319//2212 4295//2212 4348//2212
f 4348//2212 4295//2212 4294//2212
f 4348//2212 4294//2212 4349//2212
f 4349//2212 4294//2212 4396//2212
f 4349//2212 4396//2212 4350//2212
f 4350//2212 4396//2212 4397//2212
f 4350//2212 4397//2212 4351//2212
f 4351//2212 4397//2212 4398//2212
f 4351//5330 4398//5330 4382//5330
f 4376//5331 4324//5331 4309//5331
f 4376//5332 4309//5332 4399//5332
f 4399//5333 4309//5333 4308//5333
f 4399//5334 4308//5334 4400//5334
f 4400//5335 4308//5335 4401//5335
f 4400//5324 4401//5324 4402//5324
f 4403//5336 4404//5336 4405//5336
f 4405//5337 4404//5337 4406//5337
f 4371//5338 4407//5338 4358//5338
f 4358//5339 4407//5339 4408//5339
f 4358//5340 4408//5340 4318//5340
f 4314//5341 4298//5341 4409//5341
f 4409//5342 4298//5342 4317//5342
f 4409//5343 4317//5343 4408//5343
f 4408//5344 4317//5344 4316//5344
f 4408//5345 4316//5345 4318//5345
f 4409//5346 4410//5346 4314//5346
f 4314//5347 4410//5347 4411//5347
f 4314//5348 4411//5348 4312//5348
f 4306//5349 4304//5349 4412//5349
f 4412//5350 4304//5350 4302//5350
f 4412//5351 4302//5351 4411//5351
f 4411//5352 4302//5352 4301//5352
f 4411//5353 4301//5353 4312//5353
f 4401//5354 4308//5354 4406//5354
f 4406//5355 4308//5355 4306//5355
f 4406//5356 4306//5356 4405//5356
f 4405//5357 4306//5357 4412//5357
f 4405//5358 4412//5358 4403//5358
f 4410//5359 4413//5359 4411//5359
f 4411//5360 4413//5360 4414//5360
f 4411//5361 4414//5361 4412//5361
f 4412//5362 4414//5362 4415//5362
f 4412//5363 4415//5363 4403//5363
f 4407//5364 4416//5364 4408//5364
f 4408//5365 4416//5365 4417//5365
f 4408//5366 4417//5366 4409//5366
f 4409//5367 4417//5367 4418//5367
f 4409//5368 4418//5368 4410//5368
f 4410//5369 4418//5369 4419//5369
f 4410//5370 4419//5370 4413//5370
f 4363//2204 4362//2204 4420//2204
f 4361//2204 4421//2204 4362//2204
f 4362//2204 4421//2204 4422//2204
f 4362//2204 4422//2204 4420//2204
f 4413//2204 4419//2204 4423//2204
f 4420//2204 4424//2204 4363//2204
f 4363//2204 4424//2204 4425//2204
f 4363//2204 4425//2204 4364//2204
f 4364//2204 4425//2204 4426//2204
f 4364//2204 4426//2204 4365//2204
f 4365//2204 4426//2204 4427//2204
f 4365//2204 4427//2204 4366//2204
f 4366//2204 4427//2204 4428//2204
f 4366//2204 4428//2204 4367//2204
f 4367//2204 4428//2204 4429//2204
f 4367//2204 4429//2204 4368//2204
f 4372//2206 4430//2206 4359//2206
f 4359//5371 4430//5371 4431//5371
f 4359//2204 4431//2204 4360//2204
f 4360//2204 4431//2204 4432//2204
f 4360//2204 4432//2204 4361//2204
f 4361//2204 4432//2204 4433//2204
f 4361//5372 4433//5372 4421//5372
f 4434//2204 4435//2204 4404//2204
f 4404//2204 4435//2204 4436//2204
f 4404//2204 4436//2204 4406//2204
f 4406//2204 4436//2204 4437//2204
f 4406//2204 4437//2204 4401//2204
f 4401//2204 4437//2204 4438//2204
f 4401//2204 4438//2204 4402//2204
f 4423//2204 4439//2204 4413//2204
f 4413//2204 4439//2204 4440//2204
f 4413//2204 4440//2204 4414//2204
f 4414//2207 4440//2207 4441//2207
f 4414//2204 4441//2204 4415//2204
f 4415//2204 4441//2204 4434//2204
f 4415//2204 4434//2204 4403//2204
f 4403//2204 4434//2204 4404//2204
f 4442//2204 4443//2204 4417//2204
f 4417//2207 4443//2207 4444//2207
f 4417//2204 4444//2204 4418//2204
f 4418//2204 4444//2204 4445//2204
f 4418//2204 4445//2204 4419//2204
f 4419//2204 4445//2204 4446//2204
f 4419//2207 4446//2207 4423//2207
f 4417//2204 4416//2204 4442//2204
f 4442//2204 4416//2204 4407//2204
f 4442//2204 4407//2204 4447//2204
f 4447//2204 4407//2204 4371//2204
f 4447//2204 4371//2204 4448//2204
f 4448//2204 4371//2204 4370//2204
f 4448//2204 4370//2204 4449//2204
f 4449//2204 4370//2204 4369//2204
f 4449//2204 4369//2204 4450//2204
f 4450//2204 4369//2204 4368//2204
f 4450//2204 4368//2204 4451//2204
f 4451//2204 4368//2204 4429//2204
f 4452//5373 4453//5373 4454//5373
f 4455//5374 4456//5374 4457//5374
f 4458//5375 4459//5375 4457//5375
f 4457//5376 4459//5376 4460//5376
f 4457//5377 4460//5377 4455//5377
f 4461//5378 4462//5378 4463//5378
f 4464//5379 4465//5379 4462//5379
f 4462//5380 4465//5380 4466//5380
f 4462//5381 4466//5381 4463//5381
f 4464//5382 4467//5382 4468//5382
f 4468//5383 4467//5383 4469//5383
f 4470//5384 4471//5384 4472//5384
f 4472//5385 4471//5385 4473//5385
f 4472//5386 4473//5386 4469//5386
f 4469//5387 4473//5387 4474//5387
f 4469//5388 4474//5388 4468//5388
f 4454//5389 4475//5389 4470//5389
f 4470//5390 4472//5390 4454//5390
f 4454//5391 4472//5391 4476//5391
f 4454//5392 4476//5392 4452//5392
f 4477//5393 4478//5393 4467//5393
f 4467//5394 4478//5394 4479//5394
f 4467//5395 4479//5395 4469//5395
f 4469//5396 4479//5396 4480//5396
f 4469//5397 4480//5397 4472//5397
f 4472//5398 4480//5398 4481//5398
f 4472//5399 4481//5399 4476//5399
f 4464//5400 4462//5400 4467//5400
f 4467//5401 4462//5401 4482//5401
f 4467//5402 4482//5402 4477//5402
f 4461//5403 4483//5403 4462//5403
f 4462//5404 4483//5404 4484//5404
f 4462//5405 4484//5405 4482//5405
f 4485//5406 4486//5406 4461//5406
f 4486//5407 4487//5407 4461//5407
f 4461//5408 4487//5408 4488//5408
f 4461//5409 4488//5409 4483//5409
f 4463//5410 4458//5410 4461//5410
f 4461//5411 4458//5411 4457//5411
f 4461//5412 4457//5412 4485//5412
f 4485//5413 4457//5413 4456//5413
f 4485//5414 4456//5414 4489//5414
f 4490//5415 4491//5415 4492//5415
f 4493//5416 4475//5416 4454//5416
f 4494//5417 4495//5417 4496//5417
f 4496//5418 4495//5418 4497//5418
f 4496//5419 4497//5419 4498//5419
f 4498//5420 4497//5420 4499//5420
f 4500//5421 4501//5421 4502//5421
f 4502//5422 4501//5422 4503//5422
f 4504//5423 4505//5423 4503//5423
f 4503//5424 4505//5424 4506//5424
f 4503//5425 4506//5425 4502//5425
f 4492//5426 4491//5426 4507//5426
f 4507//5427 4491//5427 4508//5427
f 4507//5428 4508//5428 4509//5428
f 4510//5429 4511//5429 4508//5429
f 4508//5430 4511//5430 4512//5430
f 4508//5431 4512//5431 4509//5431
f 4490//5432 4513//5432 4491//5432
f 4491//5433 4513//5433 4514//5433
f 4491//5434 4514//5434 4508//5434
f 4508//5435 4514//5435 4504//5435
f 4508//5436 4504//5436 4510//5436
f 4510//5437 4504//5437 4503//5437
f 4510//5438 4503//5438 4511//5438
f 4511//5439 4503//5439 4515//5439
f 4516//5440 4501//5440 4497//5440
f 4497//5441 4501//5441 4500//5441
f 4497//5442 4500//5442 4499//5442
f 4516//5443 4517//5443 4501//5443
f 4501//5444 4517//5444 4518//5444
f 4501//5445 4518//5445 4503//5445
f 4503//5446 4518//5446 4519//5446
f 4503//5447 4519//5447 4515//5447
f 4453//5448 4495//5448 4454//5448
f 4454//5449 4495//5449 4494//5449
f 4454//5450 4494//5450 4493//5450
f 4453//5451 4520//5451 4495//5451
f 4495//5452 4520//5452 4521//5452
f 4495//5453 4521//5453 4497//5453
f 4497//5454 4521//5454 4522//5454
f 4497//5455 4522//5455 4516//5455
f 4523//5456 4490//5456 4492//5456
f 4490//5456 4523//5456 4524//5456
f 4512//2212 4511//2212 4525//2212
f 4525//2213 4511//2213 4526//2213
f 4485//2212 4489//2212 4527//2212
f 4525//2212 4528//2212 4512//2212
f 4512//2212 4528//2212 4529//2212
f 4512//2212 4529//2212 4509//2212
f 4509//2212 4529//2212 4530//2212
f 4509//2212 4530//2212 4507//2212
f 4507//2212 4530//2212 4531//2212
f 4507//2212 4531//2212 4492//2212
f 4492//5457 4531//5457 4532//5457
f 4492//2212 4532//2212 4523//2212
f 4533//2212 4534//2212 4517//2212
f 4526//2212 4511//2212 4535//2212
f 4535//2212 4511//2212 4515//2212
f 4535//2212 4515//2212 4536//2212
f 4536//2212 4515//2212 4537//2212
f 4537//2212 4515//2212 4519//2212
f 4537//2212 4519//2212 4534//2212
f 4534//2212 4519//2212 4518//2212
f 4534//2212 4518//2212 4517//2212
f 4533//2212 4517//2212 4538//2212
f 4538//2212 4517//2212 4516//2212
f 4538//2212 4516//2212 4539//2212
f 4539//2212 4516//2212 4522//2212
f 4539//2212 4522//2212 4540//2212
f 4481//2212 4480//2212 4541//2212
f 4541//2212 4480//2212 4542//2212
f 4542//2212 4480//2212 4479//2212
f 4542//2212 4479//2212 4543//2212
f 4527//2212 4544//2212 4485//2212
f 4485//2462 4544//2462 4545//2462
f 4485//2212 4545//2212 4486//2212
f 4486//2212 4545//2212 4546//2212
f 4486//2462 4546//2462 4487//2462
f 4487//2212 4546//2212 4547//2212
f 4487//2212 4547//2212 4488//2212
f 4488//2212 4547//2212 4548//2212
f 4488//2212 4548//2212 4483//2212
f 4483//2212 4548//2212 4549//2212
f 4483//2212 4549//2212 4484//2212
f 4550//2212 4482//2212 4551//2212
f 4551//2212 4482//2212 4484//2212
f 4551//2212 4484//2212 4552//2212
f 4552//2212 4484//2212 4549//2212
f 4540//2212 4522//2212 4553//2212
f 4553//2212 4522//2212 4521//2212
f 4553//2212 4521//2212 4520//2212
f 4543//2212 4479//2212 4554//2212
f 4554//2212 4479//2212 4478//2212
f 4554//2212 4478//2212 4550//2212
f 4550//2212 4478//2212 4477//2212
f 4550//2213 4477//2213 4482//2213
f 4541//2460 4555//2460 4481//2460
f 4481//2212 4555//2212 4556//2212
f 4481//2212 4556//2212 4476//2212
f 4476//2212 4556//2212 4557//2212
f 4476//2212 4557//2212 4452//2212
f 4452//2212 4557//2212 4558//2212
f 4452//2212 4558//2212 4453//2212
f 4453//2212 4558//2212 4559//2212
f 4453//2212 4559//2212 4520//2212
f 4520//2212 4559//2212 4560//2212
f 4520//2212 4560//2212 4553//2212
f 4561//5456 4527//5456 4456//5456
f 4456//5456 4527//5456 4489//5456
f 4505//2204 4504//2204 4562//2204
f 4563//2204 4564//2204 4455//2204
f 4562//2204 4504//2204 4565//2204
f 4565//2204 4504//2204 4514//2204
f 4565//2204 4514//2204 4566//2204
f 4561//2204 4456//2204 4567//2204
f 4567//2204 4456//2204 4455//2204
f 4567//2605 4455//2605 4568//2605
f 4568//5458 4455//5458 4564//5458
f 4455//2204 4460//2204 4563//2204
f 4563//2204 4460//2204 4459//2204
f 4563//2204 4459//2204 4569//2204
f 4569//2204 4459//2204 4458//2204
f 4569//2204 4458//2204 4570//2204
f 4570//2204 4458//2204 4463//2204
f 4566//2204 4514//2204 4571//2204
f 4571//2204 4514//2204 4513//2204
f 4571//2204 4513//2204 4572//2204
f 4572//2204 4513//2204 4490//2204
f 4572//2204 4490//2204 4524//2204
f 4464//2204 4573//2204 4465//2204
f 4465//2204 4573//2204 4574//2204
f 4465//2204 4574//2204 4466//2204
f 4466//2204 4574//2204 4575//2204
f 4466//2204 4575//2204 4463//2204
f 4463//2204 4575//2204 4576//2204
f 4463//2204 4576//2204 4570//2204
f 4562//2204 4577//2204 4505//2204
f 4505//2204 4577//2204 4578//2204
f 4505//2204 4578//2204 4506//2204
f 4506//2204 4578//2204 4579//2204
f 4506//2207 4579//2207 4502//2207
f 4502//2204 4579//2204 4580//2204
f 4502//2204 4580//2204 4500//2204
f 4500//2204 4580//2204 4581//2204
f 4500//2204 4581//2204 4499//2204
f 4499//2204 4581//2204 4582//2204
f 4499//2204 4582//2204 4498//2204
f 4473//2204 4583//2204 4474//2204
f 4474//2204 4583//2204 4584//2204
f 4474//2204 4584//2204 4468//2204
f 4468//2204 4584//2204 4585//2204
f 4468//2204 4585//2204 4464//2204
f 4464//2204 4585//2204 4586//2204
f 4464//2204 4586//2204 4573//2204
f 4498//2204 4582//2204 4496//2204
f 4496//2204 4582//2204 4587//2204
f 4496//2204 4587//2204 4494//2204
f 4494//2204 4587//2204 4588//2204
f 4494//2204 4588//2204 4493//2204
f 4493//2204 4588//2204 4589//2204
f 4493//2204 4589//2204 4475//2204
f 4475//2204 4589//2204 4590//2204
f 4475//2204 4590//2204 4470//2204
f 4470//2204 4590//2204 4591//2204
f 4470//2204 4591//2204 4471//2204
f 4471//2204 4591//2204 4592//2204
f 4471//2204 4592//2204 4473//2204
f 4473//2204 4592//2204 4593//2204
f 4473//2204 4593//2204 4583//2204
f 4578//5459 4577//5459 4594//5459
f 4595//5460 4596//5460 4597//5460
f 4598//5461 4566//5461 4595//5461
f 4595//5462 4566//5462 4571//5462
f 4595//5463 4571//5463 4596//5463
f 4596//5464 4571//5464 4572//5464
f 4596//5465 4572//5465 4524//5465
f 4577//5466 4562//5466 4598//5466
f 4598//5467 4562//5467 4565//5467
f 4598//5468 4565//5468 4566//5468
f 4578//5469 4594//5469 4579//5469
f 4579//5470 4594//5470 4599//5470
f 4579//5471 4599//5471 4580//5471
f 4600//5472 4582//5472 4601//5472
f 4601//5473 4582//5473 4581//5473
f 4601//5474 4581//5474 4602//5474
f 4602//5475 4581//5475 4580//5475
f 4589//5476 4588//5476 4600//5476
f 4600//5477 4588//5477 4587//5477
f 4600//5478 4587//5478 4582//5478
f 4603//5479 4604//5479 4605//5479
f 4605//5480 4604//5480 4606//5480
f 4605//5481 4606//5481 4590//5481
f 4590//5482 4589//5482 4605//5482
f 4605//5483 4589//5483 4600//5483
f 4605//5484 4600//5484 4603//5484
f 4603//5485 4600//5485 4607//5485
f 4607//5486 4600//5486 4608//5486
f 4608//5487 4600//5487 4601//5487
f 4608//5488 4601//5488 4609//5488
f 4580//5489 4599//5489 4602//5489
f 4602//5490 4599//5490 4610//5490
f 4602//5491 4610//5491 4601//5491
f 4601//5492 4610//5492 4611//5492
f 4601//5493 4611//5493 4609//5493
f 4612//5494 4613//5494 4594//5494
f 4594//5495 4613//5495 4614//5495
f 4594//5496 4614//5496 4599//5496
f 4599//5497 4614//5497 4615//5497
f 4599//5498 4615//5498 4610//5498
f 4577//5499 4598//5499 4594//5499
f 4594//5500 4598//5500 4616//5500
f 4594//5501 4616//5501 4612//5501
f 4597//5502 4617//5502 4595//5502
f 4595//5503 4617//5503 4618//5503
f 4595//5504 4618//5504 4598//5504
f 4598//5505 4618//5505 4619//5505
f 4598//5506 4619//5506 4616//5506
f 4596//5507 4620//5507 4621//5507
f 4620//5507 4596//5507 4622//5507
f 4623//5508 4624//5508 4625//5508
f 4626//5509 4621//5509 4620//5509
f 4626//5510 4620//5510 4627//5510
f 4628//5511 4629//5511 4627//5511
f 4627//5512 4629//5512 4630//5512
f 4631//5513 4632//5513 4633//5513
f 4631//5514 4633//5514 4629//5514
f 4629//5515 4633//5515 4634//5515
f 4629//5516 4634//5516 4630//5516
f 4625//5517 4624//5517 4631//5517
f 4631//5518 4624//5518 4635//5518
f 4631//5519 4635//5519 4632//5519
f 4623//5520 4625//5520 4636//5520
f 4636//5521 4625//5521 4637//5521
f 4636//5522 4637//5522 4638//5522
f 4639//5523 4640//5523 4641//5523
f 4641//5524 4640//5524 4642//5524
f 4641//5525 4642//5525 4643//5525
f 4643//5526 4642//5526 4644//5526
f 4643//5527 4644//5527 4637//5527
f 4637//5528 4644//5528 4645//5528
f 4637//5529 4645//5529 4638//5529
f 4646//5530 4647//5530 4641//5530
f 4641//5531 4647//5531 4648//5531
f 4641//5532 4648//5532 4639//5532
f 4646//5533 4641//5533 4649//5533
f 4649//5534 4641//5534 4643//5534
f 4649//5535 4643//5535 4650//5535
f 4651//5536 4652//5536 4625//5536
f 4625//5537 4652//5537 4653//5537
f 4625//5538 4653//5538 4637//5538
f 4637//5539 4653//5539 4654//5539
f 4637//5540 4654//5540 4643//5540
f 4643//5541 4654//5541 4655//5541
f 4643//5542 4655//5542 4650//5542
f 4656//5543 4657//5543 4629//5543
f 4629//5544 4657//5544 4658//5544
f 4629//5545 4658//5545 4631//5545
f 4631//5546 4658//5546 4659//5546
f 4631//5547 4659//5547 4625//5547
f 4625//5548 4659//5548 4660//5548
f 4625//5549 4660//5549 4651//5549
f 4627//5550 4620//5550 4628//5550
f 4628//5551 4620//5551 4661//5551
f 4628//5552 4661//5552 4629//5552
f 4629//5553 4661//5553 4662//5553
f 4629//5554 4662//5554 4656//5554
f 4645//2212 4644//2212 4607//2212
f 4607//2212 4644//2212 4603//2212
f 4663//2212 4664//2212 4665//2212
f 4665//2212 4664//2212 4666//2212
f 4667//2212 4668//2212 4669//2212
f 4669//2212 4668//2212 4670//2212
f 4669//2212 4670//2212 4666//2212
f 4666//2212 4670//2212 4671//2212
f 4666//2212 4671//2212 4665//2212
f 4672//2212 4673//2212 4674//2212
f 4674//2212 4673//2212 4675//2212
f 4674//2212 4675//2212 4676//2212
f 4614//2212 4613//2212 4635//2212
f 4669//2212 4677//2212 4667//2212
f 4667//2212 4677//2212 4678//2212
f 4667//2212 4678//2212 4679//2212
f 4679//2212 4678//2212 4680//2212
f 4679//2212 4680//2212 4681//2212
f 4681//2212 4680//2212 4673//2212
f 4681//2742 4673//2742 4682//2742
f 4682//2212 4673//2212 4672//2212
f 4627//2212 4630//2212 4619//2212
f 4619//2212 4630//2212 4634//2212
f 4635//2212 4613//2212 4632//2212
f 4632//2212 4613//2212 4612//2212
f 4632//2212 4612//2212 4633//2212
f 4614//2212 4635//2212 4615//2212
f 4615//2212 4635//2212 4624//2212
f 4615//2212 4624//2212 4610//2212
f 4610//2212 4624//2212 4623//2212
f 4610//2212 4623//2212 4611//2212
f 4683//2212 4684//2212 4685//2212
f 4685//2463 4684//2463 4686//2463
f 4685//2212 4686//2212 4687//2212
f 4687//2212 4686//2212 4688//2212
f 4687//2212 4688//2212 4689//2212
f 4689//2212 4688//2212 4690//2212
f 4689//2212 4690//2212 4663//2212
f 4663//2212 4690//2212 4691//2212
f 4663//2213 4691//2213 4664//2213
f 4596//2212 4621//2212 4597//2212
f 4597//2212 4621//2212 4626//2212
f 4597//2212 4626//2212 4617//2212
f 4617//2212 4626//2212 4627//2212
f 4617//2212 4627//2212 4618//2212
f 4618//2212 4627//2212 4619//2212
f 4633//2212 4612//2212 4634//2212
f 4634//2212 4612//2212 4616//2212
f 4634//2212 4616//2212 4619//2212
f 4685//2212 4692//2212 4683//2212
f 4683//2212 4692//2212 4693//2212
f 4683//2212 4693//2212 4639//2212
f 4639//2212 4693//2212 4604//2212
f 4639//2212 4604//2212 4640//2212
f 4640//2460 4604//2460 4603//2460
f 4640//2212 4603//2212 4642//2212
f 4642//2212 4603//2212 4644//2212
f 4623//2212 4636//2212 4611//2212
f 4611//2212 4636//2212 4638//2212
f 4611//2212 4638//2212 4609//2212
f 4609//2212 4638//2212 4645//2212
f 4609//2212 4645//2212 4608//2212
f 4608//2212 4645//2212 4607//2212
f 4675//5555 4694//5555 4676//5555
f 4676//5507 4694//5507 4695//5507
f 4683//5556 4639//5556 4696//5556
f 4696//5557 4639//5557 4648//5557
f 4683//5558 4696//5558 4684//5558
f 4684//5559 4696//5559 4697//5559
f 4684//5560 4697//5560 4686//5560
f 4686//5561 4697//5561 4688//5561
f 4688//5562 4697//5562 4698//5562
f 4688//5563 4698//5563 4690//5563
f 4690//5564 4698//5564 4691//5564
f 4691//5565 4698//5565 4699//5565
f 4691//5566 4699//5566 4664//5566
f 4664//5567 4699//5567 4700//5567
f 4664//5568 4700//5568 4666//5568
f 4666//5569 4700//5569 4701//5569
f 4666//5570 4701//5570 4669//5570
f 4669//5571 4701//5571 4677//5571
f 4677//5572 4701//5572 4702//5572
f 4677//5573 4702//5573 4678//5573
f 4678//5574 4702//5574 4680//5574
f 4680//5575 4702//5575 4703//5575
f 4680//5576 4703//5576 4673//5576
f 4675//5577 4673//5577 4694//5577
f 4694//5578 4673//5578 4703//5578
f 4694//5579 4703//5579 4704//5579
f 4704//5580 4703//5580 4705//5580
f 4705//5581 4703//5581 4706//5581
f 4706//5582 4703//5582 4702//5582
f 4706//5583 4702//5583 4707//5583
f 4707//5584 4702//5584 4708//5584
f 4708//5585 4702//5585 4701//5585
f 4708//5586 4701//5586 4709//5586
f 4709//5587 4701//5587 4710//5587
f 4710//5588 4701//5588 4700//5588
f 4710//5589 4700//5589 4711//5589
f 4711//5590 4700//5590 4699//5590
f 4711//5591 4699//5591 4712//5591
f 4712//5592 4699//5592 4698//5592
f 4712//5593 4698//5593 4713//5593
f 4713//5594 4698//5594 4697//5594
f 4713//5595 4697//5595 4714//5595
f 4714//5596 4697//5596 4715//5596
f 4715//5597 4697//5597 4696//5597
f 4715//5598 4696//5598 4716//5598
f 4716//5599 4696//5599 4648//5599
f 4716//5600 4648//5600 4647//5600
f 4620//5601 4622//5601 4717//5601
f 4620//2204 4717//2204 4661//2204
f 4661//2204 4717//2204 4718//2204
f 4661//2204 4718//2204 4662//2204
f 4695//2204 4694//2204 4719//2204
f 4719//2204 4694//2204 4704//2204
f 4719//2204 4704//2204 4720//2204
f 4720//2204 4704//2204 4705//2204
f 4714//2204 4721//2204 4713//2204
f 4713//2204 4721//2204 4722//2204
f 4713//2204 4722//2204 4712//2204
f 4660//2204 4723//2204 4651//2204
f 4651//2204 4723//2204 4724//2204
f 4725//2204 4726//2204 4658//2204
f 4658//5372 4726//5372 4727//5372
f 4658//2204 4727//2204 4659//2204
f 4659//2204 4727//2204 4728//2204
f 4659//2204 4728//2204 4660//2204
f 4660//2605 4728//2605 4729//2605
f 4660//2204 4729//2204 4723//2204
f 4722//2204 4730//2204 4712//2204
f 4712//2204 4730//2204 4731//2204
f 4712//2204 4731//2204 4711//2204
f 4711//2204 4731//2204 4732//2204
f 4711//2204 4732//2204 4710//2204
f 4710//2204 4732//2204 4733//2204
f 4710//2204 4733//2204 4709//2204
f 4709//2204 4733//2204 4734//2204
f 4709//2204 4734//2204 4708//2204
f 4708//2204 4734//2204 4735//2204
f 4708//2204 4735//2204 4707//2204
f 4707//2204 4735//2204 4736//2204
f 4707//2207 4736//2207 4706//2207
f 4706//2204 4736//2204 4737//2204
f 4706//2204 4737//2204 4705//2204
f 4705//2204 4737//2204 4738//2204
f 4705//2204 4738//2204 4720//2204
f 4646//2204 4649//2204 4739//2204
f 4739//2204 4649//2204 4650//2204
f 4739//2204 4650//2204 4740//2204
f 4740//2204 4650//2204 4655//2204
f 4740//2204 4655//2204 4741//2204
f 4741//2204 4655//2204 4654//2204
f 4741//2204 4654//2204 4742//2204
f 4742//2204 4654//2204 4653//2204
f 4742//2204 4653//2204 4724//2204
f 4724//2605 4653//2605 4652//2605
f 4724//2204 4652//2204 4651//2204
f 4718//2204 4743//2204 4662//2204
f 4662//2204 4743//2204 4744//2204
f 4662//2204 4744//2204 4656//2204
f 4656//2204 4744//2204 4725//2204
f 4656//2204 4725//2204 4657//2204
f 4657//5602 4725//5602 4658//5602
f 4739//2204 4745//2204 4646//2204
f 4646//2204 4745//2204 4746//2204
f 4646//2204 4746//2204 4647//2204
f 4647//2204 4746//2204 4747//2204
f 4647//2204 4747//2204 4716//2204
f 4716//2204 4747//2204 4748//2204
f 4716//2204 4748//2204 4715//2204
f 4715//2204 4748//2204 4749//2204
f 4715//2204 4749//2204 4714//2204
f 4714//2204 4749//2204 4750//2204
f 4714//2205 4750//2205 4721//2205
f 4751//5603 4752//5603 4753//5603
f 4752//5604 4751//5604 4754//5604
f 4754//5605 4751//5605 4755//5605
f 4754//5606 4755//5606 4756//5606
f 4756//5607 4755//5607 4757//5607
f 4756//5608 4757//5608 4758//5608
f 4758//5609 4757//5609 4759//5609
f 4758//5610 4759//5610 4760//5610
f 4760//5611 4759//5611 4761//5611
f 4760//5612 4761//5612 4762//5612
f 4762//5613 4761//5613 4763//5613
f 4762//5614 4763//5614 4764//5614
f 4764//5615 4763//5615 4765//5615
f 4764//5616 4765//5616 4766//5616
f 4766//5617 4765//5617 4767//5617
f 4766//5618 4767//5618 4768//5618
f 4768//5619 4767//5619 4769//5619
f 4769//5620 4767//5620 4770//5620
f 4769//5621 4770//5621 4771//5621
f 4771//5622 4770//5622 4772//5622
f 4770//5623 4773//5623 4772//5623
f 4772//5624 4773//5624 4774//5624
f 4772//5625 4774//5625 4775//5625
f 4775//5626 4774//5626 4776//5626
f 4775//5627 4776//5627 4777//5627
f 4778//5628 4779//5628 4780//5628
f 4780//5629 4779//5629 4781//5629
f 4780//5630 4781//5630 4777//5630
f 4777//5631 4781//5631 4782//5631
f 4777//5632 4782//5632 4775//5632
f 4373//5633 4374//5633 4783//5633
f 4159//5634 4046//5634 4784//5634
f 4785//5635 4786//5635 4784//5635
f 4784//5636 4786//5636 4157//5636
f 4784//5637 4157//5637 4159//5637
f 3773//5638 4153//5638 4787//5638
f 4787//5639 4153//5639 4155//5639
f 4787//5640 4155//5640 4622//5640
f 4622//5641 4596//5641 4787//5641
f 4787//5642 4596//5642 4524//5642
f 4787//5643 4524//5643 4523//5643
f 4373//5644 4783//5644 4372//5644
f 4447//5645 4553//5645 4788//5645
f 4788//5646 4553//5646 4560//5646
f 4788//5647 4560//5647 4559//5647
f 4447//5648 4448//5648 4553//5648
f 4553//5649 4448//5649 4449//5649
f 4553//5650 4449//5650 4540//5650
f 4540//5651 4449//5651 4450//5651
f 4540//5652 4450//5652 4539//5652
f 4539//5653 4450//5653 4451//5653
f 4539//5654 4451//5654 4538//5654
f 4538//5655 4451//5655 4429//5655
f 4538//5656 4429//5656 4533//5656
f 4533//5657 4429//5657 4428//5657
f 4533//5658 4428//5658 4534//5658
f 4534//5659 4428//5659 4427//5659
f 4534//5660 4427//5660 4537//5660
f 4537//5661 4427//5661 4426//5661
f 4537//5662 4426//5662 4536//5662
f 4536//5663 4426//5663 4425//5663
f 4536//5664 4425//5664 4535//5664
f 4535//5665 4425//5665 4424//5665
f 4535//5666 4424//5666 4526//5666
f 4526//5667 4424//5667 4420//5667
f 4526//5668 4420//5668 4525//5668
f 4525//5669 4420//5669 4422//5669
f 4525//5670 4422//5670 4528//5670
f 4528//5671 4422//5671 4421//5671
f 4528//5672 4421//5672 4529//5672
f 4529//5673 4421//5673 4433//5673
f 4529//5674 4433//5674 4530//5674
f 4530//5675 4433//5675 4432//5675
f 4530//5676 4432//5676 4531//5676
f 4531//5677 4432//5677 4431//5677
f 4531//5678 4431//5678 4532//5678
f 4532//5679 4431//5679 4430//5679
f 4532//5680 4430//5680 4523//5680
f 4523//5681 4430//5681 4372//5681
f 4523//5682 4372//5682 4787//5682
f 4787//5683 4372//5683 4783//5683
f 4787//5684 4783//5684 3773//5684
f 4155//5685 4157//5685 4622//5685
f 4622//5686 4157//5686 4786//5686
f 4622//5687 4786//5687 4717//5687
f 4717//5688 4786//5688 4789//5688
f 4717//5689 4789//5689 4718//5689
f 4718//5690 4789//5690 4790//5690
f 4718//5691 4790//5691 4743//5691
f 4743//5692 4790//5692 4791//5692
f 4743//5693 4791//5693 4744//5693
f 4744//5694 4791//5694 4792//5694
f 4744//5695 4792//5695 4725//5695
f 4793//5696 4794//5696 4728//5696
f 4792//5697 4795//5697 4725//5697
f 4725//5698 4795//5698 4796//5698
f 4725//5699 4796//5699 4726//5699
f 4726//5700 4796//5700 4793//5700
f 4726//5701 4793//5701 4727//5701
f 4727//5702 4793//5702 4728//5702
f 4776//5703 4741//5703 4777//5703
f 4777//5704 4741//5704 4742//5704
f 4777//5705 4742//5705 4780//5705
f 4780//5706 4742//5706 4724//5706
f 4780//5707 4724//5707 4778//5707
f 4778//5708 4724//5708 4723//5708
f 4778//5709 4723//5709 4794//5709
f 4794//5710 4723//5710 4729//5710
f 4794//5711 4729//5711 4728//5711
f 4774//5712 4739//5712 4776//5712
f 4776//5713 4739//5713 4740//5713
f 4776//5714 4740//5714 4741//5714
f 4774//5715 4773//5715 4739//5715
f 4739//5716 4773//5716 4770//5716
f 4739//5717 4770//5717 4745//5717
f 4797//5718 4747//5718 4746//5718
f 4745//5719 4770//5719 4746//5719
f 4746//5720 4770//5720 4767//5720
f 4746//5721 4767//5721 4797//5721
f 4220//5722 4219//5722 4798//5722
f 4198//5723 4265//5723 4264//5723
f 4196//5724 4259//5724 4197//5724
f 4799//5725 4800//5725 3763//5725
f 4374//5726 3683//5726 4783//5726
f 4783//5727 3683//5727 3774//5727
f 4783//5728 3774//5728 3773//5728
f 4798//5729 3780//5729 4801//5729
f 4801//5730 3780//5730 3779//5730
f 4801//5731 3779//5731 3684//5731
f 3750//5732 3748//5732 4802//5732
f 4802//5733 3748//5733 3746//5733
f 4802//5734 3746//5734 4803//5734
f 4803//5735 3746//5735 3783//5735
f 4803//5736 3783//5736 4804//5736
f 4804//5737 3783//5737 3782//5737
f 4804//5738 3782//5738 3781//5738
f 3753//5739 4805//5739 3766//5739
f 3766//5740 4805//5740 4806//5740
f 3766//5741 4806//5741 3754//5741
f 3754//5742 4806//5742 4807//5742
f 3754//5743 4807//5743 3755//5743
f 3755//5744 4807//5744 3765//5744
f 3765//5745 4807//5745 4808//5745
f 3765//5746 4808//5746 3764//5746
f 4800//5747 4809//5747 3763//5747
f 3763//5748 4809//5748 4810//5748
f 3763//5749 4810//5749 3762//5749
f 3763//5750 3764//5750 4799//5750
f 4799//5751 3764//5751 4808//5751
f 4799//5752 4808//5752 4811//5752
f 4811//5753 4808//5753 4807//5753
f 4811//5754 4807//5754 4812//5754
f 4812//5755 4807//5755 4813//5755
f 4813//5756 4807//5756 4806//5756
f 4813//5757 4806//5757 4814//5757
f 4814//5758 4806//5758 4805//5758
f 4814//5759 4805//5759 4815//5759
f 4258//5760 4259//5760 4803//5760
f 4803//5761 4259//5761 4196//5761
f 4803//5762 4196//5762 4802//5762
f 4802//5763 4196//5763 4815//5763
f 4802//5764 4815//5764 3750//5764
f 3750//5765 4815//5765 4805//5765
f 3750//5766 4805//5766 3751//5766
f 3751//5767 4805//5767 3753//5767
f 4197//5768 4259//5768 4198//5768
f 4198//5769 4259//5769 4260//5769
f 4198//5770 4260//5770 4265//5770
f 4262//5771 4202//5771 4263//5771
f 4263//5772 4202//5772 4210//5772
f 4263//5773 4210//5773 4264//5773
f 4264//5774 4210//5774 4211//5774
f 4264//5775 4211//5775 4198//5775
f 4261//5776 4212//5776 4215//5776
f 4262//5777 4261//5777 4202//5777
f 4202//5778 4261//5778 4215//5778
f 4202//5779 4215//5779 4201//5779
f 4201//5780 4215//5780 4199//5780
f 4258//5781 4803//5781 4218//5781
f 4218//5782 4803//5782 4804//5782
f 4218//5783 4804//5783 4219//5783
f 4219//5784 4804//5784 3781//5784
f 4219//5785 3781//5785 4798//5785
f 4798//5786 3781//5786 3777//5786
f 4798//5787 3777//5787 3780//5787
f 4379//5788 4391//5788 4276//5788
f 4276//5789 4391//5789 4293//5789
f 4293//5790 4391//5790 4390//5790
f 4293//5791 4390//5791 4292//5791
f 4390//5792 4389//5792 4292//5792
f 4292//5793 4389//5793 4388//5793
f 4292//5794 4388//5794 4275//5794
f 4275//5795 4388//5795 4387//5795
f 4275//5796 4387//5796 4274//5796
f 4387//5797 4380//5797 4274//5797
f 4274//5798 4380//5798 4381//5798
f 4274//5799 4381//5799 4278//5799
f 4278//5800 4381//5800 4382//5800
f 4278//5801 4382//5801 4279//5801
f 4396//5802 4294//5802 4297//5802
f 4382//5803 4398//5803 4279//5803
f 4279//5804 4398//5804 4397//5804
f 4279//5805 4397//5805 4280//5805
f 4280//5806 4397//5806 4396//5806
f 4280//5807 4396//5807 4281//5807
f 4281//5808 4396//5808 4297//5808
f 4281//5809 4297//5809 4282//5809
f 4276//5810 4220//5810 4379//5810
f 4379//5811 4220//5811 4798//5811
f 4379//5812 4798//5812 4375//5812
f 4375//5813 4798//5813 4801//5813
f 4375//5814 4801//5814 4374//5814
f 4374//5815 4801//5815 3684//5815
f 4374//5816 3684//5816 3683//5816
f 4173//5817 4172//5817 4814//5817
f 4814//5818 4172//5818 4813//5818
f 4813//5819 4172//5819 4812//5819
f 4812//5820 4172//5820 4170//5820
f 4812//5821 4170//5821 4811//5821
f 4811//5822 4170//5822 4168//5822
f 4811//5823 4168//5823 4799//5823
f 4799//5824 4168//5824 4166//5824
f 4799//5825 4166//5825 4800//5825
f 4800//5826 4166//5826 4176//5826
f 4800//5827 4176//5827 4809//5827
f 4809//5828 4176//5828 4177//5828
f 4809//5829 4177//5829 4816//5829
f 4816//5829 4177//5829 4180//5829
f 4816//5830 4180//5830 4817//5830
f 4817//5831 4180//5831 4183//5831
f 4817//5832 4183//5832 4818//5832
f 4192//5833 4193//5833 4819//5833
f 4183//5834 4182//5834 4818//5834
f 4818//5835 4182//5835 4186//5835
f 4818//5836 4186//5836 4820//5836
f 4820//5837 4186//5837 4187//5837
f 4820//5838 4187//5838 4821//5838
f 4821//5839 4187//5839 4189//5839
f 4821//5840 4189//5840 4819//5840
f 4819//5841 4189//5841 4190//5841
f 4819//5842 4190//5842 4192//5842
f 4203//5843 4822//5843 4195//5843
f 4195//5845 4823//5845 4193//5845
f 4193//5846 4823//5846 4824//5846
f 4193//5847 4824//5847 4819//5847
f 4196//5848 4164//5848 4815//5848
f 4815//5849 4164//5849 4163//5849
f 4815//5850 4163//5850 4814//5850
f 4814//5851 4163//5851 4161//5851
f 4814//5852 4161//5852 4173//5852
f 4809//5853 4816//5853 4825//5853
f 4809//5853 4825//5853 4810//5853
f 4810//5854 4825//5854 3815//5854
f 4810//5854 3815//5854 3762//5854
f 4376//5855 4399//5855 4826//5855
f 3878//5856 3877//5856 4827//5856
f 3908//5857 4828//5857 3821//5857
f 4825//5858 4816//5858 4817//5858
f 3896//5859 3815//5859 4825//5859
f 4825//5860 4817//5860 3896//5860
f 3896//5861 4817//5861 4829//5861
f 3896//5862 4829//5862 3894//5862
f 3894//5863 4829//5863 3892//5863
f 3892//5864 4829//5864 4830//5864
f 3892//5865 4830//5865 3897//5865
f 3897//5866 4830//5866 4831//5866
f 3897//5867 4831//5867 3898//5867
f 4832//5868 4833//5868 3907//5868
f 3900//5869 4834//5869 3902//5869
f 3902//5870 4834//5870 4832//5870
f 3902//5871 4832//5871 3904//5871
f 3904//5872 4832//5872 3907//5872
f 3821//5873 4828//5873 3822//5873
f 3822//5874 4828//5874 4256//5874
f 3822//5875 4256//5875 3877//5875
f 3878//5876 4827//5876 3880//5876
f 3881//5877 4826//5877 3933//5877
f 3933//5878 4826//5878 4399//5878
f 3933//5879 4399//5879 3934//5879
f 3934//5880 4399//5880 4835//5880
f 3934//5881 4835//5881 3882//5881
f 3877//5882 4256//5882 4827//5882
f 4827//5883 4256//5883 4273//5883
f 4827//5884 4273//5884 4272//5884
f 3881//5885 3880//5885 4826//5885
f 4826//5886 3880//5886 4827//5886
f 4826//5887 4827//5887 4376//5887
f 4376//5888 4827//5888 4272//5888
f 4376//5889 4272//5889 4377//5889
f 4377//5890 4272//5890 4277//5890
f 4377//5891 4277//5891 4378//5891
f 4277//5892 4291//5892 4378//5892
f 4378//5893 4291//5893 4290//5893
f 4378//5894 4290//5894 4383//5894
f 4383//5895 4290//5895 4289//5895
f 4383//5896 4289//5896 4384//5896
f 4384//5897 4289//5897 4288//5897
f 4384//5898 4288//5898 4385//5898
f 4385//5899 4288//5899 4287//5899
f 4385//5900 4287//5900 4386//5900
f 4386//5901 4287//5901 4286//5901
f 4386//5902 4286//5902 4392//5902
f 4392//5903 4286//5903 4285//5903
f 4392//5904 4285//5904 4393//5904
f 4393//5905 4285//5905 4284//5905
f 4393//5906 4284//5906 4394//5906
f 4284//5907 4283//5907 4394//5907
f 4394//5908 4283//5908 4296//5908
f 4394//5909 4296//5909 4395//5909
f 4395//5910 4296//5910 4295//5910
f 3908//5911 3907//5911 4828//5911
f 4828//5912 3907//5912 4833//5912
f 4828//5913 4833//5913 4256//5913
f 4256//5914 4833//5914 4257//5914
f 4832//5915 4822//5915 4833//5915
f 4833//5916 4822//5916 4203//5916
f 4833//5917 4203//5917 4257//5917
f 4257//5918 4203//5918 4204//5918
f 4200//5919 4270//5919 4207//5919
f 4207//5920 4270//5920 4269//5920
f 4207//5921 4269//5921 4206//5921
f 4206//5922 4269//5922 4268//5922
f 4206//5923 4268//5923 4205//5923
f 4205//5924 4268//5924 4267//5924
f 4205//5925 4267//5925 4204//5925
f 4204//5926 4267//5926 4266//5926
f 4204//5927 4266//5927 4257//5927
f 4208//5928 4209//5928 4214//5928
f 4200//5929 4208//5929 4270//5929
f 4270//5930 4208//5930 4214//5930
f 4270//5931 4214//5931 4271//5931
f 4271//5932 4214//5932 4213//5932
f 4821//5933 4819//5933 4834//5933
f 4834//5934 4819//5934 4824//5934
f 4834//5935 4824//5935 4832//5935
f 4832//5936 4824//5936 4823//5936
f 4832//5937 4823//5937 4822//5937
f 4817//5938 4818//5938 4829//5938
f 4829//5939 4818//5939 4820//5939
f 4829//5940 4820//5940 4830//5940
f 4830//5941 4820//5941 4821//5941
f 4830//5942 4821//5942 4831//5942
f 4831//5943 4821//5943 4834//5943
f 4831//5944 4834//5944 3898//5944
f 3898//5945 4834//5945 3900//5945
f 4676//5946 4695//5946 4836//5946
f 4402//5947 4835//5947 4400//5947
f 4400//5948 4835//5948 4399//5948
f 4527//5949 4561//5949 4836//5949
f 4836//5950 4561//5950 4837//5950
f 4837//5951 4561//5951 4567//5951
f 4837//5952 4567//5952 4568//5952
f 4544//5953 4527//5953 3940//5953
f 3940//5954 4527//5954 4836//5954
f 3940//5955 4836//5955 3939//5955
f 3939//5956 4836//5956 3937//5956
f 3937//5957 4836//5957 3938//5957
f 3938//5958 4836//5958 4695//5958
f 3938//5959 4695//5959 4838//5959
f 4838//5960 3492//5960 3938//5960
f 3938//5961 3492//5961 3491//5961
f 3938//5962 3491//5962 3496//5962
f 4839//5963 4840//5963 4719//5963
f 4719//5964 4840//5964 4841//5964
f 4719//5965 4841//5965 4695//5965
f 4695//5966 4841//5966 4842//5966
f 4695//5967 4842//5967 4838//5967
f 4719//5968 4720//5968 4839//5968
f 4839//5969 4720//5969 4738//5969
f 4839//5970 4738//5970 4843//5970
f 4843//5971 4738//5971 4737//5971
f 4843//5972 4737//5972 4844//5972
f 4844//5973 4737//5973 4845//5973
f 4737//5974 4736//5974 4845//5974
f 4845//5975 4736//5975 4735//5975
f 4845//5976 4735//5976 4846//5976
f 4846//5977 4735//5977 4734//5977
f 4846//5978 4734//5978 4753//5978
f 4753//5979 4734//5979 4751//5979
f 4734//5980 4733//5980 4751//5980
f 4751//5981 4733//5981 4732//5981
f 4751//5982 4732//5982 4755//5982
f 4755//5983 4732//5983 4731//5983
f 4755//5984 4731//5984 4757//5984
f 4757//5985 4731//5985 4759//5985
f 4759//5986 4731//5986 4730//5986
f 4759//5987 4730//5987 4761//5987
f 4730//5988 4722//5988 4761//5988
f 4761//5989 4722//5989 4721//5989
f 4761//5990 4721//5990 4763//5990
f 4763//5991 4721//5991 4750//5991
f 4763//5992 4750//5992 4749//5992
f 4747//5993 4797//5993 4748//5993
f 4748//5994 4797//5994 4767//5994
f 4748//5995 4767//5995 4749//5995
f 4749//5996 4767//5996 4765//5996
f 4749//5997 4765//5997 4763//5997
f 4837//5998 4682//5998 4672//5998
f 4837//5999 4672//5999 4836//5999
f 4836//6000 4672//6000 4674//6000
f 4836//6001 4674//6001 4676//6001
f 4847//6002 4679//6002 4837//6002
f 4837//6003 4679//6003 4681//6003
f 4837//6004 4681//6004 4682//6004
f 4671//6005 4670//6005 4848//6005
f 4848//6006 4670//6006 4668//6006
f 4848//6007 4668//6007 4847//6007
f 4847//6008 4668//6008 4667//6008
f 4847//6009 4667//6009 4679//6009
f 4671//6010 4848//6010 4665//6010
f 4665//6011 4848//6011 4849//6011
f 4665//6012 4849//6012 4663//6012
f 4663//6013 4849//6013 4850//6013
f 4663//6014 4850//6014 4689//6014
f 4689//6015 4850//6015 4851//6015
f 4689//6016 4851//6016 4687//6016
f 4687//6017 4851//6017 4852//6017
f 4687//6018 4852//6018 4685//6018
f 4685//6019 4852//6019 4853//6019
f 4685//6020 4853//6020 4692//6020
f 4853//6021 4590//6021 4692//6021
f 4692//6022 4590//6022 4606//6022
f 4692//6023 4606//6023 4693//6023
f 4693//6024 4606//6024 4604//6024
f 4583//6025 4593//6025 4852//6025
f 4852//6026 4593//6026 4592//6026
f 4852//6027 4592//6027 4853//6027
f 4853//6028 4592//6028 4591//6028
f 4853//6029 4591//6029 4590//6029
f 4583//6030 4852//6030 4584//6030
f 4584//6031 4852//6031 4851//6031
f 4584//6032 4851//6032 4585//6032
f 4585//6033 4851//6033 4850//6033
f 4585//6034 4850//6034 4586//6034
f 4586//6035 4850//6035 4573//6035
f 4573//6036 4850//6036 4849//6036
f 4573//6037 4849//6037 4574//6037
f 4574//6038 4849//6038 4848//6038
f 4574//6039 4848//6039 4575//6039
f 4575//6040 4848//6040 4576//6040
f 4576//6041 4848//6041 4847//6041
f 4576//6042 4847//6042 4570//6042
f 4568//6043 4564//6043 4837//6043
f 4837//6044 4564//6044 4563//6044
f 4837//6045 4563//6045 4847//6045
f 4847//6046 4563//6046 4569//6046
f 4847//6047 4569//6047 4570//6047
f 3882//6048 4835//6048 3940//6048
f 3940//6049 4835//6049 4402//6049
f 3940//6050 4402//6050 4544//6050
f 4544//6051 4402//6051 4438//6051
f 4544//6052 4438//6052 4545//6052
f 4545//6053 4438//6053 4437//6053
f 4545//6054 4437//6054 4546//6054
f 4546//6055 4437//6055 4436//6055
f 4546//6056 4436//6056 4547//6056
f 4547//6057 4436//6057 4435//6057
f 4547//6058 4435//6058 4548//6058
f 4548//6059 4435//6059 4434//6059
f 4548//6060 4434//6060 4549//6060
f 4549//6061 4434//6061 4441//6061
f 4549//6062 4441//6062 4552//6062
f 4552//6063 4441//6063 4440//6063
f 4552//6064 4440//6064 4551//6064
f 4551//6065 4440//6065 4439//6065
f 4551//6066 4439//6066 4550//6066
f 4550//6067 4439//6067 4423//6067
f 4550//6068 4423//6068 4554//6068
f 4554//6069 4423//6069 4543//6069
f 4543//6070 4423//6070 4446//6070
f 4543//6071 4446//6071 4542//6071
f 4542//6072 4446//6072 4445//6072
f 4542//6073 4445//6073 4541//6073
f 4541//6074 4445//6074 4444//6074
f 4541//6075 4444//6075 4555//6075
f 4555//6076 4444//6076 4443//6076
f 4555//6077 4443//6077 4556//6077
f 4556//6078 4443//6078 4442//6078
f 4556//6079 4442//6079 4557//6079
f 4442//6080 4447//6080 4557//6080
f 4557//6081 4447//6081 4788//6081
f 4557//6082 4788//6082 4558//6082
f 4558//6083 4788//6083 4559//6083
f 4854//6084 4855//6084 4856//6084
f 4857//6085 4858//6085 4859//6085
f 4859//6086 4858//6086 4860//6086
f 4859//6087 4860//6087 4861//6087
f 4854//6088 4856//6088 4862//6088
f 4863//6089 4864//6089 4865//6089
f 4865//6090 4864//6090 4866//6090
f 4865//6091 4866//6091 4867//6091
f 4867//6092 4866//6092 4868//6092
f 4869//6093 4870//6093 4871//6093
f 4871//6094 4870//6094 4872//6094
f 4871//6095 4872//6095 4866//6095
f 4866//6096 4872//6096 4873//6096
f 4866//6097 4873//6097 4868//6097
f 4874//6098 4875//6098 4876//6098
f 4876//6099 4875//6099 4877//6099
f 4876//6100 4877//6100 4869//6100
f 4869//6101 4877//6101 4878//6101
f 4869//6102 4878//6102 4870//6102
f 4863//6103 4862//6103 4864//6103
f 4864//6104 4862//6104 4856//6104
f 4864//6105 4856//6105 4879//6105
f 4879//6106 4856//6106 4880//6106
f 4855//6107 4857//6107 4856//6107
f 4856//6108 4857//6108 4859//6108
f 4856//6109 4859//6109 4880//6109
f 4880//6110 4859//6110 4881//6110
f 4878//6111 4877//6111 4882//6111
f 4877//6112 4875//6112 4883//6112
f 4878//6113 4882//6113 4870//6113
f 4884//6114 4885//6114 4886//6114
f 4886//6115 4885//6115 4887//6115
f 4887//6116 4885//6116 4888//6116
f 4888//6117 4885//6117 4889//6117
f 4888//6118 4889//6118 4868//6118
f 4890//6119 4857//6119 4855//6119
f 4890//6120 4855//6120 4891//6120
f 4891//6121 4855//6121 4854//6121
f 4891//6122 4854//6122 4892//6122
f 4892//6123 4854//6123 4862//6123
f 4892//6124 4862//6124 4884//6124
f 4884//6125 4862//6125 4863//6125
f 4884//6126 4863//6126 4885//6126
f 4885//6127 4863//6127 4865//6127
f 4885//6128 4865//6128 4889//6128
f 4890//6131 4893//6131 4857//6131
f 4857//6132 4893//6132 4894//6132
f 4857//6133 4894//6133 4858//6133
f 4858//6134 4894//6134 4895//6134
f 4858//6135 4895//6135 4860//6135
f 4860//6136 4895//6136 4896//6136
f 4860//6137 4896//6137 4861//6137
f 4886//6138 4897//6138 4884//6138
f 4884//6139 4897//6139 4898//6139
f 4884//6140 4898//6140 4892//6140
f 4892//6142 4899//6142 4891//6142
f 4900//6143 4897//6143 4882//6143
f 4882//6144 4897//6144 4886//6144
f 4882//6145 4886//6145 4870//6145
f 4870//6146 4886//6146 4887//6146
f 4870//6147 4887//6147 4872//6147
f 4872//6148 4887//6148 4888//6148
f 4872//6149 4888//6149 4873//6149
f 4873//6150 4888//6150 4868//6150
f 4877//6151 4883//6151 4882//6151
f 4882//6152 4883//6152 4901//6152
f 4882//6153 4901//6153 4900//6153
f 4902//6154 4903//6154 4883//6154
f 4883//6155 4903//6155 4904//6155
f 4883//6156 4904//6156 4901//6156
f 4905//6157 4906//6157 4907//6157
f 4905//6158 4908//6158 4906//6158
f 4906//6159 4908//6159 4909//6159
f 4906//6160 4909//6160 4910//6160
f 4875//6161 4874//6161 4883//6161
f 4883//6162 4874//6162 4911//6162
f 4883//6163 4911//6163 4902//6163
f 4902//6164 4911//6164 4912//6164
f 4874//6165 4913//6165 4911//6165
f 4911//6166 4913//6166 4914//6166
f 4911//6167 4914//6167 4912//6167
f 4912//6168 4914//6168 4915//6168
f 4912//6169 4915//6169 4916//6169
f 4916//6170 4915//6170 4917//6170
f 4916//6171 4917//6171 4918//6171
f 4918//6172 4917//6172 4919//6172
f 4918//6173 4919//6173 4920//6173
f 4920//6174 4919//6174 4921//6174
f 4920//6175 4921//6175 4907//6175
f 4907//6176 4921//6176 4922//6176
f 4907//6177 4922//6177 4905//6177
f 4923//6178 4924//6178 4925//6178
f 4925//6179 4924//6179 4926//6179
f 4927//6180 4928//6180 4929//6180
f 4930//6181 4931//6181 4932//6181
f 4933//6182 4934//6182 4935//6182
f 4934//6183 4933//6183 4936//6183
f 4936//6184 4933//6184 4910//6184
f 4936//6185 4910//6185 4937//6185
f 4937//6186 4910//6186 4909//6186
f 4937//6187 4909//6187 4908//6187
f 4938//6188 4939//6188 4935//6188
f 4935//6189 4939//6189 4940//6189
f 4935//6190 4940//6190 4933//6190
f 4941//6191 4942//6191 4943//6191
f 4943//6192 4942//6192 4944//6192
f 4943//6193 4944//6193 4945//6193
f 4945//6194 4944//6194 4946//6194
f 4941//6195 4943//6195 4947//6195
f 4947//6196 4943//6196 4948//6196
f 4947//6197 4948//6197 4949//6197
f 4950//6198 4929//6198 4951//6198
f 4951//6199 4952//6199 4950//6199
f 4950//6200 4952//6200 4949//6200
f 4950//6201 4949//6201 4953//6201
f 4931//6202 4930//6202 4928//6202
f 4928//6203 4930//6203 4954//6203
f 4928//6204 4954//6204 4929//6204
f 4955//6205 4956//6205 4957//6205
f 4957//6206 4956//6206 4958//6206
f 4957//6207 4958//6207 4932//6207
f 4932//6208 4958//6208 4959//6208
f 4932//6209 4959//6209 4930//6209
f 4927//6210 4929//6210 4960//6210
f 4960//6211 4929//6211 4950//6211
f 4960//6212 4950//6212 4961//6212
f 4961//6213 4950//6213 4953//6213
f 4961//6214 4953//6214 4926//6214
f 4926//6215 4953//6215 4962//6215
f 4926//6216 4962//6216 4925//6216
f 4949//6217 4948//6217 4953//6217
f 4953//6218 4948//6218 4963//6218
f 4953//6219 4963//6219 4962//6219
f 4962//6220 4963//6220 4964//6220
f 4962//6221 4964//6221 4925//6221
f 4925//6222 4964//6222 4965//6222
f 4925//6223 4965//6223 4923//6223
f 4966//6224 4967//6224 4948//6224
f 4948//6225 4967//6225 4968//6225
f 4948//6226 4968//6226 4963//6226
f 4963//6227 4968//6227 4969//6227
f 4963//6228 4969//6228 4964//6228
f 4964//6229 4969//6229 4970//6229
f 4964//6230 4970//6230 4965//6230
f 4965//6232 4971//6232 4923//6232
f 4966//6233 4948//6233 4972//6233
f 4972//6234 4948//6234 4943//6234
f 4972//6235 4943//6235 4973//6235
f 4973//6236 4943//6236 4974//6236
f 4974//6237 4943//6237 4945//6237
f 4974//6238 4945//6238 4975//6238
f 4975//6239 4945//6239 4946//6239
f 4975//6240 4946//6240 4938//6240
f 4938//6241 4946//6241 4976//6241
f 4938//6242 4976//6242 4939//6242
f 4923//6243 4971//6243 4977//6243
f 4978//6244 4979//6244 4955//6244
f 4980//6245 4979//6245 4981//6245
f 4981//6246 4979//6246 4978//6246
f 4981//6247 4978//6247 4982//6247
f 4982//6248 4978//6248 4983//6248
f 4982//6249 4983//6249 4984//6249
f 4984//6250 4983//6250 4985//6250
f 4923//6251 4977//6251 4924//6251
f 4928//6252 4927//6252 4983//6252
f 4983//6253 4927//6253 4960//6253
f 4983//6254 4960//6254 4985//6254
f 4985//6255 4960//6255 4961//6255
f 4985//6256 4961//6256 4977//6256
f 4977//6257 4961//6257 4926//6257
f 4977//6258 4926//6258 4924//6258
f 4971//6259 4970//6259 4977//6259
f 4977//6260 4970//6260 4969//6260
f 4977//6261 4969//6261 4986//6261
f 4986//6262 4969//6262 4968//6262
f 4986//6263 4968//6263 4987//6263
f 4987//6264 4968//6264 4967//6264
f 4987//6265 4967//6265 4988//6265
f 4988//6266 4967//6266 4966//6266
f 4988//6267 4966//6267 4989//6267
f 4989//6268 4966//6268 4972//6268
f 4955//6269 4957//6269 4978//6269
f 4978//6270 4957//6270 4932//6270
f 4978//6271 4932//6271 4983//6271
f 4983//6272 4932//6272 4931//6272
f 4983//6273 4931//6273 4928//6273
f 4786//2212 4980//2212 4789//2212
f 4789//2212 4980//2212 4981//2212
f 4789//2212 4981//2212 4790//2212
f 4790//2212 4981//2212 4982//2212
f 4790//2212 4982//2212 4791//2212
f 4791//2212 4982//2212 4984//2212
f 4791//2212 4984//2212 4792//2212
f 4838//2212 4842//2212 4881//2212
f 4881//2212 4842//2212 4841//2212
f 4881//2212 4841//2212 4880//2212
f 4880//2212 4841//2212 4840//2212
f 4880//2212 4840//2212 4879//2212
f 4879//2212 4840//2212 4839//2212
f 4879//2212 4839//2212 4864//2212
f 4864//2212 4839//2212 4843//2212
f 4864//2460 4843//2460 4866//2460
f 4866//2212 4843//2212 4844//2212
f 4866//2212 4844//2212 4871//2212
f 4871//2212 4844//2212 4845//2212
f 4871//2212 4845//2212 4869//2212
f 4869//2212 4845//2212 4846//2212
f 4869//2212 4846//2212 4876//2212
f 4792//2212 4984//2212 4795//2212
f 4795//2212 4984//2212 4985//2212
f 4795//2212 4985//2212 4796//2212
f 4796//2212 4985//2212 4977//2212
f 4796//2212 4977//2212 4793//2212
f 4760//2212 4762//2212 4919//2212
f 4846//2212 4753//2212 4876//2212
f 4876//2212 4753//2212 4752//2212
f 4876//2212 4752//2212 4874//2212
f 4874//2212 4752//2212 4754//2212
f 4874//2212 4754//2212 4913//2212
f 4913//2212 4754//2212 4756//2212
f 4913//2212 4756//2212 4914//2212
f 4914//2212 4756//2212 4758//2212
f 4914//2212 4758//2212 4915//2212
f 4915//2212 4758//2212 4760//2212
f 4915//2212 4760//2212 4917//2212
f 4917//2212 4760//2212 4919//2212
f 4793//2212 4977//2212 4794//2212
f 4794//2212 4977//2212 4986//2212
f 4794//2212 4986//2212 4778//2212
f 4781//2212 4973//2212 4782//2212
f 4782//2212 4973//2212 4974//2212
f 4782//2212 4974//2212 4775//2212
f 4775//2212 4974//2212 4975//2212
f 4775//2212 4975//2212 4772//2212
f 4772//2212 4975//2212 4938//2212
f 4772//2212 4938//2212 4771//2212
f 4771//2212 4938//2212 4935//2212
f 4771//2212 4935//2212 4769//2212
f 4935//2212 4934//2212 4769//2212
f 4769//2212 4934//2212 4936//2212
f 4769//2212 4936//2212 4768//2212
f 4936//2212 4937//2212 4768//2212
f 4768//2212 4937//2212 4908//2212
f 4768//2212 4908//2212 4766//2212
f 4766//2212 4908//2212 4905//2212
f 4766//2212 4905//2212 4764//2212
f 4764//2212 4905//2212 4922//2212
f 4764//2212 4922//2212 4762//2212
f 4762//2212 4922//2212 4921//2212
f 4762//2212 4921//2212 4919//2212
f 4986//2212 4987//2212 4778//2212
f 4778//2212 4987//2212 4988//2212
f 4778//2212 4988//2212 4779//2212
f 4779//2463 4988//2463 4989//2463
f 4779//2212 4989//2212 4781//2212
f 4781//2212 4989//2212 4972//2212
f 4781//2212 4972//2212 4973//2212
f 4838//6274 4881//6274 4859//6274
f 4838//6275 4859//6275 3492//6275
f 4859//6276 4861//6276 3492//6276
f 3492//6277 4861//6277 4896//6277
f 3492//6278 4896//6278 3490//6278
f 3646//2204 3645//2204 4898//2204
f 4898//5458 3645//5458 4899//5458
f 4951//2204 4990//2204 4952//2204
f 4952//2204 4990//2204 4991//2204
f 4952//2204 4991//2204 4949//2204
f 4949//2204 4991//2204 4992//2204
f 4949//2204 4992//2204 4993//2204
f 4951//2696 4929//2696 4990//2696
f 4990//2204 4929//2204 4954//2204
f 4990//2204 4954//2204 4994//2204
f 4994//2204 4954//2204 4995//2204
f 3490//2204 4896//2204 3648//2204
f 3648//2204 4896//2204 4895//2204
f 3648//2204 4895//2204 3649//2204
f 3649//2204 4895//2204 4894//2204
f 3649//2204 4894//2204 3650//2204
f 3636//2204 4903//2204 3493//2204
f 3493//2204 4903//2204 4902//2204
f 3493//2204 4902//2204 3494//2204
f 3494//2204 4902//2204 4912//2204
f 3494//2204 4912//2204 3637//2204
f 4956//2204 4996//2204 4958//2204
f 4958//2204 4996//2204 4997//2204
f 4958//2204 4997//2204 4959//2204
f 4959//2204 4997//2204 4995//2204
f 4959//2204 4995//2204 4930//2204
f 4930//2204 4995//2204 4954//2204
f 4894//2204 4893//2204 3650//2204
f 3650//2696 4893//2696 4890//2696
f 3650//2204 4890//2204 3645//2204
f 3645//2204 4890//2204 4891//2204
f 3645//2605 4891//2605 4899//2605
f 4993//2204 4998//2204 4949//2204
f 4949//2204 4998//2204 4999//2204
f 4949//2204 4999//2204 4947//2204
f 4947//2204 4999//2204 5000//2204
f 4947//2285 5000//2285 4941//2285
f 4941//2204 5000//2204 5001//2204
f 4941//2204 5001//2204 4942//2204
f 4942//2204 5001//2204 5002//2204
f 4942//2204 5002//2204 4944//2204
f 4944//2204 5002//2204 5003//2204
f 4944//2204 5003//2204 4946//2204
f 4946//2204 5003//2204 5004//2204
f 4946//2204 5004//2204 4976//2204
f 3635//2204 4901//2204 3636//2204
f 3636//2204 4901//2204 4904//2204
f 3636//2204 4904//2204 4903//2204
f 3646//2204 4898//2204 3647//2204
f 3647//2204 4898//2204 4897//2204
f 3647//2204 4897//2204 3635//2204
f 3635//2204 4897//2204 4900//2204
f 3635//2204 4900//2204 4901//2204
f 4976//2204 5004//2204 4939//2204
f 4939//2204 5004//2204 5005//2204
f 4939//2204 5005//2204 4940//2204
f 4940//2204 5005//2204 5006//2204
f 4940//2204 5006//2204 4933//2204
f 4912//2204 4916//2204 3637//2204
f 3637//2204 4916//2204 4918//2204
f 3637//2204 4918//2204 3638//2204
f 3638//2204 4918//2204 4920//2204
f 3638//2204 4920//2204 3639//2204
f 3639//2204 4920//2204 4907//2204
f 3639//2204 4907//2204 3640//2204
f 3640//2204 4907//2204 4906//2204
f 3640//2204 4906//2204 3641//2204
f 3641//2204 4906//2204 4910//2204
f 5006//2204 5007//2204 4933//2204
f 4933//2204 5007//2204 5008//2204
f 4933//2204 5008//2204 4910//2204
f 4910//2204 5008//2204 5009//2204
f 4910//2204 5009//2204 3641//2204
f 4996//6278 4956//6278 4785//6278
f 4785//6279 4956//6279 4955//6279
f 4785//6280 4955//6280 4786//6280
f 4786//6281 4955//6281 4979//6281
f 4786//6274 4979//6274 4980//6274
f 4075//6282 5010//6282 4077//6282
f 3457//6283 3459//6283 5011//6283
f 1408//6284 5012//6284 1409//6284
f 3529//6285 1522//6285 1532//6285
f 1527//6286 5013//6286 1528//6286
f 1505//6287 5014//6287 1525//6287
f 1538//6288 1534//6288 5015//6288
f 1536//6289 5016//6289 1534//6289
f 1662//6290 1561//6290 1560//6290
f 5017//6291 5018//6291 5019//6291
f 3521//6292 1752//6292 1744//6292
f 1737//6293 1735//6293 5020//6293
f 5020//6294 1735//6294 1733//6294
f 1797//6295 5021//6295 1798//6295
f 1808//6296 5022//6296 1807//6296
f 1900//6297 1809//6297 1811//6297
f 1886//6298 5023//6298 1884//6298
f 2046//6299 5024//6299 5025//6299
f 2036//6300 1931//6300 1930//6300
f 2033//6301 5026//6301 2035//6301
f 2027//6302 5027//6302 2029//6302
f 2093//6303 5028//6303 2094//6303
f 2159//6304 5029//6304 2161//6304
f 2374//6305 5030//6305 2375//6305
f 2357//6306 2361//6306 5031//6306
f 5031//6307 2361//6307 2362//6307
f 2529//6308 5032//6308 2530//6308
f 2527//6309 5033//6309 2528//6309
f 2524//6310 5034//6310 2526//6310
f 2681//6311 2683//6311 5035//6311
f 2655//6312 2573//6312 2555//6312
f 2665//6313 5036//6313 2673//6313
f 5037//6314 2571//6314 2570//6314
f 2758//6315 5038//6315 2759//6315
f 2754//6316 5039//6316 2755//6316
f 2759//6317 5038//6317 2760//6317
f 2836//6318 5040//6318 2834//6318
f 3018//6319 5041//6319 3016//6319
f 3011//6320 5042//6320 3010//6320
f 3094//6321 5043//6321 3093//6321
f 3093//6322 5043//6322 3090//6322
f 3206//6323 5044//6323 3205//6323
f 3246//6324 5045//6324 5046//6324
f 3389//6325 5047//6325 3399//6325
f 3392//6326 3393//6326 5048//6326
f 5049//6327 3404//6327 3405//6327
f 4992//6328 4991//6328 5050//6328
f 4990//6329 4994//6329 5048//6329
f 5048//6330 4994//6330 4995//6330
f 4999//6331 4998//6331 5050//6331
f 5050//6332 4998//6332 4993//6332
f 5050//6333 4993//6333 4992//6333
f 4990//6334 5048//6334 4991//6334
f 4991//6335 5048//6335 3393//6335
f 4991//6336 3393//6336 5050//6336
f 5050//6337 3393//6337 3394//6337
f 5050//6338 3394//6338 4999//6338
f 3394//6339 3395//6339 4999//6339
f 4999//6340 3395//6340 5051//6340
f 4999//6341 5051//6341 5000//6341
f 5000//6342 5051//6342 5001//6342
f 5001//6343 5051//6343 5002//6343
f 5002//6344 5051//6344 5049//6344
f 5002//6345 5049//6345 5003//6345
f 5003//6346 5049//6346 3405//6346
f 5003//6347 3405//6347 5004//6347
f 3405//6348 3406//6348 5004//6348
f 5004//6349 3406//6349 3407//6349
f 5004//6350 3407//6350 5005//6350
f 5005//6351 3407//6351 5006//6351
f 5006//6352 3407//6352 3418//6352
f 5006//6353 3418//6353 5007//6353
f 3419//6354 3420//6354 3642//6354
f 5007//6355 3418//6355 5008//6355
f 5008//6356 3418//6356 3419//6356
f 5008//6357 3419//6357 5009//6357
f 5009//6358 3419//6358 3642//6358
f 5009//6359 3642//6359 3641//6359
f 3395//6360 3396//6360 5051//6360
f 5051//6361 3396//6361 3397//6361
f 5051//6362 3397//6362 5049//6362
f 5049//6363 3397//6363 3403//6363
f 5049//6364 3403//6364 3404//6364
f 3388//6365 3401//6365 4996//6365
f 4996//6366 3401//6366 3400//6366
f 4996//6367 3400//6367 4997//6367
f 4997//6368 3400//6368 3399//6368
f 4997//6369 3399//6369 4995//6369
f 4995//6370 3399//6370 5047//6370
f 4995//6371 5047//6371 5048//6371
f 5048//6372 5047//6372 3389//6372
f 5048//6373 3389//6373 3392//6373
f 4045//6374 3355//6374 4046//6374
f 4046//6375 3355//6375 3388//6375
f 4046//6376 3388//6376 4784//6376
f 4784//6377 3388//6377 4996//6377
f 4784//6378 4996//6378 4785//6378
f 4045//6379 5052//6379 3355//6379
f 3355//6380 5052//6380 5053//6380
f 3355//6381 5053//6381 3356//6381
f 3356//6382 5053//6382 3243//6382
f 3357//6383 5046//6383 3358//6383
f 3358//6384 5046//6384 5045//6384
f 3358//6385 5045//6385 3373//6385
f 3359//6386 5054//6386 3360//6386
f 3360//6387 5054//6387 5055//6387
f 3360//6388 5055//6388 3377//6388
f 3264//6389 3380//6389 3251//6389
f 3251//6390 3380//6390 3381//6390
f 3251//6391 3381//6391 3261//6391
f 3261//6392 3381//6392 3382//6392
f 3385//6393 3384//6393 3264//6393
f 3264//6394 3384//6394 3383//6394
f 3264//6395 3383//6395 3380//6395
f 3264//6396 3265//6396 3385//6396
f 3385//6397 3265//6397 3266//6397
f 3385//6398 3266//6398 3386//6398
f 3259//6399 5056//6399 3258//6399
f 3258//6400 5056//6400 5057//6400
f 3258//6401 5057//6401 3234//6401
f 3234//6402 5057//6402 5058//6402
f 3234//6403 5058//6403 3235//6403
f 3373//6404 5045//6404 3372//6404
f 3372//6405 5045//6405 3246//6405
f 3372//6406 3246//6406 3359//6406
f 3359//6407 3246//6407 3245//6407
f 3359//6408 3245//6408 5054//6408
f 5054//6409 3245//6409 3244//6409
f 5054//6410 3244//6410 5055//6410
f 5055//6411 3244//6411 3235//6411
f 5055//6412 3235//6412 3377//6412
f 3377//6413 3235//6413 5058//6413
f 3377//6414 5058//6414 3376//6414
f 3376//6415 5058//6415 5057//6415
f 3376//6416 5057//6416 3375//6416
f 3375//6417 5057//6417 5056//6417
f 3375//6418 5056//6418 3374//6418
f 3374//6419 5056//6419 3259//6419
f 3374//6420 3259//6420 3382//6420
f 3382//6421 3259//6421 3260//6421
f 3382//6422 3260//6422 3261//6422
f 3243//6423 3242//6423 3356//6423
f 3356//6424 3242//6424 3241//6424
f 3356//6425 3241//6425 3357//6425
f 3357//6426 3241//6426 3248//6426
f 3357//6427 3248//6427 5046//6427
f 5046//6428 3248//6428 3247//6428
f 5046//6429 3247//6429 3246//6429
f 3080//6430 3210//6430 3045//6430
f 3045//6431 3210//6431 3211//6431
f 3045//6432 3211//6432 5052//6432
f 5052//6433 3211//6433 3232//6433
f 5052//6434 3232//6434 5053//6434
f 5053//6435 3232//6435 3233//6435
f 5053//6436 3233//6436 3243//6436
f 3209//6437 5059//6437 3208//6437
f 3208//6438 5059//6438 5060//6438
f 3208//6439 5060//6439 3207//6439
f 3085//6440 5044//6440 3084//6440
f 3084//6441 5044//6441 3206//6441
f 3084//6442 3206//6442 3083//6442
f 3083//6443 3206//6443 3207//6443
f 3083//6444 3207//6444 3082//6444
f 3082//6445 3207//6445 5060//6445
f 3082//6446 5060//6446 3081//6446
f 3081//6447 5060//6447 5059//6447
f 3081//6448 5059//6448 3080//6448
f 3080//6449 5059//6449 3209//6449
f 3080//6450 3209//6450 3210//6450
f 3089//6451 3216//6451 3088//6451
f 3088//6452 3216//6452 3217//6452
f 3088//6453 3217//6453 5061//6453
f 5061//6454 3217//6454 3218//6454
f 5061//6455 3218//6455 5062//6455
f 5062//6456 3218//6456 3204//6456
f 3089//6457 3090//6457 3216//6457
f 3216//6458 3090//6458 5043//6458
f 3216//6459 5043//6459 3215//6459
f 3215//6460 5043//6460 3094//6460
f 3215//6461 3094//6461 3214//6461
f 3098//6462 3212//6462 3097//6462
f 3097//6463 3212//6463 3213//6463
f 3097//6464 3213//6464 3096//6464
f 3096//6465 3213//6465 3214//6465
f 3096//6466 3214//6466 3095//6466
f 3095//6467 3214//6467 3094//6467
f 3102//6468 3220//6468 3098//6468
f 3098//6469 3220//6469 3219//6469
f 3098//6470 3219//6470 3212//6470
f 3231//6472 3220//6472 3102//6472
f 3231//6473 3102//6473 3230//6473
f 3230//6474 3102//6474 3103//6474
f 3230//6475 3103//6475 3229//6475
f 3205//6476 5044//6476 3204//6476
f 3204//6477 5044//6477 3085//6477
f 3204//6478 3085//6478 5062//6478
f 5062//6479 3085//6479 3086//6479
f 5062//6480 3086//6480 5061//6480
f 5061//6481 3086//6481 3087//6481
f 5061//6482 3087//6482 3088//6482
f 5042//6483 3011//6483 5063//6483
f 4045//6484 4085//6484 5052//6484
f 5052//6485 4085//6485 4084//6485
f 5052//6486 4084//6486 3045//6486
f 3045//6487 4084//6487 4083//6487
f 3045//6488 4083//6488 2993//6488
f 2993//6489 4083//6489 5063//6489
f 2993//6490 5063//6490 2994//6490
f 2994//6491 5063//6491 3011//6491
f 3018//6492 3020//6492 2902//6492
f 3020//6493 3021//6493 2902//6493
f 2902//6494 3021//6494 3008//6494
f 2902//6495 3008//6495 2903//6495
f 3016//6496 5041//6496 3014//6496
f 2986//6497 5064//6497 2987//6497
f 2987//6498 5064//6498 5065//6498
f 2987//6499 5065//6499 3004//6499
f 2916//6500 2917//6500 3006//6500
f 3006//6501 2917//6501 5066//6501
f 3006//6502 5066//6502 3023//6502
f 3027//6503 3025//6503 5067//6503
f 2929//6504 2930//6504 3034//6504
f 2938//6505 3501//6505 2937//6505
f 2937//6506 3501//6506 2936//6506
f 3034//6507 2930//6507 3036//6507
f 3036//6508 2930//6508 2935//6508
f 3036//6509 2935//6509 3037//6509
f 3037//6510 2935//6510 2936//6510
f 3037//6511 2936//6511 3039//6511
f 3039//6512 2936//6512 3501//6512
f 3039//6513 3501//6513 3040//6513
f 3025//6514 3023//6514 5067//6514
f 5067//6515 3023//6515 5066//6515
f 5067//6516 5066//6516 2918//6516
f 2918//6517 5066//6517 2917//6517
f 3034//6518 3032//6518 2929//6518
f 2929//6519 3032//6519 3031//6519
f 2929//6520 3031//6520 2928//6520
f 2928//6521 3031//6521 3027//6521
f 2928//6522 3027//6522 2920//6522
f 2920//6523 3027//6523 5067//6523
f 2920//6524 5067//6524 2919//6524
f 2919//6525 5067//6525 2918//6525
f 2902//6526 2910//6526 3018//6526
f 3018//6527 2910//6527 2911//6527
f 3018//6528 2911//6528 5041//6528
f 5041//6529 2911//6529 2912//6529
f 5041//6530 2912//6530 3014//6530
f 3014//6531 2912//6531 2913//6531
f 3014//6532 2913//6532 2986//6532
f 2986//6533 2913//6533 2914//6533
f 2986//6534 2914//6534 5064//6534
f 5064//6535 2914//6535 2915//6535
f 5064//6536 2915//6536 5065//6536
f 5065//6537 2915//6537 2916//6537
f 5065//6538 2916//6538 3004//6538
f 3004//6539 2916//6539 3006//6539
f 5068//6540 2840//6540 5063//6540
f 5063//6541 2840//6541 2879//6541
f 5063//6542 2879//6542 5042//6542
f 5042//6543 2879//6543 2903//6543
f 5042//6544 2903//6544 3010//6544
f 3010//6545 2903//6545 3008//6545
f 2571//6546 5037//6546 2572//6546
f 2572//6547 5037//6547 2649//6547
f 2572//6548 2649//6548 2554//6548
f 2554//6549 2649//6549 5068//6549
f 5068//6550 2649//6550 2706//6550
f 5068//6551 2706//6551 2840//6551
f 2840//6552 2706//6552 2744//6552
f 2840//6553 2744//6553 2838//6553
f 2834//6554 5040//6554 2832//6554
f 2838//6555 2744//6555 2836//6555
f 2836//6556 2744//6556 2745//6556
f 2836//6557 2745//6557 5040//6557
f 5040//6558 2745//6558 2760//6558
f 5040//6559 2760//6559 2832//6559
f 2832//6560 2760//6560 5038//6560
f 2832//6561 5038//6561 2830//6561
f 2830//6562 5038//6562 2758//6562
f 2830//6563 2758//6563 5069//6563
f 5069//6564 2758//6564 2757//6564
f 5069//6565 2757//6565 2756//6565
f 2755//6566 5039//6566 2756//6566
f 2756//6567 5039//6567 2856//6567
f 2756//6568 2856//6568 5069//6568
f 5069//6569 2856//6569 2828//6569
f 5069//6570 2828//6570 2830//6570
f 2754//6571 2852//6571 5039//6571
f 5039//6572 2852//6572 2854//6572
f 5039//6573 2854//6573 2856//6573
f 2754//6574 2753//6574 2852//6574
f 2852//6575 2753//6575 2752//6575
f 2852//6576 2752//6576 2850//6576
f 2850//6577 2752//6577 5070//6577
f 2850//6578 5070//6578 2848//6578
f 2848//6579 5070//6579 2846//6579
f 2752//6580 2751//6580 5070//6580
f 5070//6581 2751//6581 2750//6581
f 5070//6582 2750//6582 2846//6582
f 2846//6583 2750//6583 2749//6583
f 2846//6584 2749//6584 2860//6584
f 2860//6585 2749//6585 2761//6585
f 2874//6586 2873//6586 5071//6586
f 5071//6587 2873//6587 2871//6587
f 5071//6588 2871//6588 5072//6588
f 5072//6589 2871//6589 2869//6589
f 5072//6590 2869//6590 2868//6590
f 2767//6591 2874//6591 2766//6591
f 2766//6592 2874//6592 5071//6592
f 2766//6593 5071//6593 2765//6593
f 2765//6594 5071//6594 5072//6594
f 2765//6595 5072//6595 2762//6595
f 2762//6596 5072//6596 2868//6596
f 2762//6597 2868//6597 2761//6597
f 2761//6598 2868//6598 2862//6598
f 2761//6599 2862//6599 2860//6599
f 2577//6600 2667//6600 2569//6600
f 2569//6601 2667//6601 2669//6601
f 2569//6602 2669//6602 2570//6602
f 2570//6603 2669//6603 2676//6603
f 2570//6604 2676//6604 5037//6604
f 5037//6605 2676//6605 2677//6605
f 5037//6606 2677//6606 2649//6606
f 2573//6607 2655//6607 2574//6607
f 2574//6608 2655//6608 2672//6608
f 2574//6609 2672//6609 2575//6609
f 2575//6610 2672//6610 2673//6610
f 2575//6611 2673//6611 2576//6611
f 2576//6612 2673//6612 5036//6612
f 2576//6613 5036//6613 2577//6613
f 2577//6614 5036//6614 2665//6614
f 2577//6615 2665//6615 2667//6615
f 2555//6616 2557//6616 5073//6616
f 2701//6617 2654//6617 5073//6617
f 5073//6618 2654//6618 2662//6618
f 5073//6619 2662//6619 2555//6619
f 2555//6620 2662//6620 2656//6620
f 2555//6621 2656//6621 2655//6621
f 2564//6622 2565//6622 2702//6622
f 2702//6623 2565//6623 2704//6623
f 2704//6624 2565//6624 2581//6624
f 2704//6625 2581//6625 2705//6625
f 2699//6626 2698//6626 5074//6626
f 5074//6627 2698//6627 2697//6627
f 5074//6628 2697//6628 5035//6628
f 5035//6629 2697//6629 2680//6629
f 5035//6630 2680//6630 2681//6630
f 2699//6631 5074//6631 3607//6631
f 3607//6632 5074//6632 2593//6632
f 3607//6633 2593//6633 2595//6633
f 2581//6634 2582//6634 2705//6634
f 2705//6635 2582//6635 2583//6635
f 2705//6636 2583//6636 2683//6636
f 2683//6637 2583//6637 2584//6637
f 2683//6638 2584//6638 5035//6638
f 5035//6639 2584//6639 2591//6639
f 5035//6640 2591//6640 5074//6640
f 5074//6641 2591//6641 2592//6641
f 5074//6642 2592//6642 2593//6642
f 2702//6643 2701//6643 2564//6643
f 2564//6644 2701//6644 5073//6644
f 2564//6645 5073//6645 2558//6645
f 2558//6646 5073//6646 2557//6646
f 2389//6647 5010//6647 2370//6647
f 2370//6648 5010//6648 2202//6648
f 2370//6649 2202//6649 2366//6649
f 2391//6650 2533//6650 2534//6650
f 2533//6651 2391//6651 2532//6651
f 2532//6652 2391//6652 5075//6652
f 2532//6653 5075//6653 2525//6653
f 2391//6654 2401//6654 5075//6654
f 5075//6655 2401//6655 2400//6655
f 5075//6656 2400//6656 2525//6656
f 2525//6657 2400//6657 2399//6657
f 2525//6658 2399//6658 2524//6658
f 2526//6659 5034//6659 2527//6659
f 2524//6660 2399//6660 5034//6660
f 5034//6661 2399//6661 2402//6661
f 5034//6662 2402//6662 2527//6662
f 2527//6663 2402//6663 2403//6663
f 2527//6664 2403//6664 5033//6664
f 5033//6665 2403//6665 2390//6665
f 5033//6666 2390//6666 2528//6666
f 2528//6667 2390//6667 2397//6667
f 2528//6668 2397//6668 2529//6668
f 2530//6669 5032//6669 2531//6669
f 2420//6670 2538//6670 2419//6670
f 2419//6671 2538//6671 2537//6671
f 2419//6672 2537//6672 2418//6672
f 2418//6673 2537//6673 2536//6673
f 2418//6674 2536//6674 5076//6674
f 5076//6675 2536//6675 2535//6675
f 5076//6676 2535//6676 2531//6676
f 5077//6677 5078//6677 2539//6677
f 2539//6678 5078//6678 5079//6678
f 5080//6679 5081//6679 2552//6679
f 2552//6680 2551//6680 5080//6680
f 5080//6681 2551//6681 2550//6681
f 5080//6682 2550//6682 5079//6682
f 5079//6683 2550//6683 2549//6683
f 5079//6684 2549//6684 2539//6684
f 2423//6685 2424//6685 2553//6685
f 2539//6686 2538//6686 5077//6686
f 5077//6687 2538//6687 2420//6687
f 5077//6688 2420//6688 5078//6688
f 5078//6689 2420//6689 2421//6689
f 5078//6690 2421//6690 5079//6690
f 5079//6691 2421//6691 2422//6691
f 5079//6692 2422//6692 5080//6692
f 5080//6693 2422//6693 2423//6693
f 5080//6694 2423//6694 5081//6694
f 5081//6695 2423//6695 2553//6695
f 5081//6696 2553//6696 2552//6696
f 2529//6697 2397//6697 5032//6697
f 5032//6698 2397//6698 2398//6698
f 5032//6699 2398//6699 2531//6699
f 2531//6700 2398//6700 2416//6700
f 2531//6701 2416//6701 5076//6701
f 5076//6702 2416//6702 2417//6702
f 5076//6703 2417//6703 2418//6703
f 2202//6704 2232//6704 2366//6704
f 2366//6705 2232//6705 2231//6705
f 2366//6706 2231//6706 2365//6706
f 2365//6707 2231//6707 2230//6707
f 2365//6708 2230//6708 2364//6708
f 2364//6709 2230//6709 5082//6709
f 2364//6710 5082//6710 2363//6710
f 2363//6711 5082//6711 2362//6711
f 2230//6712 2229//6712 5082//6712
f 5082//6713 2229//6713 2228//6713
f 5082//6714 2228//6714 2362//6714
f 2362//6715 2228//6715 2227//6715
f 2362//6716 2227//6716 5031//6716
f 2227//6717 2226//6717 5031//6717
f 5031//6718 2226//6718 2225//6718
f 5031//6719 2225//6719 2357//6719
f 2357//6720 2225//6720 2253//6720
f 2357//6721 2253//6721 2353//6721
f 2353//6722 2253//6722 2254//6722
f 2353//6723 2254//6723 2371//6723
f 2371//6724 2254//6724 2372//6724
f 2372//6725 2254//6725 2255//6725
f 2372//6726 2255//6726 2373//6726
f 2373//6727 2255//6727 2374//6727
f 2374//6728 2255//6728 2256//6728
f 2374//6729 2256//6729 5030//6729
f 5083//6730 5084//6730 2387//6730
f 2245//6731 2260//6731 2388//6731
f 5085//6732 2257//6732 5086//6732
f 5086//6733 2257//6733 2258//6733
f 5086//6734 2258//6734 5087//6734
f 5087//6735 2258//6735 2246//6735
f 5087//6736 2246//6736 5083//6736
f 5083//6737 2246//6737 2245//6737
f 5083//6738 2245//6738 5084//6738
f 5084//6739 2245//6739 2388//6739
f 5084//6740 2388//6740 2387//6740
f 2387//6741 2386//6741 5083//6741
f 5083//6742 2386//6742 2385//6742
f 5083//6743 2385//6743 5087//6743
f 5087//6744 2385//6744 2384//6744
f 5087//6745 2384//6745 5086//6745
f 5086//6746 2384//6746 2375//6746
f 5086//6747 2375//6747 5085//6747
f 5085//6748 2375//6748 5030//6748
f 5085//6749 5030//6749 2257//6749
f 2257//6750 5030//6750 2256//6750
f 5029//6751 2159//6751 5088//6751
f 5010//6752 4075//6752 2202//6752
f 2202//6753 4075//6753 4073//6753
f 2202//6754 4073//6754 2203//6754
f 2098//6755 2188//6755 2097//6755
f 2097//6756 2188//6756 2186//6756
f 2097//6757 2186//6757 2077//6757
f 2077//6758 2186//6758 2184//6758
f 2077//6759 2184//6759 2078//6759
f 2078//6760 2184//6760 2182//6760
f 2078//6761 2182//6761 2089//6761
f 2089//6762 2182//6762 2180//6762
f 2089//6763 2180//6763 2090//6763
f 2090//6764 2180//6764 2178//6764
f 2090//6765 2178//6765 2091//6765
f 2091//6766 2178//6766 2153//6766
f 2091//6767 2153//6767 2092//6767
f 2092//6768 2153//6768 2166//6768
f 2092//6769 2166//6769 2093//6769
f 2093//6770 2166//6770 2165//6770
f 2093//6771 2165//6771 5028//6771
f 5028//6772 2165//6772 2163//6772
f 5028//6773 2163//6773 2094//6773
f 2094//6774 2163//6774 2161//6774
f 2094//6775 2161//6775 2095//6775
f 5089//6776 5090//6776 2190//6776
f 2190//6777 5090//6777 2192//6777
f 5090//6778 5091//6778 2192//6778
f 2192//6779 5091//6779 5092//6779
f 2192//6780 5092//6780 2194//6780
f 2104//6781 2105//6781 2197//6781
f 2197//6782 5093//6782 2104//6782
f 2104//6783 5093//6783 5094//6783
f 2104//6784 5094//6784 2100//6784
f 2190//6785 2188//6785 5089//6785
f 5089//6786 2188//6786 2098//6786
f 5089//6787 2098//6787 5090//6787
f 5090//6788 2098//6788 2099//6788
f 5090//6789 2099//6789 5091//6789
f 5091//6790 2099//6790 2100//6790
f 5091//6791 2100//6791 5092//6791
f 5092//6792 2100//6792 5094//6792
f 5092//6793 5094//6793 2194//6793
f 2194//6794 5094//6794 5093//6794
f 2194//6795 5093//6795 2196//6795
f 2196//6796 5093//6796 2197//6796
f 5027//6797 1935//6797 2029//6797
f 2029//6798 1935//6798 1934//6798
f 2029//6799 1934//6799 2031//6799
f 1931//6800 2036//6800 1932//6800
f 1932//6801 2036//6801 2035//6801
f 1932//6802 2035//6802 1933//6802
f 1933//6803 2035//6803 5026//6803
f 1933//6804 5026//6804 1934//6804
f 1934//6805 5026//6805 2033//6805
f 1934//6806 2033//6806 2031//6806
f 2002//6807 5095//6807 2003//6807
f 2003//6808 5095//6808 5096//6808
f 2003//6809 5096//6809 2015//6809
f 2037//6810 2015//6810 1940//6810
f 1940//6811 2015//6811 5096//6811
f 1940//6812 5096//6812 1941//6812
f 1941//6813 5096//6813 5095//6813
f 1941//6814 5095//6814 1942//6814
f 1942//6815 5095//6815 2002//6815
f 1942//6816 2002//6816 1930//6816
f 1930//6817 2002//6817 2022//6817
f 1930//6818 2022//6818 2036//6818
f 2037//6819 5097//6819 2038//6819
f 2038//6820 5097//6820 5098//6820
f 2038//6821 5098//6821 2040//6821
f 5099//6822 5100//6822 2042//6822
f 2042//6823 5100//6823 2044//6823
f 2047//6824 2046//6824 1957//6824
f 1957//6825 2046//6825 5025//6825
f 1957//6826 5025//6826 1945//6826
f 1945//6827 5025//6827 5024//6827
f 1945//6828 5024//6828 1944//6828
f 2046//6829 2044//6829 5024//6829
f 5024//6830 2044//6830 5100//6830
f 5024//6831 5100//6831 1944//6831
f 1944//6832 5100//6832 5099//6832
f 1944//6833 5099//6833 1943//6833
f 1940//6834 1939//6834 2037//6834
f 2037//6835 1939//6835 1938//6835
f 2037//6836 1938//6836 5097//6836
f 5097//6837 1938//6837 1943//6837
f 5097//6838 1943//6838 5098//6838
f 5098//6839 1943//6839 5099//6839
f 5098//6840 5099//6840 2040//6840
f 2040//6841 5099//6841 2042//6841
f 1906//6842 5101//6842 1907//6842
f 1907//6843 5101//6843 1861//6843
f 2095//6844 2161//6844 2096//6844
f 2096//6845 2161//6845 5029//6845
f 2096//6846 5029//6846 2054//6846
f 2054//6847 5029//6847 5088//6847
f 2054//6848 5088//6848 2027//6848
f 2027//6849 5088//6849 5101//6849
f 2027//6850 5101//6850 5027//6850
f 5027//6851 5101//6851 1906//6851
f 5027//6852 1906//6852 1935//6852
f 1861//6853 5102//6853 1863//6853
f 1863//6854 5102//6854 5103//6854
f 1863//6855 5103//6855 1881//6855
f 1881//6856 5103//6856 1779//6856
f 1779//6857 1778//6857 1881//6857
f 1881//6858 1778//6858 1801//6858
f 1881//6859 1801//6859 1879//6859
f 1879//6860 1801//6860 5104//6860
f 1879//6861 5104//6861 1876//6861
f 1876//6862 5104//6862 1875//6862
f 5023//6863 5105//6863 1884//6863
f 1884//6864 5105//6864 5106//6864
f 1884//6865 5106//6865 1893//6865
f 1900//6866 1901//6866 1809//6866
f 1809//6867 1901//6867 1903//6867
f 1809//6868 1903//6868 1808//6868
f 1808//6869 1903//6869 1891//6869
f 1808//6870 1891//6870 5022//6870
f 5023//6871 1793//6871 5105//6871
f 5105//6872 1793//6872 1807//6872
f 5105//6873 1807//6873 5106//6873
f 5106//6874 1807//6874 5022//6874
f 5106//6875 5022//6875 1893//6875
f 1893//6876 5022//6876 1891//6876
f 1801//6877 1800//6877 5104//6877
f 5104//6878 1800//6878 1799//6878
f 5104//6879 1799//6879 1875//6879
f 1875//6880 1799//6880 1798//6880
f 1875//6881 1798//6881 1873//6881
f 1873//6882 1798//6882 5021//6882
f 1873//6883 5021//6883 1871//6883
f 1871//6884 5021//6884 1797//6884
f 1871//6885 1797//6885 1888//6885
f 1888//6886 1797//6886 1796//6886
f 1888//6887 1796//6887 1886//6887
f 1886//6888 1796//6888 1795//6888
f 1886//6889 1795//6889 5023//6889
f 5023//6890 1795//6890 1794//6890
f 5023//6891 1794//6891 1793//6891
f 1713//6892 1755//6892 5107//6892
f 5107//6893 1755//6893 1754//6893
f 5107//6894 1754//6894 5101//6894
f 5101//6895 1754//6895 1783//6895
f 5101//6896 1783//6896 1861//6896
f 1861//6897 1783//6897 1782//6897
f 1861//6898 1782//6898 5102//6898
f 5102//6899 1782//6899 1781//6899
f 5102//6900 1781//6900 5103//6900
f 5103//6901 1781//6901 1780//6901
f 5103//6902 1780//6902 1779//6902
f 1717//6903 5108//6903 1719//6903
f 1719//6904 5108//6904 5109//6904
f 1719//6905 5109//6905 1732//6905
f 1739//6906 5110//6906 5111//6906
f 1739//6907 5111//6907 1741//6907
f 3522//6908 3521//6908 5112//6908
f 5112//6909 3521//6909 1744//6909
f 5112//6910 1744//6910 1746//6910
f 1741//6911 5113//6911 1729//6911
f 1729//6912 5113//6912 5114//6912
f 1729//6913 5114//6913 1730//6913
f 1730//6914 5114//6914 5115//6914
f 1730//6915 5115//6915 1748//6915
f 1748//6916 5115//6916 5116//6916
f 1748//6917 5116//6917 1746//6917
f 1746//6918 5116//6918 5117//6918
f 1746//6919 5117//6919 5112//6919
f 5111//6920 5118//6920 1741//6920
f 1741//6921 5118//6921 5119//6921
f 1741//6922 5119//6922 5113//6922
f 5113//6923 5119//6923 5120//6923
f 5113//6924 5120//6924 5114//6924
f 5114//6925 5120//6925 5121//6925
f 5114//6926 5121//6926 5115//6926
f 1717//6927 5018//6927 5108//6927
f 5108//6928 5018//6928 5017//6928
f 5108//6929 5017//6929 5109//6929
f 5109//6930 5017//6930 5122//6930
f 5109//6931 5122//6931 1732//6931
f 1732//6932 5122//6932 5123//6932
f 1732//6933 5123//6933 1733//6933
f 1733//6934 5123//6934 5124//6934
f 1733//6935 5124//6935 5020//6935
f 5020//6936 5124//6936 5110//6936
f 5020//6937 5110//6937 1737//6937
f 1737//6938 5110//6938 1739//6938
f 1717//6939 1715//6939 5018//6939
f 5018//6940 1715//6940 1713//6940
f 5018//6941 1713//6941 5019//6941
f 5019//6942 1713//6942 5107//6942
f 5019//6943 5107//6943 5125//6943
f 5125//6944 5107//6944 5126//6944
f 5125//6945 5126//6945 1659//6945
f 1659//6946 5126//6946 5127//6946
f 1659//6947 5127//6947 1658//6947
f 1658//6948 5015//6948 1657//6948
f 1657//6949 5015//6949 1534//6949
f 1657//6950 1534//6950 1656//6950
f 1656//6951 1534//6951 5016//6951
f 1656//6952 5016//6952 1655//6952
f 1655//6953 5016//6953 1536//6953
f 1655//6954 1536//6954 5128//6954
f 5128//6955 1536//6955 1537//6955
f 5128//6956 1537//6956 1546//6956
f 1651//6957 5129//6957 1650//6957
f 1650//6958 5129//6958 5130//6958
f 1650//6959 5130//6959 1645//6959
f 1645//6960 5130//6960 5131//6960
f 1645//6961 5131//6961 1646//6961
f 1560//6962 1559//6962 3550//6962
f 1662//6963 1560//6963 1661//6963
f 1661//6964 1560//6964 3550//6964
f 1661//6965 3550//6965 1660//6965
f 1662//6966 1646//6966 1561//6966
f 1561//6967 1646//6967 5131//6967
f 1561//6968 5131//6968 1551//6968
f 1551//6969 5131//6969 5130//6969
f 1551//6970 5130//6970 1550//6970
f 1550//6971 5130//6971 1549//6971
f 1549//6972 5130//6972 5129//6972
f 1549//6973 5129//6973 1548//6973
f 1548//6974 5129//6974 1651//6974
f 1548//6975 1651//6975 1547//6975
f 1547//6976 1651//6976 1652//6976
f 1547//6977 1652//6977 1546//6977
f 1546//6978 1652//6978 1653//6978
f 1546//6979 1653//6979 5128//6979
f 5128//6980 1653//6980 1654//6980
f 5128//6981 1654//6981 1655//6981
f 1658//6982 5127//6982 5015//6982
f 5015//6983 5127//6983 1533//6983
f 5015//6984 1533//6984 1538//6984
f 5132//6985 5133//6985 1509//6985
f 1509//6986 5133//6986 5134//6986
f 1509//6987 5134//6987 5135//6987
f 5136//6988 1506//6988 5137//6988
f 5137//6989 1506//6989 1507//6989
f 5137//6990 1507//6990 5135//6990
f 5135//6991 1507//6991 1508//6991
f 5135//6992 1508//6992 1509//6992
f 1525//6993 5014//6993 1526//6993
f 1526//6994 5014//6994 5138//6994
f 1526//6995 5138//6995 1527//6995
f 1528//6996 5013//6996 1529//6996
f 1529//6997 5013//6997 5139//6997
f 1529//6998 5139//6998 1530//6998
f 1530//6999 5139//6999 5140//6999
f 1530//7000 5140//7000 1531//7000
f 1429//7001 3529//7001 1428//7001
f 1428//7002 3529//7002 1532//7002
f 1428//7003 1532//7003 1427//7003
f 1532//7004 1531//7004 1427//7004
f 1427//7005 1531//7005 5140//7005
f 1427//7006 5140//7006 1426//7006
f 1426//7007 5140//7007 5139//7007
f 1426//7008 5139//7008 1425//7008
f 1425//7009 5139//7009 5013//7009
f 1425//7010 5013//7010 1424//7010
f 1424//7011 5013//7011 1527//7011
f 1424//7012 1527//7012 1423//7012
f 1423//7013 1527//7013 5138//7013
f 1423//7014 5138//7014 1422//7014
f 1422//7015 5138//7015 5014//7015
f 1422//7016 5014//7016 5136//7016
f 5136//7017 5014//7017 1505//7017
f 5136//7018 1505//7018 1506//7018
f 1407//7019 1406//7019 5141//7019
f 5141//7020 1406//7020 1405//7020
f 5141//7021 1405//7021 5142//7021
f 5142//7022 1405//7022 1396//7022
f 5142//7023 1396//7023 5143//7023
f 5143//7024 1396//7024 1417//7024
f 5143//7025 1417//7025 5134//7025
f 5134//7026 1417//7026 1418//7026
f 5134//7027 1418//7027 5135//7027
f 5135//7028 1418//7028 1419//7028
f 5135//7029 1419//7029 5137//7029
f 5137//7030 1419//7030 1420//7030
f 5137//7031 1420//7031 5136//7031
f 5136//7032 1420//7032 1421//7032
f 5136//7033 1421//7033 1422//7033
f 5012//7034 1408//7034 5011//7034
f 1410//7035 5144//7035 1411//7035
f 1411//7036 5144//7036 5145//7036
f 1411//7037 5145//7037 1414//7037
f 1414//7038 5145//7038 1415//7038
f 1415//7039 5145//7039 5146//7039
f 1415//7040 5146//7040 1416//7040
f 1416//7041 5146//7041 3536//7041
f 1416//7042 3536//7042 1413//7042
f 3466//7043 3536//7043 3465//7043
f 3465//7044 3536//7044 5146//7044
f 3465//7045 5146//7045 3464//7045
f 3464//7046 5146//7046 5145//7046
f 3464//7047 5145//7047 3463//7047
f 3463//7048 5145//7048 3462//7048
f 3462//7049 5145//7049 5144//7049
f 3462//7050 5144//7050 3461//7050
f 1410//7051 1409//7051 5144//7051
f 5144//7052 1409//7052 5012//7052
f 5144//7053 5012//7053 3461//7053
f 3461//7054 5012//7054 5011//7054
f 3461//7055 5011//7055 3460//7055
f 3460//7056 5011//7056 3459//7056
f 5147//7057 3485//7057 3458//7057
f 5148//7058 3482//7058 5149//7058
f 5149//7059 3482//7059 3481//7059
f 3481//7060 3480//7060 5149//7060
f 5149//7061 3480//7061 3479//7061
f 5149//7062 3479//7062 5147//7062
f 5147//7063 3479//7063 3478//7063
f 5147//7064 3478//7064 3485//7064
f 4047//7065 3669//7065 3668//7065
f 5147//7066 4049//7066 5149//7066
f 5149//7067 4049//7067 4047//7067
f 5149//7068 4047//7068 5148//7068
f 5148//7069 4047//7069 3668//7069
f 5148//7070 3668//7070 3482//7070
f 3482//7071 3668//7071 3483//7071
f 1408//7072 1407//7072 5011//7072
f 5011//7073 1407//7073 5141//7073
f 5011//7074 5141//7074 3457//7074
f 3457//7075 5141//7075 5142//7075
f 3457//7076 5142//7076 3458//7076
f 3458//7077 5142//7077 5150//7077
f 3458//7078 5150//7078 5147//7078
f 5147//7079 5150//7079 4051//7079
f 5147//7080 4051//7080 4049//7080
f 4053//7081 5151//7081 4055//7081
f 4055//7082 5151//7082 5152//7082
f 4055//7083 5152//7083 4057//7083
f 4057//7084 5152//7084 5153//7084
f 4057//7085 5153//7085 4059//7085
f 4071//7086 4069//7086 5154//7086
f 5154//7087 4069//7087 4067//7087
f 4083//7088 4081//7088 5063//7088
f 5063//7089 4081//7089 4079//7089
f 5063//7090 4079//7090 5068//7090
f 5068//7091 4079//7091 4077//7091
f 5068//7092 4077//7092 2554//7092
f 2554//7093 4077//7093 5010//7093
f 2554//7094 5010//7094 2534//7094
f 2534//7095 5010//7095 2389//7095
f 2534//7096 2389//7096 2391//7096
f 1509//7097 1533//7097 5132//7097
f 5132//7098 1533//7098 5127//7098
f 5132//7099 5127//7099 5155//7099
f 5155//7100 5127//7100 5126//7100
f 5155//7101 5126//7101 4067//7101
f 4067//7102 5126//7102 5107//7102
f 4067//7103 5107//7103 5154//7103
f 5154//7104 5107//7104 5101//7104
f 5154//7105 5101//7105 4071//7105
f 4071//7106 5101//7106 5088//7106
f 4071//7107 5088//7107 4073//7107
f 4073//7108 5088//7108 2159//7108
f 4073//7109 2159//7109 2203//7109
f 4067//7110 4065//7110 5155//7110
f 5155//7111 4065//7111 4063//7111
f 5155//7112 4063//7112 5132//7112
f 5132//7113 4063//7113 4061//7113
f 5132//7114 4061//7114 5133//7114
f 5133//7115 4061//7115 4059//7115
f 5133//7116 4059//7116 5134//7116
f 5134//7117 4059//7117 5153//7117
f 5134//7118 5153//7118 5143//7118
f 5143//7119 5153//7119 5152//7119
f 5143//7120 5152//7120 5142//7120
f 5142//7121 5152//7121 5151//7121
f 5142//7122 5151//7122 5150//7122
f 5150//7123 5151//7123 4053//7123
f 5150//7124 4053//7124 4051//7124
f 1582//7125 1590//7125 1659//7125
f 1659//7125 1590//7125 5125//7125
f 1610//2212 3524//2212 1616//2212
f 1616//2212 3524//2212 3557//2212
f 1616//2212 3557//2212 1615//2212
f 1615//2212 3557//2212 3559//2212
f 1615//2212 3559//2212 1614//2212
f 1614//2212 3559//2212 3558//2212
f 1614//2212 3558//2212 1634//2212
f 1607//2212 3555//2212 1608//2212
f 1608//2212 3555//2212 3556//2212
f 1608//2212 3556//2212 1609//2212
f 1609//2212 3556//2212 3527//2212
f 1609//2212 3527//2212 1610//2212
f 1610//2212 3527//2212 3525//2212
f 1610//2212 3525//2212 3524//2212
f 5125//2212 1590//2212 5019//2212
f 5019//2212 1590//2212 1589//2212
f 5019//2212 1589//2212 5017//2212
f 5017//2212 1589//2212 1588//2212
f 5017//2212 1588//2212 5122//2212
f 5122//2212 1588//2212 1587//2212
f 5122//2212 1587//2212 5123//2212
f 5123//2212 1587//2212 1581//2212
f 5123//2212 1581//2212 5124//2212
f 5124//2212 1581//2212 1580//2212
f 5124//2212 1580//2212 5110//2212
f 5110//2212 1580//2212 1576//2212
f 5110//2212 1576//2212 5111//2212
f 5111//2212 1576//2212 1563//2212
f 5111//2212 1563//2212 5118//2212
f 5118//2212 1563//2212 1562//2212
f 5118//2212 1562//2212 5119//2212
f 3558//2212 3570//2212 1634//2212
f 1634//2212 3570//2212 3571//2212
f 1634//2212 3571//2212 1633//2212
f 1633//2946 3571//2946 3572//2946
f 1633//2212 3572//2212 1622//2212
f 1622//2212 3572//2212 3564//2212
f 1622//2212 3564//2212 1623//2212
f 1562//2212 1600//2212 5119//2212
f 5119//2212 1600//2212 1599//2212
f 5119//2212 1599//2212 5120//2212
f 5120//2212 1599//2212 1598//2212
f 5120//2212 1598//2212 5121//2212
f 5121//2212 1598//2212 1596//2212
f 5121//2212 1596//2212 5115//2212
f 5115//2460 1596//2460 5116//2460
f 5116//2212 1596//2212 1594//2212
f 5116//2212 1594//2212 5117//2212
f 5117//2212 1594//2212 1592//2212
f 5117//2212 1592//2212 5112//2212
f 3564//2212 3567//2212 1623//2212
f 1623//2212 3567//2212 3566//2212
f 1623//2212 3566//2212 1627//2212
f 1627//2212 3566//2212 3569//2212
f 1627//2212 3569//2212 1629//2212
f 3569//2212 3568//2212 1629//2212
f 1629//2212 3568//2212 1625//2212
f 1625//2212 3568//2212 3523//2212
f 1625//2212 3523//2212 1570//2212
f 1570//2212 3523//2212 3522//2212
f 1570//2212 3522//2212 1569//2212
f 1569//2212 3522//2212 5112//2212
f 1569//2212 5112//2212 1567//2212
f 1567//2212 5112//2212 1592//2212
f 1635//7125 1607//7125 1601//7125
f 1607//7125 1635//7125 3555//7125
usemtl black_metal
f 1//1 2//1 3//1
f 4//1 5//1 3//1
f 3//1 5//1 6//1
f 3//1 6//1 1//1
f 7//1 8//1 3//1
f 3//1 8//1 9//1
f 3//1 9//1 4//1
f 10//1 11//1 3//1
f 3//1 11//1 12//1
f 3//1 12//1 7//1
f 2//1 13//1 3//1
f 3//1 13//1 14//1
f 3//1 14//1 10//1
f 9//2 15//2 4//2
f 4//3 15//3 16//3
f 4//4 16//4 5//4
f 5//4 16//4 17//4
f 5//5 17//5 6//5
f 6//5 17//5 18//5
f 6//6 18//6 1//6
f 1//7 18//7 19//7
f 1//8 19//8 2//8
f 2//9 19//9 13//9
f 13//9 19//9 20//9
f 13//10 20//10 14//10
f 14//10 20//10 21//10
f 14//11 21//11 10//11
f 10//11 21//11 22//11
f 10//12 22//12 11//12
f 11//12 22//12 23//12
f 11//13 23//13 12//13
f 12//13 23//13 24//13
f 12//14 24//14 7//14
f 7//15 24//15 25//15
f 7//16 25//16 8//16
f 8//16 25//16 26//16
f 8//17 26//17 9//17
f 9//17 26//17 27//17
f 9//18 27//18 15//18
f 102//29 103//29 104//29
f 105//29 106//29 104//29
f 104//29 106//29 107//29
f 104//29 107//29 102//29
f 108//29 109//29 104//29
f 104//29 109//29 110//29
f 104//29 110//29 105//29
f 111//29 112//29 104//29
f 104//29 112//29 113//29
f 104//29 113//29 108//29
f 103//29 114//29 104//29
f 104//29 114//29 115//29
f 104//29 115//29 111//29
f 110//12 109//12 116//12
f 116//13 109//13 117//13
f 117//13 109//13 108//13
f 117//15 108//15 118//15
f 118//15 108//15 113//15
f 118//16 113//16 119//16
f 119//16 113//16 112//16
f 119//17 112//17 120//17
f 120//17 112//17 111//17
f 120//66 111//66 121//66
f 121//66 111//66 115//66
f 121//67 115//67 122//67
f 122//4 115//4 114//4
f 122//5 114//5 123//5
f 114//5 103//5 123//5
f 123//6 103//6 102//6
f 123//68 102//68 124//68
f 124//69 102//69 107//69
f 124//9 107//9 125//9
f 125//9 107//9 106//9
f 125//10 106//10 126//10
f 126//10 106//10 105//10
f 126//70 105//70 127//70
f 127//71 105//71 110//71
f 127//72 110//72 128//72
f 128//12 110//12 116//12
f 129//29 130//29 120//29
f 117//29 131//29 116//29
f 116//29 131//29 132//29
f 116//29 132//29 128//29
f 128//29 132//29 133//29
f 120//29 130//29 119//29
f 119//29 130//29 134//29
f 119//29 134//29 118//29
f 118//29 134//29 135//29
f 118//29 135//29 117//29
f 117//29 135//29 136//29
f 117//29 136//29 131//29
f 120//29 121//29 129//29
f 129//29 121//29 122//29
f 129//29 122//29 137//29
f 137//29 122//29 123//29
f 137//29 123//29 138//29
f 138//29 123//29 124//29
f 138//29 124//29 139//29
f 139//29 124//29 125//29
f 139//29 125//29 140//29
f 140//29 125//29 126//29
f 140//29 126//29 133//29
f 133//29 126//29 127//29
f 133//73 127//73 128//73
f 141//74 142//74 129//74
f 129//74 142//74 130//74
f 143//29 144//29 145//29
f 146//75 147//75 148//75
f 143//29 145//29 141//29
f 141//29 145//29 149//29
f 141//29 149//29 150//29
f 148//29 142//29 146//29
f 146//29 142//29 141//29
f 146//29 141//29 151//29
f 151//29 141//29 150//29
f 151//29 150//29 152//29
f 153//76 154//76 155//76
f 155//76 154//76 156//76
f 148//77 147//77 135//77
f 135//78 147//78 157//78
f 135//79 134//79 148//79
f 148//76 134//76 130//76
f 148//76 130//76 142//76
f 156//80 154//80 157//80
f 157//81 154//81 158//81
f 157//78 158//78 135//78
f 135//82 158//82 159//82
f 135//83 159//83 136//83
f 136//84 159//84 160//84
f 136//84 160//84 131//84
f 131//85 160//85 161//85
f 131//85 161//85 132//85
f 132//86 161//86 162//86
f 132//86 162//86 133//86
f 133//87 162//87 163//87
f 133//87 163//87 140//87
f 94//88 92//88 163//88
f 140//88 87//88 78//88
f 164//88 97//88 163//88
f 163//88 97//88 95//88
f 163//88 95//88 94//88
f 83//88 139//88 84//88
f 84//88 139//88 140//88
f 84//88 140//88 85//88
f 85//88 140//88 78//88
f 92//88 91//88 163//88
f 163//88 91//88 90//88
f 163//88 90//88 140//88
f 140//88 90//88 88//88
f 140//89 88//89 87//89
f 165//1 17//1 16//1
f 165//1 16//1 153//1
f 24//1 159//1 25//1
f 25//1 159//1 158//1
f 25//1 158//1 26//1
f 26//1 158//1 154//1
f 26//1 154//1 27//1
f 27//1 154//1 153//1
f 27//1 153//1 15//1
f 15//1 153//1 16//1
f 17//1 165//1 18//1
f 18//1 165//1 166//1
f 18//1 166//1 19//1
f 19//1 166//1 167//1
f 19//1 167//1 20//1
f 20//1 167//1 164//1
f 20//1 164//1 21//1
f 21//1 164//1 163//1
f 21//1 163//1 22//1
f 22//1 163//1 162//1
f 22//1 162//1 23//1
f 23//1 162//1 161//1
f 23//1 161//1 24//1
f 24//1 161//1 160//1
f 24//1 160//1 159//1
f 165//74 153//74 168//74
f 168//74 153//74 155//74
f 156//1 157//1 169//1
f 170//1 171//1 172//1
f 172//1 171//1 168//1
f 172//1 168//1 173//1
f 174//1 168//1 169//1
f 169//1 168//1 155//1
f 169//1 155//1 156//1
f 174//1 175//1 168//1
f 168//1 175//1 176//1
f 168//1 176//1 173//1
f 147//9 146//9 157//9
f 157//9 146//9 169//9
f 145//90 172//90 173//90
f 145//90 173//90 149//90
f 149//91 173//91 176//91
f 149//91 176//91 150//91
f 150//92 176//92 175//92
f 150//92 175//92 152//92
f 152//93 175//93 174//93
f 152//94 174//94 151//94
f 151//95 174//95 169//95
f 151//95 169//95 146//95
f 144//96 170//96 145//96
f 145//96 170//96 172//96
