# Blender 5.0.1
# www.blender.org
mtllib materials.mtl
o index_proximal
v 0.009966 0.003743 0.021396
v 0.009899 0.003953 0.021326
v 0.009790 0.004162 0.021516
v 0.009789 0.004202 0.021399
v 0.009591 0.004560 0.021655
v 0.009603 0.004571 0.021525
v 0.009368 0.004937 0.021813
v 0.010364 0.001934 0.021130
v 0.010378 0.001941 0.021013
v 0.010313 0.002402 0.021164
v 0.010326 0.002416 0.021046
v 0.010229 0.002860 0.021219
v 0.010243 0.002863 0.021099
v 0.010113 0.003307 0.021297
v 0.010120 0.003334 0.021179
v 0.009982 0.003743 0.021270
v 0.007997 0.006476 0.022857
v 0.008017 0.006382 0.022968
v 0.008296 0.006217 0.022618
v 0.008308 0.006127 0.022729
v 0.008585 0.005934 0.022394
v 0.008589 0.005850 0.022505
v 0.008861 0.005627 0.022184
v 0.008857 0.005548 0.022296
v 0.009123 0.005294 0.021990
v 0.009113 0.005221 0.022102
v 0.009351 0.004872 0.021925
v 0.009568 0.004502 0.021768
v 0.009763 0.004111 0.021629
v 0.009933 0.003699 0.021509
v 0.010077 0.003271 0.021410
v 0.010190 0.002833 0.021333
v 0.010272 0.002384 0.021278
v 0.010322 0.001925 0.021244
v 0.007790 0.006662 0.022868
v 0.007377 0.006922 0.023374
v 0.007414 0.006821 0.023484
v 0.008552 0.005994 0.022278
v 0.008546 0.006000 0.022282
v 0.008458 0.006089 0.022349
v 0.007949 0.006540 0.022742
v 0.008562 0.005750 0.022599
v 0.008288 0.006020 0.022822
v 0.008213 0.005934 0.022909
v 0.007416 0.006695 0.023572
v 0.006812 0.007083 0.024103
v 0.006814 0.007032 0.024130
v 0.007962 0.006149 0.023121
v 0.008004 0.006268 0.023059
v 0.007563 0.006446 0.023469
v 0.007385 0.006562 0.023629
v 0.006795 0.006888 0.024181
v 0.010164 0.001904 0.021422
v 0.010253 0.001915 0.021344
v 0.010138 0.002184 0.021441
v 0.010204 0.002364 0.021377
v 0.010117 0.002343 0.021455
v 0.009964 0.003073 0.021563
v 0.009306 0.004795 0.022022
v 0.009237 0.004715 0.022094
v 0.009517 0.004434 0.021865
v 0.009445 0.004363 0.021939
v 0.009707 0.004052 0.021727
v 0.009630 0.003991 0.021802
v 0.009657 0.003933 0.021783
v 0.009874 0.003649 0.021608
v 0.009794 0.003598 0.021684
v 0.010014 0.003231 0.021509
v 0.010124 0.002803 0.021433
v 0.008476 0.005680 0.022692
v 0.008509 0.005645 0.022665
v 0.008824 0.005456 0.022391
v 0.008781 0.005340 0.022447
v 0.009073 0.005136 0.022198
v 0.009010 0.005048 0.022268
v 0.009223 0.004737 0.022105
v 0.007603 0.006797 0.023020
v 0.007313 0.006987 0.023259
v 0.007053 0.007140 0.023479
v 0.006796 0.007169 0.024044
v 0.006765 0.007243 0.023976
v 0.006742 0.007276 0.023935
v 0.006661 0.007340 0.023821
v 0.009356 0.004987 0.021696
v 0.009320 0.005042 0.021722
v 0.009119 0.005327 0.021863
v 0.009059 0.005407 0.021906
v 0.008349 -0.005778 0.020157
v 0.008347 -0.005778 0.020857
v 0.008244 -0.005882 0.020877
v 0.007891 -0.006204 0.020248
v 0.007532 -0.006483 0.021020
v 0.007533 -0.006483 0.020320
v 0.007464 -0.006532 0.021033
v 0.007104 -0.006767 0.020405
v 0.006607 -0.007037 0.021204
v 0.006609 -0.007037 0.020504
v 0.008900 -0.005123 0.020746
v 0.008589 -0.005516 0.020109
v 0.009029 -0.004942 0.020021
v 0.009931 -0.002894 0.019841
v 0.010082 -0.001919 0.019811
v 0.010080 -0.001919 0.020511
v 0.010003 -0.002540 0.020526
v 0.009908 -0.002983 0.020545
v 0.009619 -0.003852 0.019903
v 0.009762 -0.003473 0.020574
v 0.009555 -0.004001 0.019916
v 0.009553 -0.004001 0.020616
v 0.009161 -0.004739 0.019995
v 0.009371 -0.004372 0.020652
v 0.009028 -0.004942 0.020721
v 0.010133 -0.000960 0.020500
v 0.010135 -0.000960 0.019800
v 0.010151 -0.000000 0.020497
v 0.010153 0.000000 0.019797
v 0.010133 0.000960 0.020500
v 0.010135 0.000960 0.019800
v 0.010080 0.001919 0.020511
v 0.010082 0.001919 0.019811
v 0.010003 0.002540 0.020526
v 0.009931 0.002894 0.019841
v 0.006609 0.007037 0.020504
v 0.006607 0.007037 0.021204
v 0.007104 0.006767 0.020405
v 0.007464 0.006532 0.021033
v 0.007533 0.006483 0.020320
v 0.007532 0.006483 0.021020
v 0.007891 0.006204 0.020248
v 0.008244 0.005882 0.020877
v 0.008349 0.005778 0.020157
v 0.008347 0.005778 0.020857
v 0.008589 0.005516 0.020109
v 0.008900 0.005123 0.020746
v 0.009029 0.004942 0.020021
v 0.009028 0.004942 0.020721
v 0.009161 0.004739 0.019995
v 0.009371 0.004372 0.020652
v 0.009555 0.004001 0.019916
v 0.009553 0.004001 0.020616
v 0.009619 0.003852 0.019903
v 0.009762 0.003473 0.020574
v 0.009908 0.002983 0.020545
v 0.006607 0.007369 0.021204
v 0.006609 0.007369 0.020504
v 0.010085 -0.001919 0.018411
v 0.010084 -0.001919 0.019111
v 0.010008 -0.002540 0.018426
v 0.009933 -0.002894 0.019141
v 0.007469 -0.006532 0.018933
v 0.008249 -0.005882 0.018777
v 0.008350 -0.005778 0.019457
v 0.008352 -0.005778 0.018757
v 0.008590 -0.005516 0.019409
v 0.008905 -0.005123 0.018646
v 0.009031 -0.004942 0.019321
v 0.009033 -0.004942 0.018621
v 0.009163 -0.004739 0.019295
v 0.009376 -0.004372 0.018552
v 0.009556 -0.004001 0.019216
v 0.009558 -0.004001 0.018516
v 0.009621 -0.003852 0.019203
v 0.009767 -0.003473 0.018474
v 0.009913 -0.002983 0.018445
v 0.007892 -0.006204 0.019548
v 0.007535 -0.006483 0.019620
v 0.006612 -0.007037 0.019104
v 0.007106 -0.006767 0.019705
v 0.006610 -0.007037 0.019804
v 0.010137 -0.000960 0.019100
v 0.010138 -0.000960 0.018400
v 0.010155 -0.000000 0.019097
v 0.010156 0.000000 0.018397
v 0.010137 0.000960 0.019100
v 0.010138 0.000960 0.018400
v 0.010084 0.001919 0.019111
v 0.010085 0.001919 0.018411
v 0.010008 0.002540 0.018426
v 0.009933 0.002894 0.019141
v 0.009913 0.002983 0.018445
v 0.009621 0.003852 0.019203
v 0.009767 0.003473 0.018474
v 0.009558 0.004001 0.018516
v 0.009556 0.004001 0.019216
v 0.009376 0.004372 0.018552
v 0.009163 0.004739 0.019295
v 0.009033 0.004942 0.018621
v 0.009031 0.004942 0.019321
v 0.008905 0.005123 0.018646
v 0.008590 0.005516 0.019409
v 0.008352 0.005778 0.018757
v 0.008350 0.005778 0.019457
v 0.008249 0.005882 0.018777
v 0.007892 0.006204 0.019548
v 0.007469 0.006532 0.018933
v 0.007535 0.006483 0.019620
v 0.007106 0.006767 0.019705
v 0.006612 0.007037 0.019104
v 0.006610 0.007037 0.019804
v 0.006610 0.007369 0.019804
v 0.006612 0.007369 0.019104
v 0.006614 -0.007037 0.018404
v 0.006615 -0.007037 0.017704
v 0.007471 -0.006532 0.018233
v 0.007472 -0.006532 0.017533
v 0.010089 -0.001919 0.017011
v 0.010087 -0.001919 0.017711
v 0.010011 -0.002540 0.017026
v 0.010009 -0.002540 0.017726
v 0.009916 -0.002983 0.017045
v 0.009914 -0.002983 0.017745
v 0.009770 -0.003473 0.017074
v 0.009768 -0.003473 0.017774
v 0.009561 -0.004001 0.017116
v 0.009560 -0.004001 0.017816
v 0.009379 -0.004372 0.017152
v 0.009378 -0.004372 0.017852
v 0.009036 -0.004942 0.017221
v 0.009034 -0.004942 0.017921
v 0.008908 -0.005123 0.017246
v 0.008907 -0.005123 0.017946
v 0.008355 -0.005778 0.017357
v 0.008354 -0.005778 0.018057
v 0.008252 -0.005882 0.017377
v 0.008250 -0.005882 0.018077
v 0.007539 -0.006483 0.018220
v 0.010140 -0.000960 0.017700
v 0.010142 -0.000960 0.017000
v 0.010158 -0.000000 0.017697
v 0.010160 0.000000 0.016997
v 0.010140 0.000960 0.017700
v 0.010142 0.000960 0.017000
v 0.010087 0.001919 0.017711
v 0.010089 0.001919 0.017011
v 0.007472 0.006532 0.017533
v 0.006615 0.007037 0.017704
v 0.006614 0.007037 0.018404
v 0.010009 0.002540 0.017726
v 0.010011 0.002540 0.017026
v 0.009914 0.002983 0.017745
v 0.009916 0.002983 0.017045
v 0.009768 0.003473 0.017774
v 0.009770 0.003473 0.017074
v 0.009560 0.004001 0.017816
v 0.009561 0.004001 0.017116
v 0.009378 0.004372 0.017852
v 0.009379 0.004372 0.017152
v 0.009034 0.004942 0.017921
v 0.009036 0.004942 0.017221
v 0.008907 0.005123 0.017946
v 0.008908 0.005123 0.017246
v 0.008354 0.005778 0.018057
v 0.008355 0.005778 0.017357
v 0.008250 0.005882 0.018077
v 0.008252 0.005882 0.017377
v 0.007539 0.006483 0.018220
v 0.007471 0.006532 0.018233
v 0.006614 0.007369 0.018404
v 0.006615 0.007369 0.017704
v 0.010092 -0.001919 0.015611
v 0.010090 -0.001919 0.016311
v 0.010014 -0.002540 0.015626
v 0.010013 -0.002540 0.016326
v 0.009919 -0.002983 0.015645
v 0.009918 -0.002983 0.016345
v 0.009773 -0.003473 0.015674
v 0.009772 -0.003473 0.016374
v 0.009565 -0.004001 0.015716
v 0.009563 -0.004001 0.016416
v 0.009383 -0.004372 0.015752
v 0.009381 -0.004372 0.016452
v 0.009039 -0.004942 0.015821
v 0.009038 -0.004942 0.016521
v 0.008912 -0.005123 0.015846
v 0.008910 -0.005123 0.016546
v 0.008359 -0.005778 0.015957
v 0.008357 -0.005778 0.016657
v 0.008255 -0.005882 0.015977
v 0.008254 -0.005882 0.016677
v 0.007476 -0.006532 0.016133
v 0.006617 -0.007037 0.017004
v 0.006619 -0.007037 0.016304
v 0.007474 -0.006532 0.016833
v 0.007542 -0.006483 0.016820
v 0.010144 -0.000960 0.016300
v 0.010145 -0.000960 0.015600
v 0.010161 -0.000000 0.016297
v 0.010163 0.000000 0.015597
v 0.010144 0.000960 0.016300
v 0.010145 0.000960 0.015600
v 0.010090 0.001919 0.016311
v 0.010092 0.001919 0.015611
v 0.007476 0.006532 0.016133
v 0.006619 0.007037 0.016304
v 0.006617 0.007037 0.017004
v 0.010013 0.002540 0.016326
v 0.010014 0.002540 0.015626
v 0.009918 0.002983 0.016345
v 0.009919 0.002983 0.015645
v 0.009772 0.003473 0.016374
v 0.009773 0.003473 0.015674
v 0.009563 0.004001 0.016416
v 0.009565 0.004001 0.015716
v 0.009381 0.004372 0.016452
v 0.009383 0.004372 0.015752
v 0.009038 0.004942 0.016521
v 0.009039 0.004942 0.015821
v 0.008910 0.005123 0.016546
v 0.008912 0.005123 0.015846
v 0.008357 0.005778 0.016657
v 0.008359 0.005778 0.015957
v 0.008254 0.005882 0.016677
v 0.008255 0.005882 0.015977
v 0.007542 0.006483 0.016820
v 0.007474 0.006532 0.016833
v 0.006617 0.007369 0.017004
v 0.006619 0.007369 0.016304
v 0.006620 -0.007037 0.015604
v 0.006622 -0.007037 0.014904
v 0.007116 -0.006767 0.015505
v 0.007118 -0.006767 0.014805
v 0.007545 -0.006483 0.015420
v 0.007547 -0.006483 0.014720
v 0.007902 -0.006204 0.015348
v 0.007904 -0.006204 0.014648
v 0.008360 -0.005778 0.015257
v 0.008362 -0.005778 0.014557
v 0.008600 -0.005516 0.015209
v 0.008602 -0.005516 0.014509
v 0.009041 -0.004942 0.015121
v 0.009043 -0.004942 0.014421
v 0.009173 -0.004739 0.015095
v 0.009175 -0.004739 0.014395
v 0.009566 -0.004001 0.015016
v 0.009568 -0.004001 0.014316
v 0.009631 -0.003852 0.015003
v 0.009633 -0.003852 0.014303
v 0.009943 -0.002894 0.014941
v 0.010095 -0.001919 0.014211
v 0.010094 -0.001919 0.014911
v 0.009944 -0.002894 0.014241
v 0.009923 -0.002983 0.014245
v 0.010147 -0.000960 0.014900
v 0.010149 -0.000960 0.014200
v 0.010165 -0.000000 0.014897
v 0.010166 -0.000000 0.014197
v 0.010147 0.000960 0.014900
v 0.010149 0.000960 0.014200
v 0.010094 0.001919 0.014911
v 0.010095 0.001919 0.014211
v 0.006622 0.007037 0.014904
v 0.006620 0.007037 0.015604
v 0.007118 0.006767 0.014805
v 0.007116 0.006767 0.015505
v 0.007547 0.006483 0.014720
v 0.007545 0.006483 0.015420
v 0.007904 0.006204 0.014648
v 0.007902 0.006204 0.015348
v 0.008362 0.005778 0.014557
v 0.008360 0.005778 0.015257
v 0.008602 0.005516 0.014509
v 0.008600 0.005516 0.015209
v 0.009043 0.004942 0.014421
v 0.009041 0.004942 0.015121
v 0.009175 0.004739 0.014395
v 0.009173 0.004739 0.015095
v 0.009568 0.004001 0.014316
v 0.009566 0.004001 0.015016
v 0.009633 0.003852 0.014303
v 0.009631 0.003852 0.015003
v 0.009923 0.002983 0.014245
v 0.009943 0.002894 0.014941
v 0.009944 0.002894 0.014241
v 0.006620 0.007369 0.015604
v 0.006622 0.007369 0.014904
v 0.010099 -0.001919 0.012811
v 0.010097 -0.001919 0.013511
v 0.010021 -0.002540 0.012826
v 0.009946 -0.002894 0.013541
v 0.007482 -0.006532 0.013333
v 0.008262 -0.005882 0.013177
v 0.008364 -0.005778 0.013857
v 0.008365 -0.005778 0.013157
v 0.008604 -0.005516 0.013809
v 0.008918 -0.005123 0.013046
v 0.009044 -0.004942 0.013721
v 0.009046 -0.004942 0.013021
v 0.009176 -0.004739 0.013695
v 0.009389 -0.004372 0.012952
v 0.009570 -0.004001 0.013616
v 0.009571 -0.004001 0.012916
v 0.009634 -0.003852 0.013603
v 0.009780 -0.003473 0.012874
v 0.009926 -0.002983 0.012845
v 0.007906 -0.006204 0.013948
v 0.007549 -0.006483 0.014020
v 0.006625 -0.007037 0.013504
v 0.007120 -0.006767 0.014105
v 0.006624 -0.007037 0.014204
v 0.010150 -0.000960 0.013500
v 0.010152 -0.000960 0.012800
v 0.010168 0.000000 0.013497
v 0.010170 -0.000000 0.012797
v 0.010150 0.000960 0.013500
v 0.010152 0.000960 0.012800
v 0.010097 0.001919 0.013511
v 0.010099 0.001919 0.012811
v 0.010021 0.002540 0.012826
v 0.009946 0.002894 0.013541
v 0.009926 0.002983 0.012845
v 0.009634 0.003852 0.013603
v 0.009780 0.003473 0.012874
v 0.009571 0.004001 0.012916
v 0.009570 0.004001 0.013616
v 0.009389 0.004372 0.012952
v 0.009176 0.004739 0.013695
v 0.009046 0.004942 0.013021
v 0.009044 0.004942 0.013721
v 0.008918 0.005123 0.013046
v 0.008604 0.005516 0.013809
v 0.008365 0.005778 0.013157
v 0.008364 0.005778 0.013857
v 0.008262 0.005882 0.013177
v 0.007906 0.006204 0.013948
v 0.007482 0.006532 0.013333
v 0.007549 0.006483 0.014020
v 0.007120 0.006767 0.014105
v 0.006625 0.007037 0.013504
v 0.006624 0.007037 0.014204
v 0.006624 0.007369 0.014204
v 0.006625 0.007369 0.013504
v 0.006627 -0.007037 0.012804
v 0.006629 -0.007037 0.012104
v 0.007123 -0.006767 0.012705
v 0.007125 -0.006767 0.012005
v 0.007552 -0.006483 0.012620
v 0.007554 -0.006483 0.011920
v 0.007909 -0.006204 0.012548
v 0.007911 -0.006204 0.011848
v 0.008367 -0.005778 0.012457
v 0.008369 -0.005778 0.011757
v 0.008607 -0.005516 0.012409
v 0.008609 -0.005516 0.011709
v 0.009048 -0.004942 0.012321
v 0.009049 -0.004942 0.011621
v 0.009180 -0.004739 0.012295
v 0.009181 -0.004739 0.011595
v 0.009573 -0.004001 0.012216
v 0.009575 -0.004001 0.011516
v 0.009638 -0.003852 0.012203
v 0.009639 -0.003852 0.011503
v 0.009949 -0.002894 0.012141
v 0.010102 -0.001919 0.011411
v 0.010100 -0.001919 0.012111
v 0.009951 -0.002894 0.011441
v 0.009929 -0.002983 0.011445
v 0.010154 -0.000960 0.012100
v 0.010155 -0.000960 0.011400
v 0.010171 0.000000 0.012097
v 0.010173 -0.000000 0.011397
v 0.010154 0.000960 0.012100
v 0.010155 0.000960 0.011400
v 0.010100 0.001919 0.012111
v 0.010102 0.001919 0.011411
v 0.006629 0.007037 0.012104
v 0.006627 0.007037 0.012804
v 0.007125 0.006767 0.012005
v 0.007123 0.006767 0.012705
v 0.007554 0.006483 0.011920
v 0.007552 0.006483 0.012620
v 0.007911 0.006204 0.011848
v 0.007909 0.006204 0.012548
v 0.008369 0.005778 0.011757
v 0.008367 0.005778 0.012457
v 0.008609 0.005516 0.011709
v 0.008607 0.005516 0.012409
v 0.009049 0.004942 0.011621
v 0.009048 0.004942 0.012321
v 0.009181 0.004739 0.011595
v 0.009180 0.004739 0.012295
v 0.009575 0.004001 0.011516
v 0.009573 0.004001 0.012216
v 0.009639 0.003852 0.011503
v 0.009638 0.003852 0.012203
v 0.009929 0.002983 0.011445
v 0.009949 0.002894 0.012141
v 0.009951 0.002894 0.011441
v 0.006627 0.007369 0.012804
v 0.006629 0.007369 0.012104
v 0.010105 -0.001919 0.010011
v 0.010104 -0.001919 0.010711
v 0.010028 -0.002540 0.010026
v 0.009953 -0.002894 0.010741
v 0.007489 -0.006532 0.010533
v 0.008269 -0.005882 0.010378
v 0.008370 -0.005778 0.011057
v 0.008372 -0.005778 0.010357
v 0.008610 -0.005516 0.011009
v 0.008925 -0.005123 0.010246
v 0.009051 -0.004942 0.010921
v 0.009053 -0.004942 0.010221
v 0.009183 -0.004739 0.010895
v 0.009396 -0.004372 0.010152
v 0.009577 -0.004001 0.010816
v 0.009578 -0.004001 0.010116
v 0.009641 -0.003852 0.010803
v 0.009787 -0.003473 0.010074
v 0.009933 -0.002983 0.010045
v 0.007912 -0.006204 0.011148
v 0.007555 -0.006483 0.011220
v 0.006632 -0.007037 0.010704
v 0.007126 -0.006767 0.011305
v 0.006630 -0.007037 0.011404
v 0.010157 -0.000960 0.010700
v 0.010159 -0.000960 0.010000
v 0.010175 0.000000 0.010697
v 0.010176 -0.000000 0.009997
v 0.010157 0.000960 0.010700
v 0.010159 0.000960 0.010000
v 0.010104 0.001919 0.010711
v 0.010105 0.001919 0.010011
v 0.010028 0.002540 0.010026
v 0.009953 0.002894 0.010741
v 0.009933 0.002983 0.010045
v 0.009641 0.003852 0.010803
v 0.009787 0.003473 0.010074
v 0.009578 0.004001 0.010116
v 0.009577 0.004001 0.010816
v 0.009396 0.004372 0.010152
v 0.009183 0.004739 0.010895
v 0.009053 0.004942 0.010221
v 0.009051 0.004942 0.010921
v 0.008925 0.005123 0.010247
v 0.008610 0.005516 0.011009
v 0.008372 0.005778 0.010357
v 0.008370 0.005778 0.011057
v 0.008269 0.005882 0.010378
v 0.007912 0.006204 0.011148
v 0.007489 0.006532 0.010533
v 0.007555 0.006483 0.011220
v 0.007126 0.006767 0.011305
v 0.006632 0.007037 0.010704
v 0.006630 0.007037 0.011404
v 0.006630 0.007369 0.011404
v 0.006632 0.007369 0.010704
v 0.010405 -0.001941 0.009951
v 0.010406 -0.001941 0.009362
v 0.010459 -0.000971 0.009940
v 0.010460 -0.000971 0.009353
v 0.010477 0.000000 0.009937
v 0.010478 -0.000000 0.009350
v 0.010459 0.000971 0.009940
v 0.010460 0.000971 0.009353
v 0.010405 0.001941 0.009951
v 0.010406 0.001941 0.009362
v 0.006632 -0.007369 0.010704
v 0.007380 0.006965 0.010555
v 0.007380 -0.006965 0.010555
v 0.007636 -0.006795 0.010504
v 0.010252 -0.002940 0.009982
v 0.009938 -0.003923 0.010044
v 0.009927 -0.003951 0.010047
v 0.009477 -0.004836 0.010136
v 0.009349 -0.005039 0.010162
v 0.009349 0.005039 0.010162
v 0.009477 0.004836 0.010136
v 0.009927 0.003951 0.010047
v 0.009938 0.003923 0.010044
v 0.010252 0.002940 0.009982
v 0.008885 -0.005658 0.010254
v 0.008576 -0.005998 0.010316
v 0.008178 -0.006374 0.010396
v 0.008885 0.005658 0.010254
v 0.008576 0.005998 0.010316
v 0.008178 0.006374 0.010396
v 0.007636 0.006795 0.010504
v 0.006630 -0.007369 0.011404
v 0.009925 -0.003951 0.010747
v 0.010289 -0.002766 0.010674
v 0.010287 -0.002773 0.010674
v 0.010017 -0.003717 0.010728
v 0.009596 -0.004630 0.010812
v 0.009347 -0.005039 0.010862
v 0.010289 0.002766 0.010674
v 0.010403 0.001941 0.010651
v 0.010457 0.000971 0.010640
v 0.010475 -0.000000 0.010637
v 0.010457 -0.000971 0.010640
v 0.010403 -0.001941 0.010651
v 0.007520 0.006873 0.011227
v 0.007635 0.006795 0.011204
v 0.008338 0.006229 0.011063
v 0.008574 0.005998 0.011016
v 0.009035 0.005473 0.010924
v 0.009347 0.005039 0.010862
v 0.009596 0.004630 0.010812
v 0.009925 0.003951 0.010747
v 0.010017 0.003717 0.010728
v 0.010287 0.002773 0.010674
v 0.007520 -0.006873 0.011227
v 0.007635 -0.006795 0.011204
v 0.008338 -0.006229 0.011063
v 0.008574 -0.005998 0.011016
v 0.009035 -0.005473 0.010924
v 0.010401 -0.001941 0.011351
v 0.010455 -0.000971 0.011340
v 0.010473 0.000000 0.011337
v 0.010455 0.000971 0.011340
v 0.010401 0.001941 0.011351
v 0.009923 0.003951 0.011447
v 0.010287 0.002766 0.011374
v 0.010285 0.002773 0.011374
v 0.010015 0.003717 0.011428
v 0.009594 0.004630 0.011512
v 0.009345 0.005039 0.011562
v 0.006629 -0.007369 0.012104
v 0.007519 -0.006873 0.011927
v 0.007633 -0.006795 0.011904
v 0.008336 -0.006229 0.011763
v 0.008573 -0.005998 0.011716
v 0.009033 -0.005473 0.011624
v 0.009345 -0.005039 0.011562
v 0.009594 -0.004630 0.011512
v 0.009923 -0.003951 0.011447
v 0.010015 -0.003717 0.011428
v 0.010285 -0.002773 0.011374
v 0.010287 -0.002766 0.011374
v 0.007519 0.006873 0.011927
v 0.007633 0.006795 0.011904
v 0.008336 0.006229 0.011763
v 0.008573 0.005998 0.011716
v 0.009033 0.005473 0.011624
v 0.006627 -0.007369 0.012804
v 0.009922 -0.003951 0.012147
v 0.010285 -0.002766 0.012074
v 0.010284 -0.002773 0.012074
v 0.010013 -0.003717 0.012128
v 0.009593 -0.004630 0.012212
v 0.009344 -0.005039 0.012262
v 0.010285 0.002766 0.012074
v 0.010400 0.001941 0.012051
v 0.010454 0.000971 0.012040
v 0.010471 -0.000000 0.012037
v 0.010454 -0.000971 0.012040
v 0.010400 -0.001941 0.012051
v 0.007517 0.006873 0.012627
v 0.007631 0.006795 0.012604
v 0.008334 0.006229 0.012463
v 0.008571 0.005998 0.012416
v 0.009031 0.005473 0.012324
v 0.009344 0.005039 0.012262
v 0.009593 0.004630 0.012212
v 0.009922 0.003951 0.012147
v 0.010013 0.003717 0.012128
v 0.010284 0.002773 0.012074
v 0.007517 -0.006873 0.012627
v 0.007631 -0.006795 0.012604
v 0.008334 -0.006229 0.012463
v 0.008571 -0.005998 0.012416
v 0.009031 -0.005473 0.012324
v 0.010398 -0.001941 0.012751
v 0.010452 -0.000971 0.012740
v 0.010470 -0.000000 0.012737
v 0.010452 0.000971 0.012740
v 0.010398 0.001941 0.012751
v 0.006625 -0.007369 0.013504
v 0.007373 0.006965 0.013355
v 0.007373 -0.006965 0.013355
v 0.007630 -0.006795 0.013304
v 0.010245 -0.002940 0.012782
v 0.009931 -0.003923 0.012844
v 0.009920 -0.003951 0.012847
v 0.009470 -0.004836 0.012936
v 0.009342 -0.005039 0.012962
v 0.009342 0.005039 0.012962
v 0.009470 0.004836 0.012936
v 0.009920 0.003951 0.012847
v 0.009931 0.003923 0.012844
v 0.010245 0.002940 0.012782
v 0.008878 -0.005658 0.013054
v 0.008569 -0.005998 0.013116
v 0.008171 -0.006374 0.013196
v 0.008878 0.005658 0.013054
v 0.008569 0.005998 0.013116
v 0.008171 0.006374 0.013196
v 0.007630 0.006795 0.013304
v 0.006624 -0.007369 0.014204
v 0.009918 -0.003951 0.013547
v 0.010282 -0.002766 0.013474
v 0.010280 -0.002773 0.013474
v 0.010010 -0.003717 0.013528
v 0.009589 -0.004630 0.013612
v 0.009340 -0.005039 0.013662
v 0.010282 0.002766 0.013474
v 0.010396 0.001941 0.013451
v 0.010450 0.000971 0.013440
v 0.010468 -0.000000 0.013437
v 0.010450 -0.000971 0.013440
v 0.010396 -0.001941 0.013451
v 0.007514 0.006873 0.014027
v 0.007628 0.006795 0.014004
v 0.008331 0.006229 0.013863
v 0.008568 0.005998 0.013816
v 0.009028 0.005473 0.013724
v 0.009340 0.005039 0.013662
v 0.009589 0.004630 0.013612
v 0.009918 0.003951 0.013547
v 0.010010 0.003717 0.013528
v 0.010280 0.002773 0.013474
v 0.007514 -0.006873 0.014027
v 0.007628 -0.006795 0.014004
v 0.008331 -0.006229 0.013863
v 0.008568 -0.005998 0.013816
v 0.009028 -0.005473 0.013724
v 0.010395 -0.001941 0.014151
v 0.010449 -0.000971 0.014140
v 0.010466 -0.000000 0.014137
v 0.010449 0.000971 0.014140
v 0.010395 0.001941 0.014151
v 0.009917 0.003951 0.014247
v 0.010280 0.002766 0.014174
v 0.010279 0.002773 0.014174
v 0.010008 0.003717 0.014228
v 0.009587 0.004630 0.014312
v 0.009339 0.005039 0.014362
v 0.006622 -0.007369 0.014904
v 0.007512 -0.006873 0.014727
v 0.007626 -0.006795 0.014704
v 0.008329 -0.006229 0.014563
v 0.008566 -0.005998 0.014516
v 0.009026 -0.005473 0.014424
v 0.009339 -0.005039 0.014362
v 0.009587 -0.004630 0.014312
v 0.009917 -0.003951 0.014247
v 0.010008 -0.003717 0.014228
v 0.010279 -0.002773 0.014174
v 0.010280 -0.002766 0.014174
v 0.007512 0.006873 0.014727
v 0.007626 0.006795 0.014704
v 0.008329 0.006229 0.014563
v 0.008566 0.005998 0.014516
v 0.009026 0.005473 0.014424
v 0.006620 -0.007369 0.015604
v 0.009915 -0.003951 0.014947
v 0.010279 -0.002766 0.014874
v 0.010277 -0.002773 0.014874
v 0.010007 -0.003717 0.014928
v 0.009586 -0.004630 0.015012
v 0.009337 -0.005039 0.015062
v 0.010279 0.002766 0.014874
v 0.010393 0.001941 0.014851
v 0.010447 0.000971 0.014840
v 0.010465 0.000000 0.014837
v 0.010447 -0.000971 0.014840
v 0.010393 -0.001941 0.014851
v 0.007510 0.006873 0.015427
v 0.007625 0.006795 0.015404
v 0.008328 0.006229 0.015263
v 0.008564 0.005998 0.015216
v 0.009024 0.005473 0.015124
v 0.009337 0.005039 0.015062
v 0.009586 0.004630 0.015012
v 0.009915 0.003951 0.014947
v 0.010007 0.003717 0.014928
v 0.010277 0.002773 0.014874
v 0.007510 -0.006873 0.015427
v 0.007625 -0.006795 0.015404
v 0.008328 -0.006229 0.015263
v 0.008564 -0.005998 0.015216
v 0.009024 -0.005473 0.015124
v 0.010391 -0.001941 0.015551
v 0.010445 -0.000971 0.015540
v 0.010463 -0.000000 0.015537
v 0.010445 0.000971 0.015540
v 0.010391 0.001941 0.015551
v 0.006619 -0.007369 0.016304
v 0.007366 0.006965 0.016155
v 0.007366 -0.006965 0.016155
v 0.007623 -0.006795 0.016104
v 0.010239 -0.002940 0.015582
v 0.009925 -0.003923 0.015644
v 0.009913 -0.003951 0.015647
v 0.009464 -0.004836 0.015736
v 0.009335 -0.005039 0.015762
v 0.009335 0.005039 0.015762
v 0.009464 0.004836 0.015736
v 0.009913 0.003951 0.015647
v 0.009925 0.003923 0.015644
v 0.010239 0.002940 0.015582
v 0.008872 -0.005658 0.015854
v 0.008563 -0.005998 0.015916
v 0.008164 -0.006374 0.015996
v 0.008872 0.005658 0.015854
v 0.008563 0.005998 0.015916
v 0.008164 0.006374 0.015996
v 0.007623 0.006795 0.016104
v 0.006617 -0.007369 0.017004
v 0.010237 0.002940 0.016282
v 0.009923 0.003923 0.016344
v 0.009912 0.003951 0.016347
v 0.009462 0.004836 0.016436
v 0.009334 0.005039 0.016462
v 0.009334 -0.005039 0.016462
v 0.009462 -0.004836 0.016436
v 0.009912 -0.003951 0.016347
v 0.009923 -0.003923 0.016344
v 0.010237 -0.002940 0.016282
v 0.010390 -0.001941 0.016251
v 0.010443 -0.000971 0.016240
v 0.010461 0.000000 0.016237
v 0.010443 0.000971 0.016240
v 0.010390 0.001941 0.016251
v 0.007365 -0.006965 0.016855
v 0.007621 -0.006795 0.016804
v 0.008163 -0.006374 0.016696
v 0.008561 -0.005998 0.016616
v 0.008870 -0.005658 0.016554
v 0.007621 0.006795 0.016804
v 0.007365 0.006965 0.016855
v 0.008870 0.005658 0.016554
v 0.008561 0.005998 0.016616
v 0.008163 0.006374 0.016696
v 0.010388 -0.001941 0.016951
v 0.010442 -0.000971 0.016940
v 0.010460 -0.000000 0.016937
v 0.010442 0.000971 0.016940
v 0.010388 0.001941 0.016951
v 0.007363 0.006965 0.017555
v 0.006615 -0.007369 0.017704
v 0.007363 -0.006965 0.017555
v 0.007619 -0.006795 0.017504
v 0.010235 -0.002940 0.016982
v 0.009921 -0.003923 0.017044
v 0.009910 -0.003951 0.017047
v 0.009460 -0.004836 0.017136
v 0.009332 -0.005039 0.017162
v 0.009332 0.005039 0.017162
v 0.009460 0.004836 0.017136
v 0.009910 0.003951 0.017047
v 0.009921 0.003923 0.017044
v 0.010235 0.002940 0.016982
v 0.010272 0.002773 0.016974
v 0.008868 -0.005658 0.017254
v 0.008559 -0.005998 0.017316
v 0.008161 -0.006374 0.017396
v 0.008868 0.005658 0.017254
v 0.008559 0.005998 0.017316
v 0.008161 0.006374 0.017396
v 0.007619 0.006795 0.017504
v 0.006614 -0.007369 0.018404
v 0.010234 0.002940 0.017682
v 0.009920 0.003923 0.017744
v 0.009908 0.003951 0.017747
v 0.009459 0.004836 0.017836
v 0.009330 0.005039 0.017862
v 0.009330 -0.005039 0.017862
v 0.009459 -0.004836 0.017836
v 0.009908 -0.003951 0.017747
v 0.009920 -0.003923 0.017744
v 0.010234 -0.002940 0.017682
v 0.010386 -0.001941 0.017651
v 0.010440 -0.000971 0.017640
v 0.010458 0.000000 0.017637
v 0.010440 0.000971 0.017640
v 0.010386 0.001941 0.017651
v 0.007361 -0.006965 0.018255
v 0.007618 -0.006795 0.018204
v 0.008159 -0.006374 0.018096
v 0.008558 -0.005998 0.018016
v 0.008867 -0.005658 0.017954
v 0.007618 0.006795 0.018204
v 0.007361 0.006965 0.018255
v 0.008867 0.005658 0.017954
v 0.008558 0.005998 0.018016
v 0.008159 0.006374 0.018096
v 0.010385 -0.001941 0.018351
v 0.010438 -0.000971 0.018340
v 0.010456 -0.000000 0.018337
v 0.010438 0.000971 0.018340
v 0.010385 0.001941 0.018351
v 0.006612 -0.007369 0.019104
v 0.007360 0.006965 0.018955
v 0.007360 -0.006965 0.018955
v 0.007616 -0.006795 0.018904
v 0.010232 -0.002940 0.018382
v 0.009918 -0.003923 0.018444
v 0.009907 -0.003951 0.018447
v 0.009457 -0.004836 0.018536
v 0.009329 -0.005039 0.018562
v 0.009329 0.005039 0.018562
v 0.009457 0.004836 0.018536
v 0.009907 0.003951 0.018447
v 0.009918 0.003923 0.018444
v 0.010232 0.002940 0.018382
v 0.010269 0.002773 0.018374
v 0.008865 -0.005658 0.018654
v 0.008556 -0.005998 0.018716
v 0.008158 -0.006374 0.018796
v 0.008865 0.005658 0.018654
v 0.008556 0.005998 0.018716
v 0.008158 0.006374 0.018796
v 0.007616 0.006795 0.018904
v 0.006610 -0.007369 0.019804
v 0.009905 -0.003951 0.019147
v 0.010268 -0.002766 0.019074
v 0.010267 -0.002773 0.019074
v 0.009997 -0.003717 0.019128
v 0.009576 -0.004630 0.019212
v 0.009327 -0.005039 0.019262
v 0.010268 0.002766 0.019074
v 0.010383 0.001941 0.019051
v 0.010437 0.000971 0.019040
v 0.010455 0.000000 0.019037
v 0.010437 -0.000971 0.019040
v 0.010383 -0.001941 0.019051
v 0.007500 0.006873 0.019627
v 0.007615 0.006795 0.019604
v 0.008317 0.006229 0.019463
v 0.008554 0.005998 0.019416
v 0.009014 0.005473 0.019324
v 0.009327 0.005039 0.019262
v 0.009576 0.004630 0.019212
v 0.009905 0.003951 0.019147
v 0.009997 0.003717 0.019128
v 0.010267 0.002773 0.019074
v 0.007500 -0.006873 0.019627
v 0.007615 -0.006795 0.019604
v 0.008317 -0.006229 0.019463
v 0.008554 -0.005998 0.019416
v 0.009014 -0.005473 0.019324
v 0.010381 -0.001941 0.019751
v 0.010435 -0.000971 0.019740
v 0.010453 -0.000000 0.019737
v 0.010435 0.000971 0.019740
v 0.010381 0.001941 0.019751
v 0.009903 0.003951 0.019847
v 0.010267 0.002766 0.019774
v 0.010265 0.002773 0.019774
v 0.009995 0.003717 0.019828
v 0.009574 0.004630 0.019912
v 0.009325 0.005039 0.019962
v 0.010267 -0.002766 0.019774
v 0.006609 -0.007369 0.020504
v 0.007499 -0.006873 0.020327
v 0.007613 -0.006795 0.020304
v 0.008316 -0.006229 0.020163
v 0.008553 -0.005998 0.020116
v 0.009013 -0.005473 0.020024
v 0.009325 -0.005039 0.019962
v 0.009574 -0.004630 0.019912
v 0.009903 -0.003951 0.019847
v 0.009995 -0.003717 0.019828
v 0.010265 -0.002773 0.019774
v 0.007499 0.006873 0.020327
v 0.007613 0.006795 0.020304
v 0.008316 0.006229 0.020163
v 0.008553 0.005998 0.020116
v 0.009013 0.005473 0.020024
v 0.006607 -0.007369 0.021204
v 0.010227 0.002940 0.020482
v 0.009913 0.003923 0.020544
v 0.009901 0.003951 0.020547
v 0.009452 0.004836 0.020636
v 0.009324 0.005039 0.020662
v 0.009324 -0.005039 0.020662
v 0.009452 -0.004836 0.020636
v 0.009901 -0.003951 0.020547
v 0.009913 -0.003923 0.020544
v 0.010227 -0.002940 0.020482
v 0.010380 -0.001941 0.020451
v 0.010433 -0.000971 0.020440
v 0.010451 0.000000 0.020437
v 0.010433 0.000971 0.020440
v 0.010380 0.001941 0.020451
v 0.007354 -0.006965 0.021055
v 0.007611 -0.006795 0.021004
v 0.008153 -0.006374 0.020896
v 0.008551 -0.005998 0.020816
v 0.008860 -0.005658 0.020754
v 0.007611 0.006795 0.021004
v 0.007354 0.006965 0.021055
v 0.008860 0.005658 0.020754
v 0.008551 0.005998 0.020816
v 0.008153 0.006374 0.020896
v 0.010378 -0.001941 0.021013
v 0.010432 -0.000970 0.020976
v 0.010450 0.000000 0.020964
v 0.010428 0.001076 0.020979
v 0.010220 0.000831 0.021383
v 0.010375 0.000962 0.021208
v 0.010234 -0.000000 0.021374
v 0.010392 -0.000000 0.021196
v 0.010216 -0.000952 0.021386
v 0.010375 -0.000962 0.021208
v 0.010164 -0.001904 0.021422
v 0.010253 -0.001915 0.021344
v 0.010322 -0.001925 0.021244
v 0.010364 -0.001934 0.021130
v 0.007053 -0.007140 0.023479
v 0.007313 -0.006987 0.023259
v 0.007377 -0.006922 0.023374
v 0.009306 -0.004795 0.022022
v 0.009517 -0.004434 0.021865
v 0.009445 -0.004363 0.021939
v 0.009966 -0.003743 0.021396
v 0.009982 -0.003743 0.021270
v 0.010113 -0.003307 0.021297
v 0.010120 -0.003334 0.021179
v 0.010229 -0.002860 0.021219
v 0.010243 -0.002863 0.021099
v 0.010313 -0.002402 0.021164
v 0.010326 -0.002416 0.021046
v 0.008017 -0.006382 0.022968
v 0.007414 -0.006821 0.023484
v 0.010272 -0.002384 0.021278
v 0.010190 -0.002833 0.021333
v 0.010077 -0.003271 0.021410
v 0.009933 -0.003699 0.021509
v 0.009790 -0.004162 0.021516
v 0.009763 -0.004111 0.021629
v 0.009591 -0.004561 0.021655
v 0.009568 -0.004502 0.021768
v 0.009368 -0.004937 0.021813
v 0.009351 -0.004872 0.021925
v 0.009123 -0.005294 0.021990
v 0.009113 -0.005221 0.022102
v 0.008861 -0.005627 0.022184
v 0.008857 -0.005548 0.022296
v 0.008585 -0.005934 0.022394
v 0.008589 -0.005850 0.022505
v 0.008296 -0.006217 0.022618
v 0.008308 -0.006127 0.022729
v 0.007997 -0.006476 0.022857
v 0.007603 -0.006797 0.023020
v 0.006795 -0.006888 0.024181
v 0.006814 -0.007032 0.024130
v 0.007385 -0.006562 0.023629
v 0.007416 -0.006695 0.023572
v 0.010204 -0.002364 0.021377
v 0.009964 -0.003073 0.021563
v 0.010124 -0.002803 0.021433
v 0.010117 -0.002343 0.021455
v 0.010138 -0.002184 0.021441
v 0.009630 -0.003991 0.021802
v 0.009707 -0.004052 0.021727
v 0.009657 -0.003933 0.021783
v 0.009794 -0.003598 0.021684
v 0.009874 -0.003649 0.021608
v 0.010014 -0.003231 0.021509
v 0.009237 -0.004715 0.022094
v 0.009223 -0.004737 0.022105
v 0.009073 -0.005136 0.022198
v 0.009010 -0.005048 0.022268
v 0.008824 -0.005456 0.022391
v 0.008781 -0.005340 0.022447
v 0.008562 -0.005750 0.022599
v 0.008509 -0.005645 0.022665
v 0.008288 -0.006020 0.022822
v 0.008213 -0.005934 0.022909
v 0.008004 -0.006268 0.023059
v 0.007962 -0.006149 0.023121
v 0.007563 -0.006446 0.023469
v 0.006812 -0.007083 0.024103
v 0.006796 -0.007169 0.024044
v 0.006765 -0.007243 0.023976
v 0.006661 -0.007340 0.023821
v 0.007790 -0.006662 0.022868
v 0.007949 -0.006540 0.022742
v 0.008458 -0.006089 0.022349
v 0.008546 -0.006000 0.022282
v 0.009059 -0.005407 0.021906
v 0.009119 -0.005327 0.021863
v 0.009320 -0.005042 0.021722
v 0.009603 -0.004571 0.021525
v 0.009789 -0.004202 0.021399
v 0.009899 -0.003953 0.021326
v 0.005102 -0.006826 0.023457
v 0.005102 -0.007212 0.023457
v 0.005148 -0.007205 0.023759
v 0.005149 -0.006815 0.023764
v 0.005178 -0.007200 0.023841
v 0.005236 -0.006794 0.023961
v 0.005280 -0.007184 0.024030
v 0.005362 -0.006760 0.024133
v 0.006127 -0.007033 0.024459
v 0.006127 -0.006485 0.024460
v 0.006015 -0.007055 0.024456
v 0.005819 -0.006611 0.024419
v 0.005801 -0.007096 0.024413
v 0.005710 -0.006651 0.024380
v 0.005715 -0.007111 0.024382
v 0.005523 -0.006713 0.024276
v 0.005484 -0.007151 0.024246
v 0.005395 -0.007166 0.024167
v 0.006188 -0.007021 0.024456
v 0.006297 -0.006999 0.024441
v 0.006340 -0.006384 0.024431
v 0.006568 -0.006940 0.024344
v 0.006540 -0.006280 0.024358
v 0.006795 -0.006131 0.024181
v 0.006570 0.007400 0.007800
v 0.007425 0.006940 0.007801
v 0.007405 0.006908 0.007609
v 0.007643 0.006795 0.007801
v 0.008401 0.006177 0.007801
v 0.008375 0.006150 0.007609
v 0.008582 0.005998 0.007801
v 0.009215 0.005243 0.007801
v 0.009184 0.005221 0.007609
v 0.009355 0.005039 0.007801
v 0.009622 0.004596 0.007801
v 0.009589 0.004578 0.007609
v 0.009096 0.005158 0.007447
v 0.009494 0.004526 0.007447
v 0.008964 0.005063 0.007338
v 0.009352 0.004447 0.007338
v 0.008808 0.004952 0.007300
v 0.009184 0.004355 0.007300
v 0.008301 0.006071 0.007447
v 0.008189 0.005953 0.007338
v 0.008057 0.005814 0.007300
v 0.007346 0.006817 0.007447
v 0.007259 0.006680 0.007338
v 0.007156 0.006519 0.007300
v 0.006322 0.007504 0.007800
v 0.006308 0.007469 0.007609
v 0.006268 0.007368 0.007447
v 0.006208 0.007217 0.007338
v 0.006138 0.007039 0.007300
v 0.006089 0.007049 0.007301
v 0.006161 0.007229 0.007337
v 0.006226 0.007381 0.007444
v 0.006273 0.007482 0.007608
v 0.005870 0.007091 0.007337
v 0.005946 0.007281 0.007360
v 0.005767 0.007109 0.007371
v 0.005844 0.007305 0.007388
v 0.005574 0.007143 0.007474
v 0.005648 0.007347 0.007481
v 0.005490 0.007157 0.007538
v 0.005561 0.007365 0.007541
v 0.005342 0.007181 0.007694
v 0.005407 0.007396 0.007692
v 0.005281 0.007190 0.007785
v 0.005343 0.007408 0.007781
v 0.005215 0.007201 0.007916
v 0.005248 0.007426 0.007974
v 0.005191 0.007204 0.007978
v 0.005161 0.007209 0.008086
v 0.005216 0.007432 0.008084
v 0.005138 0.007212 0.008298
v 0.005191 0.007436 0.008298
v 0.006033 0.007439 0.007461
v 0.005940 0.007465 0.007485
v 0.005761 0.007513 0.007564
v 0.005682 0.007533 0.007618
v 0.005540 0.007568 0.007752
v 0.005480 0.007582 0.007832
v 0.005392 0.007601 0.008005
v 0.005362 0.007608 0.008104
v 0.005339 0.007613 0.008298
v 0.006114 0.007538 0.007623
v 0.006038 0.007563 0.007643
v 0.005893 0.007609 0.007709
v 0.005828 0.007628 0.007752
v 0.005713 0.007661 0.007861
v 0.005664 0.007674 0.007925
v 0.005593 0.007693 0.008065
v 0.005569 0.007700 0.008144
v 0.005550 0.007704 0.008299
v 0.006296 0.007515 0.007801
v 0.006177 0.007560 0.007819
v 0.006121 0.007580 0.007836
v 0.006017 0.007616 0.007887
v 0.005971 0.007632 0.007920
v 0.005891 0.007657 0.007998
v 0.005858 0.007668 0.008043
v 0.005809 0.007683 0.008139
v 0.005793 0.007688 0.008194
v 0.005781 0.007691 0.008299
v 0.005158 0.006822 0.008102
v 0.005138 0.006826 0.008298
v 0.006138 0.006498 0.007300
v 0.005945 0.006578 0.007319
v 0.005432 0.006752 0.007592
v 0.005585 0.006706 0.007467
v 0.005756 0.006649 0.007376
v 0.005215 0.006808 0.007916
v 0.005308 0.006785 0.007742
v 0.009007 0.004355 0.007300
v 0.008606 0.004354 0.007300
v 0.008433 0.004617 0.007300
v 0.007715 0.005450 0.007300
v 0.006846 0.006124 0.007300
v 0.009408 0.003453 0.007868
v 0.009054 0.003453 0.007868
v 0.009390 0.003533 0.007731
v 0.009010 0.003564 0.007688
v 0.009358 0.003672 0.007570
v 0.009007 0.003674 0.007568
v 0.009327 0.003800 0.007468
v 0.009007 0.003989 0.007369
v 0.009279 0.003995 0.007367
v 0.009244 0.004129 0.007326
v 0.008862 0.003892 0.007413
v 0.008760 0.004089 0.007336
v 0.008704 0.004191 0.007313
v 0.008978 0.003640 0.007601
v 0.008905 0.003803 0.007466
v 0.009637 0.003525 0.007854
v 0.009814 0.003684 0.007893
v 0.009613 0.003612 0.007716
v 0.009895 0.003895 0.007977
v 0.009786 0.003766 0.007769
v 0.009864 0.004108 0.008085
v 0.009870 0.003960 0.007877
v 0.009571 0.003761 0.007560
v 0.009531 0.003896 0.007465
v 0.009469 0.004096 0.007378
v 0.009426 0.004229 0.007347
v 0.009738 0.003905 0.007629
v 0.009693 0.004029 0.007547
v 0.009624 0.004211 0.007473
v 0.009576 0.004331 0.007449
v 0.009824 0.004072 0.007764
v 0.009781 0.004172 0.007697
v 0.009715 0.004320 0.007636
v 0.009668 0.004417 0.007614
v 0.009845 0.004151 0.008017
v 0.009810 0.004226 0.007936
v 0.009777 0.004296 0.007885
v 0.009725 0.004401 0.007835
v 0.009687 0.004474 0.007814
v 0.010398 0.002047 0.009223
v 0.010407 0.001941 0.009223
v 0.010360 0.002044 0.009032
v 0.010369 0.001938 0.009032
v 0.010253 0.002034 0.008869
v 0.010261 0.001930 0.008870
v 0.010091 0.002019 0.008761
v 0.010100 0.001918 0.008761
v 0.009901 0.002002 0.008722
v 0.009909 0.001904 0.008722
v 0.010387 0.002153 0.009223
v 0.010350 0.002149 0.009032
v 0.010243 0.002138 0.008869
v 0.010081 0.002120 0.008761
v 0.009891 0.002100 0.008722
v 0.009875 0.002200 0.008719
v 0.010066 0.002228 0.008756
v 0.010227 0.002256 0.008864
v 0.009835 0.002400 0.008692
v 0.010027 0.002441 0.008724
v 0.009814 0.002484 0.008672
v 0.010008 0.002530 0.008702
v 0.009758 0.002677 0.008606
v 0.009955 0.002734 0.008629
v 0.009694 0.002861 0.008514
v 0.009895 0.002927 0.008528
v 0.009660 0.002946 0.008461
v 0.009864 0.003015 0.008470
v 0.009589 0.003109 0.008332
v 0.009799 0.003182 0.008332
v 0.009518 0.003254 0.008180
v 0.009735 0.003329 0.008173
v 0.010189 0.002491 0.008830
v 0.010170 0.002589 0.008806
v 0.010118 0.002814 0.008726
v 0.010060 0.003026 0.008618
v 0.010030 0.003123 0.008555
v 0.009967 0.003308 0.008406
v 0.009906 0.003469 0.008235
v 0.010334 0.002281 0.009027
v 0.010294 0.002542 0.008991
v 0.010274 0.002652 0.008966
v 0.010220 0.002904 0.008882
v 0.010159 0.003142 0.008766
v 0.010127 0.003251 0.008698
v 0.010060 0.003461 0.008538
v 0.009995 0.003645 0.008352
v 0.009930 0.003951 0.008338
v 0.009983 0.003819 0.008501
v 0.010060 0.003610 0.008703
v 0.010137 0.003375 0.008875
v 0.010173 0.003252 0.008946
v 0.010243 0.002987 0.009069
v 0.010304 0.002709 0.009156
v 0.010326 0.002587 0.009183
v 0.010370 0.002298 0.009219
v 0.009926 0.003962 0.008323
v 0.009947 0.003769 0.008190
v 0.009861 0.003577 0.008087
v 0.009688 0.003427 0.008035
v 0.009465 0.003352 0.008047
v 0.009233 0.002905 0.008487
v 0.009168 0.003127 0.008314
v 0.009107 0.003310 0.008107
v 0.009388 0.002100 0.008721
v 0.009348 0.002383 0.008694
v 0.009295 0.002652 0.008615
v 0.005945 -0.006578 0.007319
v 0.006138 -0.006498 0.007300
v 0.006138 -0.007039 0.007300
v 0.005215 -0.006808 0.007916
v 0.005308 -0.006785 0.007742
v 0.005281 -0.007190 0.007785
v 0.006089 -0.007049 0.007301
v 0.005870 -0.007091 0.007337
v 0.005756 -0.006649 0.007376
v 0.005767 -0.007109 0.007371
v 0.005585 -0.006706 0.007467
v 0.005574 -0.007143 0.007474
v 0.005432 -0.006752 0.007592
v 0.005490 -0.007157 0.007538
v 0.005342 -0.007181 0.007694
v 0.005138 -0.007212 0.008298
v 0.005138 -0.006826 0.008298
v 0.005161 -0.007209 0.008086
v 0.005158 -0.006822 0.008102
v 0.005191 -0.007204 0.007978
v 0.005215 -0.007201 0.007916
v 0.007156 -0.006519 0.007300
v 0.006846 -0.006124 0.007300
v 0.008057 -0.005814 0.007300
v 0.007715 -0.005450 0.007300
v 0.008808 -0.004952 0.007300
v 0.008433 -0.004617 0.007300
v 0.008606 -0.004354 0.007300
v 0.009007 -0.004355 0.007300
v 0.009184 -0.004355 0.007300
v 0.009054 -0.003453 0.007868
v 0.009408 -0.003453 0.007868
v 0.009010 -0.003564 0.007688
v 0.009390 -0.003533 0.007731
v 0.009007 -0.003674 0.007568
v 0.008760 -0.004089 0.007336
v 0.008862 -0.003892 0.007413
v 0.009007 -0.003989 0.007369
v 0.008905 -0.003803 0.007466
v 0.008978 -0.003640 0.007601
v 0.008704 -0.004191 0.007313
v 0.009244 -0.004129 0.007326
v 0.009358 -0.003672 0.007570
v 0.009327 -0.003800 0.007468
v 0.009279 -0.003995 0.007367
v 0.009835 -0.002400 0.008692
v 0.009814 -0.002484 0.008672
v 0.009348 -0.002383 0.008694
v 0.009295 -0.002652 0.008615
v 0.009875 -0.002200 0.008719
v 0.009388 -0.002100 0.008721
v 0.009891 -0.002100 0.008722
v 0.009758 -0.002677 0.008606
v 0.009694 -0.002861 0.008514
v 0.009233 -0.002905 0.008487
v 0.009660 -0.002946 0.008461
v 0.009168 -0.003127 0.008314
v 0.009465 -0.003352 0.008047
v 0.009107 -0.003310 0.008107
v 0.009518 -0.003254 0.008180
v 0.009589 -0.003109 0.008332
v 0.009901 -0.002002 0.008722
v 0.009410 -0.001867 0.008721
v 0.009410 0.001867 0.008721
v 0.009911 0.001882 0.008722
v 0.009923 0.001707 0.008722
v 0.009465 0.000858 0.008721
v 0.009972 0.000606 0.008722
v 0.009975 0.000452 0.008722
v 0.009479 -0.000152 0.008721
v 0.009971 -0.000650 0.008722
v 0.009468 -0.000768 0.008721
v 0.009967 -0.000804 0.008722
v 0.009909 -0.001904 0.008722
v 0.009272 -0.002610 0.022068
v 0.009338 -0.002243 0.022018
v 0.009379 -0.001867 0.021988
v 0.009409 -0.001867 0.009221
v 0.009129 -0.003145 0.022176
v 0.008935 -0.003658 0.022326
v 0.008718 -0.004101 0.022497
v 0.008396 -0.004617 0.022757
v 0.008050 -0.005060 0.023046
v 0.007677 -0.005450 0.023369
v 0.007249 -0.005816 0.023753
v 0.005546 -0.006718 0.007808
v 0.005133 -0.006826 0.010179
v 0.005464 -0.006731 0.023938
v 0.008687 0.004157 0.022522
v 0.008396 0.004617 0.022757
v 0.008935 0.003658 0.022326
v 0.009129 0.003145 0.022176
v 0.009272 0.002610 0.022068
v 0.009338 0.002243 0.022018
v 0.009379 0.001867 0.021988
v 0.009430 0.000934 0.021949
v 0.009448 -0.000001 0.021936
v 0.009432 -0.000884 0.021948
v 0.006795 0.006131 0.024181
v 0.007249 0.005816 0.023753
v 0.008050 0.005060 0.023046
v 0.007677 0.005450 0.023369
v 0.009409 0.001867 0.009221
v 0.006127 0.006485 0.024460
v 0.005819 0.006611 0.024419
v 0.006540 0.006280 0.024358
v 0.006340 0.006384 0.024431
v 0.005464 0.006731 0.023938
v 0.005710 0.006651 0.024380
v 0.005523 0.006713 0.024276
v 0.005362 0.006760 0.024133
v 0.005236 0.006794 0.023961
v 0.005149 0.006815 0.023764
v 0.005102 0.006826 0.023457
v 0.005133 0.006826 0.010179
v 0.005546 0.006718 0.007808
v 0.006127 0.007033 0.024459
v 0.006568 0.006940 0.024344
v 0.006297 0.006999 0.024441
v 0.006188 0.007021 0.024456
v 0.006015 0.007055 0.024456
v 0.005801 0.007096 0.024413
v 0.005715 0.007111 0.024382
v 0.005484 0.007151 0.024246
v 0.005395 0.007166 0.024167
v 0.005280 0.007184 0.024030
v 0.005102 0.007212 0.023457
v 0.005148 0.007205 0.023759
v 0.005178 0.007200 0.023841
v 0.006614 0.007237 0.024191
v 0.005752 0.007689 0.023546
v 0.005744 0.007691 0.023459
v 0.005514 0.007704 0.023458
v 0.005564 0.007697 0.023676
v 0.005769 0.007684 0.023610
v 0.005808 0.007672 0.023696
v 0.005667 0.007668 0.023868
v 0.005841 0.007661 0.023746
v 0.005901 0.007642 0.023812
v 0.005822 0.007623 0.024017
v 0.005951 0.007626 0.023854
v 0.006029 0.007599 0.023901
v 0.006010 0.007563 0.024110
v 0.006088 0.007578 0.023926
v 0.006212 0.007493 0.024145
v 0.006198 0.007537 0.023954
v 0.006409 0.007418 0.024124
v 0.006368 0.007470 0.023955
v 0.006538 0.007397 0.023904
v 0.006589 0.007344 0.024052
v 0.006397 0.007313 0.024285
v 0.005303 0.007613 0.023458
v 0.005453 0.007664 0.023708
v 0.005349 0.007603 0.023734
v 0.005571 0.007634 0.023927
v 0.005479 0.007573 0.023978
v 0.005674 0.007525 0.024163
v 0.005909 0.007463 0.024277
v 0.006157 0.007390 0.024316
v 0.005510 0.007248 0.024254
v 0.005299 0.007285 0.024039
v 0.005161 0.007308 0.023765
v 0.005155 0.007436 0.023458
v 0.005768 0.007199 0.024393
v 0.006049 0.007142 0.024450
v 0.006085 0.007230 0.024426
v 0.006356 0.007162 0.024396
v 0.006604 0.007094 0.024294
v 0.006122 0.007315 0.024380
v 0.005857 0.007384 0.024337
v 0.005809 0.007294 0.024376
v 0.005607 0.007443 0.024214
v 0.005551 0.007348 0.024244
v 0.005399 0.007489 0.024014
v 0.005339 0.007390 0.024035
v 0.005262 0.007517 0.023754
v 0.005198 0.007415 0.023764
v 0.005213 0.007527 0.023458
v 0.006040 0.007608 0.008050
v 0.006146 0.007557 0.023681
v 0.010470 -0.000662 0.009224
v 0.010407 -0.001941 0.009223
v 0.010465 -0.000820 0.009224
v 0.010408 0.001918 0.009223
v 0.010478 -0.000000 0.009224
v 0.010474 0.000461 0.009224
v 0.010471 0.000618 0.009224
v 0.010421 0.001740 0.009223
v 0.010371 0.001915 0.009032
v 0.010263 0.001907 0.008870
v 0.010101 0.001895 0.008761
v 0.010383 0.001737 0.009032
v 0.010433 0.000617 0.009032
v 0.010437 0.000460 0.009032
v 0.010432 -0.000661 0.009032
v 0.010428 -0.000818 0.009032
v 0.010369 -0.001938 0.009032
v 0.010275 0.001730 0.008870
v 0.010325 0.000615 0.008870
v 0.010329 0.000458 0.008870
v 0.010324 -0.000659 0.008870
v 0.010320 -0.000815 0.008870
v 0.010261 -0.001930 0.008870
v 0.010114 0.001719 0.008761
v 0.010163 0.000611 0.008761
v 0.010167 0.000455 0.008761
v 0.010162 -0.000654 0.008761
v 0.010158 -0.000810 0.008761
v 0.010100 -0.001918 0.008761
v 0.010091 -0.002019 0.008761
v 0.010253 -0.002034 0.008870
v 0.010360 -0.002044 0.009032
v 0.010398 -0.002047 0.009223
v 0.010081 -0.002120 0.008761
v 0.010243 -0.002138 0.008869
v 0.010350 -0.002149 0.009032
v 0.010387 -0.002153 0.009223
v 0.009864 -0.004108 0.008085
v 0.009895 -0.003895 0.007977
v 0.009947 -0.003769 0.008190
v 0.010370 -0.002298 0.009219
v 0.010334 -0.002281 0.009027
v 0.010227 -0.002256 0.008864
v 0.010066 -0.002228 0.008756
v 0.010326 -0.002587 0.009183
v 0.010294 -0.002542 0.008991
v 0.010304 -0.002709 0.009156
v 0.010274 -0.002652 0.008966
v 0.010243 -0.002987 0.009069
v 0.010220 -0.002904 0.008882
v 0.010173 -0.003252 0.008946
v 0.010159 -0.003142 0.008766
v 0.010137 -0.003375 0.008875
v 0.010127 -0.003251 0.008698
v 0.010060 -0.003610 0.008703
v 0.010060 -0.003461 0.008538
v 0.009983 -0.003819 0.008501
v 0.009995 -0.003645 0.008352
v 0.009930 -0.003951 0.008338
v 0.009926 -0.003962 0.008323
v 0.010189 -0.002491 0.008830
v 0.010170 -0.002589 0.008806
v 0.010118 -0.002814 0.008726
v 0.010060 -0.003026 0.008618
v 0.010030 -0.003123 0.008555
v 0.009967 -0.003308 0.008406
v 0.009906 -0.003469 0.008235
v 0.009861 -0.003577 0.008087
v 0.009814 -0.003684 0.007893
v 0.010027 -0.002441 0.008724
v 0.010008 -0.002530 0.008702
v 0.009955 -0.002734 0.008629
v 0.009895 -0.002927 0.008528
v 0.009864 -0.003015 0.008470
v 0.009799 -0.003182 0.008332
v 0.009735 -0.003329 0.008173
v 0.009688 -0.003427 0.008035
v 0.009637 -0.003525 0.007854
v 0.009845 -0.004151 0.008017
v 0.009870 -0.003960 0.007877
v 0.009786 -0.003766 0.007769
v 0.009613 -0.003612 0.007716
v 0.009810 -0.004226 0.007936
v 0.009824 -0.004072 0.007764
v 0.009777 -0.004296 0.007885
v 0.009781 -0.004172 0.007697
v 0.009725 -0.004401 0.007835
v 0.009715 -0.004320 0.007636
v 0.009687 -0.004474 0.007814
v 0.009668 -0.004417 0.007614
v 0.009622 -0.004596 0.007801
v 0.009589 -0.004578 0.007609
v 0.009738 -0.003905 0.007629
v 0.009693 -0.004029 0.007547
v 0.009624 -0.004211 0.007473
v 0.009576 -0.004331 0.007449
v 0.009494 -0.004526 0.007447
v 0.009571 -0.003761 0.007560
v 0.009531 -0.003896 0.007465
v 0.009469 -0.004096 0.007378
v 0.009426 -0.004229 0.007347
v 0.009352 -0.004447 0.007338
v 0.006570 -0.007400 0.007800
v 0.006322 -0.007504 0.007800
v 0.006308 -0.007469 0.007609
v 0.009355 -0.005039 0.007801
v 0.009184 -0.005221 0.007609
v 0.008964 -0.005063 0.007338
v 0.009096 -0.005158 0.007447
v 0.009215 -0.005243 0.007801
v 0.008582 -0.005998 0.007801
v 0.008375 -0.006150 0.007609
v 0.008189 -0.005953 0.007338
v 0.008301 -0.006071 0.007447
v 0.008401 -0.006177 0.007801
v 0.007643 -0.006795 0.007801
v 0.007405 -0.006908 0.007609
v 0.007259 -0.006680 0.007338
v 0.007346 -0.006817 0.007447
v 0.007425 -0.006940 0.007801
v 0.006208 -0.007217 0.007338
v 0.006268 -0.007368 0.007447
v 0.006296 -0.007515 0.007801
v 0.006273 -0.007482 0.007608
v 0.006226 -0.007381 0.007444
v 0.006177 -0.007560 0.007819
v 0.006114 -0.007538 0.007623
v 0.006121 -0.007580 0.007836
v 0.006038 -0.007563 0.007643
v 0.006017 -0.007616 0.007887
v 0.005893 -0.007609 0.007709
v 0.005971 -0.007632 0.007920
v 0.005828 -0.007628 0.007752
v 0.005891 -0.007657 0.007998
v 0.005713 -0.007661 0.007861
v 0.005858 -0.007668 0.008043
v 0.005664 -0.007674 0.007925
v 0.006033 -0.007439 0.007461
v 0.005940 -0.007465 0.007485
v 0.005761 -0.007513 0.007564
v 0.005682 -0.007533 0.007618
v 0.005540 -0.007568 0.007752
v 0.005480 -0.007582 0.007832
v 0.006161 -0.007229 0.007337
v 0.005946 -0.007281 0.007360
v 0.005844 -0.007305 0.007388
v 0.005648 -0.007347 0.007481
v 0.005561 -0.007365 0.007541
v 0.005407 -0.007396 0.007692
v 0.005343 -0.007408 0.007781
v 0.005248 -0.007426 0.007974
v 0.005392 -0.007601 0.008005
v 0.005593 -0.007693 0.008065
v 0.005809 -0.007683 0.008139
v 0.005216 -0.007432 0.008084
v 0.005362 -0.007608 0.008104
v 0.005569 -0.007700 0.008144
v 0.005793 -0.007688 0.008194
v 0.005191 -0.007436 0.008298
v 0.005339 -0.007613 0.008298
v 0.005550 -0.007704 0.008299
v 0.005781 -0.007691 0.008299
v 0.005744 -0.007691 0.023459
v 0.005514 -0.007704 0.023458
v 0.005303 -0.007613 0.023458
v 0.005213 -0.007527 0.023458
v 0.005155 -0.007436 0.023458
v 0.005951 -0.007626 0.023854
v 0.005901 -0.007642 0.023812
v 0.006136 -0.007561 0.023686
v 0.005841 -0.007661 0.023745
v 0.005804 -0.007673 0.023688
v 0.005769 -0.007684 0.023610
v 0.005751 -0.007689 0.023540
v 0.006177 -0.007545 0.023950
v 0.006088 -0.007578 0.023926
v 0.006022 -0.007601 0.023897
v 0.006040 -0.007608 0.008050
v 0.006532 -0.007399 0.023906
v 0.006519 -0.007405 0.023912
v 0.006351 -0.007477 0.023957
v 0.006604 -0.007094 0.024294
v 0.006409 -0.007418 0.024124
v 0.006212 -0.007493 0.024145
v 0.006010 -0.007563 0.024110
v 0.005822 -0.007623 0.024017
v 0.005564 -0.007697 0.023676
v 0.005667 -0.007668 0.023868
v 0.006614 -0.007237 0.024191
v 0.006589 -0.007344 0.024052
v 0.005571 -0.007634 0.023927
v 0.005453 -0.007664 0.023708
v 0.005349 -0.007603 0.023734
v 0.005479 -0.007573 0.023978
v 0.005674 -0.007525 0.024163
v 0.005909 -0.007463 0.024277
v 0.006157 -0.007390 0.024316
v 0.006397 -0.007313 0.024285
v 0.005161 -0.007308 0.023765
v 0.005299 -0.007285 0.024039
v 0.005510 -0.007248 0.024254
v 0.005768 -0.007199 0.024393
v 0.006049 -0.007142 0.024450
v 0.006085 -0.007230 0.024426
v 0.006356 -0.007162 0.024396
v 0.006122 -0.007315 0.024380
v 0.005809 -0.007294 0.024376
v 0.005857 -0.007384 0.024337
v 0.005551 -0.007348 0.024244
v 0.005607 -0.007443 0.024214
v 0.005339 -0.007390 0.024035
v 0.005399 -0.007489 0.024014
v 0.005198 -0.007415 0.023764
v 0.005262 -0.007517 0.023754
v 0.000502 0.005100 -0.000865
v 0.000867 0.005100 -0.000498
v 0.000867 0.006000 -0.000498
v 0.001000 0.006000 0.000002
v 0.001000 0.005100 0.000002
v 0.000865 0.006000 0.000502
v 0.000865 0.005100 0.000502
v 0.000498 0.006000 0.000867
v 0.000502 0.006000 -0.000865
v 0.000002 0.006000 -0.001000
v 0.000002 0.005100 -0.001000
v -0.000498 0.005100 -0.000867
v -0.000498 0.006000 -0.000867
v -0.000865 0.005100 -0.000502
v -0.000865 0.006000 -0.000502
v -0.001000 0.005100 -0.000002
v -0.001000 0.006000 -0.000002
v -0.000867 0.005100 0.000498
v -0.000867 0.006000 0.000498
v -0.000502 0.005100 0.000865
v -0.000502 0.006000 0.000865
v -0.000002 0.005100 0.001000
v -0.000002 0.006000 0.001000
v -0.000000 0.005100 0.001000
v 0.000498 0.005100 0.000867
v -0.004379 0.006000 0.003506
v -0.001758 0.006000 0.003506
v -0.002007 0.005933 0.003256
v -0.004342 0.005901 0.003208
v -0.004354 0.005933 0.003255
v -0.004370 0.005974 0.003347
v -0.004263 0.005691 0.003044
v -0.004285 0.005749 0.003073
v -0.002190 0.005750 0.003073
v -0.002107 0.005858 0.003156
v -0.004300 0.005788 0.003097
v -0.002257 0.005500 0.003006
v -0.004188 0.005500 0.003006
v -0.002247 0.005598 0.003016
v -0.004190 0.005505 0.003006
v -0.002219 0.005691 0.003044
v -0.004243 0.005640 0.003026
v -0.001750 0.006000 -0.000004
v -0.002250 0.005500 -0.000005
v -0.002219 0.005673 -0.000005
v -0.002183 0.005750 -0.000005
v -0.001923 0.005969 -0.000004
v -0.002000 0.005933 -0.000004
v -0.002104 0.005854 -0.000005
v 0.000005 0.005500 -0.002250
v 0.005872 0.005500 -0.002237
v 0.000005 0.005100 -0.002250
v 0.005872 0.005100 -0.002237
v 0.000004 0.006000 -0.001750
v 0.005870 0.006000 -0.001737
v 0.005871 0.005970 -0.001906
v 0.000005 0.005969 -0.001923
v 0.005871 0.005933 -0.001987
v 0.000005 0.005854 -0.002104
v 0.005871 0.005855 -0.002089
v 0.005871 0.005750 -0.002170
v 0.000005 0.005673 -0.002219
v -0.001880 0.005969 -0.000404
v -0.002057 0.005854 -0.000442
v -0.002170 0.005673 -0.000466
v -0.001838 0.005500 -0.001298
v -0.001975 0.005500 -0.001078
v -0.001948 0.005673 -0.001063
v -0.002200 0.005500 -0.000473
v -0.001587 0.005500 -0.001595
v -0.001566 0.005673 -0.001573
v -0.001289 0.005500 -0.001844
v -0.001054 0.005673 -0.001953
v -0.001069 0.005500 -0.001980
v -0.000456 0.005673 -0.002172
v -0.000463 0.005500 -0.002202
v -0.000360 0.006000 -0.001713
v -0.000395 0.005969 -0.001882
v -0.000914 0.005969 -0.001692
v -0.000831 0.006000 -0.001540
v -0.001357 0.005969 -0.001363
v -0.001235 0.006000 -0.001240
v -0.001688 0.005969 -0.000921
v -0.001536 0.006000 -0.000839
v -0.001711 0.006000 -0.000368
v -0.001846 0.005854 -0.001008
v -0.001484 0.005854 -0.001491
v -0.000999 0.005854 -0.001851
v -0.000432 0.005854 -0.002059
v -0.003792 0.003767 0.003006
v -0.003772 0.003815 0.003006
v -0.003794 0.003801 0.009604
v -0.003805 0.003791 0.012903
v -0.003812 0.003784 0.014553
v -0.003815 0.003779 0.015377
v -0.003818 0.003775 0.015790
v -0.003819 0.003773 0.015996
v -0.003820 0.003771 0.016099
v -0.003821 0.003770 0.016150
v -0.003821 0.003769 0.016176
v -0.003821 0.003768 0.016189
v -0.003821 0.003768 0.016196
v -0.003822 0.003767 0.016199
v -0.003822 0.003767 0.016201
v 0.008613 0.004077 0.007564
v 0.008613 0.004126 0.007300
v 0.008713 0.004174 0.007300
v 0.008493 0.004047 0.007614
v 0.008447 0.004098 0.007300
v 0.008692 0.003986 0.007834
v 0.008585 0.003940 0.007893
v 0.008804 0.003847 0.008081
v 0.008722 0.003767 0.008162
v 0.008815 0.003636 0.008304
v 0.008934 0.003664 0.008298
v 0.008908 0.003494 0.008425
v 0.009130 0.003240 0.008583
v 0.009071 0.003203 0.008594
v 0.009181 0.003084 0.008643
v 0.009212 0.002883 0.008694
v 0.009223 0.002942 0.008682
v 0.009306 0.002600 0.008721
v 0.008739 0.004126 0.007583
v 0.008762 0.004084 0.007709
v 0.008839 0.003936 0.007995
v 0.008904 0.003802 0.008170
v 0.009018 0.003542 0.008407
v 0.009070 0.003409 0.008495
v 0.005099 0.007338 0.024692
v 0.005102 0.007337 0.024689
v 0.005143 0.007337 0.007800
v 0.004096 0.007458 0.025642
v 0.004447 0.007435 0.025300
v 0.004139 0.007458 0.007800
v 0.004704 0.007411 0.007800
v 0.002935 0.007489 0.027098
v 0.001873 0.007500 0.028626
v 0.002713 0.006500 0.029164
v 0.004827 0.006458 0.026285
v 0.004152 0.006479 0.027121
v 0.003512 0.006492 0.027981
v 0.005101 0.006825 0.025397
v 0.005348 0.006410 0.025683
v 0.005488 0.006723 0.025046
v 0.005688 0.006346 0.025308
v 0.005659 0.006668 0.024896
v 0.005870 0.006301 0.025114
v 0.006204 0.006450 0.024431
v 0.006388 0.006130 0.024580
v 0.006414 0.006347 0.024258
v 0.006733 0.006169 0.024000
v 0.006871 0.005906 0.024108
v 0.007103 0.005925 0.023711
v 0.007323 0.005632 0.023686
v 0.007562 0.005556 0.023365
v 0.007750 0.005304 0.023304
v 0.007984 0.005135 0.023058
v 0.008149 0.004919 0.022963
v 0.008317 0.004727 0.022822
v 0.008519 0.004492 0.007300
v 0.007290 0.005831 -0.001235
v 0.007192 0.005904 -0.001326
v 0.007171 0.005904 0.007300
v 0.007648 0.005531 -0.000640
v 0.007546 0.005621 -0.000886
v 0.007477 0.005680 -0.001002
v 0.006951 0.006056 0.007300
v 0.006723 0.006198 0.007300
v 0.006432 0.006359 0.007300
v 0.007671 0.005492 0.007300
v 0.007062 0.005981 0.007300
v 0.007690 0.005483 0.003552
v 0.007709 0.005473 -0.000229
v 0.007688 0.005493 -0.000474
v 0.008482 0.004492 0.022687
v 0.009099 0.003237 0.022200
v 0.009282 0.002563 0.022060
v 0.009371 0.002235 0.008721
v 0.008826 0.003892 0.022411
v 0.005144 0.006825 0.007300
v 0.006358 0.006396 0.007300
v 0.006283 0.006432 0.007300
v 0.006133 0.006500 0.007300
v 0.005515 0.006728 0.007300
v 0.007034 0.006000 0.007300
v 0.007148 0.005920 0.007300
v 0.006346 0.006401 0.007300
v 0.007032 0.005975 0.007300
v 0.007018 0.005985 -0.001327
v 0.006897 0.006000 -0.001327
v 0.006877 0.006000 0.007300
v 0.007202 0.005851 -0.001511
v 0.007135 0.005900 -0.001510
v 0.007262 0.005807 -0.001476
v 0.007074 0.005944 -0.001473
v 0.007033 0.005974 -0.001408
v 0.007241 0.005500 -0.001690
v 0.007205 0.005721 -0.001653
v 0.007280 0.005666 -0.001603
v 0.007195 0.005750 -0.001642
v 0.006982 0.005984 -0.001417
v 0.007069 0.005933 -0.001509
v 0.007120 0.005881 -0.001562
v 0.007359 0.005433 -0.001569
v 0.007388 0.005593 -0.001486
v 0.007364 0.005732 -0.001369
v 0.007586 0.005297 -0.001259
v 0.007596 0.005445 -0.001190
v 0.007558 0.005578 -0.001101
v 0.007629 0.005518 -0.000968
v 0.007671 0.005388 -0.001043
v 0.007793 0.005161 -0.000776
v 0.007718 0.005212 -0.000995
v 0.007670 0.005243 -0.001103
v 0.007732 0.005426 -0.000691
v 0.007773 0.005388 -0.000504
v 0.007782 0.005299 -0.000738
v 0.007826 0.005263 -0.000532
v 0.007849 0.005243 -0.000227
v 0.007795 0.005368 -0.000228
v 0.007842 0.005127 -0.000555
v 0.007867 0.005109 -0.000227
v 0.007807 0.005316 0.003553
v 0.007773 0.005359 0.007300
v 0.007831 0.005126 0.007300
v 0.007849 0.005117 0.003554
v 0.007831 0.004600 0.007300
v 0.007867 0.004600 -0.000227
v 0.007578 0.004165 0.007300
v 0.007601 0.004158 -0.000228
v 0.007740 0.004267 -0.000228
v 0.007704 0.004267 0.007300
v 0.007834 0.004422 -0.000227
v 0.007798 0.004422 0.007300
v 0.007688 0.004422 -0.000982
v 0.007718 0.004600 -0.000994
v 0.007830 0.004600 -0.000618
v 0.007482 0.004332 -0.001279
v 0.007367 0.004466 -0.001532
v 0.007507 0.004422 -0.001323
v 0.007230 0.004600 -0.001701
v 0.007534 0.004600 -0.001341
v 0.007496 0.004313 -0.001232
v 0.007601 0.004267 -0.000946
v 0.007565 0.004215 -0.000890
v 0.007706 0.004267 -0.000594
v 0.007585 0.004183 -0.000688
v 0.007798 0.004422 -0.000612
v 0.008350 0.003100 0.022348
v 0.008905 0.003100 0.022349
v 0.008302 0.003490 0.022386
v 0.008864 0.003460 0.022382
v 0.008247 0.003668 0.022430
v 0.008749 0.003792 0.022472
v 0.008192 0.003799 0.022474
v 0.008159 0.003865 0.022500
v 0.008497 0.004195 0.022675
v 0.007927 0.004213 0.022685
v 0.008184 0.004514 0.022933
v 0.007617 0.004514 0.022932
v 0.007374 0.004684 0.023125
v 0.007783 0.004789 0.023276
v 0.006804 0.004948 0.023579
v 0.007359 0.004976 0.023653
v 0.006649 0.004994 0.023702
v 0.006993 0.005069 0.023992
v 0.006334 0.005061 0.023953
v 0.006627 0.005100 0.024344
v 0.005846 0.005100 0.024342
v 0.006285 0.005056 0.023905
v 0.006237 0.005061 0.023855
v 0.007851 0.003100 0.021847
v 0.007886 0.003100 0.022031
v 0.007813 0.003490 0.021895
v 0.007852 0.003463 0.022071
v 0.007413 0.004460 0.022782
v 0.007327 0.004474 0.022682
v 0.007671 0.004146 0.022525
v 0.007573 0.004164 0.022400
v 0.007855 0.003804 0.022342
v 0.007748 0.003821 0.022194
v 0.007962 0.003453 0.022235
v 0.007918 0.003100 0.022097
v 0.006705 0.004930 0.023487
v 0.007086 0.004727 0.023107
v 0.008125 0.003463 0.022346
v 0.008002 0.003821 0.022449
v 0.007997 0.003100 0.022201
v 0.008100 0.003100 0.022280
v 0.008166 0.003100 0.022312
v 0.007513 0.004474 0.022868
v 0.007796 0.004164 0.022624
v 0.006557 0.004970 0.023456
v 0.006960 0.004763 0.022956
v 0.007176 0.004596 0.022686
v 0.007260 0.004518 0.022582
v 0.007494 0.004238 0.022291
v 0.007725 0.003799 0.022004
v 0.007764 0.003682 0.021955
v 0.007278 0.004514 0.016228
v 0.007596 0.004100 0.016229
v 0.007616 0.004100 0.007300
v 0.007617 0.004098 0.007300
v 0.007675 0.003988 0.007785
v 0.007149 0.004632 0.016228
v 0.006548 0.004979 0.016227
v 0.005864 0.005100 0.016225
v 0.007758 0.003792 0.008128
v 0.007808 0.003637 0.008302
v 0.007860 0.003389 0.008493
v 0.007881 0.003100 0.008632
v 0.007881 0.003105 0.008630
v 0.007431 0.004393 -0.000965
v 0.006937 0.004815 -0.001927
v 0.006638 0.004962 -0.002082
v 0.006260 0.005069 -0.002198
v 0.005908 0.005100 -0.002236
v 0.007881 0.002600 0.008718
v 0.000502 -0.005100 -0.000865
v 0.000002 -0.005100 -0.001000
v 0.000002 -0.006000 -0.001000
v -0.000498 -0.006000 -0.000867
v -0.000000 -0.005100 -0.001000
v -0.000498 -0.005100 -0.000867
v -0.000865 -0.006000 -0.000502
v -0.000865 -0.005100 -0.000502
v -0.001000 -0.006000 -0.000002
v -0.001000 -0.005100 -0.000002
v -0.000867 -0.006000 0.000498
v -0.000867 -0.005100 0.000498
v -0.000502 -0.006000 0.000865
v -0.000502 -0.005100 0.000865
v -0.000002 -0.006000 0.001000
v -0.000002 -0.005100 0.001000
v 0.000498 -0.006000 0.000867
v 0.000498 -0.005100 0.000867
v 0.000865 -0.006000 0.000502
v 0.000865 -0.005100 0.000502
v 0.001000 -0.006000 0.000002
v 0.001000 -0.005100 0.000002
v 0.000867 -0.006000 -0.000498
v 0.000867 -0.005100 -0.000498
v 0.000502 -0.006000 -0.000865
v 0.005143 -0.007337 0.007800
v 0.005102 -0.007337 0.024689
v 0.004704 -0.007411 0.007800
v 0.005099 -0.007338 0.024692
v 0.004139 -0.007458 0.007800
v 0.004447 -0.007435 0.025300
v 0.004096 -0.007458 0.025642
v -0.003153 -0.006131 0.006584
v -0.003341 -0.006000 0.006491
v -0.002288 -0.006000 0.006932
v -0.002660 -0.006420 0.006798
v -0.001159 -0.006000 0.007207
v -0.001679 -0.006798 0.007104
v -0.002143 -0.006650 0.006978
v -0.000000 -0.006978 0.007300
v -0.000309 -0.006969 0.007293
v -0.000000 -0.006000 0.007300
v -0.000617 -0.006958 0.007274
v -0.001154 -0.006907 0.007208
v -0.000696 -0.006458 0.030548
v -0.000729 -0.007458 0.029548
v 0.000177 -0.006483 0.030550
v 0.000157 -0.007483 0.029550
v -0.003920 -0.006404 0.029541
v -0.003788 -0.006492 0.029541
v -0.003245 -0.005653 0.030543
v -0.001419 -0.007393 0.029547
v -0.001499 -0.006364 0.030547
v -0.001693 -0.007345 0.029546
v -0.002406 -0.006092 0.030545
v -0.002169 -0.007229 0.029545
v -0.002092 -0.007251 0.029545
v -0.003512 -0.006661 0.029542
v -0.003332 -0.006760 0.029542
v -0.002702 -0.007050 0.029544
v -0.004428 -0.006012 0.029540
v -0.003986 -0.005064 0.030541
v -0.004677 -0.005785 0.029539
v -0.004927 -0.005530 0.029539
v -0.004524 -0.004455 0.030540
v -0.005364 -0.004999 0.029538
v -0.005017 -0.003646 0.030539
v -0.005714 -0.004460 0.029537
v -0.005598 -0.004654 0.029537
v -0.006261 -0.003195 0.029536
v -0.006218 -0.003334 0.029536
v -0.005348 -0.002760 0.030538
v -0.006025 -0.003841 0.029536
v -0.005914 -0.004083 0.029537
v -0.006414 -0.002571 0.029535
v -0.005506 -0.001830 0.030538
v -0.006501 -0.001904 0.029535
v -0.005734 0.003531 0.003044
v -0.005774 0.003645 0.003073
v -0.005543 0.003550 0.003006
v -0.006004 0.003503 0.003318
v -0.006040 0.003500 0.003505
v -0.006006 0.003740 0.003505
v -0.005958 0.003272 0.003505
v -0.005928 0.003292 0.003318
v -0.005838 0.003352 0.003154
v -0.005896 0.003514 0.003154
v -0.005703 0.003443 0.003044
v -0.005872 0.003685 0.003154
v -0.005943 0.003714 0.003255
v -0.005972 0.003726 0.003318
v -0.005543 0.003050 0.003506
v -0.005778 0.003109 0.003505
v -0.005543 0.003087 0.003318
v -0.005761 0.003141 0.003318
v -0.005543 0.003195 0.003154
v -0.005710 0.003237 0.003154
v -0.005543 0.003358 0.003044
v -0.005634 0.003380 0.003044
v -0.003908 0.003050 0.003506
v -0.003907 0.003100 0.003288
v -0.003905 0.003196 0.003152
v -0.003890 0.003359 0.003044
v -0.003855 0.003550 0.003006
v -0.003917 0.001350 0.007557
v -0.003926 0.001350 0.011491
v -0.005951 0.001350 0.007557
v -0.005960 0.001350 0.011487
v -0.005951 0.001387 0.007369
v -0.003916 0.001388 0.007366
v -0.005951 0.001495 0.007206
v -0.003916 0.001496 0.007204
v -0.005951 0.001658 0.007096
v -0.003916 0.001659 0.007096
v -0.005951 0.001850 0.007057
v -0.003916 0.001850 0.007057
v -0.005933 0.002050 0.007057
v -0.003916 0.002050 0.007057
v -0.005942 0.001959 0.007057
v -0.005950 0.001867 0.007057
v -0.003914 0.002974 0.006440
v -0.005590 0.002983 0.006416
v -0.005564 0.003027 0.006269
v -0.003914 0.003050 0.006057
v -0.005549 0.003050 0.006080
v -0.005549 0.003050 0.006057
v -0.005640 0.002897 0.006590
v -0.003915 0.002757 0.006765
v -0.005684 0.002812 0.006705
v -0.005751 0.002669 0.006843
v -0.003915 0.002600 0.006893
v -0.005795 0.002559 0.006918
v -0.005857 0.002379 0.007002
v -0.003916 0.002433 0.006981
v -0.005894 0.002245 0.007038
v -0.005784 0.003109 0.006057
v -0.005964 0.003272 0.006056
v -0.006047 0.003500 0.006056
v -0.006012 0.003740 0.006056
v -0.006363 0.002096 0.007307
v -0.006392 0.002099 0.007365
v -0.006354 0.002379 0.007337
v -0.005785 0.003109 0.006079
v -0.005965 0.003271 0.006080
v -0.006047 0.003499 0.006084
v -0.005796 0.003088 0.006261
v -0.005818 0.003047 0.006406
v -0.005860 0.002964 0.006582
v -0.005898 0.002881 0.006702
v -0.005956 0.002734 0.006851
v -0.005996 0.002620 0.006934
v -0.006052 0.002428 0.007028
v -0.006086 0.002282 0.007071
v -0.006123 0.002070 0.007095
v -0.006181 0.002077 0.007124
v -0.005975 0.003248 0.006280
v -0.005995 0.003202 0.006439
v -0.006033 0.003107 0.006632
v -0.006068 0.003012 0.006765
v -0.006123 0.002845 0.006930
v -0.006161 0.002715 0.007022
v -0.006215 0.002496 0.007128
v -0.006248 0.002330 0.007176
v -0.006284 0.002088 0.007203
v -0.006059 0.003470 0.006320
v -0.006081 0.003412 0.006507
v -0.006123 0.003295 0.006730
v -0.006161 0.003180 0.006882
v -0.006221 0.002981 0.007067
v -0.006262 0.002827 0.007169
v -0.006319 0.002571 0.007285
v -0.006012 0.003739 0.006090
v -0.006027 0.003703 0.006374
v -0.006056 0.003631 0.006594
v -0.006110 0.003489 0.006855
v -0.006158 0.003351 0.007027
v -0.006231 0.003116 0.007235
v -0.006280 0.002937 0.007347
v -0.006347 0.002643 0.007473
v -0.006387 0.002422 0.007528
v -0.006430 0.002104 0.007556
v -0.006373 0.001998 0.007307
v -0.006191 0.001981 0.007124
v -0.006381 0.001899 0.007307
v -0.006448 0.001904 0.007556
v -0.006440 0.002004 0.007556
v -0.006199 0.001885 0.007124
v -0.006450 0.001887 0.007556
v -0.006413 0.001884 0.007369
v -0.006200 0.001868 0.007124
v -0.006305 0.001876 0.007206
v -0.006382 0.001882 0.007307
v -0.006133 0.001786 0.007096
v -0.006388 0.001696 0.007369
v -0.006423 0.001684 0.007556
v -0.006317 0.001510 0.007557
v -0.006290 0.001535 0.007369
v -0.006211 0.001608 0.007206
v -0.006286 0.001732 0.007206
v -0.006092 0.001719 0.007096
v -0.006151 0.001392 0.007557
v -0.006136 0.001425 0.007369
v -0.006093 0.001524 0.007206
v -0.006028 0.001674 0.007096
v -0.006055 0.001359 0.011486
v -0.006160 0.001392 0.011486
v -0.006327 0.001510 0.011486
v -0.006432 0.001684 0.011486
v -0.006459 0.001887 0.011486
v -0.006083 0.001066 0.012197
v -0.006178 0.001089 0.012214
v -0.006160 0.001311 0.011879
v -0.006451 0.001470 0.012213
v -0.006342 0.001319 0.012117
v -0.006461 0.001304 0.012413
v -0.006351 0.001176 0.012291
v -0.006471 0.001102 0.012577
v -0.006361 0.001001 0.012435
v -0.006481 0.000871 0.012699
v -0.006001 0.000921 0.012307
v -0.006014 0.000734 0.012410
v -0.006199 0.000753 0.012440
v -0.006016 0.000696 0.012425
v -0.006212 0.000353 0.012521
v -0.006025 0.000479 0.012478
v -0.006028 0.000350 0.012487
v -0.005973 0.001237 0.011949
v -0.005991 0.001057 0.012194
v -0.006370 0.000802 0.012542
v -0.006377 0.000584 0.012609
v -0.006488 0.000620 0.012775
v -0.006064 0.001283 0.011870
v -0.005969 0.001274 0.011869
v -0.006334 0.001423 0.011920
v -0.006329 0.001488 0.011707
v -0.006443 0.001592 0.011987
v -0.006437 0.001667 0.011741
v -0.006468 0.001786 0.012020
v -0.006462 0.001857 0.011778
v -0.006479 0.001629 0.012318
v -0.006491 0.001439 0.012546
v -0.006503 0.001207 0.012732
v -0.006513 0.000978 0.012856
v -0.006523 0.000657 0.012956
v -0.006529 0.000357 0.012985
v -0.006491 0.000356 0.012794
v -0.006382 0.000355 0.012632
v -0.006220 0.000353 0.012524
v -0.003926 0.001288 0.011837
v -0.003927 0.001057 0.012198
v -0.003928 0.000696 0.012429
v -0.003928 0.000350 0.012491
v -0.006461 -0.001304 0.012413
v -0.006351 -0.001176 0.012291
v -0.006451 -0.001470 0.012213
v -0.006342 -0.001319 0.012117
v -0.006443 -0.001592 0.011987
v -0.006334 -0.001423 0.011920
v -0.006437 -0.001667 0.011741
v -0.006370 -0.000802 0.012542
v -0.006361 -0.001002 0.012435
v -0.006471 -0.001102 0.012577
v -0.006491 -0.001439 0.012546
v -0.006503 -0.001207 0.012732
v -0.006481 -0.000871 0.012699
v -0.006513 -0.000978 0.012856
v -0.006001 -0.000921 0.012307
v -0.005991 -0.001057 0.012194
v -0.006083 -0.001066 0.012197
v -0.006178 -0.001089 0.012214
v -0.006014 -0.000734 0.012410
v -0.006199 -0.000753 0.012440
v -0.006016 -0.000696 0.012425
v -0.006025 -0.000479 0.012478
v -0.005969 -0.001274 0.011869
v -0.005960 -0.001350 0.011487
v -0.006064 -0.001283 0.011870
v -0.006055 -0.001359 0.011486
v -0.005973 -0.001237 0.011949
v -0.006432 -0.001684 0.011486
v -0.006329 -0.001488 0.011707
v -0.006327 -0.001510 0.011486
v -0.006160 -0.001311 0.011879
v -0.006160 -0.001392 0.011486
v -0.006479 -0.001629 0.012318
v -0.006468 -0.001786 0.012020
v -0.006462 -0.001857 0.011778
v -0.006459 -0.001887 0.011486
v -0.006377 -0.000584 0.012609
v -0.006488 -0.000620 0.012775
v -0.006523 -0.000657 0.012956
v -0.006028 -0.000350 0.012487
v -0.006212 -0.000353 0.012521
v -0.006220 -0.000353 0.012524
v -0.006382 -0.000355 0.012632
v -0.006491 -0.000356 0.012794
v -0.006529 -0.000357 0.012985
v -0.003926 -0.001350 0.011491
v -0.003917 -0.001350 0.007557
v -0.005951 -0.001350 0.007557
v -0.003926 -0.001288 0.011837
v -0.003927 -0.001057 0.012198
v -0.003928 -0.000696 0.012429
v -0.003928 -0.000350 0.012491
v -0.006532 -0.000000 0.012985
v -0.006501 0.001904 0.029535
v -0.006562 0.000714 0.029535
v -0.006571 -0.000000 0.029535
v -0.006562 -0.000714 0.029535
v -0.006450 -0.001887 0.007556
v -0.006448 -0.001904 0.007556
v -0.006151 -0.001392 0.007557
v -0.006317 -0.001510 0.007557
v -0.006423 -0.001684 0.007556
v -0.006413 -0.001884 0.007369
v -0.006388 -0.001696 0.007369
v -0.006305 -0.001876 0.007206
v -0.006286 -0.001732 0.007206
v -0.006143 -0.001864 0.007096
v -0.006133 -0.001786 0.007096
v -0.005951 -0.001850 0.007057
v -0.006290 -0.001535 0.007369
v -0.006136 -0.001425 0.007369
v -0.006211 -0.001608 0.007206
v -0.006093 -0.001524 0.007206
v -0.006092 -0.001719 0.007096
v -0.006028 -0.001674 0.007096
v -0.005951 -0.001387 0.007369
v -0.005951 -0.001495 0.007206
v -0.005951 -0.001658 0.007096
v -0.003916 -0.001850 0.007057
v -0.003916 -0.001659 0.007096
v -0.003916 -0.001496 0.007204
v -0.003916 -0.001388 0.007366
v -0.004370 -0.005974 0.003347
v -0.004379 -0.006000 0.003506
v -0.004615 -0.005785 0.003505
v -0.005196 -0.005027 0.003255
v -0.005050 -0.004917 0.003073
v -0.004285 -0.005749 0.003073
v -0.004300 -0.005788 0.003097
v -0.004342 -0.005901 0.003208
v -0.004354 -0.005933 0.003255
v -0.004851 -0.004767 0.003006
v -0.004188 -0.005500 0.003006
v -0.004190 -0.005505 0.003006
v -0.004243 -0.005640 0.003026
v -0.004263 -0.005691 0.003044
v -0.005535 -0.004654 0.003505
v -0.006006 -0.003740 0.003505
v -0.005972 -0.003726 0.003318
v -0.005250 -0.005068 0.003505
v -0.005543 -0.003550 0.003006
v -0.005774 -0.003645 0.003073
v -0.005872 -0.003685 0.003154
v -0.005943 -0.003714 0.003255
v -0.002257 -0.005500 0.003006
v -0.002247 -0.005598 0.003016
v -0.002111 -0.005854 0.003152
v -0.002219 -0.005691 0.003044
v -0.001949 -0.005962 0.003315
v -0.001758 -0.006000 0.003506
v -0.003855 -0.003550 0.003006
v -0.002257 -0.005069 0.003006
v -0.002707 -0.004932 0.003006
v -0.003792 -0.003767 0.003006
v -0.003772 -0.003815 0.003006
v -0.003374 -0.004456 0.003006
v -0.002250 -0.005069 -0.000005
v -0.002250 -0.005500 -0.000005
v -0.002219 -0.005673 -0.000005
v -0.002104 -0.005854 -0.000005
v -0.001923 -0.005969 -0.000004
v -0.001750 -0.006000 -0.000004
v -0.000395 -0.005969 -0.001882
v 0.000005 -0.005969 -0.001923
v 0.000004 -0.006000 -0.001750
v 0.000005 -0.005854 -0.002104
v 0.000005 -0.005673 -0.002219
v -0.000432 -0.005854 -0.002059
v -0.000463 -0.005500 -0.002202
v 0.000005 -0.005500 -0.002250
v -0.000456 -0.005673 -0.002172
v -0.001054 -0.005673 -0.001953
v -0.001069 -0.005500 -0.001980
v -0.001289 -0.005500 -0.001844
v -0.001587 -0.005500 -0.001595
v -0.001566 -0.005673 -0.001573
v -0.001838 -0.005500 -0.001298
v -0.001948 -0.005673 -0.001063
v -0.001975 -0.005500 -0.001078
v -0.002170 -0.005673 -0.000466
v -0.002200 -0.005500 -0.000473
v -0.000360 -0.006000 -0.001713
v -0.000831 -0.006000 -0.001540
v -0.000914 -0.005969 -0.001692
v -0.001235 -0.006000 -0.001240
v -0.001357 -0.005969 -0.001363
v -0.001536 -0.006000 -0.000839
v -0.001688 -0.005969 -0.000921
v -0.001711 -0.006000 -0.000368
v -0.001880 -0.005969 -0.000404
v -0.000999 -0.005854 -0.001851
v -0.001484 -0.005854 -0.001491
v -0.001846 -0.005854 -0.001008
v -0.002057 -0.005854 -0.000442
v 0.005872 -0.005500 -0.002237
v 0.005871 -0.005750 -0.002170
v 0.005871 -0.005855 -0.002089
v 0.005871 -0.005933 -0.001987
v 0.005871 -0.005970 -0.001906
v 0.005870 -0.006000 -0.001737
v 0.007706 -0.004267 -0.000594
v 0.007798 -0.004422 -0.000612
v 0.007688 -0.004422 -0.000982
v 0.007326 -0.004509 -0.001593
v 0.007286 -0.004600 -0.001646
v 0.007230 -0.004600 -0.001701
v 0.007483 -0.004330 -0.001275
v 0.007554 -0.004231 -0.000965
v 0.007601 -0.004267 -0.000946
v 0.007587 -0.004181 -0.000663
v 0.007534 -0.004600 -0.001341
v 0.007507 -0.004422 -0.001323
v 0.007718 -0.004600 -0.000994
v 0.007830 -0.004600 -0.000618
v 0.007867 -0.004600 -0.000227
v 0.007834 -0.004422 -0.000227
v 0.007740 -0.004267 -0.000228
v 0.007601 -0.004158 -0.000228
v 0.007451 -0.004370 -0.001363
v 0.007867 -0.005109 -0.000227
v 0.007849 -0.005117 0.003554
v 0.007831 -0.004600 0.007300
v 0.007831 -0.005126 0.007300
v 0.006334 -0.005061 0.023953
v 0.005846 -0.005100 0.024342
v 0.006627 -0.005100 0.024344
v 0.008905 -0.003100 0.022349
v 0.008350 -0.003100 0.022348
v 0.008864 -0.003460 0.022382
v 0.008302 -0.003490 0.022386
v 0.008749 -0.003792 0.022472
v 0.008247 -0.003668 0.022430
v 0.008192 -0.003799 0.022474
v 0.008497 -0.004195 0.022675
v 0.008159 -0.003865 0.022500
v 0.008184 -0.004514 0.022933
v 0.007927 -0.004213 0.022685
v 0.007617 -0.004514 0.022932
v 0.007879 -0.004734 0.023193
v 0.007374 -0.004684 0.023125
v 0.006649 -0.004994 0.023702
v 0.006993 -0.005069 0.023992
v 0.006804 -0.004948 0.023579
v 0.007358 -0.004977 0.023654
v 0.007557 -0.004900 0.023475
v 0.006237 -0.005061 0.023855
v 0.006285 -0.005056 0.023905
v 0.007997 -0.003100 0.022201
v 0.007918 -0.003100 0.022097
v 0.007852 -0.003463 0.022071
v 0.007886 -0.003100 0.022031
v 0.007851 -0.003100 0.021847
v 0.008100 -0.003100 0.022280
v 0.007962 -0.003453 0.022235
v 0.007855 -0.003804 0.022342
v 0.007748 -0.003821 0.022194
v 0.007671 -0.004146 0.022525
v 0.007573 -0.004164 0.022400
v 0.007413 -0.004460 0.022782
v 0.007327 -0.004474 0.022682
v 0.007176 -0.004596 0.022686
v 0.006557 -0.004970 0.023456
v 0.006705 -0.004930 0.023487
v 0.007086 -0.004727 0.023107
v 0.006960 -0.004763 0.022956
v 0.008125 -0.003463 0.022346
v 0.008002 -0.003821 0.022449
v 0.008166 -0.003100 0.022312
v 0.007513 -0.004474 0.022868
v 0.007796 -0.004164 0.022624
v 0.007813 -0.003490 0.021895
v 0.007764 -0.003682 0.021955
v 0.007725 -0.003799 0.022004
v 0.007494 -0.004238 0.022291
v 0.007260 -0.004518 0.022582
v 0.008713 -0.004174 0.007300
v 0.008514 -0.004102 0.007300
v 0.008613 -0.004077 0.007564
v 0.008822 -0.003969 0.007943
v 0.008750 -0.004106 0.007647
v 0.008742 -0.004121 0.007600
v 0.008985 -0.003621 0.008345
v 0.008947 -0.003707 0.008269
v 0.008934 -0.003664 0.008298
v 0.008841 -0.003933 0.008000
v 0.008804 -0.003847 0.008081
v 0.008692 -0.003986 0.007834
v 0.009101 -0.003323 0.008543
v 0.008905 -0.003499 0.008421
v 0.009142 -0.003206 0.008598
v 0.009080 -0.003186 0.008601
v 0.009163 -0.003140 0.008623
v 0.009208 -0.002894 0.008692
v 0.009258 -0.002808 0.008707
v 0.009306 -0.002600 0.008721
v 0.008815 -0.003636 0.008304
v 0.008734 -0.003750 0.008182
v 0.008593 -0.003930 0.007913
v 0.008491 -0.004049 0.007608
v 0.008447 -0.004098 0.007300
v 0.007831 -0.004098 0.007300
v 0.007617 -0.004098 0.007299
v 0.007675 -0.003988 0.007785
v 0.007808 -0.003637 0.008302
v 0.007758 -0.003792 0.008128
v 0.007881 -0.002600 0.008718
v 0.007881 -0.003100 0.008632
v 0.007881 -0.003105 0.008630
v 0.007860 -0.003389 0.008493
v 0.007616 -0.004100 0.007299
v 0.007596 -0.004100 0.016229
v 0.007278 -0.004514 0.016228
v 0.006548 -0.004979 0.016227
v 0.007149 -0.004632 0.016228
v 0.005864 -0.005100 0.016225
v 0.007578 -0.004165 0.007299
v 0.007704 -0.004267 0.007299
v 0.007798 -0.004422 0.007300
v 0.007431 -0.004393 -0.000965
v 0.007192 -0.004632 -0.001735
v 0.005908 -0.005100 -0.002236
v 0.006262 -0.005068 -0.002197
v 0.006592 -0.004979 -0.002101
v 0.006937 -0.004814 -0.001926
v 0.007241 -0.005500 -0.001690
v 0.006957 -0.005500 -0.001914
v 0.006638 -0.005500 -0.002082
v 0.006262 -0.005500 -0.002197
v 0.005872 -0.005100 -0.002237
v 0.007865 -0.005110 -0.000320
v 0.007824 -0.005139 -0.000649
v 0.007772 -0.005175 -0.000844
v 0.007718 -0.005212 -0.000995
v 0.007637 -0.005265 -0.001168
v 0.007493 -0.005354 -0.001401
v 0.000005 -0.005100 -0.002250
v -0.000589 -0.005100 -0.002172
v -0.001289 -0.005100 -0.001844
v -0.001838 -0.005100 -0.001298
v -0.002169 -0.005081 -0.000599
v -0.002055 -0.005094 -0.000916
v -0.001894 -0.005100 -0.001214
v -0.003805 -0.003791 0.012903
v -0.003406 -0.004456 0.016203
v -0.003819 -0.003773 0.015996
v -0.003784 -0.003865 0.016202
v -0.003822 -0.003767 0.016201
v -0.002739 -0.004932 0.016204
v -0.001936 -0.005100 0.016206
v -0.003814 -0.003779 0.014552
v -0.003820 -0.003770 0.016099
v -0.003968 -0.003100 0.030541
v -0.003907 -0.003100 0.003288
v -0.003890 -0.003359 0.003044
v -0.003905 -0.003196 0.003152
v -0.003816 -0.003865 0.030541
v -0.003382 -0.004514 0.030542
v -0.002734 -0.004948 0.030544
v -0.001968 -0.005100 0.030546
v -0.005543 -0.003358 0.003044
v -0.005543 -0.003195 0.003154
v -0.005543 -0.003087 0.003318
v -0.005543 -0.003050 0.003506
v -0.003908 -0.003050 0.003506
v -0.005734 -0.003531 0.003044
v -0.005896 -0.003514 0.003154
v -0.006004 -0.003504 0.003318
v -0.006040 -0.003500 0.003505
v -0.005958 -0.003272 0.003505
v -0.005778 -0.003109 0.003505
v -0.005928 -0.003292 0.003318
v -0.005761 -0.003141 0.003318
v -0.005838 -0.003352 0.003154
v -0.005710 -0.003237 0.003154
v -0.005703 -0.003443 0.003044
v -0.005634 -0.003380 0.003044
v -0.006012 -0.003740 0.006056
v -0.006047 -0.003500 0.006056
v -0.005964 -0.003272 0.006056
v -0.005784 -0.003109 0.006057
v -0.005549 -0.003050 0.006057
v -0.003914 -0.003050 0.006057
v -0.005549 -0.003050 0.006080
v -0.003914 -0.002974 0.006440
v -0.005564 -0.003027 0.006269
v -0.005590 -0.002983 0.006416
v -0.003915 -0.002757 0.006765
v -0.005640 -0.002897 0.006590
v -0.005684 -0.002812 0.006705
v -0.003916 -0.002433 0.006981
v -0.005751 -0.002669 0.006843
v -0.005795 -0.002559 0.006918
v -0.005933 -0.002050 0.007057
v -0.003916 -0.002050 0.007057
v -0.005894 -0.002245 0.007038
v -0.005857 -0.002379 0.007002
v -0.005950 -0.001867 0.007057
v -0.005942 -0.001959 0.007057
v -0.006373 -0.001998 0.007307
v -0.006440 -0.002004 0.007556
v -0.006199 -0.001885 0.007124
v -0.006381 -0.001899 0.007307
v -0.006191 -0.001981 0.007124
v -0.006123 -0.002070 0.007095
v -0.006181 -0.002077 0.007124
v -0.006430 -0.002104 0.007556
v -0.006363 -0.002096 0.007307
v -0.006284 -0.002088 0.007203
v -0.006086 -0.002282 0.007071
v -0.006012 -0.003739 0.006090
v -0.006047 -0.003499 0.006084
v -0.005965 -0.003271 0.006080
v -0.005785 -0.003109 0.006079
v -0.006027 -0.003703 0.006374
v -0.006059 -0.003470 0.006320
v -0.006056 -0.003631 0.006594
v -0.006081 -0.003412 0.006507
v -0.006110 -0.003489 0.006855
v -0.006123 -0.003295 0.006730
v -0.006158 -0.003351 0.007027
v -0.006161 -0.003180 0.006882
v -0.006231 -0.003116 0.007235
v -0.006221 -0.002981 0.007067
v -0.006280 -0.002937 0.007347
v -0.006262 -0.002827 0.007169
v -0.006347 -0.002643 0.007473
v -0.006319 -0.002571 0.007285
v -0.006387 -0.002422 0.007528
v -0.006354 -0.002379 0.007337
v -0.005975 -0.003248 0.006280
v -0.005995 -0.003202 0.006439
v -0.006033 -0.003107 0.006632
v -0.006068 -0.003012 0.006765
v -0.006123 -0.002845 0.006930
v -0.006161 -0.002715 0.007022
v -0.006215 -0.002496 0.007128
v -0.006248 -0.002330 0.007176
v -0.005796 -0.003088 0.006261
v -0.005818 -0.003047 0.006406
v -0.005860 -0.002964 0.006582
v -0.005898 -0.002881 0.006702
v -0.005956 -0.002734 0.006851
v -0.005996 -0.002620 0.006934
v -0.006052 -0.002428 0.007028
v -0.004387 -0.006000 0.006659
v -0.003459 -0.006660 0.007109
v -0.003633 -0.006556 0.007034
v -0.003979 -0.006323 0.006873
v -0.003059 -0.006871 0.007263
v -0.002455 -0.007121 0.007456
v -0.002117 -0.007229 0.007544
v -0.001302 -0.007403 0.007702
v -0.000677 -0.007458 0.007772
v -0.001915 -0.007283 0.007591
v -0.003910 -0.006000 0.006317
v -0.003580 -0.006106 0.006423
v -0.003733 -0.006255 0.006507
v -0.003271 -0.006321 0.006583
v -0.003618 -0.006000 0.006374
v -0.004319 -0.006000 0.006457
v -0.004243 -0.006000 0.006389
v -0.003876 -0.006332 0.006669
v -0.004117 -0.006000 0.006335
v -0.004056 -0.006000 0.006322
v -0.004370 -0.006000 0.006553
v -0.003408 -0.006473 0.006672
v -0.003537 -0.006557 0.006833
v -0.002757 -0.006612 0.006810
v -0.002217 -0.006842 0.007000
v -0.002869 -0.006768 0.006905
v -0.002304 -0.007001 0.007101
v -0.002976 -0.006860 0.007066
v -0.002388 -0.007100 0.007262
v -0.001862 -0.007254 0.007398
v -0.001798 -0.007151 0.007237
v -0.001734 -0.006990 0.007133
v -0.001267 -0.007368 0.007510
v -0.001226 -0.007261 0.007349
v -0.001186 -0.007099 0.007243
v -0.000659 -0.007420 0.007581
v -0.000642 -0.007312 0.007419
v -0.000627 -0.007149 0.007311
v -0.000345 -0.007468 0.007793
v -0.000336 -0.007431 0.007602
v -0.000326 -0.007322 0.007440
v -0.000316 -0.007160 0.007331
v -0.000013 -0.007478 0.007800
v -0.000012 -0.007440 0.007609
v -0.000009 -0.007331 0.007446
v -0.000005 -0.007169 0.007338
v 0.004100 -0.006959 0.007300
v 0.004121 -0.006958 0.007300
v 0.004128 -0.007149 0.007338
v 0.002063 -0.007499 0.007800
v 0.002063 -0.007461 0.007609
v 0.002061 -0.006999 0.007300
v 0.002062 -0.007191 0.007338
v 0.002063 -0.007353 0.007446
v 0.004138 -0.007420 0.007609
v 0.004134 -0.007311 0.007446
v 0.000440 -0.007489 0.027135
v 0.000232 -0.007485 0.027293
v 0.000073 -0.007481 0.027500
v -0.000028 -0.007479 0.027741
v -0.000063 -0.007478 0.028000
v -0.000029 -0.007479 0.028259
v 0.000070 -0.007481 0.028500
v 0.000229 -0.007485 0.028708
v 0.000435 -0.007489 0.028867
v 0.000367 -0.007487 0.029540
v 0.000676 -0.007493 0.028967
v 0.000760 -0.007494 0.029461
v 0.000935 -0.007496 0.029002
v 0.001625 -0.007500 0.028937
v 0.001363 -0.007499 0.029163
v 0.001194 -0.007498 0.028969
v 0.001234 -0.007499 0.029249
v 0.001016 -0.007497 0.029365
v 0.001435 -0.007500 0.028869
v 0.001643 -0.007500 0.028711
v 0.001873 -0.007500 0.028626
v 0.001802 -0.007500 0.028504
v 0.002935 -0.007489 0.027098
v 0.001903 -0.007500 0.028263
v 0.001937 -0.007500 0.028005
v 0.001904 -0.007500 0.027745
v 0.001805 -0.007500 0.027504
v 0.001646 -0.007500 0.027297
v 0.001440 -0.007500 0.027137
v 0.001199 -0.007498 0.027037
v 0.000681 -0.007493 0.027036
v 0.000940 -0.007496 0.027002
v 0.000070 -0.005100 0.028500
v 0.000435 -0.005100 0.028867
v 0.000935 -0.005100 0.029002
v 0.001435 -0.005100 0.028869
v 0.001802 -0.005100 0.028504
v 0.001937 -0.005100 0.028005
v 0.001805 -0.005100 0.027504
v 0.001440 -0.005100 0.027137
v 0.000940 -0.005100 0.027002
v 0.000440 -0.005100 0.027135
v 0.000073 -0.005100 0.027500
v -0.000063 -0.005100 0.028000
v 0.001164 -0.005100 0.030386
v 0.002042 -0.005100 0.029906
v 0.002713 -0.005100 0.029164
v 0.004151 -0.005100 0.027122
v 0.005770 -0.005100 0.025220
v 0.000177 -0.005100 0.030550
v 0.002713 -0.006500 0.029164
v 0.002409 -0.006500 0.029563
v 0.002052 -0.006499 0.029898
v 0.001003 -0.006493 0.030436
v 0.001170 -0.006495 0.030384
v 0.001617 -0.006498 0.030186
v 0.001768 -0.006499 0.030098
v 0.000664 -0.006490 0.030512
v 0.003512 -0.006492 0.027981
v 0.004152 -0.006479 0.027121
v 0.004827 -0.006458 0.026285
v 0.005348 -0.006410 0.025683
v 0.005101 -0.006825 0.025397
v 0.006204 -0.006450 0.024431
v 0.006388 -0.006130 0.024580
v 0.005870 -0.006301 0.025114
v 0.005688 -0.006346 0.025308
v 0.005488 -0.006723 0.025046
v 0.005659 -0.006668 0.024896
v 0.006421 -0.006343 0.024251
v 0.006733 -0.006169 0.024000
v 0.006871 -0.005906 0.024108
v 0.007103 -0.005925 0.023711
v 0.007323 -0.005632 0.023686
v 0.007562 -0.005556 0.023365
v 0.007750 -0.005304 0.023304
v 0.007984 -0.005135 0.023058
v 0.008149 -0.004919 0.022963
v 0.008317 -0.004727 0.022822
v 0.005144 -0.006825 0.007300
v 0.005143 -0.007327 0.007701
v 0.005143 -0.007265 0.007544
v 0.005144 -0.007151 0.007414
v 0.005144 -0.006998 0.007329
v 0.004814 -0.006890 0.007300
v 0.004664 -0.007105 0.007338
v 0.004685 -0.007266 0.007446
v 0.004699 -0.007373 0.007609
v 0.006897 -0.006000 -0.001327
v 0.007018 -0.005985 -0.001327
v 0.006877 -0.006000 0.007300
v 0.007032 -0.005975 0.007300
v 0.007192 -0.005904 -0.001326
v 0.007171 -0.005904 0.007300
v 0.007148 -0.005920 0.007300
v 0.007034 -0.006000 0.007300
v 0.006828 -0.006135 0.007300
v 0.006464 -0.006342 0.007300
v 0.006386 -0.006382 0.007300
v 0.006087 -0.006520 0.007300
v 0.006061 -0.006530 0.007300
v 0.005935 -0.006582 0.007300
v 0.005781 -0.006640 0.007300
v 0.007051 -0.005989 0.007300
v 0.006445 -0.006000 -0.001621
v 0.006684 -0.006000 -0.001494
v 0.006163 -0.006000 -0.001707
v 0.006249 -0.005750 -0.002132
v 0.007205 -0.005721 -0.001653
v 0.006920 -0.005750 -0.001858
v 0.006612 -0.005750 -0.002020
v 0.006213 -0.005933 -0.001952
v 0.006541 -0.005933 -0.001852
v 0.006821 -0.005933 -0.001704
v 0.007195 -0.005750 -0.001642
v 0.007185 -0.005773 -0.001632
v 0.007069 -0.005933 -0.001509
v 0.006982 -0.005984 -0.001417
v 0.007074 -0.005944 -0.001473
v 0.007135 -0.005900 -0.001510
v 0.007280 -0.005666 -0.001603
v 0.007262 -0.005807 -0.001476
v 0.007033 -0.005974 -0.001408
v 0.007202 -0.005851 -0.001511
v 0.007826 -0.005307 -0.000228
v 0.007847 -0.005245 -0.000314
v 0.007793 -0.005369 -0.000307
v 0.007708 -0.005475 -0.000299
v 0.007674 -0.005507 -0.000545
v 0.007810 -0.005276 -0.000619
v 0.007764 -0.005314 -0.000801
v 0.007759 -0.005402 -0.000583
v 0.007631 -0.005546 -0.000692
v 0.007715 -0.005442 -0.000749
v 0.007519 -0.005645 -0.000935
v 0.007601 -0.005542 -0.001024
v 0.007401 -0.005743 -0.001109
v 0.007479 -0.005642 -0.001224
v 0.007709 -0.005473 -0.000229
v 0.007642 -0.005411 -0.001105
v 0.007511 -0.005507 -0.001325
v 0.007671 -0.005492 0.007300
v 0.007690 -0.005483 0.003552
v 0.007807 -0.005316 0.003553
v 0.007802 -0.005291 0.007300
v 0.008533 -0.004471 0.007300
v 0.009285 -0.002550 0.022058
v 0.009109 -0.003205 0.022191
v 0.008496 -0.004471 0.022676
v 0.008838 -0.003869 0.022402
v 0.009371 -0.002235 0.008721
v 0.009459 -0.001008 0.008721
v 0.009475 0.000453 0.008721
v 0.009430 -0.000934 0.021949
v 0.009448 0.000001 0.021936
v 0.009416 0.001266 0.021960
v 0.005770 0.005100 0.025220
v 0.004151 0.005100 0.027122
v 0.002713 0.005100 0.029164
v 0.000177 0.006483 0.030550
v 0.000177 0.005100 0.030550
v 0.000664 0.006490 0.030512
v 0.001164 0.005100 0.030386
v 0.001003 0.006493 0.030436
v 0.002052 0.006499 0.029898
v 0.001768 0.006499 0.030098
v 0.002042 0.005100 0.029906
v 0.001617 0.006498 0.030186
v 0.001170 0.006495 0.030384
v 0.002409 0.006500 0.029563
v 0.000157 0.007483 0.029550
v 0.000367 0.007487 0.029540
v 0.000760 0.007494 0.029461
v 0.001016 0.007497 0.029365
v 0.001234 0.007499 0.029249
v 0.001363 0.007499 0.029163
v 0.001625 0.007500 0.028937
v -0.000729 0.007458 0.029548
v -0.000696 0.006458 0.030548
v -0.005506 0.001830 0.030538
v -0.006414 0.002571 0.029535
v -0.005348 0.002760 0.030538
v -0.006261 0.003195 0.029536
v -0.006218 0.003334 0.029536
v -0.006025 0.003841 0.029536
v -0.005017 0.003646 0.030539
v -0.005914 0.004083 0.029537
v -0.005714 0.004460 0.029537
v -0.004524 0.004455 0.030540
v -0.005598 0.004654 0.029537
v -0.003986 0.005064 0.030541
v -0.004927 0.005530 0.029539
v -0.005364 0.004999 0.029538
v -0.003788 0.006492 0.029541
v -0.003920 0.006404 0.029541
v -0.003245 0.005653 0.030543
v -0.004428 0.006011 0.029540
v -0.004677 0.005785 0.029539
v -0.002406 0.006092 0.030545
v -0.003332 0.006760 0.029542
v -0.003512 0.006661 0.029542
v -0.001693 0.007345 0.029546
v -0.002092 0.007251 0.029545
v -0.001499 0.006364 0.030547
v -0.002169 0.007229 0.029545
v -0.002702 0.007050 0.029544
v -0.001419 0.007393 0.029547
v -0.005574 -0.000000 0.030537
v -0.001968 0.005100 0.030546
v -0.002734 0.004948 0.030544
v -0.003382 0.004514 0.030542
v -0.003816 0.003865 0.030541
v -0.003968 0.003100 0.030541
v -0.003931 0.002600 0.013701
v -0.003936 0.002600 0.016201
v -0.003931 -0.002600 0.013701
v -0.003931 -0.001350 0.013701
v -0.003936 0.001350 0.016201
v -0.003931 0.001350 0.013701
v -0.003936 -0.002600 0.016201
v -0.003936 -0.001350 0.016201
v -0.003784 0.003865 0.016202
v -0.003406 0.004456 0.016203
v -0.002739 0.004932 0.016204
v -0.001936 0.005100 0.016206
v -0.002169 0.005081 -0.000599
v -0.002055 0.005094 -0.000917
v -0.002250 0.005069 -0.000005
v -0.001894 0.005100 -0.001214
v -0.002257 0.005069 0.003006
v -0.002707 0.004932 0.003006
v -0.003374 0.004456 0.003006
v -0.000589 0.005100 -0.002172
v -0.001289 0.005100 -0.001844
v -0.001838 0.005100 -0.001298
v -0.004978 0.004591 0.003006
v -0.005183 0.004733 0.003073
v -0.005333 0.004837 0.003255
v -0.004615 0.005785 0.003505
v -0.005389 0.004876 0.003505
v -0.005535 0.004654 0.003505
v -0.003271 0.006321 0.006583
v -0.003408 0.006473 0.006672
v -0.002869 0.006768 0.006905
v -0.003537 0.006557 0.006833
v -0.002976 0.006860 0.007066
v -0.004387 0.006000 0.006659
v -0.003979 0.006323 0.006873
v -0.004369 0.006000 0.006549
v -0.003876 0.006332 0.006669
v -0.004080 0.006000 0.006326
v -0.004206 0.006000 0.006368
v -0.004312 0.006000 0.006449
v -0.003733 0.006255 0.006507
v -0.003580 0.006106 0.006423
v -0.003819 0.006000 0.006326
v -0.003153 0.006131 0.006584
v -0.003341 0.006000 0.006491
v -0.003649 0.006000 0.006365
v -0.003633 0.006556 0.007034
v -0.003459 0.006660 0.007109
v -0.003059 0.006871 0.007263
v -0.002455 0.007121 0.007456
v -0.002117 0.007229 0.007544
v -0.001862 0.007254 0.007398
v -0.002388 0.007100 0.007262
v -0.001915 0.007283 0.007591
v -0.001302 0.007403 0.007702
v -0.001267 0.007368 0.007510
v -0.000677 0.007458 0.007772
v -0.000659 0.007420 0.007581
v -0.002304 0.007001 0.007101
v -0.001798 0.007151 0.007237
v -0.001226 0.007261 0.007349
v -0.000642 0.007312 0.007419
v -0.002757 0.006612 0.006810
v -0.002217 0.006842 0.007000
v -0.001734 0.006990 0.007133
v -0.001186 0.007099 0.007243
v -0.000627 0.007149 0.007311
v -0.002660 0.006420 0.006798
v -0.002143 0.006650 0.006978
v -0.001679 0.006798 0.007104
v -0.001154 0.006907 0.007208
v -0.000617 0.006958 0.007274
v 0.000244 0.007485 0.028401
v 0.000164 0.007483 0.028207
v 0.000370 0.007487 0.028567
v 0.000536 0.007490 0.028694
v 0.000729 0.007493 0.028774
v 0.000137 0.007483 0.028000
v 0.000165 0.007483 0.027793
v 0.000246 0.007485 0.027600
v 0.000373 0.007487 0.027435
v 0.000539 0.007490 0.027308
v 0.000733 0.007493 0.027229
v -0.000345 0.007468 0.007793
v -0.000013 0.007478 0.007800
v 0.000939 0.007496 0.027202
v 0.002063 0.007499 0.007800
v 0.001146 0.007498 0.027230
v 0.001339 0.007499 0.027310
v 0.001505 0.007500 0.027438
v 0.001631 0.007500 0.027604
v 0.001711 0.007500 0.027796
v 0.001737 0.007500 0.028004
v 0.001710 0.007500 0.028211
v 0.001629 0.007500 0.028404
v 0.001502 0.007500 0.028569
v 0.001336 0.007499 0.028696
v 0.001143 0.007498 0.028775
v 0.000936 0.007496 0.028802
v 0.001629 0.005100 0.028404
v 0.001737 0.005100 0.028004
v 0.001336 0.005100 0.028696
v 0.000936 0.005100 0.028802
v 0.000536 0.005100 0.028694
v 0.000244 0.005100 0.028401
v 0.000246 0.005100 0.027600
v 0.000137 0.005100 0.028000
v 0.000539 0.005100 0.027308
v 0.001339 0.005100 0.027310
v 0.000937 0.005100 0.027202
v 0.001631 0.005100 0.027604
v 0.006262 0.005500 -0.002197
v 0.006638 0.005500 -0.002082
v 0.006957 0.005500 -0.001914
v 0.006920 0.005750 -0.001858
v 0.006249 0.005750 -0.002132
v 0.006612 0.005750 -0.002020
v 0.006821 0.005933 -0.001704
v 0.006541 0.005933 -0.001852
v 0.006213 0.005933 -0.001952
v 0.006684 0.006000 -0.001494
v 0.006445 0.006000 -0.001621
v 0.006163 0.006000 -0.001707
v -0.000000 0.006000 0.007300
v -0.002288 0.006000 0.006932
v -0.001159 0.006000 0.007207
v -0.000309 0.006969 0.007293
v -0.000000 0.006978 0.007300
v -0.000336 0.007431 0.007602
v -0.000012 0.007440 0.007609
v -0.000326 0.007322 0.007440
v -0.000009 0.007331 0.007446
v -0.000316 0.007160 0.007331
v -0.000005 0.007169 0.007338
v 0.002063 0.007461 0.007609
v 0.004100 0.006959 0.007300
v 0.002061 0.006999 0.007300
v 0.002062 0.007191 0.007338
v 0.004128 0.007149 0.007338
v 0.004121 0.006958 0.007300
v 0.002063 0.007353 0.007446
v 0.004134 0.007311 0.007446
v 0.004138 0.007420 0.007609
v 0.004457 0.006936 0.007300
v 0.004699 0.007373 0.007609
v 0.005143 0.007229 0.007493
v 0.005144 0.007105 0.007381
v 0.004664 0.007105 0.007338
v 0.005144 0.007021 0.007338
v 0.005144 0.006949 0.007315
v 0.004685 0.007266 0.007447
v 0.005143 0.007309 0.007637
vn 0.9270 0.3449 0.1477
vn 0.9213 0.3713 0.1154
vn 0.9036 0.4089 0.1281
vn 0.9022 0.4145 0.1191
vn 0.8758 0.4673 0.1209
vn 0.9875 0.0995 0.1223
vn 0.9879 0.1012 0.1174
vn 0.9785 0.1648 0.1240
vn 0.9787 0.1661 0.1207
vn 0.9657 0.2298 0.1209
vn 0.9658 0.2329 0.1141
vn 0.9483 0.2912 0.1266
vn 0.9481 0.2938 0.1214
vn 0.9337 0.3376 0.1196
vn 0.7559 0.5594 0.3401
vn 0.7629 0.5405 0.3546
vn 0.7798 0.5253 0.3406
vn 0.7851 0.5071 0.3555
vn 0.8029 0.4889 0.3411
vn 0.8067 0.4717 0.3561
vn 0.8249 0.4503 0.3417
vn 0.8270 0.4344 0.3568
vn 0.8453 0.4099 0.3427
vn 0.8461 0.3954 0.3575
vn 0.8644 0.3671 0.3437
vn 0.8639 0.3544 0.3579
vn 0.8817 0.3222 0.3446
vn 0.8803 0.3115 0.3578
vn 0.8969 0.2758 0.3457
vn 0.8948 0.2670 0.3578
vn 0.9097 0.2279 0.3471
vn 0.9073 0.2212 0.3576
vn 0.9202 0.1786 0.3485
vn 0.9178 0.1737 0.3570
vn 0.9280 0.1281 0.3499
vn 0.9260 0.1251 0.3561
vn 0.9331 0.0771 0.3512
vn 0.9318 0.0755 0.3551
vn 0.6650 0.7274 0.1694
vn 0.7169 0.6145 0.3293
vn 0.7306 0.5793 0.3614
vn 0.7741 0.6245 0.1041
vn 0.7533 0.6464 0.1212
vn 0.7437 0.6557 0.1301
vn 0.7537 0.6405 0.1473
vn 0.6806 0.7301 0.0611
vn 0.7015 0.7058 0.0984
vn 0.6680 0.7332 0.1275
vn 0.6931 0.1153 0.7116
vn 0.7343 0.3373 0.5891
vn 0.6957 0.1111 0.7097
vn 0.6971 0.1218 0.7066
vn 0.7016 0.1182 0.7027
vn 0.7027 0.1264 0.7002
vn 0.7094 0.1338 0.6920
vn 0.7121 0.1321 0.6896
vn 0.7172 0.1474 0.6811
vn 0.6622 0.0137 0.7492
vn 0.6667 0.0170 0.7451
vn 0.6636 0.0191 0.7479
vn 0.6621 0.0287 0.7489
vn 0.6776 0.0797 0.7311
vn 0.6735 0.0718 0.7357
vn 0.6746 0.0698 0.7349
vn 0.6702 0.0631 0.7395
vn 0.6716 0.0603 0.7385
vn 0.6721 0.0598 0.7380
vn 0.6677 0.0537 0.7425
vn 0.6694 0.0491 0.7413
vn 0.6629 0.0422 0.7475
vn 0.6685 0.0389 0.7427
vn 0.6545 0.0243 0.7557
vn 0.6907 0.1038 0.7157
vn 0.6904 0.1044 0.7159
vn 0.6885 0.1063 0.7174
vn 0.6859 0.0964 0.7213
vn 0.6844 0.0975 0.7226
vn 0.6814 0.0884 0.7265
vn 0.6810 0.0891 0.7269
vn 0.6773 0.0806 0.7313
vn 0.6779 0.0792 0.7309
vn 0.6601 0.7334 0.1623
vn 0.6064 0.7877 0.1090
vn 0.5818 0.8027 0.1312
vn 0.6857 0.6304 0.3640
vn 0.6845 0.6346 0.3588
vn 0.6310 0.7340 0.2513
vn 0.5860 0.7938 0.1625
vn 0.5248 0.8447 0.1056
vn 0.8732 0.4751 0.1089
vn 0.8552 0.5036 0.1228
vn 0.8472 0.5130 0.1378
vn 0.8393 0.5314 0.1147
vn 0.8136 0.5678 0.1250
vn 0.8290 0.5326 0.1703
vn 0.7704 0.6359 0.0469
vn 0.7230 0.4744 0.5022
vn 0.7364 0.3967 0.5481
vn 0.7458 0.3908 0.5394
vn 0.7480 0.3613 0.5568
vn 0.7581 0.3532 0.5482
vn 0.7594 0.3375 0.5562
vn 0.7665 0.3311 0.5502
vn 0.7668 0.3159 0.5587
vn 0.7750 0.3076 0.5521
vn 0.7742 0.2932 0.5609
vn 0.7830 0.2830 0.5540
vn 0.7812 0.2695 0.5632
vn 0.7904 0.2572 0.5560
vn 0.7877 0.2449 0.5653
vn 0.7974 0.2300 0.5579
vn 0.7941 0.2193 0.5669
vn 0.8038 0.2017 0.5597
vn 0.8000 0.1925 0.5683
vn 0.8094 0.1724 0.5614
vn 0.8054 0.1649 0.5694
vn 0.8140 0.1423 0.5632
vn 0.8101 0.1365 0.5702
vn 0.8177 0.1113 0.5648
vn 0.8142 0.1073 0.5706
vn 0.8203 0.0799 0.5663
vn 0.8176 0.0773 0.5706
vn 0.8219 0.0480 0.5676
vn 0.8201 0.0467 0.5703
vn 0.7096 -0.7047 0.0017
vn 0.6809 -0.7323 -0.0065
vn 0.6483 -0.7609 0.0265
vn 0.6156 -0.7881 0.0014
vn 0.5809 -0.8140 0.0014
vn 0.5517 -0.8340 -0.0028
vn 0.5120 -0.8585 0.0292
vn 0.4778 -0.8785 0.0012
vn 0.7642 -0.6449 0.0018
vn 0.7410 -0.6696 0.0509
vn 0.7924 -0.6099 -0.0109
vn 0.9882 -0.1529 0.0024
vn 0.9914 -0.1249 -0.0391
vn 0.9778 -0.2096 0.0061
vn 0.9507 -0.3099 -0.0074
vn 0.9570 -0.2873 -0.0408
vn 0.9180 -0.3956 0.0285
vn 0.9300 -0.3674 0.0022
vn 0.8826 -0.4702 0.0021
vn 0.8958 -0.4427 -0.0389
vn 0.8398 -0.5419 0.0342
vn 0.8565 -0.5162 0.0021
vn 0.8174 -0.5761 0.0020
vn 0.9985 -0.0554 0.0024
vn 0.9998 -0.0185 0.0024
vn 0.9998 0.0185 0.0024
vn 0.9985 0.0554 0.0024
vn 0.9923 0.1240 0.0024
vn 0.9878 0.1537 -0.0239
vn 0.4778 0.8785 0.0011
vn 0.5120 0.8585 0.0292
vn 0.5517 0.8340 -0.0028
vn 0.5809 0.8140 0.0014
vn 0.6156 0.7881 0.0015
vn 0.6483 0.7609 0.0265
vn 0.6809 0.7323 -0.0065
vn 0.7096 0.7046 0.0017
vn 0.7375 0.6754 0.0018
vn 0.7657 0.6428 0.0223
vn 0.7924 0.6099 -0.0109
vn 0.8174 0.5761 0.0020
vn 0.8383 0.5451 0.0020
vn 0.8570 0.5151 0.0138
vn 0.8815 0.4718 -0.0181
vn 0.8981 0.4398 0.0022
vn 0.9175 0.3976 0.0022
vn 0.9302 0.3669 0.0098
vn 0.9501 0.3109 -0.0260
vn 0.9584 0.2855 -0.0040
vn 0.9778 0.2096 0.0061
vn 1.0000 -0.0000 0.0024
vn 0.9923 -0.1240 0.0024
vn 0.9880 -0.1521 0.0283
vn 0.6426 -0.7659 0.0211
vn 0.7096 -0.7046 0.0017
vn 0.7375 -0.6754 0.0018
vn 0.7624 -0.6469 -0.0188
vn 0.7943 -0.6074 0.0147
vn 0.8383 -0.5452 0.0020
vn 0.8558 -0.5172 -0.0098
vn 0.8832 -0.4684 0.0222
vn 0.8981 -0.4398 0.0022
vn 0.9176 -0.3976 0.0022
vn 0.9298 -0.3679 -0.0053
vn 0.9510 -0.3076 0.0303
vn 0.9585 -0.2848 0.0086
vn 0.9777 -0.2100 -0.0015
vn 0.6723 -0.7369 -0.0706
vn 0.6150 -0.7885 -0.0037
vn 0.5095 -0.8604 0.0115
vn 0.5412 -0.8381 -0.0691
vn 0.9880 0.1521 0.0283
vn 0.9777 0.2100 -0.0015
vn 0.9511 0.3088 0.0119
vn 0.9582 0.2826 0.0447
vn 0.9298 0.3679 -0.0053
vn 0.9176 0.3976 0.0022
vn 0.8832 0.4684 0.0222
vn 0.8558 0.5172 -0.0098
vn 0.8384 0.5451 0.0020
vn 0.7943 0.6074 0.0147
vn 0.7624 0.6468 -0.0188
vn 0.7095 0.7047 0.0017
vn 0.6826 0.7307 0.0097
vn 0.6367 0.7706 -0.0282
vn 0.6150 0.7885 -0.0037
vn 0.5529 0.8333 0.0055
vn 0.5037 0.8635 -0.0269
vn 0.5081 -0.8613 0.0012
vn 0.9777 -0.2098 0.0023
vn 0.9585 -0.2852 0.0023
vn 0.8981 -0.4398 0.0021
vn 0.8565 -0.5162 0.0020
vn 0.8174 -0.5760 0.0020
vn 0.6405 -0.7680 0.0015
vn 0.6445 -0.7646 -0.0082
vn 0.5810 -0.8139 0.0014
vn 0.5080 0.8613 0.0012
vn 0.9777 0.2098 0.0023
vn 0.9585 0.2852 0.0023
vn 0.9301 0.3674 0.0022
vn 0.9300 0.3674 0.0022
vn 0.8981 0.4398 0.0021
vn 0.8565 0.5162 0.0020
vn 0.8174 0.5760 0.0020
vn 0.7642 0.6449 0.0018
vn 0.6456 0.7636 0.0015
vn 0.6394 0.7688 -0.0074
vn 0.5810 0.8139 0.0014
vn 0.9301 -0.3674 0.0022
vn 0.7095 -0.7047 0.0017
vn 0.8565 0.5162 0.0021
vn 0.5523 -0.8337 0.0013
vn 0.5523 -0.8336 0.0013
vn 0.6156 -0.7880 0.0015
vn 0.6818 -0.7316 0.0016
vn 0.7934 -0.6087 0.0019
vn 0.8384 -0.5451 0.0020
vn 0.9175 -0.3976 0.0022
vn 0.9509 -0.3094 0.0023
vn 0.9712 -0.2382 0.0023
vn 0.9488 -0.3157 0.0128
vn 0.4778 0.8785 0.0012
vn 0.5523 0.8336 0.0013
vn 0.6156 0.7880 0.0015
vn 0.6818 0.7316 0.0016
vn 0.7934 0.6087 0.0019
vn 0.8826 0.4702 0.0021
vn 0.9486 0.3164 0.0023
vn 0.9712 0.2383 0.0023
vn 0.9882 0.1529 0.0024
vn 0.6427 -0.7659 0.0211
vn 0.7624 -0.6468 -0.0188
vn 0.8383 -0.5451 0.0020
vn 0.8383 0.5452 0.0020
vn 0.7624 0.6469 -0.0188
vn 0.5529 0.8332 0.0055
vn 0.4778 -0.8785 0.0011
vn 0.6156 -0.7881 0.0015
vn 0.6818 -0.7315 0.0016
vn 0.9712 -0.2383 0.0023
vn 0.6818 0.7315 0.0016
vn 0.9712 0.2382 0.0023
vn 0.9175 -0.3977 0.0022
vn 0.9298 0.3679 -0.0054
vn 0.6150 0.7885 -0.0036
vn 0.1957 -0.0000 0.9807
vn 0.1958 -0.0000 0.9807
vn 0.1958 -0.0000 0.9806
vn -0.1958 -0.0000 -0.9807
vn -0.1958 -0.0000 -0.9806
vn -0.1958 0.0002 -0.9806
vn 0.1958 -0.0001 0.9806
vn 0.1958 -0.0002 0.9806
vn -0.1959 0.0002 -0.9806
vn -0.1957 -0.0000 -0.9807
vn -0.1958 0.0001 -0.9807
vn -0.1958 -0.0001 -0.9807
vn 0.1957 0.0001 0.9807
vn 0.1958 0.0001 0.9806
vn 0.1959 -0.0002 0.9806
vn -0.1953 -0.0010 -0.9807
vn 0.1961 -0.0000 0.9806
vn -0.1958 0.0003 -0.9806
vn 0.1959 -0.0000 0.9806
vn -0.1960 0.0002 -0.9806
vn -0.1960 -0.0002 -0.9806
vn 0.1958 0.0002 0.9806
vn 0.1956 -0.0002 0.9807
vn -0.1960 0.0001 -0.9806
vn 0.9985 -0.0554 0.0023
vn 0.9998 -0.0184 0.0023
vn 0.9998 -0.0185 0.0023
vn 0.9998 0.0205 0.0023
vn 0.9998 0.0185 0.0063
vn 0.9983 0.0575 -0.0013
vn 0.6627 0.0075 0.7488
vn 0.9914 0.0524 0.1199
vn 0.9347 0.0382 0.3532
vn 0.8219 0.0239 0.5692
vn 0.7508 0.0017 0.6605
vn 0.7497 0.0047 0.6618
vn 0.7476 0.0054 0.6641
vn 0.7476 -0.0053 0.6641
vn 0.7479 -0.0054 0.6638
vn 0.6627 -0.0079 0.7488
vn 0.7480 -0.0009 0.6637
vn 0.8219 -0.0239 0.5692
vn 0.9347 -0.0382 0.3533
vn 0.9702 0.0296 0.2404
vn 0.9722 0.0149 0.2336
vn 0.9703 0.0165 0.2412
vn 0.9704 -0.0148 0.2412
vn 0.9705 -0.0149 0.2408
vn 0.9700 -0.0296 0.2412
vn 0.9915 -0.0506 0.1198
vn 0.5818 -0.8027 0.1313
vn 0.6722 -0.0741 0.7366
vn 0.9485 -0.2924 0.1215
vn 0.9478 -0.2925 0.1269
vn 0.9662 -0.2312 0.1138
vn 0.9653 -0.2316 0.1209
vn 0.9788 -0.1653 0.1207
vn 0.9783 -0.1657 0.1241
vn 0.9881 -0.0999 0.1172
vn 0.9874 -0.1008 0.1224
vn 0.7221 -0.6111 0.3244
vn 0.9317 -0.0767 0.3551
vn 0.9333 -0.0760 0.3510
vn 0.9257 -0.1269 0.3563
vn 0.9284 -0.1263 0.3495
vn 0.9172 -0.1763 0.3574
vn 0.9208 -0.1761 0.3479
vn 0.9063 -0.2243 0.3582
vn 0.9108 -0.2249 0.3462
vn 0.8934 -0.2706 0.3587
vn 0.8984 -0.2723 0.3445
vn 0.8783 -0.3155 0.3592
vn 0.8837 -0.3185 0.3431
vn 0.8614 -0.3587 0.3596
vn 0.8669 -0.3631 0.3417
vn 0.8430 -0.3999 0.3597
vn 0.8483 -0.4057 0.3403
vn 0.8235 -0.4389 0.3595
vn 0.8284 -0.4461 0.3388
vn 0.8026 -0.4762 0.3592
vn 0.8069 -0.4846 0.3378
vn 0.7806 -0.5115 0.3591
vn 0.7842 -0.5212 0.3368
vn 0.7580 -0.5448 0.3586
vn 0.6064 -0.7876 0.1091
vn 0.6636 -0.7295 0.1660
vn 0.7251 -0.5834 0.3659
vn 0.7606 -0.5555 0.3359
vn 0.7172 -0.1475 0.6811
vn 0.7121 -0.1321 0.6896
vn 0.6621 -0.0162 0.7492
vn 0.6570 -0.0270 0.7534
vn 0.6624 -0.0267 0.7487
vn 0.6636 -0.0191 0.7479
vn 0.6697 -0.0149 0.7424
vn 0.6757 -0.0678 0.7341
vn 0.6692 -0.0653 0.7402
vn 0.6715 -0.0603 0.7385
vn 0.6742 -0.0582 0.7363
vn 0.6667 -0.0561 0.7432
vn 0.6704 -0.0463 0.7405
vn 0.6601 -0.0440 0.7499
vn 0.6685 -0.0389 0.7427
vn 0.6789 -0.0775 0.7301
vn 0.6779 -0.0791 0.7309
vn 0.6762 -0.0832 0.7320
vn 0.6825 -0.0870 0.7257
vn 0.6797 -0.0907 0.7278
vn 0.6865 -0.0959 0.7207
vn 0.6838 -0.0981 0.7231
vn 0.6904 -0.1043 0.7158
vn 0.6887 -0.1061 0.7173
vn 0.6948 -0.1126 0.7104
vn 0.6939 -0.1140 0.7110
vn 0.6992 -0.1201 0.7047
vn 0.7004 -0.1191 0.7037
vn 0.7050 -0.1290 0.6973
vn 0.7094 -0.1337 0.6920
vn 0.7230 -0.4743 0.5023
vn 0.6857 -0.6304 0.3640
vn 0.6845 -0.6346 0.3588
vn 0.5629 -0.8148 0.1387
vn 0.5926 -0.7734 0.2252
vn 0.6646 -0.7267 0.1738
vn 0.6680 -0.7332 0.1275
vn 0.6966 -0.7101 0.1028
vn 0.6931 -0.7170 0.0748
vn 0.7456 -0.6522 0.1369
vn 0.7483 -0.6513 0.1258
vn 0.7736 -0.6255 0.1019
vn 0.7696 -0.6369 0.0455
vn 0.8156 -0.5621 0.1373
vn 0.8232 -0.5546 0.1213
vn 0.8445 -0.5237 0.1126
vn 0.8427 -0.5182 0.1461
vn 0.8730 -0.4800 0.0866
vn 0.8718 -0.4746 0.1211
vn 0.9034 -0.4120 0.1191
vn 0.9024 -0.4112 0.1289
vn 0.9280 -0.3560 0.1102
vn 0.9191 -0.3521 0.1769
vn 0.9337 -0.3376 0.1196
vn 0.7343 -0.3373 0.5891
vn 0.7364 -0.3967 0.5481
vn 0.7495 -0.3885 0.5360
vn 0.7441 -0.3643 0.5600
vn 0.7615 -0.3505 0.5452
vn 0.7559 -0.3406 0.5591
vn 0.7698 -0.3281 0.5475
vn 0.7636 -0.3192 0.5612
vn 0.7779 -0.3045 0.5496
vn 0.7712 -0.2966 0.5633
vn 0.7856 -0.2798 0.5519
vn 0.7786 -0.2729 0.5651
vn 0.7927 -0.2540 0.5542
vn 0.7855 -0.2484 0.5669
vn 0.7993 -0.2269 0.5564
vn 0.7922 -0.2226 0.5682
vn 0.8054 -0.1988 0.5585
vn 0.7985 -0.1957 0.5693
vn 0.8106 -0.1697 0.5605
vn 0.8042 -0.1677 0.5701
vn 0.8149 -0.1399 0.5625
vn 0.8093 -0.1390 0.5707
vn 0.8182 -0.1094 0.5644
vn 0.8138 -0.1093 0.5708
vn 0.8207 -0.0784 0.5660
vn 0.8174 -0.0788 0.5707
vn 0.8221 -0.0471 0.5674
vn 0.8200 -0.0476 0.5703
vn -0.9884 -0.0000 0.1516
vn -0.9882 0.0011 0.1529
vn -0.9402 -0.0015 0.3405
vn -0.9148 0.0131 0.4038
vn -0.8779 -0.0141 0.4786
vn -0.8084 0.0134 0.5885
vn -0.0311 -0.0003 0.9995
vn -0.1389 0.0209 0.9901
vn -0.1933 -0.0040 0.9811
vn -0.3385 0.0018 0.9410
vn -0.3437 0.0006 0.9391
vn -0.4874 -0.0013 0.8732
vn -0.5051 -0.0125 0.8630
vn -0.6643 0.0096 0.7474
vn -0.6640 0.0098 0.7477
vn -0.7666 -0.0076 0.6421
vn 0.0550 -0.0003 0.9985
vn 0.1386 0.0094 0.9903
vn 0.1296 0.0063 0.9915
vn 0.3369 -0.0089 0.9415
vn 0.3432 -0.0059 0.9393
vn 0.5842 0.0071 0.8116
vn 0.5729 -0.0000 0.8196
vn 0.4647 0.8641 -0.1934
vn 0.6198 0.7606 -0.1931
vn 0.7526 0.6297 -0.1929
vn 0.8400 0.5070 -0.1932
vn 0.8087 0.5555 -0.1934
vn 0.8213 0.5173 -0.2408
vn 0.7045 0.4437 -0.5539
vn 0.7046 0.4438 -0.5538
vn 0.4712 0.2967 -0.8306
vn 0.4712 0.2968 -0.8306
vn 0.1656 0.1043 -0.9807
vn 0.6890 0.6984 -0.1936
vn 0.7230 0.6294 -0.2848
vn 0.6284 0.5471 -0.5529
vn 0.6285 0.5472 -0.5528
vn 0.4207 0.3663 -0.8300
vn 0.4208 0.3663 -0.8299
vn 0.1479 0.1288 -0.9806
vn 0.1480 0.1288 -0.9806
vn 0.5444 0.8161 -0.1939
vn 0.5900 0.7546 -0.2870
vn 0.5131 0.6563 -0.5532
vn 0.5132 0.6564 -0.5529
vn 0.3436 0.4394 -0.8300
vn 0.1208 0.1545 -0.9806
vn 0.3802 0.9043 -0.1943
vn 0.4358 0.8523 -0.2892
vn 0.3793 0.7416 -0.5533
vn 0.3793 0.7417 -0.5532
vn 0.2539 0.4965 -0.8301
vn 0.2539 0.4966 -0.8300
vn 0.0893 0.1745 -0.9806
vn 0.0893 0.1746 -0.9806
vn 0.0162 0.2032 -0.9790
vn 0.1597 0.5339 -0.8303
vn 0.2739 0.7857 -0.5547
vn 0.3440 0.9187 -0.1943
vn 0.0715 0.1650 -0.9837
vn -0.1114 0.2348 -0.9657
vn -0.0697 0.1470 -0.9867
vn -0.2752 0.2235 -0.9351
vn -0.2291 0.1738 -0.9578
vn -0.4228 0.2425 -0.8732
vn -0.3900 0.1711 -0.9048
vn -0.5656 0.2309 -0.7917
vn -0.5332 0.1944 -0.8234
vn -0.6851 0.2445 -0.6862
vn -0.6665 0.1946 -0.7196
vn -0.7928 0.2345 -0.5626
vn -0.7776 0.2118 -0.5920
vn -0.8595 0.2373 -0.4528
vn -0.8614 0.2427 -0.4462
vn -0.9070 0.2258 -0.3556
vn -0.9340 0.2340 -0.2699
vn -0.9315 0.2247 -0.2860
vn -0.9658 0.2351 -0.1093
vn -0.9665 0.2289 -0.1159
vn 0.2017 0.5075 -0.8377
vn 0.0482 0.5636 -0.8246
vn 0.0785 0.5072 -0.8582
vn -0.0967 0.5741 -0.8130
vn -0.0633 0.5409 -0.8387
vn -0.2316 0.5985 -0.7669
vn -0.2122 0.5520 -0.8064
vn -0.3659 0.6063 -0.7061
vn -0.3440 0.5816 -0.7372
vn -0.4799 0.6242 -0.6165
vn -0.4734 0.5914 -0.6528
vn -0.5857 0.6290 -0.5111
vn -0.5775 0.6137 -0.5384
vn -0.6653 0.6391 -0.3859
vn -0.6679 0.6213 -0.4096
vn -0.7266 0.6408 -0.2478
vn -0.7270 0.6346 -0.2621
vn -0.7595 0.6427 -0.1005
vn -0.7620 0.6388 -0.1062
vn 0.3029 0.7704 -0.5610
vn 0.1946 0.8096 -0.5538
vn 0.2179 0.7820 -0.5840
vn 0.0926 0.8299 -0.5501
vn 0.1176 0.8117 -0.5721
vn -0.0046 0.8530 -0.5218
vn 0.0099 0.8298 -0.5580
vn -0.1016 0.8695 -0.4833
vn -0.0848 0.8556 -0.5106
vn -0.1852 0.8867 -0.4236
vn -0.1817 0.8704 -0.4576
vn -0.2629 0.8981 -0.3526
vn -0.2569 0.8898 -0.3771
vn -0.3221 0.9083 -0.2670
vn -0.3264 0.8999 -0.2891
vn -0.3673 0.9141 -0.1718
vn -0.3685 0.9111 -0.1846
vn -0.3929 0.9170 -0.0696
vn -0.3958 0.9153 -0.0748
vn 0.3556 0.9137 -0.1967
vn 0.3080 0.9313 -0.1942
vn 0.3202 0.9244 -0.2075
vn 0.2632 0.9455 -0.1916
vn 0.2779 0.9388 -0.2033
vn 0.2209 0.9585 -0.1805
vn 0.2321 0.9514 -0.2024
vn 0.1794 0.9696 -0.1664
vn 0.1923 0.9637 -0.1850
vn 0.1446 0.9789 -0.1444
vn 0.1497 0.9741 -0.1696
vn 0.1119 0.9865 -0.1198
vn 0.1179 0.9832 -0.1393
vn 0.0882 0.9920 -0.0898
vn 0.0864 0.9903 -0.1087
vn 0.0691 0.9959 -0.0578
vn 0.0689 0.9952 -0.0689
vn 0.0588 0.9980 -0.0231
vn 0.0568 0.9980 -0.0278
vn -0.9949 -0.0000 -0.1007
vn -0.0968 -0.0000 -0.9953
vn -0.6332 -0.0027 -0.7740
vn -0.4696 0.0030 -0.8829
vn -0.4691 0.0027 -0.8832
vn -0.3203 -0.0016 -0.9473
vn -0.2921 -0.0096 -0.9563
vn -0.1573 0.0113 -0.9875
vn -0.0298 -0.0281 -0.9992
vn -0.8813 -0.0093 -0.4725
vn -0.8274 0.0037 -0.5615
vn -0.7727 -0.0098 -0.6346
vn -0.7251 0.0130 -0.6886
vn -0.6084 -0.0176 -0.7934
vn -0.9941 0.0040 -0.1087
vn -0.9634 -0.0026 -0.2682
vn -0.9564 -0.0109 -0.2919
vn -0.9354 -0.0000 -0.3535
vn -0.8925 -0.0000 -0.4511
vn -0.0000 -0.0000 -1.0000
vn 0.0010 -0.8649 -0.5019
vn -0.0106 -0.8524 -0.5228
vn 0.0122 -0.7560 -0.6545
vn 0.0014 -0.6212 -0.7837
vn -0.0530 -0.5323 -0.8449
vn 0.0032 -0.4595 -0.8882
vn 0.0001 -0.1138 -0.9935
vn -0.1721 -0.1837 -0.9678
vn -0.0697 -0.1859 -0.9801
vn -0.0015 -0.2940 -0.9558
vn 0.1690 -0.2840 -0.9438
vn 0.0563 -0.1846 -0.9812
vn 0.0001 -0.0821 -0.9966
vn 0.0001 -0.7385 -0.6743
vn 0.0909 -0.7343 -0.6727
vn -0.3185 -0.5055 -0.8019
vn 0.2459 -0.5496 -0.7984
vn 0.0596 -0.4860 -0.8719
vn 0.2263 -0.8295 -0.5106
vn 0.6434 -0.5910 -0.4865
vn 0.9132 -0.2182 -0.3442
vn 0.9718 0.2042 -0.1178
vn 0.2464 -0.7987 -0.5489
vn 0.2107 -0.7192 -0.6621
vn 0.2463 -0.6670 -0.7032
vn 0.2045 -0.5779 -0.7901
vn 0.2293 -0.5117 -0.8280
vn 0.1832 -0.4162 -0.8906
vn 0.2273 -0.3295 -0.9164
vn 0.1846 -0.2448 -0.9518
vn 0.2008 -0.1582 -0.9668
vn 0.1552 -0.0712 -0.9853
vn 0.2062 0.0294 -0.9781
vn 0.6534 -0.5586 -0.5109
vn 0.6169 -0.4789 -0.6245
vn 0.6349 -0.4264 -0.6442
vn 0.5936 -0.3361 -0.7312
vn 0.6040 -0.2767 -0.7474
vn 0.5573 -0.1810 -0.8104
vn 0.5782 -0.1067 -0.8089
vn 0.5362 -0.0212 -0.8438
vn 0.5400 0.0471 -0.8403
vn 0.4946 0.1324 -0.8590
vn 0.5190 0.2078 -0.8291
vn 0.9128 -0.1903 -0.3613
vn 0.8873 -0.1349 -0.4411
vn 0.8878 -0.0917 -0.4510
vn 0.8589 -0.0279 -0.5113
vn 0.8552 0.0178 -0.5180
vn 0.8221 0.0855 -0.5629
vn 0.8214 0.1392 -0.5531
vn 0.7915 0.2005 -0.5773
vn 0.7842 0.2472 -0.5691
vn 0.7514 0.3089 -0.5831
vn 0.7526 0.3564 -0.5537
vn 0.9661 0.2226 -0.1311
vn 0.9590 0.2381 -0.1535
vn 0.9508 0.2646 -0.1611
vn 0.9423 0.2832 -0.1785
vn 0.9331 0.3095 -0.1833
vn 0.9221 0.3321 -0.1984
vn 0.9130 0.3590 -0.1936
vn 0.9017 0.3820 -0.2025
vn 0.8933 0.4031 -0.1988
vn 0.8791 0.4303 -0.2051
vn 0.8730 0.4479 -0.1932
vn 0.9779 0.0804 -0.1928
vn 0.8300 0.0682 -0.5536
vn 0.5557 0.0455 -0.8302
vn 0.5556 0.0455 -0.8302
vn 0.1967 0.0160 -0.9803
vn 0.9765 0.0964 -0.1928
vn 0.8288 0.0817 -0.5536
vn 0.5548 0.0546 -0.8302
vn 0.1964 0.0192 -0.9803
vn 0.1986 -0.0018 -0.9801
vn 0.5560 0.0430 -0.8301
vn 0.8287 0.0824 -0.5536
vn 0.1934 -0.0155 -0.9810
vn 0.2030 -0.0909 -0.9749
vn 0.1891 -0.1099 -0.9758
vn 0.2011 -0.1769 -0.9635
vn 0.1963 -0.1969 -0.9606
vn 0.2084 -0.2601 -0.9428
vn 0.1914 -0.2863 -0.9388
vn 0.2132 -0.3767 -0.9015
vn 0.1950 -0.4063 -0.8927
vn 0.2114 -0.4634 -0.8606
vn 0.2055 -0.4894 -0.8475
vn 0.2219 -0.5431 -0.8098
vn 0.2030 -0.5739 -0.7933
vn 0.2288 -0.6479 -0.7265
vn 0.2103 -0.6765 -0.7057
vn 0.5531 0.0344 -0.8324
vn 0.5599 -0.0204 -0.8283
vn 0.5527 -0.0316 -0.8328
vn 0.5620 -0.0820 -0.8231
vn 0.5598 -0.0929 -0.8234
vn 0.5692 -0.1427 -0.8097
vn 0.5616 -0.1571 -0.8124
vn 0.5790 -0.2291 -0.7825
vn 0.5716 -0.2451 -0.7831
vn 0.5861 -0.2945 -0.7548
vn 0.5841 -0.3077 -0.7511
vn 0.5989 -0.3571 -0.7168
vn 0.5919 -0.3739 -0.7140
vn 0.6155 -0.4414 -0.6529
vn 0.6091 -0.4575 -0.6479
vn 0.8278 0.0781 -0.5556
vn 0.8307 0.0546 -0.5540
vn 0.8291 0.0507 -0.5569
vn 0.8333 0.0275 -0.5522
vn 0.8330 0.0249 -0.5527
vn 0.8378 -0.0001 -0.5460
vn 0.8371 -0.0023 -0.5470
vn 0.8463 -0.0402 -0.5312
vn 0.8461 -0.0410 -0.5314
vn 0.8548 -0.0705 -0.5142
vn 0.8548 -0.0703 -0.5142
vn 0.8645 -0.1025 -0.4921
vn 0.8647 -0.1013 -0.4920
vn 0.8802 -0.1456 -0.4518
vn 0.8805 -0.1434 -0.4519
vn 0.9684 0.1963 -0.1541
vn 0.9665 0.2009 -0.1596
vn 0.9700 0.1809 -0.1623
vn 0.9664 0.1911 -0.1716
vn 0.9689 0.1729 -0.1768
vn 0.9669 0.1797 -0.1814
vn 0.9690 0.1676 -0.1817
vn 0.9683 0.1699 -0.1831
vn 0.9692 0.1571 -0.1899
vn 0.9703 0.1523 -0.1878
vn 0.9704 0.1439 -0.1938
vn 0.9716 0.1382 -0.1923
vn 0.9719 0.1338 -0.1937
vn 0.9735 0.1244 -0.1918
vn 0.9734 0.1223 -0.1940
vn 0.9751 0.1094 -0.1931
vn 0.9751 0.1099 -0.1928
vn 0.9689 0.2025 -0.1419
vn 0.9708 0.1977 -0.1358
vn 0.8963 -0.1808 -0.4049
vn 0.8961 -0.1832 -0.4043
vn 0.6271 -0.5270 -0.5736
vn 0.6312 -0.5140 -0.5808
vn 0.2203 -0.7579 -0.6141
vn 0.2329 -0.7350 -0.6368
vn 0.9699 0.2082 -0.1262
vn 0.9740 0.1901 -0.1231
vn 0.9124 -0.2167 -0.3473
vn 0.9121 -0.2193 -0.3464
vn 0.6433 -0.5908 -0.4869
vn 0.6484 -0.5789 -0.4944
vn 0.2260 -0.8288 -0.5119
vn 0.2416 -0.8095 -0.5351
vn 0.0069 -0.6124 -0.7906
vn 0.0010 -0.8580 -0.5136
vn 0.0193 -0.8679 -0.4964
vn -0.0216 -0.7521 -0.6587
vn 0.0540 -0.7919 -0.6082
vn -0.0021 -0.7234 -0.6904
vn 0.0023 -0.0334 -0.9994
vn 0.0146 -0.0931 -0.9955
vn 0.0001 -0.1343 -0.9909
vn 0.0112 -0.6170 -0.7869
vn -0.0000 -0.5363 -0.8440
vn 0.0109 -0.4527 -0.8916
vn 0.0065 -0.4460 -0.8950
vn -0.0038 -0.2809 -0.9597
vn 0.0236 -0.3157 -0.9486
vn 0.0034 -0.2281 -0.9736
vn -0.8813 0.0093 -0.4725
vn -0.0298 0.0282 -0.9992
vn -0.1573 -0.0113 -0.9875
vn -0.2921 0.0097 -0.9563
vn -0.3203 0.0016 -0.9473
vn -0.4691 -0.0027 -0.8832
vn -0.4696 -0.0030 -0.8829
vn -0.6332 0.0027 -0.7740
vn -0.6084 0.0176 -0.7934
vn -0.7686 -0.0258 -0.6392
vn -0.7275 0.0199 -0.6858
vn -0.8274 -0.0037 -0.5616
vn -0.9941 -0.0000 -0.1086
vn -0.9949 -0.0043 -0.1008
vn -0.9634 0.0026 -0.2682
vn -0.9564 0.0109 -0.2919
vn 0.0010 0.8511 -0.5249
vn -0.0142 0.8657 -0.5003
vn 0.0160 0.7382 -0.6744
vn -0.0284 0.3787 -0.9251
vn 0.0596 0.4860 -0.8719
vn 0.1673 0.5253 -0.8343
vn -0.0841 0.6570 -0.7492
vn 0.0911 0.7343 -0.6727
vn 0.0563 0.1845 -0.9812
vn 0.0001 0.0821 -0.9966
vn 0.0578 0.1859 -0.9809
vn -0.0698 0.1859 -0.9801
vn 0.0001 0.1138 -0.9935
vn -0.0001 0.7572 -0.6531
vn 0.0014 0.6212 -0.7837
vn -0.0529 0.5323 -0.8449
vn 0.0032 0.4595 -0.8881
vn -0.0015 0.2940 -0.9558
vn 0.0034 0.2280 -0.9736
vn 0.0148 0.2775 -0.9606
vn 0.0001 0.1343 -0.9909
vn 0.0146 0.0932 -0.9955
vn 0.0023 0.0335 -0.9994
vn -0.0012 0.3223 -0.9467
vn 0.0065 0.4460 -0.8950
vn 0.0109 0.4526 -0.8916
vn -0.0000 0.5363 -0.8440
vn 0.0105 0.6117 -0.7910
vn 0.0010 0.8705 -0.4921
vn 0.0147 0.8566 -0.5157
vn -0.0046 0.8043 -0.5942
vn 0.0160 0.7467 -0.6650
vn -0.0022 0.7234 -0.6904
vn 0.0065 0.6184 -0.7859
vn 0.0023 -0.0000 -1.0000
vn -0.9844 0.1757 -0.0018
vn -0.9941 0.1080 -0.0026
vn -0.9955 0.0950 -0.0024
vn -0.9899 0.1420 -0.0032
vn -0.9814 0.1921 -0.0023
vn -0.9662 0.2578 -0.0025
vn -0.9708 0.2400 -0.0032
vn -0.9354 0.3535 -0.0009
vn -0.9586 0.2848 -0.0051
vn -0.9471 0.3209 -0.0036
vn -0.9368 0.3499 -0.0028
vn -0.8351 0.5501 -0.0031
vn -0.8495 0.5277 -0.0020
vn -0.8879 0.4600 -0.0021
vn -0.8734 0.4871 -0.0021
vn -0.8595 0.5112 -0.0022
vn -0.9281 0.3724 -0.0024
vn -0.9211 0.3892 -0.0022
vn -0.8980 0.4401 -0.0021
vn -0.9113 0.4117 -0.0032
vn -0.9009 0.4341 -0.0026
vn -0.7886 0.6149 -0.0019
vn -0.7575 0.6528 -0.0001
vn -0.7232 0.6906 -0.0017
vn -0.6505 0.7595 -0.0016
vn -0.6125 0.7905 0.0002
vn -0.5704 0.8214 -0.0014
vn -0.4672 0.8841 -0.0011
vn -0.5045 0.8634 0.0008
vn -0.3844 0.9232 -0.0028
vn -0.4636 0.8860 0.0007
vn -0.2575 0.9663 -0.0006
vn -0.2688 0.9631 -0.0156
vn -0.2681 0.9633 -0.0133
vn -0.2622 0.9650 -0.0048
vn -0.3179 0.9481 -0.0032
vn -0.2862 0.9582 0.0007
vn -0.2707 0.9626 -0.0083
vn -0.3168 0.9485 0.0041
vn -0.3490 0.9368 0.0242
vn -0.3191 0.9477 -0.0005
vn -0.3792 0.9253 -0.0010
vn -0.4265 0.9045 -0.0004
vn -0.2645 0.9643 0.0124
vn -0.2651 0.9642 0.0061
vn -0.2809 0.9597 -0.0028
vn -0.3554 0.9344 -0.0236
vn -0.3494 0.9368 -0.0180
vn -0.2909 0.9568 0.0004
vn -0.2534 0.9674 -0.0006
vn -0.2609 0.9654 0.0054
vn 0.6099 0.0060 0.7924
vn 0.6202 -0.0093 0.7844
vn 0.6183 0.0113 0.7858
vn 0.6207 0.0058 0.7840
vn 0.6086 0.0081 0.7934
vn 0.6111 -0.0065 0.7915
vn 0.6002 0.0059 0.7999
vn 0.5996 0.0076 0.8002
vn 0.6027 -0.0050 0.7979
vn 0.5933 0.0048 0.8050
vn 0.5927 0.0061 0.8054
vn 0.5921 -0.0054 0.8059
vn 0.5878 0.0043 0.8090
vn 0.5861 -0.0042 0.8103
vn 0.5855 0.0031 0.8107
vn 0.5852 -0.0024 0.8109
vn 0.5840 0.0021 0.8118
vn 0.5840 0.0011 0.8118
vn 0.5820 -0.0013 0.8132
vn 0.5822 0.0004 0.8131
vn 0.5815 -0.0004 0.8135
vn 0.5821 -0.0010 0.8131
vn 0.5841 0.0011 0.8117
vn 0.5840 -0.0021 0.8118
vn 0.5852 0.0024 0.8109
vn 0.5854 -0.0030 0.8107
vn 0.5854 -0.0036 0.8107
vn 0.5910 0.0028 0.8067
vn 0.5880 -0.0038 0.8088
vn 0.5969 0.0034 0.8023
vn 0.5933 -0.0048 0.8050
vn 0.6027 0.0050 0.7979
vn 0.5996 -0.0077 0.8002
vn 0.6002 -0.0059 0.7999
vn 0.6108 0.0062 0.7918
vn 0.6077 -0.0073 0.7941
vn 0.6261 -0.0011 0.7797
vn 0.6207 -0.0058 0.7840
vn 0.6249 0.0038 0.7807
vn 0.6109 -0.0032 0.7917
vn 0.6093 -0.0052 0.7929
vn 0.6824 -0.0000 0.7309
vn 0.6837 -0.0033 0.7297
vn 0.6261 0.0011 0.7797
vn 0.6311 0.0002 0.7757
vn 0.6401 -0.0009 0.7683
vn 0.6376 0.0021 0.7704
vn 0.6524 -0.0026 0.7578
vn 0.6484 0.0052 0.7613
vn 0.6654 -0.0071 0.7465
vn 0.6613 0.0085 0.7500
vn 0.6689 0.0017 0.7433
vn 0.6354 0.0006 0.7722
vn 0.6415 -0.0009 0.7671
vn 0.6456 0.0004 0.7637
vn 0.6545 -0.0008 0.7560
vn 0.6573 0.0012 0.7536
vn 0.6693 -0.0013 0.7430
vn 0.6689 -0.0016 0.7433
vn 0.6837 0.0033 0.7297
vn -0.9955 -0.0950 -0.0024
vn -0.9814 -0.1921 -0.0023
vn -0.9899 -0.1420 -0.0032
vn -0.9844 -0.1757 -0.0018
vn -0.9954 -0.0957 -0.0028
vn -0.9941 -0.1080 -0.0024
vn -0.9281 -0.3724 -0.0024
vn -0.9368 -0.3499 -0.0028
vn -0.9471 -0.3209 -0.0036
vn -0.9586 -0.2848 -0.0051
vn -0.9709 -0.2396 -0.0024
vn -0.9662 -0.2577 -0.0028
vn -0.9354 -0.3535 -0.0009
vn -0.8594 -0.5112 -0.0021
vn -0.8734 -0.4871 -0.0021
vn -0.8879 -0.4600 -0.0023
vn -0.9008 -0.4342 -0.0029
vn -0.8954 -0.4452 -0.0025
vn -0.9116 -0.4110 -0.0022
vn -0.9211 -0.3892 -0.0022
vn -0.8351 -0.5501 -0.0027
vn -0.8464 -0.5326 -0.0020
vn -0.7575 -0.6528 -0.0018
vn -0.7876 -0.6162 0.0015
vn -0.7232 -0.6907 -0.0017
vn -0.6125 -0.7905 -0.0015
vn -0.3792 -0.9253 -0.0010
vn -0.6489 -0.7609 0.0017
vn -0.5704 -0.8214 -0.0014
vn -0.4672 -0.8841 -0.0011
vn -0.5045 -0.8634 0.0008
vn -0.3843 -0.9232 -0.0028
vn -0.4636 -0.8860 0.0007
vn -0.4265 -0.9045 -0.0004
vn -0.3490 -0.9368 0.0242
vn -0.3168 -0.9485 0.0041
vn -0.2809 -0.9597 -0.0028
vn -0.2650 -0.9642 0.0061
vn -0.2644 -0.9643 0.0124
vn -0.2608 -0.9654 0.0054
vn -0.2534 -0.9674 -0.0006
vn -0.2862 -0.9582 0.0007
vn -0.3179 -0.9481 -0.0033
vn -0.3554 -0.9344 -0.0236
vn -0.3191 -0.9477 -0.0005
vn -0.2909 -0.9568 0.0004
vn -0.3494 -0.9368 -0.0180
vn -0.2575 -0.9663 -0.0006
vn -0.2622 -0.9650 -0.0048
vn -0.2681 -0.9633 -0.0133
vn -0.2688 -0.9631 -0.0157
vn -0.2708 -0.9626 -0.0082
vn -0.1304 0.0004 0.9915
vn 0.5842 -0.0071 0.8116
vn 0.3432 0.0059 0.9393
vn 0.3369 0.0089 0.9415
vn 0.1297 -0.0063 0.9915
vn 0.1386 -0.0093 0.9903
vn 0.0549 0.0003 0.9985
vn -0.0435 -0.0636 0.9970
vn -0.1933 0.0040 0.9811
vn -0.3386 -0.0018 0.9409
vn -0.3438 -0.0006 0.9390
vn -0.4874 0.0013 0.8732
vn -0.5050 0.0125 0.8630
vn -0.6643 -0.0096 0.7474
vn -0.6640 -0.0097 0.7477
vn -0.8057 0.0150 0.5921
vn -0.7686 -0.0270 0.6392
vn -0.9126 0.0308 0.4076
vn -0.9882 -0.0011 0.1529
vn -0.9402 0.0015 0.3405
vn -0.8792 -0.0300 0.4755
vn 0.6490 0.5057 0.5684
vn 0.0566 0.9981 0.0227
vn 0.0816 0.9950 0.0571
vn 0.0938 0.9909 0.0961
vn 0.0938 0.9910 0.0959
vn 0.1257 0.9846 0.1219
vn 0.1457 0.9778 0.1509
vn 0.1452 0.9783 0.1481
vn 0.1860 0.9689 0.1630
vn 0.2154 0.9586 0.1861
vn 0.2141 0.9594 0.1836
vn 0.2575 0.9483 0.1855
vn 0.2916 0.9357 0.1988
vn 0.2957 0.9349 0.1962
vn 0.3660 0.9119 0.1857
vn 0.3600 0.9126 0.1937
vn 0.4884 0.8613 0.1404
vn 0.4882 0.8612 0.1412
vn 0.5711 0.7610 0.3079
vn 0.6041 0.6652 0.4387
vn 0.5828 0.6929 0.4245
vn 0.4670 0.7412 0.4823
vn -0.3966 0.9166 0.0501
vn -0.4836 0.8680 0.1124
vn -0.4130 0.8462 0.3366
vn -0.3994 0.8595 0.3189
vn -0.2743 0.8212 0.5004
vn 0.0571 0.9981 0.0214
vn -0.2576 0.9619 0.0918
vn -0.2074 0.9456 0.2506
vn -0.1951 0.9524 0.2341
vn -0.0934 0.9201 0.3804
vn -0.1237 0.8788 0.4609
vn -0.0069 0.8353 0.5498
vn -0.0166 0.8616 0.5073
vn 0.1754 0.7933 0.5831
vn 0.1558 0.8238 0.5451
vn 0.3449 0.7516 0.5622
vn -0.7045 0.3219 0.6325
vn -0.7056 0.0717 0.7050
vn -0.8676 0.1219 0.4821
vn -0.8702 0.1888 0.4550
vn -0.9666 0.2288 0.1154
vn -0.9812 0.1172 0.1532
vn -0.9337 0.1006 0.3436
vn -0.6479 0.1157 0.7529
vn -0.4971 0.0656 0.8652
vn -0.4448 0.1589 0.8814
vn -0.3295 0.0817 0.9406
vn -0.1698 0.1386 0.9757
vn -0.1685 0.1309 0.9770
vn -0.0168 0.0725 0.9972
vn 0.1598 0.2191 0.9625
vn 0.1775 0.1986 0.9639
vn 0.4019 0.1025 0.9099
vn 0.3674 0.2080 0.9065
vn 0.6328 0.1020 0.7676
vn 0.6030 0.1950 0.7736
vn 0.1965 0.3924 0.8986
vn -0.0190 0.4757 0.8794
vn -0.0638 0.4231 0.9038
vn -0.2839 0.5020 0.8169
vn -0.3277 0.4549 0.8280
vn -0.5291 0.5221 0.6690
vn -0.5646 0.4835 0.6689
vn -0.7227 0.5332 0.4398
vn -0.7443 0.5075 0.4341
vn -0.8314 0.5338 0.1543
vn -0.8304 0.5353 0.1548
vn 0.6380 0.3772 0.6714
vn 0.6249 0.4259 0.6543
vn 0.4426 0.5025 0.7427
vn 0.4802 0.4315 0.7637
vn 0.2839 0.5168 0.8076
vn -0.9324 0.3265 0.1552
vn -0.8416 0.2989 0.4498
vn -0.8244 0.3313 0.4588
vn -0.6606 0.2796 0.6968
vn -0.6295 0.3286 0.7041
vn -0.4198 0.2585 0.8700
vn -0.3774 0.3194 0.8692
vn -0.1465 0.2365 0.9605
vn -0.0988 0.3052 0.9472
vn 0.1657 0.2012 0.9654
vn 0.0914 0.1877 0.9780
vn 0.4316 0.8860 0.1696
vn 0.4325 0.8859 0.1677
vn 0.4933 0.7118 0.5001
vn 0.3198 0.7828 0.5338
vn 0.2776 0.5480 0.7891
vn 0.0642 0.6322 0.7722
vn 0.0251 0.5967 0.8021
vn -0.1733 0.6678 0.7239
vn -0.2148 0.6358 0.7414
vn -0.3970 0.6965 0.5977
vn -0.4331 0.6701 0.6028
vn -0.5764 0.7150 0.3958
vn -0.6000 0.6970 0.3927
vn -0.6791 0.7207 0.1395
vn -0.6867 0.7141 0.1363
vn -0.9731 0.2304 -0.0023
vn -0.8404 0.5420 -0.0020
vn -0.7664 0.6423 -0.0027
vn -0.6930 0.7210 -0.0017
vn -0.3970 0.9178 -0.0010
vn 0.0567 0.9984 0.0001
vn 0.3107 0.9505 0.0099
vn 0.3107 0.9505 0.0102
vn 0.3098 0.9508 0.0078
vn 0.3432 0.9392 0.0059
vn 0.3290 0.9443 -0.0002
vn 0.3184 0.9480 0.0015
vn 0.3122 0.9500 0.0051
vn 0.3346 0.9424 -0.0014
vn 0.3469 0.9379 0.0019
vn 0.3681 0.9298 -0.0027
vn 0.3886 0.9211 -0.0220
vn 0.3206 0.9471 -0.0159
vn 0.3207 0.9471 -0.0133
vn 0.3075 0.9515 0.0034
vn 0.3052 0.9523 0.0007
vn 0.3163 0.9487 0.0010
vn 0.3182 0.9480 -0.0028
vn 0.3199 0.9474 -0.0087
vn 0.3208 0.9470 -0.0151
vn 0.3225 0.9465 -0.0115
vn 0.3268 0.9451 -0.0060
vn 0.4168 0.9090 0.0011
vn 0.4121 0.9111 0.0010
vn 0.4756 0.8796 0.0011
vn 0.4726 0.8811 -0.0179
vn 0.4106 0.9118 0.0010
vn 0.4125 0.9110 0.0010
vn 0.3570 0.9340 0.0151
vn 0.3447 0.9387 0.0007
vn 0.3666 0.9304 0.0010
vn 0.3775 0.9260 0.0011
vn 0.3875 0.9219 0.0009
vn 0.4118 0.9113 0.0010
vn 0.4753 0.8798 -0.0007
vn 0.4736 0.8807 -0.0001
vn 0.5520 0.8338 0.0017
vn 0.5549 0.8319 0.0013
vn 0.6140 0.7893 0.0015
vn 0.6317 0.7752 -0.0044
vn 0.6863 0.7273 0.0039
vn 0.7023 0.7119 0.0017
vn 0.7403 0.6723 0.0018
vn 0.7669 0.6417 -0.0057
vn 0.8010 0.5987 0.0061
vn 0.8243 0.5662 0.0020
vn 0.8872 0.4611 0.0169
vn 0.8806 0.4738 0.0129
vn 0.8561 0.5167 0.0021
vn 0.8977 0.4398 0.0254
vn 0.8960 0.4434 0.0237
vn 0.8922 0.4511 0.0205
vn 0.9475 0.3196 0.0130
vn 0.9545 0.2972 0.0253
vn 0.9229 0.3833 -0.0364
vn 0.9616 0.2714 0.0402
vn 0.9527 0.3038 0.0063
vn 0.9770 0.2131 0.0014
vn 0.9372 0.3488 0.0046
vn 0.9278 0.3730 0.0022
vn 0.8918 0.4524 0.0022
vn 0.9107 0.4123 0.0266
vn 0.8407 0.5391 -0.0517
vn 0.9010 0.4329 0.0293
vn 0.8974 0.4405 0.0250
vn 0.9966 0.0819 0.0024
vn 0.9950 0.0983 0.0151
vn 0.9959 0.0901 0.0024
vn 0.9930 0.1179 0.0106
vn 0.9883 0.1503 0.0266
vn 0.9878 0.1536 0.0238
vn 0.9829 0.1841 0.0098
vn 0.4123 0.9111 0.0010
vn 0.4115 0.9114 0.0010
vn 0.4871 0.8734 0.0012
vn 0.5628 0.8266 0.0013
vn 0.5628 0.8266 0.0014
vn 0.6271 0.7789 0.0015
vn 0.6981 0.7160 0.0017
vn 0.7525 0.6586 0.0018
vn 0.8115 0.5843 0.0019
vn 0.8115 0.5843 0.0020
vn 0.8546 0.5193 0.0021
vn 0.8546 0.5193 0.0020
vn 0.9000 0.4360 0.0022
vn 0.9310 0.3651 0.0022
vn 0.9614 0.2752 0.0023
vn 0.9795 0.2012 0.0023
vn 0.9795 0.2013 0.0023
vn 0.9905 0.1375 0.0024
vn 0.5635 0.8261 0.0070
vn 0.5520 0.8339 0.0013
vn 0.6112 0.7912 -0.0201
vn 0.6994 0.7146 0.0147
vn 0.6860 0.7276 0.0016
vn 0.7385 0.6740 -0.0166
vn 0.8127 0.5822 0.0222
vn 0.8007 0.5991 0.0019
vn 0.8449 0.5349 0.0020
vn 0.8543 0.5198 -0.0043
vn 0.8924 0.4507 0.0219
vn 0.9246 0.3808 0.0022
vn 0.9310 0.3651 0.0015
vn 0.9528 0.3029 0.0219
vn 0.9611 0.2760 -0.0130
vn 0.9795 0.2013 0.0057
vn 0.9884 0.1506 0.0186
vn 0.4131 0.9107 0.0010
vn 0.4103 0.9119 0.0010
vn 0.4129 0.9108 0.0010
vn 0.5636 0.8260 0.0071
vn 0.9246 0.3809 0.0022
vn 0.9795 0.2011 0.0057
vn 0.4126 0.9109 0.0010
vn 0.4107 0.9118 0.0010
vn 0.4756 0.8796 0.0012
vn 0.6860 0.7276 0.0017
vn 0.8918 0.4524 0.0021
vn 0.9526 0.3041 0.0023
vn 0.9767 0.2147 0.0023
vn 0.9902 0.1386 -0.0166
vn 0.9885 0.1511 0.0024
vn 0.4111 0.9116 0.0010
vn 0.4122 0.9111 0.0010
vn 0.4113 0.9115 0.0010
vn 0.9795 0.2013 0.0024
vn 0.9796 0.2011 0.0024
vn 0.4560 0.8900 0.0001
vn 0.4991 0.8665 -0.0107
vn 0.4754 0.8797 -0.0001
vn 0.5493 0.8356 0.0017
vn 0.5856 0.8106 0.0014
vn 0.6103 0.7922 -0.0023
vn 0.6559 0.7547 -0.0166
vn 0.6167 0.7868 0.0248
vn 0.7050 0.7092 -0.0089
vn 0.6860 0.7276 0.0014
vn 0.7163 0.6978 0.0015
vn 0.7403 0.6723 0.0015
vn 0.7599 0.6500 0.0103
vn 0.7972 0.6037 -0.0062
vn 0.7999 0.6000 -0.0079
vn 0.8193 0.5733 0.0018
vn 0.8371 0.5471 0.0019
vn 0.8448 0.5350 0.0010
vn 0.8603 0.5097 0.0060
vn 0.8905 0.4547 -0.0155
vn 0.8909 0.4539 -0.0164
vn 0.9156 0.4021 0.0021
vn 0.9246 0.3810 0.0022
vn 0.9303 0.3669 0.0028
vn 0.9465 0.3225 -0.0097
vn 0.9518 0.3057 -0.0271
vn 0.9939 0.1100 0.0024
vn 0.9879 0.1520 -0.0317
vn 0.9833 0.1817 -0.0034
vn 0.9678 0.2518 0.0057
vn 0.9993 -0.0184 0.0326
vn 0.9984 -0.0525 -0.0192
vn 0.9996 -0.0282 0.0093
vn 0.9973 0.0733 0.0024
vn 0.9999 -0.0126 0.0024
vn 1.0000 0.0088 0.0024
vn 0.9991 0.0183 0.0373
vn 0.9994 0.0205 0.0288
vn 0.9961 0.0558 -0.0677
vn 0.9982 0.0448 0.0391
vn 0.9976 0.0695 0.0030
vn 0.9786 0.0719 -0.1928
vn 0.8305 0.0609 -0.5536
vn 0.5560 0.0407 -0.8302
vn 0.1968 0.0142 -0.9803
vn 0.9789 0.0682 -0.1928
vn 0.9803 0.0440 -0.1927
vn 0.9810 0.0201 -0.1927
vn 0.9810 0.0201 -0.1928
vn 0.9812 0.0086 -0.1927
vn 0.9753 -0.0037 -0.2211
vn 0.9812 -0.0124 -0.1927
vn 0.9809 -0.0276 -0.1927
vn 0.9809 -0.0276 -0.1928
vn 0.9799 -0.0515 -0.1927
vn 0.8305 0.0610 -0.5536
vn 0.8308 0.0578 -0.5536
vn 0.8320 0.0373 -0.5535
vn 0.8326 0.0170 -0.5536
vn 0.8326 0.0171 -0.5536
vn 0.8328 -0.0032 -0.5535
vn 0.8324 -0.0234 -0.5536
vn 0.8317 -0.0436 -0.5535
vn 0.5560 0.0406 -0.8302
vn 0.5562 0.0386 -0.8302
vn 0.5570 0.0249 -0.8301
vn 0.5574 0.0114 -0.8302
vn 0.5576 -0.0021 -0.8301
vn 0.5573 -0.0157 -0.8302
vn 0.5573 -0.0156 -0.8302
vn 0.5568 -0.0292 -0.8301
vn 0.1968 0.0143 -0.9803
vn 0.1969 0.0136 -0.9803
vn 0.1972 0.0088 -0.9803
vn 0.1972 0.0087 -0.9803
vn 0.1973 0.0040 -0.9803
vn 0.1974 -0.0008 -0.9803
vn 0.1974 -0.0007 -0.9803
vn 0.1973 -0.0055 -0.9803
vn 0.1972 -0.0055 -0.9803
vn 0.1971 -0.0102 -0.9803
vn 0.1967 -0.0160 -0.9803
vn 0.5556 -0.0456 -0.8302
vn 0.8300 -0.0682 -0.5536
vn 0.8300 -0.0681 -0.5536
vn 0.9780 -0.0804 -0.1928
vn 0.9779 -0.0804 -0.1927
vn 0.1964 -0.0192 -0.9803
vn 0.5548 -0.0546 -0.8302
vn 0.8288 -0.0817 -0.5536
vn 0.8287 -0.0817 -0.5536
vn 0.9765 -0.0964 -0.1927
vn 0.9724 -0.2029 -0.1152
vn 0.9751 -0.1094 -0.1928
vn 0.8291 -0.0784 -0.5536
vn 0.5568 -0.0349 -0.8299
vn 0.1999 0.0145 -0.9797
vn 0.9750 -0.1099 -0.1932
vn 0.9731 -0.1241 -0.1941
vn 0.9738 -0.1227 -0.1914
vn 0.9712 -0.1376 -0.1945
vn 0.9723 -0.1344 -0.1913
vn 0.9692 -0.1497 -0.1953
vn 0.9716 -0.1469 -0.1856
vn 0.9672 -0.1650 -0.1932
vn 0.9703 -0.1628 -0.1789
vn 0.9664 -0.1764 -0.1869
vn 0.9694 -0.1714 -0.1758
vn 0.9660 -0.1824 -0.1833
vn 0.9694 -0.1828 -0.1640
vn 0.9668 -0.1903 -0.1708
vn 0.9696 -0.1930 -0.1501
vn 0.9684 -0.1963 -0.1540
vn 0.9708 -0.1977 -0.1358
vn 0.9689 -0.2026 -0.1420
vn 0.9713 -0.1969 -0.1335
vn 0.8272 -0.0821 -0.5558
vn 0.8311 -0.0515 -0.5537
vn 0.8285 -0.0537 -0.5574
vn 0.8337 -0.0253 -0.5517
vn 0.8326 -0.0271 -0.5533
vn 0.8381 0.0016 -0.5455
vn 0.8368 0.0009 -0.5476
vn 0.8464 0.0407 -0.5310
vn 0.8460 0.0406 -0.5317
vn 0.8547 0.0704 -0.5143
vn 0.8548 0.0705 -0.5141
vn 0.8643 0.1019 -0.4926
vn 0.8649 0.1019 -0.4915
vn 0.8798 0.1445 -0.4528
vn 0.8809 0.1443 -0.4509
vn 0.8957 0.1820 -0.4057
vn 0.8967 0.1818 -0.4035
vn 0.9117 0.2183 -0.3481
vn 0.9128 0.2175 -0.3456
vn 0.5519 -0.0423 -0.8328
vn 0.5609 0.0295 -0.8274
vn 0.5510 0.0229 -0.8342
vn 0.5635 0.0916 -0.8210
vn 0.5579 0.0835 -0.8257
vn 0.5710 0.1529 -0.8066
vn 0.5591 0.1475 -0.8159
vn 0.5813 0.2396 -0.7776
vn 0.5685 0.2354 -0.7883
vn 0.5889 0.3046 -0.7486
vn 0.5810 0.2980 -0.7574
vn 0.6017 0.3669 -0.7095
vn 0.5885 0.3649 -0.7214
vn 0.6183 0.4501 -0.6442
vn 0.6057 0.4496 -0.6565
vn 0.6338 0.5213 -0.5714
vn 0.6241 0.5203 -0.5829
vn 0.6505 0.5845 -0.4851
vn 0.6409 0.5858 -0.4961
vn 0.1918 0.0029 -0.9814
vn 0.2049 0.1066 -0.9730
vn 0.1863 0.0947 -0.9779
vn 0.2042 0.1949 -0.9593
vn 0.1927 0.1792 -0.9648
vn 0.2121 0.2801 -0.9362
vn 0.1866 0.2673 -0.9454
vn 0.2181 0.3982 -0.8910
vn 0.1890 0.3860 -0.9029
vn 0.2174 0.4850 -0.8471
vn 0.1990 0.4684 -0.8608
vn 0.2282 0.5642 -0.7934
vn 0.1961 0.5539 -0.8091
vn 0.2354 0.6669 -0.7070
vn 0.2035 0.6584 -0.7247
vn 0.2391 0.7509 -0.6156
vn 0.2140 0.7424 -0.6348
vn 0.2468 0.8216 -0.5138
vn 0.2210 0.8169 -0.5327
vn 0.9673 -0.2134 -0.1372
vn 0.9062 0.2055 -0.3695
vn 0.6349 0.5741 -0.5170
vn 0.2169 0.8071 -0.5491
vn 0.9710 -0.2104 -0.1135
vn 0.9521 -0.2519 -0.1735
vn 0.9582 -0.2468 -0.1445
vn 0.9335 -0.3010 -0.1952
vn 0.9421 -0.2891 -0.1698
vn 0.9125 -0.3505 -0.2108
vn 0.9228 -0.3378 -0.1854
vn 0.8925 -0.3997 -0.2093
vn 0.9026 -0.3841 -0.1943
vn 0.8709 -0.4451 -0.2085
vn 0.8811 -0.4317 -0.1931
vn 0.9185 0.2061 -0.3374
vn 0.8759 0.1145 -0.4688
vn 0.8971 0.1165 -0.4262
vn 0.8438 -0.0004 -0.5366
vn 0.8685 0.0140 -0.4955
vn 0.8035 -0.1186 -0.5834
vn 0.8374 -0.1018 -0.5370
vn 0.7716 -0.2367 -0.5904
vn 0.8025 -0.2086 -0.5591
vn 0.7304 -0.3442 -0.5899
vn 0.7710 -0.3176 -0.5520
vn 0.6604 0.5769 -0.4806
vn 0.6026 0.4515 -0.6580
vn 0.6468 0.4564 -0.6111
vn 0.5740 0.2979 -0.7628
vn 0.6215 0.3173 -0.7162
vn 0.5323 0.1350 -0.8357
vn 0.6002 0.1564 -0.7844
vn 0.5082 -0.0303 -0.8607
vn 0.5660 0.0070 -0.8244
vn 0.4643 -0.1843 -0.8663
vn 0.5461 -0.1514 -0.8239
vn 0.2570 0.8211 -0.5096
vn 0.1949 0.6827 -0.7042
vn 0.2640 0.7038 -0.6595
vn 0.1812 0.5274 -0.8301
vn 0.2542 0.5631 -0.7863
vn 0.1537 0.3548 -0.9222
vn 0.2590 0.3931 -0.8823
vn 0.1496 0.1762 -0.9729
vn 0.2371 0.2290 -0.9441
vn 0.1177 0.0013 -0.9930
vn 0.2450 0.0451 -0.9685
vn 0.3802 -0.9043 -0.1942
vn 0.8261 -0.4985 -0.2629
vn 0.1656 -0.1043 -0.9807
vn 0.4711 -0.2968 -0.8306
vn 0.4712 -0.2968 -0.8306
vn 0.7045 -0.4437 -0.5539
vn 0.7045 -0.4437 -0.5538
vn 0.8302 -0.5229 -0.1929
vn 0.7299 -0.6107 -0.3072
vn 0.1479 -0.1288 -0.9806
vn 0.1480 -0.1288 -0.9806
vn 0.4207 -0.3663 -0.8299
vn 0.4208 -0.3663 -0.8299
vn 0.6284 -0.5471 -0.5530
vn 0.6285 -0.5472 -0.5528
vn 0.7401 -0.6443 -0.1926
vn 0.8087 -0.5555 -0.1934
vn 0.6005 -0.7369 -0.3105
vn 0.1208 -0.1545 -0.9806
vn 0.3435 -0.4394 -0.8300
vn 0.3436 -0.4395 -0.8299
vn 0.5131 -0.6563 -0.5532
vn 0.5132 -0.6564 -0.5530
vn 0.6044 -0.7730 -0.1928
vn 0.6890 -0.6984 -0.1936
vn 0.4497 -0.8362 -0.3139
vn 0.0893 -0.1746 -0.9806
vn 0.2539 -0.4964 -0.8301
vn 0.2539 -0.4966 -0.8300
vn 0.3792 -0.7416 -0.5534
vn 0.3793 -0.7417 -0.5532
vn 0.4467 -0.8736 -0.1931
vn 0.5444 -0.8161 -0.1939
vn 0.3558 -0.9141 -0.1943
vn 0.3040 -0.7742 -0.5551
vn 0.2044 -0.5169 -0.8313
vn 0.3439 -0.9183 -0.1960
vn 0.3228 -0.9262 -0.1949
vn 0.3065 -0.9298 -0.2037
vn 0.2802 -0.9396 -0.1964
vn 0.2616 -0.9449 -0.1968
vn 0.2397 -0.9525 -0.1880
vn 0.2157 -0.9575 -0.1912
vn 0.1969 -0.9640 -0.1784
vn 0.1761 -0.9694 -0.1713
vn 0.1608 -0.9742 -0.1582
vn 0.1368 -0.9788 -0.1526
vn 0.1235 -0.9831 -0.1351
vn 0.1079 -0.9866 -0.1227
vn 0.2732 -0.7823 -0.5598
vn 0.2265 -0.7992 -0.5567
vn 0.1882 -0.7948 -0.5769
vn 0.1236 -0.8196 -0.5595
vn 0.0879 -0.8232 -0.5609
vn 0.0249 -0.8445 -0.5349
vn -0.0166 -0.8407 -0.5412
vn -0.0765 -0.8620 -0.5011
vn -0.1082 -0.8643 -0.4913
vn -0.1644 -0.8815 -0.4426
vn -0.1991 -0.8776 -0.4361
vn -0.2488 -0.8944 -0.3717
vn -0.2695 -0.8944 -0.3568
vn 0.1579 -0.5252 -0.8362
vn 0.0932 -0.5488 -0.8307
vn 0.0361 -0.5253 -0.8502
vn -0.0547 -0.5599 -0.8267
vn -0.1039 -0.5566 -0.8243
vn -0.1937 -0.5872 -0.7859
vn -0.2478 -0.5661 -0.7862
vn -0.3348 -0.5968 -0.7292
vn -0.3740 -0.5923 -0.7136
vn -0.4556 -0.6178 -0.6408
vn -0.4958 -0.6000 -0.6278
vn -0.5696 -0.6246 -0.5343
vn -0.5929 -0.6192 -0.5150
vn -0.8595 -0.2372 -0.4528
vn -0.7969 -0.2177 -0.5635
vn -0.7734 -0.2283 -0.5913
vn -0.6952 -0.2036 -0.6894
vn -0.6561 -0.2350 -0.7172
vn -0.5714 -0.2070 -0.7941
vn -0.5270 -0.2179 -0.8215
vn -0.4361 -0.1871 -0.8802
vn -0.3752 -0.2261 -0.8989
vn -0.2823 -0.1931 -0.9397
vn -0.2210 -0.2039 -0.9537
vn -0.1259 -0.1685 -0.9776
vn -0.0526 -0.2131 -0.9756
vn 0.0132 -0.1881 -0.9821
vn 0.0754 -0.1801 -0.9808
vn -0.9070 -0.2258 -0.3556
vn -0.8614 -0.2427 -0.4462
vn -0.6764 -0.6248 -0.3901
vn -0.6557 -0.6371 -0.4052
vn -0.3329 -0.9029 -0.2719
vn -0.3130 -0.9066 -0.2832
vn 0.0813 -0.9923 -0.0935
vn 0.0964 -0.9899 -0.1036
vn -0.9359 -0.2260 -0.2701
vn -0.9296 -0.2326 -0.2858
vn -0.7305 -0.6360 -0.2487
vn -0.7227 -0.6399 -0.2610
vn -0.3712 -0.9123 -0.1726
vn -0.3637 -0.9134 -0.1831
vn 0.0665 -0.9961 -0.0583
vn 0.0726 -0.9950 -0.0679
vn -0.9672 -0.2291 -0.1094
vn -0.9651 -0.2349 -0.1158
vn -0.7625 -0.6392 -0.1008
vn -0.7587 -0.6428 -0.1060
vn -0.3959 -0.9156 -0.0700
vn -0.3919 -0.9170 -0.0744
vn 0.0568 -0.9981 -0.0234
vn 0.0597 -0.9978 -0.0274
vn 0.0567 -0.9984 0.0001
vn -0.3970 -0.9178 -0.0010
vn -0.6929 -0.7210 -0.0017
vn -0.7664 -0.6423 -0.0027
vn -0.8404 -0.5420 -0.0020
vn -0.9731 -0.2304 -0.0023
vn 0.8407 -0.5390 -0.0517
vn 0.3220 -0.9467 -0.0109
vn 0.3202 -0.9472 -0.0145
vn 0.3200 -0.9473 -0.0157
vn 0.3200 -0.9473 -0.0130
vn 0.3191 -0.9477 -0.0080
vn 0.3451 -0.9386 0.0015
vn 0.3340 -0.9426 -0.0010
vn 0.3262 -0.9453 -0.0057
vn 0.3665 -0.9304 0.0010
vn 0.3447 -0.9387 0.0007
vn 0.3571 -0.9340 0.0152
vn 0.3184 -0.9480 0.0016
vn 0.3291 -0.9443 -0.0001
vn 0.3431 -0.9393 0.0058
vn 0.3107 -0.9504 0.0103
vn 0.3108 -0.9504 0.0100
vn 0.3123 -0.9500 0.0052
vn 0.3172 -0.9484 -0.0023
vn 0.3156 -0.9489 0.0008
vn 0.3055 -0.9522 0.0010
vn 0.3077 -0.9515 0.0036
vn 0.3098 -0.9508 0.0076
vn 0.4121 -0.9112 0.0010
vn 0.4117 -0.9113 0.0010
vn 0.3875 -0.9219 0.0009
vn 0.4057 -0.9140 0.0006
vn 0.3752 -0.9269 0.0011
vn 0.3866 -0.9220 -0.0215
vn 0.3655 -0.9308 -0.0021
vn 0.5336 -0.8389 -0.1072
vn 0.4109 -0.9117 0.0010
vn 0.4111 -0.9116 0.0010
vn 0.4756 -0.8796 0.0011
vn 0.4130 -0.9107 0.0010
vn 0.4110 -0.9116 0.0010
vn 0.4871 -0.8734 0.0012
vn 0.5402 -0.8316 -0.1289
vn 0.4115 -0.9114 0.0010
vn 0.4991 -0.8665 -0.0107
vn 0.4754 -0.8797 -0.0001
vn 0.5493 -0.8356 0.0017
vn 0.5519 -0.8339 0.0013
vn 0.5857 -0.8105 0.0014
vn 0.4123 -0.9110 0.0010
vn 0.4167 -0.9090 0.0011
vn 0.4560 -0.8900 0.0001
vn 0.7416 -0.6706 0.0180
vn 0.7568 -0.6536 0.0017
vn 0.6860 -0.7276 0.0014
vn 0.7050 -0.7092 -0.0089
vn 0.6167 -0.7868 0.0248
vn 0.6559 -0.7547 -0.0166
vn 0.6103 -0.7922 -0.0023
vn 0.8456 -0.5336 0.0157
vn 0.8570 -0.5153 0.0021
vn 0.8006 -0.5991 0.0016
vn 0.8147 -0.5796 -0.0175
vn 0.7972 -0.6037 -0.0062
vn 0.9247 -0.3805 0.0067
vn 0.9302 -0.3670 0.0022
vn 0.8918 -0.4524 0.0019
vn 0.9078 -0.4157 -0.0557
vn 0.8905 -0.4547 -0.0155
vn 0.9885 -0.1511 0.0024
vn 0.9911 -0.1146 -0.0670
vn 0.9833 -0.1817 -0.0034
vn 0.9528 -0.3034 0.0125
vn 0.9622 -0.2632 -0.0699
vn 0.9465 -0.3225 -0.0098
vn 0.9905 -0.1375 0.0024
vn 0.9795 -0.2014 0.0024
vn 0.9796 -0.2009 0.0023
vn 0.9614 -0.2752 0.0023
vn 0.9310 -0.3651 0.0022
vn 0.9310 -0.3650 0.0022
vn 0.9000 -0.4360 0.0022
vn 0.8546 -0.5193 0.0021
vn 0.8546 -0.5193 0.0020
vn 0.8115 -0.5843 0.0019
vn 0.7525 -0.6585 0.0018
vn 0.7525 -0.6586 0.0018
vn 0.6981 -0.7160 0.0017
vn 0.6271 -0.7789 0.0015
vn 0.5628 -0.8266 0.0014
vn 0.4897 -0.8717 0.0187
vn 0.5520 -0.8339 0.0013
vn 0.6140 -0.7893 0.0015
vn 0.6860 -0.7276 0.0017
vn 0.6860 -0.7276 0.0016
vn 0.7403 -0.6723 0.0018
vn 0.8007 -0.5991 0.0019
vn 0.8449 -0.5349 0.0020
vn 0.8918 -0.4524 0.0021
vn 0.9246 -0.3809 0.0022
vn 0.9526 -0.3041 0.0023
vn 0.4756 -0.8796 0.0012
vn 0.4126 -0.9109 0.0010
vn 0.4113 -0.9115 0.0010
vn 0.4128 -0.9108 0.0010
vn 0.6861 -0.7276 0.0016
vn 0.5628 -0.8266 0.0013
vn 0.6251 -0.7804 -0.0149
vn 0.6868 -0.7267 0.0095
vn 0.7514 -0.6597 -0.0103
vn 0.8016 -0.5977 0.0159
vn 0.8542 -0.5199 -0.0043
vn 0.8924 -0.4507 0.0219
vn 0.9310 -0.3651 0.0015
vn 0.9528 -0.3029 0.0219
vn 0.9884 -0.1506 0.0186
vn 0.9796 -0.2009 0.0058
vn 0.9611 -0.2760 -0.0129
vn 0.9796 -0.2010 0.0023
vn 0.9795 -0.2015 0.0024
vn 0.8115 -0.5843 0.0020
vn 0.6869 -0.7267 0.0095
vn 0.9247 -0.3808 0.0022
vn 0.9796 -0.2008 0.0058
vn 0.4136 -0.9105 0.0010
vn 0.4107 -0.9118 0.0010
vn 0.4132 -0.9106 0.0010
vn 0.4754 -0.8798 -0.0007
vn 0.4736 -0.8807 -0.0001
vn 0.5520 -0.8338 0.0017
vn 0.5549 -0.8319 0.0013
vn 0.6317 -0.7752 -0.0044
vn 0.6863 -0.7273 0.0039
vn 0.7023 -0.7119 0.0017
vn 0.7669 -0.6417 -0.0057
vn 0.8009 -0.5987 0.0061
vn 0.8243 -0.5662 0.0020
vn 0.8561 -0.5167 0.0021
vn 0.8806 -0.4738 0.0129
vn 0.8872 -0.4611 0.0169
vn 0.8922 -0.4512 0.0205
vn 0.8960 -0.4434 0.0237
vn 0.8977 -0.4399 0.0254
vn 0.8974 -0.4404 0.0251
vn 0.9010 -0.4329 0.0293
vn 0.8918 -0.4524 0.0027
vn 0.9234 -0.3839 0.0022
vn 0.9279 -0.3729 0.0022
vn 0.9667 -0.2558 0.0037
vn 0.9528 -0.3030 0.0190
vn 0.9548 -0.2963 0.0235
vn 0.9237 -0.3824 -0.0221
vn 0.9475 -0.3196 0.0130
vn 0.9372 -0.3488 0.0046
vn 0.9770 -0.2131 0.0014
vn 0.9829 -0.1841 0.0098
vn 0.9883 -0.1504 0.0253
vn 0.9876 -0.1541 0.0285
vn 0.9930 -0.1178 0.0105
vn 0.9959 -0.0901 0.0024
vn 0.9950 -0.0983 0.0150
vn 0.9966 -0.0820 0.0024
vn 0.6397 -0.1809 0.7470
vn 0.4234 -0.8903 0.1676
vn 0.2913 -0.9355 0.1998
vn 0.2898 -0.9364 0.1981
vn 0.1476 -0.9778 0.1490
vn 0.1855 -0.9691 0.1628
vn 0.2135 -0.9593 0.1848
vn 0.2146 -0.9591 0.1844
vn 0.2560 -0.9488 0.1849
vn 0.0567 -0.9982 0.0216
vn 0.0565 -0.9982 0.0215
vn 0.0810 -0.9952 0.0555
vn 0.0937 -0.9910 0.0959
vn 0.0911 -0.9913 0.0949
vn 0.1245 -0.9849 0.1201
vn 0.4906 -0.7328 0.4716
vn 0.4340 -0.8840 0.1735
vn 0.4594 -0.8743 0.1565
vn 0.1445 -0.9782 0.1489
vn -0.0934 -0.9200 0.3806
vn -0.1900 -0.9515 0.2421
vn -0.2103 -0.9473 0.2416
vn -0.2574 -0.9619 0.0918
vn -0.3953 -0.9132 0.0993
vn -0.5057 -0.8626 0.0145
vn -0.4167 -0.8483 0.3268
vn -0.3937 -0.8587 0.3281
vn -0.2742 -0.8212 0.5004
vn -0.1238 -0.8788 0.4609
vn -0.0324 -0.8465 0.5315
vn 0.0133 -0.8536 0.5207
vn 0.1463 -0.8063 0.5732
vn 0.1884 -0.8139 0.5496
vn 0.3174 -0.7644 0.5612
vn -0.8514 -0.2098 0.4807
vn -0.8812 -0.1268 0.4553
vn -0.7584 -0.0867 0.6460
vn -0.6789 -0.2117 0.7031
vn -0.6479 -0.1156 0.7529
vn -0.4655 -0.0555 0.8833
vn -0.4751 -0.1799 0.8613
vn -0.9337 -0.1005 0.3436
vn -0.9812 -0.1172 0.1532
vn -0.9666 -0.2288 0.1154
vn -0.1713 -0.1320 0.9763
vn -0.1667 -0.1396 0.9761
vn -0.3293 -0.0818 0.9407
vn 0.1828 -0.2295 0.9560
vn 0.0916 -0.1877 0.9779
vn 0.6490 -0.5057 0.5684
vn 0.5951 -0.6867 0.4175
vn 0.5842 -0.6721 0.4551
vn 0.5319 -0.8390 0.1149
vn 0.5098 -0.8392 0.1894
vn 0.3562 -0.1236 0.9262
vn 0.1570 -0.2066 0.9657
vn 0.1965 -0.3924 0.8986
vn -0.0445 -0.4839 0.8740
vn -0.0403 -0.4131 0.9098
vn -0.3049 -0.5082 0.8055
vn -0.3082 -0.4471 0.8397
vn -0.5428 -0.5256 0.6551
vn -0.5519 -0.4787 0.6828
vn -0.7285 -0.5345 0.4285
vn -0.7390 -0.5054 0.4454
vn 0.3528 -0.9174 0.1840
vn 0.3662 -0.9100 0.1945
vn 0.3495 -0.7729 0.5295
vn 0.4707 -0.7229 0.5057
vn 0.4838 -0.4879 0.7266
vn 0.6249 -0.4258 0.6543
vn 0.6380 -0.3771 0.6714
vn -0.8305 -0.5353 0.1541
vn -0.8313 -0.5338 0.1548
vn -0.9324 -0.3265 0.1552
vn -0.8359 -0.2971 0.4615
vn -0.8303 -0.3330 0.4470
vn -0.6469 -0.2751 0.7112
vn -0.6435 -0.3329 0.6893
vn -0.3985 -0.2508 0.8822
vn -0.3996 -0.3267 0.8565
vn -0.1205 -0.2264 0.9665
vn -0.1264 -0.3147 0.9407
vn 0.1657 -0.2012 0.9654
vn -0.0168 -0.0725 0.9972
vn 0.5988 -0.1178 0.7922
vn 0.4172 -0.1908 0.8885
vn 0.4420 -0.4506 0.7757
vn 0.2840 -0.5168 0.8076
vn 0.2777 -0.5481 0.7890
vn 0.0417 -0.6391 0.7680
vn 0.0456 -0.5876 0.8078
vn -0.1925 -0.6731 0.7141
vn -0.1976 -0.6285 0.7523
vn -0.4099 -0.6995 0.5853
vn -0.4219 -0.6653 0.6159
vn -0.5822 -0.7159 0.3854
vn -0.5954 -0.6948 0.4035
vn -0.6799 -0.7207 0.1354
vn -0.6862 -0.7137 0.1404
vn -0.7087 -0.0000 0.7055
vn -0.9665 -0.0000 0.2567
vn -0.9653 -0.0000 -0.2610
vn -0.7055 -0.0000 -0.7087
vn -0.2610 -0.0000 0.9653
vn 0.2567 -0.0000 0.9665
vn 0.7055 -0.0000 0.7087
vn 0.9653 -0.0000 0.2610
vn 0.9665 -0.0000 -0.2567
vn 0.7087 -0.0000 -0.7055
vn 0.2610 -0.0000 -0.9653
vn 0.0033 -0.0000 -1.0000
vn -0.2567 -0.0006 -0.9665
vn -0.2577 -0.0000 -0.9662
vn -0.0000 0.9659 -0.2588
vn -0.0000 0.8354 -0.5497
vn -0.0000 0.9115 -0.4113
vn 0.0110 0.9870 -0.1603
vn -0.0000 0.4414 -0.8973
vn 0.0017 0.7960 -0.6053
vn -0.0060 0.6161 -0.7876
vn 0.0044 0.6991 -0.7150
vn -0.0000 0.5381 -0.8429
vn -0.0000 0.0980 -0.9952
vn 0.0046 0.0069 -1.0000
vn -0.0000 0.4423 -0.8969
vn -0.0000 0.2903 -0.9569
vn 0.0022 0.3322 -0.9432
vn -0.0021 0.1456 -0.9893
vn -0.2588 0.9659 -0.0006
vn -0.9844 0.1758 -0.0022
vn -0.9951 0.0985 -0.0068
vn -0.9054 0.4246 0.0022
vn -0.1758 0.9844 0.0064
vn -0.4247 0.9054 -0.0009
vn -0.6042 0.7968 -0.0013
vn -0.6087 0.7934 -0.0016
vn -0.7900 0.6131 -0.0015
vn -0.7933 0.6088 -0.0018
vn -0.8968 0.4423 -0.0020
vn -0.9566 0.2912 -0.0056
vn 0.0004 0.9851 -0.1722
vn 0.0003 0.9844 -0.1758
vn 0.0010 0.9069 -0.4213
vn -0.0007 0.8422 -0.5391
vn 0.0013 0.7948 -0.6069
vn 0.0018 0.6106 -0.7920
vn -0.0000 0.5391 -0.8422
vn 0.0047 0.2588 -0.9659
vn 0.0022 0.1759 -0.9844
vn -0.4241 0.9045 -0.0455
vn -0.7904 0.6067 -0.0849
vn -0.6074 0.7918 -0.0652
vn -0.9011 0.4227 -0.0968
vn -0.8355 0.1755 -0.5207
vn -0.9231 0.1740 -0.3429
vn -0.9790 0.1749 -0.1051
vn -0.7118 0.3632 -0.6012
vn -0.7877 0.1740 -0.5910
vn -0.6318 0.1751 -0.7551
vn -0.5704 0.2925 -0.7675
vn -0.5168 0.1755 -0.8379
vn -0.3387 0.1740 -0.9247
vn -0.1006 0.1748 -0.9794
vn -0.1006 0.1749 -0.9794
vn -0.0180 0.9843 -0.1758
vn -0.0611 0.9841 -0.1667
vn -0.1059 0.9841 -0.1425
vn -0.1420 0.9841 -0.1066
vn -0.1665 0.9841 -0.0618
vn -0.1664 0.9841 -0.0618
vn -0.1757 0.9843 -0.0189
vn -0.8352 0.5380 -0.1141
vn -0.7919 0.5352 -0.2942
vn -0.6757 0.5352 -0.5070
vn -0.5039 0.5352 -0.6780
vn -0.2905 0.5352 -0.7932
vn -0.0862 0.5370 -0.8391
vn -0.5332 0.8418 -0.0839
vn -0.5091 0.8397 -0.1891
vn -0.4344 0.8397 -0.3259
vn -0.4344 0.8397 -0.3260
vn -0.3239 0.8397 -0.4359
vn -0.1868 0.8397 -0.5100
vn -0.0553 0.8409 -0.5384
vn 0.9242 -0.3820 0.0021
vn 0.9263 -0.3769 0.0021
vn 0.9296 -0.3686 0.0021
vn 0.9327 -0.3606 0.0021
vn 0.9355 -0.3533 0.0021
vn 0.9374 -0.3482 0.0021
vn 0.9396 -0.3423 0.0021
vn 0.9397 -0.3420 0.0021
vn 0.9409 -0.3386 0.0021
vn 0.9413 -0.3376 0.0021
vn 0.9422 -0.3350 0.0021
vn 0.9421 -0.3354 0.0021
vn 0.9428 -0.3333 0.0021
vn 0.4286 -0.8886 -0.1636
vn 0.1652 -0.9695 -0.1810
vn 0.1724 -0.9688 -0.1780
vn 0.0948 -0.9345 -0.3431
vn 0.1692 -0.9003 -0.4010
vn 0.0835 -0.8511 -0.5183
vn 0.1786 -0.7833 -0.5954
vn 0.0322 -0.7255 -0.6875
vn 0.1316 -0.7170 -0.6845
vn 0.0993 -0.6035 -0.7912
vn 0.1161 -0.4500 -0.8855
vn 0.0421 -0.3476 -0.9367
vn 0.1993 -0.2110 -0.9569
vn 0.1667 -0.2173 -0.9618
vn -0.1900 -0.1561 -0.9693
vn 0.3766 -0.9067 -0.1899
vn 0.3806 -0.8543 -0.3540
vn 0.4224 -0.8139 -0.3989
vn 0.2615 -0.8265 -0.4985
vn 0.3880 -0.7165 -0.5797
vn 0.2444 -0.7238 -0.6452
vn 0.3713 -0.5878 -0.7188
vn -0.0531 -0.6856 -0.7260
vn 0.1406 -0.6045 -0.7841
vn 0.0952 -0.5231 -0.8469
vn 0.1819 -0.4002 -0.8982
vn 0.2001 0.9798 0.0005
vn 0.0644 0.9979 0.0002
vn 0.1465 0.9892 -0.0013
vn 0.0824 0.9966 0.0024
vn 0.1660 0.9861 0.0004
vn 0.5839 0.7061 0.4007
vn 0.5664 0.6970 0.4398
vn 0.5687 0.6957 0.4388
vn 0.5754 0.7033 0.4175
vn 0.5957 0.6977 0.3979
vn 0.5229 0.6975 0.4899
vn 0.5710 0.6646 0.4819
vn 0.5456 0.6907 0.4745
vn 0.6332 0.6267 0.4541
vn 0.5895 0.6661 0.4569
vn 0.6181 0.6432 0.4519
vn 0.6116 0.6446 0.4588
vn 0.6339 0.6313 0.4468
vn 0.6339 0.6313 0.4469
vn 0.6644 0.5938 0.4537
vn 0.6646 0.5938 0.4535
vn 0.6825 0.5795 0.4454
vn 0.6996 0.5520 0.4537
vn 0.7082 0.5513 0.4410
vn 0.7315 0.5100 0.4527
vn 0.7399 0.5184 0.4288
vn 0.7617 0.4568 0.4595
vn 0.7764 0.4800 0.4086
vn 0.7864 0.3868 0.4817
vn 0.8158 0.4764 0.3280
vn 0.8526 0.5224 0.0096
vn 0.5984 0.8012 0.0014
vn 0.6598 0.7514 0.0043
vn 0.6461 0.7632 0.0033
vn 0.6243 0.7812 0.0020
vn 0.5290 0.8486 0.0019
vn 0.4818 0.8763 0.0035
vn 0.5502 0.8350 -0.0004
vn 0.6755 0.7374 0.0016
vn 0.6312 0.7756 0.0014
vn 0.6269 0.7791 0.0016
vn 0.5796 0.8149 0.0014
vn 0.5597 0.8287 0.0015
vn 0.6780 0.7350 0.0016
vn 0.6785 0.7346 0.0016
vn 0.6732 0.7395 0.0031
vn 0.8975 0.4409 0.0051
vn 0.8474 0.5304 0.0241
vn 0.8847 0.4661 0.0039
vn 0.8576 0.5144 0.0021
vn 0.8199 0.5725 0.0020
vn 0.7629 0.6465 0.0001
vn 0.7745 0.6326 -0.0011
vn 0.7070 0.7072 0.0020
vn 0.9712 0.2384 0.0037
vn 0.9650 0.2621 0.0025
vn 0.9847 0.1740 0.0023
vn 0.9905 0.1373 0.0032
vn 0.9942 0.1073 0.0024
vn 0.9593 0.2822 0.0026
vn 0.9510 0.3093 0.0023
vn 0.9237 0.3831 0.0022
vn 0.9405 0.3399 0.0046
vn 0.8667 0.4989 -0.0022
vn 0.9287 0.3708 0.0102
vn 0.9139 0.4059 0.0073
vn 0.2562 0.9666 0.0006
vn 0.4884 0.8726 0.0011
vn 0.4484 0.8939 0.0011
vn 0.4403 0.8978 0.0011
vn 0.4349 0.9005 0.0011
vn 0.4145 0.9101 0.0010
vn 0.3057 0.9521 -0.0004
vn 0.3697 0.9291 -0.0025
vn 0.2544 0.9671 0.0055
vn 0.3452 0.9385 0.0013
vn 0.0007 0.0010 -1.0000
vn 0.0023 0.0050 -1.0000
vn -0.0000 0.0002 -1.0000
vn -0.0039 -0.0054 -1.0000
vn -0.0000 0.0001 -1.0000
vn -0.0031 -0.0050 -1.0000
vn -0.0012 -0.0016 -1.0000
vn -0.0000 -0.0001 -1.0000
vn 0.0001 0.0002 -1.0000
vn 0.5666 0.8240 0.0014
vn 0.4306 0.9026 0.0005
vn 0.4231 0.9061 0.0004
vn 0.1213 0.9926 0.0009
vn 0.1569 0.9876 0.0004
vn 0.5757 0.7939 -0.1957
vn 0.6423 0.7454 -0.1784
vn 0.4530 0.8833 -0.1207
vn 0.1209 0.9867 -0.1091
vn 0.4228 0.9052 -0.0424
vn 0.5077 0.8435 -0.1754
vn 0.6518 0.2273 -0.7236
vn 0.7046 0.4667 -0.5346
vn 0.1918 0.9814 0.0114
vn 0.2349 0.9303 -0.2817
vn 0.2079 0.9239 -0.3213
vn 0.4169 0.8475 -0.3287
vn 0.4002 0.8173 -0.4146
vn 0.5296 0.7362 -0.4214
vn 0.5602 0.6396 -0.5264
vn 0.6803 0.5608 -0.4719
vn 0.7194 0.5109 -0.4706
vn 0.7536 0.1883 -0.6298
vn 0.7693 0.1463 -0.6219
vn 0.7704 0.4836 -0.4155
vn 0.7805 0.4679 -0.4147
vn 0.6832 0.7154 -0.1466
vn 0.6770 0.7213 -0.1465
vn 0.8299 0.1891 -0.5249
vn 0.8400 0.1200 -0.5291
vn 0.8183 0.4615 -0.3426
vn 0.8291 0.4374 -0.3484
vn 0.7169 0.6860 -0.1241
vn 0.7072 0.6968 -0.1196
vn 0.7346 0.6718 -0.0950
vn 0.7405 0.6655 -0.0934
vn 0.8648 0.4248 -0.2678
vn 0.8583 0.4360 -0.2705
vn 0.9015 0.1324 -0.4120
vn 0.9434 0.1707 -0.2845
vn 0.9193 0.1417 -0.3673
vn 0.8918 0.1643 -0.4216
vn 0.7674 0.6398 -0.0421
vn 0.7709 0.6357 -0.0401
vn 0.9090 0.3998 -0.1179
vn 0.9059 0.4059 -0.1203
vn 0.9169 0.3969 -0.0429
vn 0.9182 0.3939 -0.0417
vn 0.7767 0.6297 -0.0134
vn 0.7750 0.6318 -0.0145
vn 0.7520 0.6555 -0.0694
vn 0.7596 0.6467 -0.0695
vn 0.8920 0.4059 -0.1990
vn 0.8852 0.4203 -0.1994
vn 0.9422 0.1557 -0.2967
vn 0.9747 0.1269 -0.1841
vn 0.9708 0.1452 -0.1912
vn 0.9898 0.1261 -0.0659
vn 0.9884 0.1353 -0.0691
vn 0.8168 0.5770 0.0010
vn 0.7937 0.6083 0.0025
vn 0.9707 0.2402 0.0062
vn 0.9791 0.2036 0.0043
vn 0.9790 0.2036 0.0043
vn 0.7767 0.6298 0.0024
vn 0.8167 0.5770 0.0051
vn 0.9176 0.3974 0.0023
vn 0.9907 0.1358 0.0082
vn 1.0000 -0.0000 0.0048
vn 0.6166 -0.7873 0.0026
vn 0.6289 -0.7774 0.0030
vn 0.8546 -0.5193 0.0041
vn 0.8548 -0.5190 0.0041
vn 0.9835 -0.1810 0.0047
vn 0.9835 -0.1809 0.0048
vn 0.9425 -0.1801 -0.2814
vn 0.6863 -0.4653 -0.5590
vn 0.8323 0.2041 -0.5153
vn 0.7503 -0.1798 -0.6361
vn 0.7991 -0.4296 -0.4206
vn 0.8422 -0.3919 -0.3702
vn 0.5741 -0.7498 -0.3288
vn 0.6893 -0.6946 -0.2058
vn 0.6529 -0.7354 -0.1813
vn 0.5994 -0.7985 -0.0562
vn 0.6155 -0.7855 -0.0640
vn 0.9793 -0.1801 -0.0918
vn 0.8694 -0.1801 -0.4602
vn 0.7563 -0.5174 -0.4003
vn 0.8200 -0.5174 -0.2448
vn 0.8520 -0.5174 -0.0799
vn -0.0024 -0.0983 0.9952
vn 0.0033 -0.0897 0.9960
vn -0.0051 -0.2403 0.9707
vn -0.0150 -0.2681 0.9633
vn -0.0018 -0.3164 0.9486
vn -0.0025 -0.3662 0.9305
vn -0.0156 -0.4563 0.8897
vn 0.0016 -0.4701 0.8826
vn -0.0053 -0.6327 0.7744
vn -0.0019 -0.6345 0.7729
vn -0.0016 -0.7514 0.6598
vn -0.0218 -0.7919 0.6103
vn 0.0248 -0.8507 0.5251
vn -0.0117 -0.9011 0.4335
vn 0.0008 -0.9355 0.3534
vn -0.0067 -0.9666 0.2563
vn -0.0044 -0.9673 0.2538
vn 0.0053 -0.9955 0.0943
vn -0.0002 -0.9952 0.0983
vn -0.1009 -0.9949 -0.0023
vn -0.9757 -0.1193 0.1838
vn -0.9731 -0.1130 0.2007
vn -0.5515 -0.7513 0.3624
vn -0.5647 -0.7532 0.3374
vn -0.6701 -0.5964 0.4419
vn -0.6798 -0.6007 0.4208
vn -0.7679 -0.3898 0.5084
vn -0.7739 -0.3946 0.4954
vn -0.8278 -0.1108 0.5499
vn -0.8935 -0.1311 0.4294
vn -0.0710 -0.9822 0.1741
vn -0.0054 -0.9585 0.2849
vn -0.0752 -0.9606 0.2675
vn -0.1535 -0.9260 0.3449
vn -0.1567 -0.9273 0.3399
vn -0.1545 -0.8343 0.5292
vn -0.2038 -0.1209 0.9715
vn -0.1721 -0.2850 0.9429
vn -0.1227 -0.3138 0.9415
vn -0.6075 -0.1003 0.7879
vn -0.4335 -0.1311 0.8915
vn -0.1885 -0.1114 0.9757
vn -0.1459 -0.7121 0.6868
vn -0.0948 -0.6675 0.7386
vn -0.1741 -0.5521 0.8154
vn -0.1285 -0.5109 0.8500
vn -0.1639 -0.4292 0.8882
vn -0.1608 -0.3714 0.9144
vn -0.1993 -0.9753 0.0951
vn -0.2634 -0.9646 0.0100
vn -0.2947 -0.9334 0.2045
vn -0.3696 -0.9253 0.0854
vn -0.4896 -0.8478 0.2037
vn -0.5277 -0.8438 0.0975
vn -0.5740 -0.7224 0.3857
vn -0.6267 -0.7752 0.0798
vn -0.6977 -0.6981 0.1611
vn -0.7332 -0.6774 0.0601
vn -0.8131 -0.5429 0.2100
vn -0.8255 -0.5399 0.1646
vn -0.9337 -0.3234 0.1534
vn -0.9373 -0.3433 0.0609
vn -0.9426 -0.2892 0.1668
vn 0.0019 -0.9949 0.1010
vn -0.0683 -0.7897 0.6097
vn -0.3103 -0.8108 0.4963
vn -0.3600 -0.7572 0.5451
vn -0.3439 -0.7483 0.5673
vn -0.4408 -0.6038 0.6641
vn -0.4274 -0.5941 0.6814
vn -0.5098 -0.3961 0.7636
vn -0.5006 -0.3887 0.7735
vn -0.5510 -0.1346 0.8236
vn -0.7874 -0.1361 0.6013
vn -0.7933 -0.6087 -0.0140
vn -0.8666 -0.4989 -0.0099
vn -0.8829 -0.4694 0.0102
vn -0.7672 -0.6414 -0.0018
vn -0.6756 -0.7373 -0.0015
vn -0.6843 -0.7292 -0.0012
vn -0.5000 -0.8660 -0.0027
vn -0.6009 -0.7992 0.0111
vn -0.4579 -0.8890 -0.0006
vn -0.1736 -0.9848 -0.0011
vn -0.2655 -0.9641 0.0081
vn -0.0983 -0.9952 -0.0002
vn -0.8814 -0.4723 -0.0020
vn -0.9176 -0.3975 -0.0033
vn -0.9049 -0.4255 -0.0020
vn -0.9516 -0.3075 -0.0021
vn -0.9782 -0.2078 -0.0035
vn -1.0000 -0.0013 -0.0022
vn -0.9952 -0.0983 -0.0023
vn -0.9973 -0.0740 -0.0030
vn -0.9699 -0.2434 -0.0016
vn -0.9471 -0.3210 0.0003
vn -0.7951 -0.6063 -0.0149
vn -0.7641 -0.6451 0.0027
vn -0.7863 -0.6178 -0.0061
vn -0.7957 -0.6055 -0.0121
vn -0.8002 -0.5996 -0.0071
vn -0.8081 -0.5890 -0.0019
vn -0.7717 -0.6359 -0.0038
vn -0.6756 -0.7372 0.0061
vn -0.8648 -0.5021 -0.0094
vn -0.7934 -0.6088 -0.0018
vn -0.6872 -0.7263 -0.0165
vn -0.7137 -0.7004 -0.0019
vn -0.5906 -0.8069 -0.0012
vn -0.5000 -0.8660 -0.0029
vn -0.4413 -0.8974 -0.0013
vn -0.2719 -0.9623 -0.0004
vn -0.1736 -0.9848 -0.0021
vn -0.0883 -0.9961 -0.0002
vn -0.0000 -0.0004 -1.0000
vn 0.0001 -0.9755 -0.2200
vn 0.0023 -0.0947 -0.9955
vn 0.0182 -0.1691 -0.9854
vn -0.0046 -0.2999 -0.9540
vn -0.0012 -0.3346 -0.9424
vn 0.0145 -0.4968 -0.8677
vn -0.0156 -0.4347 -0.9005
vn 0.0136 -0.6400 -0.7683
vn 0.0019 -0.6118 -0.7910
vn 0.0015 -0.7359 -0.6770
vn 0.0043 -0.7448 -0.6673
vn -0.0028 -0.8414 -0.5405
vn 0.0134 -0.8664 -0.4992
vn -0.0073 -0.9345 -0.3559
vn 0.0362 -0.9857 -0.1648
vn -0.0000 0.1460 0.9893
vn 0.2577 -0.0000 0.9662
vn -0.2567 -0.0000 -0.9665
vn 0.1660 -0.9861 0.0004
vn 0.2031 -0.9792 -0.0005
vn 0.0824 -0.9966 0.0024
vn 0.1465 -0.9892 -0.0013
vn 0.0645 -0.9979 0.0002
vn 0.3847 -0.1016 -0.9174
vn 0.3783 -0.0399 -0.9248
vn 0.2367 -0.0288 -0.9711
vn 0.2586 -0.0110 -0.9659
vn 0.3320 0.0071 -0.9433
vn 0.0211 -0.0000 -0.9998
vn 0.0629 -0.0133 -0.9979
vn 0.0796 -0.0241 -0.9965
vn 0.1213 -0.0002 -0.9926
vn 0.1942 0.0002 -0.9810
vn -0.0220 -0.7068 0.7071
vn -0.0219 -0.7068 0.7070
vn -0.3949 -0.5877 0.7061
vn -0.0674 -0.7046 0.7064
vn -0.0832 -0.6978 0.7114
vn -0.1243 -0.6965 0.7067
vn -0.2029 -0.6699 0.7142
vn -0.1904 -0.6764 0.7115
vn -0.1638 -0.6885 0.7065
vn -0.3711 -0.6031 0.7061
vn -0.3421 -0.6150 0.7104
vn -0.3257 -0.6197 0.7141
vn -0.2976 -0.6443 0.7045
vn -0.2274 -0.6691 0.7075
vn -0.4314 -0.5583 0.7087
vn -0.4374 -0.5489 0.7123
vn -0.4774 -0.5233 0.7059
vn -0.5070 -0.4948 0.7058
vn -0.5278 -0.4644 0.7112
vn -0.5493 -0.4498 0.7042
vn -0.5992 -0.3642 0.7129
vn -0.6001 -0.3609 0.7139
vn -0.5864 -0.3966 0.7063
vn -0.6747 -0.2120 0.7069
vn -0.6567 -0.2484 0.7121
vn -0.6592 -0.2456 0.7107
vn -0.6445 -0.2948 0.7055
vn -0.6264 -0.3318 0.7054
vn -0.6910 -0.1685 0.7029
vn -0.6913 -0.1173 0.7129
vn -0.7033 -0.0918 0.7049
vn -0.2105 0.1659 -0.9634
vn -0.9721 0.1415 -0.1872
vn -0.9242 -0.3329 -0.1871
vn -0.9242 -0.3328 -0.1872
vn -0.7925 -0.2853 -0.5390
vn -0.7925 -0.2853 -0.5391
vn -0.5365 -0.1931 -0.8215
vn -0.7947 0.1156 -0.5959
vn -0.8358 0.0794 -0.5433
vn -0.8939 0.1301 -0.4291
vn -0.9721 0.1414 -0.1871
vn -0.2379 -0.9533 -0.1861
vn -0.2384 -0.9531 -0.1867
vn -0.2044 -0.8171 -0.5391
vn -0.2043 -0.8171 -0.5391
vn -0.1383 -0.5531 -0.8215
vn -0.0490 -0.1960 -0.9794
vn -0.6586 -0.7289 -0.1867
vn -0.6588 -0.7287 -0.1871
vn -0.5649 -0.6248 -0.5391
vn -0.5649 -0.6248 -0.5390
vn -0.3824 -0.4229 -0.8215
vn -0.1355 -0.1499 -0.9794
vn -0.6155 0.0896 -0.7831
vn -0.5612 0.0108 -0.8276
vn -0.1901 -0.0684 -0.9794
vn -0.0000 -0.9815 -0.1916
vn 0.0038 -0.9747 -0.2236
vn -0.0033 -0.8347 -0.5507
vn 0.0002 -0.8149 -0.5796
vn -0.0003 -0.5585 -0.8295
vn 0.0001 -0.5556 -0.8315
vn -0.0001 -0.1962 -0.9806
vn -0.0000 -0.1951 -0.9808
vn -0.0000 -1.0000 -0.0000
vn -0.0000 -0.9815 -0.1917
vn 0.0003 -0.9808 -0.1951
vn -0.0003 -0.8347 -0.5506
vn 0.0002 -0.8315 -0.5556
vn -0.0002 -0.5585 -0.8295
vn -0.0014 -0.9582 -0.2862
vn -0.0116 -0.9807 -0.1951
vn -0.0015 -0.9931 -0.1177
vn -0.0000 -0.9999 -0.0112
vn 0.0013 -0.8944 -0.4473
vn -0.0109 -0.8314 -0.5556
vn -0.0051 -0.8055 -0.5926
vn 0.0027 -0.6945 -0.7194
vn -0.0027 -0.6318 -0.7751
vn 0.0011 -0.5657 -0.8246
vn -0.0032 -0.4206 -0.9072
vn 0.0036 -0.4685 -0.8835
vn -0.0029 -0.2620 -0.9651
vn -0.0097 -0.1951 -0.9807
vn -0.0000 -0.0978 -0.9952
vn -0.2426 -0.9701 -0.0006
vn -0.6707 -0.7417 -0.0016
vn -0.6707 -0.7418 -0.0016
vn -0.9409 -0.3387 -0.0023
vn -0.9896 0.1440 -0.0024
vn -0.8929 0.0767 -0.4437
vn -0.2425 -0.9700 -0.0134
vn -0.6706 -0.7417 -0.0137
vn -0.9408 -0.3387 -0.0107
vn -0.9896 0.1440 -0.0052
vn -0.2427 -0.9700 -0.0121
vn -0.2399 -0.9618 -0.1320
vn -0.2475 -0.9611 -0.1229
vn -0.2305 -0.9203 -0.3162
vn -0.2461 -0.9226 -0.2971
vn -0.2166 -0.8470 -0.4855
vn -0.2453 -0.8523 -0.4619
vn -0.2078 -0.7491 -0.6290
vn -0.2361 -0.7614 -0.6037
vn -0.1931 -0.6326 -0.7501
vn -0.2329 -0.6453 -0.7276
vn -0.1913 -0.5007 -0.8442
vn -0.2207 -0.5203 -0.8250
vn -0.1803 -0.3632 -0.9141
vn -0.2173 -0.3803 -0.8990
vn -0.1835 -0.2113 -0.9600
vn -0.2073 -0.2313 -0.9506
vn -0.1790 -0.0603 -0.9820
vn -0.2032 -0.0765 -0.9761
vn -0.4457 -0.0246 -0.8948
vn -0.6707 -0.7416 -0.0129
vn -0.6660 -0.7354 -0.1245
vn -0.6689 -0.7336 -0.1199
vn -0.6540 -0.6966 -0.2950
vn -0.6600 -0.6950 -0.2852
vn -0.6337 -0.6305 -0.4482
vn -0.6450 -0.6287 -0.4344
vn -0.6147 -0.5436 -0.5715
vn -0.6262 -0.5459 -0.5566
vn -0.5915 -0.4452 -0.6722
vn -0.6083 -0.4470 -0.6559
vn -0.5773 -0.3373 -0.7436
vn -0.5902 -0.3445 -0.7301
vn -0.5599 -0.2297 -0.7961
vn -0.5771 -0.2359 -0.7819
vn -0.5530 -0.1137 -0.8254
vn -0.5649 -0.1235 -0.8159
vn -0.5373 0.0313 -0.8428
vn -0.6100 0.0018 -0.7924
vn -0.9408 -0.3387 -0.0106
vn -0.9377 -0.3362 -0.0882
vn -0.9375 -0.3364 -0.0886
vn -0.9276 -0.3111 -0.2067
vn -0.9273 -0.3115 -0.2078
vn -0.9107 -0.2712 -0.3116
vn -0.9100 -0.2717 -0.3130
vn -0.8920 -0.2209 -0.3943
vn -0.8915 -0.2209 -0.3954
vn -0.8724 -0.1658 -0.4598
vn -0.8723 -0.1658 -0.4601
vn -0.8561 -0.1087 -0.5053
vn -0.8565 -0.1089 -0.5045
vn -0.8418 -0.0530 -0.5373
vn -0.8435 -0.0536 -0.5345
vn -0.8319 0.0047 -0.5549
vn -0.8343 0.0024 -0.5514
vn -0.8245 0.0602 -0.5626
vn -0.7873 0.0907 -0.6099
vn -0.9896 0.1440 -0.0055
vn -0.9890 0.1445 -0.0316
vn -0.9894 0.1407 -0.0362
vn -0.9864 0.1483 -0.0714
vn -0.9862 0.1432 -0.0827
vn -0.9827 0.1519 -0.1055
vn -0.9818 0.1444 -0.1237
vn -0.9794 0.1510 -0.1342
vn -0.9769 0.1489 -0.1531
vn -0.9766 0.1499 -0.1542
vn -0.9732 0.1469 -0.1767
vn -0.9746 0.1424 -0.1731
vn -0.9712 0.1455 -0.1885
vn -0.9739 0.1352 -0.1824
vn -0.9707 0.1374 -0.1973
vn -0.9734 0.1242 -0.1927
vn -0.9717 0.1273 -0.1988
vn -0.9740 0.1132 -0.1961
vn -0.9738 0.1138 -0.1971
vn -0.8918 0.0885 -0.4438
vn -0.2576 0.0212 -0.9660
vn -0.9621 0.0793 -0.2607
vn -0.7039 0.0579 -0.7079
vn -0.9622 0.0792 -0.2607
vn -0.9607 0.0953 -0.2607
vn -0.9784 -0.0715 -0.1941
vn -0.7886 0.0783 -0.6099
vn -0.7086 -0.1019 -0.6982
vn -0.7039 0.0580 -0.7079
vn -0.1938 0.0192 -0.9808
vn -0.2670 -0.1069 -0.9578
vn -0.4395 0.0436 -0.8972
vn -0.6050 0.0600 -0.7940
vn -0.2577 0.0190 -0.9660
vn -0.9786 0.0720 -0.1928
vn -0.7212 0.6610 -0.2074
vn -0.2577 0.0189 -0.9660
vn -0.6087 0.0447 -0.7922
vn -0.4520 0.7345 -0.5061
vn -0.7922 0.0584 -0.6075
vn -0.8956 0.0660 -0.4399
vn -0.2483 0.1269 -0.9603
vn -0.9734 -0.1296 -0.1888
vn -0.8405 -0.5079 -0.1886
vn -0.8406 -0.5077 -0.1888
vn -0.7191 -0.4343 -0.5425
vn -0.4851 -0.2930 -0.8239
vn -0.7935 -0.1056 -0.5994
vn -0.8220 -0.1598 -0.5466
vn -0.8938 -0.1190 -0.4324
vn -0.9734 -0.1296 -0.1889
vn -0.2000 -0.9616 -0.1878
vn -0.2004 -0.9615 -0.1882
vn -0.1714 -0.8224 -0.5425
vn -0.1156 -0.5548 -0.8239
vn -0.0408 -0.1961 -0.9797
vn -0.5675 -0.8015 -0.1882
vn -0.5678 -0.8013 -0.1886
vn -0.4857 -0.6854 -0.5425
vn -0.3277 -0.4624 -0.8239
vn -0.1158 -0.1634 -0.9797
vn -0.6130 -0.0816 -0.7858
vn -0.5370 -0.1556 -0.8291
vn -0.4851 -0.2929 -0.8239
vn -0.1715 -0.1035 -0.9797
vn -0.0950 -0.9955 -0.0002
vn -0.2040 -0.9790 -0.0031
vn -0.2960 -0.9552 -0.0007
vn -0.5782 -0.8159 -0.0014
vn -0.8560 -0.5170 -0.0021
vn -0.9913 -0.1319 -0.0024
vn -0.2833 -0.7921 -0.5408
vn -0.8492 -0.3853 -0.3610
vn -0.8488 -0.3864 -0.3609
vn -0.8444 -0.3112 -0.4361
vn -0.8440 -0.3121 -0.4361
vn -0.8399 -0.2271 -0.4929
vn -0.1892 -0.4623 -0.8663
vn -0.1858 -0.3493 -0.9184
vn -0.1415 -0.1918 -0.9712
vn -0.0638 -0.2358 -0.9697
vn -0.1856 -0.0593 -0.9808
vn -0.0973 -0.7991 -0.5933
vn -0.0873 -0.6345 -0.7680
vn -0.2809 -0.6770 -0.6803
vn -0.0860 -0.5537 -0.8283
vn -0.5497 -0.4440 -0.7076
vn -0.5466 -0.2279 -0.8058
vn -0.8363 -0.1343 -0.5316
vn -0.0922 -0.9006 -0.4248
vn -0.0926 -0.9761 -0.1964
vn -0.0973 -0.9759 -0.1953
vn -0.2901 -0.9375 -0.1920
vn -0.5673 -0.7843 -0.2511
vn -0.8569 -0.4873 -0.1683
vn -0.8572 -0.4867 -0.1686
vn -0.9916 -0.1153 -0.0578
vn -0.9915 -0.1168 -0.0572
vn 0.0522 -0.8332 -0.5505
vn -0.2744 -0.7931 -0.5437
vn -0.2853 -0.9387 -0.1936
vn -0.6352 -0.7565 -0.1557
vn -0.5759 -0.8130 -0.0858
vn -0.8590 -0.5086 -0.0586
vn -0.8548 -0.5164 -0.0519
vn -0.9921 -0.1225 -0.0287
vn -0.9910 -0.1319 -0.0230
vn -0.9883 -0.0878 -0.1250
vn -0.9877 -0.0929 -0.1254
vn -0.9863 -0.0682 -0.1501
vn -0.9858 -0.0730 -0.1515
vn -0.9846 -0.0480 -0.1682
vn -0.9845 -0.0489 -0.1686
vn -0.9826 -0.0255 -0.1841
vn -0.9803 -0.0057 -0.1974
vn -0.8333 -0.0324 -0.5518
vn -0.8298 -0.0383 -0.5568
vn -0.6547 -0.0621 -0.7534
vn -0.5493 -0.1442 -0.8231
vn -0.3695 -0.1724 -0.9131
vn -0.9819 0.0012 -0.1892
vn -0.9826 -0.0252 -0.1839
vn -0.8362 -0.1344 -0.5317
vn -0.8397 -0.2276 -0.4930
vn -0.6586 -0.3335 -0.6745
vn -0.5538 -0.5105 -0.6578
vn -0.5582 -0.6770 -0.4797
vn -0.6682 -0.5582 -0.4919
vn -0.5626 -0.7203 -0.4057
vn -0.8533 -0.4457 -0.2706
vn -0.8537 -0.4447 -0.2709
vn -0.9896 -0.1084 -0.0942
vn -0.9896 -0.1087 -0.0942
vn 0.0004 -0.9808 -0.1952
vn 0.0042 -0.9844 -0.1758
vn -0.0003 -0.9062 -0.4229
vn -0.0082 -0.8422 -0.5391
vn 0.0021 -0.3645 -0.9312
vn -0.0005 -0.4804 -0.8770
vn -0.0089 -0.5391 -0.8422
vn 0.0017 -0.6411 -0.7675
vn 0.0013 -0.8062 -0.5916
vn 0.0022 -0.2390 -0.9710
vn -0.0046 -0.1758 -0.9844
vn 0.0023 -0.0655 -0.9979
vn -0.8488 0.3858 -0.3614
vn -0.8493 0.3857 -0.3604
vn -0.8533 0.4453 -0.2712
vn -0.8538 0.4450 -0.2703
vn -0.8569 0.4871 -0.1687
vn -0.8399 0.2274 -0.4927
vn -0.9857 0.0706 -0.1530
vn -0.8397 0.2273 -0.4932
vn -0.9846 0.0485 -0.1679
vn -0.9844 0.0484 -0.1689
vn -0.0873 0.6344 -0.7680
vn 0.0086 0.4808 -0.8768
vn -0.1899 0.5412 -0.8191
vn -0.1859 0.3496 -0.9183
vn -0.1524 0.2300 -0.9612
vn -0.0973 0.9757 -0.1964
vn -0.0926 0.9764 -0.1953
vn -0.0987 0.8260 -0.5549
vn 0.0961 0.8056 -0.5846
vn -0.0921 0.9005 -0.4249
vn -0.8545 0.5161 -0.0593
vn -0.6826 0.7266 -0.0783
vn -0.5699 0.8048 -0.1658
vn -0.2808 0.6769 -0.6804
vn -0.2832 0.7908 -0.5427
vn -0.2745 0.7944 -0.5418
vn -0.2852 0.9390 -0.1922
vn -0.2901 0.9373 -0.1933
vn -0.9877 0.0908 -0.1275
vn -0.9884 0.0895 -0.1226
vn -0.9896 0.1085 -0.0941
vn -0.9896 0.1087 -0.0943
vn -0.9917 0.1155 -0.0568
vn -0.9915 0.1166 -0.0582
vn -0.9921 0.1237 -0.0222
vn -0.6149 0.4150 -0.6706
vn -0.5521 0.3758 -0.7443
vn -0.5466 0.2279 -0.8058
vn -0.8362 0.1343 -0.5317
vn -0.8363 0.1344 -0.5316
vn -0.9825 0.0253 -0.1843
vn -0.9826 0.0254 -0.1838
vn -0.1856 0.0593 -0.9808
vn -0.0933 0.1944 -0.9765
vn -0.3697 0.1724 -0.9130
vn -0.6129 0.1317 -0.7791
vn -0.5529 0.0722 -0.8301
vn -0.8337 0.0376 -0.5509
vn -0.8299 0.0328 -0.5570
vn -0.9822 0.0050 -0.1879
vn -0.9803 -0.0003 -0.1974
vn -0.9865 0.0702 -0.1481
vn -0.8440 0.3115 -0.4365
vn -0.8445 0.3116 -0.4356
vn -0.5538 0.5105 -0.6578
vn -0.5605 0.6263 -0.5419
vn -0.6240 0.6349 -0.4555
vn -0.5626 0.7203 -0.4057
vn -0.5673 0.7843 -0.2511
vn -0.8572 0.4868 -0.1682
vn -0.8588 0.5098 -0.0516
vn -0.9908 0.1319 -0.0293
vn -0.0000 1.0000 -0.0000
vn 0.0004 0.9844 -0.1758
vn 0.0038 0.9808 -0.1951
vn -0.0003 0.9062 -0.4229
vn -0.0120 0.8057 -0.5922
vn 0.0012 0.8422 -0.5391
vn 0.0019 0.5391 -0.8422
vn -0.0241 0.6397 -0.7683
vn -0.0005 0.4804 -0.8770
vn 0.0023 0.0655 -0.9979
vn -0.0046 0.1758 -0.9844
vn 0.0022 0.2389 -0.9710
vn 0.0021 0.3647 -0.9311
vn -0.8302 -0.0000 -0.5575
vn -0.5537 -0.0000 -0.8327
vn -0.3734 -0.0000 -0.9277
vn -0.3729 -0.0000 -0.9279
vn -0.1852 -0.0000 -0.9827
vn -0.9803 -0.0000 -0.1974
vn -0.9751 -0.0067 -0.2215
vn -0.9803 0.0068 -0.1974
vn -0.9975 0.0704 -0.0024
vn -0.9973 0.0730 -0.0024
vn -0.9973 0.0734 -0.0024
vn -0.9973 0.0733 -0.0024
vn -0.9978 0.0662 -0.0024
vn -0.9982 0.0596 -0.0023
vn -0.9987 0.0515 -0.0020
vn -0.9991 0.0428 -0.0017
vn -0.9995 0.0320 -0.0011
vn -0.9987 0.0507 -0.0025
vn -0.9998 0.0197 -0.0024
vn -0.9999 0.0138 -0.0022
vn -1.0000 0.0069 -0.0024
vn -0.9999 -0.0138 -0.0024
vn -1.0000 -0.0069 -0.0021
vn -0.9987 -0.0507 -0.0030
vn -0.9998 -0.0199 -0.0002
vn -0.9995 -0.0320 -0.0011
vn -0.9991 -0.0428 -0.0017
vn -0.9987 -0.0515 -0.0020
vn -0.9982 -0.0596 -0.0023
vn -0.9978 -0.0662 -0.0024
vn -0.9973 -0.0734 -0.0024
vn -0.9973 -0.0735 -0.0024
vn -0.9973 -0.0730 -0.0024
vn -0.9975 -0.0704 -0.0024
vn -0.0949 0.9955 -0.0002
vn -0.2041 0.9790 -0.0032
vn -0.2961 0.9551 -0.0007
vn -0.5782 0.8159 -0.0014
vn -0.8560 0.5170 -0.0021
vn -0.9913 0.1319 -0.0024
vn -0.9734 0.1296 -0.1889
vn -0.9734 0.1296 -0.1888
vn -0.8327 0.1108 -0.5425
vn -0.5617 0.0748 -0.8239
vn -0.1985 0.0264 -0.9797
vn -0.5675 0.8015 -0.1886
vn -0.5679 0.8013 -0.1882
vn -0.4857 0.6854 -0.5425
vn -0.3277 0.4624 -0.8239
vn -0.3276 0.4624 -0.8239
vn -0.1158 0.1634 -0.9797
vn -0.2000 0.9616 -0.1882
vn -0.2004 0.9616 -0.1878
vn -0.1714 0.8224 -0.5425
vn -0.1156 0.5548 -0.8239
vn -0.0408 0.1961 -0.9797
vn -0.8405 0.5079 -0.1888
vn -0.8406 0.5077 -0.1886
vn -0.7191 0.4343 -0.5425
vn -0.4851 0.2930 -0.8239
vn -0.1715 0.1035 -0.9797
vn -0.0000 0.1963 -0.9806
vn -0.0001 0.1951 -0.9808
vn 0.0001 0.5585 -0.8295
vn -0.0002 0.5556 -0.8315
vn 0.0002 0.8347 -0.5507
vn -0.0003 0.8315 -0.5556
vn 0.0003 0.9815 -0.1917
vn -0.0000 0.9808 -0.1951
vn -0.6651 -0.7295 -0.1594
vn -0.5213 -0.4793 -0.7061
vn -0.4459 -0.3548 -0.8218
vn -0.5307 -0.4805 -0.6982
vn -0.6197 -0.5765 -0.5326
vn -0.1925 -0.1740 -0.9657
vn -0.0640 0.0198 -0.9978
vn -0.1393 -0.0917 -0.9860
vn -0.2598 -0.2294 -0.9380
vn -0.3362 -0.3090 -0.8896
vn -0.8726 -0.4491 -0.1920
vn -0.6146 -0.4233 -0.6656
vn -0.8353 -0.4851 -0.2587
vn -0.7230 -0.6403 -0.2596
vn -0.6884 -0.6404 -0.3405
vn -0.7061 -0.5932 -0.3868
vn -0.2264 -0.1288 -0.9655
vn -0.5332 -0.3033 -0.7897
vn -0.6102 -0.3602 -0.7056
vn -0.6925 -0.3940 -0.6043
vn -0.7819 -0.4448 -0.4369
vn -0.0000 -0.0052 -1.0000
vn 0.0002 -0.0980 -0.9952
vn -0.0028 -0.6977 -0.7164
vn 0.0051 -0.5394 -0.8420
vn 0.0040 -0.5537 -0.8327
vn -0.0000 -0.4415 -0.8973
vn -0.0000 -0.2903 -0.9569
vn 0.0021 -0.3321 -0.9433
vn -0.0021 -0.1456 -0.9893
vn 0.0043 -0.8357 -0.5491
vn 0.0037 -0.8298 -0.5581
vn -0.0010 -0.9115 -0.4114
vn 0.0023 -0.9804 -0.1972
vn -0.0000 -0.9870 -0.1609
vn -1.0000 -0.0000 -0.0022
vn -0.9952 -0.0980 -0.0022
vn -0.9844 -0.1758 -0.0047
vn -0.9570 -0.2902 -0.0016
vn -0.8422 -0.5391 -0.0031
vn -0.8315 -0.5556 -0.0019
vn -0.5392 -0.8422 -0.0012
vn -0.5547 -0.8320 -0.0025
vn -0.1758 -0.9844 0.0008
vn -0.1950 -0.9808 -0.0004
vn -0.0180 -0.9843 -0.1758
vn -0.0553 -0.8409 -0.5384
vn -0.0862 -0.5370 -0.8391
vn -0.1006 -0.1749 -0.9794
vn -0.3387 -0.1740 -0.9247
vn -0.5168 -0.1755 -0.8379
vn -0.5979 -0.3631 -0.7146
vn -0.5874 -0.1741 -0.7904
vn -0.7522 -0.1752 -0.6352
vn -0.7649 -0.2925 -0.5739
vn -0.8355 -0.1755 -0.5207
vn -0.9231 -0.1740 -0.3429
vn -0.9790 -0.1749 -0.1051
vn -0.0611 -0.9841 -0.1667
vn -0.1059 -0.9841 -0.1426
vn -0.1059 -0.9841 -0.1425
vn -0.1420 -0.9841 -0.1066
vn -0.1421 -0.9841 -0.1066
vn -0.1665 -0.9841 -0.0618
vn -0.1757 -0.9843 -0.0189
vn -0.0862 -0.5371 -0.8391
vn -0.2905 -0.5352 -0.7932
vn -0.5038 -0.5352 -0.6780
vn -0.5039 -0.5352 -0.6780
vn -0.6757 -0.5352 -0.5070
vn -0.7919 -0.5352 -0.2942
vn -0.7919 -0.5351 -0.2942
vn -0.8387 -0.5370 -0.0901
vn -0.1868 -0.8396 -0.5100
vn -0.1868 -0.8397 -0.5100
vn -0.3239 -0.8397 -0.4359
vn -0.3240 -0.8396 -0.4360
vn -0.4345 -0.8396 -0.3260
vn -0.4344 -0.8397 -0.3260
vn -0.5091 -0.8397 -0.1891
vn -0.5381 -0.8409 -0.0578
vn -0.5382 -0.8409 -0.0578
vn 0.0022 -0.2588 -0.9659
vn 0.0060 -0.1759 -0.9844
vn -0.0013 -0.6107 -0.7919
vn 0.0020 -0.5391 -0.8422
vn 0.0013 -0.7947 -0.6070
vn -0.0007 -0.8422 -0.5391
vn 0.0010 -0.9070 -0.4212
vn 0.0003 -0.9851 -0.1722
vn 0.0004 -0.9844 -0.1758
vn 0.8199 0.5176 -0.2448
vn 0.6908 0.1169 -0.7135
vn 0.6577 0.6610 -0.3612
vn 0.6494 0.7352 -0.1942
vn 0.7749 0.0321 -0.6312
vn 0.7881 0.1808 -0.5884
vn 0.8693 0.1802 -0.4602
vn 0.9425 0.1802 -0.2814
vn 0.9793 0.1802 -0.0918
vn 0.8519 0.5176 -0.0799
vn 0.6157 0.7859 -0.0577
vn 0.7325 0.3257 -0.5978
vn 0.7581 0.4469 -0.4750
vn 0.7982 0.4295 -0.4225
vn 0.7689 0.5187 -0.3739
vn 0.8198 0.5176 -0.2448
vn 0.6499 0.7348 -0.1941
vn 0.6111 0.7893 -0.0600
vn -0.0002 0.9952 0.0983
vn -0.0024 0.0903 0.9959
vn 0.0028 0.0977 0.9952
vn -0.0065 0.2653 0.9641
vn -0.0213 0.2449 0.9693
vn -0.0018 0.3163 0.9486
vn -0.0037 0.4504 0.8928
vn -0.0835 0.3992 0.9131
vn 0.1148 0.5549 0.8239
vn -0.1563 0.5447 0.8239
vn -0.0018 0.6345 0.7729
vn -0.0015 0.7647 0.6444
vn -0.0135 0.7587 0.6513
vn -0.0832 0.9837 0.1593
vn 0.0740 0.9836 0.1648
vn -0.0467 0.9527 0.3003
vn 0.0128 0.9612 0.2755
vn -0.0200 0.8753 0.4831
vn 0.1019 0.8694 0.4836
vn 0.0135 0.8539 0.5202
vn -0.1009 0.9949 -0.0023
vn -0.7907 0.1004 0.6039
vn -0.8935 0.1311 0.4294
vn -0.9766 0.1114 0.1840
vn -0.6049 0.1361 0.7846
vn -0.8261 0.1346 0.5472
vn -0.7758 0.3887 0.4971
vn -0.7660 0.3961 0.5063
vn -0.6834 0.5941 0.4242
vn -0.6661 0.6038 0.4378
vn -0.5688 0.7483 0.3414
vn -0.5467 0.7572 0.3575
vn -0.5739 0.7224 0.3857
vn -0.1826 0.9801 0.0785
vn -0.3873 0.9163 0.1023
vn 0.0018 0.9949 0.1008
vn -0.0961 0.9753 0.1988
vn -0.2661 0.9636 0.0245
vn -0.2883 0.9443 0.1586
vn -0.1578 0.3235 0.9330
vn -0.1883 0.1193 0.9748
vn -0.2051 0.1130 0.9722
vn -0.1721 0.2850 0.9429
vn -0.0723 0.3419 0.9369
vn 0.0293 0.9557 0.2930
vn -0.0753 0.9606 0.2674
vn -0.1524 0.9266 0.3438
vn -0.1566 0.9268 0.3414
vn -0.1528 0.8035 0.5754
vn -0.0683 0.7897 0.6097
vn -0.1600 0.6963 0.6997
vn -0.0841 0.6815 0.7270
vn -0.1860 0.5330 0.8255
vn -0.1202 0.5291 0.8400
vn -0.1639 0.4291 0.8883
vn -0.9724 0.1209 0.1993
vn -0.9426 0.2892 0.1668
vn -0.9419 0.3141 0.1193
vn -0.9134 0.3756 0.1568
vn -0.8343 0.5263 0.1641
vn -0.8085 0.5537 0.1993
vn -0.7454 0.6618 0.0795
vn -0.6812 0.7184 0.1411
vn -0.6267 0.7752 0.0797
vn -0.4337 0.1311 0.8915
vn -0.5537 0.1108 0.8253
vn -0.4990 0.3947 0.7715
vn -0.5120 0.3897 0.7655
vn -0.4240 0.6007 0.6778
vn -0.4450 0.5964 0.6680
vn -0.3400 0.7532 0.5631
vn -0.3650 0.7513 0.5498
vn -0.2586 0.8579 0.4440
vn -0.5380 0.8310 0.1413
vn -0.4578 0.8724 0.1713
vn 0.3326 0.9191 -0.2112
vn 0.4419 0.7673 -0.4648
vn 0.3838 0.8599 -0.3366
vn 0.3630 0.9108 -0.1966
vn 0.2176 0.5951 -0.7736
vn 0.4346 0.5975 -0.6738
vn 0.1397 0.7136 -0.6865
vn 0.3862 0.7174 -0.5798
vn 0.3870 0.7172 -0.5795
vn 0.1776 0.9155 -0.3610
vn 0.2670 0.3301 -0.9054
vn 0.0946 0.4568 -0.8845
vn 0.0566 0.3496 -0.9352
vn 0.1209 0.2446 -0.9621
vn -0.2374 0.2996 -0.9241
vn 0.2917 -0.0018 -0.9565
vn 0.0365 0.5420 -0.8396
vn 0.2032 0.6066 -0.7686
vn 0.0998 0.6047 -0.7902
vn 0.1315 0.7171 -0.6845
vn 0.0127 0.7263 -0.6873
vn 0.2687 0.7818 -0.5627
vn 0.0245 0.8258 -0.5635
vn 0.2206 0.9027 -0.3694
vn 0.0798 0.9196 -0.3846
vn 0.1742 0.9722 -0.1566
vn 0.0659 0.9838 -0.1665
vn 0.0010 0.9756 -0.2197
vn 0.0001 0.9755 -0.2200
vn 0.0054 0.7446 -0.6675
vn -0.0049 0.8331 -0.5531
vn 0.0144 0.8662 -0.4994
vn -0.0091 0.9329 -0.3600
vn 0.0375 0.9860 -0.1627
vn 0.0022 0.1691 -0.9856
vn 0.0309 0.0890 -0.9955
vn -0.0099 0.3367 -0.9416
vn -0.0029 0.2969 -0.9549
vn 0.0075 0.4333 -0.9012
vn -0.0072 0.5023 -0.8647
vn 0.0093 0.6108 -0.7917
vn 0.0018 0.6460 -0.7633
vn 0.0015 0.7301 -0.6834
vn -0.9952 0.0983 -0.0022
vn -1.0000 0.0021 -0.0051
vn -0.9973 0.0740 -0.0030
vn -0.9782 0.2078 -0.0035
vn -0.9471 0.3211 0.0003
vn -0.9699 0.2434 -0.0016
vn -0.8660 0.5000 -0.0101
vn -0.8814 0.4723 -0.0020
vn -0.9176 0.3975 -0.0033
vn -0.9516 0.3075 -0.0021
vn -0.9049 0.4255 -0.0020
vn -0.8869 0.4620 -0.0043
vn -0.7933 0.6088 0.0006
vn -0.7672 0.6414 -0.0018
vn -0.4579 0.8890 -0.0006
vn -0.6009 0.7992 0.0111
vn -0.6845 0.7290 -0.0015
vn -0.6756 0.7373 -0.0013
vn -0.5000 0.8660 -0.0027
vn -0.2760 0.9612 -0.0009
vn -0.1736 0.9848 0.0035
vn -0.0983 0.9952 -0.0002
vn 0.0049 -0.0018 -1.0000
vn 0.0048 -0.0000 -1.0000
vn 0.0049 -0.0000 -1.0000
vn 0.6165 0.7873 0.0026
vn 0.6289 0.7775 0.0030
vn 0.8548 0.5190 0.0041
vn 0.8545 0.5194 0.0041
vn 0.9835 0.1809 0.0047
vn 0.9835 0.1811 0.0048
vn -0.7792 0.6267 -0.0032
vn -0.7442 0.6680 0.0009
vn -0.8007 0.5990 -0.0068
vn -0.7948 0.6066 -0.0152
vn -0.7949 0.6067 -0.0099
vn -0.7554 0.6553 -0.0016
vn 0.0914 0.9425 -0.3215
vn -0.6273 0.7773 -0.0473
vn -0.6720 0.7401 -0.0246
vn -0.0887 0.9961 -0.0002
vn -0.1736 0.9848 -0.0021
vn -0.2604 0.9655 -0.0006
vn -0.8648 0.5020 -0.0094
vn -0.6756 0.7372 0.0061
vn -0.7536 0.6573 -0.0018
vn -0.5000 0.8660 -0.0012
vn -0.5789 0.8154 -0.0050
vn -0.4305 0.9026 -0.0010
vn 0.6947 -0.0505 -0.7175
vn 0.6863 0.0012 -0.7273
vn 0.6040 -0.0069 -0.7969
vn 0.6184 0.0032 -0.7859
vn 0.4522 -0.0034 -0.8919
vn 0.4670 0.0098 -0.8842
vn 0.2831 -0.0091 -0.9590
vn 0.2929 0.0002 -0.9561
vn 0.1093 -0.0002 -0.9940
vn 0.1004 -0.0081 -0.9949
vn 0.0114 -0.0000 -0.9999
vn 0.9998 -0.0000 -0.0185
vn 0.9955 0.0137 -0.0934
vn 0.9923 -0.0044 -0.1239
vn 0.9582 0.0052 -0.2861
vn 0.9655 0.0239 -0.2592
vn 0.9398 -0.0001 -0.3418
vn 0.8838 0.0002 -0.4678
vn 0.9026 0.0274 -0.4297
vn 0.7746 -0.0448 -0.6309
vn 0.8400 0.0553 -0.5397
vn 0.7549 -0.0058 -0.6558
vn -0.1308 -0.0000 -0.9914
vn -0.1021 0.0431 -0.9938
vn -0.4228 -0.0647 -0.9039
vn -0.3410 0.1286 -0.9312
vn -0.5250 -0.0000 -0.8511
vn -0.6329 0.1647 -0.7565
vn -0.7640 -0.0000 -0.6452
vn -0.9943 -0.0000 -0.1068
vn -0.9902 0.0321 -0.1359
vn -0.9368 -0.0356 -0.3480
vn -0.9407 -0.0519 -0.3353
vn -0.8479 0.0434 -0.5284
vn -0.8801 -0.0248 -0.4741
vn -0.8296 -0.0000 -0.5583
vn 0.8497 0.5272 0.0015
vn 0.8384 0.5363 0.0977
vn 0.9336 0.3582 0.0015
vn 0.2907 0.9568 0.0007
vn 0.5804 0.8144 0.0014
vn 0.8530 0.5218 0.0020
vn 0.8557 0.5174 0.0008
vn 0.2049 0.9788 -0.0027
vn 0.0884 0.9961 0.0002
vn 0.0886 0.9961 0.0002
vn -0.0180 0.9994 -0.0312
vn 0.0790 0.9968 -0.0104
vn 0.9194 0.3934 0.0019
vn 0.9401 0.3410 0.0022
vn 0.9074 0.4203 -0.0007
vn 0.9430 0.3328 0.0022
vn 0.9383 0.3458 0.0021
vn 0.9303 0.3668 0.0021
vn 0.9242 0.3819 0.0021
vn 0.9336 0.3582 -0.0071
vn 0.9856 0.1692 0.0022
vn 0.9601 0.2796 0.0021
vn 0.9841 0.1777 0.0004
vn 0.9958 0.0919 -0.0023
vn 0.9994 0.0341 -0.0049
vn 0.9808 0.1951 0.0022
vn 0.8315 0.5556 0.0019
vn 0.8425 0.5388 0.0008
vn 0.5556 0.8315 0.0024
vn 0.5804 0.8144 0.0007
vn 0.1951 0.9808 0.0010
vn 0.2049 0.9788 0.0005
vn -0.0003 0.5556 -0.8315
vn 0.0003 0.8347 -0.5507
vn -0.0040 0.8149 -0.5796
vn 0.0045 0.9814 -0.1917
vn -0.0000 0.9747 -0.2236
vn -0.2105 -0.1659 -0.9634
vn -0.6482 0.0359 -0.7606
vn -0.5642 -0.0821 -0.8215
vn -0.7947 -0.1157 -0.5958
vn -0.8358 -0.0794 -0.5433
vn -0.8938 -0.1301 -0.4291
vn -0.9721 -0.1415 -0.1872
vn -0.6586 0.7289 -0.1870
vn -0.6589 0.7287 -0.1866
vn -0.5649 0.6248 -0.5391
vn -0.3824 0.4229 -0.8215
vn -0.1355 0.1499 -0.9794
vn -0.2380 0.9532 -0.1866
vn -0.2383 0.9532 -0.1862
vn -0.2043 0.8171 -0.5391
vn -0.1383 0.5531 -0.8215
vn -0.0490 0.1960 -0.9794
vn -0.9242 0.3329 -0.1872
vn -0.9243 0.3328 -0.1870
vn -0.7925 0.2853 -0.5390
vn -0.5365 0.1931 -0.8215
vn -0.1901 0.0684 -0.9794
vn -0.9896 -0.1440 -0.0024
vn -0.9409 0.3388 -0.0023
vn -0.6707 0.7417 -0.0016
vn -0.6707 0.7418 -0.0016
vn -0.2426 0.9701 -0.0006
vn -0.0000 0.9999 -0.0113
vn -0.0025 0.9808 -0.1951
vn -0.0199 0.9927 -0.1190
vn -0.0014 0.9582 -0.2862
vn 0.0032 0.8315 -0.5556
vn -0.0261 0.8909 -0.4534
vn -0.0051 0.8055 -0.5926
vn 0.0108 0.5555 -0.8314
vn -0.0334 0.6854 -0.7274
vn -0.0101 0.5626 -0.8267
vn -0.0000 0.0978 -0.9952
vn -0.0097 0.1951 -0.9807
vn -0.0029 0.2620 -0.9651
vn 0.0021 0.4221 -0.9065
vn -0.9622 -0.0793 -0.2607
vn -0.2576 -0.0212 -0.9660
vn -0.7039 -0.0580 -0.7079
vn -0.2572 -0.0255 -0.9660
vn -0.2094 0.1531 -0.9658
vn -0.4395 -0.0436 -0.8972
vn -0.7028 -0.0697 -0.7079
vn -0.9607 -0.0953 -0.2607
vn -0.7886 -0.0782 -0.6099
vn -0.6063 0.2629 -0.7505
vn -0.4457 0.0247 -0.8948
vn -0.9896 -0.1440 -0.0056
vn -0.9408 0.3387 -0.0105
vn -0.6706 0.7417 -0.0130
vn -0.2425 0.9701 -0.0123
vn -0.9896 -0.1440 -0.0053
vn -0.9889 -0.1446 -0.0356
vn -0.9896 -0.1399 -0.0322
vn -0.9854 -0.1502 -0.0803
vn -0.9874 -0.1399 -0.0742
vn -0.9808 -0.1563 -0.1170
vn -0.9840 -0.1377 -0.1131
vn -0.9766 -0.1582 -0.1456
vn -0.9798 -0.1400 -0.1426
vn -0.9737 -0.1582 -0.1641
vn -0.9762 -0.1365 -0.1685
vn -0.9720 -0.1511 -0.1800
vn -0.9737 -0.1358 -0.1827
vn -0.9721 -0.1423 -0.1866
vn -0.9723 -0.1294 -0.1945
vn -0.9725 -0.1286 -0.1942
vn -0.9725 -0.1226 -0.1979
vn -0.9739 -0.1139 -0.1962
vn -0.9636 -0.0597 -0.2605
vn -0.9408 0.3387 -0.0107
vn -0.9376 0.3361 -0.0886
vn -0.9376 0.3364 -0.0883
vn -0.9275 0.3109 -0.2076
vn -0.9274 0.3118 -0.2069
vn -0.9105 0.2708 -0.3127
vn -0.9102 0.2723 -0.3121
vn -0.8918 0.2203 -0.3951
vn -0.8917 0.2215 -0.3947
vn -0.8724 0.1656 -0.4599
vn -0.8723 0.1660 -0.4599
vn -0.8562 0.1093 -0.5049
vn -0.8564 0.1083 -0.5049
vn -0.8423 0.0547 -0.5363
vn -0.8432 0.0516 -0.5352
vn -0.8326 -0.0015 -0.5538
vn -0.8338 -0.0059 -0.5521
vn -0.8189 -0.0873 -0.5672
vn -0.7912 -0.0499 -0.6095
vn -0.6707 0.7416 -0.0138
vn -0.6664 0.7359 -0.1201
vn -0.6688 0.7330 -0.1244
vn -0.6554 0.6992 -0.2858
vn -0.6591 0.6920 -0.2945
vn -0.6364 0.6361 -0.4363
vn -0.6432 0.6221 -0.4464
vn -0.6183 0.5523 -0.5592
vn -0.6234 0.5362 -0.5691
vn -0.5958 0.4562 -0.6610
vn -0.6053 0.4345 -0.6670
vn -0.5814 0.3502 -0.7344
vn -0.5871 0.3306 -0.7390
vn -0.5638 0.2428 -0.7894
vn -0.5747 0.2213 -0.7879
vn -0.5560 0.1269 -0.8215
vn -0.5630 0.1095 -0.8192
vn -0.5466 0.0128 -0.8373
vn -0.6034 -0.0746 -0.7939
vn -0.2426 0.9700 -0.0136
vn -0.2402 0.9629 -0.1226
vn -0.2469 0.9600 -0.1323
vn -0.2327 0.9264 -0.2961
vn -0.2434 0.9165 -0.3175
vn -0.2214 0.8600 -0.4598
vn -0.2403 0.8390 -0.4882
vn -0.2148 0.7689 -0.6022
vn -0.2292 0.7409 -0.6313
vn -0.2012 0.6570 -0.7266
vn -0.2256 0.6193 -0.7520
vn -0.1993 0.5281 -0.8254
vn -0.2135 0.4916 -0.8442
vn -0.1874 0.3903 -0.9014
vn -0.2119 0.3514 -0.9120
vn -0.1888 0.2363 -0.9532
vn -0.2033 0.2052 -0.9574
vn -0.1826 0.0806 -0.9799
vn -0.2013 0.0553 -0.9780
vn -0.9916 -0.1296 -0.0024
vn -0.9966 -0.0821 -0.0009
vn -0.9714 -0.2373 -0.0050
vn -0.9951 -0.0987 0.0027
vn -0.9537 -0.3006 -0.0076
vn -0.9910 -0.1340 0.0021
vn -0.9838 -0.1792 0.0002
vn -0.9751 -0.2219 -0.0012
vn -0.9338 -0.3578 0.0027
vn -0.8565 -0.5161 -0.0072
vn -0.9653 -0.2611 -0.0020
vn -0.9554 -0.2954 -0.0023
vn -0.9350 -0.3548 -0.0022
vn -0.9449 -0.3272 -0.0015
vn -0.9089 -0.4169 -0.0031
vn -0.8833 -0.4687 -0.0047
vn -0.8661 -0.4996 0.0170
vn -0.8878 -0.4601 -0.0010
vn -0.8891 -0.4576 -0.0021
vn -0.9258 -0.3780 0.0017
vn -0.8907 -0.4547 -0.0021
vn -0.8277 -0.5612 -0.0020
vn -0.8237 -0.5671 -0.0021
vn -0.7726 -0.6349 -0.0017
vn -0.7487 -0.6630 -0.0025
vn -0.6739 -0.7388 -0.0016
vn -0.7144 -0.6997 -0.0017
vn -0.5138 -0.8579 -0.0012
vn -0.5223 -0.8528 -0.0012
vn -0.5561 -0.8311 -0.0015
vn -0.6209 -0.7839 -0.0005
vn -0.5587 -0.8294 0.0025
vn -0.6728 -0.7398 -0.0059
vn -0.6103 -0.7922 -0.0024
vn -0.4662 -0.8847 -0.0011
vn -0.3832 -0.9237 0.0009
vn -0.4840 -0.8750 -0.0049
vn -0.4172 -0.9088 -0.0017
vn -0.3038 -0.9527 -0.0003
vn -0.3200 -0.9474 -0.0008
vn -0.1731 -0.9849 -0.0005
vn -0.0875 -0.9962 -0.0000
vn -0.0929 -0.9957 -0.0002
vn -0.2586 -0.9660 -0.0006
vn -0.1910 -0.9816 0.0002
vn -0.2688 -0.9632 -0.0030
vn -0.2293 -0.9734 -0.0015
vn 0.0866 -0.5579 -0.8254
vn 0.3236 -0.1952 -0.9259
vn 0.3809 -0.1773 -0.9075
vn -0.3957 -0.8066 -0.4392
vn -0.2527 -0.7710 -0.5846
vn -0.2457 -0.7701 -0.5887
vn -0.1419 -0.6934 -0.7065
vn -0.0301 -0.6123 -0.7900
vn -0.4940 -0.8276 -0.2666
vn -0.5088 -0.8328 -0.2183
vn -0.5887 -0.8032 -0.0910
vn 0.1805 -0.3573 -0.9164
vn 0.2387 -0.3343 -0.9117
vn 0.0600 -0.5389 -0.8402
vn 0.0589 -0.5433 -0.8374
vn -0.2302 -0.7812 -0.5804
vn -0.2287 -0.7762 -0.5876
vn -0.4718 -0.8591 -0.1985
vn -0.3841 -0.8948 -0.2274
vn -0.4374 -0.8756 -0.2050
vn -0.4711 -0.8539 -0.2212
vn 0.2500 -0.1839 -0.9506
vn 0.2477 -0.2044 -0.9470
vn 0.0598 -0.5504 -0.8328
vn 0.0589 -0.5546 -0.8300
vn -0.1417 -0.8153 -0.5614
vn -0.1400 -0.8094 -0.5703
vn 0.3006 -0.1809 -0.9364
vn 0.2954 -0.2057 -0.9330
vn 0.0610 -0.5447 -0.8364
vn 0.0591 -0.5501 -0.8330
vn -0.1912 -0.7994 -0.5695
vn -0.1881 -0.7930 -0.5795
vn -0.3929 -0.8937 -0.2168
vn -0.3169 -0.9299 -0.1870
vn -0.3152 -0.9248 -0.2132
vn -0.2519 -0.9482 -0.1938
vn -0.2102 -0.9567 -0.2013
vn -0.2219 -0.9492 -0.2230
vn -0.0956 -0.8204 -0.5637
vn -0.0958 -0.8251 -0.5568
vn 0.0575 -0.5566 -0.8288
vn 0.0575 -0.5542 -0.8304
vn 0.2013 -0.2017 -0.9586
vn 0.2007 -0.1879 -0.9615
vn -0.1514 -0.9675 -0.2027
vn -0.1499 -0.9709 -0.1869
vn -0.0521 -0.8273 -0.5593
vn -0.0517 -0.8314 -0.5533
vn 0.0551 -0.5571 -0.8286
vn 0.0550 -0.5560 -0.8294
vn 0.1537 -0.1994 -0.9678
vn 0.1526 -0.1895 -0.9700
vn -0.0637 -0.9780 -0.1985
vn -0.0618 -0.9802 -0.1884
vn -0.0062 -0.8309 -0.5564
vn -0.0053 -0.8339 -0.5519
vn 0.0520 -0.5562 -0.8294
vn 0.0521 -0.5567 -0.8291
vn 0.1023 -0.1962 -0.9752
vn 0.1013 -0.1920 -0.9761
vn -0.0199 -0.9806 -0.1951
vn -0.0199 -0.9806 -0.1950
vn 0.0080 -0.8318 -0.5551
vn 0.0078 -0.8316 -0.5554
vn 0.0347 -0.5561 -0.8304
vn 0.0342 -0.5555 -0.8308
vn 0.0561 -0.1957 -0.9791
vn 0.0554 -0.1945 -0.9793
vn -0.0233 -0.9805 -0.1951
vn -0.0234 -0.9805 -0.1952
vn -0.0114 -0.8314 -0.5556
vn -0.0117 -0.8312 -0.5559
vn 0.0022 -0.5557 -0.8314
vn 0.0018 -0.5551 -0.8318
vn 0.0156 -0.1955 -0.9806
vn 0.0149 -0.1945 -0.9808
vn 0.0067 -0.1950 -0.9808
vn 0.0197 -0.9806 -0.1950
vn -0.0020 -0.1951 -0.9808
vn -0.0057 -0.5556 -0.8314
vn -0.0057 -0.5556 -0.8315
vn -0.0086 -0.8314 -0.5555
vn -0.0086 -0.8314 -0.5556
vn -0.0101 -0.9807 -0.1950
vn -0.0101 -0.9807 -0.1951
vn 0.0167 -0.8313 -0.5556
vn 0.0167 -0.8314 -0.5554
vn 0.0111 -0.5555 -0.8314
vn 0.0039 -0.1951 -0.9808
vn 0.0039 -0.1954 -0.9807
vn -0.0201 -0.9998 -0.0004
vn -0.0227 -0.9997 -0.0003
vn -0.0248 -0.9997 -0.0002
vn -0.0301 -0.9995 -0.0001
vn -0.0326 -0.9995 -0.0010
vn -0.0291 -0.9996 0.0005
vn -0.0276 -0.9996 0.0013
vn -0.0259 -0.9997 0.0026
vn -0.0287 -0.9996 -0.0006
vn -0.0199 -0.9998 0.0001
vn -0.0208 -0.9998 -0.0003
vn -0.0166 -0.9999 0.0002
vn -0.0162 -0.9999 0.0003
vn -0.0128 -0.9999 -0.0002
vn -0.0041 -1.0000 -0.0016
vn -0.0057 -1.0000 -0.0002
vn -0.0090 -1.0000 0.0003
vn -0.0084 -1.0000 -0.0004
vn -0.0115 -0.9999 0.0002
vn -0.0037 -1.0000 0.0041
vn -0.0022 -1.0000 -0.0001
vn 0.0012 -1.0000 0.0002
vn 0.0014 -1.0000 0.0006
vn 0.0068 -1.0000 -0.0026
vn 0.0181 -0.9998 0.0065
vn 0.0120 -0.9999 0.0011
vn 0.0102 -0.9999 -0.0009
vn -0.0053 -0.9997 -0.0255
vn 0.0145 -0.9999 -0.0049
vn 0.0116 -0.9999 -0.0084
vn 0.0173 -0.9998 -0.0000
vn -0.0004 -1.0000 -0.0022
vn -0.0042 -1.0000 -0.0028
vn -0.0167 -0.9999 -0.0006
vn -0.0329 -0.9995 0.0005
vn -0.0129 -0.9999 -0.0006
vn -0.0279 -0.9996 0.0004
vn -0.0089 -1.0000 -0.0005
vn -0.0103 -0.9999 -0.0004
vn 0.0201 -0.9998 0.0009
vn 0.7087 -0.0143 -0.7053
vn 0.2611 -0.0142 -0.9652
vn 0.3849 -0.0000 -0.9229
vn 0.6106 -0.0000 -0.7919
vn -0.2565 -0.0142 -0.9664
vn -0.1283 -0.0000 -0.9917
vn 0.1330 -0.0000 -0.9911
vn -0.9230 -0.0000 -0.3848
vn -0.7918 -0.0000 -0.6107
vn -0.7053 -0.0142 -0.7087
vn -0.6068 -0.0000 -0.7949
vn -0.3806 -0.0000 -0.9247
vn -0.9908 -0.0282 -0.1327
vn -0.9653 -0.0000 -0.2611
vn -0.9917 -0.0000 0.1283
vn -0.9664 -0.0142 0.2565
vn -0.9247 -0.0000 0.3806
vn -0.7948 -0.0000 0.6069
vn -0.7087 -0.0142 0.7053
vn -0.6107 -0.0000 0.7919
vn -0.3849 -0.0000 0.9230
vn -0.2611 -0.0142 0.9652
vn -0.1330 -0.0000 0.9911
vn 0.1283 -0.0000 0.9917
vn 0.2565 -0.0142 0.9664
vn 0.3806 -0.0000 0.9247
vn 0.7054 -0.0000 0.7088
vn 0.7913 -0.0283 0.6108
vn 0.6068 -0.0000 0.7949
vn 0.7948 -0.0000 -0.6069
vn 0.9247 -0.0000 -0.3806
vn 0.9664 -0.0143 -0.2565
vn 0.9917 -0.0000 -0.1283
vn 0.9653 -0.0000 0.2611
vn 0.9907 -0.0284 0.1328
vn 0.9230 -0.0000 0.3848
vn -0.0002 1.0000 -0.0005
vn 0.7951 -0.0000 0.6064
vn 0.7413 0.0300 0.6705
vn 0.6844 0.0008 0.7291
vn 0.3010 -0.0001 0.9536
vn 0.4046 0.0004 0.9145
vn 0.4796 0.0300 0.8770
vn 0.5031 0.0203 0.8640
vn 0.5764 -0.0005 0.8172
vn 0.2170 0.0104 0.9761
vn 0.1645 0.0302 0.9859
vn 0.0792 -0.0000 0.9969
vn 0.5641 -0.7051 0.4298
vn 0.5518 -0.7083 0.4403
vn 0.4639 -0.7021 0.5402
vn 0.4813 -0.7099 0.5142
vn 0.3911 -0.7048 0.5919
vn 0.4058 -0.7079 0.5781
vn 0.3277 -0.7072 0.6265
vn 0.3512 -0.7117 0.6085
vn 0.2827 -0.7049 0.6505
vn 0.2418 -0.7099 0.6615
vn 0.2069 -0.7081 0.6751
vn 0.1277 -0.7079 0.6947
vn 0.1456 -0.7122 0.6867
vn 0.0199 -0.7005 0.7133
vn 0.0467 -0.7069 0.7058
vn 0.5888 -0.7062 0.3932
vn 0.5891 -0.6996 0.4044
vn 0.5754 -0.7033 0.4175
vn 0.5687 -0.6957 0.4388
vn 0.5664 -0.6970 0.4398
vn 0.5895 -0.6661 0.4569
vn 0.5727 -0.6637 0.4812
vn 0.5556 -0.6731 0.4881
vn 0.5693 -0.6829 0.4577
vn 0.5229 -0.6975 0.4899
vn 0.6644 -0.5938 0.4538
vn 0.6066 -0.6634 0.4381
vn 0.5985 -0.6470 0.4724
vn 0.6291 -0.6408 0.4400
vn 0.6162 -0.6336 0.4679
vn 0.6338 -0.6313 0.4469
vn 0.6648 -0.5938 0.4532
vn 0.6828 -0.5791 0.4455
vn 0.6996 -0.5520 0.4537
vn 0.7082 -0.5513 0.4410
vn 0.7314 -0.5100 0.4527
vn 0.7399 -0.5184 0.4288
vn 0.7617 -0.4568 0.4595
vn 0.7764 -0.4799 0.4086
vn 0.7864 -0.3867 0.4817
vn 0.8158 -0.4764 0.3281
vn 1.0000 0.0001 0.0025
vn 0.0184 -0.1866 -0.9823
vn 0.0161 -0.1947 -0.9807
vn 0.0458 -0.5542 -0.8311
vn 0.0458 -0.5541 -0.8312
vn 0.0685 -0.8290 -0.5550
vn 0.0685 -0.8290 -0.5551
vn 0.0808 -0.9775 -0.1946
vn 0.0808 -0.9775 -0.1949
vn 0.1652 -0.9812 -0.0998
vn 0.1418 -0.9705 -0.1948
vn 0.1708 -0.9167 -0.3612
vn 0.1197 -0.8229 -0.5554
vn 0.1403 -0.7442 -0.6530
vn 0.0792 -0.5500 -0.8314
vn 0.0918 -0.4832 -0.8707
vn 0.0244 -0.1906 -0.9814
vn 0.0326 -0.1670 -0.9854
vn 0.1213 -0.9926 0.0003
vn 0.1569 -0.9876 0.0009
vn 0.4230 -0.9061 0.0010
vn 0.5667 -0.8239 -0.0023
vn 0.4306 -0.9026 0.0003
vn 0.0002 -0.0003 -1.0000
vn -0.0001 0.0001 -1.0000
vn 0.0006 -0.0008 -1.0000
vn 0.0120 -0.0181 -0.9998
vn 0.0001 -0.0004 -1.0000
vn 0.0135 -0.0211 -0.9997
vn 0.0036 -0.0052 -1.0000
vn 0.0038 -0.0058 -1.0000
vn -0.0002 0.0003 -1.0000
vn -0.0001 0.0002 -1.0000
vn -0.0000 0.0003 -1.0000
vn 0.0002 -1.0000 -0.0000
vn -0.0001 -1.0000 -0.0000
vn 0.0797 -0.6088 -0.7893
vn 0.6023 -0.2265 -0.7655
vn 0.5808 -0.2583 -0.7720
vn 0.4513 -0.2578 -0.8543
vn 0.2830 -0.2577 -0.9239
vn 0.2830 -0.2576 -0.9239
vn 0.0970 -0.2576 -0.9614
vn 0.0425 -0.9062 -0.4207
vn 0.0612 -0.7933 -0.6057
vn 0.1174 -0.7069 -0.6975
vn 0.2076 -0.7054 -0.6777
vn 0.3309 -0.7057 -0.6265
vn 0.0174 -0.9849 -0.1722
vn 0.5458 -0.4701 -0.6936
vn 0.5278 -0.5211 -0.6707
vn 0.4236 -0.7063 -0.5671
vn 0.4265 -0.7242 -0.5420
vn 0.2341 -0.9256 -0.2975
vn 0.0719 -0.9657 -0.2495
vn 0.0762 -0.9656 -0.2486
vn 0.1214 -0.9657 -0.2297
vn 0.1118 -0.9653 -0.2359
vn 0.0775 -0.9921 -0.0985
vn 0.4168 -0.8474 -0.3289
vn 0.3458 -0.7156 -0.6070
vn 0.6517 -0.2273 -0.7236
vn 0.7046 -0.4667 -0.5346
vn 0.7194 -0.5109 -0.4706
vn 0.7184 -0.5122 -0.4706
vn 0.2363 -0.9256 -0.2955
vn 0.1768 -0.9311 -0.3192
vn 0.4531 -0.8833 -0.1207
vn 0.5077 -0.8435 -0.1754
vn 0.4969 -0.6938 -0.5213
vn 0.5758 -0.7938 -0.1957
vn 0.1213 -0.9910 -0.0569
vn 0.2087 -0.9737 -0.0910
vn 0.4228 -0.9053 -0.0423
vn 0.6804 -0.5672 -0.4640
vn 0.6423 -0.7454 -0.1784
vn 0.9749 -0.2024 0.0925
vn 0.7756 -0.6308 -0.0248
vn 0.9907 -0.1351 -0.0164
vn 0.9848 -0.1385 -0.1047
vn 0.9858 -0.1250 -0.1124
vn 0.9657 -0.1453 -0.2151
vn 0.9642 -0.1312 -0.2306
vn 0.7733 -0.6337 -0.0220
vn 0.7670 -0.6396 -0.0521
vn 0.7652 -0.6421 -0.0466
vn 0.7535 -0.6523 -0.0822
vn 0.7496 -0.6580 -0.0717
vn 0.7281 -0.6762 -0.1122
vn 0.7267 -0.6796 -0.1009
vn 0.6940 -0.7051 -0.1457
vn 0.6927 -0.7092 -0.1313
vn 0.8179 -0.5754 -0.0044
vn 0.7724 -0.6140 0.1626
vn 0.9146 -0.3992 -0.0652
vn 0.9144 -0.3992 -0.0670
vn 0.9161 -0.3948 -0.0701
vn 0.9022 -0.4085 -0.1386
vn 0.9032 -0.4039 -0.1451
vn 0.8810 -0.4230 -0.2119
vn 0.8831 -0.4118 -0.2248
vn 0.8471 -0.4430 -0.2937
vn 0.8460 -0.4339 -0.3098
vn 0.7972 -0.4721 -0.3763
vn 0.7940 -0.4571 -0.4009
vn 0.9402 -0.1527 -0.3046
vn 0.9308 -0.1811 -0.3174
vn 0.9130 -0.1374 -0.3842
vn 0.8789 -0.1659 -0.4472
vn 0.8657 -0.1369 -0.4815
vn 0.8044 -0.1851 -0.5645
vn 0.7796 -0.1380 -0.6109
vn 0.8168 -0.5770 0.0027
vn 0.8365 -0.5480 0.0048
vn 0.9791 -0.2036 0.0026
vn 0.9858 -0.1679 0.0044
vn 0.8178 -0.5754 0.0026
vn 0.9790 -0.2036 0.0043
vn 0.9792 -0.2030 0.0043
vn 0.9662 -0.2578 0.0031
vn 0.2562 -0.9666 0.0006
vn 0.6668 -0.7452 0.0052
vn 0.6754 -0.7375 0.0021
vn 0.6770 -0.7360 0.0016
vn 0.6767 -0.7363 0.0016
vn 0.8212 -0.5706 0.0020
vn 0.7644 -0.6448 -0.0000
vn 0.5786 -0.8156 0.0036
vn 0.6267 -0.7793 0.0011
vn 0.5475 -0.8368 0.0015
vn 0.4944 -0.8692 0.0029
vn 0.5504 -0.8349 -0.0002
vn 0.4891 -0.8722 0.0012
vn 0.6087 -0.7934 0.0015
vn 0.7745 -0.6326 -0.0011
vn 0.7070 -0.7072 0.0020
vn 0.6747 -0.7381 0.0016
vn 0.6301 -0.7765 0.0015
vn 0.6565 -0.7543 0.0040
vn 0.6374 -0.7705 0.0027
vn 0.3508 -0.9365 0.0017
vn 0.3786 -0.9256 0.0012
vn 0.4408 -0.8976 0.0007
vn 0.4198 -0.9076 0.0012
vn 0.4538 -0.8911 0.0011
vn 0.2791 -0.9603 0.0038
vn 0.3697 -0.9292 -0.0025
vn 0.3058 -0.9521 -0.0004
vn 0.9019 -0.4320 0.0054
vn 0.8538 -0.5204 0.0096
vn 0.8493 -0.5275 0.0209
vn 0.8575 -0.5144 0.0021
vn 0.8822 -0.4708 0.0035
vn 0.8903 -0.4553 0.0042
vn 0.9146 -0.4042 0.0072
vn 0.9290 -0.3701 0.0098
vn 0.8688 -0.4952 -0.0030
vn 0.9614 -0.2753 0.0025
vn 0.9258 -0.3781 0.0027
vn 0.9447 -0.3279 0.0023
vn 0.9503 -0.3113 0.0023
vn 0.9942 -0.1073 0.0024
vn 0.9907 -0.1361 0.0032
vn 0.9847 -0.1740 0.0023
vn 0.9741 -0.2260 0.0024
vn -0.9827 -0.0000 0.1852
vn -0.9013 -0.0000 0.4332
vn -0.7947 -0.0000 0.6069
vn -0.6106 -0.0000 0.7919
vn -0.4373 -0.0000 0.8993
vn -0.4374 -0.0000 0.8993
vn -0.1897 -0.0000 0.9818
vn -0.0024 -0.0000 1.0000
vn 0.7305 0.0003 0.6829
vn 0.6467 -0.0074 0.7627
vn 0.6369 0.0030 0.7709
vn 0.6368 0.0005 0.7710
vn 0.6244 -0.0006 0.7811
vn 0.6228 -0.0034 0.7824
vn 0.6179 0.0028 0.7863
vn 0.6087 -0.0010 0.7934
vn 0.6070 -0.0003 0.7947
vn 0.6058 -0.0000 0.7956
vn 0.6074 0.0004 0.7944
vn 0.6089 0.0011 0.7932
vn 0.6098 -0.0054 0.7926
vn 0.6125 -0.0007 0.7904
vn 0.6111 0.0025 0.7915
vn 0.6110 0.0024 0.7917
vn 0.6479 0.0113 0.7616
vn 0.6504 -0.0008 0.7596
vn 0.6650 0.0008 0.7468
vn 0.6759 -0.0232 0.7366
vn 0.7181 0.0019 0.6960
vn 0.7153 0.0053 0.6988
vn 0.6988 -0.0023 0.7153
vn 0.6928 0.0013 0.7211
vn 0.6816 -0.0018 0.7317
vn 0.6704 0.0103 0.7419
vn 0.7568 0.0260 0.6531
vn 0.7613 0.0164 0.6482
vn 0.7403 0.0011 0.6723
vn 0.7305 -0.0003 0.6829
vn 0.8288 -0.0000 0.5596
vn 0.8174 0.0201 0.5757
vn 0.8022 -0.0000 0.5970
vn 0.7781 -0.0000 0.6282
vn 0.7153 -0.0024 0.6988
vn 0.7189 -0.0070 0.6951
vn 0.6925 0.0052 0.7214
vn 0.7002 -0.0033 0.7140
vn 0.6790 0.0026 0.7342
vn 0.6825 -0.0009 0.7309
vn 0.6689 0.0004 0.7434
vn 0.6649 0.0027 0.7469
vn 0.6599 -0.0016 0.7514
vn 0.6495 0.0025 0.7604
vn 0.6482 -0.0008 0.7615
vn 0.6401 0.0004 0.7683
vn 0.6378 -0.0021 0.7702
vn 0.6341 -0.0000 0.7733
vn 0.6261 -0.0000 0.7797
vn 0.6214 0.0029 0.7835
vn 0.6198 -0.0002 0.7848
vn 0.6124 0.0006 0.7905
vn 0.6123 0.0008 0.7907
vn 0.6112 -0.0026 0.7915
vn 0.6109 -0.0023 0.7917
vn 0.7612 -0.0207 0.6481
vn 0.7565 -0.0129 0.6539
vn 0.7402 -0.0011 0.6723
vn 0.8176 -0.0000 0.5758
vn 0.8283 -0.0354 0.5591
vn 0.1645 -0.0302 0.9859
vn 0.2170 -0.0104 0.9761
vn 0.5764 0.0005 0.8172
vn 0.5031 -0.0203 0.8640
vn 0.4796 -0.0300 0.8770
vn 0.4046 -0.0004 0.9145
vn 0.3010 0.0001 0.9536
vn 0.6844 -0.0008 0.7291
vn 0.7413 -0.0300 0.6705
vn 0.7951 -0.0000 0.6065
vn 0.0194 0.7073 0.7067
vn 0.0469 0.7040 0.7086
vn 0.1270 0.7112 0.6914
vn 0.1464 0.7084 0.6905
vn 0.2068 0.7081 0.6752
vn 0.2418 0.7099 0.6615
vn 0.2827 0.7049 0.6505
vn 0.3265 0.7097 0.6242
vn 0.3530 0.7081 0.6116
vn 0.3891 0.7082 0.5891
vn 0.4067 0.7063 0.5794
vn 0.4591 0.7095 0.5346
vn 0.4849 0.7046 0.5180
vn 0.5615 0.7082 0.4279
vn 0.5549 0.7043 0.4427
vn -0.0219 0.7068 0.7071
vn -0.7033 0.0918 0.7049
vn -0.6913 0.1173 0.7129
vn -0.6910 0.1685 0.7029
vn -0.6747 0.2121 0.7069
vn -0.6567 0.2484 0.7121
vn -0.6592 0.2456 0.7107
vn -0.6445 0.2948 0.7055
vn -0.6264 0.3317 0.7054
vn -0.5992 0.3642 0.7129
vn -0.6001 0.3609 0.7139
vn -0.5278 0.4644 0.7112
vn -0.5493 0.4499 0.7042
vn -0.5864 0.3966 0.7063
vn -0.3949 0.5877 0.7061
vn -0.4314 0.5582 0.7087
vn -0.4374 0.5489 0.7123
vn -0.4774 0.5233 0.7059
vn -0.5071 0.4948 0.7058
vn -0.3257 0.6196 0.7141
vn -0.3421 0.6150 0.7104
vn -0.3711 0.6031 0.7061
vn -0.1639 0.6885 0.7065
vn -0.1904 0.6764 0.7115
vn -0.2029 0.6699 0.7142
vn -0.2274 0.6691 0.7075
vn -0.2975 0.6443 0.7045
vn -0.1242 0.6965 0.7067
vn -0.0832 0.6978 0.7114
vn -0.0674 0.7046 0.7064
vn -0.7087 0.0098 0.7054
vn -0.7027 0.0259 0.7110
vn -0.7079 0.0359 0.7054
vn -0.7079 -0.0359 0.7054
vn -0.7027 -0.0259 0.7110
vn -0.7087 -0.0098 0.7054
vn -0.0023 -0.0000 1.0000
vn -0.0022 -0.0000 1.0000
vn 1.0000 -0.0000 0.0022
vn 0.9601 -0.2796 0.0021
vn 0.9904 -0.1382 -0.0003
vn 0.9602 -0.2101 -0.1841
vn 0.9808 -0.1951 0.0009
vn 0.9856 -0.1692 0.0022
vn 0.9994 -0.0341 -0.0049
vn 0.9336 -0.3582 0.0021
vn 0.8425 -0.5388 0.0019
vn 0.8315 -0.5556 0.0009
vn 0.5804 -0.8144 0.0023
vn 0.5556 -0.8315 0.0007
vn 0.2049 -0.9788 0.0010
vn 0.1951 -0.9808 0.0004
vn 0.0785 -0.9969 -0.0105
vn -0.0181 -0.9993 -0.0312
vn 0.0886 -0.9961 0.0002
vn 0.0884 -0.9961 0.0002
vn 0.2906 -0.9568 -0.0048
vn 0.9336 -0.3582 -0.0024
vn 0.9337 -0.3582 -0.0007
vn 0.9337 -0.3581 0.0003
vn 0.4346 -0.2793 0.8562
vn 0.8562 -0.5165 -0.0085
vn 0.8562 -0.5166 -0.0054
vn 0.8562 -0.5167 -0.0031
vn 0.8561 -0.5169 -0.0017
vn 0.8559 -0.5171 -0.0005
vn 0.8557 -0.5175 0.0002
vn 0.8554 -0.5180 0.0008
vn 0.8550 -0.5186 0.0012
vn 0.8544 -0.5196 0.0014
vn 0.2049 -0.9788 0.0005
vn 0.5804 -0.8144 0.0014
vn 0.8517 -0.5241 0.0020
vn 0.8497 -0.5272 0.0016
vn -0.4225 -0.0742 -0.9033
vn -0.3437 0.0372 -0.9384
vn -0.1021 -0.0431 -0.9938
vn -0.9908 -0.0000 -0.1353
vn -0.9934 -0.0412 -0.1067
vn -0.9412 0.0317 -0.3364
vn -0.9364 0.0460 -0.3479
vn -0.8798 -0.0157 -0.4750
vn -0.8487 0.0089 -0.5289
vn -0.7030 -0.0835 -0.7063
vn -0.6417 -0.0000 -0.7670
vn -0.2284 0.1240 -0.9656
vn -0.0041 0.0035 -1.0000
vn -0.1969 0.1696 -0.9656
vn -0.1381 0.0922 -0.9861
vn -0.2656 0.2270 -0.9370
vn -0.6328 0.5658 -0.5286
vn -0.5414 0.4732 -0.6949
vn -0.5350 0.4645 -0.7057
vn -0.4187 0.3699 -0.8293
vn -0.3449 0.3047 -0.8878
vn -0.6651 0.7295 -0.1594
vn -0.7061 0.5932 -0.3868
vn -0.7041 0.5992 -0.3811
vn -0.7201 0.6439 -0.2585
vn -0.8059 0.5318 -0.2603
vn -0.8258 0.4554 -0.3326
vn -0.8726 0.4491 -0.1920
vn -0.2283 0.1240 -0.9656
vn -0.5383 0.2923 -0.7904
vn -0.6155 0.3495 -0.7064
vn -0.6995 0.3799 -0.6053
vn -0.7901 0.4291 -0.4377
vn 0.0627 0.5457 -0.8356
vn -0.1941 0.7977 -0.5710
vn -0.5876 0.8037 -0.0940
vn -0.5086 0.8329 -0.2182
vn -0.2028 0.7603 -0.6171
vn -0.3673 0.7978 -0.4781
vn -0.4894 0.8263 -0.2787
vn -0.2524 0.7652 -0.5923
vn 0.0505 0.5320 -0.8452
vn -0.0002 0.6740 -0.7388
vn 0.3381 0.1736 -0.9249
vn 0.3657 0.2550 -0.8951
vn 0.2056 0.3659 -0.9076
vn -0.4375 0.8755 -0.2050
vn -0.3891 0.8932 -0.2254
vn -0.3892 0.8956 -0.2153
vn -0.3236 0.9270 -0.1896
vn -0.2351 0.9399 -0.2477
vn -0.2325 0.9543 -0.1879
vn -0.3079 0.9277 -0.2110
vn -0.2102 0.9567 -0.2013
vn -0.1545 0.9699 -0.1881
vn -0.1466 0.9684 -0.2019
vn -0.0649 0.9799 -0.1889
vn -0.0605 0.9783 -0.1983
vn -0.1848 0.7947 -0.5783
vn -0.1445 0.8140 -0.5625
vn -0.1370 0.8105 -0.5694
vn -0.0983 0.8242 -0.5576
vn -0.0930 0.8212 -0.5630
vn -0.0539 0.8309 -0.5538
vn -0.0499 0.8277 -0.5590
vn -0.0070 0.8337 -0.5522
vn -0.0045 0.8310 -0.5563
vn 0.0573 0.5492 -0.8337
vn 0.0611 0.5511 -0.8322
vn 0.0574 0.5541 -0.8305
vn 0.0585 0.5545 -0.8301
vn 0.0565 0.5563 -0.8291
vn 0.0555 0.5560 -0.8293
vn 0.0547 0.5570 -0.8287
vn 0.0519 0.5566 -0.8291
vn 0.0522 0.5562 -0.8294
vn -0.4796 0.8537 -0.2027
vn -0.4630 0.8594 -0.2172
vn -0.2333 0.7790 -0.5820
vn -0.2254 0.7783 -0.5860
vn 0.0619 0.5403 -0.8392
vn 0.0569 0.5421 -0.8384
vn 0.3347 0.2021 -0.9204
vn 0.3073 0.1850 -0.9335
vn 0.2880 0.2021 -0.9361
vn 0.2558 0.1867 -0.9485
vn 0.2413 0.2022 -0.9491
vn 0.2054 0.1895 -0.9601
vn 0.1963 0.2004 -0.9599
vn 0.1558 0.1903 -0.9693
vn 0.1503 0.1990 -0.9684
vn 0.1027 0.1922 -0.9760
vn 0.1008 0.1961 -0.9754
vn -0.6739 0.7388 -0.0016
vn -0.2689 0.9632 -0.0030
vn -0.0929 0.9957 -0.0002
vn -0.0875 0.9962 -0.0000
vn -0.1731 0.9849 -0.0005
vn -0.2293 0.9734 -0.0015
vn -0.1910 0.9816 0.0002
vn -0.2586 0.9660 -0.0006
vn -0.3200 0.9474 -0.0008
vn -0.3038 0.9527 -0.0003
vn -0.4172 0.9088 -0.0017
vn -0.4841 0.8750 -0.0049
vn -0.5587 0.8294 0.0025
vn -0.6728 0.7398 -0.0059
vn -0.3832 0.9237 0.0009
vn -0.4661 0.8847 -0.0011
vn -0.5223 0.8528 -0.0013
vn -0.5139 0.8579 -0.0011
vn -0.5561 0.8311 -0.0015
vn -0.6103 0.7922 -0.0024
vn -0.6209 0.7839 -0.0005
vn -0.7145 0.6997 -0.0017
vn -0.7616 0.6481 -0.0028
vn -0.8877 0.4605 -0.0008
vn -0.8892 0.4576 -0.0021
vn -0.8662 0.4994 0.0169
vn -0.8907 0.4547 -0.0021
vn -0.8347 0.5507 -0.0020
vn -0.8277 0.5612 -0.0019
vn -0.7726 0.6349 -0.0023
vn -0.9089 0.4169 -0.0024
vn -0.8833 0.4687 -0.0034
vn -0.8565 0.5161 -0.0053
vn -0.9350 0.3548 -0.0020
vn -0.9295 0.3688 -0.0018
vn -0.9367 0.3501 -0.0021
vn -0.9452 0.3265 -0.0023
vn -0.9554 0.2954 -0.0023
vn -0.9653 0.2611 -0.0020
vn -0.9751 0.2219 -0.0012
vn -0.9838 0.1792 0.0002
vn -0.9537 0.3006 -0.0051
vn -0.9910 0.1339 0.0010
vn -0.9714 0.2373 -0.0043
vn -0.9951 0.0987 -0.0014
vn -0.9916 0.1296 -0.0022
vn -0.9966 0.0821 -0.0024
vn -0.0260 0.9997 0.0017
vn -0.0243 0.9997 0.0032
vn -0.0223 0.9997 0.0055
vn -0.0288 0.9996 -0.0041
vn -0.0160 0.9999 0.0015
vn -0.0277 0.9996 0.0006
vn -0.0309 0.9995 -0.0012
vn -0.0287 0.9996 -0.0001
vn -0.0223 0.9998 -0.0003
vn -0.0206 0.9998 -0.0004
vn -0.0183 0.9998 -0.0005
vn -0.0156 0.9999 -0.0007
vn -0.0328 0.9995 0.0005
vn -0.0279 0.9996 0.0003
vn -0.0125 0.9999 -0.0003
vn -0.0103 0.9999 -0.0004
vn -0.0094 1.0000 -0.0004
vn 0.0201 0.9998 0.0010
vn -0.0053 1.0000 -0.0029
vn 0.0151 0.9999 -0.0000
vn 0.0067 0.9999 -0.0138
vn 0.0101 0.9999 -0.0090
vn 0.0007 0.9998 -0.0207
vn 0.0075 1.0000 -0.0032
vn 0.0087 1.0000 -0.0011
vn 0.0085 1.0000 -0.0014
vn 0.0014 1.0000 0.0001
vn 0.0007 1.0000 0.0004
vn 0.0010 1.0000 -0.0000
vn -0.0017 1.0000 -0.0000
vn -0.0034 1.0000 0.0006
vn -0.0028 1.0000 -0.0001
vn -0.0065 1.0000 0.0001
vn -0.0209 0.9998 -0.0021
vn -0.0163 0.9999 0.0001
vn -0.0124 0.9999 -0.0001
vn -0.0115 0.9999 0.0001
vn -0.0094 1.0000 -0.0002
vn -0.0080 1.0000 0.0001
vn -0.0058 1.0000 -0.0003
vn -0.9652 0.0114 -0.2611
vn -0.7918 -0.0000 -0.6108
vn -0.7054 0.0114 -0.7087
vn -0.2565 0.0114 -0.9665
vn 0.1329 -0.0000 -0.9911
vn 0.2611 0.0114 -0.9652
vn 0.3850 -0.0000 -0.9229
vn 0.7088 -0.0000 -0.7054
vn 0.7944 0.0226 -0.6070
vn 0.9652 0.0114 0.2611
vn 0.9911 -0.0000 0.1330
vn 0.9665 -0.0000 -0.2565
vn 0.9915 0.0227 -0.1282
vn 0.9248 -0.0000 -0.3805
vn 0.7053 0.0114 0.7088
vn 0.7919 -0.0000 0.6106
vn 0.9229 -0.0000 0.3850
vn -0.2600 0.0115 0.9655
vn -0.1328 0.0001 0.9911
vn 0.1280 -0.0001 0.9918
vn 0.2577 0.0113 0.9662
vn 0.3803 -0.0000 0.9249
vn 0.6069 -0.0000 0.7948
vn -0.7088 0.0114 0.7054
vn -0.6107 -0.0000 0.7918
vn -0.3847 -0.0000 0.9230
vn -0.9911 -0.0000 -0.1328
vn -0.9917 -0.0000 0.1286
vn -0.9665 0.0114 0.2565
vn -0.9246 -0.0000 0.3809
vn -0.7949 -0.0000 0.6068
vn -0.0001 -1.0000 -0.0002
vn 0.0001 -1.0000 -0.0001
vn -0.0002 -1.0000 -0.0000
vn 0.2922 -0.0005 -0.9564
vn 0.1004 0.0005 -0.9949
vn 0.1097 0.0090 -0.9939
vn 0.0115 -0.0000 -0.9999
vn 0.9970 -0.0000 -0.0774
vn 0.9956 -0.0100 -0.0934
vn 0.9768 0.0049 -0.2140
vn 0.9581 -0.0167 -0.2861
vn 0.2929 -0.0000 -0.9561
vn 0.4671 -0.0000 -0.8842
vn 0.4629 0.0031 -0.8864
vn 0.6184 -0.0034 -0.7859
vn 0.6114 0.0016 -0.7913
vn 0.7168 -0.0008 -0.6973
vn 0.7627 -0.0159 -0.6466
vn 0.8085 0.0096 -0.5884
vn 0.8800 -0.0092 -0.4749
vn 0.8837 -0.0127 -0.4678
vn 0.9137 -0.0000 -0.4063
vn 0.9457 0.0001 -0.3250
vn 0.4758 0.6387 -0.6047
vn 0.5458 0.4702 -0.6936
vn 0.0970 0.2577 -0.9614
vn 0.2830 0.2577 -0.9239
vn 0.2830 0.2576 -0.9239
vn 0.4513 0.2578 -0.8543
vn 0.5808 0.2582 -0.7720
vn 0.6023 0.2265 -0.7655
vn 0.2341 0.9256 -0.2975
vn 0.3573 0.8162 -0.4541
vn 0.3996 0.7070 -0.5835
vn 0.3309 0.7057 -0.6265
vn 0.2076 0.7054 -0.6777
vn 0.0775 0.9921 -0.0984
vn 0.0797 0.6087 -0.7894
vn 0.1175 0.7070 -0.6974
vn 0.0612 0.7934 -0.6057
vn 0.0425 0.9061 -0.4208
vn 0.1118 0.9653 -0.2358
vn 0.1213 0.9657 -0.2297
vn 0.0761 0.9656 -0.2486
vn 0.0762 0.9656 -0.2486
vn 0.0720 0.9657 -0.2495
vn 0.0174 0.9849 -0.1721
vn -0.0004 1.0000 -0.0000
vn 0.0002 1.0000 -0.0000
vn -0.0001 1.0000 -0.0000
vn 0.0212 -0.0000 -0.9998
vn 0.0629 0.0133 -0.9979
vn 0.0796 0.0241 -0.9965
vn 0.1213 0.0002 -0.9926
vn 0.3847 0.1016 -0.9174
vn 0.3783 0.0399 -0.9248
vn 0.3320 -0.0071 -0.9433
vn 0.2368 0.0163 -0.9714
vn 0.2503 0.0381 -0.9674
vn 0.1942 -0.0002 -0.9810
vn -0.0233 0.9805 -0.1952
vn -0.0234 0.9805 -0.1951
vn -0.0114 0.8312 -0.5559
vn -0.0116 0.8314 -0.5556
vn 0.0023 0.5551 -0.8318
vn 0.0018 0.5557 -0.8314
vn 0.0156 0.1945 -0.9808
vn 0.0149 0.1955 -0.9806
vn -0.0199 0.9806 -0.1950
vn -0.0199 0.9806 -0.1951
vn 0.0080 0.8316 -0.5553
vn 0.0078 0.8318 -0.5551
vn 0.0347 0.5555 -0.8308
vn 0.0342 0.5561 -0.8304
vn 0.0561 0.1946 -0.9793
vn 0.0554 0.1957 -0.9791
vn -0.0101 0.9807 -0.1950
vn 0.0039 0.1951 -0.9808
vn 0.0068 0.1950 -0.9808
vn 0.0039 0.1954 -0.9807
vn 0.0111 0.5555 -0.8315
vn 0.0111 0.5555 -0.8314
vn 0.0167 0.8313 -0.5555
vn 0.0167 0.8314 -0.5555
vn 0.0197 0.9806 -0.1950
vn -0.0101 0.9807 -0.1951
vn -0.0086 0.8314 -0.5555
vn -0.0086 0.8314 -0.5556
vn -0.0057 0.5556 -0.8315
vn -0.0057 0.5556 -0.8314
vn -0.0020 0.1951 -0.9808
vn 0.0001 0.0001 -1.0000
vn 0.0808 0.9775 -0.1946
vn 0.0665 0.6672 -0.7419
vn 0.0796 0.4568 -0.8860
vn 0.0317 0.1826 -0.9827
vn 0.0148 0.3058 -0.9520
vn 0.0191 0.1185 -0.9928
vn 0.1272 0.5429 -0.8301
vn 0.1218 0.8226 -0.5554
vn 0.1554 0.8642 -0.4785
vn 0.1523 0.9690 -0.1947
vn 0.1638 0.9724 -0.1659
vn 0.0807 0.9775 -0.1948
vn 0.0685 0.8290 -0.5550
vn 0.0685 0.8290 -0.5551
vn 0.0458 0.5542 -0.8311
vn 0.0458 0.5541 -0.8312
vn 0.0166 0.2004 -0.9796
vn 0.0128 0.1948 -0.9808
vn 1.0000 -0.0001 0.0024
s 0
usemtl finger
f 455//278 626//278 627//278
f 1077//441 1078//441 1079//441
f 1077//442 1079//442 1080//442
f 1181//578 1182//578 1151//578
f 1151//592 1149//592 1181//592
f 1181//593 1149//593 1148//593
f 1181//594 1148//594 1188//594
f 1188//595 1148//595 1146//595
f 1200//612 1198//612 1208//612
f 1316//782 1317//782 1318//782
f 1318//783 1317//783 1319//783
f 1351//821 1375//821 1376//821
f 1376//822 1377//822 1351//822
f 1351//823 1377//823 1378//823
f 1351//823 1378//823 1363//823
f 1351//824 1348//824 1375//824
f 1375//825 1348//825 1349//825
f 1375//826 1349//826 1379//826
f 1379//827 1349//827 1355//827
f 1379//828 1355//828 1380//828
f 1355//829 1357//829 1380//829
f 1380//830 1357//830 1359//830
f 1380//831 1359//831 1331//831
f 1328//832 1327//832 1381//832
f 1381//833 1327//833 1382//833
f 1337//834 1336//834 1381//834
f 1381//835 1336//835 1341//835
f 1381//836 1341//836 1328//836
f 1331//837 1333//837 1380//837
f 1380//838 1333//838 1340//838
f 1380//839 1340//839 1381//839
f 1381//840 1340//840 1339//840
f 1381//841 1339//841 1337//841
f 1382//842 1327//842 1383//842
f 1383//843 1327//843 1325//843
f 1383//844 1325//844 1384//844
f 1384//845 1325//845 1385//845
f 1385//846 1325//846 1323//846
f 1385//847 1323//847 1100//847
f 1100//848 1323//848 1302//848
f 1100//849 1302//849 1099//849
f 1099//850 1302//850 1301//850
f 1099//851 1301//851 1097//851
f 1386//852 1317//852 1387//852
f 1305//853 1304//853 1386//853
f 1386//854 1304//854 1319//854
f 1386//855 1319//855 1317//855
f 1309//856 1311//856 1386//856
f 1386//857 1311//857 1313//857
f 1386//858 1313//858 1305//858
f 1092//859 1090//859 1388//859
f 1388//860 1090//860 1088//860
f 1388//861 1088//861 1301//861
f 1301//862 1088//862 1086//862
f 1301//863 1086//863 1097//863
f 1080//864 1082//864 1388//864
f 1388//865 1082//865 1084//865
f 1388//866 1084//866 1092//866
f 1309//867 1386//867 1301//867
f 1301//868 1386//868 1387//868
f 1301//869 1387//869 1388//869
f 1388//870 1387//870 1077//870
f 1388//871 1077//871 1080//871
f 1298//932 1364//932 1403//932
f 1300//933 1299//933 1393//933
f 1393//934 1299//934 1298//934
f 1393//935 1298//935 1394//935
f 1394//936 1298//936 1403//936
f 1394//937 1403//937 1395//937
f 1198//938 1196//938 1391//938
f 1196//939 1297//939 1391//939
f 1391//940 1297//940 1296//940
f 1391//941 1296//941 1295//941
f 1300//942 1393//942 1295//942
f 1295//943 1393//943 1392//943
f 1295//944 1392//944 1391//944
f 1191//945 1207//945 1389//945
f 1389//946 1207//946 1206//946
f 1206//947 1205//947 1389//947
f 1389//948 1205//948 1209//948
f 1389//949 1209//949 1391//949
f 1391//950 1209//950 1208//950
f 1391//951 1208//951 1198//951
f 1191//952 1389//952 1192//952
f 1192//953 1389//953 1390//953
f 1192//954 1390//954 1193//954
f 1390//955 1401//955 1193//955
f 1193//956 1401//956 1402//956
f 1193//957 1402//957 1194//957
f 1404//958 1405//958 1184//958
f 1402//959 1400//959 1194//959
f 1194//960 1400//960 1399//960
f 1194//961 1399//961 1183//961
f 1183//962 1399//962 1406//962
f 1183//963 1406//963 1184//963
f 1184//964 1406//964 1407//964
f 1184//965 1407//965 1404//965
f 1408//966 1405//966 1409//966
f 1409//967 1410//967 1408//967
f 1408//968 1410//968 1411//968
f 1408//969 1411//969 1412//969
f 1412//970 1413//970 1408//970
f 1408//971 1413//971 1414//971
f 1408//972 1414//972 1415//972
f 1185//973 1186//973 1416//973
f 1416//974 1186//974 1187//974
f 1416//975 1187//975 1184//975
f 1405//976 1408//976 1184//976
f 1184//977 1408//977 1415//977
f 1184//978 1415//978 1416//978
f 1416//979 1415//979 1182//979
f 1416//980 1182//980 1181//980
f 1181//981 1188//981 1416//981
f 1416//982 1188//982 1189//982
f 1416//983 1189//983 1185//983
f 1427//441 1414//441 1428//441
f 1428//1002 1414//1002 1413//1002
f 1484//1270 1235//1270 555//1270
f 745//1689 780//1689 746//1689
f 1695//1835 1696//1835 1697//1835
f 1697//1836 1696//1836 1698//1836
f 1698//1836 1696//1836 1699//1836
f 1698//1837 1699//1837 1700//1837
f 1700//1837 1699//1837 1701//1837
f 1700//1838 1701//1838 1702//1838
f 1697//1835 1703//1835 1695//1835
f 1695//1839 1703//1839 1704//1839
f 1695//1839 1704//1839 1705//1839
f 1705//1840 1704//1840 1706//1840
f 1706//1840 1704//1840 1707//1840
f 1706//1841 1707//1841 1708//1841
f 1708//1841 1707//1841 1709//1841
f 1708//1842 1709//1842 1710//1842
f 1710//1842 1709//1842 1711//1842
f 1710//1843 1711//1843 1712//1843
f 1712//1843 1711//1843 1713//1843
f 1712//1844 1713//1844 1714//1844
f 1714//1844 1713//1844 1715//1844
f 1714//1845 1715//1845 1716//1845
f 1716//1845 1715//1845 1717//1845
f 1716//1846 1717//1846 1718//1846
f 1718//1847 1717//1847 1702//1847
f 1718//1848 1702//1848 1719//1848
f 1719//1838 1702//1838 1701//1838
f 1720//1849 1721//1849 1722//1849
f 1723//1850 1724//1850 1722//1850
f 1722//1851 1724//1851 1725//1851
f 1722//1852 1725//1852 1720//1852
f 1726//1853 1727//1853 1728//1853
f 1722//1854 1729//1854 1723//1854
f 1723//1855 1729//1855 1728//1855
f 1723//1856 1728//1856 1730//1856
f 1730//1857 1728//1857 1727//1857
f 1731//1858 1732//1858 1733//1858
f 1733//1859 1732//1859 1734//1859
f 1728//1860 1735//1860 1726//1860
f 1726//1861 1735//1861 1733//1861
f 1726//1862 1733//1862 1736//1862
f 1736//1863 1733//1863 1734//1863
f 1722//1864 1721//1864 1737//1864
f 1738//1865 1731//1865 1739//1865
f 1739//1866 1731//1866 1733//1866
f 1739//1867 1733//1867 1740//1867
f 1737//1868 1741//1868 1722//1868
f 1722//1869 1741//1869 1742//1869
f 1722//1870 1742//1870 1729//1870
f 1729//1871 1742//1871 1743//1871
f 1729//1872 1743//1872 1728//1872
f 1728//1873 1743//1873 1740//1873
f 1728//1874 1740//1874 1735//1874
f 1735//1875 1740//1875 1733//1875
f 1744//820 1745//820 1746//820
f 1746//820 1745//820 1747//820
f 1748//1876 1749//1876 1750//1876
f 1748//1877 1750//1877 1751//1877
f 1751//1878 1750//1878 1752//1878
f 1751//1879 1752//1879 1753//1879
f 1752//1880 1754//1880 1753//1880
f 1753//1881 1754//1881 1755//1881
f 1753//1882 1755//1882 1756//1882
f 1756//1883 1755//1883 1745//1883
f 1756//1884 1745//1884 1744//1884
f 1742//1885 1741//1885 1757//1885
f 1740//1886 1743//1886 1758//1886
f 1758//1887 1743//1887 1742//1887
f 1759//1888 1739//1888 1740//1888
f 1760//1889 1761//1889 1762//1889
f 1762//1890 1761//1890 1763//1890
f 1762//1890 1763//1890 1759//1890
f 1759//1891 1763//1891 1738//1891
f 1759//1891 1738//1891 1739//1891
f 1760//1892 1762//1892 1764//1892
f 1764//1893 1762//1893 1765//1893
f 1764//1894 1765//1894 1766//1894
f 1766//1895 1765//1895 1767//1895
f 1766//1896 1767//1896 1768//1896
f 1768//1897 1767//1897 1769//1897
f 1768//1897 1769//1897 1770//1897
f 1770//1898 1769//1898 1756//1898
f 1770//1899 1756//1899 1744//1899
f 1771//1900 1748//1900 1751//1900
f 1751//1900 1772//1900 1771//1900
f 1771//1901 1772//1901 1773//1901
f 1771//1901 1773//1901 1774//1901
f 1774//1902 1773//1902 1775//1902
f 1774//1902 1775//1902 1776//1902
f 1776//1903 1775//1903 1777//1903
f 1776//1903 1777//1903 1778//1903
f 1778//1904 1777//1904 1757//1904
f 1778//1905 1757//1905 1779//1905
f 1779//1906 1757//1906 1741//1906
f 1779//1906 1741//1906 1737//1906
f 1740//1907 1758//1907 1759//1907
f 1759//1908 1758//1908 1780//1908
f 1759//1908 1780//1908 1762//1908
f 1762//1909 1780//1909 1781//1909
f 1762//1909 1781//1909 1765//1909
f 1765//1910 1781//1910 1782//1910
f 1765//1910 1782//1910 1767//1910
f 1767//1911 1782//1911 1783//1911
f 1767//1911 1783//1911 1769//1911
f 1769//1912 1783//1912 1753//1912
f 1769//1912 1753//1912 1756//1912
f 1742//1913 1757//1913 1758//1913
f 1758//1914 1757//1914 1777//1914
f 1758//1914 1777//1914 1780//1914
f 1780//1915 1777//1915 1775//1915
f 1780//1916 1775//1916 1781//1916
f 1781//1917 1775//1917 1773//1917
f 1781//1917 1773//1917 1782//1917
f 1782//1918 1773//1918 1772//1918
f 1782//1918 1772//1918 1783//1918
f 1783//1919 1772//1919 1751//1919
f 1783//1919 1751//1919 1753//1919
f 1784//1920 1785//1920 1786//1920
f 1786//1921 1787//1921 1784//1921
f 1784//1922 1787//1922 1788//1922
f 1784//1923 1788//1923 1789//1923
f 1789//1924 1790//1924 1784//1924
f 1784//1925 1790//1925 1791//1925
f 1784//1926 1791//1926 1792//1926
f 1792//1927 1793//1927 1784//1927
f 1784//1928 1793//1928 1794//1928
f 1784//1929 1794//1929 1795//1929
f 1795//1930 1796//1930 1784//1930
f 1784//1931 1796//1931 1797//1931
f 1797//1932 1798//1932 1784//1932
f 1799//1933 1800//1933 1801//1933
f 1802//1934 1803//1934 1800//1934
f 1800//1935 1799//1935 1802//1935
f 1802//1936 1799//1936 1804//1936
f 1802//1937 1804//1937 1805//1937
f 1805//1938 1804//1938 1806//1938
f 1805//1939 1806//1939 1807//1939
f 1807//1940 1806//1940 1808//1940
f 1808//1941 1806//1941 1809//1941
f 1808//1942 1809//1942 1810//1942
f 1810//1943 1811//1943 1812//1943
f 1812//1944 1811//1944 1813//1944
f 1812//1945 1813//1945 1814//1945
f 1814//1946 1813//1946 1815//1946
f 1814//1947 1815//1947 1816//1947
f 1801//1948 1817//1948 1799//1948
f 1799//1949 1817//1949 1818//1949
f 1799//1950 1818//1950 1804//1950
f 1804//1951 1818//1951 1819//1951
f 1804//1952 1819//1952 1806//1952
f 1806//1953 1819//1953 1820//1953
f 1806//1954 1820//1954 1809//1954
f 1809//1955 1820//1955 1821//1955
f 1809//1956 1821//1956 1810//1956
f 1810//1957 1821//1957 1822//1957
f 1810//1958 1822//1958 1811//1958
f 1823//1959 1824//1959 1825//1959
f 1826//1960 1827//1960 1828//1960
f 1828//1961 1827//1961 1823//1961
f 1828//1962 1823//1962 1829//1962
f 1829//1963 1823//1963 1825//1963
f 1830//1964 1831//1964 1832//1964
f 1833//1965 1826//1965 1834//1965
f 1834//1966 1826//1966 1830//1966
f 1834//1967 1830//1967 1835//1967
f 1835//1968 1830//1968 1832//1968
f 1827//1969 1826//1969 1833//1969
f 1836//1970 1824//1970 1823//1970
f 1827//1971 1833//1971 1823//1971
f 1823//1972 1833//1972 1836//1972
f 1836//1973 1833//1973 1837//1973
f 1836//1973 1837//1973 1838//1973
f 1838//1974 1837//1974 1839//1974
f 1838//1975 1839//1975 1840//1975
f 1840//1976 1839//1976 1841//1976
f 1840//1977 1841//1977 1842//1977
f 1842//1978 1841//1978 1843//1978
f 1842//1979 1843//1979 1844//1979
f 1844//1980 1843//1980 1845//1980
f 1845//1981 1843//1981 1846//1981
f 1845//1982 1846//1982 1847//1982
f 1847//1983 1846//1983 1848//1983
f 1847//1984 1848//1984 1849//1984
f 1849//1985 1848//1985 1850//1985
f 1849//1986 1850//1986 1851//1986
f 1851//1987 1850//1987 1852//1987
f 1851//1988 1852//1988 1853//1988
f 1817//1989 1801//1989 1854//1989
f 1855//1990 1856//1990 1857//1990
f 1858//1991 1859//1991 1857//1991
f 1857//1992 1859//1992 1860//1992
f 1857//1993 1860//1993 1855//1993
f 1861//1994 1862//1994 1847//1994
f 1847//1995 1862//1995 1863//1995
f 1847//1996 1863//1996 1845//1996
f 1864//1997 1858//1997 1849//1997
f 1849//1998 1858//1998 1857//1998
f 1849//1999 1857//1999 1847//1999
f 1847//2000 1857//2000 1865//2000
f 1847//2001 1865//2001 1861//2001
f 1864//2002 1866//2002 1858//2002
f 1858//2003 1866//2003 1867//2003
f 1858//2004 1867//2004 1868//2004
f 1820//2005 1819//2005 1869//2005
f 1817//2006 1854//2006 1818//2006
f 1819//2007 1818//2007 1869//2007
f 1869//2008 1818//2008 1854//2008
f 1869//2009 1854//2009 1853//2009
f 1853//2010 1854//2010 1864//2010
f 1853//2011 1864//2011 1851//2011
f 1851//2012 1864//2012 1849//2012
f 1815//2013 1870//2013 1816//2013
f 1816//2014 1870//2014 1871//2014
f 1816//2015 1871//2015 1872//2015
f 1872//2016 1871//2016 1395//2016
f 1872//2017 1395//2017 1364//2017
f 1815//2018 1813//2018 1870//2018
f 1870//2019 1813//2019 1811//2019
f 1870//2020 1811//2020 1873//2020
f 1873//2021 1811//2021 1822//2021
f 1873//2022 1822//2022 1869//2022
f 1869//2023 1822//2023 1821//2023
f 1869//2024 1821//2024 1820//2024
f 1874//2025 1836//2025 1838//2025
f 1845//2026 1863//2026 1844//2026
f 1844//2027 1863//2027 1875//2027
f 1844//2028 1875//2028 1842//2028
f 1842//2029 1875//2029 1876//2029
f 1842//2030 1876//2030 1877//2030
f 1838//2031 1840//2031 1874//2031
f 1874//2032 1840//2032 1842//2032
f 1874//2033 1842//2033 1878//2033
f 1878//2034 1842//2034 1877//2034
f 1862//2035 1861//2035 1879//2035
f 1879//2036 1861//2036 1865//2036
f 1879//2037 1865//2037 1880//2037
f 1880//2038 1865//2038 1857//2038
f 1878//597 1877//597 1874//597
f 1874//2039 1877//2039 1876//2039
f 1874//597 1876//597 1881//597
f 1881//2040 1876//2040 1875//2040
f 1881//2041 1875//2041 1879//2041
f 1879//2042 1875//2042 1863//2042
f 1879//2043 1863//2043 1862//2043
f 1880//2044 1857//2044 1856//2044
f 1880//2045 1856//2045 1882//2045
f 1856//2046 1883//2046 1882//2046
f 1882//2047 1883//2047 1884//2047
f 1882//2048 1884//2048 1885//2048
f 1856//2049 1886//2049 1887//2049
f 1888//2050 1886//2050 1856//2050
f 1856//2051 1889//2051 1890//2051
f 1884//2052 1883//2052 1890//2052
f 1890//2053 1883//2053 1856//2053
f 1887//2054 1889//2054 1856//2054
f 1891//2055 1892//2055 1893//2055
f 1893//2056 1892//2056 1894//2056
f 1884//2057 1890//2057 1895//2057
f 1895//2058 1890//2058 1889//2058
f 1895//2059 1889//2059 1896//2059
f 1896//2060 1889//2060 1887//2060
f 1896//2061 1887//2061 1897//2061
f 1897//2062 1887//2062 1886//2062
f 1897//2063 1886//2063 1894//2063
f 1894//2064 1886//2064 1888//2064
f 1894//2065 1888//2065 1893//2065
f 1898//2066 1891//2066 1899//2066
f 1899//2067 1891//2067 1893//2067
f 1899//2068 1893//2068 1900//2068
f 1900//2069 1893//2069 1888//2069
f 1900//2070 1888//2070 1855//2070
f 1855//2071 1888//2071 1856//2071
f 1901//2072 1898//2072 1902//2072
f 1902//2073 1898//2073 1899//2073
f 1902//2074 1899//2074 1903//2074
f 1903//2075 1899//2075 1900//2075
f 1903//2076 1900//2076 1860//2076
f 1860//2077 1900//2077 1855//2077
f 1860//2078 1859//2078 1903//2078
f 1903//2079 1859//2079 1904//2079
f 1903//2080 1904//2080 1902//2080
f 1902//2081 1904//2081 1905//2081
f 1902//2082 1905//2082 1901//2082
f 1906//2083 1907//2083 1905//2083
f 1905//2084 1907//2084 1908//2084
f 1905//2085 1908//2085 1901//2085
f 1858//2086 1868//2086 1909//2086
f 1909//2087 1868//2087 1910//2087
f 1909//2088 1910//2088 1911//2088
f 1911//2089 1910//2089 1912//2089
f 1913//2090 1912//2090 1914//2090
f 1914//2091 1912//2091 1910//2091
f 1914//2092 1910//2092 1867//2092
f 1867//2093 1910//2093 1868//2093
f 1859//2094 1858//2094 1904//2094
f 1904//2095 1858//2095 1909//2095
f 1904//2096 1909//2096 1905//2096
f 1905//2097 1909//2097 1911//2097
f 1905//2098 1911//2098 1906//2098
f 1906//2099 1911//2099 1912//2099
f 1906//2100 1912//2100 1915//2100
f 1915//2101 1912//2101 1913//2101
f 1915//2102 1913//2102 1916//2102
f 1917//2103 1866//2103 1918//2103
f 1918//2104 1866//2104 1864//2104
f 1918//2105 1919//2105 1917//2105
f 1917//2106 1919//2106 1920//2106
f 1917//2107 1920//2107 1916//2107
f 1867//2108 1866//2108 1914//2108
f 1914//2109 1866//2109 1917//2109
f 1914//2110 1917//2110 1913//2110
f 1913//2111 1917//2111 1916//2111
f 1919//2112 1921//2112 1920//2112
f 1920//2112 1921//2112 1922//2112
f 1920//2112 1922//2112 1916//2112
f 1923//2113 1924//2113 1925//2113
f 1923//2114 1925//2114 1926//2114
f 1926//2115 1925//2115 1927//2115
f 1926//2116 1927//2116 1928//2116
f 1928//2117 1927//2117 1922//2117
f 1928//2118 1922//2118 1921//2118
f 1929//2119 1930//2119 1931//2119
f 1932//2120 1933//2120 1934//2120
f 1934//2121 1933//2121 1935//2121
f 1934//2122 1935//2122 1936//2122
f 1932//2123 1934//2123 1937//2123
f 1937//2124 1934//2124 1938//2124
f 1937//2125 1938//2125 1939//2125
f 1939//2126 1938//2126 1940//2126
f 1939//2127 1940//2127 1941//2127
f 1941//2128 1940//2128 1925//2128
f 1941//2129 1925//2129 1924//2129
f 1929//2119 1931//2119 1942//2119
f 1942//2130 1931//2130 1922//2130
f 1942//2130 1922//2130 1927//2130
f 1936//2131 1930//2131 1934//2131
f 1934//2131 1930//2131 1929//2131
f 1934//2132 1929//2132 1938//2132
f 1938//2133 1929//2133 1942//2133
f 1938//2133 1942//2133 1940//2133
f 1940//2134 1942//2134 1927//2134
f 1940//2134 1927//2134 1925//2134
f 1943//2135 1944//2135 1945//2135
f 1945//2136 1944//2136 1946//2136
f 1945//2137 1946//2137 1947//2137
f 1947//2138 1946//2138 1948//2138
f 1947//2139 1948//2139 1949//2139
f 1949//2140 1948//2140 1950//2140
f 1950//2141 1948//2141 1951//2141
f 1950//2142 1951//2142 1952//2142
f 1952//2143 1951//2143 1953//2143
f 1952//2144 1953//2144 1954//2144
f 1954//2145 1953//2145 1955//2145
f 1955//2146 1953//2146 1956//2146
f 1955//2147 1956//2147 1957//2147
f 1957//2148 1956//2148 1958//2148
f 1957//2149 1958//2149 1959//2149
f 1959//2150 1958//2150 1960//2150
f 1959//2151 1960//2151 1961//2151
f 1961//2152 1960//2152 1962//2152
f 1961//2153 1962//2153 1963//2153
f 1964//2154 1963//2154 1965//2154
f 1966//2155 1967//2155 1968//2155
f 1968//2156 1967//2156 1969//2156
f 1970//2157 1971//2157 1972//2157
f 1972//2158 1971//2158 1973//2158
f 1972//2159 1973//2159 1974//2159
f 1974//2160 1973//2160 1975//2160
f 1974//2161 1975//2161 1976//2161
f 1976//2162 1975//2162 1969//2162
f 1976//2163 1969//2163 1977//2163
f 1977//2164 1969//2164 1967//2164
f 1961//2165 1964//2165 1959//2165
f 1959//2166 1964//2166 1978//2166
f 1959//2167 1978//2167 1957//2167
f 1957//2168 1978//2168 1955//2168
f 1955//2169 1978//2169 1979//2169
f 1955//2170 1979//2170 1970//2170
f 1943//2171 1945//2171 1980//2171
f 1980//2172 1945//2172 1947//2172
f 1980//2173 1947//2173 1981//2173
f 1982//2174 1983//2174 1980//2174
f 1980//2175 1983//2175 1984//2175
f 1980//2176 1984//2176 1943//2176
f 1954//2177 1985//2177 1952//2177
f 1952//2178 1985//2178 1986//2178
f 1952//2179 1986//2179 1950//2179
f 1950//2180 1986//2180 1981//2180
f 1950//2181 1981//2181 1949//2181
f 1949//2182 1981//2182 1947//2182
f 1964//2183 1965//2183 1978//2183
f 1978//2184 1965//2184 1987//2184
f 1978//2185 1987//2185 1979//2185
f 1979//2186 1987//2186 1988//2186
f 1979//2187 1988//2187 1970//2187
f 1970//2188 1988//2188 1989//2188
f 1970//2189 1989//2189 1971//2189
f 1971//2190 1989//2190 1990//2190
f 1971//2191 1990//2191 1973//2191
f 1973//2192 1990//2192 1991//2192
f 1973//2193 1991//2193 1975//2193
f 1975//2194 1991//2194 1992//2194
f 1975//2195 1992//2195 1969//2195
f 1969//2196 1992//2196 1993//2196
f 1969//2197 1993//2197 1968//2197
f 1961//2198 1963//2198 1964//2198
f 1954//2199 1955//2199 1985//2199
f 1985//2200 1955//2200 1970//2200
f 1985//2201 1970//2201 1986//2201
f 1986//2202 1970//2202 1972//2202
f 1986//2203 1972//2203 1981//2203
f 1981//2204 1972//2204 1974//2204
f 1981//2205 1974//2205 1980//2205
f 1980//2206 1974//2206 1976//2206
f 1980//2207 1976//2207 1982//2207
f 1982//2208 1976//2208 1977//2208
f 1994//2209 1995//2209 1992//2209
f 1996//2210 1997//2210 1998//2210
f 1992//2211 1991//2211 1994//2211
f 1994//2212 1991//2212 1990//2212
f 1994//2213 1990//2213 1999//2213
f 1999//2214 1990//2214 1989//2214
f 1999//2215 1989//2215 2000//2215
f 1989//2216 1988//2216 2000//2216
f 2000//2217 1988//2217 1987//2217
f 2000//2218 1987//2218 2001//2218
f 2001//2219 1987//2219 1965//2219
f 2001//2220 1965//2220 1963//2220
f 1996//2221 1998//2221 1995//2221
f 1995//2222 1998//2222 2002//2222
f 1995//2223 2002//2223 1992//2223
f 1992//2224 2002//2224 2003//2224
f 1992//2225 2003//2225 2004//2225
f 2005//2226 1966//2226 2006//2226
f 2006//2227 1966//2227 1968//2227
f 2006//2228 1968//2228 2004//2228
f 2004//2229 1968//2229 1993//2229
f 2004//2230 1993//2230 1992//2230
f 2007//2231 1939//2231 1941//2231
f 1933//2232 1932//2232 2007//2232
f 2007//2233 1932//2233 1937//2233
f 2007//2234 1937//2234 1939//2234
f 1941//2235 1924//2235 2007//2235
f 2007//2236 1924//2236 1923//2236
f 2007//2237 1923//2237 1999//2237
f 1999//2238 1923//2238 1994//2238
f 1994//2239 1923//2239 1996//2239
f 1994//2240 1996//2240 1995//2240
f 1933//2241 2007//2241 1935//2241
f 1935//2242 2007//2242 1999//2242
f 1935//2243 1999//2243 2008//2243
f 2008//2244 1999//2244 2000//2244
f 2008//2245 2000//2245 2009//2245
f 2009//2246 2000//2246 2010//2246
f 2010//2247 2000//2247 2001//2247
f 2010//2248 2001//2248 2011//2248
f 1918//597 1864//597 1854//597
f 1997//2249 1996//2249 1803//2249
f 1803//597 1854//597 1800//597
f 1800//597 1854//597 1801//597
f 1926//597 1928//597 1854//597
f 1803//597 1996//597 1854//597
f 1854//597 1996//597 1923//597
f 1854//2042 1923//2042 1926//2042
f 1928//597 1921//597 1854//597
f 1854//597 1921//597 1919//597
f 1854//597 1919//597 1918//597
f 1998//2250 1997//2250 1803//2250
f 1816//2251 2012//2251 1814//2251
f 1814//2252 2012//2252 2005//2252
f 1814//2253 2005//2253 1812//2253
f 1812//2254 2005//2254 2006//2254
f 1812//2255 2006//2255 1810//2255
f 1810//2256 2006//2256 2004//2256
f 1810//2257 2004//2257 1808//2257
f 1808//2258 2004//2258 2003//2258
f 1808//2259 2003//2259 1807//2259
f 1807//2260 2003//2260 2002//2260
f 1807//2261 2002//2261 1805//2261
f 1805//2262 2002//2262 1998//2262
f 1805//2263 1998//2263 1802//2263
f 1802//2264 1998//2264 1803//2264
f 2013//1839 2014//1839 2015//1839
f 2015//1840 2014//1840 2016//1840
f 2014//2265 2017//2265 2016//2265
f 2016//2266 2017//2266 2018//2266
f 2016//1841 2018//1841 2019//1841
f 2019//1841 2018//1841 2020//1841
f 2019//1842 2020//1842 2021//1842
f 2021//1842 2020//1842 2022//1842
f 2021//1843 2022//1843 2023//1843
f 2023//1843 2022//1843 2024//1843
f 2023//1844 2024//1844 2025//1844
f 2025//1844 2024//1844 2026//1844
f 2025//1845 2026//1845 2027//1845
f 2027//1845 2026//1845 2028//1845
f 2027//2267 2028//2267 2029//2267
f 2029//2267 2028//2267 2030//2267
f 2029//1838 2030//1838 2031//1838
f 2031//1838 2030//1838 2032//1838
f 2031//1837 2032//1837 2033//1837
f 2033//1837 2032//1837 2034//1837
f 2033//1836 2034//1836 2035//1836
f 2035//1836 2034//1836 2036//1836
f 2035//1835 2036//1835 2037//1835
f 2037//1835 2036//1835 2013//1835
f 2037//1839 2013//1839 2015//1839
f 2038//2268 2039//2268 2040//2268
f 2040//2269 2039//2269 2041//2269
f 2040//2270 2041//2270 2042//2270
f 2042//2271 2041//2271 2043//2271
f 2042//2272 2043//2272 2044//2272
f 2045//2273 2046//2273 2047//2273
f 2045//2274 2047//2274 2048//2274
f 2049//2275 2050//2275 2047//2275
f 2047//2276 2050//2276 2051//2276
f 2047//2277 2051//2277 2048//2277
f 2052//2278 2053//2278 2054//2278
f 2054//2279 2053//2279 2055//2279
f 2054//2280 2055//2280 2049//2280
f 2049//2281 2055//2281 2056//2281
f 2049//2282 2056//2282 2050//2282
f 2057//2283 2058//2283 2059//2283
f 2059//2284 2058//2284 2060//2284
f 2061//2285 2062//2285 2063//2285
f 2058//2286 2057//2286 2064//2286
f 2064//2287 2057//2287 2065//2287
f 2064//2288 2065//2288 2066//2288
f 2067//2289 2068//2289 2065//2289
f 2065//2290 2068//2290 2069//2290
f 2065//2291 2069//2291 2066//2291
f 2062//2292 2070//2292 2063//2292
f 2063//2293 2070//2293 2071//2293
f 2063//2294 2071//2294 2067//2294
f 2067//2295 2071//2295 2072//2295
f 2067//2296 2072//2296 2068//2296
f 2061//2297 2063//2297 2073//2297
f 2073//2298 2063//2298 2074//2298
f 2073//2299 2074//2299 2075//2299
f 2075//2300 2074//2300 2076//2300
f 2076//2301 2074//2301 2077//2301
f 2076//2302 2077//2302 2078//2302
f 2079//2303 2080//2303 2077//2303
f 2077//2304 2080//2304 2081//2304
f 2077//2305 2081//2305 2078//2305
f 2082//2306 2083//2306 2084//2306
f 2084//2307 2083//2307 2085//2307
f 2084//2308 2085//2308 2079//2308
f 2079//2309 2085//2309 2086//2309
f 2079//2310 2086//2310 2080//2310
f 2082//2311 2084//2311 2087//2311
f 2087//2312 2084//2312 2088//2312
f 2087//2313 2088//2313 2089//2313
f 2090//2314 2091//2314 2092//2314
f 2093//2315 2094//2315 2095//2315
f 2096//2316 2094//2316 2097//2316
f 2097//2317 2094//2317 2093//2317
f 2097//2318 2093//2318 2098//2318
f 2098//2319 2093//2319 2099//2319
f 2098//2320 2099//2320 2100//2320
f 2101//2321 2099//2321 2102//2321
f 2102//2322 2099//2322 2093//2322
f 2102//2323 2093//2323 2103//2323
f 2103//2324 2093//2324 2095//2324
f 2104//2325 2105//2325 2106//2325
f 2106//2326 2105//2326 2107//2326
f 2106//2327 2107//2327 2108//2327
f 2108//2328 2107//2328 2109//2328
f 2108//2329 2109//2329 2110//2329
f 2110//2329 2109//2329 2111//2329
f 2110//2330 2111//2330 2092//2330
f 2105//2331 2096//2331 2107//2331
f 2107//2332 2096//2332 2097//2332
f 2107//2333 2097//2333 2109//2333
f 2109//2334 2097//2334 2098//2334
f 2109//2335 2098//2335 2111//2335
f 2111//2335 2098//2335 2100//2335
f 2111//2336 2100//2336 2092//2336
f 2101//2337 2091//2337 2099//2337
f 2099//2338 2091//2338 2090//2338
f 2099//2320 2090//2320 2100//2320
f 2100//2339 2090//2339 2092//2339
f 2112//2340 2104//2340 2106//2340
f 2112//2341 2106//2341 2113//2341
f 2113//2342 2106//2342 2108//2342
f 2113//2343 2108//2343 2114//2343
f 2114//2344 2108//2344 2110//2344
f 2114//2345 2110//2345 2115//2345
f 2115//2346 2110//2346 2092//2346
f 2115//2347 2092//2347 2116//2347
f 2117//2348 2118//2348 2119//2348
f 2119//2348 2118//2348 2120//2348
f 2117//2349 2119//2349 2121//2349
f 2117//2350 2121//2350 2122//2350
f 2122//2351 2121//2351 2123//2351
f 2122//2352 2123//2352 2124//2352
f 2124//2353 2123//2353 2125//2353
f 2124//2345 2125//2345 2126//2345
f 2126//2346 2125//2346 2127//2346
f 2126//2347 2127//2347 2128//2347
f 2129//597 2130//597 2131//597
f 2131//597 2130//597 2128//597
f 2131//597 2128//597 2132//597
f 2132//597 2128//597 2127//597
f 2133//2354 2134//2354 2135//2354
f 2133//2355 2135//2355 2136//2355
f 2136//2356 2135//2356 2137//2356
f 2136//2357 2137//2357 2138//2357
f 2134//2358 2133//2358 2139//2358
f 2139//2359 2133//2359 2140//2359
f 2139//2360 2140//2360 2141//2360
f 2141//2361 2140//2361 2142//2361
f 2142//2362 2140//2362 2143//2362
f 2142//2363 2143//2363 2144//2363
f 2144//2364 2143//2364 2145//2364
f 2145//2365 2143//2365 2146//2365
f 2145//2366 2146//2366 2147//2366
f 2147//2367 2146//2367 2130//2367
f 2147//2368 2130//2368 2129//2368
f 2104//2348 2112//2348 2138//2348
f 2138//2348 2112//2348 2136//2348
f 2104//2369 2138//2369 2148//2369
f 2104//2369 2148//2369 2105//2369
f 2105//2370 2148//2370 2149//2370
f 2105//2371 2149//2371 2096//2371
f 2096//2372 2149//2372 2150//2372
f 2096//2372 2150//2372 2094//2372
f 2094//2373 2150//2373 2151//2373
f 2094//2373 2151//2373 2095//2373
f 2152//2374 2153//2374 2154//2374
f 2148//2375 2138//2375 2137//2375
f 2149//2376 2148//2376 2155//2376
f 2150//2377 2149//2377 2156//2377
f 2151//2378 2150//2378 2157//2378
f 2148//2379 2137//2379 2155//2379
f 2155//2380 2137//2380 2135//2380
f 2155//2381 2135//2381 2158//2381
f 2158//2382 2135//2382 2134//2382
f 2158//2383 2134//2383 2159//2383
f 2159//2384 2134//2384 2139//2384
f 2159//2385 2139//2385 2160//2385
f 2160//2386 2139//2386 2141//2386
f 2160//2387 2141//2387 2161//2387
f 2161//2388 2141//2388 2142//2388
f 2161//2389 2142//2389 2162//2389
f 2162//2390 2142//2390 2144//2390
f 2162//2391 2144//2391 2163//2391
f 2163//2392 2144//2392 2145//2392
f 2163//2393 2145//2393 2164//2393
f 2164//2394 2145//2394 2147//2394
f 2164//2395 2147//2395 2165//2395
f 2147//2396 2129//2396 2165//2396
f 2165//2397 2129//2397 2166//2397
f 2165//2398 2166//2398 2167//2398
f 2149//2399 2155//2399 2156//2399
f 2156//2400 2155//2400 2158//2400
f 2156//2401 2158//2401 2168//2401
f 2168//2402 2158//2402 2159//2402
f 2168//2403 2159//2403 2169//2403
f 2169//2404 2159//2404 2160//2404
f 2169//2405 2160//2405 2170//2405
f 2170//2406 2160//2406 2161//2406
f 2170//2407 2161//2407 2171//2407
f 2171//2408 2161//2408 2162//2408
f 2171//2409 2162//2409 2172//2409
f 2172//2410 2162//2410 2163//2410
f 2172//2411 2163//2411 2173//2411
f 2173//2412 2163//2412 2164//2412
f 2173//2413 2164//2413 2174//2413
f 2174//2414 2164//2414 2165//2414
f 2174//2415 2165//2415 2175//2415
f 2175//2416 2165//2416 2167//2416
f 2175//2417 2167//2417 2176//2417
f 2150//2418 2156//2418 2157//2418
f 2157//2419 2156//2419 2168//2419
f 2157//2420 2168//2420 2177//2420
f 2177//2421 2168//2421 2169//2421
f 2177//2422 2169//2422 2178//2422
f 2178//2423 2169//2423 2170//2423
f 2178//2424 2170//2424 2179//2424
f 2179//2425 2170//2425 2171//2425
f 2179//2426 2171//2426 2180//2426
f 2180//2427 2171//2427 2172//2427
f 2180//2428 2172//2428 2181//2428
f 2181//2429 2172//2429 2173//2429
f 2181//2430 2173//2430 2182//2430
f 2182//2431 2173//2431 2174//2431
f 2182//2432 2174//2432 2183//2432
f 2183//2433 2174//2433 2175//2433
f 2183//2434 2175//2434 2154//2434
f 2154//2435 2175//2435 2176//2435
f 2154//2436 2176//2436 2152//2436
f 2151//2437 2157//2437 2184//2437
f 2184//2438 2157//2438 2177//2438
f 2184//2439 2177//2439 2185//2439
f 2185//2440 2177//2440 2178//2440
f 2185//2441 2178//2441 2186//2441
f 2186//2442 2178//2442 2179//2442
f 2186//2443 2179//2443 2187//2443
f 2187//2444 2179//2444 2180//2444
f 2187//2445 2180//2445 2188//2445
f 2188//2446 2180//2446 2181//2446
f 2188//2447 2181//2447 2189//2447
f 2189//2448 2181//2448 2182//2448
f 2189//2449 2182//2449 2190//2449
f 2190//2450 2182//2450 2183//2450
f 2190//2451 2183//2451 2191//2451
f 2191//2452 2183//2452 2154//2452
f 2191//2453 2154//2453 2192//2453
f 2192//2454 2154//2454 2153//2454
f 2192//2455 2153//2455 2193//2455
f 2153//2456 2152//2456 2194//2456
f 2195//2457 2131//2457 2132//2457
f 2196//2458 2197//2458 2198//2458
f 2199//2459 2196//2459 2194//2459
f 2196//2460 2198//2460 2194//2460
f 2194//2461 2198//2461 2193//2461
f 2194//2462 2193//2462 2153//2462
f 2152//2463 2176//2463 2194//2463
f 2194//2464 2176//2464 2195//2464
f 2194//2465 2195//2465 2199//2465
f 2199//2457 2195//2457 2132//2457
f 2129//2466 2131//2466 2166//2466
f 2166//2467 2131//2467 2195//2467
f 2166//2468 2195//2468 2167//2468
f 2167//2469 2195//2469 2176//2469
f 2199//2470 2132//2470 2127//2470
f 2200//2471 2197//2471 2201//2471
f 2201//2472 2197//2472 2196//2472
f 2127//2473 2202//2473 2199//2473
f 2199//2474 2202//2474 2203//2474
f 2199//2475 2203//2475 2196//2475
f 2196//2476 2203//2476 2204//2476
f 2196//2477 2204//2477 2201//2477
f 2205//2478 2202//2478 2127//2478
f 2206//2479 2207//2479 2200//2479
f 2208//2480 2207//2480 2209//2480
f 2209//2481 2207//2481 2206//2481
f 2209//2482 2206//2482 2210//2482
f 2210//2482 2206//2482 2211//2482
f 2210//2483 2211//2483 2212//2483
f 2203//2484 2211//2484 2204//2484
f 2204//2485 2211//2485 2206//2485
f 2204//2486 2206//2486 2201//2486
f 2201//2487 2206//2487 2200//2487
f 2119//2488 2213//2488 2121//2488
f 2121//2489 2213//2489 2214//2489
f 2121//2490 2214//2490 2123//2490
f 2123//2490 2214//2490 2215//2490
f 2123//2491 2215//2491 2125//2491
f 2125//2491 2215//2491 2216//2491
f 2125//2492 2216//2492 2127//2492
f 2213//2493 2208//2493 2214//2493
f 2214//2494 2208//2494 2209//2494
f 2214//2495 2209//2495 2215//2495
f 2215//2495 2209//2495 2210//2495
f 2215//2496 2210//2496 2216//2496
f 2216//2496 2210//2496 2212//2496
f 2216//2497 2212//2497 2127//2497
f 2203//2498 2202//2498 2211//2498
f 2211//2499 2202//2499 2205//2499
f 2211//2500 2205//2500 2212//2500
f 2212//2501 2205//2501 2127//2501
f 2119//2502 2120//2502 2217//2502
f 2119//2503 2217//2503 2213//2503
f 2217//2504 2218//2504 2213//2504
f 2213//2505 2218//2505 2219//2505
f 2213//2505 2219//2505 2208//2505
f 2208//2506 2219//2506 2220//2506
f 2208//2506 2220//2506 2207//2506
f 2207//2507 2220//2507 2221//2507
f 2207//2507 2221//2507 2200//2507
f 2222//2508 2223//2508 2224//2508
f 2225//2509 2226//2509 2227//2509
f 2227//2510 2226//2510 2228//2510
f 2227//2511 2228//2511 2229//2511
f 2229//2512 2228//2512 2230//2512
f 2229//2513 2230//2513 2231//2513
f 2232//2514 2233//2514 2234//2514
f 2234//2515 2233//2515 2235//2515
f 2234//2516 2235//2516 2236//2516
f 2236//2517 2235//2517 2237//2517
f 2236//2518 2237//2518 2238//2518
f 2239//2519 2240//2519 2222//2519
f 2222//2520 2240//2520 2232//2520
f 2222//2521 2232//2521 2223//2521
f 2223//2522 2232//2522 2234//2522
f 2223//2523 2234//2523 2241//2523
f 2241//2524 2234//2524 2242//2524
f 2241//2525 2242//2525 2243//2525
f 2244//2526 2245//2526 2239//2526
f 2120//2527 2245//2527 2217//2527
f 2217//2528 2245//2528 2244//2528
f 2217//2529 2244//2529 2218//2529
f 2224//2530 2246//2530 2247//2530
f 2247//2531 2246//2531 2248//2531
f 2247//2532 2248//2532 2249//2532
f 2249//2533 2248//2533 2250//2533
f 2249//2534 2250//2534 2251//2534
f 2239//2535 2222//2535 2244//2535
f 2244//2536 2222//2536 2224//2536
f 2244//2537 2224//2537 2218//2537
f 2218//2538 2224//2538 2247//2538
f 2218//2539 2247//2539 2219//2539
f 2219//2540 2247//2540 2249//2540
f 2219//2541 2249//2541 2220//2541
f 2220//2542 2249//2542 2251//2542
f 2220//2543 2251//2543 2221//2543
f 2252//2544 2225//2544 2253//2544
f 2253//2545 2225//2545 2227//2545
f 2253//2546 2227//2546 2254//2546
f 2254//2547 2227//2547 2229//2547
f 2254//2548 2229//2548 2255//2548
f 2255//2549 2229//2549 2231//2549
f 2255//2550 2231//2550 2256//2550
f 2257//2551 2243//2551 2258//2551
f 2258//2552 2243//2552 2242//2552
f 2258//2553 2242//2553 2259//2553
f 2259//2554 2242//2554 2234//2554
f 2259//2555 2234//2555 2260//2555
f 2260//2556 2234//2556 2236//2556
f 2257//2557 2256//2557 2243//2557
f 2243//2558 2256//2558 2231//2558
f 2243//2559 2231//2559 2241//2559
f 2241//2560 2231//2560 2230//2560
f 2241//2561 2230//2561 2223//2561
f 2223//2562 2230//2562 2228//2562
f 2223//2563 2228//2563 2224//2563
f 2224//2564 2228//2564 2226//2564
f 2224//2565 2226//2565 2246//2565
f 2246//2566 2226//2566 2225//2566
f 2246//2567 2225//2567 2248//2567
f 2248//2568 2225//2568 2252//2568
f 2248//2569 2252//2569 2250//2569
f 2120//2570 2118//2570 2245//2570
f 2245//2571 2118//2571 2261//2571
f 2245//2572 2261//2572 2239//2572
f 2239//2573 2261//2573 2262//2573
f 2235//2574 2233//2574 2263//2574
f 2263//2575 2233//2575 2232//2575
f 2263//2576 2232//2576 2262//2576
f 2262//2577 2232//2577 2240//2577
f 2262//2578 2240//2578 2239//2578
f 2235//2579 2263//2579 2237//2579
f 2237//2580 2263//2580 2264//2580
f 2237//2581 2264//2581 2238//2581
f 2265//2582 2266//2582 2267//2582
f 2267//2583 2266//2583 2268//2583
f 2267//2584 2268//2584 2269//2584
f 2269//2585 2268//2585 2270//2585
f 2269//2586 2270//2586 2271//2586
f 2272//2587 2273//2587 2274//2587
f 2275//2588 2276//2588 2274//2588
f 2272//2589 2274//2589 2277//2589
f 2277//2590 2274//2590 2276//2590
f 2277//2591 2276//2591 2278//2591
f 2279//2592 2280//2592 2281//2592
f 2279//2593 2282//2593 2283//2593
f 2283//2594 2282//2594 2284//2594
f 2283//2595 2284//2595 2285//2595
f 2285//2596 2284//2596 2286//2596
f 2287//2597 2288//2597 2289//2597
f 2289//2598 2288//2598 2290//2598
f 2281//2599 2280//2599 2289//2599
f 2289//2600 2280//2600 2291//2600
f 2289//2601 2291//2601 2287//2601
f 2292//2602 2293//2602 2294//2602
f 2294//2603 2293//2603 2295//2603
f 2294//2604 2295//2604 2296//2604
f 2279//2605 2281//2605 2282//2605
f 2282//2606 2281//2606 2289//2606
f 2282//2607 2289//2607 2295//2607
f 2295//2608 2289//2608 2290//2608
f 2295//2609 2290//2609 2296//2609
f 2275//2610 2265//2610 2297//2610
f 2297//2611 2265//2611 2267//2611
f 2297//2612 2267//2612 2298//2612
f 2298//2613 2267//2613 2269//2613
f 2298//2614 2269//2614 2299//2614
f 2299//2615 2269//2615 2271//2615
f 2299//2616 2271//2616 2300//2616
f 2282//2617 2273//2617 2284//2617
f 2284//2618 2273//2618 2272//2618
f 2284//2619 2272//2619 2301//2619
f 2301//2620 2272//2620 2277//2620
f 2301//2621 2277//2621 2302//2621
f 2302//2622 2277//2622 2278//2622
f 2302//2623 2278//2623 2303//2623
f 2304//2624 2286//2624 2305//2624
f 2305//2625 2286//2625 2284//2625
f 2305//2626 2284//2626 2306//2626
f 2306//2627 2284//2627 2301//2627
f 2306//2628 2301//2628 2307//2628
f 2307//2629 2301//2629 2302//2629
f 2307//2630 2302//2630 2308//2630
f 2308//2631 2302//2631 2303//2631
f 2308//2632 2303//2632 2309//2632
f 2275//2633 2274//2633 2265//2633
f 2265//2634 2274//2634 2273//2634
f 2265//2635 2273//2635 2266//2635
f 2266//2636 2273//2636 2282//2636
f 2266//2637 2282//2637 2268//2637
f 2268//2638 2282//2638 2295//2638
f 2268//2639 2295//2639 2270//2639
f 2270//2640 2295//2640 2293//2640
f 2270//2641 2293//2641 2271//2641
f 2271//2642 2293//2642 2292//2642
f 2271//2643 2292//2643 2300//2643
f 2310//2644 2311//2644 2288//2644
f 2288//2644 2311//2644 2312//2644
f 2310//2645 2288//2645 2313//2645
f 2313//2646 2288//2646 2287//2646
f 2287//2647 2291//2647 2313//2647
f 2313//2648 2291//2648 2280//2648
f 2313//2649 2280//2649 2314//2649
f 2314//2650 2280//2650 2315//2650
f 2315//2651 2280//2651 2279//2651
f 2315//2652 2279//2652 2283//2652
f 2304//2653 2316//2653 2286//2653
f 2286//2654 2316//2654 2315//2654
f 2286//2655 2315//2655 2285//2655
f 2285//2656 2315//2656 2283//2656
f 2304//820 2238//820 2316//820
f 2316//820 2238//820 2264//820
f 2308//2657 2258//2657 2307//2657
f 2307//2657 2258//2657 2259//2657
f 2307//2658 2259//2658 2306//2658
f 2306//2658 2259//2658 2260//2658
f 2306//2659 2260//2659 2305//2659
f 2305//2660 2260//2660 2236//2660
f 2305//2661 2236//2661 2304//2661
f 2304//2661 2236//2661 2238//2661
f 2308//2662 2309//2662 2258//2662
f 2258//2663 2309//2663 2317//2663
f 2258//2664 2317//2664 2257//2664
f 2251//2665 2250//2665 2318//2665
f 2251//2666 2318//2666 2221//2666
f 2221//2667 2318//2667 2197//2667
f 2221//2668 2197//2668 2200//2668
f 2250//2669 2252//2669 2318//2669
f 2318//2670 2252//2670 2253//2670
f 2318//2671 2253//2671 2254//2671
f 2254//2672 2255//2672 2318//2672
f 2318//2673 2255//2673 2256//2673
f 2318//2674 2256//2674 2319//2674
f 2319//2675 2256//2675 2257//2675
f 2319//2676 2257//2676 2320//2676
f 2320//2677 2257//2677 2317//2677
f 2320//2678 2317//2678 2321//2678
f 2321//2679 2317//2679 2309//2679
f 2321//2680 2309//2680 2089//2680
f 2309//2681 2303//2681 2089//2681
f 2089//2682 2303//2682 2278//2682
f 2089//2683 2278//2683 2276//2683
f 2276//2684 2275//2684 2089//2684
f 2089//2685 2275//2685 2297//2685
f 2089//2686 2297//2686 2298//2686
f 2322//2687 2323//2687 2300//2687
f 2300//2688 2323//2688 2089//2688
f 2300//2689 2089//2689 2299//2689
f 2299//2690 2089//2690 2298//2690
f 2288//2691 2312//2691 2290//2691
f 2290//2692 2312//2692 2324//2692
f 2290//2693 2324//2693 2296//2693
f 2296//2694 2324//2694 2325//2694
f 2296//2694 2325//2694 2294//2694
f 2294//2695 2325//2695 2326//2695
f 2294//2695 2326//2695 2292//2695
f 2292//2696 2326//2696 2322//2696
f 2292//2696 2322//2696 2300//2696
f 2322//2697 2326//2697 2327//2697
f 2327//2698 2326//2698 2328//2698
f 2327//2699 2328//2699 2329//2699
f 2329//2699 2328//2699 2330//2699
f 2329//2700 2330//2700 2331//2700
f 2331//2700 2330//2700 2332//2700
f 2331//2701 2332//2701 2333//2701
f 2325//2702 2324//2702 2334//2702
f 2334//2703 2324//2703 2335//2703
f 2334//2704 2335//2704 2336//2704
f 2336//2704 2335//2704 2337//2704
f 2336//2705 2337//2705 2338//2705
f 2338//2706 2337//2706 2339//2706
f 2338//2707 2339//2707 2333//2707
f 2324//2708 2312//2708 2335//2708
f 2335//2709 2312//2709 2340//2709
f 2335//2710 2340//2710 2337//2710
f 2337//2710 2340//2710 2341//2710
f 2337//2711 2341//2711 2339//2711
f 2339//2711 2341//2711 2342//2711
f 2339//2712 2342//2712 2333//2712
f 2326//2713 2325//2713 2328//2713
f 2328//2714 2325//2714 2334//2714
f 2328//2715 2334//2715 2330//2715
f 2330//2715 2334//2715 2336//2715
f 2330//2716 2336//2716 2332//2716
f 2332//2716 2336//2716 2338//2716
f 2332//2717 2338//2717 2333//2717
f 2343//2718 2333//2718 2342//2718
f 2343//2719 2342//2719 2344//2719
f 2344//2720 2342//2720 2341//2720
f 2344//2721 2341//2721 2345//2721
f 2345//2722 2341//2722 2340//2722
f 2345//2723 2340//2723 2346//2723
f 2346//2724 2340//2724 2312//2724
f 2346//2725 2312//2725 2311//2725
f 2347//2726 2348//2726 2349//2726
f 2350//2727 2351//2727 2352//2727
f 2352//2728 2353//2728 2350//2728
f 2350//2729 2353//2729 2354//2729
f 2350//2730 2354//2730 2355//2730
f 2356//2731 2357//2731 2351//2731
f 2351//2732 2357//2732 2358//2732
f 2358//2733 2359//2733 2351//2733
f 2351//2734 2359//2734 2360//2734
f 2351//2735 2360//2735 2352//2735
f 2361//2736 2362//2736 2363//2736
f 2361//2737 2363//2737 2364//2737
f 2364//2738 2363//2738 2350//2738
f 2364//2739 2350//2739 2349//2739
f 2349//2740 2350//2740 2355//2740
f 2349//2741 2355//2741 2347//2741
f 2365//2742 2356//2742 2366//2742
f 2366//2742 2356//2742 2351//2742
f 2366//2743 2351//2743 2367//2743
f 2367//2744 2351//2744 2350//2744
f 2367//2745 2350//2745 2368//2745
f 2368//2746 2350//2746 2363//2746
f 2357//2747 2369//2747 2358//2747
f 2358//2748 2369//2748 2370//2748
f 2354//2749 2353//2749 2371//2749
f 2371//2750 2353//2750 2352//2750
f 2371//2751 2352//2751 2372//2751
f 2372//2752 2352//2752 2360//2752
f 2372//2753 2360//2753 2370//2753
f 2370//2754 2360//2754 2359//2754
f 2370//2755 2359//2755 2358//2755
f 2354//2756 2371//2756 2355//2756
f 2355//2757 2371//2757 2373//2757
f 2355//2758 2373//2758 2347//2758
f 2347//2759 2373//2759 2374//2759
f 2347//2760 2374//2760 2348//2760
f 2356//597 2365//597 2375//597
f 2376//597 2369//597 2377//597
f 2377//597 2369//597 2357//597
f 2375//597 2378//597 2356//597
f 2356//597 2378//597 2379//597
f 2356//597 2379//597 2357//597
f 2357//597 2379//597 2380//597
f 2357//597 2380//597 2377//597
f 2381//2761 2382//2761 2376//2761
f 2376//2761 2382//2761 2369//2761
f 2369//2762 2382//2762 2370//2762
f 2370//2763 2382//2763 2383//2763
f 2370//2764 2383//2764 2372//2764
f 2372//2765 2383//2765 2384//2765
f 2372//2766 2384//2766 2371//2766
f 2371//2767 2384//2767 2385//2767
f 2371//2768 2385//2768 2373//2768
f 2373//2769 2385//2769 2386//2769
f 2373//2770 2386//2770 2374//2770
f 2387//2771 2388//2771 2389//2771
f 2388//2772 2387//2772 2390//2772
f 2391//2773 2390//2773 2392//2773
f 2393//2774 2394//2774 2391//2774
f 2391//2774 2395//2774 2393//2774
f 2393//2775 2395//2775 2396//2775
f 2393//2775 2396//2775 2397//2775
f 2397//2776 2396//2776 2398//2776
f 2398//2777 2396//2777 2399//2777
f 2399//2778 2396//2778 2400//2778
f 2399//2779 2400//2779 2401//2779
f 2401//2780 2400//2780 2402//2780
f 2401//2781 2402//2781 2403//2781
f 2403//2782 2402//2782 2404//2782
f 2403//2782 2404//2782 2405//2782
f 2405//2783 2404//2783 2383//2783
f 2405//2783 2383//2783 2382//2783
f 2389//2771 2406//2771 2387//2771
f 2387//2784 2406//2784 2407//2784
f 2387//2784 2407//2784 2408//2784
f 2408//2785 2407//2785 2409//2785
f 2408//2786 2409//2786 2410//2786
f 2410//2787 2409//2787 2411//2787
f 2410//2788 2411//2788 2412//2788
f 2412//2789 2411//2789 2413//2789
f 2412//2789 2413//2789 2414//2789
f 2414//2790 2413//2790 2386//2790
f 2414//2790 2386//2790 2385//2790
f 2391//2791 2392//2791 2395//2791
f 2395//2792 2392//2792 2415//2792
f 2395//2792 2415//2792 2396//2792
f 2396//2793 2415//2793 2416//2793
f 2396//2794 2416//2794 2400//2794
f 2400//2795 2416//2795 2417//2795
f 2400//2795 2417//2795 2402//2795
f 2402//2796 2417//2796 2418//2796
f 2402//2797 2418//2797 2404//2797
f 2404//2798 2418//2798 2384//2798
f 2404//2798 2384//2798 2383//2798
f 2390//2772 2387//2772 2392//2772
f 2392//2799 2387//2799 2408//2799
f 2392//2800 2408//2800 2415//2800
f 2415//2801 2408//2801 2410//2801
f 2415//2802 2410//2802 2416//2802
f 2416//2803 2410//2803 2412//2803
f 2416//2804 2412//2804 2417//2804
f 2417//2805 2412//2805 2414//2805
f 2417//2805 2414//2805 2418//2805
f 2418//2806 2414//2806 2385//2806
f 2418//2807 2385//2807 2384//2807
f 2394//2808 2419//2808 2420//2808
f 2394//2809 2420//2809 2391//2809
f 2391//2810 2420//2810 2421//2810
f 2391//2811 2421//2811 2390//2811
f 2390//2812 2421//2812 2422//2812
f 2390//2813 2422//2813 2388//2813
f 2422//2814 2423//2814 2388//2814
f 2388//2815 2423//2815 2424//2815
f 2388//2816 2424//2816 2389//2816
f 2425//2817 2426//2817 2427//2817
f 2428//2818 2429//2818 2430//2818
f 2431//2819 2432//2819 2433//2819
f 2433//2820 2432//2820 2434//2820
f 2429//2821 2428//2821 2435//2821
f 2428//2822 2436//2822 2435//2822
f 2435//2823 2436//2823 2427//2823
f 2435//2823 2427//2823 2437//2823
f 2437//2824 2427//2824 2426//2824
f 2437//2824 2426//2824 2438//2824
f 2439//2825 2438//2825 2440//2825
f 2440//2825 2438//2825 2426//2825
f 2440//2826 2426//2826 2441//2826
f 2441//2826 2426//2826 2425//2826
f 2441//2827 2425//2827 2442//2827
f 2428//2828 2443//2828 2436//2828
f 2436//2829 2443//2829 2431//2829
f 2436//2830 2431//2830 2427//2830
f 2427//2831 2431//2831 2433//2831
f 2427//2832 2433//2832 2425//2832
f 2425//2833 2433//2833 2434//2833
f 2425//2834 2434//2834 2442//2834
f 2444//2112 2439//2112 2445//2112
f 2445//2112 2439//2112 2446//2112
f 2445//2112 2446//2112 2447//2112
f 2448//2835 2449//2835 2450//2835
f 2451//2836 2452//2836 2453//2836
f 2453//2837 2452//2837 2454//2837
f 2453//2838 2454//2838 2455//2838
f 2454//2839 2456//2839 2455//2839
f 2455//2840 2456//2840 2457//2840
f 2455//2841 2457//2841 2458//2841
f 2458//2842 2457//2842 2459//2842
f 2458//2843 2459//2843 2460//2843
f 2459//2844 2461//2844 2460//2844
f 2460//2845 2461//2845 2462//2845
f 2460//2846 2462//2846 2463//2846
f 2463//2847 2462//2847 2464//2847
f 2448//2848 2450//2848 2465//2848
f 2465//2849 2450//2849 2466//2849
f 2465//2850 2466//2850 2467//2850
f 2467//2851 2466//2851 2468//2851
f 2467//2852 2468//2852 2464//2852
f 2464//2853 2468//2853 2469//2853
f 2464//2854 2469//2854 2463//2854
f 2470//2855 2449//2855 2471//2855
f 2472//2856 2473//2856 2474//2856
f 2474//2857 2473//2857 2475//2857
f 2474//2858 2475//2858 2476//2858
f 2477//2859 2472//2859 2478//2859
f 2478//2860 2472//2860 2474//2860
f 2478//2861 2474//2861 2479//2861
f 2479//2862 2474//2862 2480//2862
f 2479//2863 2480//2863 2481//2863
f 2481//2864 2480//2864 2482//2864
f 2481//2865 2482//2865 2483//2865
f 2483//2866 2482//2866 2484//2866
f 2483//2867 2484//2867 2485//2867
f 2470//2868 2471//2868 2486//2868
f 2487//2869 2488//2869 2489//2869
f 2449//2870 2448//2870 2471//2870
f 2471//2871 2448//2871 2487//2871
f 2471//2872 2487//2872 2486//2872
f 2486//2873 2487//2873 2489//2873
f 2490//2874 2491//2874 2457//2874
f 2452//2875 2492//2875 2454//2875
f 2454//2876 2492//2876 2490//2876
f 2454//2877 2490//2877 2456//2877
f 2456//2878 2490//2878 2457//2878
f 2448//2879 2465//2879 2487//2879
f 2487//2880 2465//2880 2467//2880
f 2487//2881 2467//2881 2488//2881
f 2488//2882 2467//2882 2464//2882
f 2488//2883 2464//2883 2493//2883
f 2493//2884 2464//2884 2462//2884
f 2493//2885 2462//2885 2494//2885
f 2494//2886 2462//2886 2461//2886
f 2494//2887 2461//2887 2491//2887
f 2491//2888 2461//2888 2459//2888
f 2491//2889 2459//2889 2457//2889
f 2476//2890 2495//2890 2474//2890
f 2474//2891 2495//2891 2496//2891
f 2474//2892 2496//2892 2480//2892
f 2480//2893 2496//2893 2497//2893
f 2480//2894 2497//2894 2482//2894
f 2482//2895 2497//2895 2498//2895
f 2482//2896 2498//2896 2484//2896
f 2484//2897 2498//2897 2499//2897
f 2484//2898 2499//2898 2485//2898
f 2492//2899 2477//2899 2490//2899
f 2490//2900 2477//2900 2478//2900
f 2490//2901 2478//2901 2491//2901
f 2491//2902 2478//2902 2479//2902
f 2491//2903 2479//2903 2494//2903
f 2494//2904 2479//2904 2481//2904
f 2494//2905 2481//2905 2493//2905
f 2493//2906 2481//2906 2483//2906
f 2493//2907 2483//2907 2488//2907
f 2488//2908 2483//2908 2485//2908
f 2488//2909 2485//2909 2489//2909
f 2500//2910 2501//2910 2502//2910
f 2503//2911 2504//2911 2502//2911
f 2502//2912 2504//2912 2505//2912
f 2502//2913 2505//2913 2500//2913
f 2506//2914 2507//2914 2508//2914
f 2508//2915 2507//2915 2509//2915
f 2508//2916 2509//2916 2510//2916
f 2510//2917 2509//2917 2503//2917
f 2510//2918 2503//2918 2511//2918
f 2511//2919 2503//2919 2502//2919
f 2512//2920 2513//2920 2514//2920
f 2514//2921 2513//2921 2515//2921
f 2514//2922 2515//2922 2516//2922
f 2516//2923 2515//2923 2517//2923
f 2516//2924 2517//2924 2518//2924
f 2518//2925 2517//2925 2519//2925
f 2512//2926 2506//2926 2513//2926
f 2513//2927 2506//2927 2508//2927
f 2513//2928 2508//2928 2520//2928
f 2520//2929 2508//2929 2510//2929
f 2520//2930 2510//2930 2521//2930
f 2521//2931 2510//2931 2511//2931
f 2521//2932 2511//2932 2522//2932
f 2522//2933 2511//2933 2502//2933
f 2522//2934 2502//2934 2523//2934
f 2523//2935 2502//2935 2501//2935
f 2523//2936 2501//2936 2524//2936
f 2525//2937 2526//2937 2527//2937
f 2525//2938 2527//2938 2524//2938
f 2528//2939 2521//2939 2529//2939
f 2529//2940 2521//2940 2522//2940
f 2529//2941 2522//2941 2527//2941
f 2527//2942 2522//2942 2523//2942
f 2527//2943 2523//2943 2524//2943
f 2530//2944 2519//2944 2531//2944
f 2531//2945 2519//2945 2517//2945
f 2531//2946 2517//2946 2532//2946
f 2532//2947 2517//2947 2515//2947
f 2532//2948 2515//2948 2533//2948
f 2533//2949 2515//2949 2513//2949
f 2533//2950 2513//2950 2528//2950
f 2528//2951 2513//2951 2520//2951
f 2528//2952 2520//2952 2521//2952
f 2476//2953 2531//2953 2495//2953
f 2495//2954 2531//2954 2532//2954
f 2495//2955 2532//2955 2533//2955
f 2528//2956 2497//2956 2533//2956
f 2533//2957 2497//2957 2496//2957
f 2533//2958 2496//2958 2495//2958
f 2526//2959 2534//2959 2527//2959
f 2527//2960 2534//2960 2535//2960
f 2527//2961 2535//2961 2529//2961
f 2528//2962 2529//2962 2497//2962
f 2497//2963 2529//2963 2535//2963
f 2497//2964 2535//2964 2498//2964
f 2498//2965 2535//2965 2536//2965
f 2498//2966 2536//2966 2499//2966
f 2486//2967 2489//2967 2537//2967
f 2537//2968 2489//2968 2485//2968
f 2499//2969 2536//2969 2485//2969
f 2485//2970 2536//2970 2538//2970
f 2485//2971 2538//2971 2537//2971
f 2486//2972 2537//2972 2470//2972
f 2470//2973 2537//2973 2539//2973
f 2470//2974 2539//2974 2449//2974
f 2534//2975 2526//2975 2525//2975
f 2540//2976 2534//2976 2541//2976
f 2541//2976 2534//2976 2525//2976
f 2541//2977 2525//2977 2542//2977
f 2542//2977 2525//2977 2446//2977
f 2441//2978 2442//2978 2540//2978
f 2540//2979 2541//2979 2441//2979
f 2441//2980 2541//2980 2542//2980
f 2441//2981 2542//2981 2440//2981
f 2440//2982 2542//2982 2446//2982
f 2440//2983 2446//2983 2439//2983
f 2431//2984 2443//2984 2543//2984
f 2543//2985 2443//2985 2428//2985
f 2442//2986 2434//2986 2543//2986
f 2543//2987 2434//2987 2432//2987
f 2543//2988 2432//2988 2431//2988
f 2540//2989 2442//2989 2544//2989
f 2544//2990 2442//2990 2543//2990
f 2544//2991 2543//2991 2430//2991
f 2430//2992 2543//2992 2428//2992
f 2545//2993 2539//2993 2546//2993
f 2546//2994 2539//2994 2537//2994
f 2546//2995 2537//2995 2547//2995
f 2535//1873 2534//1873 2536//1873
f 2536//2996 2534//2996 2540//2996
f 2536//2997 2540//2997 2538//2997
f 2538//2998 2540//2998 2544//2998
f 2538//2999 2544//2999 2537//2999
f 2537//3000 2544//3000 2548//3000
f 2537//3001 2548//3001 2547//3001
f 2430//3002 2429//3002 2544//3002
f 2544//3003 2429//3003 2549//3003
f 2544//3004 2549//3004 2548//3004
f 2548//3005 2549//3005 2550//3005
f 2548//3006 2550//3006 2547//3006
f 2547//3007 2550//3007 2551//3007
f 2547//3008 2551//3008 2546//3008
f 2546//3009 2551//3009 2552//3009
f 2546//3010 2552//3010 2545//3010
f 2545//3011 2552//3011 2419//3011
f 2545//3012 2419//3012 2553//3012
f 2439//3013 2444//3013 2554//3013
f 2439//3014 2554//3014 2438//3014
f 2438//3015 2554//3015 2555//3015
f 2438//3016 2555//3016 2437//3016
f 2555//3017 2556//3017 2437//3017
f 2437//3018 2556//3018 2557//3018
f 2437//3019 2557//3019 2435//3019
f 2435//3020 2557//3020 2558//3020
f 2435//3021 2558//3021 2429//3021
f 2429//3022 2558//3022 2559//3022
f 2429//3023 2559//3023 2549//3023
f 2419//820 2394//820 2553//820
f 2553//820 2394//820 2560//820
f 2560//3024 2394//3024 2561//3024
f 2561//3025 2394//3025 2393//3025
f 2561//3026 2393//3026 2562//3026
f 2393//3027 2397//3027 2562//3027
f 2562//3028 2397//3028 2398//3028
f 2562//1838 2398//1838 2563//1838
f 2563//3029 2398//3029 2399//3029
f 2563//3030 2399//3030 2401//3030
f 2382//3031 2381//3031 2405//3031
f 2405//3032 2381//3032 2564//3032
f 2405//3033 2564//3033 2403//3033
f 2403//3034 2564//3034 2565//3034
f 2403//3035 2565//3035 2401//3035
f 2401//3036 2565//3036 2566//3036
f 2401//3037 2566//3037 2563//3037
f 2380//3038 2379//3038 2567//3038
f 2568//3039 2569//3039 2570//3039
f 2570//3040 2569//3040 2571//3040
f 2376//3041 2377//3041 2572//3041
f 2572//3042 2377//3042 2380//3042
f 2572//3042 2380//3042 2568//3042
f 2568//3043 2380//3043 2567//3043
f 2568//3044 2567//3044 2569//3044
f 2572//3045 2573//3045 2376//3045
f 2376//3046 2573//3046 2566//3046
f 2376//3047 2566//3047 2381//3047
f 2381//3048 2566//3048 2565//3048
f 2381//3049 2565//3049 2564//3049
f 2567//3050 2574//3050 2569//3050
f 2569//3051 2574//3051 2575//3051
f 2569//3052 2575//3052 2571//3052
f 2571//3053 2575//3053 2574//3053
f 2571//3054 2574//3054 2378//3054
f 2378//3055 2574//3055 2567//3055
f 2378//3056 2567//3056 2379//3056
f 2570//3057 2571//3057 2576//3057
f 2576//3058 2571//3058 2577//3058
f 2571//3059 2378//3059 2375//3059
f 2375//3060 2578//3060 2571//3060
f 2571//3061 2578//3061 2579//3061
f 2571//3062 2579//3062 2577//3062
f 2576//3063 2580//3063 2570//3063
f 2570//3064 2580//3064 2581//3064
f 2570//3065 2581//3065 2568//3065
f 2568//3066 2581//3066 2582//3066
f 2568//3067 2582//3067 2572//3067
f 2572//3068 2582//3068 2583//3068
f 2572//3069 2583//3069 2573//3069
f 2375//2718 2365//2718 2584//2718
f 2375//2719 2584//2719 2578//2719
f 2578//2720 2584//2720 2585//2720
f 2578//3070 2585//3070 2579//3070
f 2579//3071 2585//3071 2586//3071
f 2579//3072 2586//3072 2577//3072
f 2577//3073 2586//3073 2587//3073
f 2577//3074 2587//3074 2588//3074
f 2365//3075 2366//3075 2589//3075
f 2589//3076 2366//3076 2367//3076
f 2589//3077 2367//3077 2590//3077
f 2590//3078 2367//3078 2368//3078
f 2590//3079 2368//3079 2591//3079
f 2591//3080 2368//3080 2363//3080
f 2591//3081 2363//3081 2592//3081
f 2592//3081 2363//3081 2362//3081
f 2593//3082 2594//3082 2595//3082
f 2595//3083 2594//3083 2596//3083
f 2595//3084 2596//3084 2597//3084
f 2597//3084 2596//3084 2598//3084
f 2597//3085 2598//3085 2599//3085
f 2599//3085 2598//3085 2600//3085
f 2599//3086 2600//3086 2365//3086
f 2594//3087 2587//3087 2596//3087
f 2596//3088 2587//3088 2586//3088
f 2596//3089 2586//3089 2598//3089
f 2598//3089 2586//3089 2585//3089
f 2598//3090 2585//3090 2600//3090
f 2600//3090 2585//3090 2584//3090
f 2600//3091 2584//3091 2365//3091
f 2592//3092 2593//3092 2591//3092
f 2591//3093 2593//3093 2595//3093
f 2591//3094 2595//3094 2590//3094
f 2590//3094 2595//3094 2597//3094
f 2590//3095 2597//3095 2589//3095
f 2589//3095 2597//3095 2599//3095
f 2589//3096 2599//3096 2365//3096
f 2362//3097 2601//3097 2602//3097
f 2362//3097 2602//3097 2592//3097
f 2592//3098 2602//3098 2603//3098
f 2592//3098 2603//3098 2593//3098
f 2593//3099 2603//3099 2604//3099
f 2593//3100 2604//3100 2594//3100
f 2594//3101 2604//3101 2605//3101
f 2594//3101 2605//3101 2587//3101
f 2606//2644 2588//2644 2605//2644
f 2605//2644 2588//2644 2587//2644
f 2606//3102 2605//3102 2607//3102
f 2606//3103 2607//3103 2608//3103
f 2607//3104 2609//3104 2608//3104
f 2608//3105 2609//3105 2610//3105
f 2608//3106 2610//3106 2611//3106
f 2610//3107 2612//3107 2611//3107
f 2611//3108 2612//3108 2613//3108
f 2611//3109 2613//3109 2614//3109
f 2614//3110 2613//3110 2615//3110
f 2614//3111 2615//3111 2616//3111
f 2617//3112 2618//3112 2619//3112
f 2619//3113 2618//3113 2614//3113
f 2619//3114 2614//3114 2620//3114
f 2620//3115 2614//3115 2616//3115
f 2621//597 2333//597 2343//597
f 2621//597 2343//597 2622//597
f 2622//597 2343//597 2618//597
f 2622//597 2618//597 2617//597
f 2623//3116 2624//3116 2323//3116
f 2625//3117 2621//3117 2622//3117
f 2626//3118 2625//3118 2627//3118
f 2625//3117 2622//3117 2627//3117
f 2627//3119 2622//3119 2617//3119
f 2627//3120 2617//3120 2628//3120
f 2628//3121 2629//3121 2627//3121
f 2627//3122 2629//3122 2623//3122
f 2627//3118 2623//3118 2626//3118
f 2626//3116 2623//3116 2323//3116
f 2630//3123 2624//3123 2631//3123
f 2631//3123 2624//3123 2623//3123
f 2631//3124 2623//3124 2632//3124
f 2632//3125 2623//3125 2629//3125
f 2629//3126 2628//3126 2633//3126
f 2602//3127 2601//3127 2634//3127
f 2603//3128 2602//3128 2635//3128
f 2604//3129 2603//3129 2636//3129
f 2605//3130 2604//3130 2637//3130
f 2602//3131 2634//3131 2635//3131
f 2635//3132 2634//3132 2638//3132
f 2635//3133 2638//3133 2639//3133
f 2639//3134 2638//3134 2640//3134
f 2639//3135 2640//3135 2641//3135
f 2641//3136 2640//3136 2642//3136
f 2641//3137 2642//3137 2643//3137
f 2643//3138 2642//3138 2644//3138
f 2643//3139 2644//3139 2645//3139
f 2645//3140 2644//3140 2646//3140
f 2645//3141 2646//3141 2647//3141
f 2647//3142 2646//3142 2648//3142
f 2647//3143 2648//3143 2649//3143
f 2649//3144 2648//3144 2650//3144
f 2649//3145 2650//3145 2651//3145
f 2651//3146 2650//3146 2652//3146
f 2651//3147 2652//3147 2653//3147
f 2653//3148 2652//3148 2630//3148
f 2653//3149 2630//3149 2631//3149
f 2603//3150 2635//3150 2636//3150
f 2636//3151 2635//3151 2639//3151
f 2636//3152 2639//3152 2654//3152
f 2654//3153 2639//3153 2641//3153
f 2654//3154 2641//3154 2655//3154
f 2655//3155 2641//3155 2643//3155
f 2655//3156 2643//3156 2656//3156
f 2656//3157 2643//3157 2645//3157
f 2656//3158 2645//3158 2657//3158
f 2657//3159 2645//3159 2647//3159
f 2657//3160 2647//3160 2658//3160
f 2658//3161 2647//3161 2649//3161
f 2658//3162 2649//3162 2659//3162
f 2659//3163 2649//3163 2651//3163
f 2659//3164 2651//3164 2660//3164
f 2660//3165 2651//3165 2653//3165
f 2660//3166 2653//3166 2661//3166
f 2661//3167 2653//3167 2631//3167
f 2661//3168 2631//3168 2632//3168
f 2604//3169 2636//3169 2637//3169
f 2637//3170 2636//3170 2654//3170
f 2637//3171 2654//3171 2662//3171
f 2662//3172 2654//3172 2655//3172
f 2662//3173 2655//3173 2663//3173
f 2663//3174 2655//3174 2656//3174
f 2663//3175 2656//3175 2664//3175
f 2664//3176 2656//3176 2657//3176
f 2664//3177 2657//3177 2665//3177
f 2665//3178 2657//3178 2658//3178
f 2665//3179 2658//3179 2666//3179
f 2666//3180 2658//3180 2659//3180
f 2666//3181 2659//3181 2667//3181
f 2667//3182 2659//3182 2660//3182
f 2667//3183 2660//3183 2668//3183
f 2668//3184 2660//3184 2661//3184
f 2668//3185 2661//3185 2633//3185
f 2633//3186 2661//3186 2632//3186
f 2633//3187 2632//3187 2629//3187
f 2605//3188 2637//3188 2607//3188
f 2607//3189 2637//3189 2662//3189
f 2607//3190 2662//3190 2609//3190
f 2609//3191 2662//3191 2663//3191
f 2609//3192 2663//3192 2610//3192
f 2610//3193 2663//3193 2664//3193
f 2610//3194 2664//3194 2612//3194
f 2612//3195 2664//3195 2665//3195
f 2612//3196 2665//3196 2613//3196
f 2613//3197 2665//3197 2666//3197
f 2613//3198 2666//3198 2615//3198
f 2615//3199 2666//3199 2667//3199
f 2615//3200 2667//3200 2616//3200
f 2616//3201 2667//3201 2668//3201
f 2616//3202 2668//3202 2620//3202
f 2620//3203 2668//3203 2633//3203
f 2620//3204 2633//3204 2619//3204
f 2619//3205 2633//3205 2628//3205
f 2619//3206 2628//3206 2617//3206
f 2089//3207 2323//3207 2087//3207
f 2087//3208 2323//3208 2624//3208
f 2087//3209 2624//3209 2082//3209
f 2082//3210 2624//3210 2630//3210
f 2082//3211 2630//3211 2083//3211
f 2630//3212 2652//3212 2083//3212
f 2083//3213 2652//3213 2650//3213
f 2083//3214 2650//3214 2648//3214
f 2640//3215 2081//3215 2642//3215
f 2642//3216 2081//3216 2080//3216
f 2648//3217 2646//3217 2083//3217
f 2083//3218 2646//3218 2644//3218
f 2083//3219 2644//3219 2085//3219
f 2085//3220 2644//3220 2642//3220
f 2085//3221 2642//3221 2086//3221
f 2086//3222 2642//3222 2080//3222
f 2638//3223 2634//3223 2361//3223
f 2361//3224 2634//3224 2601//3224
f 2361//3225 2601//3225 2362//3225
f 2640//3226 2638//3226 2081//3226
f 2081//3227 2638//3227 2361//3227
f 2081//3228 2361//3228 2078//3228
f 2078//3229 2361//3229 2364//3229
f 2078//3230 2364//3230 2076//3230
f 2076//3231 2364//3231 2349//3231
f 2348//3232 2669//3232 2349//3232
f 2349//3232 2669//3232 2075//3232
f 2349//3233 2075//3233 2076//3233
f 2670//3234 2070//3234 2671//3234
f 2671//3235 2070//3235 2062//3235
f 2671//3236 2062//3236 2061//3236
f 2669//3237 2672//3237 2075//3237
f 2075//3238 2672//3238 2671//3238
f 2075//3239 2671//3239 2073//3239
f 2073//3240 2671//3240 2061//3240
f 2670//3241 2673//3241 2070//3241
f 2070//3242 2673//3242 2674//3242
f 2070//3243 2674//3243 2071//3243
f 2071//3244 2674//3244 2072//3244
f 2072//3245 2674//3245 2675//3245
f 2072//3246 2675//3246 2068//3246
f 2066//3247 2676//3247 2064//3247
f 2064//3248 2676//3248 2677//3248
f 2064//3249 2677//3249 2058//3249
f 2675//3250 2678//3250 2068//3250
f 2068//3251 2678//3251 2676//3251
f 2068//3252 2676//3252 2069//3252
f 2069//3253 2676//3253 2066//3253
f 2679//3254 2680//3254 2681//3254
f 2046//3255 2045//3255 2682//3255
f 2046//3256 2682//3256 2683//3256
f 2684//3257 2685//3257 2686//3257
f 2686//3258 2685//3258 2687//3258
f 2686//3259 2687//3259 2681//3259
f 2681//3260 2687//3260 2688//3260
f 2681//3261 2688//3261 2679//3261
f 2684//3262 2686//3262 2689//3262
f 2689//3263 2686//3263 2672//3263
f 2689//3264 2672//3264 2669//3264
f 2679//3265 2683//3265 2680//3265
f 2680//3266 2683//3266 2682//3266
f 2680//3267 2682//3267 2681//3267
f 2681//3268 2682//3268 2690//3268
f 2681//3269 2690//3269 2686//3269
f 2686//3270 2690//3270 2691//3270
f 2686//3271 2691//3271 2672//3271
f 2673//3272 2670//3272 2691//3272
f 2691//3273 2670//3273 2671//3273
f 2691//3274 2671//3274 2672//3274
f 2048//3275 2051//3275 2692//3275
f 2692//3276 2051//3276 2693//3276
f 2692//3277 2693//3277 2694//3277
f 2694//3278 2693//3278 2695//3278
f 2694//3279 2695//3279 2696//3279
f 2696//3280 2695//3280 2697//3280
f 2045//3281 2048//3281 2682//3281
f 2682//3282 2048//3282 2692//3282
f 2682//3283 2692//3283 2690//3283
f 2690//3284 2692//3284 2694//3284
f 2690//3285 2694//3285 2691//3285
f 2691//3286 2694//3286 2696//3286
f 2691//3287 2696//3287 2673//3287
f 2673//3288 2696//3288 2697//3288
f 2673//3289 2697//3289 2674//3289
f 2674//3290 2697//3290 2675//3290
f 2678//3291 2675//3291 2698//3291
f 2698//3292 2675//3292 2697//3292
f 2698//3293 2697//3293 2699//3293
f 2699//3294 2697//3294 2695//3294
f 2699//3295 2695//3295 2700//3295
f 2700//3296 2695//3296 2693//3296
f 2700//3297 2693//3297 2050//3297
f 2050//3298 2693//3298 2051//3298
f 2676//3299 2678//3299 2701//3299
f 2701//3300 2678//3300 2698//3300
f 2701//3301 2698//3301 2702//3301
f 2702//3302 2698//3302 2699//3302
f 2702//3303 2699//3303 2703//3303
f 2703//3304 2699//3304 2700//3304
f 2703//3305 2700//3305 2056//3305
f 2056//3306 2700//3306 2050//3306
f 2677//3307 2676//3307 2704//3307
f 2704//3308 2676//3308 2701//3308
f 2704//3309 2701//3309 2705//3309
f 2705//3310 2701//3310 2702//3310
f 2705//3311 2702//3311 2706//3311
f 2706//3312 2702//3312 2703//3312
f 2706//3313 2703//3313 2055//3313
f 2055//3314 2703//3314 2056//3314
f 2707//3315 2677//3315 2708//3315
f 2708//3316 2677//3316 2704//3316
f 2708//3317 2704//3317 2709//3317
f 2709//3318 2704//3318 2705//3318
f 2709//3319 2705//3319 2710//3319
f 2710//3320 2705//3320 2706//3320
f 2710//3321 2706//3321 2053//3321
f 2053//3322 2706//3322 2055//3322
f 2711//3323 2707//3323 2712//3323
f 2712//3324 2707//3324 2708//3324
f 2712//3325 2708//3325 2713//3325
f 2713//3326 2708//3326 2709//3326
f 2713//3327 2709//3327 2714//3327
f 2714//3328 2709//3328 2710//3328
f 2714//3329 2710//3329 2052//3329
f 2052//3330 2710//3330 2053//3330
f 2715//3331 2716//3331 2717//3331
f 2042//3332 2718//3332 2719//3332
f 2052//3333 2720//3333 2721//3333
f 2052//3333 2721//3333 2714//3333
f 2714//3334 2721//3334 2722//3334
f 2714//3335 2722//3335 2713//3335
f 2713//3336 2722//3336 2719//3336
f 2713//3337 2719//3337 2712//3337
f 2712//3338 2719//3338 2718//3338
f 2712//3339 2718//3339 2711//3339
f 2042//3332 2719//3332 2723//3332
f 2723//3340 2719//3340 2722//3340
f 2723//3341 2722//3341 2724//3341
f 2724//3342 2722//3342 2721//3342
f 2724//3342 2721//3342 2717//3342
f 2717//3343 2721//3343 2720//3343
f 2717//3344 2720//3344 2715//3344
f 2725//3345 2726//3345 2677//3345
f 2726//3346 2727//3346 2677//3346
f 2677//3347 2727//3347 2728//3347
f 2677//3348 2728//3348 2058//3348
f 2058//3349 2728//3349 2729//3349
f 2058//3350 2729//3350 2730//3350
f 2730//3351 2731//3351 2058//3351
f 2058//3352 2731//3352 2732//3352
f 2058//3353 2732//3353 2060//3353
f 2060//3354 2732//3354 2733//3354
f 2060//3355 2733//3355 2734//3355
f 2734//3356 2733//3356 2735//3356
f 2734//3357 2735//3357 2736//3357
f 2736//3358 2735//3358 2737//3358
f 2738//3359 2739//3359 2740//3359
f 2740//3360 2739//3360 2741//3360
f 2740//3361 2741//3361 2737//3361
f 2737//3362 2741//3362 2742//3362
f 2737//3363 2742//3363 2736//3363
f 2740//3364 2743//3364 2738//3364
f 2738//3365 2743//3365 2744//3365
f 2738//3366 2744//3366 2745//3366
f 2745//3367 2744//3367 2746//3367
f 2745//3368 2746//3368 2747//3368
f 2747//3369 2746//3369 2748//3369
f 2748//3370 2749//3370 2747//3370
f 2747//3371 2749//3371 2750//3371
f 2747//3372 2750//3372 2044//3372
f 2750//3373 2751//3373 2044//3373
f 2044//3374 2751//3374 2752//3374
f 2044//3375 2752//3375 2042//3375
f 2042//3376 2752//3376 2753//3376
f 2042//3377 2753//3377 2754//3377
f 2725//3378 2677//3378 2755//3378
f 2755//3379 2677//3379 2707//3379
f 2755//3380 2707//3380 2756//3380
f 2756//3381 2707//3381 2711//3381
f 2756//3382 2711//3382 2754//3382
f 2754//3383 2711//3383 2718//3383
f 2754//3384 2718//3384 2042//3384
f 2757//3385 2758//3385 2732//3385
f 2759//3386 2735//3386 2758//3386
f 2758//3387 2735//3387 2733//3387
f 2758//3388 2733//3388 2732//3388
f 2760//3389 2740//3389 2759//3389
f 2759//3390 2740//3390 2737//3390
f 2759//3391 2737//3391 2735//3391
f 2748//3392 2746//3392 2761//3392
f 2761//3393 2746//3393 2744//3393
f 2761//3394 2744//3394 2760//3394
f 2760//3395 2744//3395 2743//3395
f 2760//3396 2743//3396 2740//3396
f 2748//3397 2761//3397 2749//3397
f 2749//3398 2761//3398 2762//3398
f 2749//3399 2762//3399 2750//3399
f 2750//3400 2762//3400 2763//3400
f 2750//3401 2763//3401 2751//3401
f 2751//3402 2763//3402 2752//3402
f 2752//3403 2763//3403 2764//3403
f 2752//3404 2764//3404 2753//3404
f 2753//3405 2764//3405 2754//3405
f 2754//3406 2764//3406 2765//3406
f 2754//3407 2765//3407 2756//3407
f 2756//3408 2765//3408 2755//3408
f 2755//3409 2765//3409 2766//3409
f 2755//3410 2766//3410 2725//3410
f 2767//3411 2727//3411 2766//3411
f 2766//3412 2727//3412 2726//3412
f 2766//3413 2726//3413 2725//3413
f 2732//3414 2731//3414 2757//3414
f 2757//3415 2731//3415 2730//3415
f 2757//3416 2730//3416 2768//3416
f 2768//3417 2730//3417 2729//3417
f 2768//3418 2729//3418 2767//3418
f 2767//3419 2729//3419 2728//3419
f 2767//3420 2728//3420 2727//3420
f 2760//2644 2759//2644 2769//2644
f 2770//2644 2771//2644 2769//2644
f 2769//2644 2771//2644 2772//2644
f 2769//2644 2772//2644 2449//2644
f 2449//2644 2772//2644 2773//2644
f 2449//2644 2773//2644 2450//2644
f 2767//2644 2034//2644 2032//2644
f 2032//2644 2030//2644 2767//2644
f 2767//2644 2030//2644 2028//2644
f 2767//2644 2028//2644 2768//2644
f 2769//2644 2759//2644 2774//2644
f 2774//2644 2759//2644 2758//2644
f 2774//2644 2758//2644 2583//2644
f 2026//2644 2024//2644 2573//2644
f 2573//2644 2024//2644 2566//2644
f 2758//2644 2757//2644 2583//2644
f 2583//2644 2757//2644 2768//2644
f 2583//2644 2768//2644 2573//2644
f 2573//2644 2768//2644 2028//2644
f 2573//2644 2028//2644 2026//2644
f 2024//2644 2022//2644 2566//2644
f 2566//2644 2022//2644 2020//2644
f 2566//2644 2020//2644 2563//2644
f 2563//2644 2020//2644 2018//2644
f 2563//2644 2018//2644 2562//2644
f 2767//2644 2766//2644 2034//2644
f 2034//2644 2766//2644 2765//2644
f 2034//2644 2765//2644 2764//2644
f 2760//2644 2769//2644 2761//2644
f 2761//2644 2769//2644 2449//2644
f 2761//2644 2449//2644 2762//2644
f 2553//3421 2036//3421 2545//3421
f 2545//2644 2036//2644 2034//2644
f 2545//2644 2034//2644 2539//2644
f 2539//2644 2034//2644 2764//2644
f 2539//2644 2764//2644 2449//2644
f 2449//2644 2764//2644 2763//2644
f 2449//2644 2763//2644 2762//2644
f 2562//2644 2018//2644 2561//2644
f 2561//2644 2018//2644 2017//2644
f 2561//2644 2017//2644 2560//2644
f 2560//2644 2017//2644 2014//2644
f 2560//2644 2014//2644 2553//2644
f 2553//2644 2014//2644 2013//2644
f 2553//2644 2013//2644 2036//2644
f 2775//3422 2771//3422 2776//3422
f 2776//3423 2771//3423 2770//3423
f 2776//3424 2770//3424 2777//3424
f 2778//3425 2779//3425 2769//3425
f 2769//3426 2779//3426 2780//3426
f 2769//3427 2780//3427 2770//3427
f 2770//3428 2780//3428 2781//3428
f 2770//3429 2781//3429 2777//3429
f 2778//3430 2769//3430 2782//3430
f 2782//3431 2769//3431 2774//3431
f 2782//3432 2774//3432 2059//3432
f 2775//3433 2776//3433 2745//3433
f 2745//3434 2776//3434 2738//3434
f 2738//3435 2776//3435 2739//3435
f 2739//3436 2776//3436 2777//3436
f 2739//3437 2777//3437 2741//3437
f 2741//3438 2777//3438 2781//3438
f 2741//3439 2781//3439 2742//3439
f 2781//3440 2780//3440 2742//3440
f 2742//3441 2780//3441 2779//3441
f 2742//3442 2779//3442 2736//3442
f 2736//3443 2779//3443 2778//3443
f 2736//3444 2778//3444 2734//3444
f 2734//3445 2778//3445 2782//3445
f 2734//3446 2782//3446 2060//3446
f 2060//3447 2782//3447 2059//3447
f 2775//3448 2745//3448 2783//3448
f 2783//3449 2745//3449 2747//3449
f 2783//3450 2747//3450 2784//3450
f 2784//3451 2747//3451 2044//3451
f 2784//3452 2044//3452 2785//3452
f 2786//3453 2785//3453 2787//3453
f 2041//3454 2039//3454 2787//3454
f 2041//3455 2787//3455 2043//3455
f 2043//3456 2787//3456 2785//3456
f 2043//3457 2785//3457 2044//3457
f 2788//3458 2789//3458 2790//3458
f 2786//3459 2787//3459 2791//3459
f 2791//3460 2787//3460 2792//3460
f 2791//3461 2792//3461 2790//3461
f 2790//3462 2792//3462 2793//3462
f 2790//3463 2793//3463 2788//3463
f 2788//3464 2794//3464 2789//3464
f 2789//3465 2794//3465 2795//3465
f 2789//3466 2795//3466 2796//3466
f 2796//3467 2795//3467 2797//3467
f 2796//3468 2797//3468 2798//3468
f 2798//3469 2797//3469 2799//3469
f 2798//3470 2799//3470 2800//3470
f 2800//3471 2799//3471 2801//3471
f 2800//3472 2801//3472 2802//3472
f 2802//3473 2801//3473 2803//3473
f 2804//175 2787//175 2039//175
f 2805//175 2806//175 2807//175
f 2039//175 2038//175 2804//175
f 2804//175 2038//175 2805//175
f 2804//3474 2805//3474 2808//3474
f 2808//175 2805//175 2807//175
f 2716//3475 2809//3475 2810//3475
f 2716//3476 2810//3476 2717//3476
f 2717//3477 2810//3477 2811//3477
f 2717//3478 2811//3478 2724//3478
f 2724//3479 2811//3479 2812//3479
f 2724//3480 2812//3480 2723//3480
f 2723//3481 2812//3481 2040//3481
f 2723//3482 2040//3482 2042//3482
f 2038//3483 2040//3483 2805//3483
f 2805//3484 2040//3484 2812//3484
f 2805//3485 2812//3485 2806//3485
f 2806//3486 2812//3486 2811//3486
f 2806//3487 2811//3487 2807//3487
f 2807//3488 2811//3488 2810//3488
f 2807//3489 2810//3489 2808//3489
f 2808//3490 2810//3490 2809//3490
f 2808//3491 2809//3491 2804//3491
f 2813//3492 2814//3492 2815//3492
f 2815//3493 2814//3493 2816//3493
f 2817//3494 2818//3494 2814//3494
f 2814//3495 2818//3495 2819//3495
f 2814//3496 2819//3496 2816//3496
f 2820//3497 2821//3497 2822//3497
f 2822//2042 2823//2042 2820//2042
f 2820//3498 2823//3498 2824//3498
f 2820//3499 2824//3499 2825//3499
f 2825//3500 2824//3500 2826//3500
f 2825//2039 2826//2039 2804//2039
f 2804//3501 2826//3501 2827//3501
f 2821//3502 2820//3502 2828//3502
f 2828//3503 2820//3503 2819//3503
f 2828//3504 2819//3504 2818//3504
f 2816//3505 2819//3505 2820//3505
f 2804//597 2809//597 2815//597
f 2809//597 2716//597 2815//597
f 2815//3506 2716//3506 2715//3506
f 2815//597 2715//597 2054//597
f 2054//597 2715//597 2720//597
f 2054//597 2720//597 2052//597
f 2816//3507 2820//3507 2815//3507
f 2815//597 2820//597 2825//597
f 2815//597 2825//597 2804//597
f 2669//2348 2348//2348 2689//2348
f 2689//3508 2348//3508 2684//3508
f 2688//3509 2687//3509 2348//3509
f 2348//2348 2687//2348 2685//2348
f 2348//2348 2685//2348 2684//2348
f 2411//2348 2409//2348 2019//2348
f 2019//2348 2409//2348 2016//2348
f 2025//2348 2027//2348 2054//2348
f 2054//2348 2027//2348 2815//2348
f 2424//2348 2035//2348 2037//2348
f 2047//2348 2046//2348 2374//2348
f 2374//2348 2046//2348 2683//2348
f 2374//2348 2683//2348 2348//2348
f 2348//2348 2683//2348 2679//2348
f 2348//2348 2679//2348 2688//2348
f 2411//2348 2019//2348 2413//2348
f 2413//2348 2019//2348 2021//2348
f 2413//2348 2021//2348 2386//2348
f 2386//2348 2021//2348 2374//2348
f 2374//2348 2021//2348 2023//2348
f 2374//2348 2023//2348 2025//2348
f 2424//2348 2037//2348 2389//2348
f 2829//2348 2830//2348 2033//2348
f 2033//2348 2830//2348 2813//2348
f 2033//2348 2813//2348 2031//2348
f 2031//2348 2813//2348 2815//2348
f 2031//2348 2815//2348 2029//2348
f 2029//2348 2815//2348 2027//2348
f 2409//2348 2407//2348 2016//2348
f 2016//2348 2407//2348 2406//2348
f 2016//2348 2406//2348 2015//2348
f 2015//2348 2406//2348 2389//2348
f 2015//2348 2389//2348 2037//2348
f 2025//2348 2054//2348 2374//2348
f 2374//2348 2054//2348 2049//2348
f 2374//2348 2049//2348 2047//2348
f 2035//2348 2424//2348 2033//2348
f 2033//2348 2424//2348 2831//2348
f 2033//2348 2831//2348 2829//2348
f 2421//3510 2420//3510 2832//3510
f 2550//3511 2549//3511 2833//3511
f 2833//3512 2834//3512 2550//3512
f 2550//3513 2834//3513 2835//3513
f 2550//3513 2835//3513 2551//3513
f 2551//3514 2835//3514 2832//3514
f 2551//3515 2832//3515 2552//3515
f 2552//3516 2832//3516 2420//3516
f 2552//3516 2420//3516 2419//3516
f 2423//3517 2422//3517 2836//3517
f 2836//3518 2422//3518 2421//3518
f 2421//3519 2832//3519 2836//3519
f 2836//3520 2832//3520 2835//3520
f 2836//3520 2835//3520 2837//3520
f 2837//3521 2835//3521 2834//3521
f 2837//3521 2834//3521 2838//3521
f 2831//3522 2424//3522 2423//3522
f 2833//3523 2839//3523 2834//3523
f 2834//3524 2839//3524 2840//3524
f 2834//3525 2840//3525 2838//3525
f 2838//3526 2840//3526 2841//3526
f 2838//3527 2841//3527 2842//3527
f 2423//3528 2836//3528 2831//3528
f 2831//3529 2836//3529 2837//3529
f 2831//3529 2837//3529 2829//3529
f 2829//3530 2837//3530 2838//3530
f 2829//3530 2838//3530 2830//3530
f 2830//3531 2838//3531 2842//3531
f 2830//3532 2842//3532 2813//3532
f 2843//3533 2841//3533 2844//3533
f 2844//3534 2841//3534 2840//3534
f 2549//3535 2845//3535 2833//3535
f 2833//3536 2845//3536 2839//3536
f 2839//3537 2845//3537 2846//3537
f 2839//3538 2846//3538 2840//3538
f 2842//3539 2841//3539 2847//3539
f 2847//3540 2841//3540 2843//3540
f 2847//3541 2843//3541 2817//3541
f 2844//3542 2817//3542 2843//3542
f 2840//3543 2848//3543 2844//3543
f 2844//3544 2848//3544 2817//3544
f 2813//3545 2842//3545 2814//3545
f 2814//3546 2842//3546 2847//3546
f 2814//3547 2847//3547 2817//3547
f 2840//3548 2846//3548 2848//3548
f 2848//3549 2846//3549 2817//3549
f 2444//3550 2849//3550 2850//3550
f 2851//3551 2852//3551 2853//3551
f 2444//3552 2850//3552 2554//3552
f 2554//3553 2850//3553 2854//3553
f 2554//3554 2854//3554 2555//3554
f 2555//3555 2854//3555 2855//3555
f 2555//3556 2855//3556 2556//3556
f 2851//3557 2853//3557 2856//3557
f 2856//3558 2853//3558 2857//3558
f 2856//3559 2857//3559 2858//3559
f 2858//3560 2857//3560 2859//3560
f 2858//3561 2859//3561 2860//3561
f 2860//3562 2859//3562 2861//3562
f 2860//3563 2861//3563 2862//3563
f 2862//3564 2861//3564 2817//3564
f 2862//3565 2817//3565 2846//3565
f 2863//3566 2852//3566 2849//3566
f 2849//3567 2852//3567 2851//3567
f 2849//3568 2851//3568 2850//3568
f 2850//3569 2851//3569 2856//3569
f 2850//3570 2856//3570 2854//3570
f 2854//3571 2856//3571 2858//3571
f 2854//3572 2858//3572 2855//3572
f 2855//3573 2858//3573 2860//3573
f 2855//3574 2860//3574 2864//3574
f 2864//3575 2860//3575 2862//3575
f 2864//3576 2862//3576 2865//3576
f 2865//3577 2862//3577 2846//3577
f 2865//3578 2846//3578 2845//3578
f 2556//3579 2855//3579 2557//3579
f 2557//3580 2855//3580 2864//3580
f 2557//3581 2864//3581 2558//3581
f 2558//3582 2864//3582 2865//3582
f 2558//3583 2865//3583 2559//3583
f 2559//3584 2865//3584 2845//3584
f 2559//3585 2845//3585 2549//3585
f 2866//3586 2867//3586 2868//3586
f 2866//3587 2868//3587 2869//3587
f 2869//3588 2868//3588 2445//3588
f 2869//3589 2445//3589 2447//3589
f 2867//3586 2863//3586 2868//3586
f 2868//3590 2863//3590 2849//3590
f 2868//3591 2849//3591 2445//3591
f 2445//3592 2849//3592 2444//3592
f 2870//3498 2866//3498 2869//3498
f 2869//597 2447//597 2870//597
f 2870//597 2447//597 2446//597
f 2870//597 2446//597 2525//597
f 2525//597 2524//597 2870//597
f 2870//597 2524//597 2501//597
f 2870//597 2501//597 2500//597
f 2871//3593 2872//3593 2518//3593
f 2792//3594 2787//3594 2804//3594
f 2857//3595 2853//3595 2852//3595
f 2852//3596 2863//3596 2857//3596
f 2857//3597 2863//3597 2867//3597
f 2857//3598 2867//3598 2866//3598
f 2873//3599 2803//3599 2870//3599
f 2870//3600 2803//3600 2866//3600
f 2818//3601 2799//3601 2828//3601
f 2828//3602 2799//3602 2797//3602
f 2828//3603 2797//3603 2821//3603
f 2821//3604 2797//3604 2822//3604
f 2822//3605 2797//3605 2795//3605
f 2822//3606 2795//3606 2794//3606
f 2818//3607 2817//3607 2861//3607
f 2803//3608 2801//3608 2866//3608
f 2866//3609 2801//3609 2799//3609
f 2866//3610 2799//3610 2857//3610
f 2857//3611 2799//3611 2818//3611
f 2857//3612 2818//3612 2859//3612
f 2859//3613 2818//3613 2861//3613
f 2827//3614 2826//3614 2788//3614
f 2788//3615 2826//3615 2824//3615
f 2788//3616 2824//3616 2794//3616
f 2794//3617 2824//3617 2823//3617
f 2794//3618 2823//3618 2822//3618
f 2827//3619 2788//3619 2804//3619
f 2804//3620 2788//3620 2793//3620
f 2804//3621 2793//3621 2792//3621
f 2509//3622 2507//3622 2873//3622
f 2500//3623 2505//3623 2870//3623
f 2870//3624 2505//3624 2504//3624
f 2870//3625 2504//3625 2873//3625
f 2873//3626 2504//3626 2503//3626
f 2873//3627 2503//3627 2509//3627
f 2507//3628 2506//3628 2873//3628
f 2873//3629 2506//3629 2512//3629
f 2873//3630 2512//3630 2874//3630
f 2518//3631 2872//3631 2516//3631
f 2874//3632 2512//3632 2872//3632
f 2872//3633 2512//3633 2514//3633
f 2872//3634 2514//3634 2516//3634
f 1363//3635 1377//3635 2875//3635
f 2875//3636 1377//3636 2871//3636
f 2875//3637 2871//3637 2519//3637
f 2519//3638 2871//3638 2518//3638
f 2876//820 2530//820 2877//820
f 2877//820 2530//820 2012//820
f 2876//820 1363//820 2530//820
f 2530//820 1363//820 2875//820
f 2530//820 2875//820 2519//820
f 1816//820 1872//820 2012//820
f 2012//820 1872//820 1364//820
f 2012//820 1364//820 2877//820
f 1966//2761 2005//2761 2012//2761
f 1966//2761 2012//2761 2476//2761
f 2476//2761 2012//2761 2530//2761
f 2476//2761 2530//2761 2531//2761
f 1966//3639 2476//3639 1967//3639
f 1967//3639 2476//3639 2475//3639
f 1967//3640 2475//3640 1977//3640
f 1977//3640 2475//3640 2473//3640
f 1977//3641 2473//3641 1982//3641
f 1982//3402 2473//3402 2472//3402
f 1982//3642 2472//3642 1983//3642
f 1983//3642 2472//3642 2477//3642
f 1983//3643 2477//3643 1984//3643
f 1984//3644 2477//3644 2492//3644
f 1984//3645 2492//3645 1943//3645
f 1943//3645 2492//3645 2452//3645
f 2451//3646 1944//3646 2452//3646
f 2452//3646 1944//3646 1943//3646
f 2791//3647 2790//3647 2773//3647
f 1956//3648 1953//3648 1853//3648
f 1853//3649 1953//3649 1869//3649
f 1869//3650 1953//3650 1951//3650
f 1869//3651 1951//3651 1873//3651
f 1873//3652 1951//3652 1948//3652
f 1873//3653 1948//3653 1870//3653
f 1377//3654 2878//3654 2451//3654
f 2451//3655 2878//3655 2879//3655
f 2451//3656 2879//3656 1944//3656
f 1944//3657 2879//3657 2880//3657
f 1944//3658 2880//3658 1395//3658
f 1948//3659 1946//3659 1870//3659
f 1870//3660 1946//3660 1944//3660
f 1870//3661 1944//3661 1871//3661
f 1871//3662 1944//3662 1395//3662
f 1853//3663 1852//3663 1956//3663
f 1956//3664 1852//3664 1850//3664
f 1956//3665 1850//3665 1958//3665
f 1958//3666 1850//3666 1960//3666
f 1841//3667 2881//3667 1843//3667
f 1843//3668 2881//3668 1962//3668
f 1843//3669 1962//3669 1846//3669
f 1846//3670 1962//3670 1960//3670
f 1846//3671 1960//3671 1848//3671
f 1848//3672 1960//3672 1850//3672
f 1833//3673 2882//3673 1837//3673
f 1837//3674 2882//3674 2881//3674
f 1837//3675 2881//3675 1839//3675
f 1839//3676 2881//3676 1841//3676
f 1832//3677 2883//3677 1835//3677
f 1835//3678 2883//3678 2882//3678
f 1835//3679 2882//3679 1834//3679
f 1834//3680 2882//3680 1833//3680
f 2773//3681 2790//3681 2450//3681
f 2450//3682 2790//3682 2789//3682
f 2450//3683 2789//3683 2466//3683
f 2466//3684 2789//3684 2796//3684
f 2466//3685 2796//3685 2468//3685
f 2468//3686 2796//3686 2798//3686
f 2468//3687 2798//3687 2469//3687
f 2469//3688 2798//3688 2800//3688
f 2469//3689 2800//3689 2463//3689
f 2463//3690 2800//3690 2802//3690
f 2463//3691 2802//3691 2460//3691
f 2460//3692 2802//3692 2803//3692
f 2460//3693 2803//3693 2458//3693
f 2458//3694 2803//3694 2873//3694
f 2458//3695 2873//3695 2455//3695
f 2455//3696 2873//3696 2874//3696
f 2455//3697 2874//3697 2453//3697
f 2453//3698 2874//3698 2872//3698
f 2453//3699 2872//3699 2451//3699
f 2451//3700 2872//3700 2871//3700
f 2451//3701 2871//3701 1377//3701
f 2772//3680 2784//3680 2785//3680
f 2772//3702 2785//3702 2773//3702
f 2773//3703 2785//3703 2786//3703
f 2773//3704 2786//3704 2791//3704
f 2771//3705 2775//3705 2772//3705
f 2772//3706 2775//3706 2783//3706
f 2772//3679 2783//3679 2784//3679
f 2884//3432 2885//3432 2886//3432
f 2886//3707 2885//3707 2887//3707
f 2886//3708 2887//3708 2888//3708
f 2889//3709 2890//3709 2891//3709
f 2891//3710 2890//3710 2892//3710
f 2891//3711 2892//3711 2887//3711
f 2887//3712 2892//3712 2893//3712
f 2887//3713 2893//3713 2888//3713
f 2889//3714 2891//3714 2894//3714
f 2894//3715 2891//3715 2883//3715
f 2894//3716 2883//3716 1832//3716
f 2895//3717 2884//3717 2896//3717
f 2896//3718 2884//3718 2886//3718
f 2896//3719 2886//3719 2897//3719
f 2886//3720 2888//3720 2897//3720
f 2897//3721 2888//3721 2893//3721
f 2897//3722 2893//3722 2898//3722
f 2898//3723 2893//3723 2892//3723
f 2898//3724 2892//3724 2899//3724
f 2899//3725 2892//3725 2890//3725
f 2899//3726 2890//3726 2900//3726
f 2900//3727 2890//3727 2889//3727
f 2900//3728 2889//3728 2901//3728
f 2889//3729 2894//3729 2901//3729
f 2901//3730 2894//3730 1832//3730
f 2901//3731 1832//3731 1831//3731
f 2902//3732 2903//3732 2895//3732
f 2895//3732 2903//3732 2884//3732
f 2318//3733 2904//3733 2905//3733
f 2905//3734 2904//3734 2906//3734
f 2905//3735 2906//3735 2907//3735
f 2907//3736 2906//3736 2908//3736
f 2908//3737 2906//3737 2909//3737
f 2909//3738 2906//3738 2910//3738
f 2909//3739 2910//3739 2911//3739
f 2911//3740 2910//3740 2912//3740
f 2912//3741 2910//3741 2913//3741
f 2912//3742 2913//3742 2914//3742
f 2915//3743 2916//3743 2913//3743
f 2913//3744 2916//3744 2917//3744
f 2913//3745 2917//3745 2914//3745
f 2918//3746 2919//3746 2920//3746
f 2920//3747 2919//3747 2921//3747
f 2920//3748 2921//3748 2915//3748
f 2915//3749 2921//3749 2922//3749
f 2915//3750 2922//3750 2916//3750
f 2923//3751 2924//3751 2920//3751
f 2920//3752 2924//3752 2925//3752
f 2920//3753 2925//3753 2918//3753
f 2926//3754 2927//3754 2928//3754
f 2928//3755 2927//3755 2929//3755
f 2928//3756 2929//3756 2923//3756
f 2923//3757 2929//3757 2930//3757
f 2923//3758 2930//3758 2924//3758
f 2926//3759 2928//3759 2931//3759
f 2931//3760 2928//3760 2903//3760
f 2931//3761 2903//3761 2902//3761
f 2320//3762 2932//3762 2319//3762
f 2319//3763 2932//3763 2904//3763
f 2319//3764 2904//3764 2318//3764
f 2089//3765 2088//3765 2321//3765
f 2321//3766 2088//3766 2932//3766
f 2321//3767 2932//3767 2320//3767
f 2057//3768 2059//3768 2774//3768
f 2057//3768 2774//3768 2065//3768
f 2065//3768 2774//3768 2583//3768
f 2065//3768 2583//3768 2067//3768
f 2884//3768 2903//3768 2885//3768
f 2885//3768 2903//3768 2928//3768
f 2885//3768 2928//3768 2933//3768
f 2933//3768 2928//3768 2923//3768
f 2933//3768 2923//3768 2934//3768
f 2934//3768 2923//3768 2920//3768
f 2934//3768 2920//3768 2935//3768
f 2935//3768 2920//3768 2915//3768
f 2935//3768 2915//3768 2936//3768
f 2067//3768 2583//3768 2063//3768
f 2063//3768 2583//3768 2582//3768
f 2063//3768 2582//3768 2074//3768
f 2074//3768 2582//3768 2581//3768
f 2074//3768 2581//3768 2077//3768
f 2077//3768 2581//3768 2580//3768
f 2077//3768 2580//3768 2079//3768
f 2079//3768 2580//3768 2576//3768
f 2079//3768 2576//3768 2084//3768
f 2906//3768 2937//3768 2910//3768
f 2910//3768 2937//3768 2936//3768
f 2910//3768 2936//3768 2913//3768
f 2913//3769 2936//3769 2915//3769
f 2906//3768 2904//3768 2937//3768
f 2937//3768 2904//3768 2932//3768
f 2937//3768 2932//3768 2576//3768
f 2576//3768 2932//3768 2088//3768
f 2576//3768 2088//3768 2084//3768
f 2133//3770 2136//3770 2938//3770
f 2938//3770 2136//3770 2939//3770
f 2940//3770 2314//3770 2941//3770
f 2941//3770 2314//3770 2315//3770
f 2941//3770 2315//3770 2316//3770
f 2112//3770 2113//3770 2136//3770
f 2136//3770 2113//3770 2937//3770
f 2136//3770 2937//3770 2939//3770
f 2939//3770 2937//3770 2942//3770
f 2262//3770 2938//3770 2263//3770
f 2263//3770 2938//3770 2943//3770
f 2263//3770 2943//3770 2264//3770
f 2311//3770 2310//3770 2940//3770
f 2940//3770 2310//3770 2313//3770
f 2940//3770 2313//3770 2314//3770
f 2944//3770 2606//3770 2940//3770
f 2940//3770 2606//3770 2608//3770
f 2940//3770 2608//3770 2611//3770
f 2576//3770 2944//3770 2945//3770
f 2130//3770 2146//3770 2938//3770
f 2944//3770 2576//3770 2606//3770
f 2606//3770 2576//3770 2577//3770
f 2606//3770 2577//3770 2588//3770
f 2316//3770 2264//3770 2941//3770
f 2941//3770 2264//3770 2943//3770
f 2941//3770 2943//3770 2945//3770
f 2945//3770 2943//3770 2942//3770
f 2945//3770 2942//3770 2576//3770
f 2576//3770 2942//3770 2937//3770
f 2146//3770 2143//3770 2938//3770
f 2938//3770 2143//3770 2140//3770
f 2938//3770 2140//3770 2133//3770
f 2343//3770 2344//3770 2345//3770
f 2611//3770 2614//3770 2940//3770
f 2940//3770 2614//3770 2618//3770
f 2940//3770 2618//3770 2311//3770
f 2311//3770 2618//3770 2343//3770
f 2311//3770 2343//3770 2346//3770
f 2346//3770 2343//3770 2345//3770
f 2124//3770 2126//3770 2122//3770
f 2122//3770 2126//3770 2128//3770
f 2122//3770 2128//3770 2117//3770
f 2117//3770 2128//3770 2130//3770
f 2117//3770 2130//3770 2118//3770
f 2118//3770 2130//3770 2938//3770
f 2118//3770 2938//3770 2261//3770
f 2261//3770 2938//3770 2262//3770
f 1784//3771 1798//3771 2116//3771
f 2116//3772 1798//3772 2114//3772
f 2116//3773 2114//3773 2115//3773
f 2936//3774 2937//3774 1798//3774
f 1798//3775 2937//3775 2113//3775
f 1798//3776 2113//3776 2114//3776
f 1798//3777 2946//3777 2936//3777
f 2936//3778 2946//3778 2947//3778
f 2936//3779 2947//3779 2935//3779
f 2935//3780 2947//3780 2948//3780
f 2935//3781 2948//3781 2934//3781
f 2934//3782 2948//3782 2949//3782
f 2934//3783 2949//3783 2933//3783
f 2950//3784 2951//3784 2952//3784
f 2952//3785 2951//3785 2953//3785
f 2952//3786 2953//3786 2954//3786
f 2954//3787 2953//3787 2949//3787
f 2954//3788 2949//3788 2955//3788
f 2946//3789 1798//3789 1797//3789
f 1797//3790 1796//3790 2946//3790
f 2946//3791 1796//3791 1795//3791
f 2946//3792 1795//3792 2947//3792
f 1795//3793 1794//3793 2947//3793
f 2947//3794 1794//3794 1793//3794
f 2947//3795 1793//3795 1792//3795
f 1792//3796 1791//3796 2947//3796
f 2947//3797 1791//3797 1790//3797
f 2947//3798 1790//3798 1789//3798
f 1789//3799 1788//3799 2947//3799
f 2947//3800 1788//3800 1787//3800
f 2947//3801 1787//3801 1786//3801
f 2949//3802 2948//3802 2955//3802
f 2955//3803 2948//3803 2947//3803
f 2955//3803 2947//3803 2956//3803
f 2956//3804 2947//3804 1786//3804
f 2956//3805 1786//3805 1785//3805
f 2957//3806 2958//3806 1768//3806
f 1768//3807 1770//3807 2957//3807
f 2957//3808 1770//3808 1744//3808
f 2957//3024 1744//3024 1746//3024
f 2952//3809 1738//3809 2950//3809
f 2950//3810 1738//3810 1763//3810
f 2950//3811 1763//3811 2951//3811
f 2951//3812 1763//3812 1761//3812
f 2951//3813 1761//3813 2953//3813
f 2953//3814 1761//3814 1760//3814
f 2953//3037 1760//3037 2959//3037
f 2959//3030 1760//3030 1764//3030
f 2959//3815 1764//3815 2958//3815
f 2958//3816 1764//3816 1766//3816
f 2958//3028 1766//3028 1768//3028
f 2954//2761 1731//2761 2952//2761
f 2952//2761 1731//2761 1738//2761
f 2960//597 1732//597 2956//597
f 1731//597 2954//597 1732//597
f 1732//597 2954//597 2955//597
f 1732//597 2955//597 2956//597
f 2116//597 2092//597 1784//597
f 1784//597 2092//597 2960//597
f 1784//597 2960//597 1785//597
f 1785//597 2960//597 2956//597
f 2961//3817 2960//3817 2092//3817
f 1732//3818 2960//3818 1734//3818
f 1734//3819 2960//3819 2961//3819
f 1734//3820 2961//3820 1736//3820
f 1736//3821 2961//3821 1726//3821
f 1724//3822 1723//3822 2962//3822
f 2962//3823 1723//3823 1730//3823
f 2962//3824 1730//3824 2961//3824
f 2961//3825 1730//3825 1727//3825
f 2961//3826 1727//3826 1726//3826
f 1720//3827 1725//3827 2963//3827
f 2963//3828 1725//3828 1724//3828
f 2963//3829 1724//3829 2964//3829
f 2964//3830 1724//3830 2962//3830
f 2964//3831 2962//3831 2965//3831
f 2965//3832 2962//3832 2103//3832
f 2965//3833 2103//3833 2095//3833
f 2092//3834 2091//3834 2961//3834
f 2961//3835 2091//3835 2101//3835
f 2961//3836 2101//3836 2962//3836
f 2962//3837 2101//3837 2102//3837
f 2962//3838 2102//3838 2103//3838
f 2966//3839 2967//3839 2968//3839
f 2967//3840 2969//3840 2970//3840
f 2971//3841 2972//3841 2973//3841
f 2973//3842 2972//3842 2974//3842
f 2975//3843 2976//3843 2974//3843
f 2974//3844 2976//3844 2977//3844
f 2974//3845 2977//3845 2973//3845
f 2974//3846 2978//3846 2975//3846
f 2975//3847 2978//3847 2979//3847
f 2975//3848 2979//3848 2980//3848
f 2981//3849 2982//3849 2979//3849
f 2979//3850 2982//3850 2983//3850
f 2979//3851 2983//3851 2980//3851
f 2969//3852 2984//3852 2985//3852
f 2969//3853 2985//3853 2970//3853
f 2970//3854 2985//3854 2986//3854
f 2970//3855 2986//3855 2987//3855
f 2988//3856 2989//3856 2987//3856
f 2987//3857 2989//3857 2990//3857
f 2987//3858 2990//3858 2970//3858
f 2988//3859 2991//3859 2989//3859
f 2989//3860 2991//3860 2992//3860
f 2989//3861 2992//3861 2993//3861
f 2993//3862 2992//3862 2994//3862
f 2993//3863 2994//3863 2995//3863
f 2967//3864 2970//3864 2968//3864
f 2968//3865 2970//3865 2990//3865
f 2968//3866 2990//3866 2996//3866
f 2996//3867 2990//3867 2989//3867
f 2996//3868 2989//3868 2997//3868
f 2997//3869 2989//3869 2993//3869
f 2997//3870 2993//3870 2998//3870
f 2998//3871 2993//3871 2995//3871
f 2998//3872 2995//3872 2999//3872
f 2966//3873 2968//3873 3000//3873
f 3000//3874 2968//3874 2996//3874
f 3000//3875 2996//3875 3001//3875
f 3001//3876 2996//3876 2997//3876
f 3001//3877 2997//3877 3002//3877
f 3002//3878 2997//3878 2998//3878
f 3002//3879 2998//3879 3003//3879
f 3003//3880 2998//3880 2999//3880
f 3003//3881 2999//3881 3004//3881
f 2972//3882 2984//3882 2974//3882
f 2974//3883 2984//3883 2969//3883
f 2974//3884 2969//3884 2978//3884
f 2978//3885 2969//3885 2967//3885
f 2978//3886 2967//3886 2979//3886
f 2979//3887 2967//3887 2966//3887
f 2979//3888 2966//3888 2981//3888
f 2981//3889 2966//3889 3000//3889
f 2981//3890 3000//3890 3005//3890
f 3005//3891 3000//3891 3001//3891
f 3005//3892 3001//3892 3006//3892
f 3006//3893 3001//3893 3002//3893
f 3006//3894 3002//3894 3007//3894
f 3007//3895 3002//3895 3003//3895
f 3007//3896 3003//3896 3008//3896
f 3008//3897 3003//3897 3004//3897
f 3008//3898 3004//3898 3009//3898
f 2971//3899 1720//3899 2963//3899
f 2992//3900 2929//3900 2927//3900
f 2902//3901 2994//3901 2931//3901
f 2931//3902 2994//3902 2992//3902
f 2931//3903 2992//3903 2926//3903
f 2926//3904 2992//3904 2927//3904
f 2992//3905 2991//3905 2929//3905
f 2929//3906 2991//3906 2988//3906
f 2929//3907 2988//3907 2930//3907
f 2930//3908 2988//3908 2987//3908
f 2930//3909 2987//3909 2924//3909
f 2924//3910 2987//3910 2925//3910
f 2972//3911 2922//3911 2984//3911
f 2984//3912 2922//3912 2921//3912
f 2987//3913 2986//3913 2925//3913
f 2925//3914 2986//3914 2985//3914
f 2925//3915 2985//3915 2918//3915
f 2918//3916 2985//3916 2984//3916
f 2918//3917 2984//3917 2919//3917
f 2919//3918 2984//3918 2921//3918
f 2972//3919 2971//3919 2922//3919
f 2922//3899 2971//3899 2963//3899
f 2922//3920 2963//3920 2916//3920
f 2916//3921 2963//3921 2964//3921
f 2184//3922 2965//3922 2151//3922
f 2151//3923 2965//3923 2095//3923
f 2184//3924 2185//3924 2965//3924
f 2965//3925 2185//3925 2914//3925
f 2965//3926 2914//3926 2964//3926
f 2964//3927 2914//3927 2917//3927
f 2964//3928 2917//3928 2916//3928
f 2909//3929 2911//3929 2185//3929
f 2185//3930 2911//3930 2912//3930
f 2185//3931 2912//3931 2914//3931
f 2909//3932 2185//3932 2908//3932
f 2908//3933 2185//3933 2186//3933
f 2908//3934 2186//3934 2187//3934
f 2187//3935 2188//3935 2908//3935
f 2908//3936 2188//3936 2189//3936
f 2908//3937 2189//3937 2190//3937
f 2190//3938 2191//3938 2908//3938
f 2908//3939 2191//3939 2192//3939
f 2908//3940 2192//3940 2907//3940
f 2907//3941 2192//3941 2193//3941
f 2907//3942 2193//3942 2905//3942
f 2905//3943 2193//3943 2198//3943
f 2905//3944 2198//3944 2318//3944
f 2318//3945 2198//3945 2197//3945
f 3010//3946 3011//3946 2902//3946
f 3010//3947 2902//3947 3012//3947
f 3012//3948 2902//3948 3013//3948
f 3013//3949 2902//3949 2895//3949
f 3013//3950 2895//3950 3014//3950
f 3011//3951 3015//3951 2902//3951
f 2902//3952 3015//3952 3016//3952
f 2902//3953 3016//3953 2994//3953
f 2994//3954 3016//3954 3017//3954
f 2994//3955 3017//3955 3018//3955
f 3018//3956 3019//3956 2994//3956
f 2994//3957 3019//3957 3020//3957
f 2994//3958 3020//3958 3021//3958
f 3021//3959 3020//3959 3022//3959
f 3022//3960 3020//3960 3023//3960
f 3022//3961 3023//3961 3024//3961
f 3024//3962 3023//3962 3025//3962
f 3024//3963 3025//3963 1828//3963
f 1828//3964 3025//3964 3026//3964
f 1828//3965 3026//3965 1826//3965
f 3026//3966 3027//3966 1826//3966
f 1826//3967 3027//3967 3028//3967
f 1826//3968 3028//3968 1830//3968
f 3028//3969 3029//3969 1830//3969
f 1830//3970 3029//3970 3030//3970
f 1830//3971 3030//3971 1831//3971
f 3030//3972 3031//3972 1831//3972
f 1831//3973 3031//3973 3032//3973
f 1831//3974 3032//3974 2901//3974
f 3032//3975 3033//3975 2901//3975
f 2901//3976 3033//3976 3034//3976
f 2901//3977 3034//3977 2900//3977
f 2900//3978 3034//3978 3035//3978
f 2895//3979 2896//3979 3014//3979
f 3014//3980 2896//3980 2897//3980
f 3014//3981 2897//3981 3036//3981
f 3036//3982 2897//3982 2898//3982
f 3036//3983 2898//3983 3035//3983
f 3035//3984 2898//3984 2899//3984
f 3035//3985 2899//3985 2900//3985
f 3032//3392 3031//3392 3037//3392
f 3037//3986 3031//3986 3038//3986
f 3032//3987 3037//3987 3033//3987
f 3033//3988 3037//3988 3039//3988
f 3033//3395 3039//3395 3034//3395
f 3034//3396 3039//3396 3035//3396
f 3035//3989 3039//3989 3040//3989
f 3035//3390 3040//3390 3036//3390
f 3036//3990 3040//3990 3014//3990
f 3014//3991 3040//3991 3041//3991
f 3014//3992 3041//3992 3013//3992
f 3042//3993 3010//3993 3041//3993
f 3041//3994 3010//3994 3012//3994
f 3041//3388 3012//3388 3013//3388
f 3043//3995 3016//3995 3044//3995
f 3044//3996 3016//3996 3015//3996
f 3044//3997 3015//3997 3042//3997
f 3042//3998 3015//3998 3011//3998
f 3042//3999 3011//3999 3010//3999
f 3045//4000 3018//4000 3043//4000
f 3043//4001 3018//4001 3017//4001
f 3043//4002 3017//4002 3016//4002
f 3046//4003 3025//4003 3047//4003
f 3047//4004 3025//4004 3023//4004
f 3047//4005 3023//4005 3020//4005
f 3047//4006 3020//4006 3045//4006
f 3045//4007 3020//4007 3019//4007
f 3045//4008 3019//4008 3018//4008
f 3048//4009 3027//4009 3046//4009
f 3046//4010 3027//4010 3026//4010
f 3046//4011 3026//4011 3025//4011
f 3031//4012 3030//4012 3038//4012
f 3038//4013 3030//4013 3029//4013
f 3038//4014 3029//4014 3048//4014
f 3048//4015 3029//4015 3028//4015
f 3048//4016 3028//4016 3027//4016
f 2001//2348 1963//2348 3048//2348
f 3048//2348 3046//2348 2001//2348
f 2001//2348 3046//2348 3047//2348
f 2001//2348 3047//2348 2011//2348
f 2933//2348 2949//2348 3043//2348
f 3039//4017 3037//4017 1963//4017
f 1963//2348 3037//2348 3038//2348
f 1963//2348 3038//2348 3048//2348
f 1701//2348 1699//2348 1747//2348
f 3043//2348 2949//2348 3045//2348
f 1706//2348 1708//2348 2959//2348
f 2959//4018 1708//4018 2953//4018
f 2953//2348 1708//2348 1710//2348
f 2953//2348 1710//2348 2949//2348
f 1719//2348 1701//2348 3047//2348
f 3047//2348 1701//2348 1747//2348
f 3047//4019 1747//4019 2011//4019
f 2959//2348 2958//2348 1706//2348
f 1706//2348 2958//2348 2957//2348
f 1706//2348 2957//2348 1705//2348
f 1705//2348 2957//2348 1746//2348
f 1705//2348 1746//2348 1695//2348
f 1695//2348 1746//2348 1747//2348
f 1695//2348 1747//2348 1696//2348
f 1696//2348 1747//2348 1699//2348
f 3043//2348 3044//2348 2933//2348
f 2933//2348 3044//2348 3042//2348
f 2933//2348 3042//2348 2885//2348
f 2885//2348 3042//2348 3041//2348
f 2885//2348 3041//2348 2887//2348
f 2887//2348 3041//2348 3040//2348
f 2887//2348 3040//2348 2891//2348
f 2891//2348 3040//2348 3039//2348
f 2891//2348 3039//2348 2883//2348
f 2883//2348 3039//2348 2882//2348
f 1710//2348 1712//2348 2949//2348
f 2949//2348 1712//2348 1714//2348
f 2949//2348 1714//2348 1716//2348
f 2882//2348 3039//2348 2881//2348
f 2881//2348 3039//2348 1963//2348
f 2881//2348 1963//2348 1962//2348
f 3045//2348 2949//2348 3047//2348
f 3047//2348 2949//2348 1716//2348
f 3047//3508 1716//3508 1718//3508
f 3047//2348 1718//2348 1719//2348
f 2009//4020 2010//4020 3049//4020
f 3049//4021 2010//4021 1745//4021
f 1745//4022 2010//4022 2011//4022
f 1745//4023 2011//4023 1747//4023
f 1916//4024 1922//4024 1915//4024
f 1915//4025 1922//4025 1931//4025
f 1915//4026 1931//4026 1906//4026
f 1906//4027 1931//4027 1930//4027
f 3049//4028 3050//4028 2009//4028
f 2009//4029 3050//4029 3051//4029
f 2009//4030 3051//4030 2008//4030
f 2008//4031 3051//4031 1891//4031
f 2008//4032 1891//4032 1935//4032
f 1935//4033 1891//4033 1898//4033
f 1935//4034 1898//4034 1936//4034
f 1898//4035 1901//4035 1936//4035
f 1936//4036 1901//4036 1908//4036
f 1936//4037 1908//4037 1930//4037
f 1930//4038 1908//4038 1907//4038
f 1930//4039 1907//4039 1906//4039
f 1897//4040 1894//4040 3052//4040
f 3052//4041 1894//4041 1892//4041
f 1745//4042 3053//4042 3049//4042
f 3049//4043 3053//4043 3054//4043
f 3049//4044 3054//4044 3050//4044
f 3050//4045 3054//4045 3052//4045
f 3050//4045 3052//4045 3051//4045
f 3051//4046 3052//4046 1892//4046
f 3051//4047 1892//4047 1891//4047
f 1895//4048 1896//4048 3055//4048
f 3055//4049 1896//4049 1897//4049
f 1897//4050 3052//4050 3055//4050
f 3055//4051 3052//4051 3054//4051
f 3055//4051 3054//4051 3056//4051
f 3056//4052 3054//4052 3053//4052
f 3056//4052 3053//4052 3057//4052
f 3058//4053 1884//4053 1895//4053
f 1745//4042 1755//4042 3053//4042
f 3053//4054 1755//4054 1754//4054
f 3053//4055 1754//4055 3057//4055
f 3057//4056 1754//4056 1752//4056
f 3057//4057 1752//4057 1750//4057
f 1895//4058 3055//4058 3058//4058
f 3058//4059 3055//4059 3056//4059
f 3058//4059 3056//4059 3059//4059
f 3059//4060 3056//4060 3057//4060
f 3059//4061 3057//4061 3060//4061
f 3060//4062 3057//4062 1750//4062
f 3060//4063 1750//4063 1749//4063
f 3061//2644 1885//2644 1702//2644
f 2971//4064 2973//4064 1720//4064
f 1720//4065 2973//4065 2977//4065
f 1720//2644 2977//2644 2976//2644
f 2976//4066 2975//4066 1720//4066
f 1720//2644 2975//2644 2980//2644
f 1720//2644 2980//2644 1721//2644
f 1698//2644 1884//2644 3058//2644
f 1717//2644 1715//2644 1721//2644
f 1721//2644 1715//2644 1713//2644
f 1721//2644 1713//2644 1737//2644
f 1737//2644 1713//2644 1711//2644
f 1737//2644 1711//2644 1779//2644
f 1779//2644 1711//2644 1709//2644
f 1779//2644 1709//2644 1778//2644
f 1884//2644 1698//2644 1885//2644
f 1885//2644 1698//2644 1700//2644
f 1885//2644 1700//2644 1702//2644
f 2980//2644 2983//2644 1721//2644
f 1721//2644 2983//2644 2982//2644
f 1721//2644 2982//2644 3062//2644
f 1778//2644 1709//2644 1776//2644
f 1776//2644 1709//2644 1707//2644
f 1776//2644 1707//2644 1774//2644
f 1702//2644 1717//2644 3061//2644
f 3061//2644 1717//2644 1721//2644
f 3061//2644 1721//2644 3063//2644
f 3063//2644 1721//2644 3062//2644
f 1774//2644 1707//2644 1771//2644
f 1771//2644 1707//2644 1704//2644
f 1771//2644 1704//2644 1748//2644
f 1748//2644 1704//2644 1749//2644
f 1704//2644 1703//2644 1749//2644
f 1749//2644 1703//2644 1697//2644
f 1749//2644 1697//2644 3060//2644
f 3060//2644 1697//2644 1698//2644
f 3060//2644 1698//2644 3059//2644
f 3059//2644 1698//2644 3058//2644
f 3064//4067 3065//4067 3061//4067
f 3064//4068 3061//4068 3009//4068
f 3009//4069 3061//4069 3063//4069
f 3009//4070 3063//4070 3008//4070
f 3062//4071 2982//4071 2981//4071
f 2981//4072 3005//4072 3062//4072
f 3062//4073 3005//4073 3006//4073
f 3062//4074 3006//4074 3063//4074
f 3063//4075 3006//4075 3007//4075
f 3063//4076 3007//4076 3008//4076
f 3021//4077 3022//4077 3066//4077
f 3066//4078 3022//4078 3067//4078
f 3066//4079 3067//4079 3068//4079
f 3068//4080 3067//4080 3069//4080
f 3068//4081 3069//4081 3070//4081
f 3070//4082 3069//4082 3071//4082
f 3070//4083 3071//4083 3064//4083
f 3064//4084 3071//4084 3065//4084
f 2994//4085 3021//4085 2995//4085
f 2995//4086 3021//4086 3066//4086
f 2995//4087 3066//4087 2999//4087
f 2999//4088 3066//4088 3068//4088
f 2999//4089 3068//4089 3004//4089
f 3004//4090 3068//4090 3070//4090
f 3004//4091 3070//4091 3009//4091
f 3009//4092 3070//4092 3064//4092
f 3022//4093 3024//4093 3072//4093
f 3073//4094 3074//4094 3075//4094
f 3076//4095 3077//4095 3073//4095
f 3073//4096 3075//4096 3076//4096
f 3076//4097 3075//4097 3078//4097
f 3076//4098 3078//4098 3079//4098
f 3079//4099 3078//4099 3072//4099
f 3079//4100 3072//4100 3080//4100
f 3080//4101 3072//4101 3024//4101
f 3080//4101 3024//4101 1828//4101
f 3022//4102 3072//4102 3067//4102
f 3067//4103 3072//4103 3078//4103
f 3067//4104 3078//4104 3069//4104
f 3069//4105 3078//4105 3075//4105
f 3069//4106 3075//4106 3071//4106
f 3071//4107 3075//4107 3074//4107
f 3071//4107 3074//4107 3065//4107
f 3065//597 3074//597 3061//597
f 3061//597 3074//597 3073//597
f 3061//597 3073//597 1885//597
f 1885//4108 3073//4108 3077//4108
f 1885//597 3077//597 3081//597
f 3081//597 1874//597 1885//597
f 1885//597 1874//597 1881//597
f 1885//597 1881//597 1882//597
f 1882//597 1881//597 1879//597
f 1882//597 1879//597 1880//597
f 1828//4109 1829//4109 3082//4109
f 3083//4110 3084//4110 3085//4110
f 3085//4111 3084//4111 3086//4111
f 3085//4112 3086//4112 3081//4112
f 3081//4113 3086//4113 3087//4113
f 3081//4114 3087//4114 1874//4114
f 3085//4115 3088//4115 3083//4115
f 3083//4116 3088//4116 3082//4116
f 3083//4117 3082//4117 3089//4117
f 3089//4118 3082//4118 1829//4118
f 3089//4119 1829//4119 1825//4119
f 1828//4120 3082//4120 3080//4120
f 3080//4121 3082//4121 3088//4121
f 3080//4122 3088//4122 3079//4122
f 3079//4123 3088//4123 3085//4123
f 3079//4124 3085//4124 3076//4124
f 3076//4125 3085//4125 3081//4125
f 3076//4126 3081//4126 3077//4126
f 1825//175 1824//175 1836//175
f 3083//175 3089//175 3084//175
f 3084//175 3089//175 1825//175
f 3084//175 1825//175 3086//175
f 3086//175 1825//175 1836//175
f 3086//175 1836//175 3087//175
f 3087//4127 1836//4127 1874//4127
usemtl rubber
f 1//1 2//1 3//1
f 3//2 2//2 4//2
f 3//3 4//3 5//3
f 5//4 4//4 6//4
f 5//5 6//5 7//5
f 8//6 9//6 10//6
f 10//7 9//7 11//7
f 10//8 11//8 12//8
f 12//9 11//9 13//9
f 12//10 13//10 14//10
f 14//11 13//11 15//11
f 14//12 15//12 1//12
f 1//13 15//13 16//13
f 1//14 16//14 2//14
f 17//15 18//15 19//15
f 19//16 18//16 20//16
f 19//17 20//17 21//17
f 21//18 20//18 22//18
f 21//19 22//19 23//19
f 23//20 22//20 24//20
f 23//21 24//21 25//21
f 25//22 24//22 26//22
f 25//23 26//23 7//23
f 7//24 26//24 27//24
f 7//25 27//25 5//25
f 5//26 27//26 28//26
f 5//27 28//27 3//27
f 3//28 28//28 29//28
f 3//29 29//29 1//29
f 1//30 29//30 30//30
f 1//31 30//31 14//31
f 14//32 30//32 31//32
f 14//33 31//33 12//33
f 12//34 31//34 32//34
f 12//35 32//35 10//35
f 10//36 32//36 33//36
f 10//37 33//37 8//37
f 8//38 33//38 34//38
f 35//39 36//39 17//39
f 17//40 36//40 37//40
f 17//41 37//41 18//41
f 23//42 38//42 21//42
f 21//43 38//43 39//43
f 21//44 39//44 19//44
f 19//45 39//45 40//45
f 19//46 40//46 17//46
f 17//47 40//47 41//47
f 17//48 41//48 35//48
f 42//49 43//49 44//49
f 45//50 46//50 47//50
f 44//51 43//51 48//51
f 48//52 43//52 49//52
f 48//53 49//53 50//53
f 50//54 49//54 45//54
f 50//55 45//55 51//55
f 51//56 45//56 47//56
f 51//57 47//57 52//57
f 53//58 54//58 55//58
f 55//59 54//59 56//59
f 55//60 56//60 57//60
f 57//61 56//61 58//61
f 59//62 60//62 61//62
f 61//63 60//63 62//63
f 61//64 62//64 63//64
f 62//65 64//65 63//65
f 63//66 64//66 65//66
f 63//67 65//67 66//67
f 66//68 65//68 67//68
f 66//69 67//69 68//69
f 68//70 67//70 58//70
f 68//71 58//71 69//71
f 69//72 58//72 56//72
f 44//73 70//73 42//73
f 42//74 70//74 71//74
f 42//75 71//75 72//75
f 72//76 71//76 73//76
f 72//77 73//77 74//77
f 74//78 73//78 75//78
f 74//79 75//79 59//79
f 59//80 75//80 76//80
f 59//81 76//81 60//81
f 35//82 77//82 36//82
f 36//83 77//83 78//83
f 36//84 78//84 79//84
f 80//85 37//85 81//85
f 81//86 37//86 36//86
f 81//87 36//87 82//87
f 82//88 36//88 79//88
f 82//89 79//89 83//89
f 6//90 84//90 7//90
f 7//91 84//91 85//91
f 7//92 85//92 25//92
f 25//93 85//93 86//93
f 25//94 86//94 23//94
f 23//95 86//95 87//95
f 23//96 87//96 38//96
f 80//97 46//97 37//97
f 37//98 46//98 45//98
f 37//99 45//99 18//99
f 18//100 45//100 49//100
f 18//101 49//101 20//101
f 20//102 49//102 43//102
f 20//103 43//103 22//103
f 22//104 43//104 42//104
f 22//105 42//105 24//105
f 24//106 42//106 72//106
f 24//107 72//107 26//107
f 26//108 72//108 74//108
f 26//109 74//109 27//109
f 27//110 74//110 59//110
f 27//111 59//111 28//111
f 28//112 59//112 61//112
f 28//113 61//113 29//113
f 29//114 61//114 63//114
f 29//115 63//115 30//115
f 30//116 63//116 66//116
f 30//117 66//117 31//117
f 31//118 66//118 68//118
f 31//119 68//119 32//119
f 32//120 68//120 69//120
f 32//121 69//121 33//121
f 33//122 69//122 56//122
f 33//123 56//123 34//123
f 34//124 56//124 54//124
f 88//125 89//125 90//125
f 88//126 90//126 91//126
f 91//127 90//127 92//127
f 91//128 92//128 93//128
f 93//129 92//129 94//129
f 93//130 94//130 95//130
f 95//131 94//131 96//131
f 95//132 96//132 97//132
f 89//133 88//133 98//133
f 98//134 88//134 99//134
f 98//135 99//135 100//135
f 101//136 102//136 103//136
f 103//137 104//137 101//137
f 101//138 104//138 105//138
f 101//139 105//139 106//139
f 106//140 105//140 107//140
f 106//141 107//141 108//141
f 108//142 107//142 109//142
f 108//143 109//143 110//143
f 110//144 109//144 111//144
f 110//145 111//145 100//145
f 100//146 111//146 112//146
f 100//147 112//147 98//147
f 103//148 102//148 113//148
f 113//148 102//148 114//148
f 113//149 114//149 115//149
f 115//149 114//149 116//149
f 115//150 116//150 117//150
f 117//150 116//150 118//150
f 117//151 118//151 119//151
f 119//151 118//151 120//151
f 119//152 120//152 121//152
f 121//153 120//153 122//153
f 123//154 124//154 125//154
f 125//155 124//155 126//155
f 125//156 126//156 127//156
f 127//157 126//157 128//157
f 127//158 128//158 129//158
f 129//159 128//159 130//159
f 129//160 130//160 131//160
f 131//161 130//161 132//161
f 131//162 132//162 133//162
f 133//163 132//163 134//163
f 133//164 134//164 135//164
f 135//165 134//165 136//165
f 135//166 136//166 137//166
f 137//167 136//167 138//167
f 137//168 138//168 139//168
f 139//169 138//169 140//169
f 139//170 140//170 141//170
f 141//171 140//171 142//171
f 141//172 142//172 122//172
f 122//173 142//173 143//173
f 122//174 143//174 121//174
f 144//175 124//175 145//175
f 145//175 124//175 123//175
f 146//176 147//176 148//176
f 148//177 147//177 149//177
f 150//178 151//178 152//178
f 152//179 151//179 153//179
f 152//180 153//180 154//180
f 154//181 153//181 155//181
f 154//182 155//182 156//182
f 156//147 155//147 157//147
f 156//183 157//183 158//183
f 158//184 157//184 159//184
f 158//185 159//185 160//185
f 160//186 159//186 161//186
f 160//187 161//187 162//187
f 162//188 161//188 163//188
f 162//189 163//189 149//189
f 149//190 163//190 164//190
f 149//191 164//191 148//191
f 152//192 165//192 150//192
f 150//193 165//193 166//193
f 150//194 166//194 167//194
f 167//195 166//195 168//195
f 167//132 168//132 169//132
f 147//148 146//148 170//148
f 170//148 146//148 171//148
f 170//149 171//149 172//149
f 172//149 171//149 173//149
f 172//150 173//150 174//150
f 174//150 173//150 175//150
f 174//151 175//151 176//151
f 176//151 175//151 177//151
f 176//152 177//152 178//152
f 176//196 178//196 179//196
f 179//197 178//197 180//197
f 179//198 180//198 181//198
f 180//199 182//199 181//199
f 181//200 182//200 183//200
f 181//201 183//201 184//201
f 184//169 183//169 185//169
f 184//202 185//202 186//202
f 186//203 185//203 187//203
f 186//204 187//204 188//204
f 188//165 187//165 189//165
f 188//205 189//205 190//205
f 190//206 189//206 191//206
f 190//162 191//162 192//162
f 192//207 191//207 193//207
f 192//208 193//208 194//208
f 194//209 193//209 195//209
f 194//210 195//210 196//210
f 196//211 195//211 197//211
f 197//212 195//212 198//212
f 197//154 198//154 199//154
f 200//175 199//175 201//175
f 201//175 199//175 198//175
f 202//213 203//213 204//213
f 204//213 203//213 205//213
f 206//176 207//176 208//176
f 208//176 207//176 209//176
f 208//214 209//214 210//214
f 210//214 209//214 211//214
f 210//215 211//215 212//215
f 212//215 211//215 213//215
f 212//142 213//142 214//142
f 214//142 213//142 215//142
f 214//216 215//216 216//216
f 216//186 215//186 217//186
f 216//146 217//146 218//146
f 218//217 217//217 219//217
f 218//218 219//218 220//218
f 220//147 219//147 221//147
f 220//133 221//133 222//133
f 222//133 221//133 223//133
f 222//179 223//179 224//179
f 224//179 223//179 225//179
f 224//219 225//219 205//219
f 205//220 225//220 226//220
f 205//221 226//221 204//221
f 207//148 206//148 227//148
f 227//148 206//148 228//148
f 227//149 228//149 229//149
f 229//149 228//149 230//149
f 229//150 230//150 231//150
f 231//150 230//150 232//150
f 231//151 232//151 233//151
f 233//151 232//151 234//151
f 235//222 236//222 237//222
f 233//152 234//152 238//152
f 238//152 234//152 239//152
f 238//223 239//223 240//223
f 240//223 239//223 241//223
f 240//224 241//224 242//224
f 242//224 241//224 243//224
f 242//225 243//225 244//225
f 244//226 243//226 245//226
f 244//227 245//227 246//227
f 246//227 245//227 247//227
f 246//228 247//228 248//228
f 248//228 247//228 249//228
f 248//165 249//165 250//165
f 250//229 249//229 251//229
f 250//230 251//230 252//230
f 252//230 251//230 253//230
f 252//161 253//161 254//161
f 254//207 253//207 255//207
f 254//231 255//231 256//231
f 256//232 255//232 235//232
f 256//233 235//233 257//233
f 257//222 235//222 237//222
f 258//175 237//175 259//175
f 259//175 237//175 236//175
f 260//176 261//176 262//176
f 262//176 261//176 263//176
f 262//214 263//214 264//214
f 264//214 263//214 265//214
f 264//215 265//215 266//215
f 266//215 265//215 267//215
f 266//234 267//234 268//234
f 268//142 267//142 269//142
f 268//216 269//216 270//216
f 270//186 269//186 271//186
f 270//146 271//146 272//146
f 272//217 271//217 273//217
f 272//218 273//218 274//218
f 274//147 273//147 275//147
f 274//133 275//133 276//133
f 276//133 275//133 277//133
f 276//235 277//235 278//235
f 278//235 277//235 279//235
f 278//219 279//219 280//219
f 281//213 282//213 283//213
f 283//213 282//213 280//213
f 283//221 280//221 284//221
f 284//220 280//220 279//220
f 261//148 260//148 285//148
f 285//148 260//148 286//148
f 285//149 286//149 287//149
f 287//149 286//149 288//149
f 287//150 288//150 289//150
f 289//150 288//150 290//150
f 289//151 290//151 291//151
f 291//151 290//151 292//151
f 293//222 294//222 295//222
f 291//152 292//152 296//152
f 296//152 292//152 297//152
f 296//223 297//223 298//223
f 298//223 297//223 299//223
f 298//224 299//224 300//224
f 300//224 299//224 301//224
f 300//225 301//225 302//225
f 302//226 301//226 303//226
f 302//227 303//227 304//227
f 304//227 303//227 305//227
f 304//228 305//228 306//228
f 306//236 305//236 307//236
f 306//165 307//165 308//165
f 308//165 307//165 309//165
f 308//230 309//230 310//230
f 310//230 309//230 311//230
f 310//161 311//161 312//161
f 312//207 311//207 313//207
f 312//231 313//231 314//231
f 314//232 313//232 293//232
f 314//233 293//233 315//233
f 315//222 293//222 295//222
f 295//175 294//175 316//175
f 316//175 294//175 317//175
f 318//132 319//132 320//132
f 320//132 319//132 321//132
f 320//237 321//237 322//237
f 322//238 321//238 323//238
f 322//239 323//239 324//239
f 324//239 323//239 325//239
f 324//240 325//240 326//240
f 326//240 325//240 327//240
f 326//180 327//180 328//180
f 328//180 327//180 329//180
f 328//241 329//241 330//241
f 330//241 329//241 331//241
f 330//242 331//242 332//242
f 332//242 331//242 333//242
f 332//143 333//143 334//143
f 334//143 333//143 335//143
f 334//187 335//187 336//187
f 336//243 335//243 337//243
f 336//244 337//244 338//244
f 339//136 340//136 341//136
f 341//136 340//136 338//136
f 341//245 338//245 342//245
f 342//246 338//246 337//246
f 340//148 339//148 343//148
f 343//148 339//148 344//148
f 343//149 344//149 345//149
f 345//149 344//149 346//149
f 345//150 346//150 347//150
f 347//150 346//150 348//150
f 347//151 348//151 349//151
f 349//151 348//151 350//151
f 351//247 352//247 353//247
f 353//154 352//154 354//154
f 353//248 354//248 355//248
f 355//248 354//248 356//248
f 355//249 356//249 357//249
f 357//249 356//249 358//249
f 357//250 358//250 359//250
f 359//250 358//250 360//250
f 359//162 360//162 361//162
f 361//162 360//162 362//162
f 361//251 362//251 363//251
f 363//251 362//251 364//251
f 363//204 364//204 365//204
f 365//204 364//204 366//204
f 365//252 366//252 367//252
f 367//252 366//252 368//252
f 367//170 368//170 369//170
f 369//170 368//170 370//170
f 369//253 370//253 371//253
f 371//198 370//198 372//198
f 371//254 372//254 373//254
f 373//255 372//255 349//255
f 373//255 349//255 350//255
f 374//175 352//175 375//175
f 375//175 352//175 351//175
f 376//176 377//176 378//176
f 378//177 377//177 379//177
f 380//256 381//256 382//256
f 382//235 381//235 383//235
f 382//180 383//180 384//180
f 384//257 383//257 385//257
f 384//182 385//182 386//182
f 386//147 385//147 387//147
f 386//258 387//258 388//258
f 388//184 387//184 389//184
f 388//185 389//185 390//185
f 390//186 389//186 391//186
f 390//187 391//187 392//187
f 392//188 391//188 393//188
f 392//189 393//189 379//189
f 379//190 393//190 394//190
f 379//191 394//191 378//191
f 382//192 395//192 380//192
f 380//193 395//193 396//193
f 380//194 396//194 397//194
f 397//195 396//195 398//195
f 397//132 398//132 399//132
f 377//148 376//148 400//148
f 400//148 376//148 401//148
f 400//149 401//149 402//149
f 402//149 401//149 403//149
f 402//150 403//150 404//150
f 404//150 403//150 405//150
f 404//151 405//151 406//151
f 406//151 405//151 407//151
f 406//152 407//152 408//152
f 406//196 408//196 409//196
f 409//197 408//197 410//197
f 409//198 410//198 411//198
f 410//199 412//199 411//199
f 411//200 412//200 413//200
f 411//170 413//170 414//170
f 414//169 413//169 415//169
f 414//202 415//202 416//202
f 416//203 415//203 417//203
f 416//259 417//259 418//259
f 418//165 417//165 419//165
f 418//205 419//205 420//205
f 420//260 419//260 421//260
f 420//162 421//162 422//162
f 422//207 421//207 423//207
f 422//208 423//208 424//208
f 424//209 423//209 425//209
f 424//210 425//210 426//210
f 426//261 425//261 427//261
f 427//212 425//212 428//212
f 427//247 428//247 429//247
f 430//175 429//175 431//175
f 431//175 429//175 428//175
f 432//262 433//262 434//262
f 434//132 433//132 435//132
f 434//238 435//238 436//238
f 436//238 435//238 437//238
f 436//263 437//263 438//263
f 438//239 437//239 439//239
f 438//264 439//264 440//264
f 440//240 439//240 441//240
f 440//180 441//180 442//180
f 442//180 441//180 443//180
f 442//241 443//241 444//241
f 444//241 443//241 445//241
f 444//242 445//242 446//242
f 446//183 445//183 447//183
f 446//143 447//143 448//143
f 448//143 447//143 449//143
f 448//187 449//187 450//187
f 450//187 449//187 451//187
f 450//244 451//244 452//244
f 453//136 454//136 455//136
f 455//136 454//136 452//136
f 455//265 452//265 456//265
f 456//246 452//246 451//246
f 454//148 453//148 457//148
f 457//148 453//148 458//148
f 457//149 458//149 459//149
f 459//149 458//149 460//149
f 459//150 460//150 461//150
f 461//150 460//150 462//150
f 461//151 462//151 463//151
f 463//151 462//151 464//151
f 465//247 466//247 467//247
f 467//154 466//154 468//154
f 467//248 468//248 469//248
f 469//248 468//248 470//248
f 469//249 470//249 471//249
f 471//158 470//158 472//158
f 471//250 472//250 473//250
f 473//266 472//266 474//266
f 473//162 474//162 475//162
f 475//162 474//162 476//162
f 475//251 476//251 477//251
f 477//251 476//251 478//251
f 477//204 478//204 479//204
f 479//204 478//204 480//204
f 479//252 480//252 481//252
f 481//252 480//252 482//252
f 481//170 482//170 483//170
f 483//170 482//170 484//170
f 483//253 484//253 485//253
f 485//198 484//198 486//198
f 485//267 486//267 487//267
f 487//255 486//255 463//255
f 487//255 463//255 464//255
f 466//175 465//175 488//175
f 488//175 465//175 489//175
f 490//176 491//176 492//176
f 492//177 491//177 493//177
f 494//178 495//178 496//178
f 496//235 495//235 497//235
f 496//180 497//180 498//180
f 498//257 497//257 499//257
f 498//182 499//182 500//182
f 500//147 499//147 501//147
f 500//242 501//242 502//242
f 502//184 501//184 503//184
f 502//185 503//185 504//185
f 504//186 503//186 505//186
f 504//268 505//268 506//268
f 506//188 505//188 507//188
f 506//189 507//189 493//189
f 493//190 507//190 508//190
f 493//191 508//191 492//191
f 496//192 509//192 494//192
f 494//193 509//193 510//193
f 494//194 510//194 511//194
f 511//195 510//195 512//195
f 511//262 512//262 513//262
f 491//148 490//148 514//148
f 514//148 490//148 515//148
f 514//149 515//149 516//149
f 516//149 515//149 517//149
f 516//150 517//150 518//150
f 518//150 517//150 519//150
f 518//151 519//151 520//151
f 520//151 519//151 521//151
f 520//152 521//152 522//152
f 520//196 522//196 523//196
f 523//197 522//197 524//197
f 523//198 524//198 525//198
f 524//199 526//199 525//199
f 525//269 526//269 527//269
f 525//170 527//170 528//170
f 528//169 527//169 529//169
f 528//202 529//202 530//202
f 530//203 529//203 531//203
f 530//204 531//204 532//204
f 532//165 531//165 533//165
f 532//205 533//205 534//205
f 534//260 533//260 535//260
f 534//162 535//162 536//162
f 536//161 535//161 537//161
f 536//208 537//208 538//208
f 538//209 537//209 539//209
f 538//270 539//270 540//270
f 540//261 539//261 541//261
f 541//212 539//212 542//212
f 541//247 542//247 543//247
f 544//175 543//175 545//175
f 545//175 543//175 542//175
f 546//148 547//148 548//148
f 548//148 547//148 549//148
f 548//149 549//149 550//149
f 550//149 549//149 551//149
f 550//150 551//150 552//150
f 552//150 551//150 553//150
f 552//151 553//151 554//151
f 554//151 553//151 555//151
f 494//271 511//271 556//271
f 545//272 542//272 557//272
f 557//273 542//273 539//273
f 556//273 558//273 494//273
f 494//272 558//272 559//272
f 494//272 559//272 495//272
f 560//272 508//272 561//272
f 561//273 508//273 507//273
f 561//272 507//272 562//272
f 562//272 507//272 505//272
f 562//272 505//272 563//272
f 563//272 505//272 503//272
f 563//271 503//271 564//271
f 535//273 533//273 565//273
f 565//273 533//273 531//273
f 565//273 531//273 566//273
f 566//273 531//273 529//273
f 566//273 529//273 567//273
f 567//273 529//273 527//273
f 567//273 527//273 568//273
f 568//273 527//273 526//273
f 568//272 526//272 569//272
f 526//272 524//272 569//272
f 569//272 524//272 522//272
f 569//273 522//273 554//273
f 554//271 522//271 521//271
f 554//272 521//272 552//272
f 552//273 521//273 519//273
f 552//273 519//273 550//273
f 550//272 519//272 517//272
f 550//273 517//273 548//273
f 548//273 517//273 515//273
f 548//273 515//273 546//273
f 546//273 515//273 490//273
f 546//273 490//273 560//273
f 560//273 490//273 492//273
f 560//272 492//272 508//272
f 503//272 501//272 564//272
f 564//273 501//273 499//273
f 564//272 499//272 570//272
f 570//273 499//273 497//273
f 570//273 497//273 571//273
f 571//273 497//273 495//273
f 571//273 495//273 572//273
f 572//272 495//272 559//272
f 565//272 573//272 535//272
f 535//272 573//272 574//272
f 535//273 574//273 537//273
f 537//273 574//273 575//273
f 537//273 575//273 539//273
f 539//273 575//273 576//273
f 539//273 576//273 557//273
f 513//175 577//175 511//175
f 511//175 577//175 556//175
f 504//274 506//274 578//274
f 491//275 579//275 493//275
f 493//276 579//276 580//276
f 493//275 580//275 506//275
f 506//274 580//274 581//274
f 506//274 581//274 578//274
f 504//274 578//274 502//274
f 502//274 578//274 582//274
f 502//274 582//274 583//274
f 523//274 584//274 520//274
f 520//275 584//275 585//275
f 520//275 585//275 518//275
f 518//275 585//275 586//275
f 518//275 586//275 516//275
f 516//275 586//275 587//275
f 516//275 587//275 514//275
f 514//274 587//274 588//274
f 514//274 588//274 491//274
f 491//275 588//275 589//275
f 491//275 589//275 579//275
f 543//274 544//274 541//274
f 541//275 544//275 590//275
f 541//275 590//275 540//275
f 540//275 590//275 591//275
f 540//275 591//275 538//275
f 538//275 591//275 592//275
f 538//275 592//275 536//275
f 536//274 592//274 593//274
f 536//274 593//274 534//274
f 534//275 593//275 594//275
f 534//275 594//275 532//275
f 532//274 594//274 595//274
f 532//275 595//275 530//275
f 530//275 595//275 596//275
f 530//275 596//275 528//275
f 528//275 596//275 597//275
f 528//275 597//275 525//275
f 525//274 597//274 598//274
f 525//274 598//274 523//274
f 523//275 598//275 599//275
f 523//275 599//275 584//275
f 577//274 513//274 600//274
f 600//274 513//274 512//274
f 600//274 512//274 601//274
f 601//274 512//274 510//274
f 601//274 510//274 602//274
f 602//275 510//275 509//275
f 602//275 509//275 603//275
f 603//275 509//275 496//275
f 603//274 496//274 604//274
f 604//275 496//275 498//275
f 604//274 498//274 583//274
f 583//274 498//274 500//274
f 583//274 500//274 502//274
f 605//148 589//148 606//148
f 606//148 589//148 588//148
f 606//149 588//149 607//149
f 607//149 588//149 587//149
f 607//150 587//150 608//150
f 608//150 587//150 586//150
f 608//151 586//151 609//151
f 609//151 586//151 585//151
f 481//273 483//273 610//273
f 464//272 611//272 487//272
f 487//277 611//277 612//277
f 487//272 612//272 485//272
f 485//273 612//273 483//273
f 483//273 612//273 613//273
f 483//273 613//273 610//273
f 481//273 610//273 479//273
f 479//272 610//272 614//272
f 479//272 614//272 615//272
f 433//272 616//272 435//272
f 435//273 616//273 617//273
f 435//273 617//273 437//273
f 437//273 617//273 618//273
f 437//273 618//273 439//273
f 439//272 618//272 619//272
f 439//272 619//272 441//272
f 441//272 619//272 620//272
f 441//272 620//272 443//272
f 443//272 620//272 621//272
f 443//273 621//273 445//273
f 445//273 621//273 622//273
f 445//273 622//273 447//273
f 447//272 622//272 623//272
f 447//273 623//273 449//273
f 449//272 623//272 624//272
f 449//272 624//272 451//272
f 451//273 624//273 625//273
f 451//273 625//273 456//273
f 456//272 625//272 626//272
f 456//277 626//277 455//277
f 455//273 627//273 453//273
f 453//271 627//271 605//271
f 453//272 605//272 458//272
f 458//273 605//273 606//273
f 458//273 606//273 460//273
f 460//272 606//272 607//272
f 460//272 607//272 462//272
f 462//272 607//272 608//272
f 462//272 608//272 464//272
f 464//273 608//273 609//273
f 464//273 609//273 611//273
f 489//273 465//273 628//273
f 628//273 465//273 467//273
f 628//272 467//272 629//272
f 629//273 467//273 469//273
f 629//273 469//273 630//273
f 630//273 469//273 471//273
f 630//273 471//273 631//273
f 631//272 471//272 473//272
f 631//273 473//273 632//273
f 632//273 473//273 475//273
f 632//273 475//273 615//273
f 615//273 475//273 477//273
f 615//273 477//273 479//273
f 433//175 432//175 616//175
f 616//175 432//175 633//175
f 448//274 450//274 634//274
f 454//274 635//274 452//274
f 452//279 635//279 636//279
f 452//275 636//275 450//275
f 450//274 636//274 637//274
f 450//274 637//274 634//274
f 448//274 634//274 446//274
f 446//275 634//275 638//275
f 446//275 638//275 639//275
f 486//274 640//274 463//274
f 463//275 640//275 641//275
f 463//275 641//275 461//275
f 461//275 641//275 642//275
f 461//274 642//274 459//274
f 459//275 642//275 643//275
f 459//274 643//274 457//274
f 457//275 643//275 644//275
f 457//275 644//275 454//275
f 454//275 644//275 645//275
f 454//275 645//275 635//275
f 466//274 488//274 468//274
f 468//275 488//275 646//275
f 468//275 646//275 470//275
f 470//274 646//274 647//274
f 470//274 647//274 472//274
f 472//274 647//274 648//274
f 472//275 648//275 474//275
f 474//275 648//275 649//275
f 474//275 649//275 476//275
f 476//274 649//274 650//274
f 476//274 650//274 478//274
f 478//274 650//274 651//274
f 478//275 651//275 480//275
f 480//274 651//274 652//274
f 480//274 652//274 482//274
f 482//275 652//275 653//275
f 482//275 653//275 484//275
f 484//274 653//274 654//274
f 484//274 654//274 486//274
f 486//274 654//274 655//274
f 486//280 655//280 640//280
f 633//275 432//275 656//275
f 656//275 432//275 434//275
f 656//281 434//281 657//281
f 657//274 434//274 436//274
f 657//274 436//274 658//274
f 658//275 436//275 438//275
f 658//275 438//275 659//275
f 659//275 438//275 440//275
f 659//275 440//275 660//275
f 660//274 440//274 442//274
f 660//274 442//274 639//274
f 639//275 442//275 444//275
f 639//275 444//275 446//275
f 661//148 645//148 662//148
f 662//148 645//148 644//148
f 662//149 644//149 663//149
f 663//149 644//149 643//149
f 663//150 643//150 664//150
f 664//150 643//150 642//150
f 664//151 642//151 665//151
f 665//151 642//151 641//151
f 380//273 397//273 666//273
f 431//273 428//273 667//273
f 667//272 428//272 425//272
f 666//272 668//272 380//272
f 380//273 668//273 669//273
f 380//273 669//273 381//273
f 670//272 394//272 671//272
f 671//271 394//271 393//271
f 671//272 393//272 672//272
f 672//272 393//272 391//272
f 672//272 391//272 673//272
f 673//272 391//272 389//272
f 673//273 389//273 674//273
f 421//273 419//273 675//273
f 675//273 419//273 417//273
f 675//273 417//273 676//273
f 676//273 417//273 415//273
f 676//272 415//272 677//272
f 677//273 415//273 413//273
f 677//273 413//273 678//273
f 678//273 413//273 412//273
f 678//273 412//273 679//273
f 412//273 410//273 679//273
f 679//273 410//273 408//273
f 679//273 408//273 665//273
f 665//273 408//273 407//273
f 665//273 407//273 664//273
f 664//272 407//272 405//272
f 664//273 405//273 663//273
f 663//273 405//273 403//273
f 663//272 403//272 662//272
f 662//271 403//271 401//271
f 662//272 401//272 661//272
f 661//272 401//272 376//272
f 661//272 376//272 670//272
f 670//272 376//272 378//272
f 670//272 378//272 394//272
f 389//273 387//273 674//273
f 674//273 387//273 385//273
f 674//273 385//273 680//273
f 680//272 385//272 383//272
f 680//272 383//272 681//272
f 681//272 383//272 381//272
f 681//272 381//272 682//272
f 682//273 381//273 669//273
f 675//273 683//273 421//273
f 421//273 683//273 684//273
f 421//273 684//273 423//273
f 423//273 684//273 685//273
f 423//272 685//272 425//272
f 425//272 685//272 686//272
f 425//273 686//273 667//273
f 399//175 687//175 397//175
f 397//175 687//175 666//175
f 390//274 392//274 688//274
f 377//275 689//275 379//275
f 379//279 689//279 690//279
f 379//275 690//275 392//275
f 392//275 690//275 691//275
f 392//275 691//275 688//275
f 390//275 688//275 388//275
f 388//274 688//274 692//274
f 388//274 692//274 693//274
f 409//275 694//275 406//275
f 406//274 694//274 695//274
f 406//274 695//274 404//274
f 404//274 695//274 696//274
f 404//274 696//274 402//274
f 402//275 696//275 697//275
f 402//274 697//274 400//274
f 400//275 697//275 698//275
f 400//275 698//275 377//275
f 377//275 698//275 699//275
f 377//275 699//275 689//275
f 429//275 430//275 427//275
f 427//275 430//275 700//275
f 427//275 700//275 426//275
f 426//280 700//280 701//280
f 426//275 701//275 424//275
f 424//274 701//274 702//274
f 424//275 702//275 422//275
f 422//274 702//274 703//274
f 422//275 703//275 420//275
f 420//275 703//275 704//275
f 420//275 704//275 418//275
f 418//275 704//275 705//275
f 418//275 705//275 416//275
f 416//274 705//274 706//274
f 416//274 706//274 414//274
f 414//275 706//275 707//275
f 414//274 707//274 411//274
f 411//275 707//275 708//275
f 411//274 708//274 409//274
f 409//275 708//275 709//275
f 409//282 709//282 694//282
f 687//274 399//274 710//274
f 710//275 399//275 398//275
f 710//275 398//275 711//275
f 711//275 398//275 396//275
f 711//275 396//275 712//275
f 712//274 396//274 395//274
f 712//274 395//274 713//274
f 713//274 395//274 382//274
f 713//274 382//274 714//274
f 714//274 382//274 384//274
f 714//274 384//274 693//274
f 693//275 384//275 386//275
f 693//275 386//275 388//275
f 715//148 699//148 716//148
f 716//148 699//148 698//148
f 716//149 698//149 717//149
f 717//149 698//149 697//149
f 717//150 697//150 718//150
f 718//150 697//150 696//150
f 718//151 696//151 719//151
f 719//151 696//151 695//151
f 367//273 369//273 720//273
f 350//272 721//272 373//272
f 373//283 721//283 722//283
f 373//284 722//284 371//284
f 371//272 722//272 369//272
f 369//272 722//272 723//272
f 369//272 723//272 720//272
f 367//273 720//273 365//273
f 365//273 720//273 724//273
f 365//273 724//273 725//273
f 319//273 726//273 321//273
f 321//272 726//272 727//272
f 321//272 727//272 323//272
f 323//272 727//272 728//272
f 323//272 728//272 325//272
f 325//273 728//273 729//273
f 325//273 729//273 327//273
f 327//272 729//272 730//272
f 327//272 730//272 329//272
f 329//273 730//273 731//273
f 329//273 731//273 331//273
f 331//272 731//272 732//272
f 331//271 732//271 333//271
f 333//272 732//272 733//272
f 333//273 733//273 335//273
f 335//272 733//272 734//272
f 335//273 734//273 337//273
f 337//272 734//272 735//272
f 337//272 735//272 342//272
f 342//273 735//273 736//273
f 342//272 736//272 341//272
f 341//285 736//285 737//285
f 341//272 737//272 339//272
f 339//273 737//273 715//273
f 339//273 715//273 344//273
f 344//272 715//272 716//272
f 344//271 716//271 346//271
f 346//272 716//272 717//272
f 346//273 717//273 348//273
f 348//273 717//273 718//273
f 348//272 718//272 350//272
f 350//273 718//273 719//273
f 350//273 719//273 721//273
f 375//272 351//272 738//272
f 738//272 351//272 353//272
f 738//273 353//273 739//273
f 739//273 353//273 355//273
f 739//272 355//272 740//272
f 740//272 355//272 357//272
f 740//273 357//273 741//273
f 741//273 357//273 359//273
f 741//272 359//272 742//272
f 742//272 359//272 361//272
f 742//272 361//272 725//272
f 725//273 361//273 363//273
f 725//272 363//272 365//272
f 318//175 743//175 319//175
f 319//175 743//175 726//175
f 334//274 336//274 744//274
f 340//275 745//275 338//275
f 338//286 745//286 746//286
f 338//275 746//275 336//275
f 336//275 746//275 747//275
f 336//275 747//275 744//275
f 334//275 744//275 332//275
f 332//274 744//274 748//274
f 332//274 748//274 749//274
f 372//275 750//275 349//275
f 349//275 750//275 751//275
f 349//275 751//275 347//275
f 347//274 751//274 752//274
f 347//274 752//274 345//274
f 345//275 752//275 753//275
f 345//274 753//274 343//274
f 343//275 753//275 754//275
f 343//274 754//274 340//274
f 340//274 754//274 755//274
f 340//274 755//274 745//274
f 352//275 374//275 354//275
f 354//274 374//274 756//274
f 354//275 756//275 356//275
f 356//280 756//280 757//280
f 356//274 757//274 358//274
f 358//275 757//275 758//275
f 358//275 758//275 360//275
f 360//274 758//274 759//274
f 360//275 759//275 362//275
f 362//275 759//275 760//275
f 362//275 760//275 364//275
f 364//274 760//274 761//274
f 364//274 761//274 366//274
f 366//275 761//275 762//275
f 366//274 762//274 368//274
f 368//275 762//275 763//275
f 368//274 763//274 370//274
f 370//275 763//275 764//275
f 370//275 764//275 372//275
f 372//275 764//275 765//275
f 372//280 765//280 750//280
f 743//274 318//274 766//274
f 766//275 318//275 320//275
f 766//275 320//275 767//275
f 767//275 320//275 322//275
f 767//275 322//275 768//275
f 768//274 322//274 324//274
f 768//274 324//274 769//274
f 769//274 324//274 326//274
f 769//275 326//275 770//275
f 770//275 326//275 328//275
f 770//274 328//274 749//274
f 749//275 328//275 330//275
f 749//275 330//275 332//275
f 771//148 755//148 772//148
f 772//148 755//148 754//148
f 772//149 754//149 773//149
f 773//149 754//149 753//149
f 773//150 753//150 774//150
f 774//150 753//150 752//150
f 774//151 752//151 775//151
f 775//151 752//151 751//151
f 280//272 282//272 776//272
f 317//273 294//273 777//273
f 777//273 294//273 293//273
f 776//273 778//273 280//273
f 280//272 778//272 779//272
f 280//273 779//273 278//273
f 780//272 264//272 781//272
f 781//273 264//273 266//273
f 781//271 266//271 782//271
f 782//272 266//272 268//272
f 782//272 268//272 783//272
f 783//271 268//271 270//271
f 783//273 270//273 784//273
f 311//273 309//273 785//273
f 785//273 309//273 307//273
f 785//273 307//273 786//273
f 786//273 307//273 305//273
f 786//273 305//273 787//273
f 787//273 305//273 303//273
f 787//284 303//284 788//284
f 788//273 303//273 301//273
f 788//272 301//272 789//272
f 301//273 299//273 789//273
f 789//273 299//273 297//273
f 789//273 297//273 775//273
f 775//273 297//273 292//273
f 775//273 292//273 774//273
f 774//273 292//273 290//273
f 774//273 290//273 773//273
f 773//272 290//272 288//272
f 773//272 288//272 772//272
f 772//272 288//272 286//272
f 772//272 286//272 771//272
f 771//273 286//273 260//273
f 771//272 260//272 780//272
f 780//273 260//273 262//273
f 780//272 262//272 264//272
f 270//272 272//272 784//272
f 784//272 272//272 274//272
f 784//271 274//271 790//271
f 790//273 274//273 276//273
f 790//273 276//273 791//273
f 791//273 276//273 278//273
f 791//273 278//273 792//273
f 792//273 278//273 779//273
f 785//272 793//272 311//272
f 311//273 793//273 794//273
f 311//273 794//273 313//273
f 313//273 794//273 795//273
f 313//273 795//273 293//273
f 293//273 795//273 796//273
f 293//273 796//273 777//273
f 282//175 281//175 776//175
f 776//175 281//175 797//175
f 798//275 298//275 799//275
f 799//275 298//275 300//275
f 799//280 300//280 800//280
f 800//275 300//275 302//275
f 800//275 302//275 801//275
f 801//280 302//280 304//280
f 801//275 304//275 802//275
f 277//274 275//274 803//274
f 803//274 275//274 273//274
f 803//275 273//275 804//275
f 804//275 273//275 271//275
f 804//274 271//274 805//274
f 805//275 271//275 269//275
f 805//275 269//275 806//275
f 806//275 269//275 267//275
f 806//274 267//274 807//274
f 267//275 265//275 807//275
f 807//275 265//275 263//275
f 807//275 263//275 808//275
f 808//274 263//274 261//274
f 808//274 261//274 809//274
f 809//275 261//275 285//275
f 809//274 285//274 810//274
f 810//275 285//275 287//275
f 810//275 287//275 811//275
f 811//275 287//275 289//275
f 811//275 289//275 812//275
f 812//275 289//275 291//275
f 812//274 291//274 798//274
f 798//275 291//275 296//275
f 798//275 296//275 298//275
f 315//275 295//275 316//275
f 797//275 281//275 813//275
f 813//275 281//275 283//275
f 813//274 283//274 814//274
f 814//274 283//274 284//274
f 814//275 284//275 815//275
f 815//275 284//275 279//275
f 815//274 279//274 816//274
f 816//275 279//275 277//275
f 816//274 277//274 817//274
f 817//275 277//275 803//275
f 312//275 314//275 818//275
f 818//274 314//274 315//274
f 818//274 315//274 819//274
f 819//274 315//274 316//274
f 304//275 306//275 802//275
f 802//275 306//275 308//275
f 802//275 308//275 820//275
f 820//275 308//275 310//275
f 820//275 310//275 821//275
f 821//274 310//274 312//274
f 821//275 312//275 822//275
f 822//274 312//274 818//274
f 823//148 808//148 824//148
f 824//148 808//148 809//148
f 824//149 809//149 825//149
f 825//149 809//149 810//149
f 825//150 810//150 826//150
f 826//150 810//150 811//150
f 826//151 811//151 827//151
f 827//151 811//151 812//151
f 259//273 236//273 828//273
f 828//273 236//273 235//273
f 205//273 203//273 829//273
f 829//272 830//272 205//272
f 205//273 830//273 831//273
f 205//273 831//273 224//273
f 832//273 210//273 833//273
f 833//273 210//273 212//273
f 833//287 212//287 834//287
f 834//273 212//273 214//273
f 834//272 214//272 835//272
f 835//271 214//271 216//271
f 835//271 216//271 836//271
f 253//272 251//272 837//272
f 837//272 251//272 249//272
f 837//272 249//272 838//272
f 838//273 249//273 247//273
f 838//273 247//273 839//273
f 839//272 247//272 245//272
f 839//284 245//284 840//284
f 840//271 245//271 243//271
f 840//272 243//272 841//272
f 841//272 243//272 241//272
f 841//272 241//272 842//272
f 842//273 241//273 239//273
f 842//273 239//273 827//273
f 827//271 239//271 234//271
f 827//272 234//272 826//272
f 826//272 234//272 232//272
f 826//271 232//271 825//271
f 825//273 232//273 230//273
f 825//272 230//272 824//272
f 824//273 230//273 228//273
f 824//273 228//273 823//273
f 823//273 228//273 206//273
f 823//272 206//272 832//272
f 832//271 206//271 208//271
f 832//272 208//272 210//272
f 216//273 218//273 836//273
f 836//273 218//273 220//273
f 836//272 220//272 843//272
f 843//273 220//273 222//273
f 843//273 222//273 844//273
f 844//273 222//273 224//273
f 844//273 224//273 845//273
f 845//271 224//271 831//271
f 837//272 846//272 253//272
f 253//272 846//272 847//272
f 253//271 847//271 255//271
f 255//271 847//271 848//271
f 255//273 848//273 235//273
f 235//273 848//273 849//273
f 235//273 849//273 828//273
f 202//175 850//175 203//175
f 203//175 850//175 829//175
f 851//275 240//275 852//275
f 852//275 240//275 242//275
f 852//280 242//280 853//280
f 853//274 242//274 244//274
f 853//275 244//275 854//275
f 854//280 244//280 246//280
f 854//275 246//275 855//275
f 223//275 221//275 856//275
f 856//275 221//275 219//275
f 856//275 219//275 857//275
f 857//275 219//275 217//275
f 857//274 217//274 858//274
f 858//275 217//275 215//275
f 858//288 215//288 859//288
f 859//274 215//274 213//274
f 859//274 213//274 860//274
f 213//275 211//275 860//275
f 860//275 211//275 209//275
f 860//275 209//275 861//275
f 861//274 209//274 207//274
f 861//275 207//275 862//275
f 862//274 207//274 227//274
f 862//275 227//275 863//275
f 863//274 227//274 229//274
f 863//275 229//275 864//275
f 864//275 229//275 231//275
f 864//275 231//275 865//275
f 865//275 231//275 233//275
f 865//274 233//274 851//274
f 851//275 233//275 238//275
f 851//275 238//275 240//275
f 257//274 237//274 258//274
f 850//275 202//275 866//275
f 866//275 202//275 204//275
f 866//274 204//274 867//274
f 867//280 204//280 226//280
f 867//275 226//275 868//275
f 868//275 226//275 225//275
f 868//274 225//274 869//274
f 869//275 225//275 223//275
f 869//274 223//274 870//274
f 870//275 223//275 856//275
f 254//274 256//274 871//274
f 871//275 256//275 257//275
f 871//274 257//274 872//274
f 872//275 257//275 258//275
f 246//275 248//275 855//275
f 855//275 248//275 250//275
f 855//274 250//274 873//274
f 873//274 250//274 252//274
f 873//274 252//274 874//274
f 874//275 252//275 254//275
f 874//275 254//275 875//275
f 875//275 254//275 871//275
f 876//148 861//148 877//148
f 877//148 861//148 862//148
f 877//149 862//149 878//149
f 878//149 862//149 863//149
f 878//150 863//150 879//150
f 879//150 863//150 864//150
f 879//151 864//151 880//151
f 880//151 864//151 865//151
f 150//273 167//273 881//273
f 201//273 198//273 882//273
f 882//273 198//273 195//273
f 881//272 883//272 150//272
f 150//273 883//273 884//273
f 150//273 884//273 151//273
f 885//273 164//273 886//273
f 886//273 164//273 163//273
f 886//289 163//289 887//289
f 887//273 163//273 161//273
f 887//272 161//272 888//272
f 888//273 161//273 159//273
f 888//273 159//273 889//273
f 191//273 189//273 890//273
f 890//273 189//273 187//273
f 890//273 187//273 891//273
f 891//273 187//273 185//273
f 891//272 185//272 892//272
f 892//273 185//273 183//273
f 892//284 183//284 893//284
f 893//273 183//273 182//273
f 893//273 182//273 894//273
f 894//273 182//273 180//273
f 894//273 180//273 895//273
f 895//272 180//272 178//272
f 895//272 178//272 880//272
f 880//272 178//272 177//272
f 880//273 177//273 879//273
f 879//272 177//272 175//272
f 879//272 175//272 878//272
f 878//272 175//272 173//272
f 878//272 173//272 877//272
f 877//272 173//272 171//272
f 877//272 171//272 876//272
f 876//272 171//272 146//272
f 876//272 146//272 885//272
f 885//272 146//272 148//272
f 885//273 148//273 164//273
f 159//273 157//273 889//273
f 889//273 157//273 155//273
f 889//272 155//272 896//272
f 896//273 155//273 153//273
f 896//272 153//272 897//272
f 897//272 153//272 151//272
f 897//273 151//273 898//273
f 898//272 151//272 884//272
f 890//273 899//273 191//273
f 191//273 899//273 900//273
f 191//272 900//272 193//272
f 193//273 900//273 901//273
f 193//272 901//272 195//272
f 195//272 901//272 902//272
f 195//272 902//272 882//272
f 169//175 903//175 167//175
f 167//175 903//175 881//175
f 160//275 162//275 904//275
f 147//275 905//275 149//275
f 149//290 905//290 906//290
f 149//275 906//275 162//275
f 162//274 906//274 907//274
f 162//274 907//274 904//274
f 160//274 904//274 158//274
f 158//275 904//275 908//275
f 158//274 908//274 909//274
f 179//274 910//274 176//274
f 176//274 910//274 911//274
f 176//280 911//280 174//280
f 174//275 911//275 912//275
f 174//275 912//275 172//275
f 172//275 912//275 913//275
f 172//275 913//275 170//275
f 170//275 913//275 914//275
f 170//275 914//275 147//275
f 147//275 914//275 915//275
f 147//274 915//274 905//274
f 199//274 200//274 197//274
f 197//275 200//275 916//275
f 197//274 916//274 196//274
f 196//274 916//274 917//274
f 196//275 917//275 194//275
f 194//274 917//274 918//274
f 194//274 918//274 192//274
f 192//275 918//275 919//275
f 192//275 919//275 190//275
f 190//274 919//274 920//274
f 190//275 920//275 188//275
f 188//274 920//274 921//274
f 188//275 921//275 186//275
f 186//275 921//275 922//275
f 186//274 922//274 184//274
f 184//275 922//275 923//275
f 184//275 923//275 181//275
f 181//274 923//274 924//274
f 181//274 924//274 179//274
f 179//275 924//275 925//275
f 179//291 925//291 910//291
f 903//275 169//275 926//275
f 926//275 169//275 168//275
f 926//274 168//274 927//274
f 927//275 168//275 166//275
f 927//275 166//275 928//275
f 928//274 166//274 165//274
f 928//275 165//275 929//275
f 929//274 165//274 152//274
f 929//274 152//274 930//274
f 930//275 152//275 154//275
f 930//275 154//275 909//275
f 909//274 154//274 156//274
f 909//275 156//275 158//275
f 931//148 915//148 932//148
f 932//148 915//148 914//148
f 932//149 914//149 933//149
f 933//149 914//149 913//149
f 933//150 913//150 934//150
f 934//150 913//150 912//150
f 934//151 912//151 935//151
f 935//151 912//151 911//151
f 139//272 141//272 936//272
f 120//272 937//272 122//272
f 122//292 937//292 938//292
f 122//273 938//273 141//273
f 141//272 938//272 939//272
f 141//273 939//273 936//273
f 139//273 936//273 137//273
f 137//273 936//273 940//273
f 137//272 940//272 941//272
f 101//273 942//273 102//273
f 102//273 942//273 931//273
f 102//273 931//273 114//273
f 114//272 931//272 932//272
f 114//272 932//272 116//272
f 116//272 932//272 933//272
f 116//272 933//272 118//272
f 118//273 933//273 934//273
f 118//273 934//273 120//273
f 120//273 934//273 935//273
f 120//273 935//273 937//273
f 97//273 943//273 95//273
f 95//272 943//272 944//272
f 95//272 944//272 93//272
f 93//273 944//273 945//273
f 93//273 945//273 91//273
f 91//273 945//273 946//273
f 91//273 946//273 88//273
f 88//272 946//272 947//272
f 88//272 947//272 99//272
f 99//272 947//272 948//272
f 99//273 948//273 100//273
f 100//272 948//272 949//272
f 100//271 949//271 110//271
f 110//273 949//273 950//273
f 110//272 950//272 108//272
f 108//272 950//272 951//272
f 108//272 951//272 106//272
f 106//272 951//272 952//272
f 106//272 952//272 101//272
f 101//273 952//273 953//273
f 101//293 953//293 942//293
f 145//272 123//272 954//272
f 954//273 123//273 125//273
f 954//273 125//273 955//273
f 955//273 125//273 127//273
f 955//273 127//273 956//273
f 956//273 127//273 129//273
f 956//273 129//273 957//273
f 957//273 129//273 131//273
f 957//272 131//272 958//272
f 958//272 131//272 133//272
f 958//273 133//273 941//273
f 941//272 133//272 135//272
f 941//273 135//273 137//273
f 96//175 959//175 97//175
f 97//175 959//175 943//175
f 960//274 143//274 961//274
f 961//275 143//275 142//275
f 961//294 142//294 962//294
f 962//280 142//280 140//280
f 962//274 140//274 963//274
f 963//274 140//274 138//274
f 963//275 138//275 964//275
f 89//274 98//274 965//274
f 965//275 98//275 112//275
f 965//275 112//275 966//275
f 966//275 112//275 111//275
f 966//274 111//274 967//274
f 967//275 111//275 109//275
f 967//275 109//275 968//275
f 968//274 109//274 107//274
f 968//274 107//274 969//274
f 107//274 105//274 969//274
f 969//274 105//274 104//274
f 969//274 104//274 970//274
f 970//274 104//274 103//274
f 970//274 103//274 971//274
f 971//274 103//274 113//274
f 971//275 113//275 972//275
f 972//274 113//274 115//274
f 972//275 115//275 973//275
f 973//275 115//275 117//275
f 973//275 117//275 974//275
f 974//274 117//274 119//274
f 974//275 119//275 960//275
f 960//280 119//280 121//280
f 960//274 121//274 143//274
f 126//275 124//275 144//275
f 959//274 96//274 975//274
f 975//275 96//275 94//275
f 975//274 94//274 976//274
f 976//280 94//280 92//280
f 976//275 92//275 977//275
f 977//275 92//275 90//275
f 977//280 90//280 978//280
f 978//274 90//274 89//274
f 978//275 89//275 979//275
f 979//275 89//275 965//275
f 130//274 128//274 980//274
f 980//280 128//280 126//280
f 980//274 126//274 981//274
f 981//274 126//274 144//274
f 138//274 136//274 964//274
f 964//274 136//274 134//274
f 964//274 134//274 982//274
f 982//274 134//274 132//274
f 982//274 132//274 983//274
f 983//280 132//280 130//280
f 983//274 130//274 984//274
f 984//274 130//274 980//274
f 985//148 970//148 986//148
f 986//295 970//295 971//295
f 986//296 971//296 987//296
f 987//297 971//297 972//297
f 987//298 972//298 988//298
f 988//299 972//299 973//299
f 988//300 973//300 9//300
f 9//151 973//151 974//151
f 54//301 53//301 989//301
f 988//302 9//302 8//302
f 8//303 34//303 990//303
f 990//304 34//304 54//304
f 54//305 989//305 990//305
f 990//306 989//306 991//306
f 990//307 991//307 992//307
f 992//308 991//308 993//308
f 992//309 993//309 994//309
f 993//310 995//310 996//310
f 993//311 996//311 994//311
f 994//312 996//312 997//312
f 994//313 997//313 998//313
f 8//314 990//314 988//314
f 988//315 990//315 992//315
f 988//316 992//316 987//316
f 987//317 992//317 994//317
f 987//318 994//318 986//318
f 986//319 994//319 998//319
f 986//320 998//320 985//320
f 999//321 1000//321 1001//321
f 1002//322 1003//322 1004//322
f 1005//323 1006//323 1007//323
f 1007//324 1006//324 1008//324
f 1007//325 1008//325 1009//325
f 1009//326 1008//326 1010//326
f 1009//327 1010//327 1011//327
f 1011//328 1010//328 1012//328
f 1011//329 1012//329 998//329
f 998//330 1012//330 985//330
f 1013//331 1014//331 1001//331
f 998//332 997//332 1011//332
f 1011//333 997//333 1015//333
f 1011//334 1015//334 1009//334
f 1009//335 1015//335 1016//335
f 1009//336 1016//336 1007//336
f 1007//337 1016//337 1017//337
f 1007//338 1017//338 1005//338
f 1005//339 1017//339 1018//339
f 1005//340 1018//340 1019//340
f 1019//341 1018//341 1020//341
f 1019//342 1020//342 1021//342
f 1021//343 1020//343 1022//343
f 1021//344 1022//344 1023//344
f 1023//345 1022//345 1024//345
f 1023//346 1024//346 1025//346
f 1025//347 1024//347 1026//347
f 1025//348 1026//348 1027//348
f 1027//349 1026//349 1028//349
f 1027//350 1028//350 1029//350
f 1029//351 1028//351 1030//351
f 1029//352 1030//352 1031//352
f 1031//353 1030//353 1032//353
f 1031//354 1032//354 1033//354
f 1000//355 1034//355 1001//355
f 1001//356 1034//356 1033//356
f 1001//357 1033//357 1013//357
f 1013//358 1033//358 1032//358
f 1035//359 1036//359 1037//359
f 1037//360 1036//360 1038//360
f 1039//361 996//361 995//361
f 1040//362 1041//362 1042//362
f 1042//363 1041//363 1039//363
f 1042//364 1039//364 1043//364
f 1043//365 1039//365 995//365
f 1004//366 1003//366 1044//366
f 1044//367 1003//367 1045//367
f 1044//368 1045//368 1046//368
f 1046//369 1045//369 1047//369
f 1047//370 1045//370 1048//370
f 1047//371 1048//371 1040//371
f 1040//372 1048//372 1049//372
f 1040//373 1049//373 1041//373
f 1004//374 1050//374 1002//374
f 1002//375 1050//375 1051//375
f 1002//376 1051//376 1052//376
f 1052//377 1051//377 1053//377
f 1052//378 1053//378 1054//378
f 1054//379 1053//379 1055//379
f 1054//380 1055//380 1056//380
f 1056//381 1055//381 1057//381
f 1056//382 1057//382 1058//382
f 1058//383 1057//383 1059//383
f 1058//384 1059//384 1060//384
f 1060//385 1059//385 1061//385
f 1060//386 1061//386 1038//386
f 1038//387 1061//387 1062//387
f 1038//388 1062//388 1037//388
f 1063//389 1064//389 1014//389
f 1014//390 1064//390 1065//390
f 1014//391 1065//391 1001//391
f 1001//392 1065//392 1066//392
f 1001//393 1066//393 999//393
f 1034//394 1067//394 1033//394
f 1033//395 1067//395 1068//395
f 1033//396 1068//396 1031//396
f 1031//397 1068//397 1069//397
f 1031//398 1069//398 1029//398
f 1029//399 1069//399 1070//399
f 1029//400 1070//400 1027//400
f 1027//401 1070//401 1071//401
f 1027//402 1071//402 1025//402
f 1025//403 1071//403 1072//403
f 1025//404 1072//404 1023//404
f 1023//405 1072//405 1073//405
f 1023//406 1073//406 1021//406
f 1021//407 1073//407 1074//407
f 1021//408 1074//408 1019//408
f 1019//409 1074//409 1075//409
f 1019//410 1075//410 1005//410
f 1005//411 1075//411 1076//411
f 1005//412 1076//412 1006//412
f 1036//413 1063//413 1038//413
f 1038//414 1063//414 1014//414
f 1038//415 1014//415 1060//415
f 1060//416 1014//416 1013//416
f 1060//417 1013//417 1058//417
f 1058//418 1013//418 1032//418
f 1058//419 1032//419 1056//419
f 1056//420 1032//420 1030//420
f 1056//421 1030//421 1054//421
f 1054//422 1030//422 1028//422
f 1054//423 1028//423 1052//423
f 1052//424 1028//424 1026//424
f 1052//425 1026//425 1002//425
f 1002//426 1026//426 1024//426
f 1002//427 1024//427 1003//427
f 1003//428 1024//428 1022//428
f 1003//429 1022//429 1045//429
f 1045//430 1022//430 1020//430
f 1045//431 1020//431 1048//431
f 1048//432 1020//432 1018//432
f 1048//433 1018//433 1049//433
f 1049//434 1018//434 1017//434
f 1049//435 1017//435 1041//435
f 1041//436 1017//436 1016//436
f 1041//437 1016//437 1039//437
f 1039//438 1016//438 1015//438
f 1039//439 1015//439 996//439
f 996//440 1015//440 997//440
f 1080//443 1079//443 1081//443
f 1080//444 1081//444 1082//444
f 1082//445 1081//445 1083//445
f 1082//446 1083//446 1084//446
f 1085//447 1086//447 1087//447
f 1087//448 1086//448 1088//448
f 1087//449 1088//449 1089//449
f 1089//450 1088//450 1090//450
f 1089//451 1090//451 1091//451
f 1091//452 1090//452 1092//452
f 1091//453 1092//453 1093//453
f 1093//454 1092//454 1084//454
f 1093//455 1084//455 1094//455
f 1094//456 1084//456 1083//456
f 1085//457 1095//457 1086//457
f 1086//458 1095//458 1096//458
f 1086//459 1096//459 1097//459
f 1097//460 1096//460 1098//460
f 1097//461 1098//461 1099//461
f 1099//462 1098//462 1035//462
f 1099//463 1035//463 1100//463
f 1101//464 1102//464 1103//464
f 1104//465 1105//465 1106//465
f 1107//466 1108//466 1109//466
f 1110//467 1111//467 1112//467
f 1108//468 1110//468 1109//468
f 1109//469 1110//469 1112//469
f 1109//470 1112//470 1113//470
f 1113//471 1112//471 1114//471
f 1113//472 1114//472 1115//472
f 1115//473 1114//473 1116//473
f 1115//474 1116//474 1117//474
f 1117//474 1116//474 1118//474
f 1105//475 1107//475 1106//475
f 1106//476 1107//476 1109//476
f 1106//477 1109//477 1119//477
f 1119//478 1109//478 1113//478
f 1119//479 1113//479 1120//479
f 1120//480 1113//480 1115//480
f 1120//481 1115//481 1121//481
f 1121//482 1115//482 1117//482
f 1102//483 1104//483 1103//483
f 1103//484 1104//484 1106//484
f 1103//485 1106//485 1122//485
f 1122//486 1106//486 1119//486
f 1122//487 1119//487 1123//487
f 1123//487 1119//487 1120//487
f 1123//488 1120//488 1124//488
f 1124//488 1120//488 1121//488
f 1125//489 1101//489 1126//489
f 1126//490 1101//490 1103//490
f 1126//491 1103//491 1127//491
f 1127//492 1103//492 1122//492
f 1127//493 1122//493 1128//493
f 1128//494 1122//494 1123//494
f 1128//495 1123//495 1129//495
f 1129//496 1123//496 1124//496
f 1128//497 1129//497 1130//497
f 1127//498 1128//498 1131//498
f 1126//499 1127//499 1132//499
f 1125//500 1126//500 1133//500
f 1128//501 1130//501 1131//501
f 1131//502 1130//502 1134//502
f 1131//503 1134//503 1135//503
f 1135//504 1134//504 1136//504
f 1135//505 1136//505 1137//505
f 1137//506 1136//506 1138//506
f 1137//507 1138//507 1139//507
f 1139//508 1138//508 1140//508
f 1139//509 1140//509 1141//509
f 1141//510 1140//510 1142//510
f 1141//511 1142//511 1143//511
f 1143//512 1142//512 1144//512
f 1143//513 1144//513 1145//513
f 1145//514 1144//514 1146//514
f 1145//515 1146//515 1147//515
f 1146//516 1148//516 1147//516
f 1147//517 1148//517 1149//517
f 1147//518 1149//518 1150//518
f 1150//519 1149//519 1151//519
f 1150//520 1151//520 1152//520
f 1127//521 1131//521 1132//521
f 1132//522 1131//522 1135//522
f 1132//523 1135//523 1153//523
f 1153//524 1135//524 1137//524
f 1153//525 1137//525 1154//525
f 1154//526 1137//526 1139//526
f 1154//527 1139//527 1155//527
f 1155//528 1139//528 1141//528
f 1155//529 1141//529 1156//529
f 1156//530 1141//530 1143//530
f 1156//531 1143//531 1157//531
f 1157//532 1143//532 1145//532
f 1157//533 1145//533 1158//533
f 1158//534 1145//534 1147//534
f 1158//535 1147//535 1159//535
f 1159//536 1147//536 1150//536
f 1159//537 1150//537 1160//537
f 1160//538 1150//538 1152//538
f 1160//539 1152//539 1161//539
f 1126//540 1132//540 1133//540
f 1133//541 1132//541 1153//541
f 1133//542 1153//542 1162//542
f 1162//543 1153//543 1154//543
f 1162//544 1154//544 1163//544
f 1163//545 1154//545 1155//545
f 1163//546 1155//546 1164//546
f 1164//547 1155//547 1156//547
f 1164//548 1156//548 1165//548
f 1165//549 1156//549 1157//549
f 1165//550 1157//550 1166//550
f 1166//551 1157//551 1158//551
f 1166//552 1158//552 1167//552
f 1167//553 1158//553 1159//553
f 1167//554 1159//554 1168//554
f 1168//555 1159//555 1160//555
f 1168//556 1160//556 1169//556
f 1169//557 1160//557 1161//557
f 1169//558 1161//558 1170//558
f 1125//559 1133//559 1171//559
f 1171//560 1133//560 1162//560
f 1171//561 1162//561 1172//561
f 1172//562 1162//562 1163//562
f 1172//563 1163//563 1173//563
f 1173//564 1163//564 1164//564
f 1173//565 1164//565 1174//565
f 1174//566 1164//566 1165//566
f 1174//567 1165//567 1175//567
f 1175//568 1165//568 1166//568
f 1175//569 1166//569 1176//569
f 1176//570 1166//570 1167//570
f 1176//571 1167//571 1177//571
f 1177//572 1167//572 1168//572
f 1177//573 1168//573 1178//573
f 1178//574 1168//574 1169//574
f 1178//575 1169//575 1179//575
f 1179//576 1169//576 1170//576
f 1179//577 1170//577 1180//577
f 1129//579 1183//579 1184//579
f 1185//580 1138//580 1186//580
f 1186//581 1138//581 1136//581
f 1186//582 1136//582 1187//582
f 1187//583 1136//583 1134//583
f 1187//584 1134//584 1184//584
f 1184//585 1134//585 1130//585
f 1184//586 1130//586 1129//586
f 1188//587 1144//587 1189//587
f 1189//588 1144//588 1142//588
f 1189//589 1142//589 1185//589
f 1185//590 1142//590 1140//590
f 1185//591 1140//591 1138//591
f 1188//596 1146//596 1144//596
f 1190//597 1191//597 1192//597
f 1118//597 1190//597 1117//597
f 1117//597 1190//597 1192//597
f 1117//597 1192//597 1121//597
f 1121//597 1192//597 1193//597
f 1121//597 1193//597 1124//597
f 1124//597 1193//597 1194//597
f 1124//597 1194//597 1129//597
f 1129//597 1194//597 1183//597
f 1195//598 1196//598 1197//598
f 1197//599 1196//599 1198//599
f 1197//600 1198//600 1199//600
f 1199//601 1200//601 1201//601
f 1201//602 1200//602 1202//602
f 1201//603 1202//603 1203//603
f 1190//604 1118//604 1204//604
f 1205//605 1190//605 1202//605
f 1202//606 1190//606 1204//606
f 1202//607 1204//607 1203//607
f 1205//608 1206//608 1190//608
f 1190//609 1206//609 1207//609
f 1190//610 1207//610 1191//610
f 1199//611 1198//611 1200//611
f 1200//613 1208//613 1202//613
f 1202//614 1208//614 1209//614
f 1202//615 1209//615 1205//615
f 1210//616 1195//616 1197//616
f 1211//617 1210//617 1212//617
f 1213//618 1211//618 1214//618
f 1215//619 1213//619 1216//619
f 1210//620 1197//620 1212//620
f 1212//621 1197//621 1199//621
f 1212//622 1199//622 1217//622
f 1217//623 1199//623 1201//623
f 1217//624 1201//624 1218//624
f 1218//625 1201//625 1203//625
f 1218//626 1203//626 1219//626
f 1219//627 1203//627 1204//627
f 1219//628 1204//628 1220//628
f 1220//629 1204//629 1118//629
f 1220//630 1118//630 1116//630
f 1211//631 1212//631 1214//631
f 1214//632 1212//632 1217//632
f 1214//633 1217//633 1221//633
f 1221//634 1217//634 1218//634
f 1221//635 1218//635 1222//635
f 1222//636 1218//636 1219//636
f 1222//637 1219//637 1223//637
f 1223//638 1219//638 1220//638
f 1223//639 1220//639 1224//639
f 1224//640 1220//640 1116//640
f 1224//641 1116//641 1114//641
f 1213//642 1214//642 1216//642
f 1216//643 1214//643 1221//643
f 1216//644 1221//644 1225//644
f 1225//645 1221//645 1222//645
f 1225//646 1222//646 1226//646
f 1226//647 1222//647 1223//647
f 1226//648 1223//648 1227//648
f 1227//649 1223//649 1224//649
f 1227//650 1224//650 1228//650
f 1228//651 1224//651 1114//651
f 1228//652 1114//652 1112//652
f 1215//653 1216//653 1229//653
f 1229//654 1216//654 1225//654
f 1229//655 1225//655 1230//655
f 1230//656 1225//656 1226//656
f 1230//657 1226//657 1231//657
f 1231//658 1226//658 1227//658
f 1231//659 1227//659 1232//659
f 1232//660 1227//660 1228//660
f 1232//661 1228//661 1233//661
f 1233//662 1228//662 1112//662
f 1233//663 1112//663 1111//663
f 1234//664 1235//664 1236//664
f 1236//664 1235//664 1237//664
f 1236//665 1237//665 1238//665
f 1238//665 1237//665 1239//665
f 1238//666 1239//666 1240//666
f 1240//667 1239//667 1241//667
f 1240//668 1241//668 1242//668
f 1242//668 1241//668 1243//668
f 1244//669 1234//669 1245//669
f 1245//669 1234//669 1236//669
f 1245//670 1236//670 1246//670
f 1246//670 1236//670 1238//670
f 1246//671 1238//671 1247//671
f 1247//671 1238//671 1240//671
f 1247//672 1240//672 1248//672
f 1248//672 1240//672 1242//672
f 1247//673 1248//673 1249//673
f 1246//674 1247//674 1250//674
f 1245//675 1246//675 1251//675
f 1247//676 1249//676 1250//676
f 1250//677 1249//677 1252//677
f 1250//678 1252//678 1253//678
f 1253//679 1252//679 1254//679
f 1253//680 1254//680 1255//680
f 1255//681 1254//681 1256//681
f 1255//682 1256//682 1257//682
f 1257//683 1256//683 1258//683
f 1257//684 1258//684 1259//684
f 1259//685 1258//685 1260//685
f 1259//686 1260//686 1261//686
f 1261//687 1260//687 1262//687
f 1261//688 1262//688 1263//688
f 1263//689 1262//689 1264//689
f 1263//690 1264//690 1265//690
f 1246//691 1250//691 1251//691
f 1251//692 1250//692 1253//692
f 1251//693 1253//693 1266//693
f 1266//694 1253//694 1255//694
f 1266//695 1255//695 1267//695
f 1267//696 1255//696 1257//696
f 1267//697 1257//697 1268//697
f 1268//698 1257//698 1259//698
f 1268//699 1259//699 1269//699
f 1269//700 1259//700 1261//700
f 1269//701 1261//701 1270//701
f 1270//702 1261//702 1263//702
f 1270//703 1263//703 1271//703
f 1271//704 1263//704 1265//704
f 1271//705 1265//705 1272//705
f 1245//706 1251//706 1273//706
f 1273//707 1251//707 1266//707
f 1273//708 1266//708 1274//708
f 1274//709 1266//709 1267//709
f 1274//710 1267//710 1275//710
f 1275//711 1267//711 1268//711
f 1275//712 1268//712 1276//712
f 1276//713 1268//713 1269//713
f 1276//714 1269//714 1277//714
f 1277//715 1269//715 1270//715
f 1277//716 1270//716 1278//716
f 1278//717 1270//717 1271//717
f 1278//718 1271//718 1279//718
f 1279//719 1271//719 1272//719
f 1279//720 1272//720 1280//720
f 1281//721 1282//721 1280//721
f 1280//722 1282//722 1283//722
f 1280//723 1283//723 1279//723
f 1279//724 1283//724 1284//724
f 1279//725 1284//725 1278//725
f 1278//726 1284//726 1285//726
f 1278//727 1285//727 1277//727
f 1277//728 1285//728 1286//728
f 1277//729 1286//729 1276//729
f 1276//730 1286//730 1287//730
f 1276//731 1287//731 1275//731
f 1275//732 1287//732 1288//732
f 1275//733 1288//733 1274//733
f 1274//734 1288//734 1289//734
f 1274//735 1289//735 1273//735
f 1273//736 1289//736 1244//736
f 1273//737 1244//737 1245//737
f 1290//738 1281//738 1291//738
f 1291//739 1281//739 1280//739
f 1291//740 1280//740 1292//740
f 1292//741 1280//741 1272//741
f 1292//742 1272//742 1293//742
f 1293//743 1272//743 1265//743
f 1293//744 1265//744 1294//744
f 1294//745 1265//745 1264//745
f 1215//746 1290//746 1213//746
f 1213//747 1290//747 1291//747
f 1213//748 1291//748 1211//748
f 1211//749 1291//749 1292//749
f 1211//750 1292//750 1210//750
f 1210//751 1292//751 1293//751
f 1210//752 1293//752 1195//752
f 1195//753 1293//753 1294//753
f 1295//754 1296//754 1262//754
f 1196//755 1195//755 1297//755
f 1297//756 1195//756 1294//756
f 1297//757 1294//757 1296//757
f 1296//758 1294//758 1264//758
f 1296//759 1264//759 1262//759
f 1248//760 1298//760 1249//760
f 1249//761 1298//761 1299//761
f 1249//762 1299//762 1252//762
f 1262//763 1260//763 1295//763
f 1295//764 1260//764 1258//764
f 1295//765 1258//765 1300//765
f 1300//766 1258//766 1256//766
f 1300//767 1256//767 1299//767
f 1299//768 1256//768 1254//768
f 1299//769 1254//769 1252//769
f 1301//579 1302//579 1303//579
f 1304//770 1305//770 1306//770
f 1303//771 1307//771 1301//771
f 1301//772 1307//772 1308//772
f 1301//773 1308//773 1309//773
f 1309//774 1308//774 1310//774
f 1309//775 1310//775 1311//775
f 1311//776 1310//776 1312//776
f 1311//777 1312//777 1313//777
f 1313//778 1312//778 1314//778
f 1313//779 1314//779 1305//779
f 1305//780 1314//780 1315//780
f 1305//781 1315//781 1306//781
f 1318//784 1319//784 1320//784
f 1320//785 1319//785 1304//785
f 1320//595 1304//595 1321//595
f 1321//596 1304//596 1306//596
f 1303//597 1302//597 1322//597
f 1322//597 1302//597 1323//597
f 1322//597 1323//597 1324//597
f 1324//597 1323//597 1325//597
f 1324//597 1325//597 1326//597
f 1326//597 1325//597 1327//597
f 1327//597 1328//597 1326//597
f 1326//597 1328//597 1329//597
f 1326//597 1329//597 1330//597
f 1331//786 1332//786 1333//786
f 1333//787 1332//787 1334//787
f 1333//788 1334//788 1335//788
f 1336//789 1337//789 1338//789
f 1338//790 1337//790 1339//790
f 1338//791 1339//791 1335//791
f 1335//792 1339//792 1340//792
f 1335//793 1340//793 1333//793
f 1336//794 1329//794 1341//794
f 1341//795 1329//795 1328//795
f 1336//796 1338//796 1329//796
f 1329//797 1338//797 1342//797
f 1329//798 1342//798 1330//798
f 1334//799 1343//799 1335//799
f 1335//800 1343//800 1344//800
f 1335//801 1344//801 1338//801
f 1338//802 1344//802 1345//802
f 1338//803 1345//803 1342//803
f 1346//804 1347//804 1348//804
f 1348//805 1347//805 1349//805
f 1346//806 1348//806 1350//806
f 1350//807 1348//807 1351//807
f 1350//808 1351//808 1352//808
f 1347//809 1353//809 1349//809
f 1349//810 1353//810 1354//810
f 1349//811 1354//811 1355//811
f 1355//812 1354//812 1356//812
f 1355//813 1356//813 1357//813
f 1332//814 1331//814 1358//814
f 1358//815 1331//815 1359//815
f 1358//816 1359//816 1360//816
f 1360//817 1359//817 1357//817
f 1360//818 1357//818 1361//818
f 1361//819 1357//819 1356//819
f 1352//820 1351//820 1362//820
f 1362//820 1351//820 1363//820
f 1243//820 1364//820 1242//820
f 1242//820 1364//820 1298//820
f 1242//820 1298//820 1248//820
f 1243//820 1365//820 1364//820
f 1364//820 1365//820 1366//820
f 1364//820 1366//820 1367//820
f 1366//820 1368//820 1367//820
f 1367//820 1368//820 1369//820
f 1367//820 1369//820 1370//820
f 1370//820 1369//820 1371//820
f 1370//820 1371//820 1372//820
f 1372//820 1371//820 1373//820
f 1372//820 1373//820 1363//820
f 1363//820 1373//820 1374//820
f 1363//820 1374//820 1362//820
f 1389//872 60//872 76//872
f 1389//873 76//873 1390//873
f 1390//874 76//874 75//874
f 1390//875 75//875 73//875
f 60//876 1389//876 62//876
f 62//877 1389//877 1391//877
f 62//878 1391//878 64//878
f 64//879 1391//879 65//879
f 65//880 1391//880 1392//880
f 65//881 1392//881 67//881
f 67//882 1392//882 58//882
f 58//883 1392//883 1393//883
f 58//884 1393//884 57//884
f 57//885 1393//885 1394//885
f 57//886 1394//886 55//886
f 55//887 1394//887 1395//887
f 55//888 1395//888 53//888
f 53//889 1395//889 989//889
f 989//890 1395//890 1396//890
f 989//891 1396//891 991//891
f 991//892 1396//892 1397//892
f 991//892 1397//892 993//892
f 993//891 1397//891 1398//891
f 993//893 1398//893 995//893
f 995//894 1398//894 1377//894
f 995//895 1377//895 1043//895
f 1043//896 1377//896 1376//896
f 1043//897 1376//897 1042//897
f 1042//898 1376//898 1040//898
f 1040//899 1376//899 1375//899
f 1040//900 1375//900 1047//900
f 1047//901 1375//901 1379//901
f 1047//902 1379//902 1046//902
f 1046//903 1379//903 1380//903
f 1046//904 1380//904 1044//904
f 1044//905 1380//905 1004//905
f 1004//906 1380//906 1381//906
f 1004//907 1381//907 1050//907
f 1057//908 1055//908 1382//908
f 1382//909 1055//909 1053//909
f 1382//910 1053//910 1381//910
f 1381//911 1053//911 1051//911
f 1381//912 1051//912 1050//912
f 52//913 1399//913 51//913
f 51//914 1399//914 1400//914
f 73//915 71//915 1390//915
f 1390//916 71//916 70//916
f 1390//917 70//917 1401//917
f 1401//918 70//918 44//918
f 1401//919 44//919 1402//919
f 1402//920 44//920 48//920
f 1402//921 48//921 1400//921
f 1400//922 48//922 50//922
f 1400//923 50//923 51//923
f 1057//924 1382//924 1059//924
f 1059//925 1382//925 1383//925
f 1059//926 1383//926 1061//926
f 1061//927 1383//927 1384//927
f 1061//928 1384//928 1062//928
f 1062//929 1384//929 1385//929
f 1062//930 1385//930 1037//930
f 1037//931 1385//931 1100//931
f 1037//913 1100//913 1035//913
f 1405//984 1404//984 1417//984
f 1399//463 52//463 1406//463
f 1406//985 52//985 1418//985
f 1406//986 1418//986 1407//986
f 1407//987 1418//987 1419//987
f 1407//988 1419//988 1404//988
f 1404//989 1419//989 1420//989
f 1404//990 1420//990 1417//990
f 1417//991 1421//991 1405//991
f 1405//992 1421//992 1422//992
f 1405//993 1422//993 1409//993
f 1409//994 1422//994 1423//994
f 1409//995 1423//995 1410//995
f 1410//996 1423//996 1424//996
f 1410//997 1424//997 1411//997
f 1411//998 1424//998 1425//998
f 1411//999 1425//999 1412//999
f 1412//1000 1425//1000 1426//1000
f 1412//1001 1426//1001 1413//1001
f 1428//1003 1413//1003 1429//1003
f 1429//1004 1413//1004 1426//1004
f 46//1005 80//1005 1430//1005
f 1431//1006 1432//1006 1433//1006
f 1434//1007 1435//1007 1431//1007
f 1435//1008 1434//1008 1436//1008
f 1436//1009 1434//1009 1437//1009
f 1436//1010 1437//1010 1438//1010
f 1438//1011 1437//1011 1439//1011
f 1439//1012 1437//1012 1440//1012
f 1439//1013 1440//1013 1441//1013
f 1441//1014 1440//1014 1442//1014
f 1442//1015 1440//1015 1443//1015
f 1442//1016 1443//1016 1444//1016
f 1444//1017 1443//1017 1445//1017
f 1444//1018 1445//1018 1446//1018
f 1446//1019 1445//1019 1447//1019
f 1446//1020 1447//1020 1448//1020
f 83//1021 1449//1021 82//1021
f 82//1022 1449//1022 1450//1022
f 82//1023 1450//1023 81//1023
f 80//1024 81//1024 1430//1024
f 1430//1025 81//1025 1450//1025
f 1430//1026 1450//1026 1451//1026
f 1433//1027 1452//1027 1453//1027
f 1453//1028 1452//1028 1454//1028
f 1453//1029 1454//1029 1455//1029
f 1455//1030 1454//1030 1456//1030
f 1455//1031 1456//1031 1457//1031
f 1431//1032 1433//1032 1434//1032
f 1434//1033 1433//1033 1453//1033
f 1434//1034 1453//1034 1437//1034
f 1437//1035 1453//1035 1455//1035
f 1437//1036 1455//1036 1440//1036
f 1440//1037 1455//1037 1457//1037
f 1440//1038 1457//1038 1443//1038
f 1443//1039 1457//1039 1458//1039
f 1443//1040 1458//1040 1445//1040
f 1445//1041 1458//1041 1459//1041
f 1445//1042 1459//1042 1447//1042
f 1425//1043 1460//1043 1426//1043
f 1426//1044 1460//1044 1461//1044
f 1426//1045 1461//1045 1429//1045
f 1429//1046 1461//1046 1462//1046
f 1463//1047 1427//1047 1462//1047
f 1462//1048 1427//1048 1428//1048
f 1462//1049 1428//1049 1429//1049
f 1425//1050 1424//1050 1460//1050
f 1460//1051 1424//1051 1423//1051
f 1460//1052 1423//1052 1464//1052
f 1464//1053 1423//1053 1422//1053
f 1464//1054 1422//1054 1465//1054
f 1465//1055 1422//1055 1421//1055
f 1465//1056 1421//1056 1417//1056
f 1466//1057 1420//1057 1467//1057
f 1467//1058 1420//1058 1419//1058
f 1467//1059 1419//1059 1468//1059
f 1468//1060 1419//1060 1418//1060
f 1468//1061 1418//1061 47//1061
f 47//1062 1418//1062 52//1062
f 1467//1063 1469//1063 1466//1063
f 1466//1064 1469//1064 1470//1064
f 1466//1065 1470//1065 1471//1065
f 1471//1066 1470//1066 1472//1066
f 1471//1067 1472//1067 1473//1067
f 1473//1068 1472//1068 1474//1068
f 1473//1069 1474//1069 1475//1069
f 1475//1070 1474//1070 1476//1070
f 1475//1071 1476//1071 1477//1071
f 1477//1072 1476//1072 1478//1072
f 1477//1073 1478//1073 1463//1073
f 47//1074 46//1074 1468//1074
f 1468//1075 46//1075 1430//1075
f 1468//1076 1430//1076 1467//1076
f 1467//1077 1430//1077 1451//1077
f 1467//1078 1451//1078 1469//1078
f 1463//1079 1462//1079 1477//1079
f 1477//1080 1462//1080 1461//1080
f 1477//1081 1461//1081 1475//1081
f 1475//1082 1461//1082 1460//1082
f 1475//1083 1460//1083 1473//1083
f 1473//1084 1460//1084 1464//1084
f 1473//1085 1464//1085 1471//1085
f 1471//1086 1464//1086 1465//1086
f 1471//1087 1465//1087 1466//1087
f 1466//1088 1465//1088 1417//1088
f 1466//1089 1417//1089 1420//1089
f 1449//1090 1448//1090 1450//1090
f 1450//1091 1448//1091 1447//1091
f 1450//1092 1447//1092 1451//1092
f 1451//1093 1447//1093 1459//1093
f 1451//1094 1459//1094 1469//1094
f 1469//1095 1459//1095 1458//1095
f 1469//1096 1458//1096 1470//1096
f 1470//1097 1458//1097 1457//1097
f 1470//1098 1457//1098 1472//1098
f 1472//1099 1457//1099 1456//1099
f 1472//1100 1456//1100 1474//1100
f 1474//1101 1456//1101 1454//1101
f 1474//1102 1454//1102 1476//1102
f 1476//1103 1454//1103 1452//1103
f 1476//1104 1452//1104 1478//1104
f 1151//1105 1427//1105 1463//1105
f 1151//1105 1463//1105 1152//1105
f 1152//1106 1463//1106 1478//1106
f 1152//1107 1478//1107 1161//1107
f 1478//1108 1452//1108 1161//1108
f 1161//1109 1452//1109 1433//1109
f 1161//1109 1433//1109 1170//1109
f 1170//1110 1433//1110 1432//1110
f 1170//1110 1432//1110 1180//1110
f 1176//1111 1177//1111 1479//1111
f 1479//1112 1177//1112 1178//1112
f 1479//1113 1178//1113 1179//1113
f 1479//1114 1172//1114 1173//1114
f 1173//1115 1174//1115 1479//1115
f 1479//1116 1174//1116 1175//1116
f 1479//1117 1175//1117 1176//1117
f 1480//1118 1442//1118 1444//1118
f 1444//1119 1446//1119 1480//1119
f 1480//1120 1446//1120 1448//1120
f 1480//1121 1448//1121 1449//1121
f 1436//1122 1438//1122 1480//1122
f 1436//1123 1480//1123 1435//1123
f 1179//1124 1180//1124 1479//1124
f 1479//1125 1180//1125 1432//1125
f 1479//1126 1432//1126 1480//1126
f 1480//1127 1432//1127 1431//1127
f 1480//1128 1431//1128 1435//1128
f 1438//1129 1439//1129 1480//1129
f 1480//1130 1439//1130 1441//1130
f 1480//1131 1441//1131 1442//1131
f 83//1132 144//1132 1449//1132
f 1449//1133 144//1133 145//1133
f 201//1134 882//1134 872//1134
f 317//1135 777//1135 756//1135
f 374//1136 375//1136 1449//1136
f 1449//1137 258//1137 259//1137
f 431//1135 667//1135 646//1135
f 1172//1138 1479//1138 1171//1138
f 1171//1139 1479//1139 1480//1139
f 1171//1140 1480//1140 1125//1140
f 1125//1141 1480//1141 1449//1141
f 1125//1142 1449//1142 1101//1142
f 1101//1143 1449//1143 488//1143
f 1101//1137 488//1137 489//1137
f 1101//1144 545//1144 557//1144
f 1101//1145 557//1145 1102//1145
f 1102//1146 557//1146 576//1146
f 1102//1147 576//1147 1104//1147
f 1104//1148 576//1148 575//1148
f 1104//1149 575//1149 1105//1149
f 1105//1150 575//1150 574//1150
f 1105//1151 574//1151 1107//1151
f 1107//1152 574//1152 573//1152
f 1107//1153 573//1153 1108//1153
f 1108//1154 573//1154 565//1154
f 1108//1155 565//1155 1110//1155
f 1232//1156 1233//1156 565//1156
f 565//1157 1233//1157 1111//1157
f 565//1158 1111//1158 1110//1158
f 1229//1159 1230//1159 565//1159
f 565//1160 1230//1160 1231//1160
f 565//1161 1231//1161 1232//1161
f 1284//1162 1283//1162 567//1162
f 1284//1163 567//1163 1285//1163
f 1285//1164 567//1164 568//1164
f 1285//1165 568//1165 1286//1165
f 1286//1166 568//1166 569//1166
f 1286//1167 569//1167 1287//1167
f 1283//1168 1282//1168 567//1168
f 567//1169 1282//1169 1281//1169
f 567//1170 1281//1170 566//1170
f 566//1171 1281//1171 1290//1171
f 566//1172 1290//1172 565//1172
f 565//1173 1290//1173 1215//1173
f 565//1174 1215//1174 1229//1174
f 1235//1175 1234//1175 555//1175
f 555//1176 1234//1176 1244//1176
f 555//1177 1244//1177 554//1177
f 554//1178 1244//1178 1289//1178
f 554//1179 1289//1179 569//1179
f 569//1180 1289//1180 1288//1180
f 569//1181 1288//1181 1287//1181
f 545//1182 1101//1182 544//1182
f 544//1183 1101//1183 489//1183
f 544//1184 489//1184 590//1184
f 590//1184 489//1184 628//1184
f 590//1185 628//1185 591//1185
f 591//1186 628//1186 629//1186
f 591//1187 629//1187 592//1187
f 592//1187 629//1187 630//1187
f 592//1188 630//1188 593//1188
f 593//1188 630//1188 631//1188
f 593//1189 631//1189 594//1189
f 594//1189 631//1189 632//1189
f 594//1190 632//1190 595//1190
f 595//1191 632//1191 615//1191
f 595//1192 615//1192 596//1192
f 596//1193 615//1193 614//1193
f 596//1194 614//1194 597//1194
f 597//1194 614//1194 610//1194
f 597//1195 610//1195 598//1195
f 598//1195 610//1195 613//1195
f 598//1196 613//1196 599//1196
f 613//1196 612//1196 599//1196
f 599//1197 612//1197 611//1197
f 599//1198 611//1198 584//1198
f 584//1199 611//1199 609//1199
f 584//1199 609//1199 585//1199
f 646//1200 667//1200 647//1200
f 647//1201 667//1201 686//1201
f 647//1187 686//1187 648//1187
f 648//1202 686//1202 685//1202
f 648//1203 685//1203 649//1203
f 649//1204 685//1204 684//1204
f 649//1189 684//1189 650//1189
f 650//1205 684//1205 683//1205
f 650//1206 683//1206 651//1206
f 683//1207 675//1207 651//1207
f 651//1208 675//1208 676//1208
f 651//1209 676//1209 652//1209
f 652//1210 676//1210 677//1210
f 652//1194 677//1194 653//1194
f 653//1211 677//1211 678//1211
f 653//1212 678//1212 654//1212
f 654//1213 678//1213 679//1213
f 654//1214 679//1214 655//1214
f 655//1215 679//1215 640//1215
f 640//1216 679//1216 665//1216
f 640//1199 665//1199 641//1199
f 646//1184 488//1184 431//1184
f 431//1217 488//1217 1449//1217
f 431//1218 1449//1218 430//1218
f 430//1219 1449//1219 375//1219
f 430//1184 375//1184 700//1184
f 700//1184 375//1184 738//1184
f 700//1185 738//1185 701//1185
f 701//1185 738//1185 739//1185
f 701//1187 739//1187 702//1187
f 702//1187 739//1187 740//1187
f 702//1188 740//1188 703//1188
f 703//1188 740//1188 741//1188
f 703//1189 741//1189 704//1189
f 704//1189 741//1189 742//1189
f 704//1190 742//1190 705//1190
f 705//1191 742//1191 725//1191
f 705//1192 725//1192 706//1192
f 706//1192 725//1192 724//1192
f 706//1194 724//1194 707//1194
f 707//1194 724//1194 720//1194
f 707//1195 720//1195 708//1195
f 708//1195 720//1195 723//1195
f 708//1196 723//1196 709//1196
f 723//1196 722//1196 709//1196
f 709//1197 722//1197 721//1197
f 709//1198 721//1198 694//1198
f 694//1199 721//1199 719//1199
f 694//1199 719//1199 695//1199
f 756//1220 777//1220 757//1220
f 757//1201 777//1201 796//1201
f 757//1187 796//1187 758//1187
f 758//1202 796//1202 795//1202
f 758//1203 795//1203 759//1203
f 759//1204 795//1204 794//1204
f 759//1189 794//1189 760//1189
f 760//1205 794//1205 793//1205
f 760//1206 793//1206 761//1206
f 793//1207 785//1207 761//1207
f 761//1208 785//1208 786//1208
f 761//1209 786//1209 762//1209
f 762//1210 786//1210 787//1210
f 762//1194 787//1194 763//1194
f 763//1221 787//1221 788//1221
f 763//1212 788//1212 764//1212
f 764//1213 788//1213 789//1213
f 764//1214 789//1214 765//1214
f 765//1222 789//1222 750//1222
f 750//1216 789//1216 775//1216
f 750//1199 775//1199 751//1199
f 756//1184 374//1184 317//1184
f 317//1223 374//1223 1449//1223
f 317//1224 1449//1224 316//1224
f 316//1137 1449//1137 259//1137
f 316//1225 259//1225 819//1225
f 819//1225 259//1225 828//1225
f 819//1201 828//1201 818//1201
f 818//1201 828//1201 849//1201
f 818//1148 849//1148 822//1148
f 822//1148 849//1148 848//1148
f 822//1226 848//1226 821//1226
f 821//1226 848//1226 847//1226
f 821//1152 847//1152 820//1152
f 820//1152 847//1152 846//1152
f 820//1207 846//1207 802//1207
f 802//1207 846//1207 837//1207
f 802//1208 837//1208 801//1208
f 801//1208 837//1208 838//1208
f 801//1227 838//1227 800//1227
f 838//1227 839//1227 800//1227
f 800//1221 839//1221 840//1221
f 800//1211 840//1211 799//1211
f 799//1228 840//1228 841//1228
f 799//1228 841//1228 798//1228
f 841//1229 842//1229 798//1229
f 798//1230 842//1230 827//1230
f 798//1231 827//1231 812//1231
f 872//1201 882//1201 871//1201
f 871//1201 882//1201 902//1201
f 871//1148 902//1148 875//1148
f 875//1148 902//1148 901//1148
f 875//1226 901//1226 874//1226
f 874//1226 901//1226 900//1226
f 874//1152 900//1152 873//1152
f 873//1152 900//1152 899//1152
f 873//1207 899//1207 855//1207
f 855//1207 899//1207 890//1207
f 855//1208 890//1208 854//1208
f 854//1208 890//1208 891//1208
f 854//1227 891//1227 853//1227
f 891//1227 892//1227 853//1227
f 853//1221 892//1221 893//1221
f 853//1221 893//1221 852//1221
f 852//1228 893//1228 894//1228
f 852//1228 894//1228 851//1228
f 894//1229 895//1229 851//1229
f 851//1230 895//1230 880//1230
f 851//1231 880//1231 865//1231
f 872//1134 258//1134 201//1134
f 201//1232 258//1232 1449//1232
f 201//1233 1449//1233 200//1233
f 200//1234 1449//1234 145//1234
f 200//1184 145//1184 916//1184
f 916//1184 145//1184 954//1184
f 916//1186 954//1186 917//1186
f 917//1185 954//1185 955//1185
f 917//1187 955//1187 918//1187
f 918//1187 955//1187 956//1187
f 918//1188 956//1188 919//1188
f 919//1188 956//1188 957//1188
f 919//1189 957//1189 920//1189
f 920//1189 957//1189 958//1189
f 920//1191 958//1191 921//1191
f 921//1190 958//1190 941//1190
f 921//1193 941//1193 922//1193
f 922//1192 941//1192 940//1192
f 922//1194 940//1194 923//1194
f 923//1194 940//1194 936//1194
f 923//1195 936//1195 924//1195
f 924//1195 936//1195 939//1195
f 924//1196 939//1196 925//1196
f 939//1196 938//1196 925//1196
f 925//1235 938//1235 937//1235
f 925//1236 937//1236 910//1236
f 910//1199 937//1199 935//1199
f 910//1199 935//1199 911//1199
f 83//1237 79//1237 144//1237
f 144//1238 79//1238 78//1238
f 144//1239 78//1239 981//1239
f 981//1240 78//1240 77//1240
f 981//1201 77//1201 980//1201
f 980//1241 77//1241 35//1241
f 35//1242 41//1242 980//1242
f 980//1243 41//1243 40//1243
f 980//1244 40//1244 984//1244
f 984//1245 40//1245 39//1245
f 984//1246 39//1246 983//1246
f 983//1247 39//1247 38//1247
f 983//1248 38//1248 982//1248
f 38//1249 87//1249 982//1249
f 982//1250 87//1250 86//1250
f 982//1251 86//1251 964//1251
f 86//1252 85//1252 964//1252
f 964//1253 85//1253 84//1253
f 964//1254 84//1254 963//1254
f 84//1255 6//1255 963//1255
f 963//1256 6//1256 4//1256
f 963//1257 4//1257 962//1257
f 962//1258 4//1258 2//1258
f 962//1259 2//1259 961//1259
f 2//1260 16//1260 961//1260
f 961//1261 16//1261 15//1261
f 961//1262 15//1262 960//1262
f 9//1263 974//1263 11//1263
f 11//1264 974//1264 960//1264
f 11//1265 960//1265 13//1265
f 13//1266 960//1266 15//1266
f 551//1267 549//1267 1481//1267
f 547//148 1482//148 549//148
f 549//1268 1482//1268 1483//1268
f 549//1269 1483//1269 1481//1269
f 1481//1271 1485//1271 551//1271
f 551//1272 1485//1272 1486//1272
f 551//1273 1486//1273 553//1273
f 553//1274 1486//1274 1487//1274
f 553//1275 1487//1275 555//1275
f 555//1276 1487//1276 1488//1276
f 555//1277 1488//1277 1484//1277
f 1237//1278 1235//1278 1484//1278
f 1239//1279 1237//1279 1489//1279
f 1241//1280 1239//1280 1490//1280
f 1243//1281 1241//1281 1491//1281
f 1237//1278 1484//1278 1489//1278
f 1489//1282 1484//1282 1488//1282
f 1489//1282 1488//1282 1492//1282
f 1492//1283 1488//1283 1487//1283
f 1492//1283 1487//1283 1493//1283
f 1493//1284 1487//1284 1486//1284
f 1493//1285 1486//1285 1494//1285
f 1494//1286 1486//1286 1485//1286
f 1494//1287 1485//1287 1495//1287
f 1485//1288 1481//1288 1495//1288
f 1495//1289 1481//1289 1483//1289
f 1495//1290 1483//1290 1496//1290
f 1496//1291 1483//1291 1482//1291
f 1496//1291 1482//1291 1497//1291
f 1239//1292 1489//1292 1490//1292
f 1490//1293 1489//1293 1492//1293
f 1490//1293 1492//1293 1498//1293
f 1498//1294 1492//1294 1493//1294
f 1498//1294 1493//1294 1499//1294
f 1499//1295 1493//1295 1494//1295
f 1499//1296 1494//1296 1500//1296
f 1500//1297 1494//1297 1495//1297
f 1500//1297 1495//1297 1501//1297
f 1501//1298 1495//1298 1496//1298
f 1501//1298 1496//1298 1502//1298
f 1502//1299 1496//1299 1497//1299
f 1502//1299 1497//1299 1503//1299
f 1241//1300 1490//1300 1491//1300
f 1491//1301 1490//1301 1498//1301
f 1491//1301 1498//1301 1504//1301
f 1504//1302 1498//1302 1499//1302
f 1504//1302 1499//1302 1505//1302
f 1505//1303 1499//1303 1500//1303
f 1505//1303 1500//1303 1506//1303
f 1506//1304 1500//1304 1501//1304
f 1506//1304 1501//1304 1507//1304
f 1507//1305 1501//1305 1502//1305
f 1507//1306 1502//1306 1508//1306
f 1508//1307 1502//1307 1503//1307
f 1508//1307 1503//1307 1509//1307
f 1243//1308 1491//1308 1365//1308
f 1365//1309 1491//1309 1504//1309
f 1365//1309 1504//1309 1366//1309
f 1366//1310 1504//1310 1505//1310
f 1366//1311 1505//1311 1368//1311
f 1368//1312 1505//1312 1506//1312
f 1368//1312 1506//1312 1369//1312
f 1369//1313 1506//1313 1507//1313
f 1369//1314 1507//1314 1371//1314
f 1371//1315 1507//1315 1508//1315
f 1371//1316 1508//1316 1373//1316
f 1373//1317 1508//1317 1509//1317
f 1373//1317 1509//1317 1374//1317
f 1362//1318 1374//1318 1510//1318
f 1510//1318 1374//1318 1509//1318
f 1510//1319 1509//1319 1511//1319
f 1511//1319 1509//1319 1503//1319
f 1511//1320 1503//1320 1512//1320
f 1512//1321 1503//1321 1497//1321
f 1512//1322 1497//1322 1513//1322
f 1513//1323 1497//1323 1482//1323
f 1352//1324 1362//1324 1514//1324
f 1514//1324 1362//1324 1510//1324
f 1514//1325 1510//1325 1515//1325
f 1515//1325 1510//1325 1511//1325
f 1515//1326 1511//1326 1516//1326
f 1516//1327 1511//1327 1512//1327
f 1516//1328 1512//1328 1517//1328
f 1517//1328 1512//1328 1513//1328
f 1518//1329 1519//1329 1520//1329
f 1516//1330 1517//1330 1521//1330
f 1515//1331 1516//1331 1522//1331
f 1514//1332 1515//1332 1523//1332
f 1352//1333 1514//1333 1524//1333
f 1516//1334 1521//1334 1522//1334
f 1522//1335 1521//1335 1525//1335
f 1522//1336 1525//1336 1526//1336
f 1526//1337 1525//1337 1527//1337
f 1526//1338 1527//1338 1528//1338
f 1528//1339 1527//1339 1529//1339
f 1528//1340 1529//1340 1530//1340
f 1530//1341 1529//1341 1531//1341
f 1530//1342 1531//1342 1532//1342
f 1532//1343 1531//1343 1533//1343
f 1532//1344 1533//1344 1534//1344
f 1534//1345 1533//1345 1535//1345
f 1534//1346 1535//1346 1536//1346
f 1536//1347 1535//1347 1537//1347
f 1536//1348 1537//1348 1538//1348
f 1538//1349 1537//1349 1539//1349
f 1538//1350 1539//1350 1520//1350
f 1520//1351 1539//1351 1540//1351
f 1520//1352 1540//1352 1518//1352
f 1515//1353 1522//1353 1523//1353
f 1523//1354 1522//1354 1526//1354
f 1523//1355 1526//1355 1541//1355
f 1541//1356 1526//1356 1528//1356
f 1541//1357 1528//1357 1542//1357
f 1542//1358 1528//1358 1530//1358
f 1542//1359 1530//1359 1543//1359
f 1543//1360 1530//1360 1532//1360
f 1543//1361 1532//1361 1544//1361
f 1544//1362 1532//1362 1534//1362
f 1544//1363 1534//1363 1545//1363
f 1545//1364 1534//1364 1536//1364
f 1545//1365 1536//1365 1546//1365
f 1546//1366 1536//1366 1538//1366
f 1546//1367 1538//1367 1547//1367
f 1547//1368 1538//1368 1520//1368
f 1547//1369 1520//1369 1548//1369
f 1548//1370 1520//1370 1519//1370
f 1548//1371 1519//1371 1549//1371
f 1514//1372 1523//1372 1524//1372
f 1524//1373 1523//1373 1541//1373
f 1524//1374 1541//1374 1550//1374
f 1550//1375 1541//1375 1542//1375
f 1550//1376 1542//1376 1551//1376
f 1551//1377 1542//1377 1543//1377
f 1551//1378 1543//1378 1552//1378
f 1552//1379 1543//1379 1544//1379
f 1552//1380 1544//1380 1553//1380
f 1553//1381 1544//1381 1545//1381
f 1553//1382 1545//1382 1554//1382
f 1554//1383 1545//1383 1546//1383
f 1554//1384 1546//1384 1555//1384
f 1555//1385 1546//1385 1547//1385
f 1555//1386 1547//1386 1556//1386
f 1556//1387 1547//1387 1548//1387
f 1556//1388 1548//1388 1557//1388
f 1557//1389 1548//1389 1549//1389
f 1557//1390 1549//1390 1558//1390
f 1352//1391 1524//1391 1350//1391
f 1350//1392 1524//1392 1550//1392
f 1350//1393 1550//1393 1346//1393
f 1346//1394 1550//1394 1551//1394
f 1346//1395 1551//1395 1347//1395
f 1347//1396 1551//1396 1552//1396
f 1347//1397 1552//1397 1353//1397
f 1353//1398 1552//1398 1553//1398
f 1353//1399 1553//1399 1354//1399
f 1354//1400 1553//1400 1554//1400
f 1354//1401 1554//1401 1356//1401
f 1356//1402 1554//1402 1555//1402
f 1356//1403 1555//1403 1361//1403
f 1361//1404 1555//1404 1556//1404
f 1361//1405 1556//1405 1360//1405
f 1360//1406 1556//1406 1557//1406
f 1360//1407 1557//1407 1358//1407
f 1358//1408 1557//1408 1558//1408
f 1358//1409 1558//1409 1332//1409
f 1519//1410 1518//1410 1559//1410
f 1549//1411 1519//1411 1560//1411
f 1558//1412 1549//1412 1561//1412
f 1332//1413 1558//1413 1562//1413
f 1519//1414 1559//1414 1560//1414
f 1560//1415 1559//1415 1563//1415
f 1560//1416 1563//1416 1564//1416
f 1564//1417 1563//1417 1565//1417
f 1564//1418 1565//1418 1566//1418
f 1566//1419 1565//1419 1567//1419
f 1566//1420 1567//1420 1568//1420
f 1568//1421 1567//1421 1569//1421
f 1568//1422 1569//1422 1570//1422
f 1570//1423 1569//1423 1571//1423
f 1570//1424 1571//1424 1572//1424
f 1549//1425 1560//1425 1561//1425
f 1561//1426 1560//1426 1564//1426
f 1561//1427 1564//1427 1573//1427
f 1573//1428 1564//1428 1566//1428
f 1573//1429 1566//1429 1574//1429
f 1574//1430 1566//1430 1568//1430
f 1574//1431 1568//1431 1575//1431
f 1575//1432 1568//1432 1570//1432
f 1575//1433 1570//1433 1576//1433
f 1576//1434 1570//1434 1572//1434
f 1576//1435 1572//1435 1577//1435
f 1558//1436 1561//1436 1562//1436
f 1562//1437 1561//1437 1573//1437
f 1562//1438 1573//1438 1578//1438
f 1578//1439 1573//1439 1574//1439
f 1578//1440 1574//1440 1579//1440
f 1579//1441 1574//1441 1575//1441
f 1579//1442 1575//1442 1580//1442
f 1580//1443 1575//1443 1576//1443
f 1580//1444 1576//1444 1581//1444
f 1581//1445 1576//1445 1577//1445
f 1581//1446 1577//1446 1582//1446
f 1332//1447 1562//1447 1334//1447
f 1334//1448 1562//1448 1578//1448
f 1334//1449 1578//1449 1343//1449
f 1343//1450 1578//1450 1579//1450
f 1343//1451 1579//1451 1344//1451
f 1344//1452 1579//1452 1580//1452
f 1344//1453 1580//1453 1345//1453
f 1345//1454 1580//1454 1581//1454
f 1345//1455 1581//1455 1342//1455
f 1342//1456 1581//1456 1582//1456
f 1342//1457 1582//1457 1330//1457
f 1583//1458 1584//1458 1585//1458
f 1571//1459 1586//1459 1587//1459
f 1326//1460 1330//1460 1588//1460
f 1588//1460 1330//1460 1582//1460
f 1588//1461 1582//1461 1589//1461
f 1589//1462 1582//1462 1577//1462
f 1589//1463 1577//1463 1587//1463
f 1587//1464 1577//1464 1572//1464
f 1587//1465 1572//1465 1571//1465
f 1590//1466 1591//1466 1592//1466
f 1324//1467 1326//1467 1593//1467
f 1593//1468 1326//1468 1588//1468
f 1593//1469 1588//1469 1594//1469
f 1594//1470 1588//1470 1589//1470
f 1594//1471 1589//1471 1592//1471
f 1592//1472 1589//1472 1587//1472
f 1592//1473 1587//1473 1590//1473
f 1590//1474 1587//1474 1586//1474
f 1595//1475 1596//1475 1597//1475
f 1322//1476 1324//1476 1598//1476
f 1598//1476 1324//1476 1593//1476
f 1598//1477 1593//1477 1599//1477
f 1599//1478 1593//1478 1594//1478
f 1599//1479 1594//1479 1597//1479
f 1597//1480 1594//1480 1592//1480
f 1597//1481 1592//1481 1595//1481
f 1595//1482 1592//1482 1591//1482
f 1583//1483 1585//1483 1600//1483
f 1303//1484 1322//1484 1601//1484
f 1601//1484 1322//1484 1598//1484
f 1601//1485 1598//1485 1602//1485
f 1602//1486 1598//1486 1599//1486
f 1602//1487 1599//1487 1585//1487
f 1585//1488 1599//1488 1597//1488
f 1585//1489 1597//1489 1600//1489
f 1600//1490 1597//1490 1596//1490
f 1585//1491 1584//1491 1603//1491
f 1602//1492 1585//1492 1604//1492
f 1601//1493 1602//1493 1605//1493
f 1585//1494 1603//1494 1604//1494
f 1604//1495 1603//1495 1606//1495
f 1604//1496 1606//1496 1607//1496
f 1607//1497 1606//1497 1608//1497
f 1607//1498 1608//1498 1609//1498
f 1609//1499 1608//1499 1610//1499
f 1609//1500 1610//1500 1611//1500
f 1611//1501 1610//1501 1612//1501
f 1611//1502 1612//1502 1613//1502
f 1613//1503 1612//1503 1614//1503
f 1613//1504 1614//1504 1615//1504
f 1615//1505 1614//1505 1616//1505
f 1615//1506 1616//1506 1617//1506
f 1602//1507 1604//1507 1605//1507
f 1605//1508 1604//1508 1607//1508
f 1605//1509 1607//1509 1618//1509
f 1618//1510 1607//1510 1609//1510
f 1618//1511 1609//1511 1619//1511
f 1619//1512 1609//1512 1611//1512
f 1619//1513 1611//1513 1620//1513
f 1620//1514 1611//1514 1613//1514
f 1620//1515 1613//1515 1621//1515
f 1621//1516 1613//1516 1615//1516
f 1621//1517 1615//1517 1622//1517
f 1622//1518 1615//1518 1617//1518
f 1622//1519 1617//1519 1623//1519
f 1601//1520 1605//1520 1624//1520
f 1624//1521 1605//1521 1618//1521
f 1624//1522 1618//1522 1625//1522
f 1625//1523 1618//1523 1619//1523
f 1625//1524 1619//1524 1626//1524
f 1626//1525 1619//1525 1620//1525
f 1626//1526 1620//1526 1627//1526
f 1627//1527 1620//1527 1621//1527
f 1627//1528 1621//1528 1628//1528
f 1628//1529 1621//1529 1622//1529
f 1628//1530 1622//1530 1629//1530
f 1629//1531 1622//1531 1623//1531
f 1629//1532 1623//1532 1630//1532
f 1321//1533 1306//1533 1630//1533
f 1630//1534 1306//1534 1315//1534
f 1630//1535 1315//1535 1629//1535
f 1629//1536 1315//1536 1314//1536
f 1629//1537 1314//1537 1628//1537
f 1628//1538 1314//1538 1312//1538
f 1628//1539 1312//1539 1627//1539
f 1627//1540 1312//1540 1310//1540
f 1627//1541 1310//1541 1626//1541
f 1626//1542 1310//1542 1308//1542
f 1626//1543 1308//1543 1625//1543
f 1625//1544 1308//1544 1307//1544
f 1625//1545 1307//1545 1624//1545
f 1624//1546 1307//1546 1303//1546
f 1624//1547 1303//1547 1601//1547
f 1320//1548 1321//1548 1631//1548
f 1631//1549 1321//1549 1630//1549
f 1631//1550 1630//1550 1632//1550
f 1632//1551 1630//1551 1623//1551
f 1632//1552 1623//1552 1633//1552
f 1633//1553 1623//1553 1617//1553
f 1633//1554 1617//1554 1634//1554
f 1634//1555 1617//1555 1616//1555
f 1318//1556 1320//1556 1635//1556
f 1635//1557 1320//1557 1631//1557
f 1635//1558 1631//1558 1636//1558
f 1636//1559 1631//1559 1632//1559
f 1636//1560 1632//1560 1637//1560
f 1637//1561 1632//1561 1633//1561
f 1637//1562 1633//1562 1638//1562
f 1638//1563 1633//1563 1634//1563
f 1316//1564 1318//1564 1639//1564
f 1639//1565 1318//1565 1635//1565
f 1639//1566 1635//1566 1640//1566
f 1640//1567 1635//1567 1636//1567
f 1640//1568 1636//1568 1641//1568
f 1641//1569 1636//1569 1637//1569
f 1641//1570 1637//1570 1642//1570
f 1642//1571 1637//1571 1638//1571
f 1642//1572 1643//1572 1644//1572
f 1642//1572 1644//1572 1641//1572
f 1641//1573 1644//1573 1645//1573
f 1641//1573 1645//1573 1640//1573
f 1640//1574 1645//1574 1646//1574
f 1640//1575 1646//1575 1639//1575
f 1646//1576 1647//1576 1639//1576
f 1639//1577 1647//1577 1078//1577
f 1639//1577 1078//1577 1316//1577
f 563//1578 564//1578 1540//1578
f 1648//1579 1649//1579 1650//1579
f 1650//1580 1649//1580 1651//1580
f 1651//1581 1652//1581 1650//1581
f 1650//1582 1652//1582 1653//1582
f 1650//1583 1653//1583 1654//1583
f 1655//1584 1656//1584 1650//1584
f 1650//1585 1656//1585 1657//1585
f 1650//1586 1657//1586 1648//1586
f 1584//1587 1650//1587 1603//1587
f 1603//1588 1650//1588 1658//1588
f 1603//1589 1658//1589 1606//1589
f 1612//1590 1610//1590 1658//1590
f 1658//1591 1610//1591 1608//1591
f 1658//1592 1608//1592 1606//1592
f 1634//1593 1616//1593 1658//1593
f 1658//1594 1616//1594 1614//1594
f 1658//1595 1614//1595 1612//1595
f 1654//1596 1643//1596 1650//1596
f 1650//1597 1643//1597 1642//1597
f 1650//1598 1642//1598 1658//1598
f 1658//1599 1642//1599 1638//1599
f 1658//1600 1638//1600 1634//1600
f 556//1601 577//1601 1583//1601
f 1583//1602 577//1602 1659//1602
f 1583//1603 1659//1603 1584//1603
f 1584//1604 1659//1604 1660//1604
f 1584//1605 1660//1605 1650//1605
f 1650//1606 1660//1606 1661//1606
f 1650//1607 1661//1607 1655//1607
f 743//1608 779//1608 778//1608
f 633//1608 669//1608 668//1608
f 666//1609 687//1609 1659//1609
f 776//1610 797//1610 1659//1610
f 778//1611 776//1611 743//1611
f 743//1612 776//1612 1659//1612
f 743//1613 1659//1613 726//1613
f 726//1612 1659//1612 687//1612
f 726//1614 687//1614 727//1614
f 727//1615 687//1615 728//1615
f 850//1611 866//1611 883//1611
f 881//1616 903//1616 1659//1616
f 999//1617 959//1617 1000//1617
f 1000//1618 959//1618 975//1618
f 1000//1619 975//1619 1034//1619
f 1034//1620 975//1620 976//1620
f 1034//1621 976//1621 1067//1621
f 945//1615 944//1615 903//1615
f 903//1614 944//1614 943//1614
f 903//1616 943//1616 1659//1616
f 1659//1622 943//1622 959//1622
f 1659//1623 959//1623 1066//1623
f 1066//1624 959//1624 999//1624
f 979//1625 1071//1625 978//1625
f 978//1626 1071//1626 1070//1626
f 978//1627 1070//1627 977//1627
f 977//1628 1070//1628 1069//1628
f 977//1629 1069//1629 976//1629
f 976//1630 1069//1630 1068//1630
f 976//1631 1068//1631 1067//1631
f 966//1632 1074//1632 965//1632
f 965//1633 1074//1633 1073//1633
f 965//1634 1073//1634 979//1634
f 979//1635 1073//1635 1072//1635
f 979//1636 1072//1636 1071//1636
f 968//1637 1006//1637 967//1637
f 967//1638 1006//1638 1076//1638
f 967//1639 1076//1639 966//1639
f 966//1640 1076//1640 1075//1640
f 966//1641 1075//1641 1074//1641
f 969//1642 970//1642 985//1642
f 985//1643 1012//1643 969//1643
f 969//1644 1012//1644 1010//1644
f 969//1645 1010//1645 968//1645
f 968//1646 1010//1646 1008//1646
f 968//1647 1008//1647 1006//1647
f 915//1648 931//1648 905//1648
f 905//1648 931//1648 942//1648
f 905//1649 942//1649 906//1649
f 906//1650 942//1650 953//1650
f 906//1651 953//1651 907//1651
f 907//1651 953//1651 952//1651
f 907//1652 952//1652 904//1652
f 904//1653 952//1653 951//1653
f 904//1654 951//1654 908//1654
f 908//1654 951//1654 950//1654
f 908//1655 950//1655 909//1655
f 909//1656 950//1656 949//1656
f 909//1657 949//1657 930//1657
f 930//1657 949//1657 948//1657
f 930//1658 948//1658 929//1658
f 929//1659 948//1659 947//1659
f 929//1660 947//1660 928//1660
f 928//1660 947//1660 946//1660
f 928//1661 946//1661 927//1661
f 927//1661 946//1661 945//1661
f 927//1662 945//1662 926//1662
f 926//1663 945//1663 903//1663
f 883//1664 866//1664 884//1664
f 884//1664 866//1664 867//1664
f 884//1665 867//1665 898//1665
f 898//1665 867//1665 868//1665
f 898//1666 868//1666 897//1666
f 897//1667 868//1667 869//1667
f 897//1668 869//1668 896//1668
f 896//1668 869//1668 870//1668
f 896//1669 870//1669 889//1669
f 889//1669 870//1669 856//1669
f 889//1670 856//1670 888//1670
f 888//1670 856//1670 857//1670
f 888//1671 857//1671 887//1671
f 887//1671 857//1671 858//1671
f 887//1672 858//1672 886//1672
f 886//1672 858//1672 859//1672
f 886//1673 859//1673 885//1673
f 859//1673 860//1673 885//1673
f 885//1642 860//1642 861//1642
f 885//1642 861//1642 876//1642
f 883//1674 881//1674 850//1674
f 850//1675 881//1675 1659//1675
f 850//1676 1659//1676 829//1676
f 829//1677 1659//1677 797//1677
f 829//1674 797//1674 830//1674
f 830//1674 797//1674 813//1674
f 830//1664 813//1664 831//1664
f 831//1664 813//1664 814//1664
f 831//1665 814//1665 845//1665
f 845//1665 814//1665 815//1665
f 845//1666 815//1666 844//1666
f 844//1678 815//1678 816//1678
f 844//1668 816//1668 843//1668
f 843//1668 816//1668 817//1668
f 843//1669 817//1669 836//1669
f 836//1669 817//1669 803//1669
f 836//1670 803//1670 835//1670
f 835//1670 803//1670 804//1670
f 835//1671 804//1671 834//1671
f 834//1671 804//1671 805//1671
f 834//1672 805//1672 833//1672
f 833//1672 805//1672 806//1672
f 833//1673 806//1673 832//1673
f 806//1673 807//1673 832//1673
f 832//1642 807//1642 808//1642
f 832//1642 808//1642 823//1642
f 743//1663 766//1663 779//1663
f 779//1679 766//1679 767//1679
f 779//1665 767//1665 792//1665
f 792//1680 767//1680 768//1680
f 792//1681 768//1681 791//1681
f 791//1660 768//1660 769//1660
f 791//1668 769//1668 790//1668
f 790//1682 769//1682 770//1682
f 790//1683 770//1683 784//1683
f 784//1657 770//1657 749//1657
f 784//1670 749//1670 783//1670
f 783//1684 749//1684 748//1684
f 783//1685 748//1685 782//1685
f 782//1654 748//1654 744//1654
f 782//1672 744//1672 781//1672
f 781//1686 744//1686 747//1686
f 781//1687 747//1687 780//1687
f 755//1648 771//1648 745//1648
f 745//1688 771//1688 780//1688
f 746//1690 780//1690 747//1690
f 699//1648 715//1648 689//1648
f 689//1648 715//1648 737//1648
f 689//1691 737//1691 690//1691
f 690//1692 737//1692 736//1692
f 690//1651 736//1651 691//1651
f 691//1651 736//1651 735//1651
f 691//1652 735//1652 688//1652
f 688//1652 735//1652 734//1652
f 688//1654 734//1654 692//1654
f 692//1654 734//1654 733//1654
f 692//1655 733//1655 693//1655
f 693//1656 733//1656 732//1656
f 693//1657 732//1657 714//1657
f 714//1693 732//1693 731//1693
f 714//1659 731//1659 713//1659
f 713//1658 731//1658 730//1658
f 713//1660 730//1660 712//1660
f 712//1660 730//1660 729//1660
f 712//1661 729//1661 711//1661
f 711//1661 729//1661 728//1661
f 711//1679 728//1679 710//1679
f 710//1663 728//1663 687//1663
f 633//1663 656//1663 669//1663
f 669//1679 656//1679 657//1679
f 669//1665 657//1665 682//1665
f 682//1680 657//1680 658//1680
f 682//1694 658//1694 681//1694
f 681//1660 658//1660 659//1660
f 681//1668 659//1668 680//1668
f 680//1682 659//1682 660//1682
f 680//1683 660//1683 674//1683
f 674//1693 660//1693 639//1693
f 674//1670 639//1670 673//1670
f 673//1684 639//1684 638//1684
f 673//1685 638//1685 672//1685
f 672//1654 638//1654 634//1654
f 672//1695 634//1695 671//1695
f 671//1686 634//1686 637//1686
f 671//1687 637//1687 670//1687
f 645//1648 661//1648 635//1648
f 635//1688 661//1688 670//1688
f 635//1696 670//1696 636//1696
f 636//1690 670//1690 637//1690
f 589//1648 605//1648 579//1648
f 579//1648 605//1648 627//1648
f 579//1691 627//1691 580//1691
f 580//1649 627//1649 626//1649
f 580//1651 626//1651 581//1651
f 581//1651 626//1651 625//1651
f 581//1653 625//1653 578//1653
f 578//1652 625//1652 624//1652
f 578//1654 624//1654 582//1654
f 582//1654 624//1654 623//1654
f 582//1656 623//1656 583//1656
f 583//1655 623//1655 622//1655
f 583//1693 622//1693 604//1693
f 604//1693 622//1693 621//1693
f 604//1659 621//1659 603//1659
f 603//1658 621//1658 620//1658
f 603//1660 620//1660 602//1660
f 602//1660 620//1660 619//1660
f 602//1661 619//1661 601//1661
f 601//1661 619//1661 618//1661
f 601//1679 618//1679 600//1679
f 600//1679 618//1679 617//1679
f 600//1614 617//1614 577//1614
f 577//1614 617//1614 616//1614
f 577//1697 616//1697 1659//1697
f 1659//1698 616//1698 633//1698
f 1659//1699 633//1699 666//1699
f 666//1611 633//1611 668//1611
f 556//1700 1583//1700 558//1700
f 558//1701 1583//1701 1600//1701
f 558//1702 1600//1702 559//1702
f 559//1703 1600//1703 1596//1703
f 559//1665 1596//1665 572//1665
f 572//1704 1596//1704 1595//1704
f 572//1705 1595//1705 571//1705
f 571//1706 1595//1706 1591//1706
f 571//1668 1591//1668 570//1668
f 570//1707 1591//1707 1590//1707
f 570//1708 1590//1708 564//1708
f 1590//1709 1586//1709 564//1709
f 564//1710 1586//1710 1571//1710
f 564//1711 1571//1711 1569//1711
f 1569//1712 1567//1712 564//1712
f 564//1713 1567//1713 1565//1713
f 564//1714 1565//1714 1563//1714
f 1563//1715 1559//1715 564//1715
f 564//1716 1559//1716 1518//1716
f 564//1717 1518//1717 1540//1717
f 563//1718 1540//1718 562//1718
f 562//1719 1540//1719 1539//1719
f 562//1720 1539//1720 1537//1720
f 1529//1721 560//1721 1531//1721
f 1531//1722 560//1722 561//1722
f 1531//1723 561//1723 1533//1723
f 1533//1724 561//1724 562//1724
f 1533//1725 562//1725 1535//1725
f 1535//1726 562//1726 1537//1726
f 1529//1727 1527//1727 560//1727
f 560//1728 1527//1728 1525//1728
f 560//1729 1525//1729 546//1729
f 1525//1730 1521//1730 546//1730
f 546//1731 1521//1731 1517//1731
f 546//1732 1517//1732 547//1732
f 547//1733 1517//1733 1513//1733
f 547//1734 1513//1734 1482//1734
f 1662//1735 1036//1735 1035//1735
f 1663//1736 1661//1736 1660//1736
f 1664//1737 1665//1737 1655//1737
f 1655//1738 1665//1738 1656//1738
f 1651//1739 1649//1739 1666//1739
f 1666//1740 1649//1740 1648//1740
f 1666//1741 1648//1741 1665//1741
f 1665//1742 1648//1742 1657//1742
f 1665//1743 1657//1743 1656//1743
f 1667//1744 1644//1744 1643//1744
f 1643//1745 1654//1745 1667//1745
f 1667//1746 1654//1746 1653//1746
f 1667//1747 1653//1747 1668//1747
f 1668//1748 1653//1748 1652//1748
f 1668//1749 1652//1749 1651//1749
f 1669//1750 1663//1750 1670//1750
f 1670//1751 1663//1751 1660//1751
f 1670//1752 1660//1752 1659//1752
f 1651//1753 1666//1753 1668//1753
f 1668//1754 1666//1754 1671//1754
f 1668//1755 1671//1755 1667//1755
f 1667//1756 1671//1756 1672//1756
f 1667//1757 1672//1757 1644//1757
f 1645//1758 1644//1758 1673//1758
f 1673//1759 1644//1759 1672//1759
f 1673//1760 1672//1760 1674//1760
f 1674//1761 1672//1761 1671//1761
f 1674//1762 1671//1762 1675//1762
f 1675//1763 1671//1763 1666//1763
f 1675//1764 1666//1764 1676//1764
f 1676//1765 1666//1765 1665//1765
f 1676//1766 1665//1766 1677//1766
f 1677//1767 1665//1767 1664//1767
f 1677//1768 1664//1768 1678//1768
f 1081//1769 1679//1769 1083//1769
f 1083//1770 1679//1770 1680//1770
f 1083//1771 1680//1771 1094//1771
f 1094//1772 1680//1772 1681//1772
f 1094//1773 1681//1773 1093//1773
f 1093//1774 1681//1774 1682//1774
f 1093//1775 1682//1775 1091//1775
f 1081//1776 1079//1776 1679//1776
f 1679//1777 1079//1777 1078//1777
f 1679//1778 1078//1778 1647//1778
f 1683//1779 1087//1779 1682//1779
f 1682//1780 1087//1780 1089//1780
f 1682//1781 1089//1781 1091//1781
f 1096//1782 1095//1782 1684//1782
f 1684//1783 1095//1783 1085//1783
f 1063//1784 1669//1784 1064//1784
f 1064//1785 1669//1785 1670//1785
f 1064//1786 1670//1786 1065//1786
f 1065//1787 1670//1787 1659//1787
f 1065//1788 1659//1788 1066//1788
f 1098//1789 1096//1789 1685//1789
f 1685//1790 1096//1790 1684//1790
f 1685//1791 1684//1791 1686//1791
f 1686//1792 1684//1792 1687//1792
f 1686//1793 1687//1793 1688//1793
f 1688//1794 1687//1794 1689//1794
f 1688//1795 1689//1795 1690//1795
f 1690//1796 1689//1796 1691//1796
f 1690//1797 1691//1797 1692//1797
f 1692//1798 1691//1798 1693//1798
f 1692//1799 1693//1799 1694//1799
f 1655//1800 1661//1800 1664//1800
f 1664//1801 1661//1801 1663//1801
f 1664//1802 1663//1802 1678//1802
f 1678//1803 1663//1803 1669//1803
f 1678//1804 1669//1804 1662//1804
f 1662//1805 1669//1805 1063//1805
f 1662//1806 1063//1806 1036//1806
f 1646//1807 1694//1807 1647//1807
f 1647//1808 1694//1808 1693//1808
f 1647//1809 1693//1809 1679//1809
f 1679//1810 1693//1810 1691//1810
f 1679//1811 1691//1811 1680//1811
f 1680//1812 1691//1812 1689//1812
f 1680//1813 1689//1813 1681//1813
f 1681//1814 1689//1814 1687//1814
f 1681//1815 1687//1815 1682//1815
f 1682//1816 1687//1816 1684//1816
f 1682//1817 1684//1817 1683//1817
f 1683//1818 1684//1818 1085//1818
f 1683//1819 1085//1819 1087//1819
f 1035//1820 1098//1820 1662//1820
f 1662//1821 1098//1821 1685//1821
f 1662//1822 1685//1822 1678//1822
f 1678//1823 1685//1823 1686//1823
f 1678//1824 1686//1824 1677//1824
f 1677//1825 1686//1825 1688//1825
f 1677//1826 1688//1826 1676//1826
f 1676//1827 1688//1827 1690//1827
f 1676//1828 1690//1828 1675//1828
f 1675//1829 1690//1829 1692//1829
f 1675//1830 1692//1830 1674//1830
f 1674//1831 1692//1831 1694//1831
f 1674//1832 1694//1832 1673//1832
f 1673//1833 1694//1833 1646//1833
f 1673//1834 1646//1834 1645//1834
