# Blender 5.0.1
# www.blender.org
mtllib materials.mtl
o thumb_distal
v -0.001518 0.008068 0.002886
v -0.000300 0.008121 0.002854
v -0.000300 0.007907 0.002960
v -0.007579 0.006123 0.004809
v -0.007494 0.006034 0.004813
v -0.007824 0.005682 0.005265
v -0.007651 0.006228 0.004831
v -0.007253 0.006586 0.004441
v -0.000300 0.003880 0.030938
v -0.000300 0.003904 0.030974
v -0.001337 0.003920 0.030919
v -0.001349 0.004095 0.031070
v -0.000300 0.004050 0.031111
v -0.000300 0.004276 0.031183
v -0.001317 0.003832 0.030707
v -0.001294 0.003843 0.030500
v -0.000992 0.003836 0.030528
v -0.000300 0.003829 0.030554
v -0.000300 0.003812 0.030708
v -0.000300 0.003817 0.030761
v -0.000300 0.008344 0.002856
v -0.001530 0.008312 0.002883
v -0.002754 0.008221 0.002960
v -0.007916 0.005767 0.005262
v -0.008095 0.005355 0.005788
v -0.007108 0.006384 0.004423
v -0.006675 0.006713 0.004092
v -0.006805 0.006924 0.004106
v -0.006194 0.007012 0.003809
v -0.006308 0.007231 0.003819
v -0.005668 0.007274 0.003570
v -0.005764 0.007502 0.003577
v -0.005115 0.007493 0.003377
v -0.005194 0.007727 0.003380
v -0.004535 0.007670 0.003224
v -0.004596 0.007909 0.003224
v -0.003936 0.007804 0.003109
v -0.003981 0.008046 0.003108
v -0.002729 0.007977 0.002962
v -0.001504 0.007875 0.002987
v -0.008579 0.004773 0.007648
v -0.008363 0.004718 0.007676
v -0.008661 0.004719 0.008288
v -0.008391 0.004698 0.007869
v -0.008720 0.004711 0.008916
v -0.002319 0.007821 0.003032
v -0.002700 0.007785 0.003063
v -0.003733 0.007643 0.003184
v -0.004466 0.007485 0.003321
v -0.005000 0.007324 0.003462
v -0.005560 0.007104 0.003659
v -0.005996 0.006891 0.003856
v -0.006529 0.006567 0.004168
v -0.006895 0.006294 0.004449
v -0.007315 0.005917 0.004877
v -0.007509 0.005718 0.005132
v -0.007893 0.005271 0.005839
v -0.007929 0.005225 0.005928
v -0.008656 0.005442 0.020877
v -0.008824 0.005498 0.018505
v -0.008616 0.005452 0.018496
v -0.006737 0.004605 0.027244
v -0.006964 0.004645 0.027293
v -0.007069 0.004716 0.026653
v -0.007261 0.004746 0.026753
v -0.007331 0.004817 0.026064
v -0.007721 0.004936 0.025614
v -0.007521 0.004900 0.025542
v -0.002400 0.003895 0.030307
v -0.002551 0.003893 0.030488
v -0.002498 0.003901 0.030283
v -0.003082 0.003947 0.030111
v -0.003151 0.003941 0.030313
v -0.003651 0.004003 0.029893
v -0.003738 0.004001 0.030092
v -0.003695 0.004008 0.029873
v -0.004199 0.004071 0.029627
v -0.004304 0.004072 0.029821
v -0.004881 0.004176 0.029205
v -0.004838 0.004153 0.029503
v -0.005202 0.004233 0.028966
v -0.005340 0.004243 0.029140
v -0.005884 0.004376 0.028344
v -0.005809 0.004339 0.028733
v -0.006074 0.004422 0.028137
v -0.006239 0.004440 0.028284
v -0.006624 0.004543 0.027804
v -0.008448 0.005397 0.020854
v -0.008434 0.005389 0.020990
v -0.008516 0.005359 0.022065
v -0.008309 0.005316 0.022033
v -0.008323 0.005245 0.023256
v -0.008112 0.005201 0.023241
v -0.008063 0.005103 0.024445
v -0.007860 0.005064 0.024389
v -0.007649 0.004959 0.025148
v -0.009177 0.005773 0.016113
v -0.009107 0.005864 0.018515
v -0.009099 0.006078 0.018513
v -0.008329 0.005672 0.024586
v -0.008388 0.005702 0.024345
v -0.008338 0.005459 0.024560
v -0.008447 0.005734 0.024089
v -0.008602 0.005603 0.023346
v -0.008547 0.005789 0.023612
v -0.008797 0.005721 0.022134
v -0.008789 0.005934 0.022150
v -0.008938 0.005805 0.020924
v -0.008906 0.006005 0.021173
v -0.008930 0.006019 0.020935
v -0.009040 0.006070 0.019580
v -0.009089 0.006079 0.018726
v -0.008142 0.005578 0.025271
v -0.007989 0.005289 0.025759
v -0.008035 0.005528 0.025618
v -0.007514 0.005099 0.026941
v -0.007522 0.005322 0.026926
v -0.007979 0.005502 0.025788
v -0.006852 0.004894 0.028042
v -0.006833 0.005113 0.028073
v -0.007206 0.004998 0.027507
v -0.007188 0.005215 0.027538
v -0.007499 0.005315 0.026972
v -0.001349 0.004296 0.031126
v -0.001871 0.004321 0.031054
v -0.002624 0.004170 0.030845
v -0.002623 0.004376 0.030896
v -0.003245 0.004229 0.030665
v -0.003379 0.004454 0.030663
v -0.003853 0.004302 0.030435
v -0.003434 0.004461 0.030643
v -0.004442 0.004389 0.030153
v -0.004432 0.004607 0.030189
v -0.004442 0.004609 0.030183
v -0.004523 0.004622 0.030138
v -0.004997 0.004481 0.029821
v -0.004721 0.004655 0.030022
v -0.005518 0.004579 0.029442
v -0.005501 0.004799 0.029473
v -0.006005 0.004682 0.029015
v -0.005848 0.004871 0.029176
v -0.006452 0.004788 0.028546
v -0.006433 0.005008 0.028576
v -0.006792 0.005101 0.028130
v -0.004625 0.008124 0.003340
v -0.004619 0.008254 0.003517
v -0.004003 0.008262 0.003222
v -0.003974 0.008395 0.003396
v -0.002766 0.008438 0.003073
v -0.000300 0.008689 0.003145
v -0.000300 0.008560 0.002967
v -0.001535 0.008656 0.003173
v -0.001536 0.008529 0.002996
v -0.002293 0.008608 0.003214
v -0.002764 0.008566 0.003251
v -0.008044 0.006264 0.005517
v -0.007876 0.006436 0.005291
v -0.007724 0.006441 0.004940
v -0.007303 0.006948 0.004716
v -0.007321 0.006797 0.004555
v -0.007204 0.007025 0.004638
v -0.006866 0.007134 0.004223
v -0.006851 0.007277 0.004390
v -0.006362 0.007442 0.003937
v -0.006283 0.007616 0.004076
v -0.005810 0.007715 0.003694
v -0.005800 0.007849 0.003868
v -0.005232 0.007941 0.003496
v -0.005195 0.008082 0.003664
v -0.004915 0.008172 0.003587
v -0.009071 0.005399 0.010301
v -0.009131 0.005280 0.011311
v -0.009144 0.005613 0.012315
v -0.009180 0.005555 0.013714
v -0.009167 0.005766 0.013656
v -0.008706 0.005516 0.007092
v -0.008737 0.005300 0.007035
v -0.008805 0.005416 0.007567
v -0.008855 0.005178 0.007654
v -0.008952 0.005327 0.008654
v -0.008939 0.005119 0.008272
v -0.008974 0.005326 0.008883
v -0.008999 0.005105 0.008885
v -0.009080 0.005163 0.010102
v -0.008572 0.005667 0.006613
v -0.008361 0.005913 0.006073
v -0.008353 0.005763 0.005881
v -0.008069 0.006088 0.005380
v -0.008045 0.005980 0.005323
v -0.008328 0.005650 0.005833
v -0.008273 0.005536 0.005799
v -0.008493 0.005260 0.006381
v -0.008409 0.005159 0.006372
v -0.008568 0.004963 0.006996
v -0.008465 0.004890 0.007002
v -0.008202 0.004886 0.006817
v -0.007700 0.006337 0.004876
v -0.007992 0.005869 0.005282
v -0.008193 0.005435 0.005784
v -0.008308 0.005083 0.006377
v -0.008098 0.005013 0.006420
v -0.008574 0.005494 0.006441
v -0.008549 0.005375 0.006405
v -0.008711 0.005178 0.007013
v -0.008653 0.005062 0.006999
v -0.008769 0.004940 0.007638
v -0.002599 0.003987 0.030698
v -0.003213 0.004040 0.030522
v -0.003815 0.004106 0.030296
v -0.004398 0.004186 0.030020
v -0.004946 0.004272 0.029694
v -0.005462 0.004366 0.029321
v -0.005943 0.004467 0.028902
v -0.006385 0.004572 0.028440
v -0.006779 0.004677 0.027945
v -0.007127 0.004782 0.027418
v -0.007431 0.004884 0.026861
v -0.007899 0.005076 0.025696
v -0.008245 0.005245 0.024509
v -0.008507 0.005389 0.023306
v -0.008701 0.005505 0.022103
v -0.008841 0.005588 0.020903
v -0.009011 0.005646 0.018512
v -0.008894 0.005404 0.016135
v -0.009081 0.005554 0.016127
v -0.008898 0.005183 0.013759
v -0.009086 0.005334 0.013740
v -0.008849 0.004901 0.011364
v -0.009038 0.005055 0.011340
v -0.008799 0.004778 0.010150
v -0.008989 0.004934 0.010126
v -0.008910 0.004872 0.008897
v -0.008851 0.004883 0.008272
v -0.009168 0.005979 0.015983
v -0.009173 0.005929 0.015321
v -0.009167 0.005769 0.013690
v -0.008692 0.005282 0.015186
v -0.008684 0.005358 0.016136
v -0.008620 0.005451 0.018394
v -0.008504 0.004662 0.008936
v -0.008534 0.004674 0.009328
v -0.008636 0.004854 0.011376
v -0.008643 0.004880 0.011599
v -0.008687 0.005136 0.013767
v 0.008570 0.005794 0.013918
v 0.008567 0.005987 0.016098
v 0.008577 0.005773 0.016113
v 0.006915 0.005711 0.005141
v 0.006715 0.005917 0.004877
v 0.006893 0.006034 0.004813
v 0.006326 0.006268 0.004477
v 0.006508 0.006384 0.004423
v 0.000936 0.008529 0.002996
v 0.007100 0.006337 0.004876
v 0.007124 0.006441 0.004940
v 0.007469 0.006088 0.005380
v 0.007051 0.006228 0.004831
v 0.006653 0.006586 0.004441
v 0.000694 0.003843 0.030500
v 0.000717 0.003832 0.030707
v 0.000569 0.004290 0.031144
v 0.000749 0.004095 0.031070
v 0.000930 0.008312 0.002883
v 0.002154 0.008221 0.002959
v 0.006721 0.006797 0.004555
v 0.006266 0.007134 0.004223
v 0.006205 0.006924 0.004106
v 0.005762 0.007443 0.003937
v 0.005707 0.007231 0.003819
v 0.005210 0.007715 0.003694
v 0.005164 0.007502 0.003577
v 0.004632 0.007941 0.003496
v 0.004594 0.007727 0.003380
v 0.004025 0.008124 0.003340
v 0.003996 0.007909 0.003224
v 0.003403 0.008262 0.003222
v 0.003381 0.008046 0.003108
v 0.002166 0.008438 0.003073
v 0.000935 0.008656 0.003173
v 0.007445 0.005980 0.005323
v 0.007753 0.005764 0.005881
v 0.007565 0.006134 0.005703
v 0.007724 0.005955 0.005995
v 0.005749 0.007581 0.004108
v 0.006133 0.007354 0.004317
v 0.006703 0.006948 0.004716
v 0.006996 0.006700 0.004981
v 0.007444 0.006264 0.005517
v 0.001756 0.008603 0.003218
v 0.002164 0.008566 0.003251
v 0.003216 0.008424 0.003372
v 0.004019 0.008254 0.003517
v 0.004444 0.008132 0.003621
v 0.005038 0.007917 0.003808
v 0.005583 0.007668 0.004029
v 0.008255 0.005178 0.007654
v 0.008180 0.005439 0.007437
v 0.008338 0.005119 0.008272
v 0.008311 0.005340 0.008284
v 0.008399 0.005105 0.008885
v 0.008354 0.005327 0.008666
v 0.008480 0.005163 0.010102
v 0.000737 0.003920 0.030919
v 0.002024 0.004170 0.030845
v 0.001999 0.003987 0.030698
v 0.002645 0.004229 0.030665
v 0.006831 0.004884 0.026861
v 0.006914 0.005099 0.026941
v 0.006527 0.004782 0.027418
v 0.006606 0.004998 0.027507
v 0.006179 0.004677 0.027945
v 0.006252 0.004894 0.028042
v 0.005785 0.004572 0.028440
v 0.005852 0.004788 0.028546
v 0.005343 0.004467 0.028902
v 0.005405 0.004682 0.029015
v 0.004862 0.004366 0.029321
v 0.004918 0.004579 0.029442
v 0.004346 0.004272 0.029694
v 0.004397 0.004481 0.029821
v 0.003797 0.004185 0.030020
v 0.003842 0.004389 0.030153
v 0.003215 0.004106 0.030296
v 0.003253 0.004302 0.030435
v 0.002613 0.004040 0.030522
v 0.007389 0.005289 0.025759
v 0.007299 0.005076 0.025696
v 0.007738 0.005459 0.024560
v 0.007645 0.005245 0.024509
v 0.008002 0.005603 0.023346
v 0.007906 0.005389 0.023306
v 0.008196 0.005721 0.022134
v 0.008101 0.005505 0.022103
v 0.008337 0.005805 0.020924
v 0.008241 0.005588 0.020903
v 0.008507 0.005864 0.018515
v 0.008550 0.006039 0.017022
v 0.008411 0.005646 0.018512
v 0.007282 0.005458 0.026068
v 0.004926 0.004804 0.029453
v 0.005387 0.004902 0.029046
v 0.005618 0.004955 0.028813
v 0.005818 0.005004 0.028594
v 0.005833 0.005008 0.028576
v 0.007136 0.005399 0.026448
v 0.006899 0.005315 0.026972
v 0.006711 0.005253 0.027329
v 0.006233 0.005113 0.028073
v 0.005872 0.005017 0.028531
v 0.003677 0.004581 0.030272
v 0.003923 0.004622 0.030138
v 0.002642 0.004438 0.030711
v 0.002357 0.004407 0.030803
v 0.002023 0.004376 0.030896
v 0.000986 0.004306 0.031097
v 0.004901 0.004799 0.029473
v 0.004835 0.004785 0.029526
v 0.004383 0.004700 0.029854
v 0.008499 0.006078 0.018513
v 0.008427 0.006066 0.019772
v 0.008330 0.006019 0.020935
v 0.008175 0.005925 0.022249
v 0.007994 0.005816 0.023368
v 0.007785 0.005701 0.024356
v 0.007379 0.005502 0.025788
v 0.008294 0.005404 0.016135
v 0.008224 0.005498 0.018505
v 0.008018 0.005451 0.018443
v 0.008056 0.005442 0.020877
v 0.007848 0.005397 0.020854
v 0.008016 0.005452 0.018495
v 0.007121 0.004936 0.025614
v 0.007080 0.004974 0.025042
v 0.007463 0.005103 0.024445
v 0.007260 0.005064 0.024389
v 0.007723 0.005245 0.023256
v 0.007557 0.005226 0.023000
v 0.007916 0.005359 0.022065
v 0.007709 0.005316 0.022033
v 0.007842 0.005394 0.020911
v 0.006661 0.004746 0.026753
v 0.006560 0.004749 0.026464
v 0.006921 0.004900 0.025542
v 0.005208 0.004339 0.028733
v 0.005056 0.004325 0.028571
v 0.005639 0.004440 0.028284
v 0.005473 0.004422 0.028137
v 0.006023 0.004543 0.027804
v 0.005847 0.004520 0.027672
v 0.006364 0.004645 0.027293
v 0.005877 0.004528 0.027631
v 0.006469 0.004716 0.026653
v 0.001248 0.003864 0.030422
v 0.001951 0.003893 0.030488
v 0.001898 0.003901 0.030283
v 0.002551 0.003941 0.030313
v 0.002725 0.003969 0.030024
v 0.003138 0.004001 0.030092
v 0.003704 0.004072 0.029821
v 0.003599 0.004071 0.029627
v 0.004238 0.004153 0.029503
v 0.003895 0.004114 0.029458
v 0.004740 0.004243 0.029140
v 0.004602 0.004233 0.028966
v 0.004980 0.004309 0.028642
v 0.003335 0.007804 0.003109
v 0.002770 0.007702 0.003134
v 0.002129 0.007977 0.002962
v 0.002100 0.007785 0.003063
v 0.000918 0.008068 0.002886
v 0.000928 0.007874 0.002988
v 0.007354 0.005194 0.005992
v 0.007032 0.005582 0.005323
v 0.007224 0.005682 0.005265
v 0.006075 0.006713 0.004092
v 0.005929 0.006567 0.004168
v 0.005594 0.007012 0.003809
v 0.005528 0.006817 0.003925
v 0.005068 0.007274 0.003570
v 0.004960 0.007104 0.003659
v 0.004515 0.007493 0.003377
v 0.004534 0.007277 0.003504
v 0.003935 0.007670 0.003224
v 0.003988 0.007452 0.003349
v 0.003284 0.007615 0.003208
v 0.007498 0.005013 0.006420
v 0.007495 0.005355 0.005788
v 0.007316 0.005767 0.005262
v 0.007593 0.005435 0.005784
v 0.007673 0.005536 0.005799
v 0.007892 0.005260 0.006381
v 0.007949 0.005375 0.006405
v 0.008111 0.005178 0.007013
v 0.008137 0.005300 0.007035
v 0.008106 0.005516 0.007092
v 0.006979 0.006123 0.004809
v 0.007392 0.005869 0.005282
v 0.007728 0.005650 0.005833
v 0.007974 0.005494 0.006441
v 0.007925 0.005722 0.006474
v 0.007708 0.005083 0.006377
v 0.007809 0.005159 0.006372
v 0.007968 0.004963 0.006996
v 0.008053 0.005062 0.006999
v 0.008169 0.004940 0.007638
v 0.008251 0.004883 0.008272
v 0.008310 0.004872 0.008897
v 0.008389 0.004934 0.010126
v 0.008438 0.005055 0.011340
v 0.008531 0.005280 0.011311
v 0.008486 0.005334 0.013740
v 0.008580 0.005555 0.013714
v 0.008481 0.005554 0.016127
v 0.007646 0.004835 0.007016
v 0.007865 0.004890 0.007002
v 0.007763 0.004718 0.007676
v 0.007979 0.004773 0.007648
v 0.007821 0.004679 0.008105
v 0.008061 0.004719 0.008288
v 0.007936 0.004676 0.009359
v 0.008120 0.004711 0.008916
v 0.007985 0.004731 0.010165
v 0.008199 0.004778 0.010150
v 0.008039 0.004867 0.011488
v 0.008249 0.004901 0.011364
v 0.008087 0.005136 0.013766
v 0.008298 0.005183 0.013759
v 0.008091 0.005304 0.015441
v 0.008084 0.005358 0.016136
v 0.008460 0.005381 0.010084
v 0.008479 0.005413 0.010462
v 0.003620 0.005597 0.029707
v 0.004241 0.005597 0.029707
v 0.004048 0.005994 0.029659
v 0.003378 0.005992 0.029660
v -0.003980 0.005990 0.029660
v -0.004550 0.006152 0.029640
v -0.004220 0.005597 0.029707
v -0.004790 0.005718 0.029693
v -0.004841 0.005597 0.029707
v -0.003309 0.006631 0.029583
v -0.003675 0.007029 0.029535
v -0.003692 0.006317 0.029621
v -0.004075 0.006710 0.029573
v -0.004415 0.006339 0.029618
v 0.002897 0.007142 0.029521
v 0.002568 0.006722 0.029572
v 0.002929 0.007123 0.029524
v 0.002978 0.006422 0.029608
v 0.003349 0.006821 0.029560
v 0.003067 0.006341 0.029618
v 0.003712 0.006464 0.029603
v 0.003764 0.006403 0.029610
v 0.002839 0.007177 0.029517
v 0.002745 0.007229 0.029511
v 0.002091 0.006966 0.029543
v 0.002228 0.007463 0.029483
v 0.001500 0.007166 0.029519
v 0.001668 0.007636 0.029462
v 0.000838 0.007296 0.029503
v 0.001186 0.007735 0.029450
v 0.000540 0.007331 0.029499
v 0.000464 0.007817 0.029440
v -0.000300 0.007368 0.029494
v -0.000300 0.007842 0.029437
v -0.000865 0.007352 0.029496
v -0.001035 0.007819 0.029440
v -0.001627 0.007267 0.029506
v -0.001730 0.007744 0.029449
v -0.001828 0.007229 0.029511
v -0.002387 0.007605 0.029466
v -0.002431 0.007066 0.029531
v -0.002561 0.007555 0.029472
v -0.002967 0.006836 0.029558
v -0.003093 0.007354 0.029496
v -0.003579 0.007092 0.029528
v -0.005776 0.005889 0.028447
v -0.005723 0.005770 0.028981
v -0.005221 0.005770 0.028981
v -0.006261 0.005898 0.028407
v -0.005948 0.005930 0.028257
v -0.006385 0.005930 0.028257
v -0.005367 0.006398 0.028521
v -0.005080 0.006055 0.028947
v -0.005816 0.006224 0.028222
v -0.004332 0.007841 0.028028
v -0.004523 0.007718 0.028042
v -0.004544 0.007607 0.028143
v -0.004964 0.007367 0.028084
v -0.004665 0.007040 0.028580
v -0.005346 0.006960 0.028133
v -0.005525 0.006721 0.028162
v -0.002366 0.007897 0.028726
v -0.001714 0.008005 0.028713
v -0.001637 0.008038 0.028683
v -0.001026 0.008062 0.028706
v -0.001517 0.008415 0.028208
v -0.000300 0.008078 0.028704
v -0.000300 0.008365 0.028327
v -0.002928 0.008372 0.028000
v -0.003100 0.007929 0.028488
v -0.002980 0.007729 0.028746
v -0.003273 0.007619 0.028759
v -0.004996 0.006199 0.028930
v -0.004686 0.006622 0.028879
v -0.004311 0.006995 0.028834
v -0.004220 0.007069 0.028825
v -0.003771 0.007375 0.028789
v -0.003813 0.008108 0.027995
v -0.003249 0.008314 0.027971
v -0.002612 0.008470 0.027952
v -0.001886 0.008576 0.027939
v -0.001116 0.008628 0.027933
v -0.000300 0.008641 0.027931
v 0.005123 0.005770 0.028981
v 0.004621 0.005770 0.028981
v 0.004975 0.006113 0.028940
v 0.004373 0.006235 0.028925
v -0.005490 0.006277 0.028920
v -0.005189 0.006741 0.028865
v -0.005081 0.006876 0.028848
v -0.004693 0.007277 0.028800
v 0.002330 0.007746 0.028744
v 0.002632 0.008112 0.028700
v 0.002923 0.007507 0.028773
v 0.002989 0.007973 0.028717
v 0.003052 0.007441 0.028781
v 0.003509 0.007705 0.028749
v 0.003520 0.007146 0.028816
v 0.003693 0.007588 0.028763
v 0.003930 0.006792 0.028859
v 0.004131 0.007243 0.028804
v 0.004058 0.006654 0.028875
v 0.004509 0.006842 0.028852
v 0.004692 0.006598 0.028882
v -0.004246 0.007619 0.028759
v -0.004104 0.007708 0.028748
v -0.003548 0.007990 0.028715
v -0.002929 0.008207 0.028689
v -0.002591 0.008292 0.028678
v -0.001756 0.008429 0.028662
v -0.000791 0.008491 0.028654
v -0.000300 0.008496 0.028654
v 0.000423 0.008062 0.028706
v 0.000498 0.008480 0.028656
v 0.001306 0.007980 0.028716
v 0.001252 0.008418 0.028663
v 0.001668 0.007917 0.028723
v 0.001965 0.008298 0.028678
v 0.002424 0.008179 0.028692
v 0.001059 0.008597 0.027937
v -0.000014 0.008640 0.027932
v 0.000917 0.008415 0.028208
v 0.001958 0.008481 0.027951
v 0.001037 0.008038 0.028683
v 0.002328 0.008372 0.028000
v 0.002499 0.007929 0.028488
v 0.002991 0.008198 0.027985
v 0.002343 0.008398 0.027961
v 0.003778 0.007812 0.028031
v 0.003944 0.007607 0.028143
v 0.004236 0.007480 0.028071
v 0.004065 0.007040 0.028580
v 0.004640 0.007086 0.028118
v 0.004789 0.006906 0.028140
v 0.004812 0.005809 0.028810
v 0.004767 0.006398 0.028521
v 0.005100 0.006441 0.028196
v 0.005348 0.005930 0.028257
v 0.003573 0.007931 0.028017
v 0.005261 0.005801 0.028845
v 0.005785 0.005930 0.028257
v 0.003962 0.008187 0.027986
v 0.005065 0.007229 0.028101
v 0.004670 0.007655 0.028050
v 0.004215 0.008024 0.028006
v 0.005580 0.006415 0.028199
v 0.005279 0.006939 0.028136
v 0.003428 0.008463 0.027953
v 0.002849 0.008678 0.027927
v 0.002069 0.008866 0.027904
v -0.006148 0.006479 0.028191
v -0.005848 0.006984 0.028130
v -0.005671 0.007222 0.028102
v -0.005273 0.007652 0.028050
v -0.004822 0.008019 0.028006
v -0.004549 0.008195 0.027985
v -0.003975 0.008486 0.027950
v -0.003339 0.008710 0.027923
v -0.002933 0.008813 0.027911
v -0.002145 0.008945 0.027895
v -0.001128 0.009019 0.027886
v -0.000300 0.009030 0.027885
v 0.001323 0.008968 0.027892
v 0.000535 0.009018 0.027886
v 0.005903 0.006077 0.027534
v 0.006299 0.006077 0.027534
v 0.006334 0.006211 0.026813
v 0.006521 0.006148 0.027160
v 0.006702 0.006211 0.026813
v 0.006097 0.006587 0.027473
v 0.005657 0.006627 0.027468
v 0.005980 0.006825 0.027444
v 0.005656 0.007360 0.027380
v -0.006503 0.006077 0.027534
v -0.006899 0.006077 0.027534
v -0.006734 0.006503 0.027483
v 0.005347 0.007133 0.027408
v 0.005186 0.007345 0.027382
v 0.005271 0.007836 0.027323
v 0.004791 0.007768 0.027331
v 0.005049 0.008058 0.027296
v -0.006257 0.006627 0.027468
v -0.006444 0.007069 0.027415
v -0.005947 0.007133 0.027408
v -0.006089 0.007583 0.027353
v -0.005786 0.007345 0.027382
v 0.002203 0.009334 0.027143
v 0.002866 0.009197 0.027160
v 0.002472 0.008899 0.027195
v -0.005391 0.007768 0.027331
v -0.005718 0.007992 0.027304
v -0.004942 0.008128 0.027288
v -0.005265 0.008375 0.027258
v -0.004673 0.008299 0.027267
v -0.004756 0.008699 0.027219
v -0.004100 0.008584 0.027233
v -0.004378 0.008885 0.027197
v -0.003465 0.008803 0.027207
v -0.003774 0.009110 0.027170
v -0.003072 0.008899 0.027195
v 0.004588 0.008430 0.027252
v 0.004341 0.008128 0.027288
v 0.004075 0.008742 0.027214
v 0.004073 0.008299 0.027267
v 0.003491 0.009002 0.027183
v 0.003500 0.008584 0.027233
v 0.002865 0.008803 0.027207
v 0.001503 0.009421 0.027133
v 0.001674 0.009028 0.027180
v 0.000834 0.009465 0.027127
v 0.000875 0.009092 0.027172
v 0.000619 0.009102 0.027171
v -0.003130 0.009274 0.027150
v -0.002971 0.009305 0.027147
v -0.002274 0.009028 0.027180
v -0.002138 0.009418 0.027133
v -0.001475 0.009092 0.027172
v -0.001251 0.009472 0.027127
v -0.001219 0.009102 0.027171
v -0.000766 0.009111 0.027170
v -0.000324 0.009482 0.027125
v -0.000300 0.009113 0.027170
v -0.000300 0.009482 0.027125
v -0.000249 0.009482 0.027125
v 0.000242 0.009480 0.027126
v 0.005684 0.006985 0.027142
v -0.000049 0.009518 0.026416
v -0.000300 0.009518 0.026416
v -0.000300 0.009320 0.026796
v -0.000004 0.009441 0.026567
v 0.000666 0.009329 0.026761
v 0.000930 0.009499 0.026418
v 0.001676 0.009450 0.026424
v 0.002189 0.009389 0.026432
v 0.002383 0.009358 0.026435
v 0.002713 0.008901 0.027112
v 0.003050 0.009216 0.026452
v 0.003373 0.009080 0.026533
v 0.003678 0.009013 0.026477
v 0.003805 0.008465 0.027223
v 0.003924 0.008910 0.026489
v 0.004450 0.008633 0.026522
v 0.004478 0.008570 0.026590
v 0.004927 0.008293 0.026563
v 0.004811 0.007834 0.027239
v 0.005157 0.008089 0.026588
v 0.005559 0.007647 0.026641
v 0.005389 0.007850 0.026616
v 0.006301 0.006303 0.026802
v 0.006038 0.006901 0.026730
v 0.005902 0.007145 0.026701
v -0.007302 0.006211 0.026813
v -0.006935 0.006211 0.026813
v -0.007243 0.006384 0.026792
v -0.006693 0.006791 0.026744
v -0.006978 0.007014 0.026717
v 0.002589 0.009688 0.026396
v 0.003336 0.009514 0.026416
v 0.003535 0.009452 0.026424
v 0.004157 0.009207 0.026453
v 0.004720 0.008898 0.026490
v 0.005126 0.008605 0.026526
v 0.005567 0.008195 0.026575
v 0.005954 0.007723 0.026632
v 0.006171 0.007393 0.026671
v 0.006467 0.006824 0.026740
v -0.006833 0.007286 0.026684
v -0.006390 0.007326 0.026679
v -0.006486 0.007816 0.026620
v -0.006213 0.007577 0.026649
v -0.006081 0.008285 0.026564
v -0.005990 0.007850 0.026616
v -0.005825 0.008023 0.026596
v -0.005822 0.008525 0.026535
v -0.005384 0.008406 0.026550
v -0.005339 0.008885 0.026492
v -0.005060 0.008627 0.026523
v -0.004807 0.009184 0.026456
v -0.004504 0.008919 0.026488
v -0.004495 0.009321 0.026440
v -0.003886 0.009149 0.026460
v -0.003864 0.009534 0.026414
v -0.003755 0.009187 0.026456
v -0.003194 0.009687 0.026396
v -0.002976 0.009359 0.026435
v -0.002486 0.009789 0.026383
v -0.002788 0.009389 0.026432
v -0.001740 0.009847 0.026377
v -0.002061 0.009468 0.026422
v -0.001429 0.009860 0.026375
v -0.000852 0.009516 0.026416
v -0.001043 0.009870 0.026374
v -0.000758 0.009873 0.026373
v 0.000439 0.009870 0.026374
v 0.000527 0.009868 0.026374
v 0.001706 0.009807 0.026381
v -0.000296 0.009874 0.026373
v -0.000300 0.009874 0.026373
v -0.000303 0.009874 0.026373
v 0.000207 0.009872 0.026373
v -0.000201 0.009874 0.026373
v -0.000289 0.009874 0.026373
v -0.000377 0.009874 0.026373
v -0.000529 0.009874 0.026373
v -0.000588 0.009874 0.026373
v 0.006922 0.006442 0.025375
v 0.007016 0.006332 0.026094
v 0.007258 0.006442 0.025375
v 0.006668 0.006332 0.026094
v -0.007268 0.006332 0.026094
v -0.007522 0.006442 0.025375
v -0.007616 0.006332 0.026094
v -0.007858 0.006442 0.025375
v -0.003928 0.009536 0.025709
v -0.003251 0.009687 0.025691
v -0.003041 0.009830 0.025446
v -0.007004 0.007647 0.025231
v -0.007289 0.007069 0.025300
v -0.006925 0.007322 0.025812
v -0.007161 0.006631 0.026058
v -0.006815 0.007952 0.025194
v -0.006585 0.008245 0.025191
v -0.006452 0.008425 0.025137
v -0.005084 0.009461 0.025013
v -0.005625 0.009150 0.025050
v -0.005566 0.009022 0.025370
v -0.006034 0.008838 0.025088
v -0.005964 0.008450 0.025839
v -0.006169 0.008247 0.025864
v -0.006377 0.008009 0.025892
v -0.003533 0.009958 0.024953
v -0.004293 0.009769 0.024976
v -0.004346 0.009543 0.025444
v -0.004479 0.009709 0.024983
v -0.002908 0.010057 0.024941
v -0.001826 0.009962 0.025390
v -0.001868 0.010147 0.024930
v -0.001372 0.010166 0.024928
v -0.002533 0.009786 0.025679
v -0.001775 0.009843 0.025672
v -0.001641 0.009849 0.025671
v -0.001195 0.009863 0.025669
v -0.000632 0.010178 0.024927
v -0.000576 0.009870 0.025669
v -0.000300 0.009870 0.025669
v -0.000300 0.010029 0.025299
v -0.000300 0.010179 0.024927
v -0.005718 0.008662 0.025814
v -0.005232 0.008996 0.025774
v -0.004699 0.009268 0.025741
v -0.004562 0.009325 0.025734
v -0.006876 0.007253 0.025983
v -0.006730 0.007509 0.025952
v 0.006834 0.006848 0.026032
v 0.006432 0.006936 0.026021
v -0.006387 0.008522 0.025831
v -0.005941 0.008933 0.025781
v -0.005673 0.009132 0.025757
v 0.002447 0.010072 0.025644
v 0.002649 0.009687 0.025691
v 0.002000 0.009779 0.025680
v -0.005125 0.009456 0.025718
v -0.004896 0.009565 0.025705
v -0.004518 0.009717 0.025687
v -0.004277 0.009798 0.025677
v -0.003541 0.009986 0.025655
v -0.006778 0.008053 0.025887
v -0.007102 0.007546 0.025948
v 0.003420 0.009510 0.025712
v 0.003198 0.009929 0.025662
v 0.003580 0.009461 0.025718
v 0.003836 0.009746 0.025684
v 0.004195 0.009225 0.025746
v 0.004430 0.009503 0.025713
v 0.004748 0.008925 0.025782
v 0.004790 0.009311 0.025736
v 0.005132 0.008651 0.025815
v 0.005300 0.008965 0.025777
v 0.005564 0.008252 0.025863
v 0.005751 0.008559 0.025826
v 0.005943 0.007792 0.025918
v 0.006083 0.008179 0.025872
v 0.006139 0.007493 0.025954
v 0.006448 0.007640 0.025937
v 0.006756 0.007034 0.026009
v -0.007387 0.006962 0.026018
v -0.002678 0.010119 0.025639
v -0.002381 0.010149 0.025635
v -0.001553 0.010198 0.025629
v 0.000837 0.009857 0.025670
v -0.000027 0.009870 0.025669
v 0.000019 0.010215 0.025627
v 0.000621 0.010208 0.025628
v 0.000675 0.010207 0.025628
v 0.001588 0.010164 0.025633
v -0.000616 0.010215 0.025627
v -0.000573 0.010216 0.025627
v -0.000390 0.010216 0.025627
v -0.000300 0.010216 0.025627
v 0.000013 0.010215 0.025627
v -0.001159 0.010209 0.025628
v -0.000805 0.010214 0.025627
v 0.001226 0.009962 0.025390
v 0.003746 0.009543 0.025444
v 0.006127 0.008079 0.025179
v 0.005985 0.008245 0.025191
v 0.006325 0.007322 0.025812
v 0.005742 0.008545 0.025123
v 0.001565 0.010129 0.024933
v 0.002441 0.009830 0.025446
v 0.002353 0.010052 0.024942
v 0.003095 0.009925 0.024957
v 0.004066 0.009641 0.024991
v 0.003961 0.009680 0.024986
v 0.003792 0.009738 0.024979
v 0.004521 0.009442 0.025015
v 0.004966 0.009022 0.025370
v 0.005300 0.008949 0.025074
v 0.005035 0.009143 0.025051
v 0.006630 0.007203 0.025284
v 0.006311 0.007803 0.025212
v 0.001033 0.010158 0.024929
v 0.000028 0.010178 0.024927
v 0.006516 0.008094 0.025177
v 0.007026 0.007101 0.025296
v 0.006741 0.007712 0.025223
v -0.007705 0.006896 0.025321
v -0.007411 0.007578 0.025239
v -0.007283 0.007818 0.025210
v 0.006150 0.008588 0.025118
v 0.005730 0.009025 0.025065
v 0.005241 0.009412 0.025019
v 0.004690 0.009737 0.024980
v 0.004076 0.009999 0.024948
v 0.003822 0.010084 0.024938
v 0.003071 0.010275 0.024915
v 0.002198 0.010410 0.024899
v 0.001034 0.010494 0.024889
v -0.006931 0.008361 0.025145
v -0.006520 0.008842 0.025087
v -0.006274 0.009076 0.025059
v -0.005793 0.009445 0.025015
v -0.005262 0.009751 0.024978
v -0.004803 0.009952 0.024954
v -0.004157 0.010161 0.024929
v -0.003469 0.010314 0.024910
v -0.003291 0.010344 0.024907
v -0.002368 0.010451 0.024894
v -0.001373 0.010503 0.024888
v -0.000300 0.010516 0.024886
v 0.000207 0.010514 0.024886
v 0.000944 0.010498 0.024888
v 0.000979 0.010497 0.024888
v 0.007299 0.006631 0.023943
v 0.007217 0.006587 0.024302
v 0.007626 0.006631 0.023943
v 0.007128 0.006541 0.024658
v 0.007458 0.006541 0.024658
v -0.003904 0.010159 0.024224
v -0.004679 0.009934 0.024251
v -0.004947 0.010185 0.024221
v -0.004918 0.009842 0.024262
v -0.005386 0.009991 0.024244
v -0.005486 0.009566 0.024295
v -0.005917 0.009686 0.024281
v -0.005904 0.009296 0.024328
v -0.006398 0.009317 0.024325
v 0.006417 0.008653 0.024405
v 0.006040 0.008608 0.024410
v 0.005995 0.009133 0.024347
v 0.005633 0.009028 0.024360
v 0.005738 0.009369 0.024319
v 0.005393 0.009229 0.024336
v 0.005252 0.009729 0.024276
v -0.007728 0.006541 0.024658
v -0.008058 0.006541 0.024658
v -0.007484 0.007202 0.024579
v -0.007856 0.007129 0.024588
v -0.007185 0.007814 0.024506
v -0.007543 0.007822 0.024505
v -0.007430 0.008030 0.024480
v 0.007231 0.007191 0.024580
v 0.006884 0.007202 0.024579
v 0.006914 0.007878 0.024498
v 0.006585 0.007814 0.024506
v 0.006789 0.008100 0.024471
v 0.006394 0.008130 0.024468
v 0.006121 0.008510 0.024422
v -0.005993 0.009229 0.024336
v -0.006233 0.009028 0.024360
v -0.006646 0.009082 0.024353
v -0.007062 0.008593 0.024412
v -0.006640 0.008608 0.024410
v -0.006721 0.008510 0.024422
v -0.006995 0.008130 0.024468
v 0.005304 0.009296 0.024328
v 0.004885 0.009566 0.024295
v 0.004715 0.010026 0.024240
v 0.004318 0.009842 0.024262
v 0.004202 0.010240 0.024214
v 0.004079 0.009934 0.024251
v 0.003538 0.010442 0.024190
v 0.003304 0.010159 0.024224
v 0.002831 0.010587 0.024172
v 0.002427 0.010313 0.024205
v 0.001869 0.010704 0.024158
v 0.001547 0.010398 0.024195
v 0.000824 0.010763 0.024151
v 0.000178 0.010446 0.024189
v -0.000300 0.010778 0.024150
v -0.000300 0.010448 0.024189
v -0.000779 0.010446 0.024189
v -0.004298 0.010400 0.024195
v -0.003605 0.010557 0.024176
v -0.003027 0.010313 0.024205
v -0.003351 0.010600 0.024171
v -0.002147 0.010398 0.024195
v -0.002407 0.010709 0.024158
v -0.001391 0.010764 0.024151
v -0.007817 0.006587 0.024302
v -0.007899 0.006631 0.023943
v -0.008226 0.006631 0.023943
v -0.001247 0.010535 0.023899
v -0.002419 0.010446 0.023993
v -0.006204 0.009342 0.023617
v -0.006115 0.009330 0.023846
v -0.005723 0.009690 0.023575
v -0.007677 0.007244 0.023869
v -0.007417 0.007536 0.024277
v -0.007572 0.007486 0.023840
v -0.006869 0.008655 0.023699
v -0.007241 0.008116 0.023764
v -0.007357 0.007915 0.023788
v -0.006447 0.009124 0.023643
v -0.003988 0.010377 0.023493
v -0.003716 0.010275 0.023997
v -0.003278 0.010510 0.023477
v -0.002533 0.010599 0.023466
v -0.004996 0.009924 0.023946
v -0.001458 0.010665 0.023458
v -0.000300 0.010683 0.023456
v -0.000300 0.010569 0.023824
v -0.004655 0.010187 0.023515
v -0.005190 0.009975 0.023541
v 0.001819 0.010446 0.023993
v 0.006817 0.007536 0.024277
v 0.005847 0.009124 0.023643
v 0.005604 0.009342 0.023617
v 0.005515 0.009330 0.023846
v 0.005122 0.009690 0.023575
v 0.000858 0.010665 0.023458
v 0.000647 0.010535 0.023899
v 0.001933 0.010599 0.023466
v 0.003116 0.010275 0.023997
v 0.002678 0.010510 0.023477
v 0.003388 0.010377 0.023493
v 0.004396 0.009924 0.023946
v 0.004590 0.009975 0.023541
v 0.004055 0.010187 0.023515
v 0.006269 0.008655 0.023699
v 0.006972 0.007486 0.023840
v 0.006757 0.007915 0.023788
v 0.006641 0.008116 0.023764
v 0.007077 0.007244 0.023869
v -0.007988 0.007307 0.023861
v 0.005704 0.009671 0.023578
v 0.007379 0.007331 0.023859
v -0.007440 0.008393 0.023731
v -0.007700 0.007938 0.023786
v 0.006023 0.009396 0.023611
v 0.006446 0.008941 0.023665
v 0.006817 0.008429 0.023727
v 0.007077 0.007983 0.023780
v -0.001390 0.010991 0.023419
v -0.002672 0.010911 0.023429
v -0.003635 0.010779 0.023444
v -0.004418 0.010599 0.023466
v -0.004687 0.010517 0.023476
v -0.005335 0.010262 0.023506
v -0.005915 0.009947 0.023544
v -0.006244 0.009718 0.023572
v -0.006708 0.009313 0.023621
v -0.007122 0.008846 0.023677
v -0.007357 0.008521 0.023716
v 0.005551 0.009786 0.023564
v 0.005180 0.010029 0.023534
v 0.004598 0.010323 0.023499
v 0.004231 0.010467 0.023482
v 0.003512 0.010679 0.023456
v 0.002608 0.010847 0.023436
v 0.001503 0.010957 0.023423
v 0.000098 0.011005 0.023417
v -0.000300 0.011008 0.023417
v -0.001050 0.011000 0.023418
v 0.007442 0.006710 0.023228
v 0.007766 0.006710 0.023228
v 0.007504 0.006747 0.022872
v 0.007882 0.006780 0.022515
v 0.007561 0.006780 0.022515
v -0.001125 0.010876 0.022728
v -0.001485 0.010928 0.022475
v -0.002440 0.010806 0.022736
v -0.004182 0.010691 0.022045
v -0.004086 0.010622 0.022468
v -0.003469 0.010841 0.022027
v -0.007974 0.007302 0.022452
v -0.008161 0.006780 0.022515
v -0.007790 0.007395 0.023146
v -0.008104 0.006747 0.022872
v -0.008042 0.006710 0.023228
v -0.007651 0.008009 0.022367
v -0.007483 0.008032 0.023069
v -0.007517 0.008252 0.022338
v -0.007250 0.008419 0.023023
v -0.007142 0.008819 0.022270
v -0.007070 0.008722 0.022864
v -0.006765 0.009162 0.022580
v -0.006717 0.009313 0.022210
v -0.006400 0.009575 0.022298
v -0.006439 0.009573 0.022179
v -0.006172 0.009598 0.022881
v -0.005648 0.009947 0.022839
v -0.005948 0.009941 0.022135
v -0.005062 0.010235 0.022805
v -0.005406 0.010247 0.022098
v -0.004853 0.010483 0.022070
v -0.004758 0.010352 0.022791
v -0.004032 0.010564 0.022765
v -0.003444 0.010681 0.022751
v -0.002498 0.010968 0.022012
v -0.000300 0.011060 0.022000
v -0.001434 0.011039 0.022003
v -0.000300 0.010887 0.022726
v -0.000300 0.010977 0.022365
v -0.006882 0.008915 0.022963
v -0.006462 0.009354 0.022911
v -0.008366 0.006710 0.023228
v -0.008482 0.006780 0.022515
v -0.007673 0.008325 0.023034
v -0.007273 0.008927 0.022962
v 0.007028 0.008402 0.023025
v 0.007377 0.007739 0.023104
v 0.007190 0.007395 0.023146
v 0.007630 0.007117 0.023179
v -0.006877 0.009387 0.022907
v -0.006411 0.009810 0.022856
v -0.006344 0.009862 0.022849
v -0.005887 0.010172 0.022812
v -0.005447 0.010408 0.022784
v -0.008017 0.007651 0.023115
v -0.008270 0.007003 0.023193
v -0.004828 0.010663 0.022753
v -0.004167 0.010858 0.022730
v -0.004065 0.010882 0.022727
v -0.003216 0.011038 0.022708
v -0.002304 0.011137 0.022696
v -0.001332 0.011190 0.022690
v -0.000300 0.011206 0.022688
v 0.000525 0.010876 0.022728
v 0.000749 0.011189 0.022690
v 0.001840 0.010806 0.022736
v 0.001737 0.011134 0.022697
v 0.002844 0.010681 0.022751
v 0.002663 0.011031 0.022709
v 0.003432 0.010564 0.022765
v 0.003466 0.010882 0.022727
v 0.004158 0.010352 0.022791
v 0.004137 0.010694 0.022750
v 0.004461 0.010235 0.022805
v 0.004765 0.010446 0.022779
v 0.005048 0.009947 0.022839
v 0.005206 0.010220 0.022807
v 0.005572 0.009598 0.022881
v 0.005738 0.009867 0.022849
v 0.005862 0.009354 0.022911
v 0.006211 0.009454 0.022899
v 0.006282 0.008915 0.022963
v 0.006622 0.008991 0.022954
v 0.006650 0.008419 0.023023
v 0.006883 0.008032 0.023069
v 0.000885 0.010928 0.022475
v 0.003486 0.010622 0.022468
v 0.007374 0.007302 0.022452
v 0.002869 0.010841 0.022027
v 0.003582 0.010691 0.022045
v 0.000834 0.011039 0.022003
v 0.001898 0.010968 0.022012
v 0.004253 0.010483 0.022070
v 0.004806 0.010247 0.022098
v 0.006917 0.008252 0.022338
v 0.006542 0.008819 0.022270
v 0.006470 0.008722 0.022864
v 0.006117 0.009313 0.022210
v 0.006165 0.009162 0.022580
v 0.005839 0.009573 0.022179
v 0.005800 0.009575 0.022298
v 0.005347 0.009941 0.022135
v 0.007051 0.008009 0.022367
v -0.008230 0.007489 0.022430
v -0.007925 0.008150 0.022350
v 0.007707 0.007293 0.022453
v -0.007562 0.008761 0.022277
v -0.007516 0.008829 0.022269
v -0.007120 0.009334 0.022208
v -0.006673 0.009780 0.022154
v -0.006306 0.010072 0.022119
v -0.005739 0.010427 0.022077
v -0.005109 0.010720 0.022041
v -0.004752 0.010850 0.022026
v 0.007626 0.007500 0.022428
v 0.007314 0.008171 0.022348
v 0.007031 0.008656 0.022289
v 0.006652 0.009179 0.022227
v 0.006222 0.009643 0.022171
v 0.005865 0.009953 0.022134
v 0.005321 0.010324 0.022089
v 0.005100 0.010448 0.022074
v 0.004717 0.010633 0.022052
v 0.004328 0.010788 0.022033
v 0.003603 0.011008 0.022007
v -0.004002 0.011055 0.022001
v -0.003089 0.011216 0.021982
v -0.000300 0.011376 0.021963
v -0.001928 0.011329 0.021968
v -0.000904 0.011369 0.021963
v 0.002975 0.011140 0.021991
v 0.002674 0.011190 0.021985
v 0.001606 0.011309 0.021971
v 0.001440 0.011321 0.021969
v 0.000059 0.011373 0.021963
v 0.007979 0.006839 0.021803
v 0.007659 0.006839 0.021803
v 0.007719 0.007562 0.021716
v 0.007512 0.007256 0.021752
v 0.007405 0.008236 0.021635
v -0.005746 0.010210 0.021398
v -0.006289 0.009851 0.021441
v -0.006678 0.009932 0.021431
v -0.006613 0.009579 0.021473
v -0.007143 0.009482 0.021485
v -0.007042 0.009132 0.021527
v -0.007550 0.008977 0.021546
v -0.007420 0.008626 0.021588
v -0.007952 0.008335 0.021623
v -0.007681 0.008193 0.021640
v -0.008298 0.007614 0.021710
v -0.007997 0.007541 0.021718
v -0.008450 0.007223 0.021756
v -0.008259 0.006839 0.021803
v -0.008579 0.006839 0.021803
v 0.007191 0.007984 0.021665
v 0.007061 0.008229 0.021636
v 0.007072 0.008800 0.021567
v 0.006688 0.008817 0.021565
v 0.006890 0.009060 0.021536
v 0.006628 0.008899 0.021555
v 0.006684 0.009321 0.021504
v 0.006265 0.009331 0.021503
v 0.006243 0.009785 0.021449
v 0.005980 0.009609 0.021470
v 0.005869 0.010100 0.021411
v 0.005492 0.009993 0.021424
v 0.005310 0.010471 0.021366
v 0.004951 0.010315 0.021385
v 0.004689 0.010780 0.021329
v 0.004456 0.010543 0.021358
v 0.004300 0.010933 0.021311
v 0.003565 0.011150 0.021285
v -0.006155 0.010321 0.021384
v -0.005669 0.010602 0.021350
v -0.005139 0.010508 0.021362
v -0.005051 0.010877 0.021317
v -0.004813 0.010635 0.021347
v -0.004748 0.010984 0.021305
v -0.004097 0.010847 0.021321
v 0.003795 0.010769 0.021331
v 0.003093 0.010935 0.021310
v 0.002605 0.011334 0.021263
v 0.002833 0.010983 0.021305
v 0.001509 0.011454 0.021248
v 0.001850 0.011113 0.021289
v 0.001259 0.011472 0.021246
v 0.000806 0.011184 0.021281
v -0.000129 0.011518 0.021240
v -0.000300 0.011207 0.021278
v -0.000300 0.011519 0.021240
v -0.000549 0.011205 0.021278
v -0.001323 0.011499 0.021243
v -0.001919 0.011156 0.021284
v -0.002292 0.011439 0.021250
v -0.002074 0.011145 0.021285
v -0.003208 0.011333 0.021263
v -0.003155 0.011027 0.021299
v -0.004066 0.011173 0.021282
v -0.004389 0.011092 0.021292
v -0.008302 0.006864 0.021448
v -0.008340 0.006886 0.021092
v -0.008659 0.006886 0.021092
v -0.004241 0.010876 0.020922
v -0.001319 0.011306 0.020561
v -0.001596 0.011221 0.021017
v -0.000300 0.011327 0.020558
v -0.007769 0.008222 0.020931
v -0.007976 0.007812 0.020981
v -0.008109 0.007508 0.021017
v -0.007287 0.008886 0.021278
v -0.007375 0.008856 0.020855
v -0.006021 0.010159 0.020699
v -0.006535 0.009777 0.020745
v -0.006547 0.009762 0.020773
v -0.006552 0.009763 0.020746
v -0.006990 0.009335 0.020798
v -0.004960 0.010692 0.020635
v -0.005378 0.010403 0.021362
v -0.004308 0.010904 0.020609
v -0.004054 0.010968 0.020602
v -0.003199 0.011133 0.020582
v -0.002286 0.011243 0.020568
v -0.002972 0.011166 0.020578
v -0.000300 0.011270 0.020919
v -0.005506 0.010452 0.020664
v -0.005569 0.010420 0.020667
v 0.006687 0.008886 0.021278
v 0.005163 0.010315 0.020680
v 0.004906 0.010452 0.020664
v 0.004778 0.010403 0.021362
v 0.003480 0.010962 0.020602
v 0.002520 0.011145 0.020580
v 0.003641 0.010876 0.020922
v 0.001425 0.011265 0.020566
v 0.001205 0.011280 0.020564
v 0.000996 0.011221 0.021017
v 0.004547 0.010617 0.020644
v 0.004207 0.010749 0.020628
v 0.003688 0.010909 0.020609
v 0.006770 0.008862 0.020855
v 0.006493 0.009217 0.020812
v 0.006058 0.009669 0.020758
v 0.005947 0.009762 0.020773
v 0.005716 0.009953 0.020723
v 0.007473 0.007593 0.021007
v 0.007376 0.007812 0.020981
v 0.007154 0.008251 0.020928
v 0.006876 0.008708 0.020873
v 0.007702 0.006864 0.021448
v 0.007740 0.006886 0.021092
v 0.008059 0.006886 0.021092
v -0.007153 0.009609 0.020765
v -0.006681 0.010053 0.020711
v -0.008400 0.007600 0.021006
v -0.008090 0.008266 0.020926
v -0.007571 0.009103 0.020826
v -0.007727 0.008881 0.020852
v -0.006267 0.010363 0.020674
v -0.005668 0.010714 0.020632
v 0.007620 0.008007 0.020957
v 0.007243 0.008700 0.020874
v 0.005205 0.010642 0.020641
v 0.004596 0.010929 0.020606
v 0.007193 0.008780 0.020864
v 0.007034 0.009016 0.020836
v 0.006790 0.009338 0.020797
v 0.006337 0.009826 0.020739
v 0.007940 0.007235 0.021050
v 0.005828 0.010250 0.020688
v 0.005767 0.010294 0.020683
v -0.005009 0.011002 0.020598
v -0.004624 0.011132 0.020582
v -0.003818 0.011335 0.020557
v -0.002839 0.011494 0.020538
v -0.001606 0.011601 0.020525
v -0.000300 0.011636 0.020521
v 0.000708 0.011615 0.020524
v 0.001666 0.011555 0.020531
v 0.002573 0.011449 0.020544
v 0.003424 0.011291 0.020563
v 0.003944 0.011156 0.020579
v 0.005865 0.009931 0.020021
v 0.005405 0.010263 0.019953
v 0.005335 0.010304 0.019976
v 0.007833 0.006933 0.020029
v 0.007858 0.006943 0.019675
v 0.007583 0.007658 0.019589
v -0.000300 0.011496 0.019128
v -0.000300 0.011462 0.019486
v 0.000216 0.011489 0.019129
v 0.001200 0.011444 0.019134
v 0.003572 0.011026 0.019889
v 0.002632 0.011285 0.019153
v 0.002672 0.011211 0.019867
v 0.002366 0.011325 0.019149
v 0.001735 0.011330 0.019853
v 0.000744 0.011399 0.019845
v -0.000300 0.011423 0.019842
v 0.003694 0.011042 0.019401
v 0.004304 0.010835 0.019567
v 0.003394 0.011135 0.019171
v 0.004154 0.010919 0.019197
v 0.004529 0.010777 0.019214
v 0.004877 0.010575 0.019751
v 0.005159 0.010472 0.019251
v 0.006751 0.009010 0.020132
v 0.006552 0.009341 0.019387
v 0.006335 0.009500 0.020073
v 0.006103 0.009799 0.019332
v 0.005728 0.010105 0.019295
v 0.007805 0.006921 0.020383
v 0.007513 0.007681 0.020291
v 0.007366 0.007997 0.020253
v 0.007469 0.007908 0.019559
v 0.007159 0.008387 0.020207
v 0.007256 0.008322 0.019509
v 0.006948 0.008825 0.019449
v 0.004873 0.010557 0.019946
v 0.004243 0.010823 0.019914
v 0.004852 0.010567 0.019945
v -0.008433 0.006933 0.020029
v -0.008406 0.006921 0.020383
v -0.008134 0.007632 0.020297
v -0.008458 0.006943 0.019675
v -0.006703 0.009799 0.019332
v -0.007152 0.009341 0.019387
v -0.007129 0.009287 0.020098
v -0.007548 0.008825 0.019449
v -0.007518 0.008774 0.020160
v -0.007856 0.008322 0.019509
v -0.007811 0.008294 0.020218
v -0.008069 0.007908 0.019559
v -0.008183 0.007658 0.019589
v -0.006005 0.010263 0.019953
v -0.006328 0.010105 0.019295
v -0.005477 0.010575 0.019751
v -0.005759 0.010472 0.019251
v -0.005129 0.010777 0.019214
v -0.004904 0.010835 0.019567
v -0.004754 0.010919 0.019197
v -0.004294 0.011042 0.019401
v -0.003994 0.011135 0.019171
v -0.003066 0.011243 0.019863
v -0.002966 0.011325 0.019149
v -0.003233 0.011285 0.019153
v -0.004044 0.011058 0.019886
v -0.001800 0.011444 0.019134
v -0.001955 0.011363 0.019849
v -0.001673 0.011382 0.019847
v -0.000816 0.011489 0.019129
v -0.006687 0.009742 0.020044
v -0.006328 0.010038 0.020008
v -0.005767 0.010403 0.019964
v -0.005143 0.010707 0.019928
v -0.004787 0.010843 0.019912
v -0.004243 0.011008 0.019892
v -0.008724 0.006921 0.020383
v -0.008776 0.006943 0.019675
v 0.006541 0.009724 0.020046
v -0.007389 0.009450 0.020079
v 0.008124 0.006921 0.020383
v 0.007853 0.007656 0.020294
v 0.007530 0.008341 0.020212
v -0.006928 0.009933 0.020021
v 0.006791 0.009447 0.020079
v 0.007189 0.008914 0.020143
v 0.003544 0.011348 0.019851
v 0.004298 0.011127 0.019877
v 0.004727 0.010959 0.019898
v -0.006408 0.010355 0.019970
v -0.006336 0.010406 0.019964
v -0.005761 0.010752 0.019922
v -0.005141 0.011036 0.019888
v -0.008254 0.008097 0.020241
v -0.007870 0.008790 0.020158
v -0.007801 0.008896 0.020145
v 0.005360 0.010643 0.019936
v 0.005515 0.010550 0.019947
v 0.005932 0.010264 0.019981
v 0.006340 0.009921 0.020022
v -0.007375 0.009465 0.020077
v -0.007141 0.009724 0.020046
v -0.006980 0.009884 0.020027
v -0.008585 0.007322 0.020334
v -0.004477 0.011260 0.019861
v -0.004085 0.011362 0.019849
v -0.003218 0.011529 0.019829
v -0.002297 0.011641 0.019816
v -0.001323 0.011706 0.019808
v -0.000300 0.011730 0.019805
v 0.001087 0.011688 0.019810
v 0.001442 0.011663 0.019813
v 0.002558 0.011538 0.019828
v 0.003292 0.011405 0.019844
v 0.008176 0.006943 0.019675
v -0.005065 0.011129 0.019172
v -0.005703 0.010845 0.019206
v -0.008477 0.007738 0.019580
v -0.006235 0.010538 0.019243
v -0.006776 0.010136 0.019291
v -0.007257 0.009677 0.019347
v -0.007701 0.009133 0.019412
v -0.007826 0.008953 0.019434
v -0.008117 0.008476 0.019491
v 0.007877 0.007738 0.019580
v 0.007811 0.007889 0.019561
v 0.007516 0.008476 0.019491
v 0.007101 0.009133 0.019412
v 0.006657 0.009677 0.019347
v 0.006176 0.010136 0.019291
v 0.005635 0.010538 0.019243
v 0.005103 0.010845 0.019206
v 0.004465 0.011129 0.019172
v -0.004385 0.011349 0.019146
v -0.004147 0.011411 0.019138
v -0.003265 0.011587 0.019117
v 0.001728 0.011706 0.019103
v 0.000739 0.011775 0.019095
v 0.002664 0.011587 0.019117
v 0.003785 0.011349 0.019146
v 0.003546 0.011411 0.019138
v -0.002328 0.011706 0.019103
v -0.001339 0.011775 0.019095
v -0.000300 0.011800 0.019092
v 0.007899 0.006952 0.018969
v 0.008217 0.006952 0.018969
v 0.007916 0.006952 0.018617
v 0.008248 0.006949 0.018264
v 0.007931 0.006949 0.018264
v -0.007715 0.009172 0.018702
v -0.007286 0.009694 0.018639
v -0.006846 0.009713 0.018637
v -0.006804 0.010156 0.018584
v -0.006339 0.010141 0.018586
v -0.006349 0.010503 0.018542
v -0.005727 0.010532 0.018539
v -0.005741 0.010867 0.018499
v 0.007945 0.007677 0.018882
v 0.007620 0.007671 0.018883
v 0.007585 0.008427 0.018792
v 0.007289 0.008338 0.018802
v 0.007170 0.009095 0.018711
v 0.006972 0.008852 0.018741
v 0.006727 0.009650 0.018645
v 0.006570 0.009372 0.018678
v 0.006246 0.010120 0.018588
v 0.006115 0.009834 0.018623
v 0.005706 0.010532 0.018539
v 0.005725 0.010151 0.018585
v 0.005160 0.010857 0.018500
v -0.007739 0.008595 0.018771
v -0.008043 0.008049 0.018837
v -0.008220 0.008362 0.018800
v -0.008543 0.007682 0.018881
v -0.008116 0.007899 0.018855
v -0.008817 0.006952 0.018969
v -0.008440 0.007119 0.018949
v -0.008499 0.006952 0.018969
v -0.007296 0.009222 0.018696
v -0.007393 0.009098 0.018711
v -0.007843 0.008990 0.018724
v -0.007913 0.008884 0.018737
v 0.005149 0.010519 0.018540
v 0.004868 0.010666 0.018523
v 0.004523 0.011148 0.018465
v -0.002706 0.011710 0.018397
v -0.003165 0.011341 0.018442
v -0.003800 0.011532 0.018419
v -0.004017 0.011174 0.018462
v -0.004626 0.011321 0.018444
v -0.004471 0.011052 0.018476
v -0.005080 0.011164 0.018463
v -0.005121 0.010823 0.018504
v -0.005468 0.010666 0.018523
v 0.004516 0.010825 0.018504
v 0.004119 0.010974 0.018486
v 0.003845 0.011374 0.018438
v 0.003654 0.011114 0.018469
v 0.003524 0.011458 0.018428
v 0.003346 0.011191 0.018460
v 0.002646 0.011634 0.018406
v 0.002407 0.011365 0.018439
v 0.001714 0.011753 0.018392
v 0.001225 0.011491 0.018424
v 0.000731 0.011823 0.018384
v -0.000300 0.011848 0.018381
v -0.000081 0.011544 0.018417
v -0.000300 0.011546 0.018417
v -0.001470 0.011816 0.018385
v -0.001304 0.011521 0.018420
v -0.002260 0.011454 0.018428
v -0.008516 0.006952 0.018617
v -0.008531 0.006949 0.018264
v -0.008848 0.006949 0.018264
v -0.004671 0.011012 0.017776
v -0.004287 0.011125 0.017908
v -0.003886 0.011228 0.017750
v -0.008247 0.007670 0.018178
v -0.008116 0.007952 0.018144
v -0.007913 0.008339 0.018097
v -0.007583 0.008869 0.018034
v -0.007175 0.009392 0.017971
v -0.006541 0.009987 0.018529
v -0.006714 0.009857 0.017915
v -0.006042 0.010353 0.018346
v -0.006308 0.010184 0.017876
v -0.005727 0.010553 0.017831
v -0.005495 0.010666 0.018181
v -0.005521 0.010661 0.017818
v -0.005090 0.010858 0.017795
v -0.001749 0.011523 0.017715
v -0.000300 0.011563 0.018064
v -0.000461 0.011574 0.017709
v -0.000300 0.011575 0.017709
v -0.002937 0.011401 0.017729
v 0.000707 0.011549 0.017712
v 0.003687 0.011125 0.017908
v 0.002574 0.011365 0.017734
v 0.001666 0.011480 0.017720
v 0.005442 0.010353 0.018346
v 0.004502 0.010853 0.017795
v 0.004895 0.010666 0.018181
v 0.003848 0.011082 0.017768
v 0.003429 0.011194 0.017754
v 0.006254 0.009728 0.017930
v 0.005742 0.010159 0.017879
v 0.005941 0.009987 0.018529
v 0.005679 0.010205 0.017873
v 0.005114 0.010560 0.017830
v 0.007162 0.008596 0.018066
v 0.007116 0.008669 0.018058
v 0.007543 0.007896 0.018150
v 0.007872 0.007112 0.018245
v 0.006863 0.009036 0.018013
v 0.006709 0.009234 0.017990
v 0.007420 0.008750 0.018048
v 0.007633 0.008382 0.018092
v 0.007966 0.007691 0.018175
v 0.005888 0.010424 0.017847
v 0.006346 0.010053 0.017891
v 0.006818 0.009572 0.017949
v 0.007236 0.009032 0.018014
v -0.000300 0.011876 0.017672
v -0.001323 0.011850 0.017676
v -0.002299 0.011780 0.017684
v -0.003225 0.011661 0.017698
v -0.004098 0.011487 0.017719
v -0.004501 0.011380 0.017732
v -0.005174 0.011148 0.017760
v -0.005805 0.010853 0.017795
v -0.006391 0.010494 0.017838
v -0.006500 0.010416 0.017848
v -0.007030 0.009976 0.017901
v -0.007501 0.009475 0.017961
v -0.007923 0.008903 0.018030
v -0.008005 0.008775 0.018045
v -0.008397 0.008063 0.018130
v -0.008551 0.007727 0.018171
v -0.008736 0.007266 0.018226
v 0.000637 0.011853 0.017675
v 0.001163 0.011824 0.017679
v 0.002327 0.011706 0.017693
v 0.003358 0.011520 0.017715
v 0.004156 0.011301 0.017741
v 0.004646 0.011119 0.017763
v 0.005293 0.010804 0.017801
v 0.007954 0.006933 0.017561
v 0.008271 0.006933 0.017561
v 0.007962 0.006920 0.017210
v 0.008288 0.006904 0.016860
v 0.007969 0.006904 0.016860
v -0.008554 0.006933 0.017561
v -0.008562 0.006920 0.017210
v -0.008872 0.006933 0.017561
v -0.008570 0.006904 0.016860
v -0.008888 0.006904 0.016860
v -0.008502 0.007076 0.017544
v -0.008169 0.007865 0.017449
v -0.008278 0.007628 0.016773
v -0.007786 0.008569 0.017365
v -0.007937 0.008301 0.016692
v -0.007737 0.008646 0.017355
v -0.007579 0.008865 0.016624
v -0.007326 0.009216 0.017287
v -0.006867 0.009715 0.017227
v -0.007156 0.009395 0.016560
v -0.006352 0.010151 0.017174
v -0.006682 0.009864 0.016504
v -0.006153 0.010271 0.016455
v -0.006279 0.010204 0.017168
v -0.005960 0.010396 0.016440
v -0.005711 0.010562 0.017125
v -0.005334 0.010734 0.016399
v -0.005096 0.010857 0.017090
v -0.004666 0.011000 0.016368
v -0.004439 0.011088 0.017062
v -0.004222 0.011133 0.016351
v -0.004029 0.011198 0.017049
v -0.003343 0.011328 0.016328
v -0.003174 0.011370 0.017028
v -0.002216 0.011479 0.016310
v -0.002265 0.011487 0.017014
v -0.001307 0.011557 0.017006
v -0.000946 0.011559 0.016300
v -0.000300 0.011583 0.017002
v -0.000300 0.011572 0.016299
v -0.005680 0.010917 0.017082
v 0.007137 0.008646 0.017355
v 0.006726 0.009216 0.017287
v 0.006817 0.009573 0.017244
v 0.006340 0.010057 0.017186
v 0.006267 0.009715 0.017227
v 0.005866 0.010439 0.017140
v -0.006300 0.010554 0.017126
v 0.007240 0.009032 0.017309
v 0.007480 0.008662 0.017353
v 0.007185 0.008569 0.017365
v 0.007648 0.008371 0.017388
v 0.007569 0.007865 0.017449
v 0.007985 0.007677 0.017472
v 0.007902 0.007076 0.017544
v 0.005751 0.010151 0.017175
v 0.005679 0.010204 0.017168
v 0.005794 0.010490 0.017134
v 0.005110 0.010562 0.017125
v -0.008589 0.007667 0.017473
v -0.008258 0.008352 0.017391
v -0.008045 0.008719 0.017347
v -0.007873 0.008985 0.017315
v -0.007721 0.009197 0.017289
v -0.007281 0.009724 0.017226
v -0.006786 0.010190 0.017170
v 0.002253 0.011721 0.016986
v 0.003295 0.011537 0.017008
v 0.003429 0.011198 0.017049
v 0.003474 0.011496 0.017013
v 0.003839 0.011088 0.017062
v 0.004104 0.011319 0.017034
v 0.004496 0.010857 0.017090
v 0.004616 0.011132 0.017057
v 0.005266 0.010819 0.017094
v 0.002573 0.011370 0.017028
v 0.001665 0.011487 0.017014
v 0.001078 0.011836 0.016972
v 0.000706 0.011557 0.017006
v -0.000300 0.011883 0.016966
v -0.001313 0.011857 0.016970
v -0.005201 0.011138 0.017056
v -0.005013 0.011212 0.017047
v -0.004515 0.011378 0.017027
v -0.003978 0.011518 0.017010
v -0.003664 0.011586 0.017002
v -0.002558 0.011758 0.016982
v -0.001668 0.011837 0.016972
v 0.000708 0.011545 0.016302
v 0.001667 0.011474 0.016311
v 0.002577 0.011356 0.016325
v 0.003433 0.011182 0.016346
v 0.003813 0.011080 0.016358
v 0.004472 0.010849 0.016386
v 0.005091 0.010553 0.016421
v 0.005664 0.010194 0.016464
v 0.005745 0.010135 0.016471
v 0.006265 0.009696 0.016524
v 0.006728 0.009194 0.016584
v 0.007143 0.008621 0.016653
v 0.007195 0.008539 0.016663
v 0.007583 0.007832 0.016748
v 0.007920 0.007040 0.016843
v -0.006984 0.009995 0.016488
v -0.006443 0.010433 0.016436
v -0.005803 0.010833 0.016388
v -0.005228 0.011108 0.016354
v -0.005164 0.011135 0.016351
v -0.007331 0.009648 0.016530
v -0.007467 0.009495 0.016548
v -0.007945 0.008860 0.016625
v -0.008355 0.008159 0.016709
v -0.008712 0.007374 0.016803
v 0.008088 0.007434 0.016796
v 0.007997 0.007650 0.016770
v 0.007656 0.008345 0.016686
v 0.007232 0.009025 0.016605
v 0.006804 0.009567 0.016540
v 0.006321 0.010051 0.016481
v 0.005831 0.010442 0.016435
v -0.004485 0.011370 0.016323
v 0.005225 0.010821 0.016389
v 0.004713 0.011072 0.016359
v 0.004572 0.011132 0.016352
v 0.004039 0.011323 0.016329
v 0.003493 0.011475 0.016310
v 0.003216 0.011539 0.016303
v 0.002243 0.011708 0.016282
v 0.001034 0.011826 0.016268
v -0.000300 0.011871 0.016263
v -0.001321 0.011843 0.016266
v -0.002295 0.011772 0.016275
v -0.003220 0.011652 0.016289
v -0.004093 0.011475 0.016310
v 0.006543 0.009367 0.015859
v 0.006870 0.009449 0.015849
v 0.006971 0.008835 0.015923
v 0.007350 0.008813 0.015925
v 0.007338 0.008263 0.015991
v 0.004706 0.010711 0.015697
v 0.004732 0.011027 0.015659
v 0.005334 0.010373 0.015738
v 0.005192 0.010800 0.015686
v 0.005531 0.010246 0.015753
v 0.005840 0.010395 0.015735
v 0.006064 0.009837 0.015802
v 0.006383 0.009953 0.015788
v 0.006816 0.009511 0.015841
v -0.008579 0.006863 0.016159
v -0.008897 0.006863 0.016159
v -0.008284 0.007589 0.016072
v -0.008724 0.007323 0.016104
v -0.007938 0.008263 0.015991
v -0.006131 0.010246 0.015753
v -0.006387 0.010432 0.015731
v -0.005934 0.010373 0.015738
v -0.005792 0.010800 0.015686
v -0.005306 0.010711 0.015697
v -0.008363 0.008109 0.016010
v -0.008133 0.008523 0.015960
v -0.007571 0.008835 0.015923
v -0.007950 0.008813 0.015925
v -0.007143 0.009367 0.015859
v -0.007470 0.009449 0.015849
v -0.006664 0.009837 0.015802
v -0.006983 0.009953 0.015788
v -0.006440 0.010395 0.015735
v 0.008297 0.006863 0.016159
v 0.007979 0.006863 0.016159
v 0.008124 0.007323 0.016104
v 0.007683 0.007589 0.016072
v 0.007763 0.008109 0.016010
v 0.007568 0.008463 0.015967
v -0.005246 0.011064 0.015655
v -0.005152 0.011103 0.015650
v -0.004636 0.010975 0.015665
v -0.004472 0.011339 0.015622
v -0.004169 0.011114 0.015649
v -0.004088 0.011443 0.015609
v -0.003283 0.011306 0.015626
v -0.003216 0.011620 0.015588
v -0.002151 0.011454 0.015608
v -0.002293 0.011740 0.015574
v -0.000889 0.011530 0.015599
v -0.001320 0.011812 0.015565
v -0.000300 0.011541 0.015597
v -0.000300 0.011840 0.015562
v 0.000289 0.011530 0.015599
v 0.000720 0.011812 0.015565
v 0.001551 0.011454 0.015608
v 0.001693 0.011740 0.015574
v 0.002683 0.011306 0.015626
v 0.002616 0.011620 0.015588
v 0.003569 0.011114 0.015649
v 0.003488 0.011443 0.015609
v 0.004036 0.010975 0.015665
v 0.003872 0.011339 0.015622
v 0.004552 0.011103 0.015650
v -0.008581 0.006838 0.015810
v -0.008583 0.006811 0.015461
v -0.008901 0.006811 0.015461
v -0.008519 0.006979 0.015441
v -0.008172 0.007768 0.015346
v -0.008115 0.007881 0.015332
v -0.007775 0.008473 0.015261
v -0.007713 0.008568 0.015250
v -0.006812 0.009643 0.015120
v -0.007286 0.009141 0.015181
v -0.007412 0.008986 0.015199
v -0.004061 0.011090 0.014947
v -0.004305 0.011025 0.014954
v -0.004973 0.010800 0.014981
v -0.005601 0.010508 0.015017
v -0.005973 0.010291 0.015043
v -0.006186 0.010150 0.015060
v -0.006281 0.010082 0.015068
v -0.000300 0.011493 0.014898
v -0.001315 0.011465 0.014902
v -0.002282 0.011392 0.014910
v -0.003198 0.011270 0.014925
v 0.000229 0.011484 0.014899
v 0.001485 0.011411 0.014908
v 0.002622 0.011266 0.014925
v 0.003515 0.011077 0.014948
v 0.004002 0.010934 0.014965
v 0.004674 0.010671 0.014997
v 0.005304 0.010333 0.015038
v 0.005504 0.010206 0.015053
v 0.006041 0.009796 0.015102
v 0.006525 0.009325 0.015159
v 0.007683 0.007538 0.015373
v 0.007515 0.007881 0.015332
v 0.007333 0.008213 0.015292
v 0.006958 0.008792 0.015223
v 0.007981 0.006838 0.015810
v 0.007982 0.006811 0.015461
v 0.008301 0.006811 0.015461
v 0.006098 0.010138 0.015061
v 0.006613 0.009669 0.015117
v 0.006841 0.009421 0.015147
v -0.008744 0.007227 0.015411
v -0.008607 0.007550 0.015372
v -0.008263 0.008239 0.015289
v -0.008164 0.008413 0.015268
v -0.007865 0.008877 0.015212
v -0.007682 0.009127 0.015182
v 0.007117 0.009080 0.015188
v 0.007562 0.008415 0.015268
v 0.007952 0.007670 0.015357
v 0.008167 0.007169 0.015418
v -0.007223 0.009658 0.015119
v -0.006711 0.010127 0.015062
v -0.006405 0.010361 0.015034
v -0.006187 0.010509 0.015016
v -0.005556 0.010867 0.014973
v -0.005256 0.011006 0.014957
v -0.004882 0.011153 0.014939
v -0.004323 0.011330 0.014918
v 0.005875 0.010310 0.015040
v 0.005525 0.010548 0.015012
v 0.004896 0.010896 0.014970
v 0.004742 0.010968 0.014961
v 0.004234 0.011170 0.014937
v 0.003533 0.011380 0.014912
v 0.002724 0.011551 0.014891
v 0.001768 0.011683 0.014875
v 0.000759 0.011761 0.014866
v -0.000300 0.011791 0.014862
v -0.001052 0.011775 0.014864
v -0.002317 0.011688 0.014875
v -0.003442 0.011530 0.014894
v 0.007974 0.006678 0.014067
v 0.007978 0.006714 0.014415
v 0.008294 0.006678 0.014067
v 0.007981 0.006749 0.014763
v 0.008300 0.006749 0.014763
v 0.004522 0.010990 0.014254
v 0.004745 0.010894 0.014265
v 0.004639 0.010615 0.014299
v -0.007956 0.008095 0.014601
v -0.008291 0.007446 0.014679
v -0.008735 0.007177 0.014712
v 0.008135 0.007177 0.014712
v -0.008772 0.007088 0.014722
v -0.008581 0.006749 0.014763
v -0.008900 0.006749 0.014763
v -0.007405 0.009382 0.014447
v -0.007061 0.009315 0.014455
v -0.007132 0.009238 0.014464
v 0.007769 0.007966 0.014617
v 0.007677 0.007476 0.014676
v 0.007465 0.007899 0.014625
v 0.007622 0.008233 0.014585
v 0.007322 0.008153 0.014594
v 0.007349 0.008674 0.014532
v 0.006940 0.008736 0.014524
v 0.006867 0.009310 0.014455
v -0.008369 0.007966 0.014617
v -0.008186 0.008295 0.014577
v -0.007571 0.008693 0.014530
v -0.007949 0.008674 0.014532
v -0.007467 0.009310 0.014455
v 0.006745 0.008989 0.014494
v 0.006503 0.009270 0.014460
v 0.006374 0.009821 0.014394
v 0.006013 0.009742 0.014404
v 0.005884 0.010226 0.014345
v 0.005824 0.009897 0.014385
v 0.005825 0.010270 0.014340
v 0.005472 0.010151 0.014354
v 0.005164 0.010685 0.014290
v 0.005271 0.010279 0.014339
v 0.004728 0.010573 0.014304
v 0.003840 0.011227 0.014225
v 0.003965 0.010876 0.014267
v 0.003476 0.011326 0.014213
v 0.003458 0.011023 0.014250
v 0.002607 0.011504 0.014192
v 0.002559 0.011210 0.014227
v 0.001687 0.011625 0.014177
v 0.001416 0.011351 0.014210
v 0.000717 0.011697 0.014169
v 0.000167 0.011419 0.014202
v -0.000300 0.011725 0.014165
v -0.000300 0.011427 0.014201
v -0.000695 0.011421 0.014202
v -0.003207 0.011504 0.014192
v -0.002287 0.011625 0.014177
v -0.001944 0.011357 0.014210
v -0.006562 0.009786 0.014398
v -0.006974 0.009821 0.014394
v -0.006406 0.009911 0.014383
v -0.006425 0.010270 0.014340
v -0.006011 0.010191 0.014350
v -0.006414 0.010278 0.014339
v -0.005460 0.010508 0.014311
v -0.005765 0.010685 0.014290
v -0.005301 0.010586 0.014302
v -0.005259 0.010933 0.014260
v -0.004763 0.010809 0.014275
v -0.005122 0.010990 0.014254
v -0.004082 0.011017 0.014250
v -0.004440 0.011227 0.014225
v -0.004076 0.011326 0.014213
v -0.001317 0.011697 0.014169
v -0.002814 0.011262 0.014221
v -0.003096 0.011220 0.014226
v -0.003974 0.011044 0.014247
v -0.008574 0.006678 0.014067
v -0.008894 0.006678 0.014067
v -0.008578 0.006714 0.014415
v -0.008279 0.007376 0.013983
v -0.007939 0.008026 0.013905
v -0.007549 0.008625 0.013833
v -0.007104 0.009170 0.013767
v -0.007041 0.009238 0.013759
v -0.006538 0.009711 0.013702
v -0.006408 0.009815 0.013690
v -0.005984 0.010117 0.013654
v -0.005429 0.010434 0.013615
v -0.005297 0.010499 0.013608
v -0.004732 0.010733 0.013579
v -0.004076 0.010933 0.013555
v -0.003941 0.010967 0.013551
v -0.003059 0.011142 0.013530
v -0.002807 0.011179 0.013526
v -0.001904 0.011277 0.013514
v -0.000300 0.011345 0.013506
v -0.000661 0.011340 0.013507
v 0.002636 0.011113 0.013534
v 0.001709 0.011240 0.013519
v 0.000729 0.011315 0.013510
v 0.004219 0.010701 0.013583
v 0.003540 0.010916 0.013557
v 0.004725 0.010486 0.013609
v 0.004859 0.010419 0.013617
v 0.005428 0.010087 0.013657
v 0.005826 0.009800 0.013691
v 0.005982 0.009673 0.013707
v 0.006480 0.009197 0.013764
v 0.006755 0.008879 0.013802
v 0.006924 0.008660 0.013828
v 0.007356 0.007997 0.013908
v 0.007736 0.007252 0.013998
v -0.008793 0.006942 0.014035
v -0.008738 0.007079 0.014018
v -0.007465 0.009215 0.013762
v -0.006969 0.009730 0.013700
v -0.006418 0.010182 0.013646
v -0.008369 0.007869 0.013923
v -0.008202 0.008170 0.013887
v -0.007947 0.008579 0.013838
v 0.007986 0.007429 0.013976
v 0.007626 0.008129 0.013892
v 0.007184 0.008811 0.013810
v 0.005887 0.010131 0.013652
v 0.006230 0.009854 0.013685
v 0.006734 0.009363 0.013744
v 0.004746 0.010806 0.013571
v 0.005394 0.010463 0.013612
v 0.005676 0.010281 0.013634
v -0.005751 0.010602 0.013595
v -0.005256 0.010846 0.013566
v -0.005108 0.010909 0.013558
v -0.004425 0.011146 0.013530
v -0.004067 0.011243 0.013518
v -0.003201 0.011421 0.013497
v -0.000300 0.011643 0.013470
v 0.000126 0.011636 0.013471
v 0.001381 0.011570 0.013479
v 0.002541 0.011431 0.013496
v 0.003460 0.011245 0.013518
v 0.004055 0.011074 0.013538
v -0.002283 0.011542 0.013482
v -0.001315 0.011614 0.013474
v -0.008555 0.006561 0.013023
v -0.008562 0.006601 0.013371
v -0.008260 0.007305 0.013286
v -0.006906 0.009135 0.012361
v -0.007270 0.008737 0.012409
v -0.007272 0.008865 0.013099
v -0.007347 0.008643 0.012420
v -0.007510 0.008562 0.013135
v -0.007803 0.008004 0.012497
v -0.007911 0.007959 0.013208
v -0.008026 0.007628 0.012542
v -0.008205 0.007288 0.012583
v -0.008545 0.006519 0.012676
v -0.005815 0.009991 0.012259
v -0.006317 0.009649 0.012300
v -0.006326 0.009768 0.012990
v -0.006389 0.009593 0.012306
v -0.006619 0.009530 0.013019
v -0.007115 0.009045 0.013077
v -0.006074 0.009948 0.012969
v -0.005550 0.010266 0.012931
v -0.005187 0.010326 0.012218
v -0.005218 0.010432 0.012911
v -0.004534 0.010580 0.012188
v -0.004889 0.010571 0.012894
v -0.003995 0.010736 0.012169
v -0.004157 0.010810 0.012865
v -0.003844 0.010773 0.012165
v -0.003680 0.010926 0.012851
v -0.003116 0.010917 0.012147
v -0.002725 0.011091 0.012831
v -0.002540 0.010999 0.012137
v -0.001526 0.011205 0.012818
v -0.001450 0.011095 0.012126
v -0.000300 0.011246 0.012813
v -0.000300 0.011132 0.012121
v -0.008867 0.006519 0.012676
v -0.008883 0.006601 0.013371
v 0.008139 0.006965 0.013327
v 0.008283 0.006601 0.013371
v 0.007962 0.006601 0.013371
v 0.007768 0.007756 0.013232
v 0.007649 0.007328 0.013283
v 0.007649 0.007974 0.013206
v 0.007284 0.008003 0.013202
v 0.007344 0.008468 0.013147
v 0.006888 0.008592 0.013132
v 0.006863 0.009103 0.013070
v 0.004496 0.010810 0.012865
v 0.004734 0.010707 0.012878
v 0.004553 0.010461 0.012907
v -0.008810 0.006791 0.013348
v -0.008739 0.006965 0.013327
v -0.008368 0.007756 0.013232
v -0.008212 0.008038 0.013198
v -0.007944 0.008468 0.013147
v -0.007463 0.009103 0.013070
v -0.006964 0.009621 0.013008
v -0.006411 0.010077 0.012953
v -0.006343 0.010125 0.012947
v -0.005740 0.010502 0.012902
v -0.005247 0.010746 0.012873
v -0.005096 0.010810 0.012865
v -0.004413 0.011048 0.012837
v -0.004057 0.011144 0.012825
v 0.006682 0.008853 0.013100
v 0.006440 0.009126 0.013067
v 0.006364 0.009621 0.013008
v 0.005940 0.009597 0.013011
v 0.005811 0.010077 0.012953
v 0.005744 0.009754 0.012992
v 0.005743 0.010125 0.012947
v 0.005390 0.010004 0.012962
v 0.005140 0.010502 0.012902
v 0.005189 0.010130 0.012947
v 0.004645 0.010419 0.012912
v 0.002593 0.011322 0.012804
v 0.003457 0.011144 0.012825
v 0.003334 0.010868 0.012858
v 0.003813 0.011048 0.012837
v 0.003871 0.010718 0.012876
v 0.003445 0.010840 0.012862
v -0.003193 0.011322 0.012804
v -0.002278 0.011443 0.012789
v -0.001313 0.011515 0.012780
v -0.000300 0.011544 0.012777
v 0.000028 0.011242 0.012813
v 0.001264 0.011181 0.012821
v 0.002421 0.011048 0.012837
v 0.002205 0.011080 0.012833
v 0.001678 0.011443 0.012789
v 0.000713 0.011515 0.012780
v -0.000051 0.011129 0.012122
v 0.001177 0.011073 0.012129
v 0.002193 0.010966 0.012141
v 0.002343 0.010945 0.012144
v 0.003264 0.010768 0.012165
v 0.003811 0.010620 0.012183
v 0.004499 0.010365 0.012214
v 0.004633 0.010305 0.012221
v 0.005138 0.010037 0.012253
v 0.005337 0.009915 0.012268
v 0.005736 0.009635 0.012301
v 0.005893 0.009509 0.012316
v 0.006398 0.009040 0.012373
v 0.006680 0.008725 0.012411
v 0.006853 0.008508 0.012437
v 0.007257 0.007918 0.012508
v 0.007954 0.006561 0.013023
v 0.007945 0.006519 0.012676
v 0.007627 0.007244 0.012588
v 0.007430 0.007621 0.012543
v 0.008267 0.006519 0.012676
v -0.008177 0.007967 0.012502
v -0.007740 0.008625 0.012423
v -0.007281 0.009177 0.012356
v -0.008548 0.007268 0.012586
v -0.006770 0.009668 0.012297
v -0.006404 0.009957 0.012263
v -0.006209 0.010094 0.012246
v -0.005956 0.010256 0.012227
v 0.004670 0.010616 0.012183
v 0.007908 0.007351 0.012576
v 0.007502 0.008090 0.012487
v 0.004721 0.010593 0.012186
v 0.005368 0.010248 0.012228
v -0.005308 0.010599 0.012185
v -0.004618 0.010867 0.012153
v -0.003987 0.011046 0.012132
v 0.005875 0.009904 0.012269
v 0.005959 0.009840 0.012277
v 0.006492 0.009372 0.012333
v 0.006974 0.008838 0.012397
v 0.007041 0.008754 0.012407
v 0.003999 0.010873 0.012153
v 0.003476 0.011023 0.012134
v 0.003290 0.011069 0.012129
v 0.002755 0.011179 0.012116
v 0.001792 0.011316 0.012099
v 0.000772 0.011398 0.012090
v -0.000300 0.011430 0.012086
v -0.000656 0.011425 0.012086
v -0.001899 0.011363 0.012094
v -0.002709 0.011279 0.012104
v -0.003065 0.011228 0.012110
v 0.007894 0.006354 0.011285
v 0.007910 0.006394 0.011633
v 0.008218 0.006354 0.011285
v 0.007923 0.006436 0.011981
v 0.008246 0.006436 0.011981
v -0.008494 0.006354 0.011285
v -0.008818 0.006354 0.011285
v -0.008510 0.006394 0.011633
v -0.008846 0.006436 0.011981
v -0.008523 0.006436 0.011981
v -0.008459 0.006591 0.011962
v -0.007826 0.007822 0.011814
v -0.007955 0.007451 0.011154
v -0.008091 0.007365 0.011869
v -0.008168 0.007061 0.011200
v -0.006713 0.009021 0.010965
v -0.007175 0.008546 0.011022
v -0.007186 0.008691 0.011710
v -0.007201 0.008516 0.011026
v -0.007388 0.008446 0.011739
v -0.007361 0.008322 0.011049
v -0.007792 0.007718 0.011121
v -0.006901 0.008997 0.011673
v -0.006420 0.009428 0.011621
v -0.006210 0.009436 0.010915
v -0.006226 0.009577 0.011603
v -0.006176 0.009460 0.010912
v -0.005645 0.009803 0.010871
v -0.005855 0.009829 0.011573
v -0.005241 0.010165 0.011533
v -0.005099 0.010082 0.010838
v -0.005119 0.010222 0.011526
v -0.005000 0.010125 0.010832
v -0.004940 0.010298 0.011517
v -0.004301 0.010374 0.010802
v -0.004277 0.010528 0.011489
v -0.003905 0.010481 0.010790
v -0.002806 0.010834 0.011452
v -0.002822 0.010687 0.010765
v -0.003754 0.010517 0.010785
v -0.003564 0.010704 0.011468
v -0.002619 0.010859 0.011449
v -0.001490 0.010963 0.011437
v -0.001643 0.010809 0.010750
v -0.000300 0.011002 0.011432
v -0.000300 0.010859 0.010744
v 0.008142 0.006693 0.011950
v -0.006714 0.009574 0.011604
v 0.007768 0.007484 0.011855
v 0.007599 0.007157 0.011894
v 0.007340 0.008197 0.011769
v 0.007223 0.007828 0.011813
v 0.006861 0.008831 0.011693
v -0.007232 0.009086 0.011662
v -0.005242 0.010494 0.011493
v -0.005894 0.010156 0.011534
v -0.006147 0.009997 0.011553
v -0.006390 0.009828 0.011573
v 0.006810 0.008419 0.011742
v 0.006596 0.008679 0.011711
v 0.006359 0.009357 0.011630
v 0.006348 0.008949 0.011679
v 0.005802 0.009819 0.011574
v -0.004544 0.010759 0.011461
v -0.007697 0.008537 0.011728
v -0.008145 0.007877 0.011807
v -0.008218 0.007753 0.011822
v -0.008521 0.007182 0.011891
v 0.003436 0.010902 0.011444
v 0.003186 0.010655 0.011474
v 0.002578 0.011080 0.011423
v 0.002255 0.010827 0.011453
v 0.001668 0.011200 0.011408
v 0.001079 0.010950 0.011438
v 0.000708 0.011272 0.011400
v 0.005836 0.009415 0.011623
v 0.005645 0.009563 0.011605
v 0.005725 0.009875 0.011567
v 0.005274 0.009816 0.011574
v 0.005121 0.010255 0.011522
v 0.005078 0.009935 0.011560
v 0.004705 0.010466 0.011496
v 0.004546 0.010209 0.011527
v 0.004478 0.010565 0.011485
v 0.004435 0.010259 0.011521
v 0.003794 0.010805 0.011456
v 0.003738 0.010510 0.011491
v 0.003359 0.010613 0.011479
v -0.000300 0.011301 0.011396
v -0.000140 0.011001 0.011432
v -0.003962 0.010921 0.011442
v -0.003908 0.010934 0.011440
v -0.002977 0.011111 0.011419
v -0.002696 0.011150 0.011414
v -0.001801 0.011241 0.011403
v -0.000567 0.011298 0.011396
v 0.003444 0.010446 0.010794
v 0.003341 0.010472 0.010791
v 0.000713 0.010829 0.010748
v 0.002587 0.010630 0.010772
v 0.001677 0.010754 0.010757
v 0.006009 0.009114 0.010954
v 0.005628 0.009422 0.010917
v 0.005453 0.009546 0.010902
v 0.004862 0.009904 0.010859
v 0.003554 0.010416 0.010797
v 0.004230 0.010194 0.010824
v 0.004527 0.010069 0.010839
v 0.006511 0.008618 0.011013
v 0.006585 0.008534 0.011023
v 0.006944 0.008082 0.011078
v 0.007380 0.007408 0.011159
v 0.007763 0.006658 0.011249
v -0.008743 0.006537 0.011263
v -0.007462 0.008673 0.011007
v -0.007940 0.008040 0.011083
v -0.008215 0.007601 0.011136
v -0.008369 0.007326 0.011169
v 0.007888 0.007095 0.011196
v 0.007505 0.007785 0.011113
v 0.007045 0.008447 0.011034
v 0.002274 0.010982 0.010729
v -0.006957 0.009203 0.010943
v -0.006399 0.009668 0.010887
v -0.006319 0.009726 0.010880
v -0.005714 0.010109 0.010834
v -0.005198 0.010366 0.010803
v -0.005071 0.010420 0.010797
v -0.004387 0.010661 0.010768
v -0.004025 0.010760 0.010756
v -0.000300 0.011158 0.010708
v 0.006571 0.008993 0.010968
v 0.006046 0.009476 0.010910
v 0.005846 0.009634 0.010891
v 0.005473 0.009894 0.010860
v 0.005220 0.010049 0.010842
v 0.004685 0.010326 0.010808
v 0.004562 0.010381 0.010802
v 0.003853 0.010641 0.010770
v 0.003440 0.010756 0.010757
v -0.003170 0.010936 0.010735
v -0.002263 0.011056 0.010720
v -0.001305 0.011129 0.010712
v 0.003216 0.010810 0.010750
v 0.001086 0.011106 0.010715
v -0.000138 0.011157 0.010708
v 0.007810 0.006213 0.009892
v 0.007836 0.006243 0.010241
v 0.008138 0.006213 0.009892
v 0.007858 0.006278 0.010589
v 0.008183 0.006278 0.010590
v -0.008436 0.006243 0.010241
v -0.008458 0.006278 0.010590
v -0.008120 0.006987 0.010504
v -0.008411 0.006213 0.009892
v -0.008064 0.006913 0.009808
v -0.007857 0.007268 0.009766
v -0.007729 0.007646 0.010425
v -0.007664 0.007562 0.009730
v -0.007221 0.008142 0.009660
v -0.007302 0.008226 0.010355
v -0.007053 0.008331 0.009638
v -0.007070 0.008494 0.010323
v -0.006730 0.008656 0.009599
v -0.006824 0.008747 0.010293
v -0.006192 0.009103 0.009545
v -0.006296 0.009204 0.010238
v -0.006078 0.009185 0.009535
v -0.006100 0.009348 0.010221
v -0.005604 0.009485 0.009499
v -0.005720 0.009595 0.010191
v -0.005434 0.009578 0.009488
v -0.005544 0.009696 0.010179
v -0.004975 0.009798 0.009462
v -0.004998 0.009963 0.010147
v -0.004771 0.009880 0.009452
v -0.004890 0.010008 0.010141
v -0.004173 0.010251 0.010112
v -0.004034 0.010115 0.009424
v -0.003823 0.010341 0.010101
v -0.003491 0.010240 0.009408
v -0.003618 0.010387 0.010096
v -0.002410 0.010408 0.009388
v -0.002666 0.010549 0.010076
v -0.001466 0.010662 0.010063
v -0.001187 0.010504 0.009377
v -0.000300 0.010700 0.010058
v -0.000300 0.010529 0.009374
v -0.008738 0.006213 0.009892
v -0.008783 0.006278 0.010590
v 0.005382 0.009787 0.010168
v 0.005826 0.009482 0.010205
v 0.005462 0.009374 0.010218
v 0.007771 0.006475 0.010566
v -0.008738 0.006385 0.010577
v 0.007846 0.007011 0.010501
v 0.007389 0.007225 0.010476
v 0.007455 0.007695 0.010419
v 0.007269 0.007426 0.010452
v 0.006981 0.008359 0.010340
v 0.006953 0.007901 0.010395
v 0.006522 0.008436 0.010330
v 0.006498 0.008898 0.010275
v 0.006480 0.008482 0.010325
v 0.005964 0.009375 0.010217
v 0.006019 0.008938 0.010270
v 0.005519 0.009335 0.010222
v -0.008362 0.007170 0.010482
v -0.008209 0.007443 0.010450
v -0.007932 0.007882 0.010397
v -0.007451 0.008515 0.010321
v 0.005131 0.009936 0.010150
v 0.004867 0.009738 0.010174
v 0.004663 0.010174 0.010121
v 0.004425 0.009952 0.010148
v 0.004465 0.010261 0.010111
v 0.004235 0.010030 0.010139
v 0.003743 0.010514 0.010081
v -0.004025 0.010600 0.010070
v -0.004362 0.010508 0.010081
v -0.005047 0.010268 0.010110
v -0.005176 0.010213 0.010117
v -0.005691 0.009958 0.010147
v 0.003560 0.010254 0.010112
v 0.003428 0.010290 0.010108
v 0.003111 0.010674 0.010061
v 0.003258 0.010332 0.010102
v 0.002154 0.010840 0.010041
v -0.003170 0.010778 0.010049
v -0.002263 0.010898 0.010034
v -0.001306 0.010971 0.010026
v -0.000300 0.011000 0.010022
v 0.000710 0.010670 0.010062
v 0.000952 0.010957 0.010027
v 0.001669 0.010596 0.010071
v 0.002576 0.010472 0.010086
v -0.006299 0.009575 0.010193
v -0.006383 0.009514 0.010201
v -0.006944 0.009048 0.010257
v 0.000707 0.010499 0.009377
v 0.001664 0.010424 0.009386
v 0.002567 0.010301 0.009401
v 0.003237 0.010164 0.009418
v 0.003417 0.010119 0.009423
v 0.003562 0.010080 0.009428
v 0.004238 0.009854 0.009455
v 0.004402 0.009786 0.009463
v 0.004869 0.009559 0.009490
v 0.005469 0.009191 0.009535
v 0.006027 0.008751 0.009587
v 0.006463 0.008320 0.009639
v 0.006531 0.008245 0.009648
v 0.006961 0.007708 0.009713
v 0.007261 0.007261 0.009766
v 0.007396 0.007033 0.009794
v 0.005864 0.009275 0.009524
v 0.005803 0.009321 0.009519
v 0.007393 0.007612 0.009724
v 0.006902 0.008275 0.009645
v 0.006408 0.008807 0.009581
v 0.007792 0.006938 0.009805
v -0.008359 0.007000 0.009798
v -0.008201 0.007279 0.009764
v -0.007928 0.007709 0.009712
v -0.007444 0.008343 0.009636
v -0.006934 0.008877 0.009572
v -0.006371 0.009345 0.009516
v -0.006282 0.009409 0.009508
v -0.005673 0.009792 0.009462
v -0.004341 0.010341 0.009396
v -0.005028 0.010101 0.009425
v -0.005152 0.010049 0.009431
v 0.005271 0.009678 0.009476
v 0.005024 0.009818 0.009459
v 0.004639 0.010010 0.009436
v 0.004348 0.010134 0.009421
v 0.003609 0.010379 0.009392
v 0.002989 0.010527 0.009374
v 0.002012 0.010687 0.009355
v 0.000795 0.010795 0.009342
v -0.000300 0.010829 0.009338
v -0.001306 0.010800 0.009341
v -0.002264 0.010726 0.009350
v -0.003170 0.010605 0.009365
v -0.004024 0.010428 0.009386
v 0.007660 0.006163 0.008488
v 0.007748 0.006170 0.009192
v 0.007994 0.006163 0.008488
v 0.008078 0.006170 0.009192
v -0.002753 0.010179 0.008711
v -0.003681 0.010014 0.008731
v -0.004087 0.010226 0.008705
v 0.006329 0.008691 0.008890
v 0.006003 0.008580 0.008903
v 0.005764 0.009160 0.008833
v 0.005451 0.009013 0.008851
v 0.004268 0.009654 0.008774
v 0.003998 0.009755 0.008762
v 0.004414 0.009920 0.008742
v -0.004786 0.010008 0.008731
v 0.007759 0.006814 0.009115
v 0.007391 0.006857 0.009110
v 0.007328 0.007520 0.009030
v -0.007226 0.008395 0.008925
v -0.007082 0.008109 0.008959
v -0.007717 0.007814 0.008995
v -0.007583 0.007489 0.009034
v -0.008173 0.007139 0.009076
v -0.007991 0.006855 0.009110
v -0.008573 0.006396 0.009165
v -0.008348 0.006170 0.009192
v -0.008678 0.006170 0.009192
v 0.007128 0.007280 0.009059
v 0.006981 0.007491 0.009034
v 0.006842 0.008155 0.008954
v 0.006509 0.008078 0.008963
v 0.006315 0.008285 0.008938
v 0.004679 0.009469 0.008796
v 0.004613 0.009834 0.008752
v 0.004848 0.009382 0.008807
v 0.005060 0.009610 0.008779
v 0.005672 0.009226 0.008825
v -0.004492 0.009792 0.008757
v -0.004841 0.009665 0.008773
v -0.005126 0.009872 0.008748
v -0.005204 0.009506 0.008792
v -0.005444 0.009723 0.008766
v -0.005411 0.009401 0.008804
v -0.006112 0.009336 0.008812
v -0.006017 0.009036 0.008848
v -0.006696 0.008898 0.008865
v -0.006572 0.008607 0.008900
v -0.006904 0.008296 0.008937
v -0.003260 0.010405 0.008684
v -0.002326 0.010535 0.008668
v -0.001568 0.010298 0.008697
v -0.001338 0.010613 0.008659
v -0.000300 0.010343 0.008691
v -0.000300 0.010645 0.008655
v 0.000394 0.010327 0.008693
v 0.000706 0.010615 0.008658
v 0.001612 0.010243 0.008703
v 0.001664 0.010541 0.008667
v 0.002716 0.010088 0.008722
v 0.002570 0.010420 0.008682
v 0.003230 0.009979 0.008735
v 0.003423 0.010242 0.008703
v 0.003725 0.010160 0.008713
v -0.008260 0.006163 0.008488
v -0.008594 0.006163 0.008488
v -0.008308 0.006161 0.008840
v -0.007891 0.006830 0.008408
v -0.007710 0.007110 0.008374
v -0.005008 0.009394 0.008100
v -0.005221 0.009296 0.008112
v -0.005836 0.008954 0.008153
v -0.005903 0.008911 0.008158
v -0.006408 0.008544 0.008202
v -0.006935 0.008064 0.008260
v -0.006996 0.008001 0.008267
v -0.007470 0.007443 0.008334
v -0.004816 0.009474 0.008090
v -0.004344 0.009639 0.008071
v -0.003493 0.009854 0.008045
v -0.001150 0.010122 0.008013
v -0.002367 0.010028 0.008024
v -0.002519 0.010010 0.008026
v -0.000300 0.010145 0.008010
v 0.006548 0.007835 0.008287
v 0.006294 0.008105 0.008255
v 0.000705 0.010115 0.008013
v 0.003558 0.009695 0.008064
v 0.004235 0.009467 0.008091
v 0.003405 0.009736 0.008059
v 0.003108 0.009808 0.008050
v 0.002560 0.009917 0.008037
v 0.001659 0.010040 0.008022
v 0.006039 0.008347 0.008226
v 0.004869 0.009169 0.008127
v 0.005322 0.008899 0.008160
v 0.005479 0.008792 0.008172
v 0.006980 0.007295 0.008352
v 0.007413 0.006625 0.008433
v -0.007239 0.008182 0.008246
v -0.007729 0.007600 0.008316
v -0.008183 0.006928 0.008396
v -0.006706 0.008689 0.008185
v -0.006121 0.009129 0.008132
v 0.005577 0.009091 0.008136
v 0.004958 0.009465 0.008092
v 0.004737 0.009576 0.008078
v 0.006148 0.008653 0.008189
v 0.006673 0.008146 0.008250
v 0.007625 0.006857 0.008405
v 0.007204 0.007499 0.008328
v 0.002180 0.010282 0.007993
v 0.003190 0.010100 0.008015
v 0.003351 0.010062 0.008020
v -0.005450 0.009521 0.008085
v -0.005099 0.009684 0.008065
v -0.004790 0.009808 0.008050
v -0.004092 0.010026 0.008024
v -0.003855 0.010085 0.008017
v -0.003255 0.010207 0.008002
v -0.002323 0.010337 0.007987
v 0.004587 0.009646 0.008070
v 0.004010 0.009871 0.008043
v -0.001337 0.010416 0.007977
v -0.000300 0.010448 0.007973
v 0.000982 0.010401 0.007979
v 0.007473 0.006256 0.007544
v 0.007668 0.006381 0.007052
v 0.007317 0.006381 0.007052
v 0.007817 0.006255 0.007549
v 0.007530 0.006218 0.007777
v 0.007870 0.006218 0.007777
v -0.008038 0.006382 0.007757
v -0.008130 0.006218 0.007777
v -0.008470 0.006218 0.007777
v -0.005655 0.008852 0.007460
v -0.006064 0.008591 0.007491
v -0.005953 0.009027 0.007439
v -0.006544 0.008611 0.007489
v -0.006618 0.008155 0.007544
v -0.007090 0.008126 0.007547
v -0.007129 0.007648 0.007605
v -0.007152 0.008064 0.007555
v 0.007608 0.006687 0.007720
v 0.003279 0.009869 0.007338
v 0.003989 0.009668 0.007362
v 0.003613 0.009467 0.007386
v -0.007644 0.007505 0.007622
v -0.007466 0.007243 0.007653
v -0.007610 0.007049 0.007677
v -0.002666 0.009780 0.007349
v -0.003418 0.009658 0.007363
v -0.003582 0.009935 0.007330
v -0.008083 0.006888 0.007696
v 0.007510 0.006846 0.007701
v 0.007141 0.006860 0.007699
v 0.007048 0.007500 0.007623
v 0.006702 0.007448 0.007629
v 0.006514 0.008103 0.007550
v 0.006185 0.008002 0.007562
v 0.005968 0.008592 0.007491
v -0.005455 0.008965 0.007447
v -0.005317 0.009375 0.007397
v -0.004803 0.009268 0.007410
v -0.005125 0.009462 0.007387
v -0.004130 0.009491 0.007383
v -0.004446 0.009714 0.007357
v -0.003832 0.009880 0.007337
v 0.006036 0.008139 0.007546
v 0.005643 0.008462 0.007507
v 0.005370 0.009016 0.007440
v 0.005056 0.008852 0.007460
v 0.004662 0.009400 0.007394
v 0.004434 0.009171 0.007422
v 0.004559 0.009447 0.007389
v 0.004297 0.009230 0.007415
v 0.004026 0.009334 0.007402
v 0.002729 0.009984 0.007324
v 0.002729 0.009675 0.007361
v 0.001775 0.010122 0.007308
v -0.002599 0.010095 0.007311
v -0.002374 0.010122 0.007308
v -0.001502 0.009892 0.007335
v -0.001149 0.010215 0.007296
v -0.000300 0.009934 0.007330
v -0.000300 0.010238 0.007294
v 0.000313 0.009921 0.007332
v 0.000764 0.010205 0.007298
v 0.001525 0.009842 0.007341
v 0.001720 0.009822 0.007344
v -0.008340 0.006318 0.007268
v -0.007917 0.006381 0.007052
v -0.008268 0.006381 0.007052
v -0.007618 0.006828 0.006998
v -0.007449 0.007053 0.006971
v -0.007140 0.007420 0.006927
v -0.006623 0.007932 0.006866
v -0.006066 0.008369 0.006813
v -0.005629 0.008646 0.006780
v -0.005455 0.008743 0.006768
v -0.004809 0.009043 0.006732
v -0.004575 0.009130 0.006722
v -0.004134 0.009267 0.006705
v -0.003420 0.009435 0.006685
v -0.002666 0.009558 0.006670
v -0.001503 0.009669 0.006657
v -0.000300 0.009712 0.006652
v 0.000707 0.009681 0.006656
v 0.001663 0.009605 0.006665
v 0.002565 0.009482 0.006679
v 0.003411 0.009301 0.006701
v 0.003543 0.009265 0.006706
v 0.004224 0.009037 0.006733
v 0.004864 0.008738 0.006769
v 0.005047 0.008636 0.006781
v 0.004001 0.009121 0.006723
v 0.005484 0.008357 0.006815
v 0.006049 0.007909 0.006868
v 0.006563 0.007395 0.006930
v 0.007002 0.006849 0.006996
v 0.006853 0.007047 0.006972
v 0.006787 0.007596 0.006906
v -0.007853 0.007017 0.006976
v 0.007253 0.007017 0.006976
v -0.007387 0.007596 0.006906
v -0.006869 0.008118 0.006843
v -0.006805 0.008175 0.006836
v -0.006230 0.008624 0.006782
v -0.005614 0.009002 0.006737
v -0.005044 0.009275 0.006704
v -0.004963 0.009308 0.006700
v 0.006269 0.008118 0.006843
v 0.006205 0.008175 0.006836
v 0.005630 0.008624 0.006782
v 0.005014 0.009002 0.006737
v 0.004531 0.009238 0.006709
v 0.004363 0.009308 0.006700
v 0.004203 0.009370 0.006693
v 0.003468 0.009600 0.006665
v -0.004803 0.009370 0.006693
v -0.004068 0.009600 0.006665
v -0.003808 0.009663 0.006658
v -0.003112 0.009799 0.006641
v -0.002022 0.009935 0.006625
v -0.001661 0.009964 0.006622
v -0.000142 0.010015 0.006615
v 0.001061 0.009964 0.006622
v 0.001422 0.009935 0.006625
v 0.002512 0.009799 0.006641
v -0.000300 0.010016 0.006615
v -0.000458 0.010015 0.006615
v -0.001378 0.009982 0.006619
v 0.006877 0.006777 0.006234
v 0.006928 0.006732 0.006305
v 0.007302 0.006732 0.006305
v 0.006554 0.007051 0.005861
v 0.006971 0.007037 0.005877
v 0.006603 0.007340 0.005527
v 0.006169 0.007340 0.005527
v 0.007091 0.007014 0.006271
v 0.006555 0.007620 0.006198
v -0.006046 0.008517 0.006090
v -0.005343 0.008908 0.006043
v -0.005242 0.008619 0.006078
v -0.004575 0.008896 0.006045
v -0.005877 0.008265 0.006121
v -0.005988 0.008192 0.006129
v -0.006643 0.008084 0.006142
v -0.006551 0.007767 0.006180
v -0.007189 0.007586 0.006202
v -0.006823 0.007523 0.006210
v -0.007064 0.007280 0.006239
v -0.007713 0.006985 0.006274
v -0.007528 0.006732 0.006305
v -0.007902 0.006732 0.006305
v 0.006464 0.007280 0.006239
v 0.006227 0.007518 0.006210
v 0.006007 0.008114 0.006139
v 0.005951 0.007767 0.006180
v 0.005407 0.008542 0.006087
v 0.005383 0.008196 0.006129
v 0.004695 0.008931 0.006041
v 0.004760 0.008560 0.006085
v 0.004503 0.009018 0.006030
v 0.004104 0.008850 0.006050
v 0.004019 0.009203 0.006008
v 0.003306 0.009407 0.005983
v -0.005016 0.009054 0.006026
v -0.004670 0.009186 0.006010
v -0.004103 0.009042 0.006027
v -0.003960 0.009394 0.005985
v -0.003784 0.009123 0.006018
v -0.002860 0.009296 0.005997
v -0.003310 0.009532 0.005968
v -0.002361 0.009667 0.005952
v -0.001688 0.009422 0.005982
v -0.001356 0.009749 0.005942
v -0.000493 0.009475 0.005975
v -0.000300 0.009782 0.005938
v 0.003526 0.009036 0.006028
v 0.003429 0.009062 0.006025
v 0.002730 0.009528 0.005969
v 0.002558 0.009249 0.006002
v 0.001775 0.009666 0.005952
v 0.001429 0.009394 0.005985
v 0.000764 0.009749 0.005942
v 0.000220 0.009466 0.005976
v -0.000300 0.009477 0.005975
v -0.006769 0.007340 0.005527
v -0.007203 0.007340 0.005527
v -0.007588 0.007022 0.005896
v -0.007182 0.007029 0.005888
v -0.002389 0.009111 0.005314
v -0.001171 0.009207 0.005302
v -0.006215 0.007795 0.005472
v -0.005615 0.008181 0.005426
v -0.005037 0.008471 0.005391
v -0.005032 0.008474 0.005390
v -0.004365 0.008721 0.005361
v -0.003516 0.008936 0.005335
v -0.002537 0.009093 0.005316
v -0.000300 0.009230 0.005300
v 0.000714 0.009199 0.005303
v 0.001677 0.009123 0.005312
v 0.002585 0.008998 0.005327
v 0.003518 0.008793 0.005352
v 0.004205 0.008568 0.005379
v 0.006024 0.007470 0.005511
v 0.005462 0.007903 0.005459
v 0.005365 0.007968 0.005451
v 0.004853 0.008270 0.005415
v 0.006059 0.007836 0.005467
v 0.005471 0.008262 0.005416
v -0.006633 0.007857 0.005465
v -0.006039 0.008282 0.005413
v -0.005327 0.008675 0.005366
v -0.004988 0.008824 0.005348
v -0.004649 0.008950 0.005333
v -0.003935 0.009156 0.005308
v -0.003327 0.009284 0.005293
v -0.002373 0.009421 0.005277
v -0.001362 0.009504 0.005267
v -0.000300 0.009537 0.005263
v 0.000311 0.009524 0.005264
v 0.001535 0.009446 0.005274
v 0.002671 0.009294 0.005292
v 0.003304 0.009164 0.005308
v 0.004088 0.008937 0.005335
v 0.004797 0.008641 0.005370
v -0.005157 0.008165 0.004723
v -0.004456 0.008438 0.004690
v -0.004476 0.008372 0.004538
v -0.003708 0.008534 0.004397
v -0.003668 0.008648 0.004665
v -0.003324 0.008594 0.004345
v -0.003321 0.008717 0.004656
v -0.002280 0.008865 0.004638
v -0.001905 0.008798 0.004375
v -0.002295 0.008708 0.004247
v -0.001824 0.008742 0.004218
v -0.000622 0.008789 0.004178
v -0.000300 0.008966 0.004610
v -0.000300 0.008793 0.004175
v -0.000300 0.008972 0.004626
v -0.000613 0.008967 0.004626
v -0.001822 0.008907 0.004633
v 0.001189 0.008812 0.004386
v 0.002606 0.008611 0.004330
v 0.001692 0.008709 0.004247
v 0.000722 0.008769 0.004196
v 0.001193 0.008910 0.004633
v 0.001684 0.008865 0.004638
v 0.002594 0.008740 0.004653
v 0.003396 0.008480 0.004443
v 0.003517 0.008538 0.004678
v 0.004071 0.008320 0.004584
v 0.004203 0.008315 0.004705
v 0.004557 0.008165 0.004723
v 0.000717 0.008941 0.004629
v 0.005222 0.008165 0.004723
v 0.004519 0.008516 0.004680
v 0.003762 0.008788 0.004648
v 0.003232 0.008926 0.004631
v -0.000300 0.009280 0.004589
v 0.000826 0.009243 0.004593
v 0.002896 0.008997 0.004623
v 0.002048 0.009132 0.004606
v -0.005822 0.008165 0.004723
v -0.005340 0.008417 0.004692
v -0.004959 0.008582 0.004672
v -0.004660 0.008693 0.004659
v -0.003943 0.008900 0.004634
v -0.003333 0.009028 0.004619
v -0.002378 0.009164 0.004603
v -0.001365 0.009247 0.004593
v 0.003933 0.008610 0.004331
v 0.004599 0.008412 0.004503
v -0.002282 0.008952 0.004041
v -0.003395 0.008829 0.004144
v -0.003660 0.008788 0.004179
v -0.004458 0.008628 0.004315
v -0.001055 0.009020 0.003984
v -0.000300 0.009034 0.003972
v 0.000770 0.009008 0.003994
v 0.001788 0.008943 0.004048
v 0.002747 0.008836 0.004139
v 0.003230 0.008759 0.004204
v -0.005164 0.008424 0.004492
v -0.000300 0.009901 0.006277
v 0.000897 0.010260 0.007499
v 0.004560 0.009451 0.007402
v -0.000300 0.010739 0.008996
v 0.000918 0.010716 0.009074
v -0.000300 0.011368 0.011741
v -0.000300 0.011760 0.014515
v 0.002223 0.011725 0.017109
v 0.003368 0.011462 0.018993
v 0.006798 0.009422 0.020197
v 0.007111 0.008985 0.020410
v 0.007404 0.008178 0.021830
v 0.000786 0.011439 0.021553
v 0.006058 0.009852 0.021899
v 0.007486 0.007418 0.023274
v 0.004732 0.010322 0.023306
v 0.007377 0.006718 0.024719
v 0.000342 0.010703 0.024358
v 0.003154 0.010410 0.024516
v 0.005016 0.009685 0.024717
v 0.006445 0.008418 0.024794
v -0.000300 0.009941 0.026235
v -0.000300 0.009933 0.026251
v -0.000299 0.009950 0.026214
v -0.000300 0.009925 0.026268
v -0.000300 0.009919 0.026280
v -0.000297 0.009919 0.026279
v 0.000324 0.009968 0.026171
v 0.002135 0.009956 0.025984
v 0.000899 0.009409 0.027221
v 0.003353 0.008763 0.027595
v 0.001493 0.008338 0.028726
v 0.000437 0.008435 0.028717
v 0.001608 0.007923 0.029181
v 0.001502 0.006668 0.030284
v 0.001788 0.006525 0.030310
v 0.001980 0.006442 0.030311
v 0.006560 0.005477 0.027470
v 0.008210 0.006106 0.021707
v 0.008234 0.006732 0.013364
v 0.008265 0.005899 0.009927
v 0.004427 0.008383 0.004231
v 0.007581 0.006294 0.006290
v 0.007637 0.007169 0.009597
v 0.008463 0.006333 0.017396
v 0.008270 0.006732 0.019312
v 0.007716 0.006527 0.023715
v 0.007084 0.006075 0.026137
v 0.007517 0.005847 0.025143
v 0.005825 0.005692 0.028328
v 0.004947 0.005121 0.029361
v 0.003974 0.005291 0.029971
v 0.002918 0.005404 0.030450
v 0.002876 0.004767 0.030603
v 0.001775 0.004897 0.030925
v 0.000600 0.004504 0.031148
v -0.000300 0.004605 0.031189
v 0.000636 0.004973 0.031107
v -0.000300 0.005214 0.031111
v -0.000300 0.004607 0.031189
v -0.000300 0.006911 0.030287
v -0.000300 0.006665 0.030463
v 0.000623 0.006840 0.030297
v 0.000640 0.006392 0.030587
v 0.000961 0.006830 0.030264
v 0.000894 0.006845 0.030262
v 0.000238 0.006940 0.030251
v -0.000300 0.006961 0.030248
v 0.002747 0.005764 0.030392
v 0.002545 0.006004 0.030363
v 0.001805 0.006004 0.030585
v 0.002203 0.006298 0.030328
v 0.004959 0.005857 0.029079
v 0.003952 0.006603 0.029381
v 0.003878 0.007198 0.028996
v -0.000300 0.008177 0.029058
v 0.005780 0.006440 0.027964
v 0.005674 0.007145 0.027552
v 0.004471 0.008380 0.027407
v 0.004683 0.007808 0.027887
v 0.000238 0.009105 0.027761
v 0.001141 0.009084 0.027736
v 0.001908 0.009362 0.027164
v 0.002214 0.008986 0.027692
v -0.000300 0.009261 0.027510
v 0.006388 0.007041 0.026675
v 0.006197 0.007763 0.026224
v 0.004913 0.009025 0.026107
v -0.000159 0.009945 0.026225
v -0.000229 0.010071 0.025956
v -0.000273 0.009929 0.026258
v -0.000296 0.009888 0.026344
v -0.000300 0.009949 0.026218
v -0.000299 0.009966 0.026182
v -0.000300 0.009956 0.026202
v -0.000300 0.009964 0.026186
v -0.000300 0.009960 0.026194
v 0.003286 0.009837 0.025814
v 0.003789 0.009406 0.026358
v 0.001989 0.010484 0.024756
v 0.006394 0.009123 0.023335
v 0.003861 0.010755 0.022841
v 0.000608 0.011114 0.022999
v 0.002653 0.010899 0.023229
v 0.001697 0.011120 0.022767
v -0.000300 0.011110 0.023054
v 0.005244 0.010491 0.021461
v 0.004091 0.010883 0.021956
v -0.000300 0.011450 0.021603
v 0.007606 0.008062 0.020844
v 0.005422 0.010535 0.020531
v 0.000883 0.011671 0.020050
v -0.000300 0.011686 0.020164
v 0.002050 0.011537 0.020383
v 0.007896 0.007789 0.018896
v -0.000300 0.011827 0.018737
v 0.000938 0.011805 0.018516
v 0.002164 0.011683 0.018751
v 0.004664 0.011114 0.017486
v 0.005751 0.010522 0.017763
v 0.003465 0.011499 0.017275
v -0.000300 0.011882 0.017320
v 0.005850 0.010403 0.015956
v 0.006349 0.010006 0.016098
v 0.006797 0.009560 0.016257
v 0.007532 0.008560 0.016611
v 0.004730 0.011032 0.015726
v -0.000300 0.011858 0.015913
v 0.008179 0.007115 0.015151
v 0.007616 0.008268 0.014786
v 0.006857 0.009322 0.014458
v -0.000300 0.011595 0.013124
v 0.005843 0.009611 0.010785
v 0.004680 0.010292 0.010647
v 0.003435 0.010719 0.010587
v 0.000939 0.011102 0.010654
v -0.000300 0.011081 0.010366
v 0.002183 0.010964 0.010591
v 0.006323 0.008790 0.009221
v 0.006811 0.008298 0.009328
v 0.007249 0.007755 0.009454
v 0.005790 0.009225 0.009132
v 0.004623 0.009902 0.009014
v 0.003384 0.010327 0.008971
v 0.002145 0.010572 0.008992
v 0.005727 0.008786 0.007503
v 0.003329 0.009867 0.007372
v 0.000648 0.005928 0.030824
v 0.003582 0.005494 0.030120
v 0.002950 0.005412 0.030434
v 0.001801 0.005458 0.030793
v 0.000647 0.005451 0.030999
v -0.000300 0.005828 0.030917
v -0.000300 0.006177 0.030755
v -0.000300 0.006650 0.030473
v -0.000300 0.009981 0.026149
v -0.000300 0.009972 0.026169
v -0.000300 0.009974 0.026165
v -0.000300 0.009968 0.026178
v -0.000287 0.009992 0.026126
v -0.000300 0.010017 0.026072
v -0.000300 0.010053 0.025994
v -0.000300 0.010092 0.025908
v 0.002227 0.005433 0.030356
v 0.001988 0.005412 0.030434
v 0.002941 0.005507 0.030068
v 0.000689 0.006563 0.030117
v -0.000300 0.006326 0.030325
v 0.000260 0.006292 0.030329
v -0.000300 0.006856 0.029949
v 0.000656 0.007113 0.029689
v 0.001689 0.006710 0.029843
v 0.002702 0.006112 0.029899
v 0.001718 0.006074 0.030231
v 0.001132 0.006066 0.030356
v 0.001487 0.005881 0.030378
v 0.001776 0.005657 0.030405
v 0.000703 0.006208 0.030339
v -0.001655 0.006097 0.030352
v -0.001218 0.006229 0.030336
v -0.001289 0.006563 0.030117
v -0.003302 0.006112 0.029899
v -0.002520 0.005503 0.030423
v -0.002377 0.005657 0.030405
v -0.002318 0.006074 0.030231
v -0.004000 0.005566 0.029834
v -0.003312 0.005481 0.030170
v -0.002588 0.005412 0.030434
v -0.002289 0.006710 0.029843
v -0.001256 0.007113 0.029689
v -0.000867 0.006291 0.030329
v -0.002081 0.005885 0.030378
v -0.004247 0.005503 0.030084
v -0.003550 0.005412 0.030434
v -0.003477 0.004775 0.030601
v -0.002375 0.004904 0.030924
v -0.002401 0.005468 0.030790
v -0.001103 0.008087 0.029140
v -0.003938 0.008788 0.027568
v -0.002798 0.009009 0.027661
v -0.000830 0.009127 0.027726
v -0.006983 0.007067 0.026660
v -0.000322 0.010155 0.025767
v -0.000358 0.010093 0.025905
v -0.000743 0.010116 0.025854
v -0.002697 0.009978 0.025946
v -0.003849 0.009862 0.025779
v -0.005492 0.009055 0.026079
v -0.001517 0.010506 0.024870
v -0.000885 0.010722 0.024307
v -0.003699 0.010434 0.024479
v -0.007027 0.008453 0.024771
v -0.007971 0.006749 0.024704
v -0.003181 0.010918 0.023194
v -0.001127 0.011128 0.022950
v -0.002215 0.011136 0.022728
v -0.004620 0.010911 0.021927
v -0.002363 0.011300 0.021953
v -0.005784 0.010528 0.021433
v -0.007985 0.008221 0.021809
v -0.002553 0.011551 0.020356
v -0.001428 0.011812 0.018495
v -0.007346 0.009616 0.016237
v -0.007395 0.008747 0.010986
v -0.003833 0.009891 0.007372
v -0.001370 0.009749 0.005943
v -0.004941 0.008418 0.004228
v -0.006117 0.007814 0.004294
v -0.008857 0.006777 0.019295
v -0.008803 0.006142 0.021692
v -0.007159 0.005496 0.027462
v -0.001381 0.006867 0.030260
v -0.001222 0.006855 0.030285
v -0.001280 0.006885 0.030257
v -0.002453 0.006511 0.030302
v -0.002338 0.006490 0.030344
v -0.001949 0.006723 0.030277
v -0.003518 0.005415 0.030446
v -0.003347 0.005764 0.030392
v -0.002405 0.006017 0.030579
v -0.002805 0.006297 0.030328
v -0.003150 0.005999 0.030364
v -0.001240 0.006406 0.030580
v -0.000603 0.006955 0.030249
v -0.001248 0.005939 0.030819
v -0.001247 0.005460 0.030997
v -0.001236 0.004978 0.031107
v -0.001200 0.004507 0.031147
v -0.005547 0.005135 0.029356
v -0.004574 0.005303 0.029967
v -0.006425 0.005710 0.028320
v -0.007120 0.006148 0.027160
v -0.008114 0.005874 0.025131
v -0.007681 0.006100 0.026125
v -0.008309 0.006559 0.023700
v -0.009050 0.006381 0.017379
v -0.008756 0.007172 0.015134
v -0.008840 0.005962 0.009910
v -0.008139 0.006359 0.006275
v -0.005073 0.009489 0.007397
v -0.006254 0.008837 0.007494
v -0.002604 0.010126 0.007409
v -0.001389 0.010270 0.007511
v -0.006317 0.009277 0.009122
v -0.006858 0.008848 0.009209
v -0.007355 0.008360 0.009314
v -0.007802 0.007819 0.009439
v -0.008198 0.007234 0.009581
v -0.005136 0.009941 0.009008
v -0.002642 0.010587 0.008996
v -0.003887 0.010351 0.008970
v -0.001409 0.010726 0.009085
v -0.006370 0.009664 0.010773
v -0.005193 0.010331 0.010640
v -0.003938 0.010743 0.010585
v -0.001428 0.011111 0.010663
v -0.002679 0.010979 0.010594
v -0.008181 0.008328 0.014767
v -0.008098 0.008616 0.016591
v -0.006889 0.010058 0.016080
v -0.006381 0.010451 0.015939
v -0.005245 0.011068 0.015713
v -0.008475 0.007839 0.018876
v -0.005181 0.011148 0.017469
v -0.005751 0.010883 0.017598
v -0.006285 0.010567 0.017743
v -0.003970 0.011522 0.017261
v -0.002719 0.011739 0.017096
v -0.003876 0.011484 0.018973
v -0.002662 0.011697 0.018732
v -0.008186 0.008108 0.020823
v -0.007680 0.009033 0.020388
v -0.007360 0.009471 0.020173
v -0.001378 0.011679 0.020019
v -0.008074 0.007455 0.023256
v -0.006222 0.010229 0.021648
v -0.006615 0.009893 0.021872
v -0.006960 0.009528 0.022102
v -0.001290 0.011450 0.021512
v -0.006966 0.009162 0.023309
v -0.005278 0.010354 0.023275
v -0.004394 0.010781 0.022809
v -0.005580 0.009718 0.024686
v -0.002533 0.010504 0.024715
v -0.006787 0.007792 0.026204
v -0.004363 0.009434 0.026326
v -0.000898 0.009990 0.026127
v -0.000308 0.010015 0.026077
v -0.000302 0.010046 0.026010
v -0.000301 0.010010 0.026088
v -0.000300 0.009969 0.026176
v -0.000301 0.009958 0.026198
v -0.000302 0.009943 0.026231
v -0.000302 0.009927 0.026263
v -0.000303 0.009911 0.026296
v -0.006269 0.007170 0.027537
v -0.006377 0.006462 0.027953
v -0.005275 0.007833 0.027867
v -0.005059 0.008406 0.027383
v -0.001480 0.009431 0.027184
v -0.001726 0.009107 0.027703
v -0.004475 0.007218 0.028982
v -0.004551 0.006621 0.029370
v -0.003350 0.007666 0.029120
v -0.002203 0.007944 0.029160
v -0.002086 0.008359 0.028700
v -0.001032 0.008457 0.028690
v -0.005559 0.005874 0.029072
v -0.000322 0.009953 0.026210
v -0.000315 0.009984 0.026143
v -0.003313 0.008901 0.027112
v -0.005411 0.007834 0.027239
v -0.006284 0.006985 0.027142
v -0.005078 0.008570 0.026590
v -0.004405 0.008465 0.027223
v -0.003973 0.009080 0.026533
v -0.000596 0.009441 0.026567
v -0.001266 0.009329 0.026761
v 0.004554 0.004761 -0.002119
v 0.004445 0.005085 -0.001997
v 0.004459 0.005149 -0.001965
v 0.004925 0.004370 -0.002202
v 0.004730 0.004509 -0.002191
v 0.005829 0.005331 -0.001470
v 0.004596 0.004685 -0.002143
v 0.004585 0.005434 -0.001808
v 0.004777 0.005413 -0.001770
v 0.004742 0.005600 -0.001695
v 0.004882 0.005671 -0.001628
v 0.005112 0.005662 -0.001567
v 0.004995 0.005686 -0.001590
v 0.006570 0.003212 -0.002031
v 0.006099 0.003669 -0.002084
v 0.006770 0.004696 -0.001307
v 0.006017 0.003735 -0.002094
v 0.006482 0.004921 -0.001361
v 0.005783 0.003905 -0.002119
v 0.005430 0.004123 -0.002156
v 0.007316 0.004170 -0.001195
v 0.007778 0.003575 -0.001094
v 0.006962 0.002682 -0.001990
v 0.008001 0.003213 -0.001044
v 0.007063 0.002511 -0.001982
v 0.008367 0.002448 -0.000970
v 0.007358 0.001881 -0.001968
v 0.008453 0.002222 -0.000956
v 0.007585 0.001191 -0.001981
v 0.008656 0.001587 -0.000934
v 0.007759 0.000446 -0.002024
v 0.008793 0.001044 -0.000934
v 0.009008 -0.000137 -0.000991
v 0.009012 -0.000170 -0.000993
v 0.007929 -0.000640 -0.002130
v 0.008945 0.000267 -0.000964
v 0.008961 0.000029 -0.001000
v 0.008990 -0.000087 -0.000996
v 0.009304 -0.004562 -0.001569
v 0.008042 -0.001869 -0.002293
v 0.009238 -0.002679 -0.001283
v 0.009088 -0.000761 -0.001045
v 0.009298 -0.009238 -0.002342
v 0.008161 -0.008440 -0.003425
v 0.009322 -0.008293 -0.002221
v 0.008168 -0.008070 -0.003362
v 0.009326 -0.008011 -0.002172
v 0.008174 -0.006486 -0.003058
v 0.008145 -0.004165 -0.002653
v 0.009256 -0.010200 -0.002346
v 0.008124 -0.009702 -0.003546
v 0.008132 -0.009488 -0.003539
v 0.009186 -0.011148 -0.002160
v 0.008068 -0.010921 -0.003444
v 0.008091 -0.010496 -0.003510
v 0.009085 -0.011972 -0.001806
v 0.008027 -0.011517 -0.003290
v 0.008047 -0.011255 -0.003367
v 0.008884 -0.012872 -0.001161
v 0.007873 -0.012869 -0.002639
v 0.009071 -0.012054 -0.001760
v 0.007930 -0.012479 -0.002876
v 0.007962 -0.012216 -0.003012
v 0.007619 -0.013982 -0.001572
v 0.007652 -0.013877 -0.001717
v 0.008753 -0.013222 -0.000784
v 0.007765 -0.013435 -0.002196
v 0.007816 -0.013191 -0.002404
v 0.007562 -0.014147 -0.001305
v 0.008598 -0.013499 -0.000350
v 0.007461 -0.014363 -0.000793
v 0.007436 -0.014400 -0.000664
v 0.008428 -0.013671 0.000129
v 0.007315 -0.014493 -0.000104
v 0.008249 -0.013763 0.000621
v 0.007128 -0.014525 0.000496
v 0.007069 -0.014531 0.000631
v 0.007778 -0.013963 0.001587
v 0.006836 -0.014569 0.001010
v 0.007426 -0.014135 0.002038
v 0.006727 -0.014591 0.001133
v 0.006397 -0.014662 0.001400
v 0.006964 -0.014344 0.002433
v 0.006184 -0.014705 0.001518
v 0.006419 -0.014537 0.002739
v 0.005704 -0.014787 0.001700
v 0.005846 -0.014683 0.002950
v 0.005267 -0.014843 0.001805
v 0.004769 -0.014848 0.003189
v 0.004494 -0.014912 0.001921
v 0.003762 -0.014935 0.003311
v 0.003075 -0.014984 0.002030
v 0.001823 -0.015013 0.003413
v 0.001580 -0.015017 0.002077
v -0.000075 -0.015031 0.003433
v -0.000075 -0.015026 0.002090
v 0.007789 0.004990 0.009252
v 0.008444 0.005004 0.008280
v 0.007693 0.005012 0.008160
v 0.008404 0.005036 0.007902
v 0.007627 0.005067 0.007652
v 0.008372 0.005067 0.007652
v 0.007580 0.005116 0.007360
v 0.008301 0.005150 0.007194
v 0.007559 0.005138 0.007249
v 0.008158 0.005340 0.006534
v 0.007405 0.005323 0.006582
v 0.008101 0.005421 0.006327
v 0.007371 0.005365 0.006466
v 0.008640 0.005283 0.012762
v 0.008588 0.005073 0.010660
v 0.007853 0.005056 0.010449
v 0.008573 0.005042 0.010271
v 0.008520 0.004990 0.009235
v 0.007907 0.005225 0.012214
v 0.007917 0.005283 0.012762
v 0.008642 0.005297 0.012900
v 0.007930 0.005400 0.013924
v 0.008649 0.005523 0.015384
v 0.007928 0.005537 0.015586
v 0.008629 0.005598 0.016717
v 0.007910 0.005598 0.016717
v 0.008611 0.005620 0.017379
v 0.007898 0.005615 0.017201
v 0.008555 0.005627 0.018756
v 0.007836 0.005627 0.018770
v 0.008446 0.005571 0.020362
v 0.007733 0.005575 0.020289
v 0.008431 0.005561 0.020533
v 0.008234 0.005422 0.022235
v 0.007577 0.005468 0.021753
v 0.007950 0.005231 0.023842
v 0.007356 0.005318 0.023160
v 0.007228 0.005237 0.023792
v 0.007623 0.005040 0.025134
v 0.005800 0.004611 0.027434
v 0.006656 0.004609 0.027442
v 0.006230 0.004753 0.026741
v 0.006951 0.004720 0.026911
v 0.006509 0.004865 0.026153
v 0.007340 0.004894 0.025994
v 0.006819 0.005012 0.025308
v 0.007089 0.005156 0.024373
v 0.005289 0.004472 0.028059
v 0.006091 0.004431 0.028232
v 0.006485 0.004551 0.027709
v -0.006806 0.004609 0.027442
v -0.006635 0.004551 0.027709
v -0.005950 0.004611 0.027434
v -0.006241 0.004431 0.028232
v -0.005439 0.004472 0.028059
v -0.005814 0.004318 0.028700
v -0.005090 0.004390 0.028404
v -0.005663 0.004282 0.028845
v -0.004467 0.004269 0.028899
v -0.005021 0.004148 0.029370
v -0.003788 0.004166 0.029301
v -0.004490 0.004057 0.029708
v -0.003288 0.004106 0.029527
v -0.003738 0.003955 0.030081
v -0.002419 0.004028 0.029817
v -0.002927 0.003872 0.030376
v -0.001490 0.003974 0.030012
v -0.002042 0.003808 0.030599
v -0.000700 0.003950 0.030099
v -0.001072 0.003766 0.030744
v -0.000075 0.003944 0.030120
v -0.000075 0.003752 0.030793
v 0.000550 0.003950 0.030099
v 0.000922 0.003766 0.030744
v 0.001340 0.003974 0.030012
v 0.001892 0.003808 0.030599
v 0.002269 0.004028 0.029817
v 0.002777 0.003872 0.030376
v 0.003138 0.004106 0.029527
v 0.003588 0.003955 0.030081
v 0.003638 0.004166 0.029301
v 0.004340 0.004057 0.029708
v 0.004317 0.004269 0.028899
v 0.004871 0.004148 0.029370
v 0.004939 0.004390 0.028404
v 0.005513 0.004282 0.028845
v 0.005664 0.004318 0.028700
v -0.007101 0.004720 0.026911
v -0.006381 0.004753 0.026741
v -0.007490 0.004894 0.025994
v -0.006659 0.004865 0.026153
v -0.007773 0.005040 0.025134
v -0.006969 0.005012 0.025308
v -0.007240 0.005156 0.024373
v -0.008100 0.005231 0.023842
v -0.007378 0.005237 0.023792
v -0.007506 0.005318 0.023160
v -0.008384 0.005422 0.022235
v -0.007727 0.005468 0.021753
v -0.008581 0.005561 0.020533
v -0.007883 0.005575 0.020289
v -0.008596 0.005571 0.020362
v -0.008705 0.005627 0.018756
v -0.007986 0.005627 0.018770
v -0.008761 0.005620 0.017379
v -0.008048 0.005615 0.017201
v -0.008779 0.005598 0.016717
v -0.008060 0.005598 0.016717
v -0.008799 0.005523 0.015384
v -0.008078 0.005537 0.015586
v -0.008792 0.005297 0.012900
v -0.008080 0.005400 0.013924
v -0.008790 0.005283 0.012762
v -0.008067 0.005283 0.012762
v -0.008057 0.005225 0.012214
v -0.008738 0.005073 0.010660
v -0.008003 0.005056 0.010449
v -0.008723 0.005042 0.010271
v -0.008670 0.004990 0.009235
v -0.007939 0.004990 0.009252
v -0.008594 0.005004 0.008280
v -0.007843 0.005012 0.008160
v -0.008554 0.005036 0.007902
v -0.008522 0.005067 0.007652
v -0.007777 0.005067 0.007652
v -0.008451 0.005150 0.007194
v -0.007730 0.005116 0.007360
v -0.007710 0.005138 0.007249
v -0.008308 0.005340 0.006534
v -0.007555 0.005323 0.006582
v -0.008251 0.005421 0.006327
v -0.007521 0.005365 0.006466
v -0.008035 0.005714 0.005735
v -0.007346 0.005580 0.005980
v -0.007802 0.006008 0.005286
v -0.007231 0.005716 0.005731
v -0.006965 0.006007 0.005286
v -0.007750 0.006069 0.005203
v -0.006925 0.006048 0.005231
v 0.007196 0.005580 0.005980
v 0.007885 0.005714 0.005735
v 0.007081 0.005716 0.005731
v 0.007652 0.006008 0.005286
v 0.006815 0.006007 0.005286
v 0.007600 0.006069 0.005203
v 0.006775 0.006048 0.005231
v 0.007470 0.006218 0.005013
v 0.006389 0.006407 0.004790
v 0.007046 0.006648 0.004528
v 0.006144 0.006604 0.004574
v 0.006540 0.007068 0.004112
v 0.005623 0.006955 0.004220
v 0.006309 0.007231 0.003960
v 0.005028 0.007262 0.003931
v 0.005690 0.007597 0.003633
v 0.004784 0.007365 0.003838
v 0.005003 0.007905 0.003370
v 0.004091 0.007600 0.003631
v 0.004738 0.008001 0.003289
v 0.003348 0.007768 0.003486
v 0.003890 0.008239 0.003092
v 0.003217 0.007791 0.003466
v 0.002901 0.008413 0.002950
v 0.002202 0.007924 0.003353
v 0.002192 0.008494 0.002884
v 0.001101 0.008004 0.003287
v 0.000779 0.008583 0.002813
v -0.000075 0.008034 0.003261
v -0.000075 0.008599 0.002799
v -0.001251 0.008004 0.003287
v -0.000929 0.008583 0.002813
v -0.002352 0.007924 0.003353
v -0.002343 0.008494 0.002884
v -0.003367 0.007791 0.003466
v -0.003051 0.008413 0.002950
v -0.003498 0.007768 0.003486
v -0.004040 0.008239 0.003092
v -0.004241 0.007600 0.003631
v -0.004888 0.008001 0.003289
v -0.004934 0.007365 0.003838
v -0.005153 0.007905 0.003370
v -0.005178 0.007262 0.003931
v -0.005840 0.007597 0.003633
v -0.005773 0.006955 0.004220
v -0.006459 0.007231 0.003960
v -0.006294 0.006604 0.004574
v -0.006690 0.007068 0.004112
v -0.006539 0.006407 0.004790
v -0.007196 0.006648 0.004528
v -0.007620 0.006218 0.005013
v -0.000075 -0.005383 0.018050
v -0.000075 -0.006658 0.015960
v 0.001868 -0.006718 0.015743
v 0.001324 -0.000224 0.026747
v 0.001462 -0.000806 0.025779
v 0.002927 -0.000386 0.026131
v -0.000075 0.002479 0.030143
v -0.000075 0.002377 0.030065
v -0.000070 0.002397 0.030080
v 0.008729 0.004118 0.019941
v 0.008246 0.004875 0.022732
v 0.008304 0.003419 0.023256
v 0.006589 0.003478 0.027652
v 0.005610 0.003925 0.028771
v 0.005445 0.003370 0.028829
v 0.007918 0.003868 0.024649
v 0.007406 0.004302 0.026026
v 0.007371 0.003643 0.026222
v 0.005552 -0.014258 0.003693
v 0.006193 -0.014042 0.003591
v 0.005647 -0.011513 0.007423
v 0.009325 -0.004721 -0.000325
v 0.009235 -0.002542 -0.001062
v 0.009237 -0.001104 0.003091
v 0.008113 0.005351 0.006181
v 0.008922 0.003731 0.011644
v 0.008865 0.004401 0.014113
v 0.008744 0.005060 0.016687
v 0.002758 0.003758 0.030357
v 0.001138 0.003530 0.030643
v -0.000075 0.003541 0.030727
v 0.009148 -0.009294 0.001437
v 0.009292 -0.008153 0.000970
v 0.009040 0.000266 0.000964
v 0.008989 0.000573 0.000820
v 0.008997 0.001008 0.002480
v 0.006883 0.004788 -0.000849
v 0.007528 0.004097 -0.000712
v 0.005121 0.006109 -0.000634
v 0.005428 0.005798 -0.000968
v 0.006177 0.005350 -0.000929
v 0.008079 0.003269 -0.000508
v 0.008792 0.002045 0.002190
v 0.008500 0.003056 0.001913
v 0.008913 0.000906 0.000424
v 0.008905 0.000931 0.000364
v 0.008950 0.000761 0.000649
v 0.008872 0.000999 0.000043
v 0.008865 0.000996 -0.000086
v 0.008859 0.000959 -0.000284
v 0.008868 0.000812 -0.000584
v 0.008899 0.000571 -0.000821
v 0.008921 0.000423 -0.000906
v 0.009149 -0.000820 0.000573
v 0.009141 -0.000682 0.000731
v 0.009074 -0.000573 -0.000820
v 0.009028 -0.000266 -0.000964
v 0.009087 -0.000653 -0.000758
v 0.009120 -0.000866 -0.000501
v 0.009126 -0.000906 -0.000424
v 0.009142 -0.000982 -0.000188
v 0.009151 -0.000996 0.000086
v 0.009152 -0.000989 0.000146
v 0.009152 -0.000886 0.000464
v 0.009119 -0.000401 0.000916
v 0.009084 -0.000072 0.000997
v 0.009065 0.000086 0.000996
v 0.009350 -0.006991 0.000513
v 0.008911 -0.010385 0.001902
v 0.008726 -0.012352 0.000398
v 0.008295 -0.013435 0.000870
v 0.004907 -0.014397 0.003768
v 0.003638 -0.014536 0.003888
v 0.002386 -0.014572 0.003993
v -0.000075 -0.014492 0.004193
v 0.006666 0.004096 0.027520
v 0.008485 0.004392 0.006417
v 0.008092 0.004012 0.001663
v 0.007565 0.004871 0.001461
v 0.007006 0.006358 0.003544
v 0.006255 0.006223 0.001231
v 0.006944 0.005608 0.001319
v 0.005597 0.007562 0.003379
v 0.006334 0.007018 0.003442
v -0.000075 0.007213 -0.000194
v -0.000075 0.007933 0.001298
v 0.001496 0.007857 0.001276
v 0.003104 0.007602 0.001182
v 0.002870 0.007051 -0.000072
v 0.001575 0.007164 -0.000157
v 0.005511 0.006722 0.001182
v 0.005130 0.006542 0.000306
v 0.004727 0.007112 0.001161
v 0.004699 0.006687 0.000199
v 0.003919 0.007401 0.001163
v 0.003859 0.006897 0.000044
v 0.003069 0.007026 -0.000053
v 0.008763 0.003394 0.006672
v 0.008968 0.002379 0.006936
v 0.009232 0.000328 0.007490
v 0.009192 0.001807 0.012177
v 0.009375 -0.001733 0.008103
v 0.009335 -0.000121 0.012752
v 0.009417 -0.002767 0.008451
v 0.009371 -0.001084 0.013069
v 0.008477 -0.006664 0.010081
v 0.008592 -0.007639 0.007977
v 0.009028 -0.006723 0.007549
v 0.009074 -0.007610 0.005471
v 0.009309 -0.006550 0.005013
v 0.008973 -0.005805 0.009678
v 0.008355 -0.005659 0.012240
v 0.007503 -0.005241 0.014745
v 0.006692 -0.005740 0.014991
v 0.007672 -0.006335 0.012571
v 0.007103 -0.008034 0.010786
v 0.007846 -0.007402 0.010451
v 0.008025 -0.008446 0.008378
v 0.001979 -0.009237 0.011778
v 0.003845 -0.006594 0.015510
v 0.004099 -0.009149 0.011492
v 0.004839 -0.006422 0.015374
v 0.005192 -0.008954 0.011327
v 0.005803 -0.006135 0.015202
v 0.006228 -0.008567 0.011088
v 0.006685 -0.008314 0.010942
v 0.008208 -0.009464 0.006344
v 0.007335 -0.009158 0.008752
v -0.000075 -0.009644 0.011266
v 0.002146 -0.011864 0.007866
v 0.003284 -0.011854 0.007732
v 0.004447 -0.011764 0.007595
v 0.008810 -0.009499 0.003895
v 0.008704 -0.008584 0.005917
v 0.009403 -0.005446 0.004565
v 0.009390 -0.004342 0.004147
v 0.009356 -0.003252 0.003767
v 0.008563 -0.011419 0.002362
v 0.008389 -0.010456 0.004341
v 0.007825 -0.011348 0.004777
v 0.007578 -0.010264 0.006752
v 0.007194 -0.010636 0.006947
v 0.006226 -0.011282 0.007295
v 0.006794 -0.013729 0.003445
v 0.006747 -0.010981 0.007132
v 0.007312 -0.013330 0.003257
v 0.007731 -0.012880 0.003044
v 0.008066 -0.012406 0.002819
v 0.004263 0.003802 0.029720
v 0.004043 0.003341 0.029710
v 0.007889 0.003164 0.024863
v 0.007294 0.002976 0.026378
v 0.006399 0.002870 0.027733
v 0.005167 0.002854 0.028834
v 0.003746 0.002927 0.029657
v 0.002553 0.003397 0.030302
v 0.002310 0.003075 0.030218
v 0.008991 0.003342 0.017238
v 0.008814 0.002508 0.020487
v 0.008809 0.001694 0.020746
v 0.006057 0.000128 0.025324
v 0.006372 -0.000505 0.024104
v 0.007041 -0.000044 0.024065
v 0.006816 -0.001748 0.021670
v 0.007532 -0.001257 0.021561
v 0.007110 -0.002952 0.019288
v 0.007847 -0.002426 0.019113
v 0.008062 -0.003546 0.016747
v 0.008666 -0.002842 0.016470
v 0.008805 -0.003868 0.014131
v 0.009197 -0.002995 0.013773
v 0.009264 -0.003934 0.011475
v 0.009432 -0.003808 0.008837
v 0.009082 -0.000140 0.018364
v 0.009268 -0.001115 0.015836
v 0.000857 0.003045 0.030457
v 0.008282 0.002675 0.023487
v 0.007816 0.002453 0.025043
v 0.007090 0.002322 0.026488
v 0.006074 0.002307 0.027762
v 0.004789 0.002397 0.028793
v 0.003394 0.002565 0.029568
v 0.001760 0.002519 0.029982
v 0.000562 0.002607 0.030210
v 0.000868 0.000951 0.028510
v 0.001123 0.000360 0.027664
v 0.002253 0.000842 0.028120
v 0.002650 0.000234 0.027166
v 0.003908 0.000754 0.027476
v 0.004323 0.000114 0.026379
v 0.005650 0.000767 0.026530
v 0.006691 0.000575 0.025320
v 0.007600 0.000524 0.023984
v 0.008127 -0.000644 0.021411
v 0.008456 -0.001768 0.018897
v 0.009078 -0.002016 0.016160
v 0.009370 -0.002049 0.013411
v -0.000075 0.003119 0.030546
v -0.000075 0.003030 0.030499
v -0.000075 0.003192 0.030582
v -0.000075 0.003188 0.030580
v 0.000410 0.002398 0.030066
v -0.000075 0.003027 0.030498
v -0.000075 0.002875 0.030411
v 0.008877 -0.000991 0.018642
v 0.008759 0.000878 0.020992
v 0.008545 0.000082 0.021218
v 0.008215 0.001926 0.023690
v 0.007999 0.001193 0.023859
v 0.007604 0.001758 0.025183
v 0.007221 0.001120 0.025275
v 0.006731 0.001719 0.026547
v 0.006238 0.001199 0.026558
v 0.005630 0.001816 0.027743
v 0.005102 0.001401 0.027684
v 0.004340 0.002005 0.028713
v 0.003325 0.001372 0.028467
v 0.002596 0.001961 0.029312
v 0.001755 0.001437 0.028961
v 0.001181 0.002024 0.029665
v 0.000572 0.001558 0.029265
v 0.000253 0.002195 0.029907
v -0.000075 0.002874 0.030410
v -0.000075 0.002727 0.030317
v -0.000075 0.002600 0.030231
v -0.000075 0.002591 0.030225
v -0.000075 0.002578 0.030216
v -0.000075 0.002582 0.030219
v -0.000075 0.002569 0.030210
v -0.000075 0.002556 0.030200
v -0.000075 0.002565 0.030207
v -0.000075 0.002530 0.030181
v -0.000072 0.002497 0.030157
v -0.000065 0.002416 0.030096
v -0.000075 0.002618 0.030244
v -0.000033 0.002265 0.029974
v -0.000075 0.002653 0.030269
v 0.000092 0.001997 0.029736
v -0.000075 0.002112 0.029842
v 0.000009 0.001900 0.029645
v -0.000054 0.002222 0.029938
v -0.000075 0.002179 0.029901
v 0.000253 0.001337 0.029034
v -0.000075 0.001804 0.029550
v -0.000075 0.001127 0.028788
v -0.000075 -0.000057 0.027110
v 0.000532 0.000140 0.027394
v -0.000075 -0.001006 0.025555
v 0.005196 -0.002430 0.021787
v 0.006026 -0.002132 0.021743
v 0.005635 -0.000872 0.024109
v 0.006293 -0.003363 0.019425
v 0.005428 -0.003678 0.019531
v 0.004535 -0.003916 0.019612
v 0.003485 -0.002854 0.021814
v 0.003625 -0.004091 0.019673
v 0.001781 -0.004296 0.019750
v 0.004862 -0.001165 0.024088
v 0.003277 -0.001621 0.023980
v 0.001630 -0.001961 0.023784
v -0.000075 -0.002195 0.023500
v -0.000075 -0.001144 0.025319
v 0.004627 -0.000527 0.025240
v 0.007325 -0.004115 0.016981
v 0.008223 -0.004622 0.014459
v 0.008902 -0.004854 0.011870
v 0.009298 -0.004837 0.009254
v 0.009113 0.000733 0.018080
v 0.009102 0.001605 0.017797
v 0.009127 0.002569 0.014653
v -0.000075 -0.004351 0.019780
v 0.004425 -0.000086 -0.000996
v 0.004425 0.000424 -0.000906
v 0.004425 -0.000573 -0.000820
v 0.004425 -0.000906 -0.000424
v 0.004425 -0.000996 0.000086
v 0.004425 -0.000820 0.000573
v 0.004425 -0.000424 0.000906
v 0.004425 0.000086 0.000996
v 0.004425 0.000573 0.000820
v 0.004425 0.000996 -0.000086
v 0.004425 0.000906 0.000424
v 0.004425 0.000820 -0.000573
v 0.002425 -0.013826 0.001383
v 0.002425 -0.007653 0.009883
v 0.002878 -0.013809 0.001317
v 0.003117 -0.007553 0.009811
v 0.003140 -0.013787 0.001212
v 0.003295 -0.013772 0.001119
v 0.003839 -0.007179 0.009539
v 0.003683 -0.013744 0.000738
v 0.004335 -0.013720 -0.000863
v 0.004263 -0.013769 -0.000602
v 0.004301 -0.006595 0.009115
v 0.004082 -0.013781 -0.000053
v 0.003851 -0.013750 0.000471
v 0.004380 -0.013655 -0.001066
v 0.004425 -0.006035 0.008708
v 0.004425 -0.013430 -0.001476
v 0.004425 0.005914 0.000031
v 0.004425 0.005470 -0.000905
v 0.004425 0.005011 -0.001833
v 0.004425 0.003230 -0.001530
v 0.004425 0.001420 -0.001473
v 0.004425 0.001388 -0.001474
v 0.004425 -0.000532 -0.001614
v 0.004425 -0.001102 -0.001682
v 0.004425 -0.004174 -0.002147
v 0.004425 -0.006919 -0.002632
v 0.004425 -0.008125 -0.002864
v 0.004425 -0.009069 -0.003005
v 0.004425 -0.010038 -0.003043
v 0.004425 -0.010359 -0.003021
v 0.004425 -0.010989 -0.002918
v 0.004425 -0.011632 -0.002720
v 0.004425 -0.011896 -0.002610
v 0.004425 -0.013099 -0.001826
v 0.004425 -0.012623 -0.002202
v 0.004780 0.006419 -0.000017
v 0.004908 0.006486 0.000077
v 0.004427 0.005955 0.000001
v 0.004435 0.005995 -0.000028
v 0.004494 0.006134 -0.000095
v 0.004432 0.005056 -0.001931
v 0.004425 0.005020 -0.001854
v 0.004425 0.005014 -0.001840
v 0.004598 0.006270 -0.000100
v 0.004692 0.006356 -0.000067
v 0.005026 0.006525 0.000188
v 0.004919 0.006490 0.000087
v 0.004740 0.004148 -0.002124
v 0.004459 0.004198 -0.001845
v 0.004460 0.001425 -0.001657
v 0.004740 0.003254 -0.001999
v 0.004570 0.003265 -0.001887
v 0.004570 0.004168 -0.002013
v 0.004459 0.003283 -0.001717
v 0.004925 0.003718 -0.002091
v 0.004925 0.003250 -0.002035
v 0.004925 0.002007 -0.001968
v 0.004571 0.001429 -0.001827
v 0.004741 0.001432 -0.001938
v 0.004925 0.001433 -0.001973
v 0.004459 0.001393 -0.001655
v 0.004570 0.001398 -0.001826
v 0.004740 0.001401 -0.001939
v 0.004925 0.001402 -0.001974
v 0.004570 -0.013703 -0.001698
v 0.004459 -0.013570 -0.001590
v 0.004459 -0.013222 -0.001959
v 0.004459 -0.010044 -0.003224
v 0.004459 -0.009058 -0.003185
v 0.004459 -0.008093 -0.003042
v 0.004459 -0.006201 -0.002679
v 0.004459 -0.002411 -0.002051
v 0.004459 -0.000512 -0.001794
v 0.004459 -0.011030 -0.003094
v 0.004459 -0.011970 -0.002774
v 0.004459 -0.012834 -0.002275
v 0.004740 -0.000481 -0.002076
v 0.004740 -0.010055 -0.003507
v 0.004740 -0.009028 -0.003467
v 0.004925 -0.009024 -0.003503
v 0.004740 -0.008042 -0.003322
v 0.004925 -0.007847 -0.003322
v 0.004740 -0.006150 -0.002958
v 0.004925 -0.003211 -0.002499
v 0.004740 -0.002368 -0.002331
v 0.004925 -0.001751 -0.002276
v 0.004925 -0.000227 -0.002084
v 0.004925 -0.009626 -0.003544
v 0.004925 -0.010056 -0.003543
v 0.004740 -0.011095 -0.003370
v 0.004925 -0.010921 -0.003444
v 0.004925 -0.011103 -0.003405
v 0.004925 -0.012154 -0.003041
v 0.004740 -0.012088 -0.003033
v 0.004925 -0.013021 -0.002533
v 0.004740 -0.013000 -0.002504
v 0.004925 -0.013191 -0.002405
v 0.004740 -0.013414 -0.002168
v 0.004925 -0.013818 -0.001791
v 0.004740 -0.013790 -0.001769
v 0.004570 -0.013338 -0.002085
v 0.004570 -0.012934 -0.002413
v 0.004570 -0.012041 -0.002930
v 0.004570 -0.011069 -0.003260
v 0.004570 -0.010051 -0.003395
v 0.004570 -0.009040 -0.003355
v 0.004570 -0.008062 -0.003211
v 0.004570 -0.006170 -0.002847
v 0.004570 -0.002385 -0.002220
v 0.004570 -0.000493 -0.001964
v 0.002960 -0.014625 0.001336
v 0.002991 -0.014675 0.001437
v 0.002425 -0.014697 0.001497
v 0.002425 -0.013985 0.001241
v 0.003252 -0.014118 0.000957
v 0.003249 -0.013978 0.000989
v 0.003579 -0.013967 0.000700
v 0.003862 -0.014537 0.000879
v 0.003949 -0.014561 0.000955
v 0.003595 -0.014609 0.001214
v 0.002896 -0.014425 0.001166
v 0.002425 -0.014399 0.001206
v 0.002425 -0.014295 0.001181
v 0.004218 -0.014367 -0.000109
v 0.004136 -0.014262 -0.000136
v 0.004346 -0.014197 -0.000676
v 0.004915 -0.013984 -0.001570
v 0.004678 -0.014134 -0.001245
v 0.003899 -0.014261 0.000331
v 0.003976 -0.014378 0.000370
v 0.004074 -0.014462 0.000421
v 0.004505 -0.014008 -0.001218
v 0.004524 -0.014356 -0.000654
v 0.004317 -0.014443 -0.000073
v 0.004179 -0.014510 0.000478
v 0.004155 -0.014537 0.000721
v 0.002425 -0.014580 0.001319
v 0.002927 -0.014542 0.001241
v 0.003385 -0.014509 0.001076
v 0.002856 -0.014002 0.001166
v 0.002858 -0.014138 0.001126
v 0.002872 -0.014285 0.001125
v 0.003324 -0.014401 0.001003
v 0.003278 -0.014265 0.000961
v 0.003583 -0.014110 0.000684
v 0.003844 -0.013985 0.000313
v 0.004248 -0.013868 -0.000631
v 0.004073 -0.013888 -0.000136
v 0.003866 -0.013859 0.000331
v 0.003603 -0.013843 0.000738
v 0.003266 -0.013861 0.001047
v 0.003770 -0.014478 0.000804
v 0.003685 -0.014383 0.000740
v 0.003619 -0.014255 0.000697
v 0.003854 -0.014124 0.000312
v 0.004084 -0.014138 -0.000149
v 0.004064 -0.014009 -0.000149
v 0.004287 -0.014090 -0.000670
v 0.004255 -0.013977 -0.000654
v 0.004400 -0.013832 -0.001152
v 0.002864 -0.013891 0.001235
v 0.003450 -0.014581 0.001165
v 0.004869 -0.014186 -0.001230
v 0.004817 -0.014300 -0.000975
v 0.004750 -0.014390 -0.000702
v 0.004564 -0.014494 -0.000097
v 0.004284 -0.014526 0.000526
v 0.002425 -0.014188 0.001179
v 0.003253 -0.014651 0.001365
v -0.004570 -0.013703 -0.001698
v -0.004740 -0.013790 -0.001769
v -0.004740 -0.013414 -0.002168
v -0.004740 -0.009028 -0.003467
v -0.004925 -0.009024 -0.003503
v -0.004925 -0.007847 -0.003322
v -0.004740 -0.000481 -0.002076
v -0.004925 -0.000227 -0.002084
v -0.004925 0.001402 -0.001974
v -0.004459 -0.012834 -0.002275
v -0.004425 -0.013066 -0.001856
v -0.004459 -0.013222 -0.001959
v -0.004425 -0.013430 -0.001476
v -0.004459 -0.010044 -0.003224
v -0.004425 -0.010846 -0.002949
v -0.004459 -0.011030 -0.003094
v -0.004425 -0.011896 -0.002610
v -0.004459 -0.011970 -0.002774
v -0.004425 -0.012113 -0.002505
v -0.004425 -0.012728 -0.002128
v -0.004425 -0.009077 -0.003006
v -0.004425 -0.009766 -0.003047
v -0.004425 -0.010038 -0.003043
v -0.004459 -0.009058 -0.003185
v -0.004459 -0.008093 -0.003042
v -0.004425 -0.008249 -0.002886
v -0.004459 -0.006201 -0.002679
v -0.004425 -0.006453 -0.002542
v -0.004459 -0.002411 -0.002051
v -0.004425 -0.002438 -0.001872
v -0.004425 -0.001312 -0.001710
v -0.004459 -0.000512 -0.001794
v -0.004425 -0.000532 -0.001614
v -0.004425 0.001388 -0.001474
v -0.004459 0.001393 -0.001655
v -0.004570 0.001398 -0.001826
v -0.004925 -0.001751 -0.002276
v -0.004740 -0.002368 -0.002331
v -0.004925 -0.003211 -0.002499
v -0.004740 -0.006150 -0.002958
v -0.004740 -0.008042 -0.003322
v -0.004925 -0.009626 -0.003544
v -0.004740 -0.010055 -0.003507
v -0.004925 -0.010056 -0.003543
v -0.004459 -0.013570 -0.001590
v -0.004570 -0.013338 -0.002085
v -0.004570 -0.012934 -0.002413
v -0.004570 -0.012041 -0.002930
v -0.004570 -0.011069 -0.003260
v -0.004570 -0.010051 -0.003395
v -0.004570 -0.009040 -0.003355
v -0.004570 -0.008062 -0.003211
v -0.004570 -0.006170 -0.002847
v -0.004570 -0.002385 -0.002220
v -0.004570 -0.000493 -0.001964
v -0.004740 0.001401 -0.001939
v -0.004740 -0.013000 -0.002504
v -0.004740 -0.012087 -0.003033
v -0.004740 -0.011095 -0.003370
v -0.004925 -0.010921 -0.003444
v -0.004925 -0.011103 -0.003405
v -0.004925 -0.012154 -0.003041
v -0.004925 -0.013021 -0.002533
v -0.004925 -0.013191 -0.002405
v -0.004925 -0.013818 -0.001792
v -0.004504 -0.014010 -0.001214
v -0.003121 -0.013789 0.001221
v -0.002876 -0.013810 0.001318
v -0.002862 -0.013891 0.001235
v -0.003864 -0.013859 0.000334
v -0.003843 -0.013985 0.000316
v -0.004062 -0.014009 -0.000145
v -0.004247 -0.013868 -0.000628
v -0.004321 -0.013733 -0.000809
v -0.004104 -0.013784 -0.000113
v -0.004080 -0.013781 -0.000046
v -0.003907 -0.013755 0.000362
v -0.004177 -0.014511 0.000481
v -0.004279 -0.014526 0.000533
v -0.004407 -0.014517 0.000290
v -0.003347 -0.014640 0.001330
v -0.003511 -0.014620 0.001258
v -0.003449 -0.014582 0.001166
v -0.002989 -0.014675 0.001438
v -0.003974 -0.014378 0.000372
v -0.004072 -0.014462 0.000424
v -0.004216 -0.014367 -0.000106
v -0.004316 -0.014443 -0.000070
v -0.004426 -0.014289 -0.000666
v -0.004523 -0.014356 -0.000650
v -0.004678 -0.014137 -0.001241
v -0.004730 -0.014409 -0.000626
v -0.004345 -0.014198 -0.000672
v -0.004135 -0.014262 -0.000133
v -0.003897 -0.014261 0.000334
v -0.004072 -0.013888 -0.000133
v -0.004254 -0.013978 -0.000651
v -0.004379 -0.013656 -0.001063
v -0.004399 -0.013833 -0.001148
v -0.002425 -0.013826 0.001383
v -0.002425 -0.013985 0.001241
v -0.002854 -0.014002 0.001167
v -0.002425 -0.014188 0.001179
v -0.003293 -0.013772 0.001120
v -0.003264 -0.013861 0.001048
v -0.003247 -0.013978 0.000990
v -0.002856 -0.014138 0.001127
v -0.002425 -0.014295 0.001181
v -0.002425 -0.014697 0.001497
v -0.002958 -0.014625 0.001337
v -0.002425 -0.014580 0.001319
v -0.002925 -0.014542 0.001241
v -0.002425 -0.014399 0.001206
v -0.002894 -0.014425 0.001166
v -0.002870 -0.014285 0.001126
v -0.003250 -0.014118 0.000958
v -0.003578 -0.013967 0.000702
v -0.003601 -0.013843 0.000740
v -0.003684 -0.013744 0.000737
v -0.003383 -0.014509 0.001077
v -0.003323 -0.014401 0.001004
v -0.003276 -0.014265 0.000962
v -0.003582 -0.014110 0.000686
v -0.004868 -0.014188 -0.001226
v -0.004904 -0.014055 -0.001462
v -0.004915 -0.013982 -0.001572
v -0.003941 -0.014562 0.000962
v -0.003860 -0.014537 0.000881
v -0.003768 -0.014479 0.000806
v -0.003683 -0.014383 0.000741
v -0.003618 -0.014255 0.000699
v -0.003852 -0.014124 0.000315
v -0.004082 -0.014138 -0.000146
v -0.004286 -0.014091 -0.000667
v -0.002425 -0.007653 0.009883
v -0.004301 -0.006595 0.009115
v -0.003839 -0.007179 0.009539
v -0.004425 -0.006035 0.008708
v -0.003117 -0.007553 0.009811
v -0.008833 -0.000650 -0.000466
v -0.008821 -0.000725 -0.000339
v -0.008768 -0.000691 -0.000402
v -0.008725 -0.000384 0.000702
v -0.008721 -0.000339 0.000725
v -0.008662 -0.000339 0.000725
v -0.008525 0.000384 -0.000702
v -0.008521 0.000339 -0.000725
v -0.008462 0.000339 -0.000725
v -0.008390 -0.000799 0.000043
v -0.008388 -0.000797 0.000069
v -0.008329 -0.000797 0.000069
v -0.008125 0.000384 -0.000702
v -0.008121 0.000339 -0.000725
v -0.008062 0.000339 -0.000725
v -0.007925 -0.000384 0.000702
v -0.007921 -0.000339 0.000725
v -0.007862 -0.000339 0.000725
v -0.007790 0.000799 -0.000043
v -0.007788 0.000797 -0.000069
v -0.007729 0.000797 -0.000069
v -0.007633 -0.000650 -0.000466
v -0.007621 -0.000725 -0.000339
v -0.007568 -0.000691 -0.000402
v -0.007590 -0.000799 0.000043
v -0.007588 -0.000797 0.000069
v -0.007529 -0.000797 0.000069
v -0.007525 -0.000384 0.000702
v -0.007521 -0.000339 0.000725
v -0.007462 -0.000339 0.000725
v -0.007325 0.000384 -0.000702
v -0.007321 0.000339 -0.000725
v -0.007262 0.000339 -0.000725
v -0.007190 -0.000799 0.000043
v -0.007188 -0.000797 0.000069
v -0.007129 -0.000797 0.000069
v -0.007125 -0.000384 0.000702
v -0.007121 -0.000339 0.000725
v -0.007062 -0.000339 0.000725
v -0.006925 0.000384 -0.000702
v -0.006921 0.000339 -0.000725
v -0.006862 0.000339 -0.000725
v -0.006725 -0.000384 0.000702
v -0.006721 -0.000339 0.000725
v -0.006662 -0.000339 0.000725
v -0.006590 0.000799 -0.000043
v -0.006588 0.000797 -0.000069
v -0.006529 0.000797 -0.000069
v -0.006525 0.000384 -0.000702
v -0.006521 0.000339 -0.000725
v -0.006462 0.000339 -0.000725
v -0.006325 -0.000384 0.000702
v -0.006321 -0.000339 0.000725
v -0.006262 -0.000339 0.000725
v -0.006233 0.000650 0.000466
v -0.006221 0.000725 0.000339
v -0.006168 0.000692 0.000402
v -0.006190 0.000799 -0.000043
v -0.006188 0.000797 -0.000069
v -0.006129 0.000797 -0.000069
v -0.006125 0.000384 -0.000702
v -0.006121 0.000339 -0.000725
v -0.006062 0.000339 -0.000725
v -0.005990 -0.000799 0.000043
v -0.005988 -0.000797 0.000069
v -0.005929 -0.000797 0.000069
v -0.005925 -0.000384 0.000702
v -0.005921 -0.000339 0.000725
v -0.005862 -0.000339 0.000725
v -0.005725 0.000384 -0.000702
v -0.005721 0.000339 -0.000725
v -0.005662 0.000339 -0.000725
v -0.005590 -0.000799 0.000043
v -0.005588 -0.000797 0.000069
v -0.005529 -0.000797 0.000069
v -0.005525 -0.000384 0.000702
v -0.005521 -0.000339 0.000725
v -0.005462 -0.000339 0.000725
v -0.005433 0.000650 0.000466
v -0.005421 0.000725 0.000339
v -0.005368 0.000691 0.000402
v -0.005390 0.000799 -0.000043
v -0.005388 0.000797 -0.000069
v -0.005329 0.000797 -0.000069
v -0.005325 0.000384 -0.000702
v -0.005321 0.000339 -0.000725
v -0.005262 0.000339 -0.000725
v -0.005125 -0.000384 0.000702
v -0.005121 -0.000339 0.000725
v -0.005062 -0.000339 0.000725
v -0.004990 0.000799 -0.000043
v -0.004988 0.000797 -0.000069
v -0.004929 0.000797 -0.000069
v -0.004925 0.000384 -0.000702
v -0.004921 0.000339 -0.000725
v -0.004862 0.000339 -0.000725
v -0.004833 -0.000650 -0.000466
v -0.004821 -0.000725 -0.000339
v -0.004768 -0.000691 -0.000402
v -0.004790 -0.000799 0.000043
v -0.004788 -0.000797 0.000069
v -0.004729 -0.000797 0.000069
v -0.004425 -0.000704 -0.000380
v -0.004425 -0.000458 -0.000656
v -0.004433 -0.000650 -0.000466
v -0.004455 -0.000458 -0.000656
v -0.004482 -0.000140 -0.000788
v -0.004425 -0.000115 -0.000792
v -0.004488 -0.000069 -0.000797
v -0.004429 -0.000069 -0.000797
v -0.004504 0.000130 -0.000789
v -0.004447 0.000155 -0.000785
v -0.004521 0.000339 -0.000725
v -0.004462 0.000339 -0.000725
v -0.004525 0.000384 -0.000702
v -0.004468 0.000406 -0.000689
v -0.004547 0.000595 -0.000534
v -0.004490 0.000612 -0.000515
v -0.004555 0.000656 -0.000458
v -0.004495 0.000656 -0.000458
v -0.004568 0.000739 -0.000306
v -0.004511 0.000748 -0.000283
v -0.004588 0.000797 -0.000069
v -0.004529 0.000797 -0.000069
v -0.004590 0.000799 -0.000043
v -0.004533 0.000800 -0.000018
v -0.004535 0.000800 0.000006
v -0.004612 0.000768 0.000224
v -0.004554 0.000760 0.000248
v -0.004621 0.000725 0.000339
v -0.004558 0.000745 0.000292
v -0.004562 0.000725 0.000339
v -0.004633 0.000650 0.000466
v -0.004576 0.000635 0.000487
v -0.004655 0.000458 0.000656
v -0.004595 0.000458 0.000656
v -0.004605 0.000353 0.000718
v -0.004682 0.000140 0.000788
v -0.004617 0.000214 0.000771
v -0.004688 0.000069 0.000797
v -0.004629 0.000069 0.000797
v -0.004704 -0.000130 0.000789
v -0.004638 -0.000054 0.000798
v -0.004721 -0.000339 0.000725
v -0.004660 -0.000316 0.000735
v -0.004662 -0.000339 0.000725
v -0.004725 -0.000384 0.000702
v -0.004674 -0.000464 0.000651
v -0.004747 -0.000595 0.000534
v -0.004682 -0.000542 0.000589
v -0.004755 -0.000656 0.000458
v -0.004695 -0.000656 0.000458
v -0.004768 -0.000739 0.000306
v -0.004703 -0.000706 0.000375
v -0.004725 -0.000791 0.000120
v -0.004812 -0.000768 -0.000224
v -0.004746 -0.000786 -0.000150
v -0.004762 -0.000725 -0.000339
v -0.004829 -0.000069 -0.000797
v -0.004887 -0.000079 -0.000796
v -0.004882 -0.000140 -0.000788
v -0.004855 -0.000458 -0.000656
v -0.004795 -0.000458 -0.000656
v -0.004817 -0.000214 -0.000771
v -0.004904 0.000130 -0.000789
v -0.004838 0.000054 -0.000798
v -0.004860 0.000316 -0.000735
v -0.004947 0.000595 -0.000534
v -0.004882 0.000542 -0.000589
v -0.004955 0.000656 -0.000458
v -0.004895 0.000656 -0.000458
v -0.004968 0.000739 -0.000306
v -0.004903 0.000706 -0.000375
v -0.004925 0.000791 -0.000120
v -0.004995 0.000458 0.000656
v -0.005055 0.000458 0.000656
v -0.005050 0.000506 0.000620
v -0.005012 0.000768 0.000224
v -0.004946 0.000786 0.000150
v -0.005021 0.000725 0.000339
v -0.004962 0.000725 0.000339
v -0.004968 0.000691 0.000402
v -0.005033 0.000650 0.000466
v -0.005029 0.000069 0.000797
v -0.005088 0.000069 0.000797
v -0.005082 0.000140 0.000788
v -0.005017 0.000214 0.000771
v -0.005104 -0.000130 0.000789
v -0.005038 -0.000054 0.000798
v -0.005060 -0.000316 0.000735
v -0.005147 -0.000595 0.000534
v -0.005082 -0.000542 0.000589
v -0.005155 -0.000656 0.000458
v -0.005095 -0.000656 0.000458
v -0.005168 -0.000739 0.000306
v -0.005103 -0.000706 0.000375
v -0.005188 -0.000797 0.000069
v -0.005125 -0.000791 0.000120
v -0.005129 -0.000797 0.000069
v -0.005221 -0.000725 -0.000339
v -0.005212 -0.000768 -0.000224
v -0.005146 -0.000786 -0.000150
v -0.005190 -0.000799 0.000043
v -0.005162 -0.000725 -0.000339
v -0.005168 -0.000691 -0.000402
v -0.005233 -0.000650 -0.000466
v -0.005255 -0.000458 -0.000656
v -0.005195 -0.000458 -0.000656
v -0.005204 -0.000363 -0.000713
v -0.005282 -0.000140 -0.000788
v -0.005217 -0.000214 -0.000771
v -0.005288 -0.000069 -0.000797
v -0.005229 -0.000069 -0.000797
v -0.005304 0.000130 -0.000789
v -0.005238 0.000054 -0.000798
v -0.005260 0.000316 -0.000735
v -0.005347 0.000595 -0.000534
v -0.005282 0.000542 -0.000589
v -0.005355 0.000656 -0.000458
v -0.005295 0.000656 -0.000458
v -0.005368 0.000739 -0.000306
v -0.005303 0.000706 -0.000375
v -0.005325 0.000791 -0.000120
v -0.005412 0.000768 0.000224
v -0.005346 0.000786 0.000150
v -0.005362 0.000725 0.000339
v -0.005455 0.000458 0.000656
v -0.005395 0.000458 0.000656
v -0.005482 0.000140 0.000788
v -0.005417 0.000214 0.000771
v -0.005429 0.000069 0.000797
v -0.005488 0.000069 0.000797
v -0.005488 0.000064 0.000797
v -0.005504 -0.000130 0.000789
v -0.005438 -0.000054 0.000798
v -0.005460 -0.000316 0.000735
v -0.005547 -0.000595 0.000534
v -0.005482 -0.000542 0.000589
v -0.005555 -0.000656 0.000458
v -0.005495 -0.000656 0.000458
v -0.005568 -0.000739 0.000306
v -0.005503 -0.000706 0.000375
v -0.005525 -0.000791 0.000120
v -0.005595 -0.000458 -0.000656
v -0.005655 -0.000458 -0.000656
v -0.005651 -0.000495 -0.000628
v -0.005612 -0.000768 -0.000224
v -0.005546 -0.000786 -0.000150
v -0.005621 -0.000725 -0.000339
v -0.005562 -0.000725 -0.000339
v -0.005568 -0.000691 -0.000402
v -0.005633 -0.000650 -0.000466
v -0.005629 -0.000069 -0.000797
v -0.005688 -0.000069 -0.000797
v -0.005682 -0.000140 -0.000788
v -0.005617 -0.000214 -0.000771
v -0.005704 0.000130 -0.000789
v -0.005638 0.000054 -0.000798
v -0.005660 0.000316 -0.000735
v -0.005747 0.000595 -0.000534
v -0.005682 0.000542 -0.000589
v -0.005755 0.000656 -0.000458
v -0.005695 0.000656 -0.000458
v -0.005768 0.000739 -0.000306
v -0.005703 0.000706 -0.000375
v -0.005788 0.000797 -0.000069
v -0.005725 0.000791 -0.000120
v -0.005729 0.000797 -0.000069
v -0.005821 0.000725 0.000339
v -0.005812 0.000768 0.000224
v -0.005746 0.000786 0.000150
v -0.005790 0.000799 -0.000043
v -0.005762 0.000725 0.000339
v -0.005768 0.000691 0.000402
v -0.005833 0.000650 0.000466
v -0.005855 0.000458 0.000656
v -0.005795 0.000458 0.000656
v -0.005806 0.000347 0.000721
v -0.005882 0.000140 0.000788
v -0.005817 0.000214 0.000771
v -0.005888 0.000069 0.000797
v -0.005829 0.000069 0.000797
v -0.005904 -0.000130 0.000789
v -0.005838 -0.000054 0.000798
v -0.005860 -0.000316 0.000735
v -0.005947 -0.000595 0.000534
v -0.005882 -0.000542 0.000589
v -0.005955 -0.000656 0.000458
v -0.005895 -0.000656 0.000458
v -0.005968 -0.000739 0.000306
v -0.005903 -0.000706 0.000375
v -0.005925 -0.000791 0.000120
v -0.006012 -0.000768 -0.000224
v -0.005946 -0.000786 -0.000150
v -0.006021 -0.000725 -0.000339
v -0.005962 -0.000725 -0.000339
v -0.006033 -0.000650 -0.000466
v -0.005968 -0.000691 -0.000402
v -0.006043 -0.000573 -0.000558
v -0.005995 -0.000458 -0.000656
v -0.006055 -0.000458 -0.000656
v -0.006029 -0.000069 -0.000797
v -0.006088 -0.000069 -0.000797
v -0.006082 -0.000140 -0.000788
v -0.006017 -0.000214 -0.000771
v -0.006104 0.000130 -0.000789
v -0.006038 0.000054 -0.000798
v -0.006060 0.000316 -0.000735
v -0.006147 0.000595 -0.000534
v -0.006082 0.000542 -0.000589
v -0.006155 0.000656 -0.000458
v -0.006095 0.000656 -0.000458
v -0.006168 0.000739 -0.000306
v -0.006103 0.000706 -0.000375
v -0.006125 0.000791 -0.000120
v -0.006212 0.000768 0.000224
v -0.006146 0.000786 0.000150
v -0.006162 0.000725 0.000339
v -0.006229 0.000069 0.000797
v -0.006288 0.000069 0.000797
v -0.006282 0.000140 0.000788
v -0.006250 0.000503 0.000622
v -0.006195 0.000458 0.000656
v -0.006255 0.000458 0.000656
v -0.006200 0.000414 0.000684
v -0.006217 0.000214 0.000771
v -0.006304 -0.000130 0.000789
v -0.006238 -0.000054 0.000798
v -0.006260 -0.000316 0.000735
v -0.006347 -0.000595 0.000534
v -0.006282 -0.000542 0.000589
v -0.006355 -0.000656 0.000458
v -0.006295 -0.000656 0.000458
v -0.006368 -0.000739 0.000306
v -0.006303 -0.000706 0.000375
v -0.006388 -0.000797 0.000069
v -0.006325 -0.000791 0.000120
v -0.006329 -0.000797 0.000069
v -0.006421 -0.000725 -0.000339
v -0.006412 -0.000768 -0.000224
v -0.006346 -0.000786 -0.000150
v -0.006390 -0.000799 0.000043
v -0.006362 -0.000725 -0.000339
v -0.006368 -0.000691 -0.000402
v -0.006433 -0.000650 -0.000466
v -0.006455 -0.000458 -0.000656
v -0.006395 -0.000458 -0.000656
v -0.006407 -0.000334 -0.000727
v -0.006482 -0.000140 -0.000788
v -0.006417 -0.000214 -0.000771
v -0.006488 -0.000069 -0.000797
v -0.006429 -0.000069 -0.000797
v -0.006504 0.000130 -0.000789
v -0.006438 0.000054 -0.000798
v -0.006460 0.000316 -0.000735
v -0.006547 0.000595 -0.000534
v -0.006482 0.000542 -0.000589
v -0.006555 0.000656 -0.000458
v -0.006495 0.000656 -0.000458
v -0.006568 0.000739 -0.000306
v -0.006503 0.000706 -0.000375
v -0.006525 0.000791 -0.000120
v -0.006612 0.000768 0.000224
v -0.006546 0.000786 0.000150
v -0.006621 0.000725 0.000339
v -0.006562 0.000725 0.000339
v -0.006633 0.000650 0.000466
v -0.006568 0.000691 0.000402
v -0.006644 0.000563 0.000568
v -0.006595 0.000458 0.000656
v -0.006655 0.000458 0.000656
v -0.006629 0.000069 0.000797
v -0.006688 0.000069 0.000797
v -0.006682 0.000140 0.000788
v -0.006617 0.000214 0.000771
v -0.006704 -0.000130 0.000789
v -0.006638 -0.000054 0.000798
v -0.006660 -0.000316 0.000735
v -0.006747 -0.000595 0.000534
v -0.006682 -0.000542 0.000589
v -0.006755 -0.000656 0.000458
v -0.006695 -0.000656 0.000458
v -0.006768 -0.000739 0.000306
v -0.006703 -0.000706 0.000375
v -0.006788 -0.000797 0.000069
v -0.006725 -0.000791 0.000120
v -0.006729 -0.000797 0.000069
v -0.006821 -0.000725 -0.000339
v -0.006812 -0.000768 -0.000224
v -0.006746 -0.000786 -0.000150
v -0.006790 -0.000799 0.000043
v -0.006762 -0.000725 -0.000339
v -0.006768 -0.000691 -0.000402
v -0.006833 -0.000650 -0.000466
v -0.006855 -0.000458 -0.000656
v -0.006829 -0.000069 -0.000797
v -0.006888 -0.000069 -0.000797
v -0.006882 -0.000140 -0.000788
v -0.006795 -0.000458 -0.000656
v -0.006801 -0.000402 -0.000692
v -0.006817 -0.000214 -0.000771
v -0.006904 0.000130 -0.000789
v -0.006838 0.000054 -0.000798
v -0.006860 0.000316 -0.000735
v -0.006947 0.000595 -0.000534
v -0.006882 0.000542 -0.000589
v -0.006955 0.000656 -0.000458
v -0.006895 0.000656 -0.000458
v -0.006968 0.000739 -0.000306
v -0.006903 0.000706 -0.000375
v -0.006988 0.000797 -0.000069
v -0.006925 0.000791 -0.000120
v -0.006929 0.000797 -0.000069
v -0.007021 0.000725 0.000339
v -0.007012 0.000768 0.000224
v -0.006946 0.000786 0.000150
v -0.006990 0.000799 -0.000043
v -0.006962 0.000725 0.000339
v -0.006968 0.000691 0.000402
v -0.007033 0.000650 0.000466
v -0.006984 0.000563 0.000568
v -0.007055 0.000458 0.000656
v -0.006995 0.000458 0.000656
v -0.007008 0.000317 0.000734
v -0.007082 0.000140 0.000788
v -0.007017 0.000214 0.000771
v -0.007088 0.000069 0.000797
v -0.007029 0.000069 0.000797
v -0.007104 -0.000130 0.000789
v -0.007038 -0.000054 0.000798
v -0.007060 -0.000316 0.000735
v -0.007147 -0.000595 0.000534
v -0.007082 -0.000542 0.000589
v -0.007155 -0.000656 0.000458
v -0.007095 -0.000656 0.000458
v -0.007168 -0.000739 0.000306
v -0.007103 -0.000706 0.000375
v -0.007125 -0.000791 0.000120
v -0.007212 -0.000768 -0.000224
v -0.007146 -0.000786 -0.000150
v -0.007221 -0.000725 -0.000339
v -0.007162 -0.000725 -0.000339
v -0.007233 -0.000650 -0.000466
v -0.007168 -0.000691 -0.000402
v -0.007245 -0.000550 -0.000581
v -0.007195 -0.000458 -0.000656
v -0.007255 -0.000458 -0.000656
v -0.007229 -0.000069 -0.000797
v -0.007288 -0.000069 -0.000797
v -0.007282 -0.000140 -0.000788
v -0.007217 -0.000214 -0.000771
v -0.007304 0.000130 -0.000789
v -0.007238 0.000054 -0.000798
v -0.007260 0.000316 -0.000735
v -0.007347 0.000595 -0.000534
v -0.007282 0.000542 -0.000589
v -0.007355 0.000656 -0.000458
v -0.007295 0.000656 -0.000458
v -0.007368 0.000739 -0.000306
v -0.007303 0.000706 -0.000375
v -0.007388 0.000797 -0.000069
v -0.007325 0.000791 -0.000120
v -0.007329 0.000797 -0.000069
v -0.007421 0.000725 0.000339
v -0.007412 0.000768 0.000224
v -0.007346 0.000786 0.000150
v -0.007390 0.000799 -0.000043
v -0.007362 0.000725 0.000339
v -0.007368 0.000691 0.000402
v -0.007433 0.000650 0.000466
v -0.007455 0.000458 0.000656
v -0.007429 0.000069 0.000797
v -0.007488 0.000069 0.000797
v -0.007482 0.000140 0.000788
v -0.007395 0.000458 0.000656
v -0.007400 0.000412 0.000686
v -0.007417 0.000214 0.000771
v -0.007504 -0.000130 0.000789
v -0.007438 -0.000054 0.000798
v -0.007460 -0.000316 0.000735
v -0.007547 -0.000595 0.000534
v -0.007482 -0.000542 0.000589
v -0.007555 -0.000656 0.000458
v -0.007495 -0.000656 0.000458
v -0.007568 -0.000739 0.000306
v -0.007503 -0.000706 0.000375
v -0.007525 -0.000791 0.000120
v -0.007612 -0.000768 -0.000224
v -0.007546 -0.000786 -0.000150
v -0.007562 -0.000723 -0.000341
v -0.007629 -0.000069 -0.000797
v -0.007688 -0.000069 -0.000797
v -0.007682 -0.000140 -0.000788
v -0.007655 -0.000458 -0.000656
v -0.007595 -0.000458 -0.000656
v -0.007617 -0.000214 -0.000771
v -0.007704 0.000130 -0.000789
v -0.007638 0.000054 -0.000798
v -0.007721 0.000339 -0.000725
v -0.007660 0.000316 -0.000735
v -0.007662 0.000339 -0.000725
v -0.007682 0.000542 -0.000589
v -0.007747 0.000595 -0.000534
v -0.007731 0.000446 -0.000664
v -0.007725 0.000384 -0.000702
v -0.007755 0.000656 -0.000458
v -0.007695 0.000656 -0.000458
v -0.007768 0.000739 -0.000306
v -0.007703 0.000706 -0.000375
v -0.007725 0.000791 -0.000120
v -0.007812 0.000768 0.000224
v -0.007746 0.000786 0.000150
v -0.007821 0.000725 0.000339
v -0.007762 0.000725 0.000339
v -0.007833 0.000650 0.000466
v -0.007768 0.000692 0.000402
v -0.007846 0.000540 0.000591
v -0.007795 0.000458 0.000656
v -0.007855 0.000458 0.000656
v -0.007829 0.000069 0.000797
v -0.007888 0.000069 0.000797
v -0.007882 0.000140 0.000788
v -0.007817 0.000214 0.000771
v -0.007904 -0.000130 0.000789
v -0.007838 -0.000054 0.000798
v -0.007860 -0.000316 0.000735
v -0.007947 -0.000595 0.000534
v -0.007882 -0.000542 0.000589
v -0.007955 -0.000656 0.000458
v -0.007895 -0.000656 0.000458
v -0.007968 -0.000739 0.000306
v -0.007903 -0.000706 0.000375
v -0.007988 -0.000797 0.000069
v -0.007925 -0.000791 0.000120
v -0.007929 -0.000797 0.000069
v -0.008021 -0.000725 -0.000339
v -0.008012 -0.000768 -0.000224
v -0.007946 -0.000786 -0.000150
v -0.007990 -0.000799 0.000043
v -0.007962 -0.000725 -0.000339
v -0.007968 -0.000691 -0.000402
v -0.008033 -0.000650 -0.000466
v -0.008055 -0.000458 -0.000656
v -0.008029 -0.000069 -0.000797
v -0.008088 -0.000069 -0.000797
v -0.008082 -0.000140 -0.000788
v -0.007995 -0.000458 -0.000656
v -0.008001 -0.000397 -0.000694
v -0.008017 -0.000214 -0.000771
v -0.008104 0.000130 -0.000789
v -0.008038 0.000054 -0.000798
v -0.008060 0.000316 -0.000735
v -0.008147 0.000595 -0.000534
v -0.008082 0.000542 -0.000589
v -0.008155 0.000656 -0.000458
v -0.008095 0.000656 -0.000458
v -0.008168 0.000739 -0.000306
v -0.008103 0.000706 -0.000375
v -0.008188 0.000797 -0.000069
v -0.008125 0.000791 -0.000120
v -0.008129 0.000797 -0.000069
v -0.008221 0.000725 0.000339
v -0.008212 0.000768 0.000224
v -0.008146 0.000786 0.000150
v -0.008190 0.000799 -0.000043
v -0.008229 0.000069 0.000797
v -0.008288 0.000069 0.000797
v -0.008282 0.000140 0.000788
v -0.008162 0.000725 0.000339
v -0.008164 0.000715 0.000359
v -0.008233 0.000650 0.000466
v -0.008168 0.000691 0.000402
v -0.008255 0.000458 0.000656
v -0.008195 0.000458 0.000656
v -0.008217 0.000214 0.000771
v -0.008304 -0.000130 0.000789
v -0.008238 -0.000054 0.000798
v -0.008309 -0.000191 0.000777
v -0.008260 -0.000316 0.000735
v -0.008321 -0.000339 0.000725
v -0.008262 -0.000339 0.000725
v -0.008325 -0.000384 0.000702
v -0.008347 -0.000595 0.000534
v -0.008282 -0.000542 0.000589
v -0.008355 -0.000656 0.000458
v -0.008295 -0.000656 0.000458
v -0.008368 -0.000739 0.000306
v -0.008303 -0.000706 0.000375
v -0.008325 -0.000791 0.000120
v -0.008412 -0.000768 -0.000224
v -0.008346 -0.000786 -0.000150
v -0.008421 -0.000725 -0.000339
v -0.008362 -0.000725 -0.000339
v -0.008433 -0.000650 -0.000466
v -0.008368 -0.000692 -0.000402
v -0.008446 -0.000546 -0.000585
v -0.008395 -0.000458 -0.000656
v -0.008455 -0.000458 -0.000656
v -0.008429 -0.000069 -0.000797
v -0.008488 -0.000069 -0.000797
v -0.008482 -0.000140 -0.000788
v -0.008417 -0.000214 -0.000771
v -0.008504 0.000130 -0.000789
v -0.008438 0.000054 -0.000798
v -0.008460 0.000316 -0.000735
v -0.008547 0.000595 -0.000534
v -0.008482 0.000542 -0.000589
v -0.008555 0.000656 -0.000458
v -0.008495 0.000656 -0.000458
v -0.008568 0.000739 -0.000306
v -0.008503 0.000706 -0.000375
v -0.008588 0.000797 -0.000069
v -0.008525 0.000791 -0.000120
v -0.008529 0.000797 -0.000069
v -0.008621 0.000725 0.000339
v -0.008612 0.000768 0.000224
v -0.008546 0.000786 0.000150
v -0.008590 0.000799 -0.000043
v -0.008562 0.000725 0.000339
v -0.008568 0.000691 0.000402
v -0.008633 0.000650 0.000466
v -0.008655 0.000458 0.000656
v -0.008629 0.000069 0.000797
v -0.008688 0.000069 0.000797
v -0.008682 0.000140 0.000788
v -0.008595 0.000458 0.000656
v -0.008602 0.000384 0.000702
v -0.008617 0.000214 0.000771
v -0.008704 -0.000130 0.000789
v -0.008638 -0.000054 0.000798
v -0.008660 -0.000316 0.000735
v -0.008747 -0.000595 0.000534
v -0.008682 -0.000542 0.000589
v -0.008755 -0.000656 0.000458
v -0.008695 -0.000656 0.000458
v -0.008768 -0.000739 0.000306
v -0.008703 -0.000706 0.000375
v -0.008788 -0.000797 0.000069
v -0.008725 -0.000791 0.000120
v -0.008729 -0.000797 0.000069
v -0.008790 -0.000799 0.000043
v -0.008742 -0.000795 -0.000093
v -0.008812 -0.000768 -0.000224
v -0.008746 -0.000786 -0.000150
v -0.008762 -0.000725 -0.000339
v -0.008855 -0.000458 -0.000656
v -0.008795 -0.000458 -0.000656
v -0.008877 -0.000203 -0.000774
v -0.008817 -0.000214 -0.000771
v -0.008888 -0.000069 -0.000797
v -0.008829 -0.000069 -0.000797
v -0.008899 0.000066 -0.000797
v -0.008838 0.000054 -0.000798
v -0.008860 0.000316 -0.000735
v -0.008920 0.000327 -0.000730
v -0.008862 0.000339 -0.000725
v -0.008931 0.000450 -0.000662
v -0.008882 0.000542 -0.000589
v -0.008942 0.000551 -0.000580
v -0.008955 0.000656 -0.000458
v -0.008895 0.000656 -0.000458
v -0.008963 0.000712 -0.000365
v -0.009054 0.000797 -0.000069
v -0.009052 0.000793 -0.000108
v -0.008929 0.000797 -0.000069
v -0.008985 0.000793 -0.000108
v -0.008925 0.000791 -0.000120
v -0.008903 0.000706 -0.000375
v -0.009070 0.000784 0.000159
v -0.008946 0.000786 0.000150
v -0.009090 0.000725 0.000339
v -0.008962 0.000725 0.000339
v -0.009100 0.000689 0.000407
v -0.008968 0.000691 0.000402
v -0.009149 0.000458 0.000656
v -0.008995 0.000458 0.000656
v -0.009189 0.000213 0.000771
v -0.009017 0.000214 0.000771
v -0.009209 0.000069 0.000797
v -0.009029 0.000069 0.000797
v -0.009225 -0.000057 0.000798
v -0.009038 -0.000054 0.000798
v -0.009060 -0.000316 0.000735
v -0.009254 -0.000321 0.000733
v -0.009062 -0.000339 0.000725
v -0.009273 -0.000546 0.000585
v -0.009082 -0.000542 0.000589
v -0.009280 -0.000656 0.000458
v -0.009095 -0.000656 0.000458
v -0.009283 -0.000709 0.000371
v -0.009103 -0.000706 0.000375
v -0.009283 -0.000791 0.000116
v -0.009125 -0.000791 0.000120
v -0.009282 -0.000797 0.000069
v -0.009129 -0.000797 0.000069
v -0.009273 -0.000786 -0.000150
v -0.009146 -0.000786 -0.000150
v -0.009261 -0.000725 -0.000339
v -0.009162 -0.000725 -0.000339
v -0.009255 -0.000693 -0.000401
v -0.009168 -0.000691 -0.000402
v -0.009217 -0.000458 -0.000656
v -0.009195 -0.000458 -0.000656
v -0.009210 -0.000415 -0.000684
v -0.009199 -0.000415 -0.000684
v -0.009204 -0.000370 -0.000709
v -0.009035 0.000879 -0.000119
v -0.009044 0.000836 -0.000114
v -0.007837 0.000424 -0.000906
v -0.009029 0.000805 -0.000439
v -0.009045 0.000609 -0.000779
v -0.009048 0.000578 -0.000816
v -0.009034 0.000386 -0.000922
v -0.009013 0.000058 -0.000998
v -0.009003 -0.000086 -0.000996
v -0.008991 -0.000276 -0.000961
v -0.008970 -0.000573 -0.000820
v -0.008963 -0.000657 -0.000754
v -0.008942 -0.000870 -0.000493
v -0.008937 -0.000906 -0.000424
v -0.008920 -0.000984 -0.000177
v -0.008903 -0.000996 0.000086
v -0.008899 -0.000987 0.000160
v -0.008877 -0.000878 0.000478
v -0.008870 -0.000820 0.000573
v -0.008856 -0.000670 0.000742
v -0.008837 -0.000424 0.000906
v -0.008834 -0.000386 0.000922
v -0.008813 -0.000058 0.000998
v -0.008803 0.000086 0.000996
v -0.008791 0.000276 0.000961
v -0.008770 0.000573 0.000820
v -0.008763 0.000657 0.000754
v -0.008742 0.000870 0.000493
v -0.008737 0.000906 0.000424
v -0.008720 0.000984 0.000177
v -0.008703 0.000996 -0.000086
v -0.008699 0.000987 -0.000160
v -0.008677 0.000878 -0.000478
v -0.008670 0.000820 -0.000573
v -0.008656 0.000670 -0.000742
v -0.008637 0.000424 -0.000906
v -0.008634 0.000386 -0.000922
v -0.008613 0.000058 -0.000998
v -0.008603 -0.000086 -0.000996
v -0.008591 -0.000276 -0.000961
v -0.008570 -0.000573 -0.000820
v -0.008563 -0.000657 -0.000754
v -0.008542 -0.000870 -0.000493
v -0.008537 -0.000906 -0.000424
v -0.008520 -0.000984 -0.000177
v -0.008503 -0.000996 0.000086
v -0.008499 -0.000987 0.000160
v -0.008477 -0.000878 0.000478
v -0.008470 -0.000820 0.000573
v -0.008456 -0.000670 0.000742
v -0.008437 -0.000424 0.000906
v -0.008434 -0.000386 0.000922
v -0.008413 -0.000058 0.000998
v -0.008403 0.000086 0.000996
v -0.008391 0.000276 0.000961
v -0.008370 0.000573 0.000820
v -0.008363 0.000657 0.000754
v -0.008342 0.000870 0.000493
v -0.008337 0.000906 0.000424
v -0.008320 0.000984 0.000177
v -0.008299 0.000987 -0.000160
v -0.008303 0.000996 -0.000086
v -0.008285 0.000931 -0.000365
v -0.008277 0.000878 -0.000478
v -0.008270 0.000820 -0.000573
v -0.008256 0.000670 -0.000742
v -0.008237 0.000424 -0.000906
v -0.008234 0.000386 -0.000922
v -0.008213 0.000058 -0.000998
v -0.008203 -0.000086 -0.000996
v -0.008191 -0.000276 -0.000961
v -0.008170 -0.000573 -0.000820
v -0.008163 -0.000657 -0.000754
v -0.008142 -0.000870 -0.000493
v -0.008137 -0.000906 -0.000424
v -0.008120 -0.000984 -0.000177
v -0.008103 -0.000996 0.000086
v -0.008099 -0.000987 0.000160
v -0.008077 -0.000878 0.000478
v -0.008070 -0.000820 0.000573
v -0.008056 -0.000670 0.000742
v -0.008037 -0.000424 0.000906
v -0.008034 -0.000386 0.000922
v -0.008013 -0.000058 0.000998
v -0.008003 0.000086 0.000996
v -0.007991 0.000276 0.000961
v -0.007970 0.000573 0.000820
v -0.007963 0.000657 0.000754
v -0.007942 0.000870 0.000493
v -0.007937 0.000906 0.000424
v -0.007920 0.000984 0.000177
v -0.007903 0.000996 -0.000086
v -0.007899 0.000987 -0.000160
v -0.007877 0.000878 -0.000478
v -0.007870 0.000820 -0.000573
v -0.007856 0.000670 -0.000742
v -0.007834 0.000386 -0.000922
v -0.007813 0.000058 -0.000998
v -0.007803 -0.000086 -0.000996
v -0.007791 -0.000276 -0.000961
v -0.007770 -0.000573 -0.000820
v -0.007763 -0.000657 -0.000754
v -0.007742 -0.000870 -0.000493
v -0.007737 -0.000906 -0.000424
v -0.007720 -0.000984 -0.000177
v -0.007707 -0.001000 0.000025
v -0.007703 -0.000996 0.000086
v -0.007699 -0.000987 0.000160
v -0.007677 -0.000878 0.000478
v -0.007670 -0.000820 0.000573
v -0.007656 -0.000670 0.000742
v -0.007637 -0.000424 0.000906
v -0.007634 -0.000386 0.000922
v -0.007613 -0.000058 0.000998
v -0.007603 0.000086 0.000996
v -0.007591 0.000276 0.000961
v -0.007570 0.000573 0.000820
v -0.007563 0.000657 0.000754
v -0.007542 0.000870 0.000493
v -0.007537 0.000906 0.000424
v -0.007520 0.000984 0.000177
v -0.007503 0.000996 -0.000086
v -0.007499 0.000987 -0.000160
v -0.007477 0.000878 -0.000478
v -0.007470 0.000820 -0.000573
v -0.007456 0.000670 -0.000742
v -0.007437 0.000424 -0.000906
v -0.007434 0.000386 -0.000922
v -0.007413 0.000058 -0.000998
v -0.007403 -0.000086 -0.000996
v -0.007391 -0.000276 -0.000961
v -0.007370 -0.000573 -0.000820
v -0.007363 -0.000657 -0.000754
v -0.007342 -0.000870 -0.000493
v -0.007337 -0.000906 -0.000424
v -0.007320 -0.000984 -0.000177
v -0.007303 -0.000996 0.000086
v -0.007299 -0.000987 0.000160
v -0.007277 -0.000878 0.000478
v -0.007270 -0.000820 0.000573
v -0.007256 -0.000670 0.000742
v -0.007237 -0.000424 0.000906
v -0.007234 -0.000386 0.000922
v -0.007213 -0.000058 0.000998
v -0.007203 0.000086 0.000996
v -0.007191 0.000276 0.000961
v -0.007170 0.000573 0.000820
v -0.007163 0.000657 0.000754
v -0.007142 0.000870 0.000493
v -0.007137 0.000906 0.000424
v -0.007120 0.000984 0.000177
v -0.007106 0.000999 -0.000047
v -0.007103 0.000996 -0.000086
v -0.007099 0.000987 -0.000160
v -0.007077 0.000878 -0.000478
v -0.007070 0.000820 -0.000573
v -0.007056 0.000670 -0.000742
v -0.007037 0.000424 -0.000906
v -0.007034 0.000386 -0.000922
v -0.007013 0.000058 -0.000998
v -0.007003 -0.000086 -0.000996
v -0.006991 -0.000276 -0.000961
v -0.006970 -0.000573 -0.000820
v -0.006963 -0.000657 -0.000754
v -0.006942 -0.000870 -0.000493
v -0.006937 -0.000906 -0.000424
v -0.006920 -0.000984 -0.000177
v -0.006903 -0.000996 0.000086
v -0.006899 -0.000987 0.000160
v -0.006877 -0.000878 0.000478
v -0.006870 -0.000820 0.000573
v -0.006856 -0.000670 0.000742
v -0.006837 -0.000424 0.000906
v -0.006834 -0.000386 0.000922
v -0.006813 -0.000058 0.000998
v -0.006803 0.000086 0.000996
v -0.006791 0.000276 0.000961
v -0.006770 0.000573 0.000820
v -0.006763 0.000657 0.000754
v -0.006742 0.000870 0.000493
v -0.006737 0.000906 0.000424
v -0.006720 0.000984 0.000177
v -0.006703 0.000996 -0.000086
v -0.006699 0.000987 -0.000160
v -0.006677 0.000878 -0.000478
v -0.006670 0.000820 -0.000573
v -0.006656 0.000670 -0.000742
v -0.006637 0.000424 -0.000906
v -0.006634 0.000386 -0.000922
v -0.006613 0.000058 -0.000998
v -0.006603 -0.000086 -0.000996
v -0.006591 -0.000276 -0.000961
v -0.006570 -0.000573 -0.000820
v -0.006563 -0.000657 -0.000754
v -0.006542 -0.000870 -0.000493
v -0.006537 -0.000906 -0.000424
v -0.006520 -0.000984 -0.000177
v -0.006503 -0.000996 0.000086
v -0.006499 -0.000987 0.000160
v -0.006477 -0.000878 0.000478
v -0.006470 -0.000820 0.000573
v -0.006456 -0.000670 0.000742
v -0.006437 -0.000424 0.000906
v -0.006434 -0.000386 0.000922
v -0.006413 -0.000058 0.000998
v -0.006403 0.000086 0.000996
v -0.006391 0.000276 0.000961
v -0.006370 0.000573 0.000820
v -0.006363 0.000657 0.000754
v -0.006342 0.000870 0.000493
v -0.006337 0.000906 0.000424
v -0.006320 0.000984 0.000177
v -0.006303 0.000996 -0.000086
v -0.006299 0.000987 -0.000160
v -0.006277 0.000878 -0.000478
v -0.006270 0.000820 -0.000573
v -0.006256 0.000670 -0.000742
v -0.006237 0.000424 -0.000906
v -0.006234 0.000386 -0.000922
v -0.006213 0.000058 -0.000998
v -0.006203 -0.000086 -0.000996
v -0.006191 -0.000276 -0.000961
v -0.006170 -0.000573 -0.000820
v -0.006163 -0.000657 -0.000754
v -0.006142 -0.000870 -0.000493
v -0.006137 -0.000906 -0.000424
v -0.006120 -0.000984 -0.000177
v -0.006103 -0.000996 0.000086
v -0.006099 -0.000987 0.000160
v -0.006077 -0.000878 0.000478
v -0.006070 -0.000820 0.000573
v -0.006056 -0.000670 0.000742
v -0.006037 -0.000424 0.000906
v -0.006034 -0.000386 0.000922
v -0.006013 -0.000058 0.000998
v -0.006003 0.000086 0.000996
v -0.005991 0.000276 0.000961
v -0.005970 0.000573 0.000820
v -0.005963 0.000657 0.000754
v -0.005942 0.000870 0.000493
v -0.005937 0.000906 0.000424
v -0.005920 0.000984 0.000177
v -0.005903 0.000996 -0.000086
v -0.005899 0.000987 -0.000160
v -0.005877 0.000878 -0.000478
v -0.005870 0.000820 -0.000573
v -0.005856 0.000670 -0.000742
v -0.005837 0.000424 -0.000906
v -0.005834 0.000386 -0.000922
v -0.005813 0.000058 -0.000998
v -0.005803 -0.000086 -0.000996
v -0.005791 -0.000276 -0.000961
v -0.005770 -0.000573 -0.000820
v -0.005763 -0.000657 -0.000754
v -0.005742 -0.000870 -0.000493
v -0.005737 -0.000906 -0.000424
v -0.005720 -0.000984 -0.000177
v -0.005703 -0.000996 0.000086
v -0.005699 -0.000987 0.000160
v -0.005677 -0.000878 0.000478
v -0.005670 -0.000820 0.000573
v -0.005656 -0.000670 0.000742
v -0.005637 -0.000424 0.000906
v -0.005634 -0.000386 0.000922
v -0.005613 -0.000058 0.000998
v -0.005604 0.000081 0.000997
v -0.005603 0.000086 0.000996
v -0.005591 0.000276 0.000961
v -0.005570 0.000573 0.000820
v -0.005563 0.000657 0.000754
v -0.005542 0.000870 0.000493
v -0.005537 0.000906 0.000424
v -0.005520 0.000984 0.000177
v -0.005503 0.000996 -0.000086
v -0.005499 0.000987 -0.000160
v -0.005477 0.000878 -0.000478
v -0.005470 0.000820 -0.000573
v -0.005456 0.000670 -0.000742
v -0.005437 0.000424 -0.000906
v -0.005434 0.000386 -0.000922
v -0.005413 0.000058 -0.000998
v -0.005403 -0.000086 -0.000996
v -0.005391 -0.000276 -0.000961
v -0.005370 -0.000573 -0.000820
v -0.005363 -0.000657 -0.000754
v -0.005349 -0.000806 -0.000592
v -0.005342 -0.000870 -0.000493
v -0.005337 -0.000906 -0.000424
v -0.005320 -0.000984 -0.000177
v -0.005303 -0.000996 0.000086
v -0.005299 -0.000987 0.000160
v -0.005277 -0.000878 0.000478
v -0.005270 -0.000820 0.000573
v -0.005256 -0.000670 0.000742
v -0.005237 -0.000424 0.000906
v -0.005234 -0.000386 0.000922
v -0.005213 -0.000058 0.000998
v -0.005203 0.000086 0.000996
v -0.005191 0.000276 0.000961
v -0.005170 0.000573 0.000820
v -0.005163 0.000657 0.000754
v -0.005142 0.000870 0.000493
v -0.005137 0.000906 0.000424
v -0.005120 0.000984 0.000177
v -0.005103 0.000996 -0.000086
v -0.005099 0.000987 -0.000160
v -0.005077 0.000878 -0.000478
v -0.005070 0.000820 -0.000573
v -0.005056 0.000670 -0.000742
v -0.005037 0.000424 -0.000906
v -0.005034 0.000386 -0.000922
v -0.005013 0.000058 -0.000998
v -0.005003 -0.000086 -0.000996
v -0.004991 -0.000276 -0.000961
v -0.004970 -0.000573 -0.000820
v -0.004963 -0.000657 -0.000754
v -0.004942 -0.000870 -0.000493
v -0.004937 -0.000906 -0.000424
v -0.004920 -0.000984 -0.000177
v -0.004903 -0.000996 0.000086
v -0.004899 -0.000987 0.000160
v -0.004877 -0.000878 0.000478
v -0.004870 -0.000820 0.000573
v -0.004856 -0.000670 0.000742
v -0.004837 -0.000424 0.000906
v -0.004834 -0.000386 0.000922
v -0.004813 -0.000058 0.000998
v -0.004803 0.000086 0.000996
v -0.004791 0.000276 0.000961
v -0.004770 0.000573 0.000820
v -0.004763 0.000657 0.000754
v -0.004742 0.000870 0.000493
v -0.004737 0.000906 0.000424
v -0.004720 0.000984 0.000177
v -0.004703 0.000996 -0.000086
v -0.004699 0.000987 -0.000160
v -0.004677 0.000878 -0.000478
v -0.004670 0.000820 -0.000573
v -0.004656 0.000670 -0.000742
v -0.004637 0.000424 -0.000906
v -0.004634 0.000386 -0.000922
v -0.004613 0.000058 -0.000998
v -0.004603 -0.000086 -0.000996
v -0.004591 -0.000276 -0.000961
v -0.004570 -0.000573 -0.000820
v -0.004554 -0.000764 -0.000646
v -0.004537 -0.000906 -0.000424
v -0.004425 -0.000743 -0.000321
v -0.004532 -0.000935 -0.000356
v -0.004517 -0.000993 -0.000119
v -0.004425 -0.000847 -0.000050
v -0.004511 -0.001000 -0.000026
v -0.004425 -0.000850 0.000252
v -0.004503 -0.000996 0.000086
v -0.004489 -0.000952 0.000307
v -0.004425 -0.000744 0.000550
v -0.004470 -0.000820 0.000573
v -0.004468 -0.000796 0.000606
v -0.004425 -0.000534 0.000802
v -0.004446 -0.000550 0.000835
v -0.004425 -0.000426 0.000881
v -0.004437 -0.000424 0.000906
v -0.004425 -0.000249 0.000968
v -0.008887 0.000482 0.000876
v -0.008880 0.000573 0.000820
v -0.008816 0.000999 -0.000045
v -0.008813 0.000996 -0.000086
v -0.008751 0.000489 -0.000872
v -0.008747 0.000424 -0.000906
v -0.008487 0.000482 0.000876
v -0.008480 0.000573 0.000820
v -0.008416 0.000999 -0.000045
v -0.008413 0.000996 -0.000086
v -0.008287 -0.000482 -0.000876
v -0.008280 -0.000573 -0.000820
v -0.008216 -0.000999 0.000045
v -0.008213 -0.000996 0.000086
v -0.008151 -0.000489 0.000872
v -0.008147 -0.000424 0.000906
v -0.007887 -0.000482 -0.000876
v -0.007880 -0.000573 -0.000820
v -0.007687 0.000482 0.000876
v -0.007680 0.000573 0.000820
v -0.007616 0.000999 -0.000045
v -0.007613 0.000996 -0.000086
v -0.007551 0.000489 -0.000872
v -0.007547 0.000424 -0.000906
v -0.007287 0.000482 0.000876
v -0.007280 0.000573 0.000820
v -0.007080 -0.000573 -0.000820
v -0.007016 -0.000999 0.000045
v -0.007013 -0.000996 0.000086
v -0.006951 -0.000489 0.000872
v -0.006947 -0.000424 0.000906
v -0.006887 0.000482 0.000876
v -0.006880 0.000573 0.000820
v -0.006816 0.000999 -0.000045
v -0.006813 0.000996 -0.000086
v -0.006687 -0.000482 -0.000876
v -0.006680 -0.000573 -0.000820
v -0.006616 -0.000999 0.000045
v -0.006613 -0.000996 0.000086
v -0.006487 0.000482 0.000876
v -0.006480 0.000573 0.000820
v -0.006416 0.000999 -0.000045
v -0.006413 0.000996 -0.000086
v -0.006351 0.000489 -0.000872
v -0.006347 0.000424 -0.000906
v -0.006287 -0.000482 -0.000876
v -0.006280 -0.000573 -0.000820
v -0.006216 -0.000999 0.000045
v -0.006213 -0.000996 0.000086
v -0.006087 0.000482 0.000876
v -0.006080 0.000573 0.000820
v -0.006016 0.000999 -0.000045
v -0.006013 0.000996 -0.000086
v -0.005887 -0.000482 -0.000876
v -0.005880 -0.000573 -0.000820
v -0.005816 -0.000999 0.000045
v -0.005813 -0.000996 0.000086
v -0.005751 -0.000489 0.000872
v -0.005747 -0.000424 0.000906
v -0.005487 -0.000482 -0.000876
v -0.005480 -0.000573 -0.000820
v -0.005151 0.000489 -0.000872
v -0.005147 0.000424 -0.000906
v -0.005087 -0.000482 -0.000876
v -0.005080 -0.000573 -0.000820
v -0.005016 -0.000999 0.000045
v -0.005013 -0.000996 0.000086
v -0.004887 0.000482 0.000876
v -0.004880 0.000573 0.000820
v -0.004816 0.000999 -0.000045
v -0.004813 0.000996 -0.000086
v -0.004751 0.000489 -0.000872
v -0.004747 0.000424 -0.000906
v -0.004687 -0.000482 -0.000876
v -0.004680 -0.000573 -0.000820
v -0.004437 0.000957 0.000289
v -0.004425 0.000995 0.000099
v -0.004425 0.000906 0.000424
v -0.004459 0.000808 0.000590
v -0.004425 0.000573 0.000820
v -0.004480 0.000573 0.000820
v -0.004425 0.000086 0.000996
v -0.004513 0.000086 0.000996
v -0.004508 0.000164 0.000986
v -0.004487 0.000482 0.000876
v -0.004530 -0.000172 0.000985
v -0.004547 -0.000424 0.000906
v -0.004551 -0.000489 0.000872
v -0.004558 -0.000580 0.000814
v -0.004573 -0.000751 0.000660
v -0.004580 -0.000820 0.000573
v -0.004594 -0.000927 0.000374
v -0.004613 -0.000996 0.000086
v -0.004616 -0.000999 0.000045
v -0.004659 -0.000808 -0.000590
v -0.004637 -0.000957 -0.000289
v -0.004647 -0.000906 -0.000424
v -0.004650 -0.000880 -0.000475
v -0.004713 -0.000086 -0.000996
v -0.004708 -0.000164 -0.000986
v -0.004730 0.000172 -0.000985
v -0.004766 0.000673 -0.000740
v -0.004773 0.000751 -0.000660
v -0.004780 0.000820 -0.000573
v -0.004794 0.000927 -0.000374
v -0.004837 0.000957 0.000289
v -0.004847 0.000906 0.000424
v -0.004859 0.000808 0.000590
v -0.004913 0.000086 0.000996
v -0.004908 0.000164 0.000986
v -0.004930 -0.000172 0.000985
v -0.004947 -0.000424 0.000906
v -0.004951 -0.000489 0.000872
v -0.004973 -0.000751 0.000660
v -0.004980 -0.000820 0.000573
v -0.004994 -0.000927 0.000374
v -0.005037 -0.000957 -0.000289
v -0.005047 -0.000906 -0.000424
v -0.005059 -0.000808 -0.000590
v -0.005113 -0.000086 -0.000996
v -0.005108 -0.000164 -0.000986
v -0.005130 0.000172 -0.000985
v -0.005160 0.000599 -0.000801
v -0.005173 0.000751 -0.000660
v -0.005180 0.000820 -0.000573
v -0.005194 0.000927 -0.000374
v -0.005213 0.000996 -0.000086
v -0.005280 0.000573 0.000820
v -0.005287 0.000482 0.000876
v -0.005259 0.000808 0.000590
v -0.005251 0.000871 0.000491
v -0.005247 0.000906 0.000424
v -0.005237 0.000957 0.000289
v -0.005216 0.000999 -0.000045
v -0.005308 0.000164 0.000986
v -0.005373 -0.000751 0.000660
v -0.005351 -0.000489 0.000872
v -0.005347 -0.000424 0.000906
v -0.005343 -0.000380 0.000925
v -0.005330 -0.000172 0.000985
v -0.005313 0.000086 0.000996
v -0.005380 -0.000820 0.000573
v -0.005394 -0.000927 0.000374
v -0.005413 -0.000996 0.000086
v -0.005447 -0.000906 -0.000424
v -0.005437 -0.000957 -0.000289
v -0.005416 -0.000999 0.000045
v -0.005459 -0.000808 -0.000590
v -0.005513 -0.000086 -0.000996
v -0.005508 -0.000164 -0.000986
v -0.005530 0.000172 -0.000985
v -0.005547 0.000424 -0.000906
v -0.005551 0.000489 -0.000872
v -0.005573 0.000751 -0.000660
v -0.005580 0.000820 -0.000573
v -0.005594 0.000927 -0.000374
v -0.005613 0.000996 -0.000086
v -0.005647 0.000906 0.000424
v -0.005637 0.000957 0.000289
v -0.005616 0.000999 -0.000045
v -0.005659 0.000808 0.000590
v -0.005680 0.000573 0.000820
v -0.005687 0.000482 0.000876
v -0.005708 0.000164 0.000986
v -0.005713 0.000086 0.000996
v -0.005730 -0.000172 0.000985
v -0.005761 -0.000614 0.000790
v -0.005773 -0.000751 0.000660
v -0.005780 -0.000820 0.000573
v -0.005794 -0.000927 0.000374
v -0.005837 -0.000957 -0.000289
v -0.005847 -0.000906 -0.000424
v -0.005859 -0.000808 -0.000590
v -0.005908 -0.000164 -0.000986
v -0.005947 0.000424 -0.000906
v -0.005930 0.000172 -0.000985
v -0.005921 0.000040 -0.000999
v -0.005913 -0.000086 -0.000996
v -0.005951 0.000489 -0.000872
v -0.005973 0.000751 -0.000660
v -0.005980 0.000820 -0.000573
v -0.005994 0.000927 -0.000374
v -0.006037 0.000957 0.000289
v -0.006047 0.000906 0.000424
v -0.006059 0.000808 0.000590
v -0.006113 0.000086 0.000996
v -0.006108 0.000164 0.000986
v -0.006130 -0.000172 0.000985
v -0.006147 -0.000424 0.000906
v -0.006151 -0.000489 0.000872
v -0.006173 -0.000751 0.000660
v -0.006180 -0.000820 0.000573
v -0.006194 -0.000927 0.000374
v -0.006237 -0.000957 -0.000289
v -0.006247 -0.000906 -0.000424
v -0.006259 -0.000808 -0.000590
v -0.006313 -0.000086 -0.000996
v -0.006308 -0.000164 -0.000986
v -0.006330 0.000172 -0.000985
v -0.006360 0.000602 -0.000799
v -0.006373 0.000751 -0.000660
v -0.006380 0.000820 -0.000573
v -0.006394 0.000927 -0.000374
v -0.006437 0.000957 0.000289
v -0.006447 0.000906 0.000424
v -0.006459 0.000808 0.000590
v -0.006508 0.000164 0.000986
v -0.006547 -0.000424 0.000906
v -0.006530 -0.000172 0.000985
v -0.006522 -0.000058 0.000998
v -0.006513 0.000086 0.000996
v -0.006551 -0.000489 0.000872
v -0.006573 -0.000751 0.000660
v -0.006580 -0.000820 0.000573
v -0.006594 -0.000927 0.000374
v -0.006637 -0.000957 -0.000289
v -0.006647 -0.000906 -0.000424
v -0.006659 -0.000808 -0.000590
v -0.006713 -0.000086 -0.000996
v -0.006708 -0.000164 -0.000986
v -0.006730 0.000172 -0.000985
v -0.006747 0.000424 -0.000906
v -0.006751 0.000489 -0.000872
v -0.006773 0.000751 -0.000660
v -0.006780 0.000820 -0.000573
v -0.006794 0.000927 -0.000374
v -0.006837 0.000957 0.000289
v -0.006847 0.000906 0.000424
v -0.006859 0.000808 0.000590
v -0.006913 0.000086 0.000996
v -0.006908 0.000164 0.000986
v -0.006930 -0.000172 0.000985
v -0.006961 -0.000619 0.000785
v -0.006973 -0.000751 0.000660
v -0.006980 -0.000820 0.000573
v -0.006994 -0.000927 0.000374
v -0.007037 -0.000957 -0.000289
v -0.007047 -0.000906 -0.000424
v -0.007059 -0.000808 -0.000590
v -0.007113 -0.000086 -0.000996
v -0.007108 -0.000164 -0.000986
v -0.007100 -0.000287 -0.000958
v -0.007087 -0.000482 -0.000876
v -0.007130 0.000172 -0.000985
v -0.007147 0.000424 -0.000906
v -0.007151 0.000489 -0.000872
v -0.007173 0.000751 -0.000660
v -0.007180 0.000820 -0.000573
v -0.007194 0.000927 -0.000374
v -0.007213 0.000996 -0.000086
v -0.007216 0.000999 -0.000045
v -0.007237 0.000957 0.000289
v -0.007247 0.000906 0.000424
v -0.007259 0.000808 0.000590
v -0.007313 0.000086 0.000996
v -0.007308 0.000164 0.000986
v -0.007330 -0.000172 0.000985
v -0.007347 -0.000424 0.000906
v -0.007351 -0.000489 0.000872
v -0.007373 -0.000751 0.000660
v -0.007380 -0.000820 0.000573
v -0.007394 -0.000927 0.000374
v -0.007413 -0.000996 0.000086
v -0.007480 -0.000573 -0.000820
v -0.007487 -0.000482 -0.000876
v -0.007459 -0.000808 -0.000590
v -0.007447 -0.000904 -0.000427
v -0.007447 -0.000906 -0.000424
v -0.007437 -0.000957 -0.000289
v -0.007416 -0.000999 0.000045
v -0.007513 -0.000086 -0.000996
v -0.007508 -0.000164 -0.000986
v -0.007530 0.000172 -0.000985
v -0.007562 0.000634 -0.000773
v -0.007573 0.000751 -0.000660
v -0.007580 0.000820 -0.000573
v -0.007594 0.000927 -0.000374
v -0.007637 0.000957 0.000289
v -0.007647 0.000906 0.000424
v -0.007659 0.000808 0.000590
v -0.007713 0.000086 0.000996
v -0.007708 0.000164 0.000986
v -0.007730 -0.000172 0.000985
v -0.007747 -0.000424 0.000906
v -0.007751 -0.000489 0.000872
v -0.007773 -0.000751 0.000660
v -0.007780 -0.000820 0.000573
v -0.007794 -0.000927 0.000374
v -0.007813 -0.000996 0.000086
v -0.007816 -0.000999 0.000045
v -0.007837 -0.000957 -0.000289
v -0.007847 -0.000906 -0.000424
v -0.007859 -0.000808 -0.000590
v -0.007913 -0.000086 -0.000996
v -0.007908 -0.000164 -0.000986
v -0.007930 0.000172 -0.000985
v -0.007947 0.000424 -0.000906
v -0.007951 0.000489 -0.000872
v -0.007973 0.000751 -0.000660
v -0.007980 0.000820 -0.000573
v -0.007994 0.000927 -0.000374
v -0.008013 0.000996 -0.000086
v -0.008080 0.000573 0.000820
v -0.008087 0.000482 0.000876
v -0.008059 0.000808 0.000590
v -0.008048 0.000894 0.000449
v -0.008047 0.000906 0.000424
v -0.008037 0.000957 0.000289
v -0.008016 0.000999 -0.000045
v -0.008113 0.000086 0.000996
v -0.008108 0.000164 0.000986
v -0.008130 -0.000172 0.000985
v -0.008164 -0.000651 0.000759
v -0.008173 -0.000751 0.000660
v -0.008180 -0.000820 0.000573
v -0.008194 -0.000927 0.000374
v -0.008237 -0.000957 -0.000289
v -0.008247 -0.000906 -0.000424
v -0.008259 -0.000808 -0.000590
v -0.008313 -0.000086 -0.000996
v -0.008308 -0.000164 -0.000986
v -0.008330 0.000172 -0.000985
v -0.008347 0.000424 -0.000906
v -0.008351 0.000489 -0.000872
v -0.008373 0.000751 -0.000660
v -0.008380 0.000820 -0.000573
v -0.008394 0.000927 -0.000374
v -0.008437 0.000957 0.000289
v -0.008447 0.000906 0.000424
v -0.008459 0.000808 0.000590
v -0.008513 0.000086 0.000996
v -0.008508 0.000164 0.000986
v -0.008530 -0.000172 0.000985
v -0.008547 -0.000424 0.000906
v -0.008551 -0.000489 0.000872
v -0.008573 -0.000751 0.000660
v -0.008580 -0.000820 0.000573
v -0.008594 -0.000927 0.000374
v -0.008613 -0.000996 0.000086
v -0.008680 -0.000573 -0.000820
v -0.008687 -0.000482 -0.000876
v -0.008659 -0.000808 -0.000590
v -0.008649 -0.000886 -0.000464
v -0.008647 -0.000906 -0.000424
v -0.008637 -0.000957 -0.000289
v -0.008616 -0.000999 0.000045
v -0.008713 -0.000086 -0.000996
v -0.008708 -0.000164 -0.000986
v -0.008730 0.000172 -0.000985
v -0.008765 0.000664 -0.000748
v -0.008773 0.000751 -0.000660
v -0.008780 0.000820 -0.000573
v -0.008794 0.000927 -0.000374
v -0.008837 0.000957 0.000289
v -0.008847 0.000906 0.000424
v -0.008859 0.000808 0.000590
v -0.008913 0.000086 0.000996
v -0.008908 0.000164 0.000986
v -0.008930 -0.000172 0.000985
v -0.008947 -0.000424 0.000906
v -0.008951 -0.000489 0.000872
v -0.008973 -0.000751 0.000660
v -0.008980 -0.000820 0.000573
v -0.008994 -0.000927 0.000374
v -0.009013 -0.000996 0.000086
v -0.009047 -0.000906 -0.000424
v -0.009037 -0.000957 -0.000289
v -0.009016 -0.000999 0.000045
v -0.009059 -0.000808 -0.000590
v -0.009080 -0.000573 -0.000820
v -0.009098 -0.000325 -0.000946
v -0.009113 -0.000086 -0.000996
v -0.009119 -0.000001 -0.001000
v -0.009096 0.000260 -0.000966
v -0.009182 -0.000249 -0.000821
v -0.009132 0.000034 -0.000980
v -0.004425 0.000155 -0.000822
v -0.004425 0.000664 -0.000617
v -0.004425 0.000420 -0.000763
v -0.004425 0.000856 -0.000392
v -0.004425 0.000971 -0.000106
v -0.004425 0.005966 -0.000007
v -0.004425 0.005524 -0.000931
v -0.004425 0.001420 -0.001473
v -0.004425 0.003259 -0.001533
v -0.004425 0.003370 -0.001544
v -0.004425 0.005067 -0.001847
v -0.004438 0.004270 -0.001789
v -0.004925 0.002823 -0.001999
v -0.004925 0.003954 -0.002127
v -0.004742 0.004206 -0.002136
v -0.004592 0.004223 -0.002045
v -0.004467 0.005039 -0.002046
v -0.004507 0.004241 -0.001948
v -0.004444 0.005139 -0.002006
v -0.004430 0.005104 -0.001927
v -0.004925 0.004432 -0.002215
v -0.004775 0.004524 -0.002211
v -0.004616 0.004705 -0.002165
v -0.004742 0.003320 -0.002007
v -0.004592 0.003330 -0.001916
v -0.004507 0.003340 -0.001817
v -0.004438 0.003358 -0.001656
v -0.004438 0.002390 -0.001589
v -0.004507 0.002384 -0.001751
v -0.004592 0.002381 -0.001850
v -0.004742 0.002378 -0.001942
v -0.004438 0.001423 -0.001586
v -0.004507 0.001427 -0.001748
v -0.004592 0.001429 -0.001847
v -0.004742 0.001432 -0.001939
v -0.004925 0.001433 -0.001973
v -0.004925 0.002007 -0.001969
v -0.007595 -0.014389 -0.000705
v -0.002983 -0.014992 0.002042
v -0.003861 -0.014959 0.001993
v -0.004583 -0.014917 0.001928
v -0.005076 -0.014877 0.001864
v -0.005822 -0.014792 0.001710
v -0.000730 -0.015025 0.002088
v -0.006588 -0.014654 0.001374
v -0.006758 -0.014617 0.001247
v -0.007045 -0.014558 0.000933
v -0.006137 -0.014742 0.001605
v -0.007563 -0.014428 -0.000545
v -0.007113 -0.014547 0.000830
v -0.007311 -0.014521 0.000415
v -0.007457 -0.014496 -0.000070
v -0.007491 -0.014482 -0.000210
v -0.007669 -0.014256 -0.001081
v -0.007882 -0.013584 -0.002052
v -0.007858 -0.013682 -0.001949
v -0.007771 -0.013982 -0.001572
v -0.007754 -0.014032 -0.001498
v -0.008078 -0.012505 -0.002862
v -0.007894 -0.013535 -0.002101
v -0.007968 -0.013191 -0.002404
v -0.007988 -0.013083 -0.002488
v -0.008131 -0.012052 -0.003088
v -0.008192 -0.011343 -0.003343
v -0.008219 -0.010921 -0.003444
v -0.008237 -0.010597 -0.003497
v -0.008255 -0.010221 -0.003534
v -0.008309 -0.008604 -0.003450
v -0.008296 -0.009121 -0.003512
v -0.008286 -0.009429 -0.003536
v -0.008279 -0.009626 -0.003544
v -0.008327 -0.007099 -0.003177
v -0.008313 -0.004988 -0.002789
v -0.007943 0.000272 -0.002038
v -0.008087 -0.000699 -0.002137
v -0.008116 -0.000957 -0.002168
v -0.008240 -0.002604 -0.002404
v -0.007876 0.000615 -0.002012
v -0.007771 0.001066 -0.001986
v -0.007643 0.001506 -0.001972
v -0.006133 0.003762 -0.002098
v -0.006361 0.003575 -0.002072
v -0.006537 0.003409 -0.002052
v -0.006818 0.003097 -0.002020
v -0.007340 0.002270 -0.001973
v -0.007190 0.002553 -0.001984
v -0.005832 0.003974 -0.002130
v -0.005561 0.004135 -0.002158
v -0.005847 0.005400 -0.001490
v -0.005101 0.005722 -0.001586
v -0.004838 0.005612 -0.001704
v -0.004548 0.005433 -0.001852
v -0.004583 0.005492 -0.001818
v -0.004719 0.005643 -0.001719
v -0.004976 0.005743 -0.001611
v -0.004858 0.005721 -0.001651
v -0.004476 0.005265 -0.001943
v -0.006113 0.005256 -0.001450
v -0.006487 0.005022 -0.001388
v -0.006760 0.004825 -0.001338
v -0.007332 0.004313 -0.001225
v -0.007373 0.004271 -0.001216
v -0.007561 0.004061 -0.001176
v -0.008005 0.003457 -0.001078
v -0.008079 0.003336 -0.001061
v -0.008369 0.002788 -0.000999
v -0.008682 0.001995 -0.000947
v -0.008885 0.001291 -0.000934
v -0.008918 0.001155 -0.000934
v -0.009236 -0.000741 -0.001044
v -0.009358 -0.002174 -0.001214
v -0.009446 -0.004232 -0.001519
v -0.009478 -0.006879 -0.001965
v -0.009477 -0.007901 -0.002155
v -0.009400 -0.010294 -0.002339
v -0.009436 -0.009575 -0.002363
v -0.009466 -0.008596 -0.002269
v -0.009447 -0.009271 -0.002346
v -0.009374 -0.010695 -0.002278
v -0.009351 -0.010989 -0.002208
v -0.009331 -0.011201 -0.002144
v -0.009278 -0.011674 -0.001958
v -0.009212 -0.012111 -0.001728
v -0.009181 -0.012278 -0.001625
v -0.009061 -0.012783 -0.001244
v -0.008928 -0.013166 -0.000855
v -0.008610 -0.013648 0.000037
v -0.008774 -0.013463 -0.000423
v -0.008355 -0.013782 0.000731
v -0.008048 -0.013908 0.001388
v -0.007861 -0.013996 0.001687
v -0.007746 -0.014052 0.001841
v -0.007337 -0.014248 0.002262
v -0.006862 -0.014440 0.002590
v -0.005667 -0.014746 0.003039
v -0.006308 -0.014611 0.002845
v -0.003867 -0.014939 0.003314
v -0.004879 -0.014853 0.003195
v -0.002448 -0.015002 0.003398
v -0.004446 0.006086 -0.000090
v -0.004433 0.006038 -0.000059
v -0.004427 0.006002 -0.000033
v -0.004524 0.006235 -0.000137
v -0.005118 0.006600 0.000263
v -0.004897 0.006539 0.000040
v -0.004691 0.006412 -0.000097
v -0.001942 -0.004295 0.019749
v -0.002815 0.000239 0.027170
v -0.003094 -0.000380 0.026135
v -0.001621 -0.000803 0.025781
v -0.000405 0.002197 0.029909
v -0.009053 0.003834 0.011615
v -0.009332 0.001899 0.012150
v -0.009268 0.002657 0.014626
v -0.009481 -0.000041 0.012726
v -0.005375 -0.008946 0.011320
v -0.004275 -0.009146 0.011488
v -0.004018 -0.006591 0.015506
v -0.008468 -0.013391 0.000849
v -0.004425 0.003834 0.029719
v -0.008390 0.004944 0.022705
v -0.008997 0.004499 0.014083
v -0.005632 0.007633 0.003371
v -0.001503 0.007873 0.001288
v -0.004752 0.007163 0.001159
v -0.003937 0.007438 0.001164
v -0.003118 0.007630 0.001186
v -0.006382 0.007103 0.003430
v -0.007068 0.006456 0.003526
v -0.007678 0.005693 0.003669
v -0.008182 0.004126 0.001634
v -0.008596 0.004509 0.006387
v -0.008209 0.005467 0.006152
v -0.009098 0.002489 0.006907
v -0.008885 0.003509 0.006641
v -0.008876 0.005152 0.016657
v -0.008454 0.003481 0.023235
v -0.008069 0.003926 0.024629
v -0.007558 0.004357 0.026007
v -0.006820 0.004144 0.027508
v -0.005768 0.003965 0.028765
v -0.006747 0.003523 0.027644
v -0.005610 0.003406 0.028827
v -0.001013 0.003053 0.030461
v -0.003810 -0.014535 0.003885
v -0.002551 -0.014573 0.003991
v -0.002310 -0.011865 0.007863
v -0.006381 -0.014027 0.003583
v -0.006982 -0.013705 0.003433
v -0.007496 -0.013299 0.003242
v -0.007910 -0.012845 0.003026
v -0.008242 -0.012366 0.002799
v -0.008003 -0.011312 0.004758
v -0.008892 -0.012300 0.000374
v -0.009076 -0.010328 0.001876
v -0.009309 -0.009227 0.001408
v -0.009501 -0.006908 0.000480
v -0.009378 -0.002440 -0.001096
v -0.009473 -0.004629 -0.000359
v -0.009379 -0.001002 0.003060
v -0.008914 0.002162 0.002157
v -0.009128 0.001121 0.002447
v -0.008607 0.003174 0.001881
v -0.008166 0.003380 -0.000538
v -0.007597 0.004196 -0.000735
v -0.006938 0.004873 -0.000864
v -0.006222 0.005421 -0.000937
v -0.005462 0.005856 -0.000972
v -0.005545 0.006787 0.001176
v -0.004716 0.006726 0.000170
v -0.003886 0.006921 0.000026
v -0.003084 0.007044 -0.000066
v -0.002609 0.007096 -0.000105
v -0.001343 0.007184 -0.000171
v -0.007638 0.004976 0.001438
v -0.007003 0.005700 0.001304
v -0.006301 0.006302 0.001221
v -0.009372 0.000426 0.007462
v -0.009521 -0.001647 0.008074
v -0.009565 -0.002687 0.008421
v -0.009519 -0.001010 0.013042
v -0.009538 -0.004256 0.004116
v -0.009503 -0.003161 0.003736
v -0.006413 -0.008550 0.011077
v -0.005019 -0.006415 0.015369
v -0.003797 -0.004088 0.019672
v -0.007377 -0.010608 0.006932
v -0.006932 -0.010958 0.007119
v -0.006413 -0.011264 0.007284
v -0.005833 -0.011502 0.007416
v -0.007758 -0.010232 0.006734
v -0.005088 -0.014392 0.003764
v -0.003455 -0.011854 0.007729
v -0.002141 -0.009238 0.011776
v -0.008385 -0.009425 0.006323
v -0.008563 -0.010412 0.004319
v -0.008733 -0.011371 0.002339
v -0.007258 0.002364 0.026482
v -0.006907 0.001753 0.026545
v -0.006566 0.002910 0.027729
v -0.006247 0.002339 0.027762
v -0.005336 0.002883 0.028835
v -0.004209 0.003367 0.029712
v -0.002919 0.003781 0.030359
v -0.006418 0.001224 0.026559
v -0.005807 0.001840 0.027745
v -0.004962 0.002420 0.028796
v -0.003914 0.002948 0.029660
v -0.002716 0.003416 0.030306
v -0.001295 0.003542 0.030647
v -0.005830 0.000786 0.026531
v -0.005279 0.001420 0.027688
v -0.004513 0.002023 0.028717
v -0.003562 0.002582 0.029573
v -0.002473 0.003090 0.030223
v -0.007525 0.003695 0.026208
v -0.008043 0.003219 0.024847
v -0.008435 0.002733 0.023469
v -0.008964 0.002576 0.020464
v -0.008871 0.004194 0.019913
v -0.007453 0.003024 0.026368
v -0.007975 0.002504 0.025031
v -0.008374 0.001979 0.023676
v -0.008961 0.001758 0.020726
v -0.009250 0.001678 0.017773
v -0.009133 0.003425 0.017211
v -0.009263 0.000801 0.018057
v -0.006873 0.000602 0.025318
v -0.007399 0.001156 0.025270
v -0.007225 -0.000017 0.024061
v -0.007779 0.000562 0.023978
v -0.008307 -0.000603 0.021400
v -0.008716 0.000132 0.021204
v -0.009047 -0.000937 0.018623
v -0.009238 -0.000077 0.018343
v -0.009248 -0.001958 0.016138
v -0.009424 -0.001049 0.015813
v -0.009366 -0.002934 0.013749
v -0.009525 -0.001980 0.013385
v -0.009431 -0.003870 0.011448
v -0.009584 -0.003733 0.008807
v -0.009462 -0.004771 0.009226
v -0.009555 -0.005366 0.004533
v -0.009469 -0.006478 0.004982
v -0.009448 -0.008076 0.000939
v -0.007773 0.001803 0.025174
v -0.008169 0.001240 0.023849
v -0.008917 0.000936 0.020975
v -0.006239 0.000147 0.025325
v -0.006556 -0.000486 0.024102
v -0.007718 -0.001227 0.021553
v -0.008637 -0.001725 0.018882
v -0.008847 -0.002795 0.016452
v -0.008985 -0.003819 0.014110
v -0.009079 -0.004802 0.011846
v -0.009148 -0.005750 0.009653
v -0.009200 -0.006665 0.007521
v -0.009242 -0.007549 0.005443
v -0.004498 0.000124 0.026383
v -0.004081 0.000764 0.027480
v -0.003494 0.001382 0.028472
v -0.002761 0.001971 0.029317
v -0.001921 0.002528 0.029987
v -0.004804 -0.000518 0.025242
v -0.005817 -0.000859 0.024109
v -0.007002 -0.001727 0.021665
v -0.008034 -0.002394 0.019102
v -0.008249 -0.003511 0.016732
v -0.008408 -0.004585 0.014442
v -0.008539 -0.005619 0.012220
v -0.008657 -0.006621 0.010060
v -0.008769 -0.007593 0.007954
v -0.008877 -0.008534 0.005893
v -0.008980 -0.009446 0.003870
v -0.000716 0.002613 0.030214
v -0.000563 0.002402 0.030069
v -0.001339 0.002030 0.029670
v -0.000243 0.001998 0.029737
v -0.000686 0.000142 0.027396
v -0.000405 0.001338 0.029035
v -0.000726 0.001561 0.029268
v -0.002416 0.000848 0.028125
v -0.001483 -0.000221 0.026749
v -0.001280 0.000363 0.027667
v -0.001023 0.000954 0.028513
v -0.001915 0.001444 0.028966
v -0.007297 -0.002930 0.019280
v -0.006478 -0.003348 0.019419
v -0.006210 -0.002118 0.021740
v -0.006877 -0.005721 0.014981
v -0.007512 -0.004091 0.016970
v -0.007690 -0.005214 0.014732
v -0.007287 -0.008009 0.010772
v -0.007858 -0.006305 0.012556
v -0.008029 -0.007370 0.010433
v -0.005040 -0.001156 0.024088
v -0.005376 -0.002420 0.021786
v -0.005610 -0.003668 0.019527
v -0.003446 -0.001616 0.023981
v -0.003656 -0.002850 0.021814
v -0.004712 -0.003910 0.019610
v -0.005986 -0.006123 0.015195
v -0.006869 -0.008293 0.010930
v -0.007517 -0.009130 0.008736
v -0.008205 -0.008410 0.008358
v -0.005737 -0.014250 0.003687
v -0.004626 -0.011761 0.007591
v -0.003199 -0.009226 0.011633
v -0.002030 -0.006718 0.015741
v -0.001790 -0.001959 0.023785
v -0.002608 0.006968 -0.000268
v -0.003884 0.006793 -0.000138
v -0.003861 0.006592 -0.000243
v -0.003819 0.006367 -0.000248
v -0.003774 0.006187 -0.000168
v -0.003904 0.006162 -0.000149
v -0.002574 0.006539 -0.000373
v -0.002272 0.006382 -0.000309
v -0.000075 0.006655 -0.000457
v -0.000075 0.006472 -0.000375
v -0.001327 0.006626 -0.000436
v -0.000075 0.006882 -0.000456
v -0.001337 0.006852 -0.000435
v -0.000075 0.007085 -0.000355
v -0.001343 0.007055 -0.000333
v -0.002596 0.006765 -0.000371
v 0.002491 0.006532 -0.000368
v 0.002514 0.006758 -0.000366
v 0.003830 0.006569 -0.000226
v 0.004482 0.006414 -0.000113
v 0.004422 0.006193 -0.000121
v 0.003738 0.006165 -0.000152
v 0.003786 0.006345 -0.000231
v 0.002922 0.006298 -0.000248
v 0.004516 0.006613 -0.000005
v 0.001206 0.006851 -0.000434
v 0.001195 0.006625 -0.000435
v 0.000654 0.006462 -0.000367
v 0.002527 0.006961 -0.000263
v 0.001211 0.007055 -0.000332
v 0.001184 0.006442 -0.000353
v 0.003855 0.006770 -0.000121
v -0.003254 0.002298 0.002657
v -0.003275 0.002509 0.002504
v -0.003094 0.002529 0.002531
v -0.003153 0.002013 0.002864
v -0.002986 0.002089 0.002850
v -0.002975 0.001754 0.003052
v -0.002678 0.001717 0.003121
v -0.002806 0.001593 0.003169
v -0.002407 0.001357 0.003340
v -0.002218 0.001469 0.003301
v -0.002287 0.001312 0.003372
v -0.001675 0.001214 0.003444
v -0.001675 0.001393 0.003362
v -0.001675 0.001591 0.003355
v -0.001675 0.001918 0.003562
v -0.001675 0.001781 0.003430
v -0.002109 0.001850 0.003379
v -0.001675 0.001775 0.003426
v -0.002152 0.001664 0.003299
v -0.002556 0.001882 0.003140
v -0.002827 0.002208 0.002902
v -0.002477 0.002048 0.003233
v -0.002723 0.002344 0.003016
v -0.003084 0.002531 0.002534
v -0.002921 0.002595 0.002622
v -0.002813 0.002690 0.002753
v -0.002811 0.002694 0.002758
v -0.002096 0.001985 0.003512
v -0.002453 0.002177 0.003371
v -0.002691 0.002464 0.003158
v -0.002775 0.002803 0.002908
v -0.002813 0.004309 0.001578
v -0.002921 0.004213 0.001447
v -0.003084 0.004150 0.001359
v -0.003275 0.004127 0.001328
v -0.002775 0.004421 0.001733
v -0.002811 0.004312 0.001583
v -0.001675 0.005218 0.000839
v -0.001675 0.005230 0.000909
v -0.002110 0.005160 0.000960
v -0.001675 0.005261 0.000586
v -0.001675 0.005223 0.000707
v -0.002154 0.005146 0.000764
v -0.001935 0.005405 0.000400
v -0.001675 0.005422 0.000388
v -0.001675 0.005297 0.000520
v -0.002287 0.005324 0.000460
v -0.002219 0.005209 0.000583
v -0.002607 0.005180 0.000564
v -0.002680 0.004960 0.000765
v -0.002806 0.005043 0.000663
v -0.003098 0.004719 0.000898
v -0.002987 0.004587 0.001036
v -0.003153 0.004623 0.000968
v -0.002725 0.004663 0.001325
v -0.002559 0.004927 0.000924
v -0.002829 0.004599 0.001163
v -0.002479 0.004961 0.001107
v -0.002691 0.004760 0.001483
v -0.002453 0.005047 0.001270
v -0.002096 0.005239 0.001129
v -0.001675 0.005306 0.001079
v 0.003104 0.004338 0.001175
v 0.003125 0.004127 0.001328
v 0.002944 0.004147 0.001356
v 0.003003 0.004623 0.000968
v 0.002837 0.004587 0.001036
v 0.002825 0.004882 0.000780
v 0.002530 0.004960 0.000765
v 0.002656 0.005043 0.000663
v 0.002257 0.005279 0.000492
v 0.002069 0.005209 0.000583
v 0.002137 0.005324 0.000460
v 0.001525 0.005422 0.000388
v 0.001525 0.005261 0.000586
v 0.001525 0.005223 0.000707
v 0.001525 0.005230 0.000909
v 0.001525 0.005218 0.000839
v 0.002004 0.005146 0.000764
v 0.002409 0.004927 0.000924
v 0.002679 0.004599 0.001163
v 0.001525 0.005306 0.001079
v 0.001960 0.005160 0.000960
v 0.002329 0.004961 0.001106
v 0.002575 0.004663 0.001325
v 0.002934 0.004150 0.001359
v 0.002771 0.004213 0.001447
v 0.002663 0.004309 0.001578
v 0.002661 0.004312 0.001583
v 0.001946 0.005239 0.001129
v 0.002303 0.005047 0.001270
v 0.002541 0.004760 0.001483
v 0.002625 0.004421 0.001733
v 0.002663 0.002690 0.002753
v 0.002771 0.002595 0.002622
v 0.002934 0.002531 0.002534
v 0.003125 0.002509 0.002504
v 0.002625 0.002803 0.002908
v 0.002661 0.002694 0.002758
v 0.001785 0.001231 0.003431
v 0.001525 0.001214 0.003444
v 0.001525 0.001382 0.003365
v 0.002137 0.001312 0.003372
v 0.002067 0.001469 0.003301
v 0.002457 0.001456 0.003268
v 0.002528 0.001717 0.003121
v 0.002656 0.001593 0.003169
v 0.002948 0.001917 0.002934
v 0.002836 0.002089 0.002850
v 0.003003 0.002013 0.002864
v 0.002573 0.002344 0.003016
v 0.002677 0.002208 0.002902
v 0.002406 0.001882 0.003140
v 0.002002 0.001664 0.003299
v 0.002327 0.002048 0.003233
v 0.001959 0.001850 0.003379
v 0.001525 0.001393 0.003362
v 0.001525 0.001591 0.003355
v 0.001525 0.001775 0.003426
v 0.001525 0.001781 0.003430
v 0.002541 0.002464 0.003159
v 0.002303 0.002177 0.003371
v 0.001946 0.001985 0.003512
v 0.001525 0.001918 0.003562
v 0.001525 0.004387 0.007097
v 0.001906 0.004443 0.007058
v 0.002303 0.004651 0.006912
v 0.002557 0.004977 0.006685
v 0.002625 0.005289 0.006467
v 0.002625 0.007791 0.006556
v 0.002625 0.009273 0.007234
v 0.002625 0.008811 0.005844
v 0.002625 0.009263 0.007280
v 0.002495 0.007919 0.005833
v 0.002223 0.008001 0.005372
v 0.001852 0.008050 0.005093
v 0.001525 0.008063 0.005024
v -0.001675 0.008063 0.005024
v -0.001675 0.004387 0.007097
v -0.002775 0.005289 0.006467
v -0.002707 0.004977 0.006685
v -0.002453 0.004651 0.006912
v -0.002056 0.004443 0.007058
v -0.002775 0.007791 0.006556
v -0.002775 0.008811 0.005844
v -0.002775 0.009272 0.007234
v -0.002775 0.009263 0.007280
vn -0.0043 -0.4426 -0.8967
vn -0.4810 -0.4866 -0.7293
vn -0.5694 -0.2273 -0.7900
vn -0.0422 -0.8384 0.5434
vn -0.0497 -0.3045 0.9512
vn -0.0199 -0.9983 -0.0541
vn -0.0089 -0.9994 -0.0342
vn -0.0200 -0.9939 -0.1082
vn -0.0203 -0.9947 0.1009
vn -0.0223 0.0081 -0.9997
vn -0.0258 -0.0144 -0.9996
vn -0.0612 -0.0161 -0.9980
vn -0.6417 -0.2937 -0.7085
vn -0.4462 -0.5113 -0.7345
vn -0.5140 -0.5815 -0.6306
vn -0.4183 -0.4291 -0.8006
vn -0.5048 -0.2909 -0.8127
vn -0.4587 -0.2547 -0.8513
vn -0.4665 -0.2283 -0.8546
vn -0.4077 -0.1895 -0.8933
vn -0.4117 -0.1692 -0.8955
vn -0.3519 -0.1369 -0.9260
vn -0.3535 -0.1217 -0.9275
vn -0.2944 -0.0962 -0.9508
vn -0.2946 -0.0857 -0.9518
vn -0.2356 -0.0655 -0.9696
vn -0.2351 -0.0578 -0.9703
vn -0.1786 -0.0434 -0.9830
vn -0.1779 -0.0388 -0.9833
vn -0.1168 -0.0273 -0.9928
vn -0.0076 -0.4626 -0.8865
vn -0.0210 -0.4633 -0.8859
vn -0.0614 -0.0176 -0.9980
vn -0.1166 -0.0232 -0.9929
vn -0.2283 -0.9673 -0.1106
vn -0.2988 -0.9432 -0.1449
vn -0.1140 -0.9932 -0.0231
vn -0.0199 -0.4519 -0.8918
vn -0.0267 -0.4663 -0.8842
vn -0.0402 -0.4676 -0.8830
vn -0.0402 -0.4636 -0.8851
vn -0.0594 -0.4825 -0.8739
vn -0.0593 -0.4810 -0.8747
vn -0.0812 -0.4865 -0.8699
vn -0.0810 -0.4920 -0.8668
vn -0.1015 -0.5020 -0.8589
vn -0.1001 -0.5105 -0.8541
vn -0.1234 -0.5205 -0.8449
vn -0.1214 -0.5274 -0.8409
vn -0.1407 -0.5518 -0.8220
vn -0.1352 -0.5633 -0.8151
vn -0.1661 -0.5836 -0.7948
vn -0.1579 -0.5976 -0.7861
vn -0.1788 -0.6364 -0.7503
vn -0.1629 -0.6553 -0.7376
vn -0.2056 -0.6943 -0.6897
vn -0.2173 -0.6824 -0.6979
vn -0.1540 -0.7997 -0.5802
vn -0.1765 -0.7859 -0.5926
vn -0.2154 -0.8311 -0.5127
vn -0.2148 -0.9766 -0.0079
vn -0.1892 -0.9789 -0.0767
vn -0.1949 -0.9779 -0.0757
vn -0.1973 -0.9770 -0.0805
vn -0.2063 -0.9753 -0.0794
vn -0.2043 -0.9755 -0.0812
vn -0.0367 -0.9978 -0.0560
vn -0.0415 -0.9982 -0.0433
vn -0.0527 -0.9972 -0.0527
vn -0.0615 -0.9966 -0.0549
vn -0.0649 -0.9966 -0.0502
vn -0.0783 -0.9954 -0.0547
vn -0.0829 -0.9953 -0.0492
vn -0.0891 -0.9947 -0.0519
vn -0.0976 -0.9938 -0.0536
vn -0.1021 -0.9936 -0.0491
vn -0.1167 -0.9915 -0.0570
vn -0.1165 -0.9915 -0.0572
vn -0.1372 -0.9891 -0.0540
vn -0.1369 -0.9891 -0.0542
vn -0.1487 -0.9868 -0.0637
vn -0.1457 -0.9871 -0.0659
vn -0.1690 -0.9837 -0.0611
vn -0.1663 -0.9841 -0.0623
vn -0.1746 -0.9820 -0.0720
vn -0.1677 -0.9830 -0.0755
vn -0.1881 -0.9796 -0.0709
vn -0.2103 -0.9776 -0.0078
vn -0.2129 -0.9765 -0.0331
vn -0.2079 -0.9772 -0.0432
vn -0.2107 -0.9766 -0.0434
vn -0.2129 -0.9753 -0.0591
vn -0.2099 -0.9759 -0.0591
vn -0.2105 -0.9750 -0.0706
vn -0.2071 -0.9758 -0.0708
vn -0.2088 -0.9748 -0.0780
vn -0.1984 -0.9769 -0.0794
vn -0.2039 -0.9757 -0.0802
vn -0.9989 0.0387 0.0274
vn -0.9711 0.0121 0.2383
vn -0.9747 -0.0017 0.2234
vn -0.9776 -0.0279 0.2088
vn -0.9788 -0.0039 0.2049
vn -0.9849 0.0567 0.1637
vn -0.9859 0.0237 0.1654
vn -0.9927 0.0276 0.1177
vn -0.9928 0.0103 0.1195
vn -0.9942 0.0318 0.1025
vn -0.9961 0.0329 0.0823
vn -0.9970 -0.0328 0.0695
vn -0.9979 0.0288 0.0576
vn -0.9981 0.0389 0.0474
vn -0.9644 0.0087 0.2644
vn -0.9608 -0.0477 0.2729
vn -0.9558 -0.0096 0.2939
vn -0.9283 -0.0074 0.3718
vn -0.9283 -0.0066 0.3717
vn -0.9498 0.0026 0.3127
vn -0.8347 -0.0052 0.5507
vn -0.8340 -0.0117 0.5516
vn -0.8779 0.0024 0.4788
vn -0.8770 -0.0086 0.4804
vn -0.8970 -0.0016 0.4420
vn -0.0571 -0.2684 0.9616
vn -0.1441 -0.2661 0.9531
vn -0.1826 -0.3578 0.9158
vn -0.2171 -0.2312 0.9484
vn -0.2912 -0.2262 0.9295
vn -0.3060 -0.1738 0.9360
vn -0.3675 -0.2104 0.9059
vn -0.3589 -0.2338 0.9036
vn -0.4351 -0.0275 0.8999
vn -0.4261 -0.1266 0.8958
vn -0.4929 -0.1178 0.8621
vn -0.4998 -0.1173 0.8582
vn -0.5248 -0.1271 0.8417
vn -0.5193 -0.1462 0.8420
vn -0.5883 0.0017 0.8087
vn -0.5821 -0.0725 0.8099
vn -0.6647 -0.0570 0.7449
vn -0.6591 -0.0885 0.7468
vn -0.7228 0.0120 0.6910
vn -0.7194 -0.0341 0.6938
vn -0.7847 -0.0179 0.6197
vn -0.7827 -0.0337 0.6215
vn -0.8074 -0.0132 0.5899
vn -0.2788 0.7797 -0.5607
vn -0.2762 0.7845 -0.5552
vn -0.1827 0.7948 -0.5787
vn -0.0342 0.8096 -0.5860
vn -0.0338 0.8110 -0.5841
vn -0.0827 0.8088 -0.5822
vn -0.0963 0.7794 -0.6190
vn -0.1180 0.8066 -0.5792
vn -0.1814 0.7992 -0.5731
vn -0.8586 0.3570 -0.3679
vn -0.7965 0.4815 -0.3655
vn -0.7419 0.5271 -0.4144
vn -0.7205 0.5286 -0.4488
vn -0.7043 0.5685 -0.4251
vn -0.6389 0.6110 -0.4675
vn -0.6269 0.6403 -0.4439
vn -0.5509 0.6598 -0.5110
vn -0.5406 0.6819 -0.4926
vn -0.4599 0.7167 -0.5242
vn -0.4548 0.7274 -0.5138
vn -0.3681 0.7490 -0.5509
vn -0.3875 0.7082 -0.5902
vn -0.3416 0.7642 -0.5471
vn -0.9938 0.1012 -0.0465
vn -0.9991 0.0357 -0.0248
vn -0.9981 0.0573 -0.0239
vn -0.9694 0.1828 -0.1636
vn -0.9764 0.1481 -0.1569
vn -0.9795 0.1622 -0.1198
vn -0.9813 0.1517 -0.1184
vn -0.9898 0.1071 -0.0944
vn -0.9894 0.1098 -0.0953
vn -0.9912 0.1102 -0.0733
vn -0.9927 0.0975 -0.0708
vn -0.9956 0.0794 -0.0492
vn -0.9334 0.2622 -0.2451
vn -0.8497 0.3927 -0.3520
vn -0.8231 0.1109 -0.5569
vn -0.8859 0.0459 -0.4616
vn -0.7908 -0.2105 -0.5747
vn -0.8490 -0.2754 -0.4510
vn -0.6858 -0.5223 -0.5068
vn -0.7319 -0.5740 -0.3672
vn -0.5186 -0.7688 -0.3742
vn -0.5489 -0.7999 -0.2426
vn -0.1599 -0.9658 -0.2041
vn -0.2096 -0.9516 -0.2247
vn -0.7823 0.5266 -0.3327
vn -0.7637 0.2025 -0.6130
vn -0.8343 0.1377 -0.5339
vn -0.7437 -0.1071 -0.6598
vn -0.8124 -0.1784 -0.5551
vn -0.6532 -0.4246 -0.6270
vn -0.7150 -0.4937 -0.4950
vn -0.4997 -0.6988 -0.5118
vn -0.5466 -0.7516 -0.3693
vn -0.2340 -0.9108 -0.3400
vn -0.2664 -0.8952 -0.3572
vn -0.0320 0.4597 -0.8875
vn -0.0317 0.4613 -0.8867
vn -0.0893 0.4584 -0.8842
vn -0.0893 0.4582 -0.8844
vn -0.1697 0.4497 -0.8769
vn -0.1700 0.4479 -0.8778
vn -0.2589 0.4316 -0.8641
vn -0.2598 0.4282 -0.8656
vn -0.3414 0.4072 -0.8471
vn -0.3429 0.4007 -0.8497
vn -0.4272 0.3718 -0.8241
vn -0.4287 0.3630 -0.8273
vn -0.5116 0.3270 -0.7946
vn -0.5129 0.3135 -0.7991
vn -0.5944 0.2695 -0.7576
vn -0.5953 0.2507 -0.7634
vn -0.6710 0.2008 -0.7137
vn -0.6708 0.1758 -0.7205
vn -0.7280 0.1313 -0.6728
vn -0.6933 -0.0142 -0.7205
vn -0.7633 -0.0788 -0.6412
vn -0.6139 -0.3214 -0.7210
vn -0.6843 -0.3945 -0.6133
vn -0.4746 -0.6071 -0.6373
vn -0.5363 -0.6760 -0.5054
vn -0.2519 -0.8410 -0.4788
vn -0.1999 -0.8729 -0.4450
vn -0.9345 0.2573 -0.2461
vn -0.9141 -0.0755 -0.3983
vn -0.9499 -0.1151 -0.2906
vn -0.8545 -0.3823 -0.3517
vn -0.8810 -0.4090 -0.2377
vn -0.0320 -0.9412 0.3363
vn -0.0426 -0.9244 0.3792
vn -0.1112 -0.9218 0.3714
vn -0.1160 -0.9158 0.3844
vn -0.1800 -0.9121 0.3683
vn -0.1867 -0.9071 0.3773
vn -0.2293 -0.9032 0.3628
vn -0.2381 -0.8967 0.3730
vn -0.2820 -0.8918 0.3539
vn -0.2928 -0.8840 0.3644
vn -0.3362 -0.8780 0.3407
vn -0.3440 -0.8725 0.3471
vn -0.3852 -0.8657 0.3196
vn -0.3918 -0.8611 0.3241
vn -0.4304 -0.8537 0.2932
vn -0.4361 -0.8497 0.2963
vn -0.4713 -0.8420 0.2625
vn -0.4759 -0.8388 0.2646
vn -0.5070 -0.8310 0.2288
vn -0.5101 -0.8288 0.2299
vn -0.5368 -0.8213 0.1931
vn -0.5382 -0.8203 0.1935
vn -0.5608 -0.8131 0.1560
vn -0.5604 -0.8134 0.1559
vn -0.5863 -0.8035 0.1029
vn -0.5851 -0.8045 0.1026
vn -0.5990 -0.7984 0.0615
vn -0.6018 -0.7962 0.0619
vn -0.6079 -0.7931 0.0379
vn -0.6101 -0.7914 0.0381
vn -0.6129 -0.7898 0.0234
vn -0.6158 -0.7876 0.0234
vn -0.6165 -0.7872 0.0180
vn -0.6191 -0.7851 0.0178
vn -0.6184 -0.7855 0.0254
vn -0.6222 -0.7825 0.0253
vn -0.6211 -0.7822 0.0491
vn -0.6253 -0.7789 0.0485
vn -0.6250 -0.7772 0.0735
vn -0.6291 -0.7739 0.0727
vn -0.6292 -0.7734 0.0780
vn -0.6350 -0.7687 0.0766
vn -0.6341 -0.7715 0.0524
vn -0.6391 -0.7675 0.0504
vn -0.6363 -0.7714 0.0009
vn -0.6452 -0.7640 -0.0025
vn -0.6396 -0.7655 -0.0697
vn -0.6468 -0.7590 -0.0743
vn -0.6384 -0.7559 -0.1451
vn -0.6491 -0.7455 -0.1516
vn -0.6375 -0.7367 -0.2257
vn -0.7375 -0.6262 -0.2531
vn -0.7088 -0.5971 -0.3755
vn -0.8709 -0.3547 -0.3401
vn -0.8286 -0.3075 -0.4678
vn -0.9250 -0.0422 -0.3777
vn -0.8742 0.0143 -0.4854
vn -0.8973 0.3283 -0.2950
vn -0.8920 0.3487 -0.2876
vn -0.9980 0.0585 0.0249
vn -0.9990 0.0455 0.0043
vn -0.9998 0.0216 -0.0004
vn -0.9982 0.0599 -0.0093
vn -0.9981 0.0590 -0.0177
vn -0.1645 -0.9821 0.0918
vn -0.2148 -0.9734 0.0800
vn -0.2152 -0.9755 0.0448
vn -0.1998 -0.9788 0.0459
vn -0.2136 -0.9767 0.0195
vn -0.2163 -0.9748 -0.0555
vn -0.2226 -0.9748 0.0136
vn -0.2677 -0.9629 0.0350
vn -0.1379 -0.9872 0.0800
vn -0.2179 -0.9718 0.0897
vn -0.2185 -0.9702 0.1046
vn -0.2237 -0.9685 0.1093
vn -0.2164 -0.9700 0.1103
vn -0.2163 -0.9713 0.0986
vn -0.0495 -0.6816 0.7300
vn -0.0572 -0.6548 0.7537
vn -0.1644 -0.6509 0.7411
vn -0.1704 -0.6322 0.7559
vn -0.2649 -0.6267 0.7328
vn -0.2735 -0.6115 0.7424
vn -0.3363 -0.6059 0.7210
vn -0.3471 -0.5871 0.7314
vn -0.4120 -0.5797 0.7030
vn -0.4243 -0.5581 0.7131
vn -0.4893 -0.5491 0.6776
vn -0.4970 -0.5357 0.6826
vn -0.5597 -0.5255 0.6408
vn -0.5653 -0.5157 0.6438
vn -0.6250 -0.5043 0.5959
vn -0.6289 -0.4975 0.5975
vn -0.6844 -0.4853 0.5441
vn -0.6866 -0.4814 0.5448
vn -0.7368 -0.4689 0.4871
vn -0.7373 -0.4680 0.4872
vn -0.7813 -0.4556 0.4267
vn -0.7799 -0.4580 0.4266
vn -0.8179 -0.4460 0.3636
vn -0.8149 -0.4514 0.3635
vn -0.8582 -0.4347 0.2730
vn -0.8538 -0.4440 0.2718
vn -0.8803 -0.4325 0.1951
vn -0.8807 -0.4315 0.1951
vn -0.8938 -0.4249 0.1436
vn -0.8943 -0.4237 0.1436
vn -0.9016 -0.4196 0.1050
vn -0.9031 -0.4165 0.1049
vn -0.9069 -0.4142 0.0774
vn -0.9083 -0.4112 0.0771
vn -0.9105 -0.4100 0.0547
vn -0.9126 -0.4052 0.0544
vn -0.9132 -0.4053 0.0426
vn -0.9165 -0.3978 0.0415
vn -0.9166 -0.3980 0.0386
vn -0.9203 -0.3894 0.0369
vn -0.9202 -0.3905 0.0270
vn -0.9255 -0.3781 0.0241
vn -0.9247 -0.3807 0.0005
vn -0.9287 -0.3708 -0.0028
vn -0.9266 -0.3739 -0.0404
vn -0.9328 -0.3576 -0.0452
vn -0.9288 -0.3586 -0.0941
vn -0.9330 -0.3457 -0.0998
vn -0.9269 -0.3436 -0.1511
vn -0.9323 -0.3254 -0.1576
vn -0.9246 -0.3194 -0.2076
vn -0.9622 -0.1660 -0.2160
vn -0.9412 -0.1452 -0.3051
vn -0.9608 0.1914 -0.2005
vn -0.9565 0.2120 -0.2003
vn 0.9989 0.0474 -0.0028
vn 0.2029 -0.6920 -0.6928
vn 0.1894 -0.6393 -0.7452
vn 0.0338 0.8096 -0.5860
vn 0.8307 0.1413 -0.5385
vn 0.6933 -0.0143 -0.7205
vn 0.0087 -0.9941 -0.1082
vn 0.0320 -0.9412 0.3362
vn 0.0203 -0.9947 0.1009
vn 0.0473 -0.3046 0.9513
vn 0.0500 -0.3141 0.9481
vn 0.0317 0.4597 -0.8875
vn 0.0320 0.4612 -0.8867
vn 0.0893 0.4584 -0.8842
vn 0.7637 0.2025 -0.6130
vn 0.7281 0.1313 -0.6728
vn 0.6644 0.1806 -0.7253
vn 0.6774 0.1962 -0.7089
vn 0.5899 0.2540 -0.7665
vn 0.5999 0.2664 -0.7544
vn 0.5088 0.3157 -0.8009
vn 0.5158 0.3250 -0.7927
vn 0.4257 0.3642 -0.8284
vn 0.4302 0.3707 -0.8231
vn 0.3405 0.4014 -0.8503
vn 0.3438 0.4065 -0.8465
vn 0.2585 0.4285 -0.8658
vn 0.2602 0.4313 -0.8639
vn 0.1696 0.4479 -0.8778
vn 0.0342 0.8110 -0.5841
vn 0.0961 0.8079 -0.5814
vn 0.0893 0.4582 -0.8843
vn 0.1701 0.4497 -0.8768
vn 0.7594 -0.0750 -0.6463
vn 0.8267 0.1076 -0.5522
vn 0.8827 0.0496 -0.4673
vn 0.8997 0.3073 -0.3100
vn 0.9012 0.3130 -0.2997
vn 0.6380 0.6221 -0.4539
vn 0.6253 0.5941 -0.5060
vn 0.7135 0.5918 -0.3752
vn 0.7049 0.5536 -0.4434
vn 0.7882 0.4891 -0.3736
vn 0.7773 0.4515 -0.4382
vn 0.8394 0.4592 -0.2907
vn 0.8362 0.4048 -0.3701
vn 0.8772 0.3653 -0.3116
vn 0.0847 0.7680 -0.6349
vn 0.1199 0.8064 -0.5791
vn 0.1826 0.7990 -0.5729
vn 0.1746 0.7701 -0.6136
vn 0.2775 0.8057 -0.5232
vn 0.2672 0.7821 -0.5629
vn 0.3678 0.7566 -0.5407
vn 0.3526 0.7298 -0.5857
vn 0.4564 0.7559 -0.4693
vn 0.4324 0.6929 -0.5770
vn 0.5459 0.7127 -0.4404
vn 0.5216 0.6429 -0.5609
vn 0.5772 0.6563 -0.4859
vn 0.9764 0.1832 -0.1147
vn 0.9823 0.1279 -0.1371
vn 0.9875 0.1262 -0.0947
vn 0.9895 0.0981 -0.1060
vn 0.9887 0.1314 -0.0721
vn 0.0574 -0.6813 0.7297
vn 0.0503 -0.6548 0.7542
vn 0.1688 -0.6506 0.7404
vn 0.1662 -0.6323 0.7567
vn 0.2716 -0.6261 0.7309
vn 0.8159 -0.4511 0.3616
vn 0.8168 -0.4463 0.3655
vn 0.7804 -0.4579 0.4257
vn 0.7807 -0.4558 0.4275
vn 0.7371 -0.4681 0.4875
vn 0.7370 -0.4688 0.4869
vn 0.6855 -0.4816 0.5460
vn 0.6855 -0.4851 0.5429
vn 0.6267 -0.4979 0.5994
vn 0.6271 -0.5038 0.5940
vn 0.5620 -0.5162 0.6463
vn 0.5631 -0.5248 0.6384
vn 0.4921 -0.5364 0.6856
vn 0.4943 -0.5482 0.6746
vn 0.4159 -0.5590 0.7173
vn 0.4206 -0.5785 0.6989
vn 0.3394 -0.5877 0.7344
vn 0.8803 -0.4325 0.1949
vn 0.8807 -0.4315 0.1953
vn 0.8939 -0.4248 0.1434
vn 0.8943 -0.4238 0.1438
vn 0.9017 -0.4195 0.1044
vn 0.9030 -0.4166 0.1055
vn 0.9069 -0.4142 0.0768
vn 0.9082 -0.4113 0.0778
vn 0.9105 -0.4100 0.0542
vn 0.9987 0.0487 0.0151
vn 0.9996 0.0018 0.0288
vn 0.9132 -0.4053 0.0417
vn 0.9126 -0.4052 0.0550
vn 0.9295 -0.0709 0.3620
vn 0.8575 -0.4350 0.2747
vn 0.8545 -0.4438 0.2700
vn 0.6688 -0.0627 0.7408
vn 0.6640 -0.0493 0.7461
vn 0.7137 -0.0386 0.6994
vn 0.7300 -0.0655 0.6803
vn 0.7423 -0.0309 0.6694
vn 0.7560 -0.0252 0.6541
vn 0.9319 -0.1408 0.3343
vn 0.9109 0.0036 0.4126
vn 0.8787 -0.0080 0.4773
vn 0.8860 -0.0407 0.4620
vn 0.8287 0.0495 0.5574
vn 0.8420 -0.0030 0.5395
vn 0.7848 -0.0193 0.6195
vn 0.7877 -0.0288 0.6154
vn 0.7598 -0.0243 0.6497
vn 0.2670 -0.6119 0.7445
vn 0.3442 -0.6049 0.7180
vn 0.3516 0.0157 0.9360
vn 0.4456 -0.1593 0.8809
vn 0.4883 -0.1129 0.8653
vn 0.5248 -0.1273 0.8417
vn 0.4060 -0.1911 0.8937
vn 0.3187 -0.1996 0.9266
vn 0.2915 -0.2424 0.9253
vn 0.2814 -0.2269 0.9324
vn 0.1822 -0.2331 0.9552
vn 0.2015 -0.3445 0.9169
vn 0.1178 -0.2559 0.9595
vn 0.6347 -0.0629 0.7702
vn 0.6290 -0.0639 0.7748
vn 0.5968 -0.0862 0.7977
vn 0.5954 -0.0828 0.7991
vn 0.5341 -0.0929 0.8403
vn 0.9987 0.0388 0.0331
vn 0.9976 0.0390 0.0576
vn 0.9970 -0.0348 0.0694
vn 0.9959 0.0328 0.0846
vn 0.9925 0.0310 0.1179
vn 0.9922 0.0370 0.1194
vn 0.9870 0.0137 0.1599
vn 0.9866 0.0208 0.1619
vn 0.9768 0.0152 0.2138
vn 0.9788 -0.0186 0.2041
vn 0.9565 0.0553 0.2863
vn 0.9617 0.0085 0.2740
vn 0.9445 0.0001 0.3284
vn 0.2062 -0.9775 0.0446
vn 0.2103 -0.9776 -0.0082
vn 0.2149 -0.9766 -0.0074
vn 0.2137 -0.9767 0.0187
vn 0.2027 -0.9760 -0.0799
vn 0.2084 -0.9751 -0.0761
vn 0.2072 -0.9757 -0.0714
vn 0.2154 -0.9742 -0.0678
vn 0.2045 -0.9770 -0.0606
vn 0.2127 -0.9754 -0.0573
vn 0.2107 -0.9766 -0.0428
vn 0.2111 -0.9765 -0.0427
vn 0.2128 -0.9766 -0.0324
vn 0.2030 -0.9758 -0.0808
vn 0.2039 -0.9757 -0.0802
vn 0.2038 -0.9757 -0.0800
vn 0.1616 -0.9846 -0.0669
vn 0.1647 -0.9845 -0.0606
vn 0.1735 -0.9823 -0.0706
vn 0.1767 -0.9821 -0.0652
vn 0.1833 -0.9802 -0.0742
vn 0.1948 -0.9791 -0.0582
vn 0.1752 -0.9807 -0.0870
vn 0.1926 -0.9787 -0.0710
vn 0.1962 -0.9774 -0.0785
vn 0.0202 -0.9983 -0.0542
vn 0.0300 -0.9980 -0.0552
vn 0.0439 -0.9986 -0.0294
vn 0.0459 -0.9976 -0.0509
vn 0.0634 -0.9965 -0.0554
vn 0.0635 -0.9962 -0.0595
vn 0.0836 -0.9954 -0.0473
vn 0.0884 -0.9931 -0.0776
vn 0.0953 -0.9944 -0.0453
vn 0.1166 -0.9915 -0.0570
vn 0.1202 -0.9920 -0.0389
vn 0.1242 -0.9897 -0.0718
vn 0.1323 -0.9899 -0.0505
vn 0.1480 -0.9870 -0.0631
vn 0.1519 -0.9870 -0.0530
vn 0.1547 -0.9861 -0.0602
vn 0.0430 -0.4538 -0.8901
vn 0.0356 -0.4671 -0.8835
vn 0.0208 -0.4656 -0.8847
vn 0.0217 -0.4626 -0.8863
vn 0.0031 -0.4635 -0.8861
vn 0.0085 -0.4425 -0.8967
vn 0.2385 -0.7861 -0.5703
vn 0.1904 -0.7383 -0.6470
vn 0.1503 -0.5974 -0.7878
vn 0.1721 -0.5876 -0.7907
vn 0.1319 -0.5612 -0.8171
vn 0.1577 -0.5463 -0.8226
vn 0.1105 -0.5381 -0.8356
vn 0.1300 -0.5234 -0.8421
vn 0.0973 -0.5093 -0.8551
vn 0.1120 -0.4966 -0.8607
vn 0.0749 -0.5008 -0.8623
vn 0.0926 -0.4806 -0.8720
vn 0.0574 -0.4884 -0.8707
vn 0.0654 -0.4775 -0.8762
vn 0.0472 -0.4741 -0.8792
vn 0.2983 -0.8392 -0.4548
vn 0.2128 -0.6901 -0.6917
vn 0.4501 -0.5155 -0.7292
vn 0.5101 -0.5776 -0.6374
vn 0.6569 -0.4284 -0.6204
vn 0.7125 -0.4905 -0.5018
vn 0.8314 -0.3103 -0.4610
vn 0.8693 -0.3527 -0.3461
vn 0.9429 -0.1468 -0.2990
vn 0.9622 -0.1661 -0.2160
vn 0.9722 0.1796 -0.1499
vn 0.9750 0.1265 -0.1826
vn 0.1580 -0.6507 -0.7427
vn 0.4183 -0.4291 -0.8006
vn 0.4768 -0.4826 -0.7347
vn 0.6178 -0.3255 -0.7158
vn 0.6806 -0.3906 -0.6199
vn 0.7944 -0.2143 -0.5684
vn 0.8464 -0.2723 -0.4577
vn 0.9168 -0.0780 -0.3917
vn 0.9483 -0.1130 -0.2965
vn 0.9545 0.2340 -0.1849
vn 0.9569 0.1947 -0.2153
vn 0.0267 0.0081 -0.9996
vn 0.0217 -0.0141 -0.9997
vn 0.0615 -0.0161 -0.9980
vn 0.0611 -0.0176 -0.9980
vn 0.1173 -0.0234 -0.9928
vn 0.1161 -0.0271 -0.9929
vn 0.1796 -0.0390 -0.9830
vn 0.1769 -0.0430 -0.9833
vn 0.2377 -0.0585 -0.9696
vn 0.2331 -0.0646 -0.9703
vn 0.2980 -0.0868 -0.9506
vn 0.2911 -0.0947 -0.9520
vn 0.3582 -0.1237 -0.9254
vn 0.3474 -0.1345 -0.9280
vn 0.4176 -0.1724 -0.8921
vn 0.4021 -0.1857 -0.8966
vn 0.4737 -0.2329 -0.8493
vn 0.4519 -0.2494 -0.8565
vn 0.5048 -0.2909 -0.8127
vn 0.5695 -0.2273 -0.7900
vn 0.6376 -0.2897 -0.7138
vn 0.7476 -0.1109 -0.6549
vn 0.8089 -0.1745 -0.5614
vn 0.8775 0.0111 -0.4794
vn 0.9225 -0.0389 -0.3840
vn 0.9313 0.2787 -0.2345
vn 0.9312 0.2419 -0.2726
vn 0.1920 -0.8630 -0.4673
vn 0.5023 -0.7018 -0.5051
vn 0.5451 -0.7499 -0.3750
vn 0.7106 -0.5987 -0.3696
vn 0.7375 -0.6261 -0.2531
vn 0.1091 -0.8163 -0.5673
vn 0.4781 -0.6113 -0.6307
vn 0.5335 -0.6731 -0.5122
vn 0.6885 -0.5253 -0.5000
vn 0.7303 -0.5722 -0.3731
vn 0.8562 -0.3839 -0.3456
vn 0.8810 -0.4090 -0.2377
vn 0.9246 -0.3195 -0.2076
vn 0.9332 -0.3263 -0.1503
vn 0.9258 -0.3432 -0.1585
vn 0.9335 -0.3459 -0.0943
vn 0.9282 -0.3586 -0.0995
vn 0.9330 -0.3575 -0.0417
vn 0.9263 -0.3742 -0.0440
vn 0.9288 -0.3706 -0.0006
vn 0.9246 -0.3810 -0.0017
vn 0.9255 -0.3779 0.0254
vn 0.9202 -0.3906 0.0256
vn 0.9203 -0.3893 0.0378
vn 0.2273 -0.9513 -0.2081
vn 0.2119 -0.9542 -0.2112
vn 0.2268 -0.9665 -0.1200
vn 0.2463 -0.9626 -0.1125
vn 0.1787 -0.9837 -0.0188
vn 0.1308 -0.9911 -0.0246
vn 0.2967 -0.9538 0.0471
vn 0.2179 -0.9752 0.0389
vn 0.2207 -0.9711 0.0912
vn 0.2107 -0.9734 0.0901
vn 0.2218 -0.9689 0.1099
vn 0.2164 -0.9701 0.1096
vn 0.2163 -0.9715 0.0967
vn 0.1704 -0.9811 0.0917
vn 0.2148 -0.9736 0.0776
vn 0.2152 -0.9755 0.0457
vn 0.9932 0.0869 -0.0776
vn 0.9943 0.0885 -0.0586
vn 0.9961 0.0742 -0.0487
vn 0.9910 0.1275 -0.0400
vn 0.9972 0.0695 -0.0287
vn 0.9989 0.0476 -0.0028
vn 0.9166 -0.3981 0.0377
vn 0.9165 -0.3978 0.0424
vn 0.0422 -0.8384 0.5434
vn 0.0426 -0.9244 0.3791
vn 0.1140 -0.9216 0.3710
vn 0.1134 -0.9159 0.3851
vn 0.1842 -0.9117 0.3671
vn 0.1826 -0.9073 0.3787
vn 0.2343 -0.9026 0.3611
vn 0.2333 -0.8972 0.3751
vn 0.2875 -0.8910 0.3514
vn 0.2874 -0.8846 0.3672
vn 0.3398 -0.8774 0.3387
vn 0.3405 -0.8730 0.3493
vn 0.3880 -0.8652 0.3177
vn 0.3892 -0.8615 0.3262
vn 0.4325 -0.8532 0.2914
vn 0.4341 -0.8501 0.2983
vn 0.4728 -0.8416 0.2610
vn 0.4744 -0.8391 0.2662
vn 0.5079 -0.8308 0.2277
vn 0.5093 -0.8290 0.2310
vn 0.5372 -0.8212 0.1926
vn 0.5379 -0.8204 0.1940
vn 0.5607 -0.8131 0.1561
vn 0.5605 -0.8134 0.1558
vn 0.5862 -0.8036 0.1032
vn 0.5852 -0.8044 0.1023
vn 0.5992 -0.7983 0.0609
vn 0.6017 -0.7963 0.0626
vn 0.6080 -0.7930 0.0374
vn 0.6100 -0.7914 0.0386
vn 0.6130 -0.7898 0.0228
vn 0.6157 -0.7876 0.0241
vn 0.6166 -0.7871 0.0174
vn 0.6191 -0.7851 0.0185
vn 0.6184 -0.7854 0.0249
vn 0.6221 -0.7825 0.0257
vn 0.6211 -0.7823 0.0485
vn 0.6253 -0.7789 0.0491
vn 0.6250 -0.7772 0.0730
vn 0.6291 -0.7739 0.0732
vn 0.6292 -0.7734 0.0773
vn 0.6350 -0.7686 0.0774
vn 0.6340 -0.7716 0.0510
vn 0.6392 -0.7673 0.0517
vn 0.6362 -0.7716 -0.0015
vn 0.6453 -0.7639 -0.0001
vn 0.6392 -0.7655 -0.0737
vn 0.6473 -0.7590 -0.0704
vn 0.6376 -0.7554 -0.1510
vn 0.6499 -0.7459 -0.1457
vn 0.6375 -0.7367 -0.2257
vn 0.5489 -0.7999 -0.2426
vn 0.5201 -0.7705 -0.3685
vn 0.2108 -0.9178 -0.3364
vn 0.2364 -0.9131 -0.3321
vn -0.0000 0.1192 0.9929
vn -0.0000 0.1193 0.9929
vn -0.0003 0.1194 0.9928
vn 0.0001 0.1192 0.9929
vn -0.0001 0.1193 0.9929
vn 0.0001 0.1193 0.9929
vn -0.0000 0.9760 0.2180
vn -0.0006 0.9759 0.2180
vn 0.0001 0.9778 0.2095
vn -0.0000 0.9779 0.2092
vn -0.5971 0.3797 0.7066
vn -0.6096 0.3581 0.7073
vn -0.6307 0.4123 0.6574
vn -0.5981 0.3791 0.7060
vn -0.3736 0.6604 0.6514
vn -0.4526 0.6440 0.6167
vn -0.4373 0.6053 0.6651
vn -0.5014 0.5504 0.6676
vn -0.5147 0.4992 0.6970
vn -0.5455 0.4891 0.6806
vn -0.6096 0.4365 0.6617
vn -0.1229 0.8111 0.5719
vn -0.0542 0.7394 0.6711
vn -0.0539 0.7884 0.6128
vn -0.0162 0.8077 0.5893
vn -0.0265 0.7950 0.6061
vn -0.1165 0.7876 0.6050
vn -0.1711 0.7588 0.6285
vn -0.1799 0.7360 0.6527
vn -0.2371 0.7122 0.6607
vn -0.5638 0.4161 0.7134
vn -0.5272 0.4712 0.7072
vn -0.5258 0.5131 0.6784
vn -0.4471 0.5360 0.7161
vn -0.4103 0.6097 0.6782
vn -0.4272 0.6006 0.6759
vn -0.3753 0.6332 0.6769
vn -0.3594 0.6543 0.6654
vn -0.3039 0.6963 0.6502
vn -0.3119 0.6850 0.6584
vn -0.2664 0.7155 0.6458
vn -0.2443 0.7425 0.6237
vn -0.1927 0.7594 0.6214
vn -0.1968 0.8586 0.4733
vn -0.1405 0.7585 0.6363
vn -0.1042 0.7888 0.6057
vn -0.0954 0.7910 0.6044
vn -0.0512 0.8244 0.5637
vn -0.0244 0.8073 0.5896
vn -0.0117 0.8203 0.5719
vn -0.0000 -0.1193 -0.9929
vn -0.0000 -0.1192 -0.9929
vn 0.0001 -0.1191 -0.9929
vn -0.0001 -0.1193 -0.9929
vn 0.0001 -0.1193 -0.9929
vn -0.0001 -0.1192 -0.9929
vn 0.0302 0.8231 0.5670
vn 0.0027 0.7805 0.6251
vn 0.0222 0.8201 0.5718
vn 0.0948 0.8035 0.5877
vn 0.0994 0.7911 0.6035
vn 0.1394 0.7599 0.6349
vn 0.2132 0.7596 0.6144
vn 0.2158 0.7708 0.5994
vn 0.1551 0.7925 0.5899
vn 0.4387 0.6765 0.5915
vn 0.4279 0.6069 0.6697
vn 0.4837 0.5744 0.6604
vn 0.5133 0.5092 0.6908
vn 0.5692 0.3902 0.7237
vn 0.5734 0.3964 0.7170
vn 0.5249 0.4794 0.7033
vn 0.4183 0.5687 0.7082
vn 0.4771 0.5293 0.7015
vn 0.5119 0.5170 0.6861
vn 0.5251 0.4956 0.6919
vn 0.5841 0.4702 0.6616
vn 0.6184 0.3843 0.6855
vn 0.6205 0.3825 0.6846
vn 0.3950 0.6986 0.5965
vn 0.3804 0.6138 0.6918
vn 0.3214 0.7045 0.6328
vn 0.3516 0.6506 0.6732
vn 0.2912 0.7185 0.6316
vn 0.3130 0.6230 0.7169
vn 0.2849 0.7014 0.6533
vn 0.0265 0.7950 0.6061
vn 0.0161 0.8078 0.5892
vn 0.0539 0.7884 0.6128
vn 0.0540 0.6688 0.7415
vn 0.1023 0.8037 0.5861
vn 0.1225 0.7864 0.6055
vn 0.1679 0.7587 0.6295
vn 0.1728 0.7436 0.6459
vn 0.2505 0.7016 0.6671
vn -0.0000 0.9750 0.2224
vn -0.0001 0.9751 0.2219
vn 0.0005 0.9767 0.2146
vn -0.0000 0.9769 0.2138
vn -0.0000 0.9832 0.1824
vn -0.0076 0.9833 0.1820
vn -0.0000 0.9840 0.1781
vn -0.0004 -0.1192 -0.9929
vn 0.0002 -0.1192 -0.9929
vn -0.0000 -0.1194 -0.9929
vn 0.6630 0.4760 0.5778
vn 0.0005 0.8873 0.4612
vn -0.0084 0.8897 0.4565
vn 0.0182 0.8927 0.4502
vn 0.0158 0.8908 0.4541
vn 0.0544 0.8772 0.4771
vn 0.0207 0.8738 0.4858
vn 0.0098 0.8763 0.4817
vn 0.0048 0.8741 0.4857
vn 0.0323 0.8723 0.4879
vn 0.0550 0.8763 0.4786
vn 0.0643 0.8714 0.4863
vn 0.0970 0.8691 0.4851
vn 0.1286 0.8561 0.5006
vn 0.1247 0.8559 0.5019
vn 0.1693 0.8531 0.4936
vn 0.2205 0.8317 0.5096
vn 0.2676 0.8775 0.3980
vn 0.2759 0.7964 0.5381
vn 0.3045 0.7916 0.5297
vn 0.3710 0.7660 0.5250
vn 0.3836 0.7537 0.5337
vn 0.4825 0.7348 0.4768
vn 0.4623 0.6948 0.5509
vn 0.5262 0.6590 0.5375
vn 0.6506 0.5555 0.5178
vn 0.6475 0.5339 0.5438
vn 0.5839 0.6053 0.5410
vn 0.5958 0.5685 0.5673
vn 0.5692 0.6167 0.5438
vn 0.7763 0.3439 0.5284
vn 0.7486 0.3982 0.5302
vn 0.7490 0.3941 0.5325
vn 0.7263 0.4319 0.5348
vn 0.7181 0.4604 0.5219
vn 0.6737 0.5227 0.5225
vn 0.1655 0.8528 0.4952
vn 0.1844 0.8156 0.5485
vn 0.2199 0.8322 0.5090
vn 0.2567 0.8097 0.5276
vn 0.3291 0.7974 0.5058
vn 0.2735 0.6367 0.7210
vn 0.3798 0.7580 0.5303
vn 0.4220 0.7261 0.5428
vn 0.4879 0.6910 0.5334
vn 0.4741 0.6612 0.5814
vn 0.5712 0.6009 0.5592
vn -0.0000 0.1194 0.9928
vn -0.0001 0.1192 0.9929
vn -0.0023 0.1192 0.9929
vn 0.0032 0.1192 0.9929
vn -0.0000 0.9885 0.1513
vn -0.1931 0.9101 0.3666
vn -0.8182 0.4473 0.3614
vn -0.8640 0.3529 0.3591
vn -0.8617 0.3620 0.3554
vn -0.7599 0.5179 0.3929
vn -0.7021 0.5572 0.4433
vn -0.7794 0.6144 0.1226
vn -0.4346 0.8058 0.4023
vn -0.5329 0.7472 0.3972
vn -0.5412 0.7255 0.4252
vn -0.6186 0.6730 0.4053
vn -0.6193 0.6722 0.4058
vn -0.6689 0.6187 0.4120
vn -0.6624 0.6283 0.4080
vn -0.2086 0.8896 0.4064
vn -0.2705 0.8784 0.3940
vn -0.3310 0.8535 0.4025
vn -0.2263 0.8959 0.3823
vn -0.1759 0.8956 0.4086
vn -0.1383 0.9161 0.3763
vn -0.0821 0.9166 0.3913
vn -0.0754 0.9232 0.3767
vn -0.0352 0.9266 0.3744
vn -0.1175 0.8979 0.4242
vn -0.0675 0.9437 0.3238
vn -0.0811 0.9122 0.4017
vn -0.0400 0.9172 0.3963
vn -0.0214 0.9222 0.3860
vn -0.0277 0.9229 0.3840
vn -0.0135 0.9244 0.3812
vn -0.0098 0.9234 0.3836
vn -0.0009 0.9192 0.3938
vn -0.0336 0.9273 0.3729
vn -0.0020 0.9237 0.3832
vn -0.5780 0.7189 0.3860
vn -0.4818 0.7537 0.4470
vn -0.4302 0.8054 0.4077
vn -0.3904 0.8177 0.4230
vn -0.3302 0.8545 0.4009
vn -0.3364 0.8552 0.3942
vn -0.2669 0.8547 0.4453
vn -0.8251 0.4172 0.3811
vn -0.8129 0.4207 0.4027
vn -0.7158 0.5519 0.4279
vn -0.8024 0.4981 0.3287
vn -0.7240 0.5597 0.4032
vn -0.0000 -0.1194 -0.9928
vn 0.0001 -0.1192 -0.9929
vn -0.0014 -0.1191 -0.9929
vn 0.0569 0.9054 0.4208
vn 0.3050 0.8456 0.4382
vn 0.6929 0.5606 0.4534
vn 0.7586 0.6412 0.1158
vn 0.2508 0.8751 0.4140
vn 0.0726 0.9190 0.3875
vn 0.0851 0.9175 0.3886
vn 0.1485 0.9146 0.3762
vn 0.0937 0.9217 0.3765
vn 0.1204 0.8986 0.4219
vn 0.1612 0.9059 0.3915
vn 0.3029 0.8645 0.4012
vn 0.1940 0.8925 0.4071
vn 0.2301 0.8912 0.3908
vn 0.2256 0.8901 0.3960
vn 0.2835 0.8739 0.3949
vn 0.3442 0.8375 0.4244
vn 0.3339 0.8524 0.4024
vn 0.4184 0.8026 0.4253
vn 0.5660 0.6750 0.4733
vn 0.5183 0.7562 0.3994
vn 0.4395 0.8040 0.4005
vn 0.8540 0.3765 0.3592
vn 0.8544 0.3708 0.3639
vn 0.8195 0.4319 0.3767
vn 0.8053 0.4715 0.3595
vn 0.7323 0.5394 0.4157
vn 0.4137 0.8127 0.4102
vn 0.4971 0.7483 0.4392
vn 0.5694 0.7230 0.3913
vn 0.5914 0.6910 0.4156
vn 0.6618 0.6289 0.4079
vn 0.6766 0.6067 0.4174
vn 0.7583 0.5326 0.3759
vn 0.7650 0.5456 0.3423
vn 0.7666 0.4573 0.4508
vn 0.0479 0.9270 0.3721
vn 0.0178 0.9235 0.3832
vn 0.0203 0.9257 0.3776
vn 0.0020 0.9188 0.3947
vn 0.0137 0.9251 0.3795
vn 0.0339 0.9272 0.3729
vn 0.0009 0.9192 0.3938
vn 0.0005 0.1194 0.9928
vn -0.0002 0.1193 0.9929
vn -0.0000 0.9927 0.1206
vn 0.0077 0.9916 0.1293
vn -0.0000 0.9923 0.1240
vn -0.0000 -0.1191 -0.9929
vn -0.0000 0.9919 0.1273
vn -0.0076 0.9925 0.1223
vn -0.0314 0.9406 0.3381
vn -0.0492 0.9555 0.2909
vn -0.0866 0.9375 0.3370
vn -0.5518 0.7941 0.2546
vn -0.8923 0.3618 0.2699
vn -0.9003 0.3567 0.2494
vn -0.8795 0.3782 0.2888
vn -0.8736 0.4097 0.2627
vn -0.7419 0.5562 0.3745
vn -0.8134 0.5038 0.2907
vn -0.8532 0.4577 0.2500
vn -0.8956 0.3834 0.2258
vn -0.8399 0.4468 0.3081
vn -0.8296 0.5159 0.2133
vn -0.8216 0.5239 0.2247
vn -0.7641 0.5835 0.2749
vn -0.6971 0.6614 0.2768
vn -0.7360 0.6328 0.2406
vn -0.1711 0.9438 0.2828
vn -0.1068 0.9366 0.3337
vn -0.3981 0.8589 0.3221
vn -0.3280 0.8912 0.3133
vn -0.2895 0.9176 0.2725
vn -0.2561 0.9179 0.3032
vn -0.2113 0.9298 0.3015
vn -0.1556 0.9255 0.3453
vn -0.1363 0.9512 0.2769
vn -0.1025 0.9489 0.2986
vn -0.0562 0.9552 0.2905
vn -0.0479 0.9515 0.3040
vn -0.0145 0.9570 0.2897
vn -0.0044 0.9544 0.2987
vn -0.0097 0.9492 0.3145
vn -0.0114 0.9552 0.2959
vn -0.6809 0.6889 0.2486
vn -0.6528 0.7001 0.2891
vn -0.6102 0.7199 0.3308
vn -0.2441 0.9015 0.3574
vn -0.3426 0.8977 0.2771
vn -0.4105 0.8593 0.3050
vn -0.4373 0.8512 0.2902
vn -0.5006 0.8105 0.3040
vn -0.5301 0.7969 0.2898
vn -0.5560 0.7753 0.2996
vn -0.5925 0.7465 0.3028
vn 0.0866 0.9375 0.3369
vn 0.8274 0.5245 0.2006
vn 0.6243 0.7294 0.2795
vn 0.5518 0.7941 0.2547
vn 0.0145 0.9570 0.2898
vn 0.0114 0.9552 0.2958
vn 0.1069 0.9366 0.3337
vn 0.1711 0.9438 0.2828
vn 0.2627 0.9335 0.2441
vn 0.3280 0.8912 0.3132
vn 0.3981 0.8589 0.3221
vn 0.3426 0.8977 0.2772
vn 0.2441 0.9015 0.3574
vn 0.2733 0.9127 0.3036
vn 0.2112 0.9298 0.3015
vn 0.1556 0.9255 0.3453
vn 0.1363 0.9512 0.2768
vn 0.1024 0.9489 0.2986
vn 0.0563 0.9552 0.2905
vn 0.0530 0.9538 0.2957
vn 0.0448 0.9520 0.3028
vn 0.0314 0.9406 0.3381
vn 0.0104 0.9515 0.3074
vn 0.0043 0.9492 0.3145
vn 0.7264 0.6293 0.2764
vn 0.8532 0.4578 0.2500
vn 0.7641 0.5835 0.2749
vn 0.8267 0.5179 0.2198
vn 0.7419 0.5562 0.3745
vn 0.8135 0.5038 0.2906
vn 0.8399 0.4468 0.3081
vn 0.9119 0.3602 0.1966
vn 0.8847 0.3799 0.2702
vn 0.8899 0.3816 0.2501
vn 0.8826 0.3571 0.3059
vn 0.8736 0.4096 0.2627
vn 0.6990 0.6623 0.2698
vn 0.6328 0.7068 0.3164
vn 0.6809 0.6889 0.2485
vn 0.5925 0.7465 0.3028
vn 0.4325 0.8452 0.3138
vn 0.4234 0.8593 0.2870
vn 0.5185 0.7978 0.3077
vn 0.5058 0.8158 0.2805
vn 0.5560 0.7753 0.2997
vn -0.0000 0.9949 0.1006
vn 0.0040 0.9952 0.0977
vn -0.0000 0.9956 0.0935
vn -0.0498 0.9621 0.2680
vn -0.1970 0.9599 0.1996
vn -0.9156 0.3511 0.1961
vn -0.9129 0.3665 0.1795
vn -0.9124 0.3595 0.1954
vn -0.8868 0.4264 0.1783
vn -0.8737 0.4454 0.1957
vn -0.8498 0.4922 0.1884
vn -0.8298 0.5224 0.1966
vn -0.8101 0.5579 0.1802
vn -0.7970 0.5733 0.1903
vn -0.7432 0.6401 0.1948
vn -0.7364 0.6547 0.1703
vn -0.6576 0.7239 0.2087
vn -0.6573 0.7272 0.1977
vn -0.5290 0.8201 0.2181
vn -0.4257 0.8881 0.1736
vn -0.4654 0.8513 0.2422
vn -0.3752 0.9053 0.1992
vn -0.3435 0.9150 0.2115
vn -0.2819 0.9368 0.2074
vn -0.2745 0.9376 0.2135
vn -0.2657 0.9361 0.2305
vn -0.1822 0.9584 0.2196
vn -0.1850 0.9584 0.2175
vn -0.1240 0.9682 0.2175
vn -0.0183 0.9740 0.2258
vn -0.0625 0.9733 0.2209
vn -0.0635 0.9727 0.2231
vn -0.1169 0.9671 0.2261
vn -0.0117 0.9762 0.2166
vn -0.0172 0.9702 0.2417
vn -0.0190 0.9743 0.2243
vn -0.7561 0.5937 0.2753
vn -0.7213 0.6923 0.0180
vn -0.7049 0.6582 0.2643
vn -0.6298 0.7651 0.1337
vn -0.6485 0.7271 0.2253
vn -0.5737 0.7959 0.1934
vn -0.5813 0.7954 0.1717
vn -0.0081 0.9955 0.0947
vn -0.0000 0.9953 0.0970
vn 0.0498 0.9621 0.2680
vn 0.2657 0.9361 0.2305
vn 0.9193 0.3504 0.1790
vn 0.1970 0.9599 0.1996
vn 0.0642 0.9732 0.2207
vn 0.0116 0.9703 0.2417
vn 0.0188 0.9739 0.2262
vn 0.0190 0.9743 0.2243
vn 0.0183 0.9740 0.2258
vn 0.1848 0.9578 0.2200
vn 0.1838 0.9586 0.2175
vn 0.1173 0.9690 0.2175
vn 0.1236 0.9661 0.2265
vn 0.0624 0.9728 0.2230
vn 0.2812 0.9353 0.2146
vn 0.2778 0.9381 0.2071
vn 0.3735 0.9028 0.2132
vn 0.8082 0.5576 0.1891
vn 0.7313 0.6534 0.1955
vn 0.7620 0.6284 0.1563
vn 0.6548 0.7260 0.2099
vn 0.6626 0.7219 0.1994
vn 0.5813 0.7954 0.1716
vn 0.9124 0.3595 0.1954
vn 0.9125 0.3601 0.1940
vn 0.8785 0.4451 0.1736
vn 0.8823 0.4268 0.1984
vn 0.8327 0.5225 0.1834
vn 0.3465 0.9195 0.1855
vn 0.4193 0.8807 0.2203
vn 0.4732 0.8593 0.1941
vn 0.5290 0.8201 0.2181
vn 0.5737 0.7959 0.1934
vn 0.6164 0.7585 0.2116
vn 0.6661 0.7205 0.1928
vn 0.6885 0.6868 0.2328
vn 0.7500 0.6361 0.1813
vn 0.7561 0.5938 0.2753
vn 0.8035 0.5690 0.1749
vn 0.8449 0.4921 0.2098
vn 0.0001 -0.1194 -0.9928
vn -0.0000 0.9975 0.0704
vn -0.0094 0.9980 0.0631
vn -0.0000 0.9978 0.0662
vn -0.2746 0.9469 0.1673
vn -0.0205 0.9851 0.1708
vn -0.8796 0.4581 0.1282
vn -0.9227 0.3610 0.1354
vn -0.9225 0.3662 0.1221
vn -0.8848 0.4451 0.1380
vn -0.9027 0.4116 0.1251
vn -0.9243 0.3586 0.1310
vn -0.8337 0.5354 0.1353
vn -0.5789 0.7987 0.1642
vn -0.6386 0.7603 0.1188
vn -0.7183 0.6829 0.1330
vn -0.6601 0.7071 0.2535
vn -0.7679 0.6302 0.1148
vn -0.2950 0.9341 0.2013
vn -0.3281 0.9322 0.1529
vn -0.2403 0.9610 0.1367
vn -0.1830 0.9679 0.1721
vn -0.1943 0.9709 0.1400
vn -0.1822 0.9710 0.1547
vn -0.1044 0.9807 0.1655
vn -0.1079 0.9810 0.1615
vn -0.1391 0.9784 0.1531
vn -0.0056 0.9848 0.1735
vn -0.0301 0.9872 0.1569
vn -0.0351 0.9873 0.1552
vn 0.0073 0.9694 0.2456
vn -0.0684 0.9851 0.1577
vn -0.0821 0.9876 0.1339
vn -0.0627 0.9861 0.1539
vn -0.3604 0.9318 0.0431
vn -0.4009 0.9145 -0.0541
vn -0.3015 0.6919 0.6560
vn -0.3926 0.9097 0.1355
vn -0.4411 0.8860 0.1427
vn -0.4502 0.8811 0.1451
vn -0.4898 0.8621 0.1301
vn -0.5369 0.8300 0.1510
vn -0.5866 0.8008 0.1210
vn -0.6268 0.7663 0.1411
vn -0.7281 0.6769 0.1082
vn -0.7201 0.6935 0.0217
vn -0.8325 0.5396 0.1257
vn -0.8503 0.5214 0.0714
vn -0.7797 0.6027 0.1697
vn 0.8307 0.5423 0.1262
vn 0.4581 0.8770 0.1452
vn 0.1812 0.9687 0.1696
vn 0.0675 0.9848 0.1600
vn 0.0305 0.9892 0.1434
vn 0.0256 0.9873 0.1570
vn 0.1055 0.9838 0.1450
vn 0.0724 0.9837 0.1645
vn 0.0652 0.9804 0.1857
vn 0.0255 0.9871 0.1581
vn 0.0203 0.9846 0.1735
vn 0.1264 0.9783 0.1644
vn 0.1755 0.9741 0.1423
vn 0.1953 0.9726 0.1263
vn 0.4069 0.9030 0.1376
vn 0.3496 0.9228 0.1620
vn 0.3107 0.9302 0.1956
vn 0.2873 0.9471 0.1432
vn 0.2405 0.9608 0.1376
vn 0.7762 0.6193 0.1181
vn 0.6919 0.6922 0.2051
vn 0.6409 0.7096 0.2929
vn 0.6410 0.7660 -0.0489
vn 0.8998 0.4131 0.1402
vn 0.8984 0.4173 0.1370
vn 0.8715 0.4768 0.1148
vn 0.8785 0.4601 0.1288
vn 0.8311 0.5419 0.1251
vn 0.8355 0.5255 0.1607
vn 0.8090 0.5739 0.1271
vn 0.9290 0.3445 0.1350
vn 0.9273 0.3538 0.1219
vn 0.9247 0.3626 0.1160
vn 0.5032 0.8569 0.1116
vn 0.6025 0.7844 0.1475
vn 0.6107 0.7790 0.1422
vn 0.6860 0.7168 0.1249
vn 0.7416 0.6670 0.0712
vn 0.7515 0.6470 0.1291
vn 0.7892 0.5980 0.1395
vn 0.2232 0.9602 0.1677
vn 0.3166 0.9400 0.1272
vn 0.3965 0.9172 -0.0397
vn 0.3322 0.7874 0.5193
vn 0.4353 0.8908 0.1305
vn 0.5327 0.8311 0.1598
vn 0.0047 0.9978 0.0668
vn -0.0000 0.9981 0.0620
vn -0.0004 0.1191 0.9929
vn 0.0003 0.1194 0.9929
vn 0.5453 0.8045 0.2354
vn 0.9276 0.3659 0.0747
vn 0.0138 0.9955 0.0933
vn 0.0441 0.9896 0.1367
vn 0.1980 0.9761 0.0894
vn 0.1471 0.9847 0.0931
vn 0.1242 0.9869 0.1032
vn 0.1004 0.9916 0.0819
vn 0.0678 0.9920 0.1063
vn 0.0317 0.9960 0.0833
vn 0.0228 0.9938 0.1088
vn 0.3323 0.9418 -0.0505
vn 0.2687 0.9572 0.1074
vn 0.3503 0.9341 0.0691
vn 0.3865 0.9174 0.0949
vn 0.4324 0.8998 0.0585
vn 0.7548 0.6501 0.0871
vn 0.7095 0.7021 0.0607
vn 0.6676 0.7392 0.0888
vn 0.6268 0.7763 0.0676
vn 0.5744 0.8140 0.0866
vn 0.5372 0.8412 0.0618
vn 0.9265 0.3664 0.0858
vn 0.9262 0.3684 0.0796
vn 0.9006 0.4282 0.0751
vn 0.9037 0.4206 0.0800
vn 0.8774 0.4748 0.0692
vn 0.8827 0.4630 0.0804
vn 0.8313 0.5521 0.0650
vn 0.8426 0.5294 0.0993
vn 0.7885 0.6120 0.0612
vn 0.4803 0.8724 0.0911
vn 0.4805 0.8723 0.0904
vn 0.4830 0.8732 -0.0650
vn 0.1869 0.9707 0.1511
vn 0.2043 0.9755 0.0813
vn 0.2935 0.9504 0.1026
vn 0.2862 0.9545 0.0838
vn 0.3850 0.9175 0.0998
vn 0.3824 0.9200 0.0862
vn 0.4319 0.8973 0.0917
vn -0.9276 0.3636 0.0857
vn -0.9270 0.3676 0.0747
vn -0.7078 0.7023 0.0760
vn -0.7873 0.6124 0.0718
vn -0.7897 0.6088 0.0758
vn -0.8460 0.5283 0.0725
vn -0.8474 0.5257 0.0750
vn -0.8834 0.4627 0.0747
vn -0.8908 0.4458 0.0876
vn -0.9041 0.4204 0.0769
vn -0.9274 0.3661 0.0766
vn -0.6207 0.7750 0.1187
vn -0.4977 0.8666 0.0364
vn -0.5303 0.8383 0.1263
vn -0.4324 0.8998 0.0585
vn -0.3865 0.9174 0.0949
vn -0.3504 0.9341 0.0691
vn -0.2956 0.9506 0.0950
vn -0.2723 0.9615 0.0358
vn -0.1471 0.9848 0.0922
vn -0.1869 0.9707 0.1511
vn -0.2062 0.9758 0.0734
vn -0.1826 0.9781 0.1002
vn -0.1001 0.9900 0.0994
vn -0.1057 0.9903 0.0897
vn -0.0662 0.9929 0.0985
vn -0.0298 0.9953 0.0922
vn -0.0376 0.9934 0.1088
vn -0.0441 0.9896 0.1367
vn -0.0138 0.9955 0.0933
vn -0.7109 0.6995 0.0724
vn -0.6293 0.7734 0.0764
vn -0.5695 0.8216 0.0263
vn -0.4774 0.7822 0.4003
vn -0.5052 0.8629 0.0110
vn -0.4269 0.8931 0.1418
vn -0.3955 0.9161 0.0651
vn -0.3521 0.9307 0.0990
vn -0.2995 0.9507 0.0806
vn -0.2860 0.9535 0.0947
vn -0.2396 0.9666 0.0909
vn -0.0000 0.9994 0.0355
vn -0.0099 0.9996 0.0274
vn -0.0000 0.9995 0.0312
vn -0.0005 -0.1194 -0.9928
vn 0.0003 -0.1188 -0.9929
vn -0.0001 -0.1194 -0.9928
vn -0.0000 0.9994 0.0356
vn 0.0050 0.9995 0.0315
vn -0.0000 0.9996 0.0267
vn -0.0000 1.0000 -0.0001
vn 0.0050 1.0000 -0.0044
vn -0.0000 1.0000 -0.0091
vn 0.0001 -0.1194 -0.9929
vn -0.0101 0.9999 -0.0087
vn -0.0000 1.0000 -0.0046
vn -0.2662 0.9627 -0.0473
vn -0.9286 0.3694 0.0351
vn -0.9208 0.3847 0.0649
vn -0.9045 0.4249 0.0367
vn -0.9402 0.3377 0.0450
vn -0.9223 0.3860 0.0167
vn -0.8949 0.4180 -0.1563
vn -0.8842 0.4662 0.0288
vn -0.8713 0.4891 0.0400
vn -0.8475 0.5305 0.0182
vn -0.8218 0.5685 0.0377
vn -0.7880 0.6156 0.0123
vn -0.7061 0.7064 0.0502
vn -0.5926 0.8055 -0.0029
vn -0.6211 0.7806 0.0701
vn -0.5357 0.8444 -0.0011
vn -0.4866 0.8727 0.0400
vn -0.4652 0.8849 0.0218
vn -0.3232 0.9356 0.1423
vn -0.3397 0.9343 0.1078
vn -0.4141 0.9101 0.0179
vn -0.0246 0.9995 0.0184
vn -0.0388 0.9981 0.0478
vn -0.0389 0.9981 0.0481
vn -0.0059 0.9994 0.0332
vn -0.3618 0.9316 -0.0346
vn -0.3322 0.9431 0.0126
vn -0.2307 0.9718 0.0491
vn -0.2573 0.9660 0.0262
vn -0.1780 0.9831 0.0421
vn -0.1922 0.9811 0.0206
vn -0.1020 0.9935 0.0506
vn -0.1241 0.9922 0.0071
vn -0.0694 0.9965 0.0467
vn -0.7851 0.6192 0.0147
vn -0.7344 0.6777 0.0369
vn -0.6725 0.7397 -0.0236
vn -0.6262 0.7623 0.1636
vn -0.5994 0.7998 -0.0325
vn -0.5317 0.8423 0.0887
vn -0.4951 0.8688 0.0045
vn -0.4589 0.8878 0.0351
vn -0.4100 0.9115 0.0312
vn 0.0073 0.9988 0.0479
vn 0.0408 0.9978 0.0522
vn 0.0254 0.9991 0.0350
vn 0.0311 0.9990 0.0332
vn 0.1829 0.9831 -0.0039
vn 0.2034 0.9779 0.0479
vn 0.1053 0.9941 0.0246
vn 0.1250 0.9901 0.0640
vn 0.0711 0.9970 0.0301
vn 0.5194 0.8462 -0.1189
vn 0.3236 0.9379 0.1247
vn 0.3341 0.9375 0.0978
vn 0.2591 0.9658 0.0027
vn 0.1913 0.9741 0.1205
vn 0.6434 0.7655 0.0058
vn 0.5858 0.8097 0.0351
vn 0.5827 0.8118 0.0371
vn 0.5318 0.8468 0.0006
vn 0.4261 0.9003 0.0893
vn 0.8442 0.5349 0.0351
vn 0.8733 0.4831 0.0630
vn 0.9292 0.3668 0.0444
vn 0.8516 0.5236 -0.0237
vn 0.8932 0.4474 0.0441
vn 0.9207 0.3895 0.0234
vn 0.9295 0.3656 0.0478
vn 0.9396 0.3404 0.0358
vn 0.8221 0.5689 0.0213
vn 0.7863 0.6166 0.0387
vn 0.7889 0.6135 0.0362
vn 0.7348 0.6782 0.0123
vn 0.7102 0.7032 0.0346
vn 0.6539 0.7564 0.0152
vn 0.6193 0.7770 0.1130
vn 0.5992 0.8000 -0.0318
vn 0.5328 0.8422 0.0825
vn 0.4954 0.8687 0.0033
vn 0.4608 0.8868 0.0352
vn 0.2405 0.9701 0.0332
vn 0.2869 0.9573 0.0357
vn 0.3601 0.9326 -0.0254
vn 0.3521 0.9347 -0.0479
vn 0.4097 0.9117 0.0311
vn -0.0000 0.1194 0.9929
vn -0.0000 0.9993 -0.0367
vn 0.0050 0.9991 -0.0411
vn -0.0000 0.9990 -0.0458
vn -0.0101 0.9989 -0.0456
vn -0.0000 0.9991 -0.0412
vn -0.9401 0.3406 0.0110
vn -0.9219 0.3871 -0.0140
vn -0.9234 0.3839 0.0010
vn -0.9269 0.3750 0.0179
vn -0.8790 0.4762 -0.0252
vn -0.8907 0.4542 0.0195
vn -0.8474 0.5306 -0.0206
vn -0.8450 0.5342 -0.0232
vn -0.8114 0.5845 -0.0009
vn -0.7386 0.6701 -0.0740
vn -0.7794 0.6255 0.0370
vn -0.6480 0.7571 -0.0831
vn -0.6999 0.7132 0.0388
vn -0.6120 0.7899 -0.0374
vn -0.5909 0.8063 -0.0288
vn -0.5449 0.8383 -0.0177
vn -0.5331 0.8460 -0.0105
vn -0.4772 0.8780 -0.0387
vn -0.4335 0.9011 -0.0105
vn -0.3707 0.9280 -0.0370
vn -0.3317 0.9433 -0.0108
vn -0.2887 0.9570 -0.0266
vn -0.2609 0.9652 -0.0176
vn -0.2164 0.9758 -0.0309
vn -0.1974 0.9803 -0.0119
vn -0.1337 0.9906 -0.0280
vn -0.1278 0.9916 -0.0200
vn -0.0725 0.9972 -0.0162
vn -0.0630 0.9976 -0.0286
vn -0.0262 0.9996 -0.0098
vn -0.0193 0.9997 -0.0162
vn 0.0004 -0.1193 -0.9929
vn 0.0262 0.9995 -0.0162
vn 0.0268 0.9995 -0.0170
vn 0.0734 0.9972 -0.0169
vn 0.0725 0.9972 -0.0181
vn 0.1290 0.9915 -0.0178
vn 0.1278 0.9916 -0.0195
vn 0.1994 0.9797 -0.0189
vn 0.1976 0.9801 -0.0213
vn 0.2615 0.9650 -0.0206
vn 0.2610 0.9651 -0.0209
vn 0.3304 0.9436 -0.0232
vn 0.3320 0.9430 -0.0215
vn 0.4341 0.9006 -0.0244
vn 0.4328 0.9012 -0.0231
vn 0.5338 0.8452 -0.0252
vn 0.5325 0.8461 -0.0238
vn 0.5905 0.8066 -0.0245
vn 0.5897 0.8072 -0.0243
vn 0.6466 0.7625 -0.0238
vn 0.6461 0.7629 -0.0232
vn 0.7373 0.6752 -0.0210
vn 0.7361 0.6766 -0.0194
vn 0.8107 0.5853 -0.0163
vn 0.8120 0.5834 -0.0137
vn 0.8456 0.5337 -0.0115
vn 0.8470 0.5315 -0.0111
vn 0.8784 0.4779 -0.0083
vn 0.8770 0.4805 -0.0055
vn 0.9401 0.3406 0.0110
vn 0.9219 0.3871 -0.0140
vn 0.9202 0.3914 -0.0005
vn 0.9247 0.3804 0.0170
vn 0.9392 0.3433 0.0032
vn 0.0002 0.1192 0.9929
vn 0.0001 0.1194 0.9929
vn -0.0002 0.1188 0.9929
vn 0.0003 -0.1193 -0.9929
vn -0.0000 0.9975 -0.0707
vn -0.0083 0.9969 -0.0781
vn -0.0000 0.9972 -0.0744
vn -0.9365 0.3498 -0.0244
vn -0.9156 0.4022 -0.0010
vn -0.8926 0.4504 -0.0212
vn -0.9121 0.4096 0.0171
vn -0.8793 0.4245 -0.2161
vn -0.9269 0.3748 -0.0199
vn -0.8685 0.4929 -0.0523
vn -0.8431 0.5367 -0.0340
vn -0.8398 0.5416 -0.0378
vn -0.7022 0.7102 -0.0498
vn -0.7293 0.6803 -0.0731
vn -0.7812 0.6228 -0.0430
vn -0.7787 0.6260 -0.0407
vn -0.8134 0.5788 -0.0581
vn -0.2130 0.9749 -0.0652
vn -0.2612 0.9626 -0.0722
vn -0.2863 0.9558 -0.0665
vn -0.3211 0.9433 -0.0836
vn -0.3688 0.9278 -0.0561
vn -0.4241 0.9016 -0.0851
vn -0.4758 0.8778 -0.0555
vn -0.5061 0.8594 -0.0729
vn -0.5445 0.8360 -0.0680
vn -0.5554 0.8285 -0.0709
vn -0.6106 0.7896 -0.0611
vn -0.5814 0.8129 -0.0326
vn -0.6397 0.7646 -0.0790
vn -0.0186 0.9974 -0.0690
vn -0.0279 0.9967 -0.0767
vn -0.0607 0.9966 -0.0566
vn -0.0755 0.9944 -0.0742
vn -0.1306 0.9894 -0.0634
vn -0.1325 0.9890 -0.0662
vn -0.2053 0.9759 -0.0744
vn 0.0178 0.9975 -0.0690
vn 0.0187 0.9975 -0.0683
vn 0.0581 0.9957 -0.0716
vn 0.0607 0.9959 -0.0670
vn 0.1306 0.9887 -0.0732
vn 0.1270 0.9896 -0.0670
vn 0.2131 0.9742 -0.0737
vn 0.2090 0.9755 -0.0680
vn 0.2829 0.9564 -0.0727
vn 0.2863 0.9555 -0.0703
vn 0.3665 0.9276 -0.0725
vn 0.3690 0.9268 -0.0697
vn 0.4762 0.8764 -0.0716
vn 0.4741 0.8777 -0.0692
vn 0.5424 0.8372 -0.0698
vn 0.5445 0.8359 -0.0690
vn 0.6083 0.7907 -0.0688
vn 0.7815 0.6213 -0.0572
vn 0.6997 0.7118 -0.0606
vn 0.7025 0.7088 -0.0642
vn 0.6107 0.7891 -0.0659
vn 0.8990 0.4378 -0.0122
vn 0.8783 0.4764 -0.0402
vn 0.8433 0.5356 -0.0441
vn 0.8409 0.5389 -0.0488
vn 0.7786 0.6253 -0.0530
vn 0.9269 0.3748 -0.0199
vn 0.8793 0.4245 -0.2161
vn 0.9096 0.4145 -0.0296
vn 0.9203 0.3865 0.0600
vn 0.0041 0.9972 -0.0744
vn -0.0000 0.9969 -0.0782
vn -0.0002 0.1192 0.9929
vn -0.0000 0.9946 -0.1034
vn 0.0061 0.9952 -0.0979
vn -0.0000 0.9949 -0.1006
vn -0.0002 -0.1192 -0.9929
vn 0.0002 -0.1182 -0.9930
vn -0.0000 0.9946 -0.1033
vn -0.0030 0.9949 -0.1006
vn -0.0000 0.9952 -0.0979
vn -0.8765 0.4254 -0.2252
vn -0.9244 0.3789 -0.0447
vn -0.9223 0.3832 -0.0504
vn -0.9117 0.4109 -0.0006
vn -0.8872 0.4566 -0.0664
vn -0.8429 0.5331 -0.0729
vn -0.8397 0.5373 -0.0792
vn -0.7771 0.6235 -0.0856
vn -0.7805 0.6185 -0.0908
vn -0.7344 0.6721 -0.0942
vn -0.7373 0.6689 -0.0946
vn -0.6866 0.7204 -0.0987
vn -0.6886 0.7181 -0.1013
vn -0.6301 0.7694 -0.1048
vn -0.6296 0.7699 -0.1047
vn -0.5822 0.8056 -0.1098
vn -0.5814 0.8063 -0.1092
vn -0.4999 0.8589 -0.1116
vn -0.5014 0.8578 -0.1132
vn -0.4432 0.8892 -0.1139
vn -0.4427 0.8894 -0.1138
vn -0.3845 0.9157 -0.1169
vn -0.3843 0.9158 -0.1166
vn -0.2937 0.9488 -0.1162
vn -0.2941 0.9486 -0.1166
vn -0.2451 0.9623 -0.1178
vn -0.2456 0.9622 -0.1179
vn -0.1960 0.9736 -0.1168
vn -0.1980 0.9729 -0.1195
vn -0.1476 0.9820 -0.1178
vn -0.1485 0.9818 -0.1182
vn -0.1084 0.9870 -0.1184
vn -0.0150 0.9929 -0.1179
vn -0.1092 0.9868 -0.1195
vn -0.0519 0.9918 -0.1168
vn -0.0506 0.9916 -0.1191
vn -0.0145 0.9930 -0.1176
vn 0.1365 0.9855 -0.1007
vn 0.0776 0.9890 -0.1262
vn 0.0553 0.9930 -0.1046
vn 0.0289 0.9916 -0.1258
vn 0.0169 0.9929 -0.1179
vn 0.3038 0.9464 -0.1097
vn 0.2138 0.9690 -0.1238
vn 0.2049 0.9722 -0.1132
vn 0.1234 0.9846 -0.1240
vn 0.2792 0.9500 -0.1395
vn 0.3636 0.9259 -0.1020
vn 0.3939 0.9111 -0.1216
vn 0.4266 0.8971 -0.1149
vn 0.4480 0.8868 -0.1137
vn 0.4791 0.8715 -0.1043
vn 0.5060 0.8537 -0.1232
vn 0.5400 0.8344 -0.1099
vn 0.5876 0.8017 -0.1099
vn 0.5882 0.8013 -0.1094
vn 0.6357 0.7649 -0.1041
vn 0.6358 0.7648 -0.1041
vn 0.6938 0.7130 -0.1015
vn 0.6968 0.7106 -0.0973
vn 0.7588 0.6447 -0.0924
vn 0.7590 0.6445 -0.0923
vn 0.7940 0.6019 -0.0850
vn 0.9129 0.4048 -0.0526
vn 0.8848 0.4193 -0.2030
vn 0.9237 0.3805 -0.0448
vn 0.7943 0.6016 -0.0847
vn 0.8382 0.5396 -0.0790
vn 0.8392 0.5377 -0.0808
vn 0.8733 0.4826 -0.0666
vn 0.8917 0.4466 -0.0742
vn 0.9238 0.3828 0.0055
vn -0.9197 0.3872 -0.0655
vn -0.7395 0.6615 -0.1248
vn -0.7743 0.6218 -0.1175
vn -0.7867 0.6072 -0.1114
vn -0.8147 0.5669 -0.1224
vn -0.8346 0.5430 -0.0923
vn -0.8609 0.4990 -0.0991
vn -0.8835 0.4621 -0.0768
vn -0.8860 0.4568 -0.0799
vn -0.9167 0.3914 -0.0807
vn -0.9152 0.3966 -0.0709
vn -0.5654 0.8116 -0.1469
vn -0.6138 0.7767 -0.1415
vn -0.6323 0.7626 -0.1362
vn -0.6650 0.7317 -0.1496
vn -0.7016 0.7030 -0.1164
vn -0.7544 0.6414 -0.1395
vn -0.5840 0.7948 -0.1650
vn -0.5201 0.8428 -0.1388
vn -0.4719 0.8656 -0.1672
vn -0.4494 0.8798 -0.1546
vn -0.3652 0.9177 -0.1566
vn -0.3923 0.9009 -0.1858
vn -0.2794 0.9516 -0.1283
vn -0.3119 0.9344 -0.1723
vn -0.2383 0.9583 -0.1577
vn -0.2373 0.9586 -0.1573
vn -0.1957 0.9660 -0.1689
vn -0.1709 0.9739 -0.1491
vn -0.1411 0.9759 -0.1667
vn -0.0955 0.9832 -0.1555
vn -0.0882 0.9822 -0.1660
vn -0.0337 0.9864 -0.1607
vn -0.0322 0.9861 -0.1630
vn -0.0000 0.9930 -0.1178
vn -0.0013 0.9932 -0.1167
vn -0.0000 0.9933 -0.1155
vn 0.0002 -0.1194 -0.9929
vn 0.0113 0.9865 -0.1631
vn 0.0137 0.9867 -0.1623
vn 0.0458 0.9851 -0.1657
vn 0.0492 0.9859 -0.1601
vn 0.1051 0.9805 -0.1663
vn 0.1075 0.9807 -0.1631
vn 0.1438 0.9761 -0.1629
vn 0.1465 0.9758 -0.1623
vn 0.1892 0.9678 -0.1659
vn 0.1950 0.9679 -0.1587
vn 0.2635 0.9507 -0.1632
vn 0.2442 0.9533 -0.1778
vn 0.2761 0.9479 -0.1589
vn 0.3485 0.9233 -0.1616
vn 0.3547 0.9220 -0.1550
vn 0.4156 0.8960 -0.1562
vn 0.4181 0.8950 -0.1557
vn 0.4695 0.8697 -0.1524
vn 0.4717 0.8689 -0.1504
vn 0.5264 0.8369 -0.1501
vn 0.5319 0.8338 -0.1479
vn 0.5770 0.8033 -0.1474
vn 0.5793 0.8020 -0.1455
vn 0.6245 0.7683 -0.1403
vn 0.6269 0.7666 -0.1391
vn 0.6822 0.7182 -0.1368
vn 0.6880 0.7141 -0.1290
vn 0.7476 0.6523 -0.1250
vn 0.7499 0.6500 -0.1227
vn 0.7833 0.6108 -0.1155
vn 0.7856 0.6082 -0.1136
vn 0.8263 0.5526 -0.1089
vn 0.8310 0.5472 -0.1004
vn 0.9163 0.3943 -0.0707
vn 0.9191 0.3885 -0.0657
vn 0.9171 0.3912 -0.0761
vn 0.8811 0.4653 -0.0839
vn 0.8877 0.4554 -0.0679
vn 0.8646 0.4933 -0.0951
vn 0.0025 0.9933 -0.1156
vn -0.0000 0.9932 -0.1167
vn -0.0004 0.1195 0.9928
vn -0.0000 0.1191 0.9929
vn -0.0000 0.9932 -0.1160
vn -0.0026 0.9930 -0.1183
vn -0.0000 0.9931 -0.1172
vn -0.0000 0.9933 -0.1160
vn 0.0013 0.9931 -0.1172
vn -0.0000 0.9930 -0.1184
vn -0.9253 0.3707 -0.0801
vn -0.8659 0.4890 -0.1057
vn -0.8774 0.4669 -0.1106
vn -0.9036 0.4196 -0.0861
vn -0.9084 0.4071 -0.0956
vn -0.9223 0.3772 -0.0844
vn -0.7174 0.6793 -0.1546
vn -0.7559 0.6381 -0.1465
vn -0.7708 0.6210 -0.1418
vn -0.7705 0.6215 -0.1417
vn -0.8188 0.5586 -0.1323
vn -0.8148 0.5661 -0.1250
vn -0.8540 0.5068 -0.1180
vn -0.7309 0.6606 -0.1714
vn -0.6689 0.7275 -0.1527
vn -0.6359 0.7501 -0.1815
vn -0.6100 0.7731 -0.1736
vn -0.5898 0.7881 -0.1761
vn -0.5436 0.8202 -0.1782
vn -0.5613 0.8038 -0.1973
vn -0.4822 0.8583 -0.1756
vn -0.4552 0.8682 -0.1975
vn -0.4202 0.8868 -0.1926
vn -0.4002 0.8957 -0.1939
vn -0.3939 0.8986 -0.1932
vn -0.3365 0.9194 -0.2035
vn -0.3280 0.9243 -0.1953
vn -0.2615 0.9438 -0.2021
vn -0.1803 0.9627 -0.2019
vn -0.2309 0.9549 -0.1866
vn -0.2405 0.9512 -0.1936
vn -0.1700 0.9615 -0.2160
vn -0.1325 0.9698 -0.2046
vn -0.0917 0.9718 -0.2172
vn -0.1030 0.9751 -0.1962
vn -0.0333 0.9767 -0.2121
vn -0.0373 0.9781 -0.2047
vn 0.0002 -0.1191 -0.9929
vn 0.2482 0.9475 -0.2014
vn 0.1044 0.9685 -0.2261
vn 0.0418 0.9799 -0.1950
vn 0.0296 0.9773 -0.2096
vn 0.0080 0.9788 -0.2048
vn 0.2340 0.9511 -0.2017
vn 0.2050 0.9560 -0.2096
vn 0.1824 0.9645 -0.1907
vn 0.1354 0.9673 -0.2144
vn 0.0779 0.9827 -0.1683
vn 0.6289 0.7584 -0.1710
vn 0.5812 0.7942 -0.1772
vn 0.5657 0.8062 -0.1732
vn 0.5180 0.8325 -0.1965
vn 0.2607 0.9447 -0.1991
vn 0.2655 0.9437 -0.1975
vn 0.3130 0.9268 -0.2078
vn 0.3401 0.9219 -0.1855
vn 0.3880 0.9002 -0.1976
vn 0.4045 0.8938 -0.1936
vn 0.4427 0.8761 -0.1911
vn 0.4598 0.8696 -0.1800
vn 0.5175 0.8329 -0.1962
vn 0.6123 0.7682 -0.1870
vn 0.6746 0.7227 -0.1505
vn 0.7030 0.6903 -0.1712
vn 0.7369 0.6597 -0.1476
vn 0.7497 0.6450 -0.1479
vn 0.7834 0.6055 -0.1401
vn 0.7725 0.6157 -0.1556
vn 0.8410 0.5318 -0.0994
vn 0.9183 0.3866 -0.0853
vn 0.8183 0.5527 -0.1577
vn 0.8729 0.4782 -0.0968
vn 0.8903 0.4408 -0.1147
vn 0.9128 0.4009 -0.0781
vn 0.9169 0.3905 -0.0821
vn -0.0001 0.1190 0.9929
vn 0.0004 0.1194 0.9928
vn -0.0000 0.9963 -0.0860
vn -0.0124 0.9952 -0.0967
vn -0.0000 0.9958 -0.0918
vn -0.9030 0.4183 -0.0982
vn -0.8963 0.4315 -0.1021
vn -0.8985 0.4231 -0.1171
vn -0.8630 0.4905 -0.1214
vn -0.8602 0.4961 -0.1183
vn -0.8367 0.5290 -0.1417
vn -0.7943 0.5900 -0.1451
vn -0.8037 0.5723 -0.1629
vn -0.7476 0.6434 -0.1649
vn -0.7548 0.6338 -0.1688
vn -0.7085 0.6826 -0.1792
vn -0.7162 0.6729 -0.1850
vn -0.6386 0.7472 -0.1843
vn -0.6525 0.7297 -0.2043
vn -0.5823 0.7874 -0.2021
vn -0.5913 0.7801 -0.2047
vn -0.5340 0.8185 -0.2120
vn -0.5429 0.8106 -0.2196
vn -0.4818 0.8494 -0.2155
vn -0.4975 0.8386 -0.2217
vn -0.4310 0.8757 -0.2174
vn -0.4397 0.8695 -0.2252
vn -0.3734 0.8987 -0.2300
vn -0.3829 0.8940 -0.2325
vn -0.3202 0.9199 -0.2264
vn -0.3028 0.9215 -0.2430
vn -0.2495 0.9392 -0.2357
vn -0.2251 0.9431 -0.2446
vn -0.2197 0.9450 -0.2423
vn -0.1532 0.9603 -0.2332
vn -0.1674 0.9516 -0.2577
vn -0.0933 0.9679 -0.2334
vn -0.0785 0.9643 -0.2527
vn -0.0333 0.9712 -0.2359
vn -0.0272 0.9696 -0.2434
vn 0.0062 0.9958 -0.0914
vn -0.0000 0.9952 -0.0975
vn -0.0001 -0.1189 -0.9929
vn 0.0297 0.9695 -0.2434
vn 0.0299 0.9694 -0.2436
vn 0.0775 0.9669 -0.2431
vn 0.0777 0.9668 -0.2434
vn 0.1348 0.9608 -0.2424
vn 0.1999 0.9499 -0.2404
vn 0.2006 0.9499 -0.2397
vn 0.2422 0.9404 -0.2387
vn 0.2430 0.9403 -0.2384
vn 0.2610 0.9356 -0.2376
vn 0.2604 0.9358 -0.2378
vn 0.3168 0.9193 -0.2334
vn 0.3147 0.9195 -0.2356
vn 0.3813 0.8956 -0.2292
vn 0.3809 0.8957 -0.2294
vn 0.4358 0.8714 -0.2254
vn 0.4355 0.8715 -0.2257
vn 0.5203 0.8268 -0.2138
vn 0.5226 0.8247 -0.2162
vn 0.5730 0.7930 -0.2071
vn 0.6187 0.7589 -0.2032
vn 0.6209 0.7578 -0.2005
vn 0.7012 0.6896 -0.1809
vn 0.7015 0.6894 -0.1805
vn 0.7410 0.6491 -0.1720
vn 0.7415 0.6486 -0.1718
vn 0.7796 0.6057 -0.1592
vn 0.7784 0.6067 -0.1612
vn 0.8306 0.5387 -0.1414
vn 0.8315 0.5376 -0.1399
vn 0.8585 0.4960 -0.1302
vn 0.8595 0.4945 -0.1291
vn 0.8923 0.4371 -0.1126
vn 0.8901 0.4399 -0.1189
vn 0.9131 0.3952 -0.1002
vn 0.9156 0.3904 -0.0963
vn -0.0000 0.9999 -0.0102
vn -0.0001 -0.1191 -0.9929
vn -0.0000 1.0000 0.0062
vn 0.0176 0.9998 -0.0081
vn -0.0000 0.9996 -0.0265
vn -0.8871 0.4477 -0.1123
vn -0.8747 0.4709 -0.1150
vn -0.8787 0.4556 -0.1426
vn -0.8391 0.5257 -0.1395
vn -0.8397 0.5248 -0.1400
vn -0.4164 0.8719 -0.2578
vn -0.4473 0.8580 -0.2527
vn -0.4828 0.8365 -0.2591
vn -0.5137 0.8261 -0.2317
vn -0.5376 0.8095 -0.2359
vn -0.6077 0.7577 -0.2381
vn -0.5870 0.7820 -0.2095
vn -0.6803 0.6980 -0.2237
vn -0.6707 0.7105 -0.2131
vn -0.7230 0.6630 -0.1944
vn -0.7178 0.6687 -0.1937
vn -0.7745 0.6032 -0.1905
vn -0.7610 0.6278 -0.1637
vn -0.8098 0.5623 -0.1673
vn -0.3821 0.8894 -0.2509
vn -0.3994 0.8791 -0.2600
vn -0.3287 0.9065 -0.2650
vn -0.3400 0.9000 -0.2728
vn -0.2437 0.9345 -0.2597
vn -0.2615 0.9219 -0.2858
vn -0.1745 0.9475 -0.2678
vn -0.0771 0.9639 -0.2549
vn -0.1154 0.9547 -0.2744
vn -0.1569 0.9452 -0.2862
vn -0.0986 0.9479 -0.3029
vn -0.0360 0.9626 -0.2685
vn -0.0266 0.9598 -0.2794
vn 0.7263 0.6589 -0.1956
vn 0.0683 0.9607 -0.2691
vn 0.0300 0.9579 -0.2857
vn 0.0233 0.9599 -0.2794
vn 0.2785 0.9255 -0.2566
vn 0.3164 0.9067 -0.2789
vn 0.2605 0.9280 -0.2664
vn 0.2345 0.9325 -0.2747
vn 0.2059 0.9401 -0.2716
vn 0.1930 0.9406 -0.2793
vn 0.1388 0.9528 -0.2700
vn 0.1345 0.9518 -0.2755
vn 0.0778 0.9566 -0.2809
vn 0.6853 0.6989 -0.2048
vn 0.6858 0.6985 -0.2043
vn 0.6139 0.7558 -0.2279
vn 0.3507 0.8987 -0.2633
vn 0.4081 0.8752 -0.2596
vn 0.4218 0.8661 -0.2682
vn 0.4562 0.8533 -0.2527
vn 0.5099 0.8254 -0.2423
vn 0.5193 0.8222 -0.2330
vn 0.5588 0.7951 -0.2359
vn 0.6197 0.7534 -0.2198
vn 0.7258 0.6594 -0.1961
vn 0.7778 0.6042 -0.1732
vn 0.7788 0.6025 -0.1746
vn 0.8204 0.5491 -0.1594
vn 0.8375 0.5214 -0.1635
vn 0.8478 0.5096 -0.1465
vn 0.8806 0.4564 -0.1273
vn 0.8869 0.4474 -0.1146
vn -0.0001 0.1191 0.9929
vn -0.0000 0.9690 0.2472
vn -0.0010 0.9691 0.2468
vn 0.0004 0.9870 0.1610
vn -0.0000 0.9870 0.1605
vn -0.0002 -0.1193 -0.9929
vn -0.0000 0.9812 0.1927
vn -0.0403 0.9772 0.2086
vn -0.0000 0.9593 0.2822
vn -0.8707 0.4681 -0.1508
vn -0.8303 0.5384 -0.1439
vn -0.8393 0.5197 -0.1599
vn -0.7964 0.5775 -0.1792
vn -0.7996 0.5729 -0.1800
vn -0.7627 0.6178 -0.1915
vn -0.7656 0.6135 -0.1938
vn -0.6998 0.6805 -0.2174
vn -0.7007 0.6792 -0.2184
vn -0.6127 0.7521 -0.2430
vn -0.6137 0.7509 -0.2441
vn -0.5305 0.8060 -0.2624
vn -0.5335 0.8034 -0.2645
vn -0.4815 0.8333 -0.2715
vn -0.4846 0.8313 -0.2721
vn -0.4172 0.8637 -0.2828
vn -0.4171 0.8637 -0.2828
vn -0.3440 0.8921 -0.2928
vn -0.2957 0.9130 -0.2810
vn -0.3115 0.9029 -0.2960
vn -0.2257 0.9256 -0.3040
vn -0.1587 0.9380 -0.3082
vn -0.1587 0.9380 -0.3083
vn -0.0945 0.9458 -0.3108
vn -0.0946 0.9458 -0.3107
vn -0.0345 0.9495 -0.3120
vn -0.0346 0.9495 -0.3119
vn 0.0217 0.9498 -0.3120
vn 0.0300 0.9474 -0.3187
vn 0.0641 0.9517 -0.3004
vn 0.0778 0.9458 -0.3153
vn 0.1013 0.9452 -0.3103
vn 0.1424 0.9394 -0.3119
vn 0.1344 0.9444 -0.3001
vn 0.2066 0.9271 -0.3126
vn 0.2265 0.9289 -0.2931
vn 0.2583 0.9183 -0.2999
vn 0.4181 0.8592 -0.2949
vn 0.4531 0.8508 -0.2663
vn 0.4836 0.8321 -0.2716
vn 0.2970 0.9064 -0.3004
vn 0.3040 0.9056 -0.2959
vn 0.3472 0.8909 -0.2929
vn 0.3554 0.8887 -0.2895
vn 0.3893 0.8746 -0.2891
vn 0.5333 0.8039 -0.2634
vn 0.5501 0.7976 -0.2474
vn 0.6150 0.7463 -0.2546
vn 0.7288 0.6563 -0.1952
vn 0.7024 0.6742 -0.2281
vn 0.6735 0.7037 -0.2263
vn 0.6295 0.7392 -0.2392
vn 0.8304 0.5428 -0.1255
vn 0.8553 0.5022 -0.1277
vn 0.8436 0.5079 -0.1746
vn 0.7991 0.5775 -0.1669
vn 0.7964 0.5802 -0.1707
vn 0.7639 0.6140 -0.1989
vn 0.0002 0.1193 0.9929
vn -0.0000 0.8425 0.5387
vn -0.0145 0.8006 0.5990
vn 0.0030 0.8148 0.5797
vn -0.0019 0.7556 0.6550
vn -0.0000 0.7555 0.6552
vn -0.0002 -0.1194 -0.9928
vn -0.0000 0.7579 0.6524
vn 0.0011 0.7567 0.6537
vn -0.0014 0.8157 0.5785
vn -0.0000 0.8145 0.5801
vn -0.0767 0.9321 -0.3539
vn -0.6636 0.7080 -0.2416
vn -0.6272 0.7310 -0.2688
vn -0.5971 0.7611 -0.2533
vn -0.5333 0.7930 -0.2946
vn -0.5377 0.7892 -0.2968
vn -0.4447 0.8541 -0.2697
vn -0.4784 0.8183 -0.3187
vn -0.3963 0.8662 -0.3044
vn -0.3786 0.8752 -0.3010
vn -0.3416 0.8800 -0.3299
vn -0.1052 0.9391 -0.3272
vn -0.2906 0.9018 -0.3198
vn -0.2399 0.9082 -0.3429
vn -0.2401 0.9082 -0.3427
vn -0.1813 0.9282 -0.3250
vn -0.1552 0.9243 -0.3487
vn -0.1149 0.9359 -0.3330
vn -0.0266 0.9469 -0.3205
vn -0.0433 0.9353 -0.3511
vn -0.0097 0.9393 -0.3429
vn -0.7038 0.6705 -0.2348
vn -0.7090 0.6640 -0.2375
vn -0.7603 0.6212 -0.1896
vn 0.0297 0.9389 -0.3428
vn 0.0195 0.9342 -0.3563
vn 0.0590 0.9420 -0.3304
vn 0.0775 0.9344 -0.3476
vn 0.1340 0.9354 -0.3271
vn 0.1251 0.9319 -0.3405
vn 0.2057 0.9202 -0.3330
vn 0.2103 0.9172 -0.3383
vn 0.3982 0.8655 -0.3039
vn 0.3066 0.8931 -0.3293
vn 0.3011 0.8965 -0.3250
vn 0.2560 0.9090 -0.3289
vn 0.7635 0.6291 -0.1457
vn 0.7564 0.6238 -0.1969
vn 0.7058 0.6680 -0.2359
vn 0.7041 0.6701 -0.2350
vn 0.6613 0.7101 -0.2417
vn 0.6639 0.7075 -0.2423
vn 0.6040 0.7506 -0.2680
vn 0.5959 0.7595 -0.2609
vn 0.5496 0.7876 -0.2787
vn 0.4989 0.8176 -0.2875
vn 0.5019 0.8170 -0.2840
vn 0.4106 0.8561 -0.3138
vn -0.0000 0.1195 0.9928
vn 0.0021 0.1190 0.9929
vn -0.3562 0.8739 -0.3308
vn -0.2547 0.8995 -0.3551
vn -0.2520 0.9034 -0.3470
vn -0.1926 0.9129 -0.3600
vn -0.1346 0.8978 -0.4193
vn -0.1916 0.9135 -0.3590
vn -0.1250 0.9232 -0.3634
vn -0.1314 0.9541 -0.2692
vn -0.0897 0.9228 -0.3747
vn -0.0479 0.9329 -0.3569
vn -0.0466 0.9361 -0.3487
vn -0.0139 0.9289 -0.3702
vn -0.0138 0.9308 -0.3653
vn -0.0202 0.8744 -0.4849
vn -0.0482 0.9256 -0.3754
vn -0.0897 0.9275 -0.3630
vn 0.0399 0.9282 -0.3699
vn 0.1264 0.9578 -0.2582
vn 0.0775 0.9128 -0.4010
vn 0.0282 0.9566 -0.2899
vn 0.0890 0.9264 -0.3659
vn 0.1130 0.9057 -0.4086
vn 0.1324 0.9219 -0.3640
vn 0.2013 0.9119 -0.3577
vn 0.2093 0.9185 -0.3353
vn 0.2869 0.8848 -0.3670
vn 0.3066 0.9044 -0.2968
vn 0.3780 0.8453 -0.3775
vn 0.0408 0.9301 -0.3650
vn 0.0288 0.9056 -0.4232
vn 0.0644 0.9283 -0.3662
vn -0.0000 0.6541 0.7564
vn -0.0011 0.6568 0.7541
vn 0.0011 0.6574 0.7536
vn -0.0011 0.6643 0.7475
vn -0.0000 0.6642 0.7476
vn -0.0009 0.6487 0.7611
vn -0.0007 0.6487 0.7610
vn -0.0001 0.6492 0.7606
vn 0.0010 0.6454 0.7638
vn 0.0004 0.6454 0.7638
vn -0.0003 0.6445 0.7646
vn 0.0002 0.6437 0.7653
vn -0.0001 0.6433 0.7656
vn -0.0000 0.6433 0.7657
vn 0.0001 0.6433 0.7657
vn -0.0001 0.6439 0.7651
vn 0.0002 0.6439 0.7651
vn -0.0002 0.6455 0.7637
vn 0.0003 0.6454 0.7638
vn -0.0003 0.6485 0.7612
vn 0.0005 0.6482 0.7614
vn -0.0000 0.6495 0.7604
vn -0.0000 0.6639 0.7478
vn 0.0006 0.6639 0.7478
vn -0.0005 0.6558 0.7550
vn 0.0006 0.6557 0.7550
vn 0.0001 0.6532 0.7571
vn 0.0307 0.9435 -0.3300
vn 0.0328 0.9550 -0.2948
vn 0.0358 0.9570 -0.2879
vn 0.0984 0.9498 -0.2969
vn 0.3613 0.8912 -0.2744
vn 0.0341 0.9661 -0.2560
vn 0.0300 0.9835 -0.1785
vn 0.8593 0.5060 -0.0745
vn 0.0285 0.9957 -0.0881
vn 0.0976 0.9951 -0.0129
vn 0.2488 0.9677 0.0397
vn 0.7340 0.6726 0.0944
vn 0.7865 0.6099 0.0971
vn 0.8423 0.5160 0.1559
vn 0.0323 0.9874 0.1550
vn 0.0661 0.9764 0.2058
vn 0.7264 0.6822 0.0838
vn 0.9087 0.3884 0.1527
vn 0.4186 0.8623 0.2849
vn 0.9132 0.3456 0.2159
vn 0.0191 0.9394 0.3424
vn 0.0333 0.9441 0.3281
vn 0.1369 0.9293 0.3431
vn 0.2203 0.9091 0.3535
vn 0.4459 0.8043 0.3929
vn 0.8109 0.5124 0.2828
vn 0.0196 0.9024 0.4306
vn 0.0004 0.9021 0.4316
vn 0.0106 0.9012 0.4332
vn 0.1115 0.8845 0.4531
vn 0.0530 0.8736 0.4838
vn 0.2576 0.7660 0.5890
vn 0.1260 0.8181 0.5611
vn 0.0577 0.7794 0.6238
vn 0.1276 0.7071 0.6955
vn 0.3311 0.7655 0.5516
vn 0.8352 0.2568 0.4864
vn 0.9722 0.1960 0.1283
vn 0.9117 0.3293 -0.2458
vn 0.9351 0.3530 0.0306
vn 0.9240 0.3692 -0.0998
vn 0.0299 0.9223 -0.3853
vn 0.0327 0.9209 -0.3883
vn 0.0792 0.9218 -0.3794
vn 0.0805 0.9213 -0.3805
vn 0.1145 0.9177 -0.3804
vn 0.1377 0.9188 -0.3699
vn 0.1668 0.9074 -0.3856
vn 0.1944 0.9087 -0.3695
vn 0.2554 0.8953 -0.3650
vn 0.2900 0.8990 -0.3281
vn 0.3363 0.8743 -0.3500
vn 0.4905 0.8259 -0.2780
vn 0.4500 0.8202 -0.3532
vn 0.7365 0.6400 -0.2191
vn 0.6729 0.6949 -0.2536
vn 0.6667 0.7018 -0.2511
vn 0.5953 0.7541 -0.2775
vn 0.5794 0.7668 -0.2763
vn 0.8289 0.5335 -0.1685
vn 0.8305 0.5317 -0.1661
vn 0.7910 0.5780 -0.2007
vn 0.7935 0.5767 -0.1945
vn 0.7377 0.6385 -0.2193
vn 0.8663 0.4914 -0.0898
vn 0.8679 0.4793 -0.1303
vn 0.8523 0.4982 -0.1596
vn 0.8827 0.4546 -0.1189
vn 0.9014 0.4268 -0.0730
vn 0.9410 0.3297 -0.0763
vn 0.9411 0.3277 -0.0829
vn 0.9341 0.3451 -0.0913
vn 0.9372 0.3433 -0.0624
vn 0.9557 0.2871 -0.0653
vn 0.9523 0.2997 -0.0571
vn 0.9148 0.4025 -0.0344
vn 0.9618 0.2736 -0.0130
vn 0.9633 0.2681 -0.0145
vn 0.9563 0.2810 0.0811
vn 0.9621 0.2663 0.0578
vn 0.9561 0.2910 0.0358
vn 0.9674 0.2519 0.0265
vn 0.9595 0.2817 0.0013
vn 0.9396 0.2555 0.2278
vn 0.8927 0.2434 0.3792
vn 0.9071 0.2527 0.3367
vn 0.7370 0.2409 0.6315
vn 0.6541 0.2415 0.7168
vn 0.6858 0.2555 0.6814
vn 0.7020 0.2497 0.6669
vn 0.7066 0.2482 0.6627
vn 0.5461 0.2172 0.8091
vn 0.5870 0.1925 0.7864
vn 0.5934 0.1901 0.7821
vn 0.4449 0.1850 0.8763
vn 0.4223 0.1980 0.8846
vn 0.2934 0.1047 0.9502
vn 0.2907 0.1088 0.9506
vn 0.2615 0.0712 0.9626
vn 0.1128 -0.0314 0.9931
vn 0.0438 -0.0216 0.9988
vn 0.0449 -0.0185 0.9988
vn 0.0370 0.1268 0.9912
vn 0.1886 0.0354 0.9814
vn 0.1627 0.0708 0.9841
vn 0.1645 0.0717 0.9838
vn 0.0552 0.0810 0.9952
vn 0.0507 0.0415 0.9979
vn 0.0363 0.5814 0.8128
vn 0.1549 0.4720 0.8679
vn 0.1276 0.5270 0.8403
vn 0.0973 0.5440 0.8334
vn 0.0946 0.5452 0.8329
vn 0.0818 0.6568 0.7496
vn 0.0302 0.5089 0.8603
vn 0.0206 0.6067 0.7947
vn 0.2704 0.3349 0.9026
vn 0.2618 0.4097 0.8738
vn 0.5447 0.2915 0.7863
vn 0.4952 0.1749 0.8510
vn 0.5456 0.2180 0.8092
vn 0.5456 0.2201 0.8086
vn 0.6004 0.3767 0.7054
vn 0.5974 0.2777 0.7523
vn 0.6106 0.3492 0.7108
vn 0.5372 0.3774 0.7543
vn 0.5217 0.4216 0.7417
vn 0.4808 0.4264 0.7662
vn 0.4121 0.5303 0.7409
vn 0.4090 0.5072 0.7586
vn 0.4414 0.4650 0.7674
vn 0.3518 0.5980 0.7201
vn 0.3355 0.6372 0.6939
vn 0.3581 0.5856 0.7272
vn 0.2273 0.6690 0.7077
vn 0.3265 0.6391 0.6964
vn 0.2903 0.6493 0.7029
vn 0.3374 0.6134 0.7141
vn 0.1876 0.7067 0.6822
vn 0.1920 0.7035 0.6843
vn 0.2007 0.7011 0.6842
vn 0.2661 0.6705 0.6926
vn 0.3236 0.6624 0.6757
vn 0.0218 0.7505 0.6605
vn 0.1688 0.7295 0.6628
vn 0.1292 0.7493 0.6495
vn 0.0861 0.7475 0.6587
vn 0.0784 0.7496 0.6572
vn 0.0768 0.7498 0.6572
vn 0.0588 0.7602 0.6471
vn 0.0326 0.7606 0.6484
vn -0.0231 0.8195 0.5726
vn 0.0149 0.7837 0.6210
vn 0.5161 0.3923 0.7614
vn 0.4984 0.4608 0.7343
vn 0.4579 0.5222 0.7195
vn 0.4567 0.5186 0.7229
vn 0.4111 0.6039 0.6829
vn 0.6300 0.1800 0.7555
vn 0.6473 0.2835 0.7075
vn 0.6485 0.2466 0.7201
vn 0.6789 0.2607 0.6864
vn 0.6735 0.3144 0.6690
vn 0.8287 0.2848 0.4818
vn 0.6896 0.3657 0.6251
vn 0.6559 0.4505 0.6056
vn 0.6565 0.4516 0.6043
vn 0.6097 0.5211 0.5973
vn 0.3219 0.7574 0.5682
vn 0.3445 0.7378 0.5806
vn 0.3816 0.7233 0.5756
vn 0.4071 0.6977 0.5895
vn 0.4565 0.6649 0.5912
vn 0.0204 0.8608 0.5085
vn 0.0144 0.8634 0.5044
vn 0.0337 0.8525 0.5217
vn 0.0576 0.8565 0.5130
vn 0.0845 0.8475 0.5241
vn 0.1121 0.9354 0.3353
vn 0.1597 0.8354 0.5260
vn 0.1168 0.8401 0.5298
vn 0.1037 0.8379 0.5358
vn 0.0870 0.8457 0.5266
vn 0.0480 0.8278 0.5589
vn 0.0335 0.8575 0.5133
vn 0.0107 0.8342 0.5513
vn -0.0028 0.8610 0.5085
vn 0.0290 0.8506 0.5250
vn 0.0041 0.8666 0.4990
vn -0.0001 0.8669 0.4986
vn 0.1053 0.8334 0.5425
vn 0.1770 0.8003 0.5728
vn 0.1896 0.8113 0.5531
vn 0.2249 0.8047 0.5494
vn 0.2310 0.8065 0.5443
vn 0.3139 0.7723 0.5523
vn 0.5706 0.5359 0.6223
vn 0.5348 0.6063 0.5885
vn 0.4789 0.6615 0.5772
vn 0.4791 0.6622 0.5762
vn 0.4062 0.7337 0.5446
vn 0.4513 0.6324 0.6296
vn 0.5534 0.5847 0.5931
vn 0.5696 0.5883 0.5740
vn 0.6077 0.5270 0.5942
vn 0.6934 0.4849 0.5331
vn 0.6728 0.4459 0.5903
vn 0.7038 0.4131 0.5780
vn 0.8617 0.2655 0.4324
vn 0.8613 0.2661 0.4329
vn 0.8341 0.2688 0.4817
vn 0.8312 0.2722 0.4848
vn 0.7986 0.2900 0.5274
vn 0.7312 0.3597 0.5796
vn 0.7286 0.3350 0.5974
vn 0.7642 0.2686 0.5864
vn 0.7629 0.2808 0.5823
vn 0.8084 0.1953 0.5554
vn 0.8286 0.3450 0.4409
vn 0.8002 0.4194 0.4286
vn 0.6786 0.4256 0.5987
vn 0.7631 0.4759 0.4373
vn 0.7100 0.5222 0.4725
vn 0.5417 0.6646 0.5147
vn 0.4028 0.7889 0.4642
vn 0.4837 0.7285 0.4851
vn 0.5443 0.7143 0.4400
vn 0.5728 0.6729 0.4681
vn 0.6426 0.6150 0.4571
vn 0.0104 0.9126 0.4086
vn 0.0044 0.9114 0.4116
vn -0.0028 0.9065 0.4222
vn 0.0031 0.9007 0.4345
vn 0.0014 0.9009 0.4341
vn -0.0002 0.9005 0.4349
vn 0.0080 0.9000 0.4358
vn -0.0015 0.8995 0.4369
vn 0.0018 0.8995 0.4369
vn 0.0012 0.9022 0.4314
vn -0.0061 0.9031 0.4294
vn -0.0126 0.9037 0.4279
vn 0.0442 0.9025 0.4283
vn -0.6705 0.6705 0.3174
vn 0.0373 0.9065 0.4206
vn 0.0158 0.9090 0.4165
vn 0.0200 0.9087 0.4169
vn 0.0445 0.9061 0.4206
vn 0.0400 0.9040 0.4256
vn 0.0743 0.9043 0.4204
vn 0.0927 0.9132 0.3968
vn 0.1369 0.8923 0.4302
vn 0.1595 0.8909 0.4252
vn 0.1744 0.8833 0.4351
vn 0.2413 0.8851 0.3979
vn 0.2490 0.8582 0.4490
vn 0.3201 0.8373 0.4433
vn 0.1908 0.8716 0.4517
vn 0.2499 0.8618 0.4415
vn 0.2678 0.8605 0.4334
vn 0.2839 0.7867 0.5481
vn 0.3309 0.8280 0.4526
vn 0.4026 0.7893 0.4636
vn 0.3879 0.7873 0.4793
vn 0.4836 0.7630 0.4288
vn 0.8072 0.3912 0.4420
vn 0.7838 0.4495 0.4284
vn 0.7508 0.4817 0.4519
vn 0.7321 0.5454 0.4082
vn 0.6785 0.5737 0.4588
vn 0.6553 0.5938 0.4669
vn 0.8281 0.3681 0.4228
vn 0.8555 0.2987 0.4231
vn 0.8908 0.2951 0.3454
vn 0.9052 0.2635 0.3334
vn 0.9267 0.3444 0.1502
vn 0.9346 0.2530 0.2502
vn 0.8970 0.3010 0.3236
vn 0.8897 0.3069 0.3381
vn 0.8836 0.3607 0.2986
vn 0.8510 0.4323 0.2982
vn 0.8515 0.4296 0.3008
vn 0.8138 0.4936 0.3066
vn 0.7872 0.5261 0.3217
vn 0.7800 0.5588 0.2816
vn 0.6862 0.6433 0.3394
vn 0.1096 0.9398 0.3236
vn 0.3655 0.8889 0.2761
vn 0.3732 0.8607 0.3462
vn 0.2861 0.8949 0.3424
vn 0.2631 0.9056 0.3326
vn 0.2230 0.9099 0.3499
vn 0.1844 0.9337 0.3068
vn 0.1385 0.9276 0.3468
vn 0.1114 0.9388 0.3260
vn 0.0636 0.9203 0.3861
vn 0.0566 0.9407 0.3346
vn 0.0511 0.9430 0.3289
vn 0.0036 0.9419 0.3359
vn -0.0000 0.9411 0.3381
vn 0.0125 0.9526 0.3040
vn 0.0270 0.9419 0.3348
vn 0.0345 0.9422 0.3333
vn 0.7299 0.5827 0.3573
vn 0.7069 0.6367 0.3080
vn 0.6565 0.6719 0.3430
vn 0.6169 0.7124 0.3345
vn 0.5601 0.7502 0.3513
vn 0.5404 0.7714 0.3360
vn 0.4982 0.7952 0.3455
vn 0.4429 0.8375 0.3201
vn 0.3356 0.8533 0.3990
vn 0.9117 0.3480 0.2185
vn 0.8739 0.4315 0.2240
vn 0.8755 0.4214 0.2365
vn 0.8386 0.5114 0.1877
vn 0.7808 0.5906 0.2038
vn 0.6903 0.6738 0.2637
vn 0.6424 0.7575 0.1165
vn 0.6532 0.7232 0.2245
vn 0.5718 0.7853 0.2374
vn 0.5202 0.8230 0.2282
vn 0.5247 0.8188 0.2328
vn 0.4416 0.8640 0.2417
vn 0.3453 0.9090 0.2335
vn 0.3405 0.9154 0.2147
vn 0.2641 0.9276 0.2642
vn 0.0316 0.9577 0.2859
vn 0.1714 0.9540 0.2459
vn 0.1043 0.9634 0.2470
vn 0.1003 0.9622 0.2533
vn 0.0525 0.9722 0.2282
vn 0.4339 0.8703 0.2331
vn 0.3464 0.9078 0.2363
vn 0.2975 0.9097 0.2898
vn 0.2619 0.9529 0.1533
vn 0.2310 0.9411 0.2471
vn 0.1759 0.9512 0.2534
vn 0.1696 0.9470 0.2729
vn 0.0966 0.9607 0.2603
vn 0.0926 0.9597 0.2654
vn 0.0499 0.9658 0.2543
vn 0.0462 0.9651 0.2579
vn 0.0150 0.9695 0.2446
vn 0.0092 0.9654 0.2606
vn 0.0224 0.9670 0.2538
vn 0.0050 0.9624 0.2715
vn 0.8477 0.4748 0.2365
vn 0.7921 0.5709 0.2161
vn 0.7594 0.6019 0.2470
vn 0.7198 0.6642 0.2018
vn 0.6084 0.7341 0.3016
vn 0.9289 0.3368 0.1541
vn 0.9483 0.2788 0.1519
vn 0.9509 0.2831 0.1253
vn 0.9539 0.2766 0.1164
vn 0.9429 0.2801 0.1801
vn 0.9357 0.3120 0.1647
vn 0.9543 0.2343 0.1856
vn 0.9521 0.2472 0.1798
vn 0.8810 0.3125 0.3552
vn 0.9421 0.1673 0.2905
vn 0.9241 0.2759 0.2642
vn 0.9310 0.2692 0.2464
vn 0.9170 0.3403 0.2083
vn 0.9112 0.3462 0.2234
vn 0.8933 0.3341 0.3008
vn 0.8926 0.4313 0.1310
vn 0.9188 0.3749 0.1232
vn 0.9241 0.3509 0.1516
vn 0.8889 0.4315 0.1540
vn 0.8908 0.4246 0.1618
vn 0.8453 0.5113 0.1550
vn 0.8441 0.5147 0.1504
vn 0.7894 0.5919 0.1626
vn 0.7965 0.5789 0.1746
vn 0.7661 0.6234 0.1565
vn 0.6969 0.6972 0.1680
vn 0.5603 0.8149 0.1483
vn 0.5550 0.8256 0.1013
vn 0.6301 0.7516 0.1950
vn 0.3516 0.9206 0.1700
vn 0.3587 0.9171 0.1737
vn 0.4249 0.8899 0.1656
vn 0.4216 0.8922 0.1622
vn 0.4727 0.8643 0.1721
vn 0.2656 0.9140 0.3067
vn 0.3161 0.9327 0.1738
vn 0.2601 0.9527 0.1573
vn 0.2734 0.9465 0.1713
vn 0.1985 0.9637 0.1787
vn 0.1822 0.9693 0.1651
vn 0.1559 0.9714 0.1791
vn 0.1068 0.9769 0.1849
vn 0.1050 0.9776 0.1824
vn 0.0590 0.9802 0.1891
vn 0.0703 0.9833 0.1679
vn 0.0358 0.9749 0.2198
vn 0.0066 0.9793 0.2025
vn 0.0188 0.9815 0.1908
vn 0.0186 0.9824 0.1858
vn 0.0038 0.9721 0.2347
vn 0.7011 0.6882 0.1867
vn 0.6284 0.7641 0.1456
vn 0.5302 0.8208 0.2126
vn 0.5310 0.8239 0.1980
vn 0.4372 0.8916 0.1178
vn 0.8191 0.5637 0.1063
vn 0.8377 0.5384 0.0916
vn 0.8690 0.4918 0.0540
vn 0.8641 0.4852 0.1340
vn 0.9169 0.3907 0.0814
vn 0.5575 0.8246 0.0962
vn 0.5750 0.8119 0.1008
vn 0.6327 0.7667 0.1085
vn 0.6303 0.7692 0.1054
vn 0.6913 0.7158 0.0986
vn 0.7218 0.6829 0.1124
vn 0.7303 0.6750 0.1055
vn 0.7866 0.6098 0.0972
vn 0.7929 0.6045 0.0768
vn 0.5074 0.8410 0.1878
vn 0.5393 0.8354 0.1061
vn 0.4777 0.8731 0.0974
vn 0.5039 0.8566 0.1113
vn 0.4198 0.9028 0.0928
vn 0.0244 0.9923 0.1214
vn 0.1117 0.9783 0.1746
vn 0.0843 0.9912 0.1020
vn 0.0615 0.9885 0.1384
vn 0.0248 0.9918 0.1252
vn 0.0204 0.9903 0.1372
vn 0.4387 0.8906 0.1195
vn 0.3576 0.9278 0.1061
vn 0.3219 0.9387 0.1236
vn 0.2764 0.9558 0.0999
vn 0.2455 0.9621 0.1185
vn 0.2179 0.9692 0.1145
vn 0.1784 0.9762 0.1229
vn 0.1743 0.9775 0.1186
vn 0.1294 0.9843 0.1204
vn 0.1093 0.9888 0.1019
vn 0.0729 0.9874 0.1404
vn 0.0673 0.9896 0.1272
vn 0.0298 0.9949 0.0959
vn 0.9552 0.2816 0.0913
vn 0.9582 0.2677 0.1007
vn 0.9381 0.3310 0.1020
vn 0.9312 0.3534 0.0895
vn 0.9106 0.3967 0.1160
vn 0.8974 0.4333 0.0831
vn 0.8486 0.5141 0.1246
vn 0.8482 0.5179 0.1111
vn 0.7945 0.6029 0.0730
vn 0.8908 0.4521 0.0459
vn 0.9114 0.4078 0.0552
vn 0.9349 0.3512 0.0516
vn 0.9341 0.3551 0.0361
vn 0.9539 0.2893 0.0793
vn 0.8452 0.5317 0.0548
vn 0.7782 0.6266 0.0430
vn 0.7706 0.6351 0.0524
vn 0.6964 0.7164 0.0419
vn 0.6868 0.7250 0.0521
vn 0.6035 0.7962 0.0422
vn 0.5921 0.8041 0.0534
vn 0.4978 0.8662 0.0434
vn 0.5072 0.8601 0.0548
vn 0.4034 0.9138 0.0473
vn 0.4121 0.9093 0.0581
vn 0.3059 0.9507 0.0505
vn 0.3142 0.9474 0.0604
vn 0.2433 0.9684 0.0552
vn 0.0285 0.9978 0.0605
vn 0.1923 0.9750 0.1115
vn 0.1770 0.9841 0.0163
vn 0.1239 0.9882 0.0900
vn 0.0898 0.9948 0.0474
vn 0.0690 0.9948 0.0753
vn 0.0287 0.9977 0.0615
vn 0.0239 0.9969 0.0753
vn 0.2515 0.9658 0.0626
vn 0.1948 0.9797 0.0469
vn 0.1625 0.9828 0.0875
vn 0.1258 0.9914 0.0350
vn 0.0812 0.9925 0.0913
vn 0.0706 0.9972 0.0236
vn 0.0246 0.9951 0.0954
vn 0.8416 0.5382 0.0446
vn 0.8938 0.4449 0.0562
vn 0.8988 0.4152 -0.1402
vn 0.9107 0.3832 0.1545
vn 0.9295 0.3586 0.0863
vn 0.9336 0.3576 0.0225
vn 0.9324 0.3611 0.0176
vn 0.9001 0.4354 0.0153
vn 0.8988 0.4381 0.0114
vn 0.8650 0.5017 0.0097
vn 0.8664 0.4992 0.0117
vn 0.8368 0.5475 0.0030
vn 0.8384 0.5451 0.0049
vn 0.7902 0.6128 0.0045
vn 0.7881 0.6156 0.0008
vn 0.7116 0.7026 0.0011
vn 0.7141 0.7001 -0.0021
vn 0.6303 0.7763 -0.0010
vn 0.3483 0.9374 0.0059
vn 0.4360 0.8999 0.0123
vn 0.5053 0.8436 -0.1814
vn 0.5282 0.8413 0.1151
vn 0.5802 0.8145 -0.0017
vn 0.6278 0.7784 -0.0039
vn 0.2643 0.9643 0.0186
vn 0.1795 0.9837 -0.0029
vn 0.1774 0.9841 0.0012
vn 0.0942 0.9954 0.0163
vn 0.1009 0.9949 0.0045
vn 0.0341 0.9994 0.0031
vn 0.0557 0.9984 0.0100
vn 0.0320 0.9995 -0.0048
vn 0.0237 0.9996 0.0171
vn 0.1733 0.9849 0.0060
vn 0.1753 0.9841 0.0293
vn 0.2262 0.9741 -0.0045
vn 0.3159 0.9465 -0.0653
vn 0.2943 0.9532 0.0695
vn 0.2698 0.9629 -0.0028
vn 0.5787 0.8156 -0.0021
vn 0.5290 0.8486 -0.0071
vn 0.4668 0.8828 0.0531
vn 0.4344 0.9007 -0.0103
vn 0.3441 0.9389 0.0014
vn 0.8990 0.4359 -0.0422
vn 0.9217 0.3877 -0.0142
vn 0.9361 0.3516 -0.0077
vn 0.9362 0.3515 -0.0076
vn 0.9567 0.2910 -0.0038
vn 0.9532 0.3022 0.0093
vn 0.9547 0.2956 0.0347
vn 0.9736 0.2265 0.0268
vn 0.9548 0.2944 0.0412
vn 0.5323 0.8451 -0.0489
vn 0.6253 0.7794 -0.0399
vn 0.6301 0.7751 -0.0470
vn 0.7097 0.7038 -0.0328
vn 0.7104 0.7029 -0.0344
vn 0.7862 0.6171 -0.0340
vn 0.8217 0.5268 -0.2173
vn 0.8280 0.5356 0.1659
vn 0.8709 0.4904 -0.0322
vn 0.9090 0.4167 -0.0005
vn 0.2613 0.9641 -0.0469
vn 0.3399 0.9383 -0.0635
vn 0.3903 0.9194 -0.0478
vn 0.4419 0.8960 -0.0449
vn 0.2259 0.9730 -0.0471
vn 0.2004 0.9780 -0.0578
vn 0.1715 0.9846 -0.0328
vn 0.0272 0.9984 -0.0504
vn 0.1301 0.9899 -0.0558
vn 0.0737 0.9972 -0.0117
vn 0.0974 0.9933 -0.0627
vn 0.0329 0.9989 -0.0340
vn 0.0338 0.9987 -0.0374
vn 0.2696 0.9621 -0.0420
vn 0.3428 0.9375 -0.0599
vn 0.3199 0.9384 0.1304
vn 0.3928 0.9177 -0.0594
vn 0.5034 0.8579 -0.1029
vn 0.4531 0.8726 0.1822
vn 0.4435 0.8945 -0.0567
vn 0.7127 0.6996 -0.0501
vn 0.7161 0.6970 -0.0388
vn 0.6320 0.7725 -0.0611
vn 0.6333 0.7719 -0.0555
vn 0.5329 0.8445 -0.0536
vn 0.8766 0.4806 -0.0227
vn 0.8497 0.5264 -0.0311
vn 0.8050 0.5933 0.0055
vn 0.7992 0.6007 -0.0208
vn 0.7564 0.6527 -0.0425
vn 0.9201 0.3898 -0.0383
vn 0.9066 0.4089 -0.1048
vn 0.7379 0.6703 -0.0786
vn 0.7789 0.6232 -0.0708
vn 0.8223 0.5587 -0.1078
vn 0.8330 0.5483 -0.0734
vn 0.8872 0.4596 -0.0403
vn 0.5652 0.8199 -0.0912
vn 0.6131 0.7853 -0.0864
vn 0.6402 0.7620 -0.0973
vn 0.3721 0.9233 -0.0954
vn 0.4242 0.9008 -0.0928
vn 0.4486 0.8883 -0.0980
vn 0.4864 0.8703 -0.0775
vn 0.5354 0.8376 -0.1082
vn 0.5927 0.8025 -0.0680
vn 0.0280 0.9946 -0.1001
vn 0.0303 0.9952 -0.0935
vn 0.0748 0.9926 -0.0959
vn 0.0776 0.9927 -0.0921
vn 0.1312 0.9865 -0.0978
vn 0.1375 0.9864 -0.0901
vn 0.2022 0.9742 -0.1001
vn 0.2088 0.9736 -0.0926
vn 0.2629 0.9600 -0.0960
vn 0.2885 0.9539 -0.0832
vn 0.3299 0.9379 -0.1073
vn 0.3970 0.9149 -0.0730
vn 0.8517 0.5198 -0.0661
vn 0.7792 0.6082 0.1512
vn 0.7821 0.6070 0.1410
vn 0.7077 0.6487 -0.2798
vn 0.7212 0.6864 -0.0932
vn 0.6765 0.7332 -0.0686
vn 0.9399 0.3404 -0.0275
vn 0.9343 0.3541 -0.0421
vn 0.9019 0.4309 -0.0282
vn 0.9032 0.4260 0.0528
vn 0.8781 0.4749 -0.0575
vn 0.9371 0.3475 -0.0326
vn 0.9553 0.2945 -0.0279
vn 0.9520 0.3035 -0.0392
vn 0.9502 0.3061 -0.0580
vn 0.9260 0.3742 -0.0507
vn 0.9288 0.3681 -0.0427
vn 0.8896 0.4443 -0.1063
vn 0.9063 0.4204 -0.0421
vn 0.8781 0.4722 -0.0774
vn 0.8408 0.5334 -0.0924
vn 0.8524 0.5191 -0.0636
vn 0.7985 0.5912 -0.1139
vn 0.7232 0.6894 -0.0425
vn 0.7731 0.6101 -0.1736
vn 0.7007 0.7059 -0.1036
vn 0.6376 0.7586 -0.1342
vn 0.6298 0.7663 -0.1275
vn 0.5836 0.8024 -0.1252
vn 0.5856 0.8010 -0.1244
vn 0.5435 0.8285 -0.1348
vn 0.5322 0.8343 -0.1438
vn 0.4703 0.8744 -0.1194
vn 0.4519 0.8820 -0.1337
vn 0.4001 0.9063 -0.1363
vn 0.3647 0.9229 -0.1236
vn 0.3308 0.9318 -0.1493
vn 0.2768 0.9519 -0.1315
vn 0.2637 0.9545 -0.1390
vn 0.2030 0.9690 -0.1409
vn 0.1997 0.9703 -0.1368
vn 0.1198 0.9822 -0.1447
vn 0.1317 0.9835 -0.1238
vn 0.0752 0.9860 -0.1487
vn 0.0285 0.9941 -0.1046
vn 0.0459 0.9882 -0.1461
vn 0.0530 0.9822 -0.1802
vn 0.0155 0.9907 -0.1352
vn 0.9040 0.4158 -0.0998
vn 0.9192 0.3884 -0.0653
vn 0.9281 0.3653 -0.0723
vn 0.9596 0.2742 -0.0624
vn 0.9432 0.3236 -0.0754
vn 0.7253 0.6771 -0.1239
vn 0.7835 0.6071 -0.1325
vn 0.7978 0.5869 -0.1383
vn 0.8225 0.5594 -0.1027
vn 0.8757 0.4653 -0.1287
vn 0.2641 0.9473 -0.1813
vn 0.2774 0.9448 -0.1743
vn 0.3322 0.9242 -0.1884
vn 0.3595 0.9182 -0.1661
vn 0.4015 0.8988 -0.1762
vn 0.4158 0.8926 -0.1741
vn 0.4532 0.8747 -0.1717
vn 0.4720 0.8675 -0.1568
vn 0.5337 0.8265 -0.1789
vn 0.5633 0.8117 -0.1545
vn 0.5877 0.7933 -0.1589
vn 0.6099 0.7763 -0.1592
vn 0.6397 0.7507 -0.1650
vn 0.6620 0.7362 -0.1404
vn 0.7419 0.6526 -0.1538
vn 0.0289 0.9816 -0.1889
vn 0.0313 0.9828 -0.1822
vn 0.0755 0.9797 -0.1858
vn 0.0802 0.9804 -0.1798
vn 0.1317 0.9733 -0.1878
vn 0.1420 0.9741 -0.1761
vn 0.2029 0.9606 -0.1898
vn 0.2027 0.9606 -0.1899
vn 0.2374 0.9544 -0.1810
vn 0.9084 0.4051 -0.1036
vn 0.8686 0.4831 -0.1105
vn 0.8738 0.4703 -0.1233
vn 0.8140 0.5658 -0.1314
vn 0.8208 0.5522 -0.1461
vn 0.7456 0.6490 -0.1515
vn 0.7543 0.6352 -0.1660
vn 0.6777 0.7157 -0.1689
vn 0.6659 0.7230 -0.1839
vn 0.6196 0.7630 -0.1842
vn 0.4612 0.8645 -0.1996
vn 0.4949 0.7568 -0.4270
vn 0.4949 0.7596 -0.4220
vn 0.5726 0.7985 -0.1861
vn 0.6184 0.7649 -0.1803
vn 0.3191 0.8800 -0.3518
vn 0.3420 0.9025 -0.2618
vn 0.4087 0.8897 -0.2034
vn 0.1785 0.9423 -0.2833
vn 0.2336 0.9488 -0.2128
vn 0.2688 0.9396 -0.2118
vn 0.0373 0.9720 -0.2322
vn 0.0072 0.9757 -0.2188
vn 0.1712 0.9591 -0.2254
vn 0.0967 0.9698 -0.2238
vn 0.0964 0.9700 -0.2232
vn 0.0348 0.9737 -0.2254
vn 0.0363 0.9729 -0.2282
vn 0.2453 0.9412 -0.2322
vn 0.1876 0.9620 -0.1983
vn 0.1854 0.9518 -0.2441
vn 0.0988 0.9767 -0.1904
vn 0.1025 0.9481 -0.3009
vn 0.0419 0.9869 -0.1559
vn 0.3324 0.9270 -0.1735
vn 0.3271 0.9268 -0.1847
vn 0.4011 0.8911 -0.2124
vn 0.6114 0.7686 -0.1882
vn 0.5656 0.8015 -0.1942
vn 0.5127 0.8468 -0.1418
vn 0.5126 0.8468 -0.1420
vn 0.4543 0.8661 -0.2085
vn 0.7183 0.6780 -0.1564
vn 0.8000 0.5699 -0.1876
vn 0.7852 0.6123 -0.0925
vn 0.8537 0.4818 -0.1978
vn 0.8344 0.5511 -0.0072
vn 0.8908 0.3989 -0.2176
vn 0.8274 0.2830 -0.4852
vn 0.9258 0.3661 -0.0939
vn 0.9318 0.3528 -0.0856
vn 0.9136 0.3965 -0.0895
vn 0.6379 0.7395 -0.2151
vn 0.6517 0.7350 -0.1870
vn 0.7296 0.6535 -0.2016
vn 0.4445 0.8641 -0.2363
vn 0.4892 0.8247 -0.2839
vn 0.5011 0.8085 -0.3085
vn 0.5553 0.8024 -0.2185
vn 0.6013 0.7704 -0.2122
vn 0.1589 0.9371 -0.3107
vn 0.2324 0.9422 -0.2412
vn 0.3194 0.9044 -0.2830
vn 0.3111 0.9013 -0.3013
vn 0.3905 0.8886 -0.2405
vn 0.0313 0.9631 -0.2674
vn 0.0885 0.9662 -0.2420
vn 0.0949 0.9587 -0.2680
vn 0.1851 0.9545 -0.2336
vn 0.0296 0.9638 -0.2650
vn 0.0339 0.9668 -0.2532
vn 0.0763 0.9590 -0.2730
vn 0.0980 0.9667 -0.2365
vn 0.1317 0.9494 -0.2850
vn 0.1862 0.9587 -0.2148
vn 0.2032 0.9418 -0.2680
vn 0.3950 0.8846 -0.2478
vn 0.3239 0.9268 -0.1902
vn 0.3307 0.9294 -0.1640
vn 0.2621 0.9305 -0.2558
vn 0.8969 0.4326 -0.0923
vn 0.8513 0.5014 -0.1545
vn 0.8409 0.5242 -0.1347
vn 0.7919 0.5844 -0.1772
vn 0.7859 0.5966 -0.1626
vn 0.7198 0.6663 -0.1947
vn 0.7177 0.6703 -0.1887
vn 0.6365 0.7417 -0.2117
vn 0.6378 0.7393 -0.2158
vn 0.5834 0.7818 -0.2202
vn 0.5076 0.8403 -0.1907
vn 0.5333 0.8438 -0.0600
vn 0.4463 0.8611 -0.2436
vn 0.8715 0.4703 -0.1392
vn 0.8495 0.5065 -0.1476
vn 0.8348 0.5309 -0.1456
vn 0.6663 0.7195 -0.1957
vn 0.7676 0.6050 -0.2117
vn 0.7481 0.6428 -0.1651
vn 0.8133 0.5534 -0.1796
vn 0.4184 0.8673 -0.2698
vn 0.4462 0.8519 -0.2742
vn 0.4918 0.8175 -0.2998
vn 0.5110 0.8153 -0.2722
vn 0.6068 0.7626 -0.2240
vn 0.2708 0.8950 -0.3545
vn 0.3132 0.9065 -0.2830
vn 0.2282 0.9303 -0.2872
vn 0.4103 0.8688 -0.2772
vn 0.3577 0.8904 -0.2816
vn 0.2257 0.7145 0.6622
vn 0.2662 0.8993 -0.3470
vn 0.2264 0.9306 -0.2877
vn 0.2029 0.9346 -0.2921
vn 0.1760 0.9449 -0.2759
vn 0.1413 0.9424 -0.3032
vn 0.0905 0.9567 -0.2766
vn 0.0808 0.9461 -0.3136
vn 0.0308 0.9584 -0.2838
vn 0.4407 0.8472 0.2969
vn 0.3527 0.7112 0.6081
vn 0.5291 0.6863 -0.4990
vn 0.6049 0.7646 -0.2225
vn 0.6890 0.6849 -0.2372
vn 0.8294 0.5337 -0.1654
vn 0.8355 0.5270 -0.1555
vn 0.8849 0.4406 -0.1512
vn 0.8845 0.4403 -0.1541
vn 0.9035 0.4160 -0.1029
vn 0.8974 0.4184 -0.1400
vn 0.9070 0.4076 -0.1063
vn 0.9785 0.1290 -0.1607
vn 0.9341 0.3383 -0.1140
vn 0.7963 0.5757 -0.1857
vn 0.7481 0.6401 -0.1749
vn 0.7715 0.5918 -0.2334
vn 0.6680 0.7181 -0.1952
vn 0.6997 0.6639 -0.2640
vn 0.6580 0.7107 -0.2488
vn 0.5779 0.7823 -0.2324
vn 0.6070 0.7428 -0.2827
vn 0.5188 0.8135 -0.2628
vn 0.4730 0.8281 -0.3009
vn 0.4338 0.8545 -0.2856
vn 0.4055 0.8645 -0.2971
vn 0.3827 0.8740 -0.2993
vn 0.3529 0.8830 -0.3094
vn 0.3561 0.8813 -0.3107
vn 0.2946 0.9071 -0.3005
vn 0.2708 0.9076 -0.3207
vn 0.2015 0.9290 -0.3103
vn 0.2028 0.9292 -0.3089
vn 0.1402 0.9332 -0.3308
vn 0.1218 0.9419 -0.3129
vn 0.0805 0.9393 -0.3335
vn 0.0785 0.9401 -0.3318
vn 0.0417 0.9472 -0.3179
vn 0.0300 0.9428 -0.3319
vn 0.0069 0.9466 -0.3224
vn 0.5507 0.7825 -0.2906
vn 0.5225 0.7982 -0.2996
vn 0.4838 0.8259 -0.2896
vn 0.4384 0.8370 -0.3276
vn 0.3793 0.8718 -0.3100
vn 0.3299 0.8781 -0.3465
vn 0.2738 0.9050 -0.3257
vn 0.2466 0.9057 -0.3449
vn 0.1975 0.9180 -0.3440
vn 0.2029 0.9184 -0.3396
vn 0.1286 0.9216 -0.3661
vn 0.1549 0.9347 -0.3200
vn 0.0883 0.9260 -0.3671
vn 0.0625 0.9371 -0.3435
vn 0.0314 0.9306 -0.3646
vn 0.0208 0.9342 -0.3563
vn 0.4129 0.8447 -0.3405
vn 0.3937 0.8540 -0.3401
vn 0.3438 0.8857 -0.3119
vn 0.2665 0.8103 -0.5220
vn 0.2243 0.4516 0.8636
vn 0.1983 0.4623 0.8642
vn 0.1496 0.4651 0.8725
vn 0.1600 0.4504 0.8784
vn 0.4718 0.3018 0.8285
vn 0.4228 0.1604 0.8919
vn 0.4174 0.0582 0.9068
vn 0.3439 0.3058 0.8878
vn 0.2945 0.2862 0.9118
vn 0.2715 0.3416 0.8998
vn 0.1625 0.3509 0.9222
vn 0.1688 0.3399 0.9252
vn 0.3875 0.0283 0.9214
vn 0.4121 0.1871 0.8917
vn 0.2968 0.2044 0.9328
vn 0.2970 0.2039 0.9328
vn 0.1687 0.2167 0.9615
vn 0.1704 0.2131 0.9621
vn 0.0606 0.2184 0.9740
vn 0.0247 0.3451 0.9382
vn 0.0615 0.3015 0.9515
vn 0.0395 0.4542 0.8900
vn 0.0642 0.4215 0.9046
vn 0.0239 0.5456 0.8377
vn 0.0589 0.5107 0.8578
vn 0.0437 0.5578 0.8288
vn -0.0074 -0.9048 -0.4258
vn -0.0000 -0.9047 -0.4261
vn -0.0581 -0.9035 -0.4245
vn 0.0125 0.9025 0.4305
vn 0.0334 0.9023 0.4299
vn 0.0107 0.9039 0.4276
vn 0.0169 0.9082 0.4183
vn 0.0366 0.9030 0.4281
vn 0.0142 0.9048 0.4256
vn 0.0031 0.9047 0.4260
vn 0.0021 0.9048 0.4258
vn -0.0046 0.9063 0.4227
vn 0.0050 0.9025 0.4306
vn 0.0026 0.9110 0.4123
vn 0.0219 0.9087 0.4169
vn 0.0013 0.9146 0.4043
vn 0.0078 0.9151 0.4031
vn -0.0008 0.9104 0.4137
vn 0.0031 0.9077 0.4195
vn 0.0250 0.9047 0.4254
vn -0.0040 0.9038 0.4280
vn 0.0031 0.9005 0.4348
vn 0.0002 0.9005 0.4348
vn -0.0146 0.9001 0.4355
vn -0.0000 0.9677 0.2521
vn 0.0003 0.9684 0.2494
vn -0.0002 0.9684 0.2494
vn 0.0003 0.9699 0.2435
vn -0.0000 0.9701 0.2426
vn 0.0301 0.5853 0.8102
vn 0.0254 0.6642 0.7472
vn 0.0250 0.6646 0.7468
vn 0.0683 0.6761 0.7336
vn 0.1107 0.6513 0.7507
vn 0.0671 0.5765 0.8144
vn 0.0186 0.6146 0.7886
vn 0.1190 0.6140 0.7803
vn 0.1250 0.6089 0.7833
vn 0.1780 0.6182 0.7656
vn 0.2372 0.5591 0.7945
vn 0.3690 0.4276 0.8252
vn 0.4033 0.3488 0.8460
vn 0.3687 0.3814 0.8477
vn 0.3151 0.3678 0.8749
vn 0.2793 0.3935 0.8759
vn 0.2577 0.3789 0.8888
vn 0.1807 0.4523 0.8734
vn 0.2297 0.4030 0.8859
vn 0.3491 0.4029 0.8460
vn 0.3365 0.4688 0.8167
vn 0.2956 0.5018 0.8129
vn 0.2583 0.5007 0.8262
vn 0.2465 0.5125 0.8225
vn 0.1723 0.5183 0.8377
vn 0.1495 0.5338 0.8323
vn 0.1423 0.5294 0.8364
vn 0.0807 0.5313 0.8434
vn -0.1279 0.5255 0.8411
vn -0.2427 0.5035 0.8292
vn -0.3234 0.4035 0.8559
vn -0.3700 0.3706 0.8519
vn -0.2849 0.3812 0.8795
vn -0.4273 0.3611 0.8289
vn -0.3684 0.3684 0.8535
vn -0.3691 0.4234 0.8273
vn -0.3213 0.4907 0.8099
vn -0.1434 0.6199 0.7714
vn -0.2147 0.5945 0.7749
vn -0.2497 0.5122 0.8217
vn -0.2569 0.5070 0.8228
vn -0.2791 0.3945 0.8755
vn -0.3206 0.3464 0.8816
vn -0.0163 0.6643 0.7473
vn -0.0294 0.6558 0.7544
vn -0.0492 0.6150 0.7870
vn -0.0767 0.5361 0.8407
vn -0.0304 0.5845 0.8108
vn -0.0332 0.5775 0.8157
vn -0.0672 0.6903 0.7204
vn -0.1040 0.6451 0.7570
vn -0.1176 0.6140 0.7805
vn -0.1245 0.6102 0.7824
vn -0.1486 0.5365 0.8307
vn -0.1718 0.5184 0.8377
vn -0.1758 0.4581 0.8713
vn -0.2288 0.4029 0.8862
vn -0.0000 0.9707 0.2403
vn -0.0005 0.9699 0.2435
vn 0.0003 0.9697 0.2442
vn -0.0003 0.9682 0.2502
vn -0.0000 0.9681 0.2505
vn -0.2968 0.2062 0.9324
vn -0.0714 0.7370 0.6721
vn -0.2475 0.7716 0.5860
vn -0.1239 0.8114 0.5712
vn -0.0106 0.8374 0.5465
vn -0.8091 0.3938 0.4363
vn -0.0004 0.9169 0.3992
vn -0.0014 0.9151 0.4031
vn -0.0006 0.9066 0.4220
vn -0.0846 0.9075 0.4115
vn -0.2214 0.9085 0.3544
vn -0.4359 0.7887 0.4336
vn -0.0433 0.8806 0.4719
vn -0.0120 0.9543 0.2986
vn -0.1508 0.9318 0.3301
vn -0.7032 0.6366 0.3167
vn -0.9159 0.3418 0.2107
vn -0.1247 0.9460 0.2993
vn -0.0103 0.9672 0.2538
vn -0.0148 0.9705 0.2405
vn -0.0584 0.9610 0.2704
vn -0.2485 0.9364 0.2480
vn -0.0734 0.8255 0.5596
vn -0.2771 0.9458 0.1690
vn -0.4943 0.8651 0.0856
vn -0.8907 0.4403 0.1132
vn -0.0832 0.9809 0.1759
vn -0.3938 0.9136 0.1009
vn -0.5071 0.8545 0.1126
vn -0.0277 0.9986 0.0449
vn -0.7494 0.6613 -0.0334
vn -0.0734 0.9963 -0.0452
vn -0.0280 0.9946 -0.1001
vn -0.7702 0.6251 -0.1265
vn -0.6738 0.4379 -0.5952
vn -0.2388 0.9277 -0.2871
vn -0.7631 0.6210 -0.1790
vn -0.0069 0.9466 -0.3224
vn -0.0580 0.6167 -0.7851
vn -0.3265 0.8780 -0.3501
vn -0.4199 0.8747 -0.2422
vn -0.5202 0.7902 -0.3240
vn -0.9605 0.2722 0.0579
vn -0.9654 0.2249 0.1319
vn -0.8373 0.2232 0.4992
vn -0.0857 0.5834 0.8077
vn -0.1892 0.5497 0.8137
vn -0.3564 0.3122 0.8806
vn -0.2228 0.4595 0.8598
vn -0.2180 0.4604 0.8605
vn -0.2623 0.4091 0.8740
vn -0.0922 0.5480 0.8314
vn -0.0114 0.6067 0.7948
vn -0.0389 0.4839 0.8742
vn -0.0396 0.5813 0.8127
vn -0.0010 0.6795 0.7337
vn -0.0444 0.5578 0.8288
vn -0.0477 0.5485 0.8348
vn -0.0353 0.5112 0.8587
vn -0.0540 0.4568 0.8879
vn -0.0441 0.4219 0.9056
vn -0.0560 0.3471 0.9362
vn -0.0370 0.3018 0.9526
vn -0.0607 0.2204 0.9735
vn -0.0265 0.0845 0.9961
vn -0.0442 -0.0185 0.9989
vn -0.0505 0.0418 0.9978
vn -0.0598 0.1266 0.9901
vn -0.2896 0.0949 0.9524
vn -0.2851 0.0835 0.9549
vn -0.2034 0.0438 0.9781
vn -0.4221 0.2933 0.8578
vn -0.4053 0.0654 0.9118
vn -0.3340 0.0788 0.9393
vn -0.6180 0.1819 0.7649
vn -0.5352 0.2116 0.8178
vn -0.5453 0.1918 0.8160
vn -0.6480 0.2464 0.7207
vn -0.6757 0.2447 0.6954
vn -0.6598 0.2640 0.7035
vn -0.7314 0.2410 0.6379
vn -0.7664 0.2420 0.5951
vn -0.7701 0.2916 0.5673
vn -0.7516 0.2636 0.6046
vn -0.8307 0.2735 0.4848
vn -0.8357 0.2677 0.4795
vn -0.8305 0.3119 0.4615
vn -0.9233 0.2818 0.2609
vn -0.9316 0.2257 0.2850
vn -0.9077 0.2485 0.3381
vn -0.9062 0.2761 0.3204
vn -0.9047 0.2605 0.3371
vn -0.8934 0.3063 0.3288
vn -0.9269 0.2646 0.2660
vn -0.9292 0.2710 0.2512
vn -0.9309 0.2694 0.2467
vn -0.9378 0.3043 0.1672
vn -0.9451 0.2706 0.1830
vn -0.9376 0.2632 0.2273
vn -0.9541 0.2774 0.1127
vn -0.9524 0.2780 0.1251
vn -0.9583 0.2823 0.0445
vn -0.9561 0.2909 0.0361
vn -0.9741 0.2253 0.0177
vn -0.9391 0.3430 -0.0191
vn -0.9576 0.2880 -0.0059
vn -0.9548 0.2968 -0.0167
vn -0.9345 0.3518 -0.0548
vn -0.9353 0.3497 -0.0536
vn -0.9481 0.3126 -0.0585
vn -0.9507 0.3058 -0.0515
vn -0.9506 0.3066 -0.0491
vn -0.9515 0.3046 -0.0440
vn -0.9523 0.3028 -0.0391
vn -0.9547 0.2959 -0.0322
vn -0.9478 0.3190 0.0050
vn -0.9484 0.3056 -0.0848
vn -0.9360 0.3507 -0.0295
vn -0.9363 0.3401 -0.0880
vn -0.9292 0.3565 -0.0970
vn -0.9118 0.3950 -0.1120
vn -0.9226 0.3723 -0.1006
vn -0.9078 0.4104 -0.0862
vn -0.8817 0.4699 -0.0422
vn -0.8769 0.4513 -0.1655
vn -0.9208 0.3895 -0.0199
vn -0.9079 0.4061 -0.1041
vn -0.8883 0.4367 -0.1423
vn -0.8833 0.4392 -0.1640
vn -0.8891 0.4448 -0.1080
vn -0.8498 0.4995 -0.1684
vn -0.8260 0.5373 -0.1702
vn -0.7921 0.5768 -0.1998
vn -0.8056 0.5685 -0.1668
vn -0.7640 0.6057 -0.2226
vn -0.7378 0.6388 -0.2184
vn -0.7078 0.6660 -0.2353
vn -0.6720 0.6982 -0.2467
vn -0.6655 0.7050 -0.2451
vn -0.6013 0.7479 -0.2813
vn -0.5749 0.7694 -0.2784
vn -0.5563 0.7798 -0.2870
vn -0.2644 0.8926 -0.3653
vn -0.3211 0.8807 -0.3483
vn -0.3345 0.8925 -0.3027
vn -0.4540 0.7953 -0.4017
vn -0.2415 0.9028 -0.3559
vn -0.1894 0.9060 -0.3784
vn -0.1741 0.9045 -0.3894
vn -0.1359 0.9202 -0.3670
vn -0.1127 0.9180 -0.3801
vn -0.0686 0.9215 -0.3822
vn -0.0785 0.9262 -0.3688
vn -0.0232 0.9173 -0.3975
vn -0.0327 0.9222 -0.3853
vn -0.3697 0.8624 -0.3459
vn -0.4488 0.8424 -0.2983
vn -0.4409 0.8196 -0.3659
vn -0.5171 0.8020 -0.2990
vn -0.4583 0.8412 -0.2871
vn -0.4747 0.8252 -0.3061
vn -0.3916 0.8620 -0.3219
vn -0.3951 0.8598 -0.3234
vn -0.3402 0.8811 -0.3287
vn -0.3433 0.8794 -0.3298
vn -0.2717 0.9007 -0.3391
vn -0.2721 0.9004 -0.3395
vn -0.2006 0.9164 -0.3464
vn -0.2012 0.9161 -0.3469
vn -0.1383 0.9260 -0.3513
vn -0.1387 0.9257 -0.3518
vn -0.0798 0.9316 -0.3545
vn -0.0796 0.9316 -0.3548
vn -0.0303 0.9340 -0.3559
vn -0.0301 0.9339 -0.3562
vn -0.8666 0.4849 -0.1177
vn -0.8699 0.4673 -0.1579
vn -0.8290 0.5378 -0.1532
vn -0.8350 0.5260 -0.1617
vn -0.7978 0.5739 -0.1848
vn -0.7771 0.6025 -0.1820
vn -0.7477 0.6264 -0.2204
vn -0.7059 0.6767 -0.2093
vn -0.6681 0.7013 -0.2486
vn -0.6583 0.7114 -0.2460
vn -0.6116 0.7537 -0.2406
vn -0.5797 0.7677 -0.2729
vn -0.4833 0.8366 -0.2580
vn -0.5141 0.8002 -0.3089
vn -0.4042 0.8722 -0.2756
vn -0.4265 0.8548 -0.2956
vn -0.3756 0.8767 -0.3006
vn -0.3501 0.8853 -0.3059
vn -0.3562 0.8822 -0.3079
vn -0.2945 0.9065 -0.3025
vn -0.2774 0.9065 -0.3182
vn -0.2337 0.9198 -0.3152
vn -0.2038 0.9240 -0.3237
vn -0.1890 0.9303 -0.3142
vn -0.1390 0.9336 -0.3302
vn -0.1218 0.9419 -0.3131
vn -0.0803 0.9395 -0.3331
vn -0.0785 0.9401 -0.3316
vn -0.0625 0.9434 -0.3258
vn -0.0352 0.9448 -0.3259
vn -0.0301 0.9428 -0.3320
vn -0.0529 0.9621 -0.2676
vn -0.0305 0.9435 -0.3300
vn -0.8253 0.5369 -0.1750
vn -0.8138 0.5619 -0.1484
vn -0.8638 0.4808 -0.1509
vn -0.6624 0.7222 -0.1989
vn -0.7064 0.6776 -0.2047
vn -0.7473 0.6329 -0.2021
vn -0.3247 0.8184 -0.4742
vn -0.4167 0.8891 -0.1894
vn -0.3098 0.6624 0.6821
vn -0.3766 0.7534 0.5391
vn -0.5210 0.6791 -0.5171
vn -0.1962 0.9190 -0.3420
vn -0.0838 0.9387 -0.3345
vn -0.0764 0.9743 -0.2118
vn -0.1161 0.9469 -0.3000
vn -0.1762 0.9377 -0.2996
vn -0.1603 0.9491 -0.2711
vn -0.2113 0.9340 -0.2880
vn -0.2121 0.9315 -0.2956
vn -0.2579 0.9204 -0.2939
vn -0.1372 0.9497 -0.2814
vn -0.0785 0.9477 -0.3092
vn -0.0895 0.9535 -0.2877
vn -0.0301 0.9551 -0.2948
vn -0.0349 0.9580 -0.2847
vn -0.0260 0.9552 -0.2949
vn -0.2367 0.7667 0.5967
vn -0.2987 0.9022 -0.3110
vn -0.2945 0.9058 -0.3046
vn -0.6835 0.6907 -0.2361
vn -0.5992 0.7683 -0.2250
vn -0.5963 0.7697 -0.2281
vn -0.4986 0.8228 -0.2727
vn -0.4795 0.8245 -0.3007
vn -0.4203 0.8663 -0.2701
vn -0.3677 0.8885 -0.2745
vn -0.6279 0.7553 -0.1880
vn -0.6837 0.6948 -0.2232
vn -0.7089 0.6838 -0.1727
vn -0.7610 0.6185 -0.1959
vn -0.7788 0.6073 -0.1567
vn -0.8263 0.5385 -0.1651
vn -0.8353 0.5311 -0.1419
vn -0.8984 0.4211 -0.1245
vn -0.4955 0.8573 -0.1398
vn -0.5033 0.8469 -0.1719
vn -0.5955 0.7640 -0.2485
vn -0.2986 0.9428 -0.1484
vn -0.3698 0.8949 -0.2500
vn -0.4226 0.8723 -0.2460
vn -0.1371 0.9491 -0.2835
vn -0.1782 0.9614 -0.2095
vn -0.0303 0.9638 -0.2650
vn -0.0319 0.9649 -0.2606
vn -0.0315 0.9661 -0.2561
vn -0.0294 0.9639 -0.2645
vn -0.0789 0.9604 -0.2672
vn -0.0914 0.9659 -0.2421
vn -0.0916 0.9664 -0.2402
vn -0.0756 0.9528 -0.2941
vn -0.3896 0.8889 -0.2409
vn -0.3075 0.9121 -0.2711
vn -0.3108 0.9283 -0.2040
vn -0.2098 0.9357 -0.2837
vn -0.3239 0.8884 -0.3252
vn -0.2620 0.9298 -0.2584
vn -0.1766 0.9558 -0.2351
vn -0.2001 0.9217 -0.3323
vn -0.1322 0.9624 -0.2372
vn -0.7082 0.6770 -0.2003
vn -0.6384 0.7456 -0.1912
vn -0.6270 0.7488 -0.2146
vn -0.5844 0.7826 -0.2145
vn -0.4933 0.8359 -0.2408
vn -0.5164 0.7800 -0.3535
vn -0.4416 0.8654 -0.2369
vn -0.8353 0.5312 -0.1416
vn -0.8401 0.5117 -0.1798
vn -0.7785 0.6181 -0.1090
vn -0.7918 0.5809 -0.1887
vn -0.7227 0.6712 -0.1649
vn -0.9405 0.3299 -0.0812
vn -0.9401 0.3317 -0.0785
vn -0.9466 0.3138 -0.0744
vn -0.6851 0.6824 0.2550
vn -0.7184 0.6735 -0.1738
vn -0.7936 0.5923 -0.1393
vn -0.7964 0.5874 -0.1441
vn -0.8471 0.5157 -0.1282
vn -0.8459 0.5181 -0.1268
vn -0.8732 0.4732 -0.1167
vn -0.8718 0.4759 -0.1159
vn -0.9033 0.4166 -0.1028
vn -0.9021 0.4199 -0.0995
vn -0.9258 0.3677 -0.0881
vn -0.9230 0.3746 -0.0875
vn -0.9321 0.3520 -0.0855
vn -0.9246 0.3692 -0.0941
vn -0.8428 0.3116 -0.4388
vn -0.8882 0.4010 -0.2244
vn -0.8695 0.4768 -0.1288
vn -0.6396 0.7438 -0.1942
vn -0.6389 0.7478 -0.1808
vn -0.6396 0.7469 -0.1818
vn -0.7235 0.6701 -0.1660
vn -0.5000 0.8545 -0.1408
vn -0.5333 0.8240 -0.1912
vn -0.5866 0.7867 -0.1921
vn -0.2636 0.9400 -0.2165
vn -0.3317 0.9220 -0.1997
vn -0.3923 0.8948 -0.2132
vn -0.4444 0.8710 -0.2095
vn -0.0315 0.9753 -0.2187
vn -0.2030 0.9518 -0.2299
vn -0.1791 0.9643 -0.1948
vn -0.1317 0.9626 -0.2368
vn -0.0914 0.9738 -0.2085
vn -0.0759 0.9707 -0.2280
vn -0.0321 0.9748 -0.2206
vn -0.0293 0.9732 -0.2283
vn -0.2636 0.9382 -0.2242
vn -0.2029 0.9595 -0.1953
vn -0.1722 0.9324 -0.3177
vn -0.1320 0.9777 -0.1634
vn -0.0834 0.9484 -0.3060
vn -0.0758 0.9837 -0.1631
vn -0.0288 0.9619 -0.2720
vn -0.3146 0.9338 -0.1706
vn -0.3112 0.9093 -0.2762
vn -0.3198 0.8600 -0.3975
vn -0.5882 0.7878 -0.1829
vn -0.5325 0.8157 -0.2261
vn -0.4832 0.7692 -0.4181
vn -0.4459 0.8722 -0.2010
vn -0.3938 0.8961 -0.2045
vn -0.8334 0.5396 -0.1195
vn -0.9466 0.3153 -0.0675
vn -0.9466 0.3155 -0.0669
vn -0.9178 0.3899 -0.0750
vn -0.9205 0.3817 -0.0831
vn -0.8840 0.4585 -0.0913
vn -0.8610 0.4976 -0.1049
vn -0.8288 0.5486 -0.1100
vn -0.1388 0.9735 -0.1819
vn -0.1947 0.9628 -0.1872
vn -0.1883 0.9659 -0.1779
vn -0.2338 0.9552 -0.1814
vn -0.2735 0.9447 -0.1809
vn -0.2692 0.9467 -0.1769
vn -0.3635 0.9137 -0.1817
vn -0.3558 0.9185 -0.1725
vn -0.4694 0.8654 -0.1752
vn -0.4625 0.8708 -0.1668
vn -0.5401 0.8248 -0.1671
vn -0.5332 0.8300 -0.1636
vn -0.5759 0.8010 -0.1633
vn -0.5726 0.8037 -0.1620
vn -0.6220 0.7673 -0.1561
vn -0.6187 0.7704 -0.1537
vn -0.6937 0.7043 -0.1508
vn -0.6875 0.7122 -0.1419
vn -0.7637 0.6310 -0.1367
vn -0.0139 0.9838 -0.1786
vn -0.1419 0.9727 -0.1834
vn -0.1040 0.9775 -0.1836
vn -0.1012 0.9772 -0.1867
vn -0.0503 0.9823 -0.1804
vn -0.0464 0.9813 -0.1866
vn -0.0186 0.9829 -0.1833
vn -0.0111 0.9819 -0.1889
vn -0.9278 0.3684 -0.0586
vn -0.9063 0.4174 -0.0667
vn -0.9070 0.4155 -0.0687
vn -0.8759 0.4760 -0.0786
vn -0.8760 0.4759 -0.0786
vn -0.8496 0.5200 -0.0875
vn -0.8495 0.5204 -0.0873
vn -0.7989 0.5933 -0.0988
vn -0.5855 0.8007 -0.1268
vn -0.6379 0.7606 -0.1212
vn -0.6363 0.7615 -0.1233
vn -0.7235 0.6813 -0.1113
vn -0.7225 0.6821 -0.1129
vn -0.7988 0.5934 -0.0987
vn -0.5325 0.8373 -0.1241
vn -0.5365 0.8339 -0.1292
vn -0.4451 0.8852 -0.1350
vn -0.4436 0.8862 -0.1338
vn -0.3929 0.9094 -0.1365
vn -0.3915 0.9100 -0.1362
vn -0.3309 0.9334 -0.1385
vn -0.3302 0.9338 -0.1377
vn -0.2637 0.9545 -0.1395
vn -0.2632 0.9546 -0.1392
vn -0.2030 0.9691 -0.1404
vn -0.2027 0.9692 -0.1400
vn -0.1317 0.9812 -0.1410
vn -0.0283 0.9904 -0.1352
vn -0.1315 0.9813 -0.1407
vn -0.0750 0.9871 -0.1412
vn -0.0752 0.9872 -0.1409
vn -0.0303 0.9895 -0.1410
vn -0.0285 0.9888 -0.1462
vn -0.9080 0.4173 -0.0385
vn -0.9278 0.3708 -0.0400
vn -0.9359 0.3504 -0.0355
vn -0.8492 0.5238 -0.0666
vn -0.7842 0.6084 0.1218
vn -0.1401 0.9866 -0.0841
vn -0.2022 0.9738 -0.1043
vn -0.2234 0.9711 -0.0838
vn -0.2629 0.9599 -0.0975
vn -0.3031 0.9488 -0.0891
vn -0.3299 0.9380 -0.1068
vn -0.3687 0.9252 -0.0902
vn -0.3901 0.9159 -0.0941
vn -0.4221 0.9018 -0.0925
vn -0.4419 0.8913 -0.1017
vn -0.4962 0.8647 -0.0781
vn -0.5344 0.8384 -0.1067
vn -0.5644 0.8205 -0.0906
vn -0.5876 0.8043 -0.0884
vn -0.6084 0.7890 -0.0857
vn -0.6354 0.7656 -0.1010
vn -0.6785 0.7314 -0.0684
vn -0.7167 0.6915 -0.0905
vn -0.0221 0.9959 -0.0882
vn -0.0279 0.9945 -0.1005
vn -0.0685 0.9940 -0.0850
vn -0.0747 0.9928 -0.0939
vn -0.1312 0.9867 -0.0957
vn -0.9216 0.3865 -0.0373
vn -0.9032 0.4178 -0.0985
vn -0.8917 0.4518 0.0267
vn -0.8760 0.4788 -0.0580
vn -0.8961 0.4388 -0.0666
vn -0.8689 0.4921 -0.0532
vn -0.8173 0.5721 -0.0685
vn -0.8403 0.5232 -0.1422
vn -0.7551 0.6553 -0.0220
vn -0.8078 0.5804 -0.1029
vn -0.7591 0.6481 -0.0612
vn -0.9108 0.4124 -0.0182
vn -0.9096 0.4153 -0.0150
vn -0.9373 0.3484 -0.0097
vn -0.8472 0.5304 -0.0313
vn -0.7992 0.6010 0.0002
vn -0.7984 0.6021 -0.0042
vn -0.7066 0.7034 -0.0768
vn -0.6174 0.7858 -0.0367
vn -0.6336 0.7702 -0.0731
vn -0.7201 0.6937 -0.0174
vn -0.4391 0.8778 0.1917
vn -0.5285 0.8468 -0.0594
vn -0.5809 0.8122 -0.0545
vn -0.3257 0.9445 0.0432
vn -0.3859 0.9206 -0.0594
vn -0.4369 0.8977 -0.0567
vn -0.0268 0.9989 -0.0374
vn -0.0739 0.9963 -0.0445
vn -0.0293 0.9986 -0.0445
vn -0.0272 0.9984 -0.0504
vn -0.1293 0.9906 -0.0451
vn -0.1300 0.9904 -0.0461
vn -0.1992 0.9789 -0.0459
vn -0.2002 0.9786 -0.0472
vn -0.2606 0.9643 -0.0469
vn -0.2613 0.9641 -0.0474
vn -0.3287 0.9432 -0.0478
vn -0.3358 0.9403 -0.0553
vn -0.3828 0.9226 -0.0475
vn -0.4837 0.8742 -0.0419
vn -0.4328 0.8806 -0.1932
vn -0.5945 0.7996 0.0843
vn -0.5294 0.8232 -0.2050
vn -0.7019 0.7111 -0.0413
vn -0.7089 0.7032 -0.0554
vn -0.6315 0.7749 -0.0262
vn -0.8008 0.5936 -0.0795
vn -0.8157 0.5401 -0.2069
vn -0.8476 0.5122 0.1387
vn -0.8741 0.4853 -0.0231
vn -0.8745 0.4844 -0.0237
vn -0.9303 0.3583 0.0788
vn -0.8962 0.3990 0.1939
vn -0.8593 0.3655 -0.3578
vn -0.9417 0.3356 0.0233
vn -0.9330 0.3598 0.0094
vn -0.9361 0.3516 -0.0076
vn -0.9562 0.2926 -0.0039
vn -0.9525 0.3044 0.0092
vn -0.9544 0.2966 0.0348
vn -0.9771 0.2111 0.0273
vn -0.9549 0.2939 0.0413
vn -0.9267 0.3754 0.0189
vn -0.9084 0.4179 0.0142
vn -0.9002 0.4354 0.0013
vn -0.8745 0.4843 0.0252
vn -0.8650 0.5017 0.0102
vn -0.8418 0.5397 0.0058
vn -0.4216 0.9068 -0.0015
vn -0.4177 0.9086 0.0032
vn -0.5124 0.8587 -0.0130
vn -0.5061 0.8625 -0.0052
vn -0.5748 0.8183 -0.0025
vn -0.6000 0.7999 -0.0131
vn -0.6383 0.7697 0.0131
vn -0.6868 0.7267 -0.0157
vn -0.7278 0.6856 0.0148
vn -0.7678 0.6406 -0.0124
vn -0.8031 0.5956 0.0178
vn -0.8133 0.5818 0.0095
vn -0.8381 0.5455 0.0036
vn -0.2476 0.9606 0.1265
vn -0.3158 0.9487 0.0176
vn -0.3657 0.9307 -0.0049
vn -0.1515 0.9861 0.0677
vn -0.1824 0.9786 -0.0951
vn -0.0880 0.9953 0.0398
vn -0.0255 0.9995 0.0171
vn -0.0931 0.9957 -0.0029
vn -0.0713 0.9973 0.0165
vn -0.0561 0.9984 0.0090
vn -0.0282 0.9996 0.0094
vn -0.0260 0.9997 0.0031
vn -0.3276 0.9408 -0.0866
vn -0.2572 0.9664 0.0005
vn -0.1675 0.9855 0.0270
vn -0.1964 0.9797 -0.0393
vn -0.1264 0.9918 0.0212
vn -0.5822 0.8127 -0.0258
vn -0.5165 0.8527 0.0784
vn -0.5112 0.8594 -0.0071
vn -0.4228 0.9059 0.0244
vn -0.4195 0.9077 0.0097
vn -0.2936 0.9559 0.0068
vn -0.2949 0.9555 -0.0015
vn -0.2109 0.9775 -0.0047
vn -0.2459 0.9682 0.0456
vn -0.3051 0.9500 0.0667
vn -0.1600 0.9851 0.0630
vn -0.1594 0.9854 0.0605
vn -0.0261 0.9978 0.0604
vn -0.0272 0.9975 0.0656
vn -0.0239 0.9969 0.0753
vn -0.0843 0.9942 0.0661
vn -0.0833 0.9952 0.0511
vn -0.0789 0.9942 0.0731
vn -0.0695 0.9969 0.0380
vn -0.2398 0.9695 0.0508
vn -0.2495 0.9681 0.0211
vn -0.1245 0.9664 0.2251
vn -0.1966 0.9801 -0.0286
vn -0.1239 0.9884 0.0874
vn -0.3233 0.9447 0.0543
vn -0.4075 0.9116 0.0544
vn -0.4033 0.9138 0.0493
vn -0.5096 0.8588 0.0532
vn -0.4982 0.8662 0.0383
vn -0.6018 0.7965 0.0586
vn -0.5927 0.8041 0.0463
vn -0.6883 0.7238 0.0479
vn -0.6873 0.7248 0.0465
vn -0.7695 0.6369 0.0477
vn -0.7709 0.6350 0.0502
vn -0.8145 0.5782 0.0479
vn -0.8175 0.5738 0.0494
vn -0.8299 0.5558 0.0488
vn -0.8495 0.5247 0.0543
vn -0.8586 0.5107 0.0443
vn -0.8939 0.4442 0.0605
vn -0.8941 0.4438 0.0601
vn -0.9332 0.3561 0.0474
vn -0.9342 0.3539 0.0445
vn -0.9555 0.2842 0.0793
vn -0.9566 0.2801 0.0800
vn -0.9580 0.2727 0.0884
vn -0.9548 0.2797 0.1010
vn -0.9361 0.3366 0.1021
vn -0.9298 0.3509 0.1110
vn -0.9127 0.3995 0.0861
vn -0.8658 0.4916 0.0928
vn -0.8395 0.5251 0.1397
vn -0.8293 0.5486 0.1065
vn -0.7968 0.6012 0.0604
vn -0.7339 0.6742 0.0829
vn -0.7292 0.6773 0.0972
vn -0.6944 0.7121 0.1033
vn -0.6721 0.7313 0.1157
vn -0.6745 0.7294 0.1141
vn -0.6229 0.7774 0.0874
vn -0.5622 0.8174 0.1261
vn -0.5898 0.8007 0.1054
vn -0.4978 0.8615 0.1001
vn -0.0222 0.9924 0.1214
vn -0.0222 0.9923 0.1216
vn -0.0654 0.9917 0.1103
vn -0.0263 0.9902 0.1372
vn -0.0250 0.9896 0.1417
vn -0.0737 0.9901 0.1199
vn -0.0701 0.9888 0.1319
vn -0.1309 0.9861 0.1026
vn -0.1186 0.9866 0.1120
vn -0.1563 0.9789 0.1317
vn -0.1858 0.9768 0.1069
vn -0.2389 0.9628 0.1263
vn -0.2455 0.9618 0.1211
vn -0.3152 0.9434 0.1037
vn -0.3141 0.9436 0.1045
vn -0.4081 0.9050 0.1201
vn -0.7556 0.6491 0.0877
vn -0.7788 0.6190 0.1014
vn -0.7711 0.6245 0.1242
vn -0.7621 0.6419 0.0850
vn -0.9039 0.4163 0.0987
vn -0.8879 0.4315 0.1594
vn -0.8678 0.4951 0.0429
vn -0.8538 0.5143 0.0809
vn -0.8085 0.5788 0.1066
vn -0.9524 0.2461 0.1798
vn -0.9555 0.2278 0.1874
vn -0.9206 0.3261 0.2148
vn -0.9011 0.3581 0.2444
vn -0.9513 0.2870 0.1127
vn -0.9480 0.2797 0.1520
vn -0.9304 0.3327 0.1540
vn -0.9231 0.3482 0.1634
vn -0.9151 0.3741 0.1505
vn -0.8892 0.4295 0.1577
vn -0.8884 0.4322 0.1549
vn -0.8303 0.5334 0.1617
vn -0.8233 0.5370 0.1839
vn -0.8441 0.5178 0.1394
vn -0.8066 0.5702 0.1555
vn -0.7670 0.6203 0.1639
vn -0.4974 0.8501 0.1728
vn -0.5839 0.8008 0.1337
vn -0.5888 0.7935 0.1540
vn -0.6766 0.7187 0.1602
vn -0.6716 0.7266 0.1449
vn -0.3042 0.9367 0.1735
vn -0.3231 0.9306 0.1723
vn -0.3300 0.9276 0.1751
vn -0.3932 0.9045 0.1649
vn -0.4067 0.8962 0.1773
vn -0.0187 0.9837 0.1791
vn -0.0588 0.9813 0.1836
vn -0.0102 0.9826 0.1853
vn -0.0183 0.9791 0.2025
vn -0.0168 0.9824 0.1858
vn -0.2338 0.9541 0.1871
vn -0.2440 0.9533 0.1780
vn -0.1772 0.9686 0.1745
vn -0.1668 0.9684 0.1855
vn -0.1107 0.9778 0.1778
vn -0.1059 0.9774 0.1829
vn -0.0600 0.9803 0.1881
vn -0.0700 0.9838 0.1649
vn -0.0379 0.9774 0.2081
vn -0.4433 0.8801 0.1699
vn -0.4992 0.8499 0.1690
vn -0.5108 0.8391 0.1872
vn -0.5867 0.7941 0.1587
vn -0.6005 0.7772 0.1881
vn -0.6671 0.7287 0.1549
vn -0.6615 0.6966 0.2777
vn -0.7164 0.6787 0.1617
vn -0.7601 0.6315 0.1534
vn -0.8747 0.4268 0.2297
vn -0.8614 0.4636 0.2077
vn -0.8324 0.5044 0.2298
vn -0.8065 0.5501 0.2167
vn -0.8014 0.5594 0.2117
vn -0.7509 0.6129 0.2461
vn -0.7309 0.6519 0.2020
vn -0.6312 0.7283 0.2667
vn -0.4458 0.8602 0.2477
vn -0.5434 0.8080 0.2278
vn -0.0993 0.9645 0.2449
vn -0.0993 0.9645 0.2448
vn -0.1567 0.9563 0.2470
vn -0.1697 0.9559 0.2395
vn -0.2155 0.9400 0.2646
vn -0.3614 0.9052 0.2235
vn -0.2868 0.9124 0.2921
vn -0.2767 0.9524 0.1282
vn -0.2293 0.9400 0.2526
vn -0.2093 0.9426 0.2603
vn -0.0090 0.9624 0.2715
vn -0.0119 0.9639 0.2661
vn -0.0242 0.9631 0.2679
vn -0.0405 0.9649 0.2594
vn -0.0479 0.9648 0.2587
vn -0.0521 0.9814 0.1846
vn -0.0987 0.9443 0.3139
vn -0.4461 0.8601 0.2475
vn -0.4532 0.8608 0.2318
vn -0.2861 0.9122 0.2933
vn -0.3487 0.9135 0.2097
vn -0.2758 0.9287 0.2478
vn -0.5321 0.8131 0.2362
vn -0.5833 0.7772 0.2361
vn -0.6233 0.7439 0.2411
vn -0.6665 0.7164 0.2064
vn -0.7052 0.6568 0.2672
vn -0.7878 0.5904 0.1753
vn -0.9325 0.2689 0.2411
vn -0.9139 0.3464 0.2118
vn -0.9137 0.3460 0.2132
vn -0.8798 0.4183 0.2260
vn -0.9137 0.3762 0.1537
vn -0.8071 0.5193 0.2811
vn -0.7719 0.5413 0.3334
vn -0.6894 0.6414 0.3367
vn -0.6993 0.6354 0.3276
vn -0.6279 0.7016 0.3370
vn -0.6276 0.7018 0.3369
vn -0.5516 0.7602 0.3433
vn -0.5513 0.7606 0.3429
vn -0.4570 0.8318 0.3150
vn -0.3579 0.8559 0.3734
vn -0.4907 0.7999 0.3455
vn -0.4403 0.8102 0.3868
vn -0.3925 0.8588 0.3293
vn -0.3610 0.8658 0.3464
vn -0.2778 0.8983 0.3404
vn -0.2818 0.8954 0.3448
vn -0.1997 0.9200 0.3371
vn -0.2633 0.9199 0.2904
vn -0.1929 0.9134 0.3583
vn -0.1440 0.9305 0.3369
vn -0.1497 0.9300 0.3358
vn -0.1039 0.9367 0.3344
vn -0.0103 0.9418 0.3359
vn 0.0053 0.9345 0.3559
vn -0.0255 0.9426 0.3330
vn -0.0241 0.9421 0.3345
vn -0.0512 0.9426 0.3299
vn -0.0487 0.9417 0.3328
vn -0.0572 0.9412 0.3330
vn -0.1187 0.9404 0.3188
vn -0.1023 0.9236 0.3695
vn -0.7772 0.5450 0.3144
vn -0.8199 0.4843 0.3053
vn -0.8242 0.4761 0.3068
vn -0.8575 0.4218 0.2947
vn -0.8601 0.4083 0.3058
vn -0.8857 0.3584 0.2952
vn -0.8917 0.3360 0.3032
vn -0.9141 0.2884 0.2852
vn -0.9029 0.2582 0.3438
vn -0.8985 0.2971 0.3230
vn -0.7447 0.5259 0.4111
vn -0.7473 0.4257 0.5102
vn -0.6515 0.5987 0.4660
vn -0.6533 0.5940 0.4695
vn -0.6535 0.6182 0.4367
vn -0.7062 0.5201 0.4803
vn -0.5733 0.6786 0.4592
vn -0.5775 0.6766 0.4568
vn -0.4986 0.7272 0.4718
vn -0.5169 0.7202 0.4628
vn -0.4969 0.7228 0.4803
vn -0.3982 0.7874 0.4705
vn -0.4082 0.7850 0.4660
vn -0.3398 0.8251 0.4513
vn -0.2371 0.8601 0.4517
vn -0.2698 0.8543 0.4442
vn -0.3144 0.8372 0.4474
vn -0.1622 0.9005 0.4035
vn -0.1197 0.8886 0.4428
vn -0.0691 0.9027 0.4246
vn -0.0663 0.9028 0.4250
vn -0.0516 0.9085 0.4147
vn -0.0364 0.9077 0.4181
vn -0.0269 0.9085 0.4169
vn -0.0241 0.9100 0.4139
vn -0.0174 0.9115 0.4110
vn -0.0128 0.9146 0.4042
vn 0.0197 0.9114 0.4111
vn -0.0579 0.9087 0.4133
vn 0.0224 0.9081 0.4182
vn -0.0421 0.9099 0.4126
vn -0.0514 0.9092 0.4131
vn 0.0291 0.9148 0.4029
vn 0.0468 0.9053 0.4222
vn -0.0768 0.9028 0.4230
vn 0.2747 0.8712 0.4068
vn -0.0000 0.9045 0.4264
vn -0.0158 0.9046 0.4261
vn -0.0139 0.9049 0.4254
vn -0.0247 0.9029 0.4292
vn -0.0093 0.9034 0.4288
vn 0.0019 0.9025 0.4307
vn 0.0009 0.9021 0.4315
vn -0.0066 0.9016 0.4325
vn 0.0133 0.9001 0.4355
vn -0.0000 0.9000 0.4360
vn -0.0214 0.9042 0.4266
vn -0.0100 0.9018 0.4321
vn 0.0088 0.9059 0.4233
vn -0.0043 0.9061 0.4230
vn -0.0020 0.9064 0.4225
vn -0.1307 0.8967 0.4228
vn -0.1767 0.8814 0.4381
vn -0.1874 0.8744 0.4475
vn -0.2517 0.8622 0.4397
vn -0.2560 0.8195 0.5127
vn -0.3201 0.8329 0.4514
vn -0.3582 0.8098 0.4646
vn -0.8921 0.2225 0.3933
vn -0.8615 0.2679 0.4312
vn -0.8556 0.2983 0.4231
vn -0.8413 0.3362 0.4232
vn -0.8361 0.3540 0.4191
vn -0.8054 0.3937 0.4431
vn -0.7793 0.4705 0.4140
vn -0.6624 0.5185 0.5408
vn -0.7821 0.4650 0.4149
vn -0.7981 0.2913 0.5274
vn -0.7641 0.2686 0.5865
vn -0.7204 0.3506 0.5984
vn -0.6672 0.5247 0.5287
vn -0.6671 0.4160 0.6180
vn -0.6958 0.4401 0.5676
vn -0.7358 0.3345 0.5888
vn -0.5579 0.5865 0.5872
vn -0.6070 0.5277 0.5942
vn -0.5535 0.5856 0.5922
vn -0.5555 0.5757 0.6000
vn -0.4850 0.6636 0.5696
vn -0.4702 0.6308 0.6173
vn -0.3464 0.7520 0.5609
vn -0.3258 0.7453 0.5816
vn -0.3325 0.7443 0.5792
vn -0.1909 0.8191 0.5409
vn -0.1877 0.8171 0.5450
vn -0.2128 0.8160 0.5374
vn -0.1862 0.8000 0.5703
vn -0.2738 0.7998 0.5342
vn 0.0003 0.8669 0.4986
vn -0.0096 0.8665 0.4990
vn -0.0205 0.8542 0.5195
vn -0.0511 0.9008 0.4312
vn -0.0564 0.8582 0.5101
vn -0.0018 0.8509 0.5253
vn -0.0145 0.8644 0.5027
vn -0.0320 0.8546 0.5183
vn -0.0332 0.8543 0.5187
vn -0.0545 0.8189 0.5713
vn -0.0863 0.8465 0.5253
vn -0.1038 0.8452 0.5244
vn -0.1068 0.8465 0.5216
vn -0.1498 0.8349 0.5296
vn -0.4519 0.6314 0.6301
vn -0.4543 0.7571 0.4695
vn -0.4328 0.6711 0.6019
vn -0.3835 0.7207 0.5775
vn -0.4286 0.7367 0.5230
vn -0.6727 0.2670 0.6901
vn -0.6995 0.3123 0.6428
vn -0.8245 0.2898 0.4860
vn -0.6835 0.3698 0.6294
vn -0.6591 0.4534 0.6000
vn -0.6501 0.4597 0.6050
vn -0.6081 0.5249 0.5956
vn -0.4548 0.5273 0.7177
vn -0.4542 0.5257 0.7192
vn -0.4037 0.6092 0.6825
vn -0.3529 0.6000 0.7180
vn -0.3187 0.6295 0.7086
vn -0.2194 0.7074 0.6719
vn -0.2981 0.6697 0.6802
vn -0.3250 0.6042 0.7276
vn -0.2915 0.6279 0.7216
vn -0.2209 0.6702 0.7085
vn -0.2041 0.7030 0.6813
vn -0.1828 0.7116 0.6784
vn -0.1651 0.7311 0.6620
vn -0.1279 0.7517 0.6470
vn -0.1370 0.8901 0.4347
vn -0.0206 0.7445 0.6673
vn -0.0163 0.7505 0.6606
vn -0.0218 0.7742 0.6326
vn -0.1833 0.7117 0.6781
vn -0.1304 0.7025 0.6997
vn -0.0840 0.7497 0.6564
vn -0.0856 0.7492 0.6568
vn -0.0827 0.7532 0.6526
vn -0.0535 0.7757 0.6289
vn -0.0519 0.8696 0.4910
vn -0.0187 0.7773 0.6288
vn -0.0082 0.7838 0.6210
vn -0.4799 0.4375 0.7605
vn -0.4191 0.4772 0.7724
vn -0.4146 0.5328 0.7377
vn -0.3768 0.5614 0.7368
vn -0.3467 0.6121 0.7107
vn -0.4891 0.4765 0.7306
vn -0.5127 0.4222 0.7475
vn -0.5131 0.4280 0.7440
vn -0.5315 0.3762 0.7589
vn -0.5315 0.3846 0.7547
vn -0.5529 0.3265 0.7666
vn -0.6164 0.3673 0.6965
vn -0.5936 0.2812 0.7541
vn -0.5704 0.2875 0.7694
vn -0.5456 0.2197 0.8087
vn -0.4765 0.2986 0.8269
vn -0.4241 0.1764 0.8883
vn 0.0001 0.9012 0.4334
vn -0.0266 0.8996 0.4358
vn 0.0180 0.9036 0.4279
vn -0.0426 0.9011 0.4316
vn -0.0254 0.9024 0.4302
vn 0.0040 0.9024 0.4309
vn -0.0109 0.9022 0.4312
vn -0.0219 0.9076 0.4192
vn 0.0027 0.9079 0.4191
vn -0.0058 0.9057 0.4238
vn -0.0395 0.9039 0.4260
vn -0.0367 0.9039 0.4261
vn -0.0077 0.9036 0.4283
vn 0.0054 0.9034 0.4287
vn -0.0635 0.9022 0.4267
vn 0.0216 0.9052 0.4244
vn -0.0213 0.9069 0.4208
vn -0.0380 0.9053 0.4230
vn -0.0318 0.9058 0.4225
vn -0.0348 0.9052 0.4236
vn -0.0029 0.9089 0.4169
vn 0.0175 0.9113 0.4115
vn -0.0050 0.9161 0.4010
vn -0.0120 0.9153 0.4025
vn -0.4763 0.1800 0.8607
vn -0.4566 0.1839 0.8705
vn -0.4242 0.1944 0.8844
vn -0.4173 0.1851 0.8897
vn -0.3584 0.1978 0.9124
vn -0.2970 0.2066 0.9323
vn -0.2944 0.2866 0.9117
vn -0.1630 0.3428 0.9252
vn -0.1703 0.2188 0.9608
vn -0.1686 0.2151 0.9619
vn -0.1632 0.0797 0.9834
vn -0.1571 0.0737 0.9848
vn -0.1366 -0.0029 0.9906
vn -0.0550 -0.0611 0.9966
vn -0.1128 0.5425 0.8325
vn -0.1466 0.4916 0.8584
vn -0.1537 0.4535 0.8779
vn -0.1509 0.4575 0.8763
vn -0.1671 0.3531 0.9205
vn -0.2682 0.3445 0.8997
vn -0.2741 0.3370 0.9007
vn 0.0076 0.9833 0.1820
vn -0.2753 0.8534 0.4426
vn -0.1845 0.8155 0.5486
vn -0.0893 0.8720 0.4812
vn -0.5994 0.5614 0.5705
vn -0.7523 0.3991 0.5243
vn -0.7531 0.3781 0.5384
vn -0.7207 0.4694 0.5102
vn -0.6580 0.5268 0.5382
vn -0.7265 0.4317 0.5346
vn -0.6630 0.4760 0.5778
vn -0.6558 0.5278 0.5398
vn -0.6357 0.5474 0.5442
vn -0.5879 0.6066 0.5351
vn -0.3660 0.7599 0.5373
vn -0.4624 0.7369 0.4932
vn -0.4494 0.6965 0.5594
vn -0.5224 0.6666 0.5317
vn -0.5737 0.6090 0.5478
vn -0.3723 0.7662 0.5238
vn -0.2875 0.7969 0.5313
vn -0.2952 0.8480 0.4402
vn -0.2262 0.8316 0.5073
vn -0.1286 0.8561 0.5005
vn -0.1242 0.8559 0.5020
vn -0.1655 0.8530 0.4950
vn 0.0039 0.8873 0.4612
vn -0.0030 0.8928 0.4505
vn -0.0130 0.8857 0.4641
vn -0.0331 0.8949 0.4449
vn -0.0515 0.8757 0.4801
vn -0.0643 0.8707 0.4875
vn -0.0322 0.8723 0.4879
vn -0.0166 0.8734 0.4867
vn -0.0077 0.8782 0.4783
vn -0.0033 0.8777 0.4793
vn -0.0207 0.8738 0.4858
vn -0.1755 0.8536 0.4904
vn -0.2234 0.8293 0.5122
vn -0.2447 0.8113 0.5309
vn -0.3291 0.7974 0.5058
vn -0.2736 0.6370 0.7207
vn -0.3797 0.7580 0.5303
vn -0.4220 0.7261 0.5428
vn -0.4879 0.6910 0.5334
vn -0.4742 0.6612 0.5813
vn -0.5713 0.6009 0.5591
vn 0.1988 0.4027 -0.8935
vn 0.2516 0.4259 -0.8691
vn 0.2519 0.4255 -0.8692
vn 0.2541 0.4223 -0.8701
vn 0.2199 0.3944 -0.8922
vn 0.2199 0.3965 -0.8913
vn 0.2301 0.3973 -0.8884
vn 0.2614 0.4101 -0.8738
vn 0.2828 0.3262 -0.9020
vn 0.2822 0.3481 -0.8940
vn 0.2473 0.3897 -0.8871
vn 0.2487 0.3682 -0.8958
vn 0.4317 0.3478 -0.8323
vn 0.3961 0.3754 -0.8380
vn 0.4274 0.3479 -0.8344
vn 0.3700 0.3790 -0.8482
vn 0.3765 0.3741 -0.8476
vn 0.3261 0.3832 -0.8642
vn 0.2774 0.4037 -0.8718
vn 0.4840 0.3301 -0.8104
vn 0.5347 0.2793 -0.7975
vn 0.5179 0.3221 -0.7925
vn 0.5787 0.2502 -0.7762
vn 0.5586 0.2906 -0.7769
vn 0.6051 0.2149 -0.7666
vn 0.5991 0.2644 -0.7558
vn 0.6322 0.1950 -0.7498
vn 0.6242 0.2201 -0.7496
vn 0.6518 0.1832 -0.7359
vn 0.6484 0.1935 -0.7363
vn 0.6669 0.1688 -0.7258
vn 0.6833 0.1518 -0.7142
vn 0.6714 0.1580 -0.7240
vn 0.6715 0.1545 -0.7247
vn 0.6732 0.1751 -0.7184
vn 0.6825 0.1542 -0.7145
vn 0.6828 0.1535 -0.7143
vn 0.6903 0.1322 -0.7113
vn 0.6973 0.1573 -0.6993
vn 0.6844 0.1425 -0.7150
vn 0.6841 0.1495 -0.7139
vn 0.7139 0.0714 -0.6966
vn 0.7098 0.1042 -0.6967
vn 0.7098 0.1080 -0.6960
vn 0.7073 0.1311 -0.6947
vn 0.7044 0.1267 -0.6984
vn 0.7007 0.1311 -0.7013
vn 0.7015 0.1408 -0.6987
vn 0.7215 -0.0287 -0.6918
vn 0.7168 -0.0026 -0.6973
vn 0.7094 0.0570 -0.7025
vn 0.7249 -0.1835 -0.6640
vn 0.7174 -0.1446 -0.6814
vn 0.7132 -0.0625 -0.6981
vn 0.7089 -0.3502 -0.6123
vn 0.7159 -0.2432 -0.6544
vn 0.7214 -0.1982 -0.6636
vn 0.7065 -0.5164 -0.4840
vn 0.7063 -0.4398 -0.5548
vn 0.7079 -0.4306 -0.5599
vn 0.7123 -0.3879 -0.5849
vn 0.7259 -0.3124 -0.6128
vn 0.6732 -0.6616 -0.3302
vn 0.6927 -0.6044 -0.3935
vn 0.6674 -0.6466 -0.3694
vn 0.7015 -0.5415 -0.4634
vn 0.7203 -0.4875 -0.4934
vn 0.6624 -0.6931 -0.2844
vn 0.6569 -0.7198 -0.2244
vn 0.6395 -0.7454 -0.1882
vn 0.6259 -0.7737 -0.0981
vn 0.6214 -0.7812 -0.0597
vn 0.5950 -0.8037 -0.0059
vn 0.5848 -0.8089 0.0609
vn 0.5478 -0.8269 0.1267
vn 0.5362 -0.8212 0.1953
vn 0.5438 -0.8341 0.0927
vn 0.4473 -0.8744 0.1882
vn 0.5090 -0.8579 0.0701
vn 0.3772 -0.9107 0.1682
vn 0.3515 -0.9165 0.1910
vn 0.4376 -0.8984 0.0371
vn 0.2723 -0.9514 0.1440
vn 0.3626 -0.9301 0.0587
vn 0.2021 -0.9747 0.0957
vn 0.2643 -0.9631 0.0501
vn 0.1414 -0.9877 0.0662
vn 0.1631 -0.9851 0.0548
vn 0.0937 -0.9951 0.0299
vn 0.0897 -0.9955 0.0308
vn 0.0515 -0.9986 0.0106
vn 0.0412 -0.9990 0.0162
vn 0.0218 -0.9998 -0.0014
vn 0.0094 -1.0000 0.0009
vn 0.0056 -1.0000 -0.0037
vn 0.0077 0.9998 0.0198
vn -0.0025 0.9965 0.0834
vn 0.0059 0.9943 0.1063
vn -0.0000 0.9923 0.1242
vn -0.0000 0.9864 0.1646
vn -0.0055 0.9838 0.1789
vn -0.0011 0.9803 0.1974
vn 0.0051 0.9611 0.2761
vn -0.0048 0.9633 0.2684
vn 0.0018 0.9327 0.3606
vn -0.0054 0.9392 0.3434
vn 0.0050 0.9951 -0.0991
vn -0.0008 0.9969 -0.0792
vn 0.0052 0.9985 -0.0553
vn -0.0007 0.9987 -0.0508
vn 0.0009 0.9999 0.0152
vn -0.0068 0.9954 -0.0952
vn -0.0000 0.9946 -0.1042
vn -0.0000 0.9946 -0.1036
vn -0.0006 0.9950 -0.1003
vn 0.0134 0.9958 -0.0906
vn -0.0037 0.9966 -0.0823
vn 0.0035 0.9984 -0.0564
vn -0.0000 0.9985 -0.0542
vn -0.0000 0.9995 -0.0324
vn 0.0021 0.9994 -0.0346
vn -0.0051 1.0000 -0.0056
vn -0.0004 1.0000 -0.0076
vn 0.0004 0.9994 0.0350
vn 0.0022 0.9994 0.0343
vn -0.0003 0.9983 0.0585
vn -0.0081 0.9967 0.0807
vn 0.0159 0.9971 0.0745
vn -0.0144 0.9932 0.1155
vn 0.0210 0.9938 0.1093
vn 0.0005 0.9919 0.1269
vn -0.0009 0.9893 0.1458
vn 0.0001 0.9795 0.2017
vn -0.0018 0.9792 0.2028
vn 0.0020 0.9823 0.1875
vn 0.0019 0.9823 0.1875
vn -0.0016 0.9854 0.1702
vn 0.0017 0.9858 0.1678
vn -0.0018 0.9883 0.1523
vn 0.0139 0.9898 0.1415
vn 0.0018 0.9757 0.2189
vn -0.0031 0.9753 0.2206
vn -0.0000 0.9770 0.2133
vn 0.0031 0.9753 0.2206
vn -0.0018 0.9757 0.2189
vn 0.0014 0.9724 0.2333
vn -0.0023 0.9729 0.2312
vn 0.0015 0.9708 0.2400
vn 0.0002 0.9712 0.2384
vn -0.0003 0.9685 0.2491
vn 0.0002 0.9663 0.2573
vn -0.0005 0.9666 0.2562
vn 0.0007 0.9647 0.2633
vn -0.0007 0.9650 0.2623
vn 0.0007 0.9632 0.2688
vn -0.0006 0.9635 0.2677
vn 0.0007 0.9621 0.2725
vn -0.0005 0.9624 0.2715
vn 0.0006 0.9617 0.2742
vn -0.0002 0.9618 0.2738
vn 0.0003 0.9616 0.2745
vn 0.0002 0.9616 0.2745
vn -0.0003 0.9617 0.2741
vn 0.0007 0.9619 0.2735
vn -0.0009 0.9621 0.2727
vn 0.0013 0.9626 0.2708
vn -0.0015 0.9630 0.2695
vn 0.0022 0.9639 0.2664
vn -0.0024 0.9644 0.2646
vn 0.0027 0.9654 0.2608
vn -0.0022 0.9655 0.2605
vn 0.0026 0.9675 0.2528
vn -0.0033 0.9675 0.2529
vn 0.0046 0.9697 0.2442
vn -0.0045 0.9699 0.2436
vn 0.0042 0.9725 0.2330
vn -0.0059 0.9718 0.2358
vn -0.0014 0.9724 0.2333
vn -0.0001 0.9790 0.2038
vn 0.0013 0.9796 0.2008
vn -0.0019 0.9823 0.1875
vn -0.0018 0.9823 0.1874
vn 0.0023 0.9860 0.1665
vn -0.0025 0.9852 0.1717
vn 0.0018 0.9883 0.1523
vn -0.0054 0.9891 0.1474
vn 0.0004 0.9904 0.1382
vn -0.0005 0.9919 0.1269
vn -0.0090 0.9928 0.1196
vn 0.0066 0.9944 0.1050
vn -0.0098 0.9965 0.0827
vn 0.0052 0.9974 0.0723
vn 0.0003 0.9983 0.0584
vn -0.0021 0.9994 0.0351
vn -0.0004 0.9994 0.0342
vn 0.0004 1.0000 -0.0054
vn 0.0046 1.0000 -0.0078
vn -0.0015 0.9995 -0.0323
vn -0.0000 0.9994 -0.0347
vn -0.0000 0.9984 -0.0565
vn -0.0042 0.9985 -0.0542
vn 0.0060 0.9959 -0.0906
vn -0.0256 0.9963 -0.0822
vn 0.0055 0.9946 -0.1036
vn -0.0000 0.9950 -0.1003
vn 0.0039 0.9951 -0.0989
vn -0.0040 0.9954 -0.0955
vn 0.0008 0.9969 -0.0792
vn -0.0062 0.9987 -0.0512
vn 0.0008 0.9985 -0.0550
vn -0.0009 0.9999 0.0153
vn -0.0076 0.9998 0.0198
vn 0.0026 0.9965 0.0834
vn -0.0118 0.9924 0.1227
vn -0.0000 0.9942 0.1071
vn 0.0086 0.9861 0.1659
vn 0.0011 0.9804 0.1972
vn -0.0051 0.9611 0.2760
vn 0.0048 0.9633 0.2684
vn -0.0018 0.9327 0.3606
vn 0.0054 0.9392 0.3434
vn -0.0161 0.8982 0.4393
vn 0.0298 0.9103 0.4129
vn -0.0274 0.8431 0.5371
vn 0.0536 0.8656 0.4978
vn -0.0000 0.8367 0.5477
vn -0.0000 0.8040 0.5946
vn 0.0004 0.8057 0.5923
vn 0.0076 0.9157 0.4018
vn -0.0140 0.8939 0.4481
vn 0.0002 0.8776 0.4793
vn -0.0004 0.8369 0.5474
vn -0.0000 0.8040 0.5947
vn -0.0004 0.8056 0.5925
vn 0.0009 0.7875 0.6163
vn 0.0067 0.7784 0.6277
vn -0.0073 0.7449 0.6671
vn -0.0013 0.7376 0.6753
vn 0.0020 0.7050 0.7092
vn -0.0040 0.7076 0.7066
vn 0.0019 0.6828 0.7306
vn 0.0004 0.6847 0.7288
vn -0.0004 0.6657 0.7462
vn -0.0026 0.6681 0.7441
vn 0.0034 0.6550 0.7556
vn -0.0035 0.6566 0.7542
vn 0.0023 0.6467 0.7627
vn -0.0013 0.6500 0.7599
vn 0.0014 0.6408 0.7677
vn -0.0019 0.6430 0.7659
vn 0.0021 0.6395 0.7688
vn -0.0018 0.6383 0.7698
vn 0.0012 0.6357 0.7719
vn -0.0009 0.6357 0.7720
vn 0.0007 0.6336 0.7736
vn -0.0003 0.6333 0.7739
vn 0.0002 0.6328 0.7743
vn 0.0004 0.6328 0.7743
vn -0.0002 0.6335 0.7738
vn 0.0012 0.6330 0.7741
vn -0.0009 0.6357 0.7719
vn 0.0024 0.6357 0.7720
vn -0.0019 0.6394 0.7688
vn 0.0035 0.6378 0.7702
vn -0.0023 0.6402 0.7682
vn 0.0036 0.6442 0.7649
vn -0.0036 0.6455 0.7638
vn 0.0052 0.6537 0.7568
vn -0.0069 0.6542 0.7563
vn 0.0101 0.6581 0.7529
vn -0.0061 0.6585 0.7526
vn 0.0089 0.6750 0.7378
vn -0.0085 0.6740 0.7387
vn 0.0123 0.7013 0.7128
vn -0.0207 0.6968 0.7170
vn 0.0325 0.7193 0.6940
vn -0.0171 0.7140 0.6999
vn 0.0240 0.7650 0.6436
vn -0.0201 0.7567 0.6535
vn -0.0009 0.7874 0.6164
vn 0.0317 -0.8532 0.5207
vn 0.1160 -0.8438 0.5239
vn -0.0463 -0.6094 0.7915
vn 0.9851 0.0914 0.1456
vn 0.7165 -0.1421 0.6829
vn 0.9412 0.0498 0.3342
vn 0.3439 -0.7605 0.5508
vn 0.9992 0.0367 -0.0133
vn 0.9013 0.4156 -0.1226
vn 0.9776 0.2034 -0.0542
vn 0.9796 0.1980 -0.0344
vn 0.9779 0.2090 0.0029
vn 0.3538 -0.2162 0.9100
vn 0.2529 -0.2056 0.9454
vn 0.1530 -0.2632 0.9525
vn 0.0517 -0.2986 0.9530
vn 0.9970 -0.0643 0.0437
vn 0.9933 -0.1032 0.0529
vn 0.9886 0.1441 -0.0426
vn 0.7262 0.6173 -0.3026
vn 0.4031 0.8236 -0.3991
vn 0.4802 0.7664 -0.4266
vn 0.4330 0.8470 -0.3085
vn 0.6150 0.7300 -0.2980
vn 0.6220 0.7291 -0.2855
vn 0.5374 0.7566 -0.3726
vn 0.8952 0.4110 -0.1725
vn 0.8490 0.4985 -0.1750
vn 0.8395 0.5196 -0.1591
vn 0.7840 0.5649 -0.2575
vn 0.7007 0.6840 -0.2030
vn 0.9667 0.2438 -0.0778
vn 0.9497 0.3013 -0.0855
vn 0.9630 0.2543 -0.0896
vn 0.9811 0.1861 -0.0532
vn 0.9824 0.1792 -0.0517
vn 0.9851 0.1675 -0.0387
vn 0.9827 0.1787 -0.0484
vn 0.9794 0.1934 -0.0578
vn 0.9770 0.2039 -0.0630
vn 0.9735 0.2177 -0.0695
vn 0.9728 0.2211 -0.0692
vn 0.9757 0.2070 -0.0714
vn 0.9768 0.2001 -0.0762
vn 0.9763 0.1963 -0.0915
vn 0.9732 0.1942 -0.1228
vn 0.9958 0.0880 -0.0249
vn 0.9905 0.1283 -0.0487
vn 0.9880 0.1328 -0.0783
vn 0.9887 0.1447 -0.0396
vn 0.9946 0.0872 -0.0562
vn 0.9956 0.0832 -0.0439
vn 0.9960 0.0808 -0.0377
vn 0.9965 0.0771 -0.0310
vn 0.9969 0.0744 -0.0274
vn 0.9970 0.0733 -0.0259
vn 0.9965 0.0794 -0.0257
vn 0.9961 0.0846 -0.0253
vn 0.9952 0.0953 -0.0235
vn 0.9939 0.1085 -0.0192
vn 0.9940 0.1075 -0.0197
vn 0.9920 0.1226 -0.0308
vn 0.9907 0.1313 -0.0362
vn 0.9999 0.0050 -0.0162
vn 0.9992 0.0369 -0.0121
vn 0.9992 0.0376 -0.0107
vn 0.9958 0.0827 -0.0386
vn 0.9962 0.0826 -0.0270
vn 0.9921 0.1190 -0.0408
vn 0.9989 -0.0440 0.0163
vn 0.9996 -0.0264 0.0105
vn 0.9989 -0.0454 0.0114
vn 0.9999 -0.0144 -0.0034
vn 0.9999 0.0085 -0.0121
vn 0.9896 -0.1094 0.0932
vn 0.9732 -0.1903 0.1294
vn 0.9825 -0.1226 0.1403
vn 0.9690 -0.1878 0.1607
vn 0.8601 -0.3793 0.3410
vn 0.9051 -0.3302 0.2678
vn 0.9320 -0.2615 0.2508
vn 0.9358 -0.2598 0.2384
vn 0.9534 -0.2321 0.1929
vn 0.2453 -0.7923 0.5587
vn 0.1426 -0.7970 0.5869
vn 0.1398 -0.7998 0.5837
vn 0.0718 -0.8128 0.5780
vn 0.0629 -0.8226 0.5652
vn 0.0220 -0.8057 0.5920
vn 0.0138 -0.8154 0.5787
vn 0.8626 0.0913 0.4975
vn 0.8262 0.0992 0.5545
vn 0.7911 0.0629 0.6084
vn 0.9828 0.1700 0.0726
vn 0.9819 0.1631 0.0960
vn 0.9803 0.1492 0.1291
vn 0.9785 0.1971 -0.0605
vn 0.9358 0.3422 -0.0846
vn 0.9325 0.3370 -0.1301
vn 0.9363 0.3352 -0.1052
vn 0.9434 0.3198 -0.0884
vn 0.8577 0.4872 -0.1642
vn 0.7237 0.6536 -0.2216
vn 0.8004 0.5655 -0.1988
vn 0.6614 0.7050 -0.2561
vn 0.8147 0.5423 -0.2055
vn 0.7671 0.6064 -0.2093
vn 0.8401 0.5143 -0.1725
vn 0.8538 0.4934 -0.1659
vn 0.4817 0.8274 -0.2888
vn 0.6015 0.7324 -0.3191
vn 0.5850 0.7600 -0.2832
vn 0.0374 0.9000 -0.4342
vn 0.0385 0.9133 -0.4055
vn 0.0244 0.9083 -0.4176
vn 0.1179 0.9007 -0.4182
vn 0.1062 0.8975 -0.4281
vn 0.0365 0.9004 -0.4334
vn 0.4237 0.8332 -0.3554
vn 0.3782 0.8427 -0.3832
vn 0.3092 0.8666 -0.3918
vn 0.2916 0.8662 -0.4057
vn 0.2102 0.8872 -0.4108
vn 0.1963 0.8863 -0.4195
vn 0.1533 0.8937 -0.4217
vn 0.0775 0.9150 -0.3960
vn 0.1411 0.8980 -0.4168
vn 0.1199 0.9077 -0.4022
vn 0.2132 0.8972 -0.3867
vn 0.3298 0.8676 -0.3721
vn 0.3125 0.8758 -0.3678
vn 0.4139 0.8391 -0.3529
vn 0.4241 0.8342 -0.3525
vn 0.4754 0.8154 -0.3304
vn 0.5425 0.7774 -0.3185
vn 0.5837 0.7571 -0.2932
vn 0.6957 0.6676 -0.2651
vn 0.6982 0.6737 -0.2421
vn 0.6731 0.6785 -0.2942
vn 0.9301 0.3484 -0.1164
vn 0.9124 0.3899 -0.1244
vn 0.9240 0.3601 -0.1290
vn 0.8387 0.5137 -0.1810
vn 0.8565 0.4813 -0.1864
vn 0.7332 0.6364 -0.2395
vn 0.7638 0.5963 -0.2471
vn 0.6155 0.7312 -0.2940
vn 0.6556 0.6917 -0.3031
vn 0.4952 0.7991 -0.3408
vn 0.5376 0.7669 -0.3505
vn 0.4331 0.8219 -0.3700
vn 0.4764 0.7972 -0.3710
vn 0.9476 0.3088 -0.0820
vn 0.9509 0.2996 -0.0778
vn 0.9655 0.2529 -0.0622
vn 0.9624 0.2621 -0.0719
vn 0.9812 0.1914 -0.0261
vn 0.9757 0.2129 -0.0517
vn 0.9923 0.1209 -0.0251
vn 0.9910 0.1299 -0.0325
vn 0.9978 0.0658 -0.0123
vn 0.9975 0.0696 -0.0156
vn 0.9992 0.0390 -0.0050
vn 0.9994 0.0358 -0.0030
vn 0.9173 -0.3397 0.2077
vn 0.9182 -0.3566 0.1724
vn 0.9797 -0.1755 0.0965
vn 0.9813 -0.1663 0.0973
vn 0.8862 -0.4167 0.2027
vn 0.8853 -0.4005 0.2362
vn 0.5648 -0.7187 0.4056
vn 0.6345 -0.6507 0.4171
vn 0.6932 -0.6194 0.3686
vn 0.6931 -0.6179 0.3711
vn 0.1160 -0.8369 0.5349
vn 0.1076 -0.8358 0.5384
vn 0.2139 -0.8181 0.5338
vn 0.2259 -0.8169 0.5307
vn 0.3275 -0.7879 0.5214
vn 0.4016 -0.7696 0.4964
vn 0.5380 -0.7001 0.4695
vn 0.7581 -0.5534 0.3451
vn 0.7559 -0.5327 0.3805
vn 0.6073 -0.6640 0.4362
vn 0.6077 -0.6707 0.4254
vn 0.4491 -0.7543 0.4788
vn 0.0248 -0.8295 0.5579
vn 0.0727 -0.8266 0.5581
vn 0.1104 -0.8179 0.5646
vn 0.1294 -0.8180 0.5605
vn 0.2267 -0.7992 0.5566
vn 0.0337 -0.8431 0.5366
vn 0.0329 -0.8433 0.5364
vn 0.9927 -0.0866 0.0836
vn 0.9803 -0.1713 0.0987
vn 0.9794 -0.1616 0.1211
vn 0.9804 -0.1547 0.1218
vn 0.9441 -0.2773 0.1784
vn 0.9451 -0.2950 0.1405
vn 0.9798 -0.1774 0.0921
vn 0.9933 -0.1089 0.0389
vn 0.9969 -0.0747 0.0254
vn 0.9988 -0.0479 0.0051
vn 0.9999 0.0062 -0.0155
vn 0.9999 0.0054 -0.0150
vn 0.9995 0.0250 -0.0166
vn 0.9986 0.0474 -0.0247
vn 0.8673 -0.4133 0.2774
vn 0.8632 -0.3893 0.3214
vn 0.7352 -0.5513 0.3944
vn 0.4125 -0.7322 0.5420
vn 0.4911 -0.7006 0.5177
vn 0.5443 -0.6693 0.5057
vn 0.6398 -0.6123 0.4645
vn 0.6542 -0.6007 0.4595
vn 0.7578 -0.5152 0.4004
vn 0.7838 -0.4857 0.3870
vn 0.8366 -0.4321 0.3367
vn 0.9025 -0.3223 0.2855
vn 0.8172 -0.4837 0.3135
vn 0.8140 -0.4608 0.3536
vn 0.7352 -0.5515 0.3942
vn 0.6828 -0.5905 0.4302
vn 0.6559 -0.6133 0.4401
vn 0.5370 -0.6869 0.4897
vn 0.5457 -0.6816 0.4875
vn 0.4009 -0.7451 0.5331
vn 0.4130 -0.7388 0.5325
vn 0.2456 -0.7973 0.5514
vn 0.2455 -0.7837 0.5705
vn 0.3448 -0.7692 0.5380
vn 0.5309 -0.6642 0.5262
vn 0.4918 -0.7052 0.5108
vn 0.6628 -0.5855 0.4667
vn 0.6398 -0.6125 0.4642
vn 0.7638 -0.5035 0.4038
vn 0.7571 -0.5123 0.4053
vn 0.8575 -0.3992 0.3245
vn 0.8375 -0.4365 0.3288
vn 0.9324 -0.2628 0.2482
vn 0.9072 -0.3460 0.2395
vn 0.9531 -0.2352 0.1907
vn 0.9525 -0.2323 0.1968
vn 0.9282 -0.3205 0.1891
vn 0.9255 -0.2993 0.2320
vn 0.8916 -0.3930 0.2250
vn 0.8894 -0.3718 0.2660
vn 0.8462 -0.4654 0.2594
vn 0.8445 -0.4454 0.2973
vn 0.7945 -0.5331 0.2906
vn 0.7933 -0.5152 0.3243
vn 0.7404 -0.5925 0.3174
vn 0.7393 -0.5766 0.3477
vn 0.0409 -0.8241 0.5649
vn 0.0201 -0.8188 0.5737
vn 0.0745 -0.8151 0.5745
vn 0.0716 -0.8149 0.5751
vn 0.1303 -0.8075 0.5753
vn 0.1424 -0.8074 0.5726
vn 0.2358 -0.7871 0.5699
vn 0.2365 -0.8001 0.5513
vn 0.3942 -0.7217 0.5690
vn 0.7356 0.0212 0.6771
vn 0.7508 -0.0108 0.6605
vn 0.7856 0.0333 0.6179
vn 0.8775 -0.0077 0.4795
vn 0.8846 0.0483 0.4638
vn 0.9014 0.0792 0.4258
vn 0.9051 0.1235 0.4068
vn 0.9423 0.1226 0.3116
vn 0.9396 0.1010 0.3269
vn 0.9561 0.1323 0.2613
vn 0.6889 0.0361 0.7239
vn 0.6310 0.0097 0.7757
vn 0.6080 -0.0989 0.7878
vn 0.5583 -0.1547 0.8151
vn 0.5173 -0.2644 0.8139
vn 0.9831 0.1340 0.1246
vn 0.9612 0.1964 0.1935
vn 0.9682 0.1177 0.2206
vn 0.9663 0.1140 0.2308
vn 0.9661 0.0380 0.2553
vn 0.9398 0.0636 0.3357
vn 0.9315 -0.0231 0.3630
vn 0.8766 0.0109 0.4811
vn 0.8265 -0.1864 0.5312
vn 0.7171 -0.1317 0.6844
vn 0.6307 -0.3329 0.7010
vn 0.5165 -0.2702 0.8125
vn 0.4388 -0.4183 0.7952
vn 0.3340 -0.3532 0.8739
vn 0.2879 -0.4388 0.8512
vn 0.9779 0.2081 0.0192
vn 0.9821 0.1845 0.0392
vn 0.9865 0.1571 0.0471
vn 0.9867 0.1541 0.0517
vn 0.9942 0.0782 0.0742
vn 0.9837 0.1025 0.1477
vn 0.9850 0.0465 0.1664
vn 0.5120 -0.7013 0.4960
vn 0.5213 -0.7178 0.4616
vn 0.5507 -0.7038 0.4488
vn 0.5542 -0.7133 0.4290
vn 0.5927 -0.6945 0.4079
vn 0.5948 -0.7043 0.3874
vn 0.7772 -0.5385 0.3255
vn 0.7798 -0.5548 0.2899
vn 0.9218 -0.3317 0.2004
vn 0.9232 -0.3456 0.1680
vn 0.9954 -0.0749 0.0595
vn 0.9950 0.0924 0.0379
vn 0.0235 -0.3712 0.9283
vn 0.1546 -0.4319 0.8886
vn 0.1886 -0.3659 0.9114
vn 0.1782 -0.3716 0.9111
vn 0.2441 -0.2784 0.9289
vn 0.3386 -0.3252 0.8829
vn 0.3609 -0.2711 0.8923
vn 0.4203 -0.2198 0.8804
vn 0.4525 -0.0930 0.8869
vn 0.5482 -0.1249 0.8270
vn 0.9834 0.0270 0.1795
vn 0.9650 0.0517 0.2571
vn 0.9587 -0.0269 0.2832
vn 0.9309 -0.0032 0.3653
vn 0.8820 -0.2039 0.4248
vn 0.8285 -0.1689 0.5339
vn 0.7228 -0.3881 0.5718
vn 0.6316 -0.3288 0.7021
vn 0.5221 -0.4953 0.6943
vn 0.4351 -0.4320 0.7900
vn 0.3597 -0.5367 0.7633
vn 0.2780 -0.4746 0.8352
vn 0.2188 -0.5570 0.8012
vn 0.1496 -0.5084 0.8480
vn 0.1178 -0.5461 0.8294
vn 0.1029 -0.8007 0.5902
vn 0.1177 -0.8145 0.5682
vn 0.1844 -0.7922 0.5817
vn 0.2003 -0.8114 0.5491
vn 0.3121 -0.7645 0.5640
vn 0.3265 -0.7851 0.5264
vn 0.4905 -0.6905 0.5316
vn 0.5042 -0.7103 0.4911
vn 0.6615 -0.5827 0.4721
vn 0.6753 -0.6031 0.4245
vn 0.7035 -0.5819 0.4081
vn 0.7097 -0.5958 0.3759
vn 0.7422 -0.5703 0.3521
vn 0.7456 -0.5831 0.3227
vn 0.9019 -0.3605 0.2378
vn 0.9047 -0.3763 0.1996
vn 0.9845 -0.1393 0.1064
vn 0.9857 -0.1527 0.0719
vn 0.0925 -0.4626 0.8817
vn 0.0692 -0.3740 0.9249
vn 0.0633 -0.3833 0.9215
vn 0.0354 -0.5081 0.8606
vn 0.1247 -0.4315 0.8935
vn 0.1148 -0.4406 0.8903
vn 0.1288 -0.4918 0.8611
vn 0.9719 -0.1866 0.1438
vn 0.9675 -0.1720 0.1852
vn 0.9580 -0.1993 0.2064
vn 0.9481 -0.1810 0.2615
vn 0.9358 -0.2110 0.2823
vn 0.9160 -0.1885 0.3542
vn 0.8036 -0.4216 0.4200
vn 0.7784 -0.3968 0.4864
vn 0.6275 -0.5831 0.5159
vn 0.5926 -0.5484 0.5900
vn 0.4597 -0.6687 0.5844
vn 0.4117 -0.6194 0.6685
vn 0.2917 -0.7148 0.6356
vn 0.2545 -0.6766 0.6910
vn 0.1779 -0.7287 0.6613
vn 0.1436 -0.6995 0.7001
vn 0.1022 -0.7216 0.6848
vn 0.0459 -0.6847 0.7274
vn 0.1319 -0.6706 0.7300
vn -0.0250 -0.6023 0.7978
vn 0.2408 -0.4981 0.8330
vn 0.1928 -0.5218 0.8310
vn 0.1647 -0.5686 0.8060
vn 0.0323 -0.5778 0.8155
vn -0.1104 -0.5776 0.8088
vn -0.0326 -0.5829 0.8119
vn 0.1282 -0.5825 0.8026
vn 0.1106 -0.5836 0.8045
vn -0.0262 -0.5818 0.8129
vn 0.5058 -0.4976 0.7046
vn 0.5800 -0.4678 0.6669
vn 0.3726 -0.5377 0.7564
vn 0.4824 -0.5027 0.7173
vn 0.3356 -0.5468 0.7671
vn 0.4568 -0.5055 0.7319
vn 0.2864 -0.5590 0.7782
vn 0.4208 -0.5050 0.7536
vn 0.0806 -0.6624 0.7448
vn 0.0647 -0.6270 0.7763
vn -0.0452 -0.6366 0.7699
vn 0.0332 -0.6591 0.7513
vn -0.0390 -0.5946 0.8031
vn 0.0734 -0.6035 0.7940
vn -0.0410 -0.6066 0.7940
vn 0.0815 -0.6253 0.7761
vn -0.0382 -0.6308 0.7750
vn 0.0793 -0.6626 0.7447
vn -0.0263 -0.6712 0.7408
vn 0.0799 -0.7167 0.6928
vn 0.0881 -0.7592 0.6449
vn 0.1124 -0.7783 0.6177
vn 0.1683 -0.7547 0.6341
vn 0.1915 -0.7782 0.5981
vn 0.2863 -0.7282 0.6227
vn 0.3139 -0.7613 0.5674
vn 0.4610 -0.6669 0.5854
vn 0.4855 -0.6965 0.5283
vn 0.6338 -0.5726 0.5201
vn 0.6533 -0.5959 0.4670
vn 0.8101 -0.4043 0.4245
vn 0.8283 -0.4266 0.3632
vn 0.8500 -0.3992 0.3437
vn 0.8588 -0.4163 0.2985
vn 0.8801 -0.3873 0.2746
vn 0.8844 -0.4017 0.2376
vn 0.9775 -0.1550 0.1432
vn 0.9799 -0.1688 0.1062
vn 0.9992 0.0127 0.0371
vn 0.9999 0.0038 0.0119
vn 0.9999 0.0153 0.0045
vn -0.0286 -0.6877 0.7255
vn 0.1094 -0.7435 0.6597
vn -0.0301 -0.7409 0.6710
vn 0.0887 -0.8138 0.5744
vn -0.0122 -0.8088 0.5880
vn 0.0338 -0.8531 0.5206
vn 0.0336 -0.8531 0.5207
vn 0.3180 -0.8141 0.4859
vn 0.3527 -0.8090 0.4703
vn 0.3183 -0.8152 0.4839
vn 0.2661 -0.8315 0.4876
vn 0.2151 -0.8354 0.5057
vn 0.1959 -0.8433 0.5004
vn 0.1157 -0.8566 0.5028
vn 0.2964 -0.8182 0.4927
vn 0.2091 -0.8439 0.4941
vn 0.2160 -0.8395 0.4986
vn 0.1174 -0.8582 0.4998
vn 0.1188 -0.8574 0.5008
vn 0.0354 -0.8643 0.5017
vn 0.0359 -0.8542 0.5187
vn 0.0387 -0.8616 0.5061
vn 0.2929 -0.8100 0.5080
vn 0.1945 -0.8409 0.5050
vn 0.2050 -0.8340 0.5123
vn 0.1219 -0.8520 0.5092
vn 0.1162 -0.8553 0.5049
vn 0.0399 -0.8633 0.5031
vn 0.0359 -0.8654 0.4997
vn -0.0523 -0.6299 0.7749
vn 0.0771 -0.6888 0.7208
vn 0.0080 -0.7274 0.6862
vn 0.0668 -0.7647 0.6410
vn -0.0051 -0.8082 0.5888
vn 0.0382 -0.8138 0.5799
vn 0.0620 -0.8357 0.5457
vn 0.1110 -0.8271 0.5509
vn 0.1202 -0.8374 0.5332
vn 0.1964 -0.8174 0.5416
vn 0.2040 -0.8287 0.5213
vn 0.3278 -0.7830 0.5286
vn 0.3274 -0.7822 0.5302
vn 0.3885 -0.7731 0.5014
vn 0.3933 -0.7831 0.4818
vn 0.4200 -0.7749 0.4723
vn 0.4215 -0.7798 0.4627
vn 0.4605 -0.7680 0.4451
vn 0.4616 -0.7742 0.4332
vn 0.6367 -0.6631 0.3935
vn 0.6388 -0.6781 0.3635
vn 0.8137 -0.5021 0.2930
vn 0.8151 -0.5175 0.2603
vn 0.9396 -0.2972 0.1696
vn 0.9403 -0.3101 0.1403
vn 0.9927 -0.1057 0.0579
vn 0.9942 0.0265 0.1038
vn 0.9948 0.0423 0.0922
vn 0.9932 0.0881 0.0767
vn 0.9968 0.0734 0.0304
vn 0.9894 0.1451 0.0085
vn 0.9895 0.1442 0.0098
vn 0.9812 0.1928 -0.0031
vn 0.9766 0.2137 -0.0223
vn 0.0340 -0.8647 0.5012
vn 0.0340 -0.8584 0.5118
vn 0.0267 -0.8552 0.5177
vn 0.1154 -0.8489 0.5158
vn 0.1145 -0.8488 0.5161
vn 0.1954 -0.8360 0.5127
vn 0.2132 -0.8342 0.5085
vn 0.2650 -0.8216 0.5048
vn 0.3278 -0.8091 0.4877
vn 0.3515 -0.8008 0.4850
vn 0.4498 -0.7696 0.4531
vn 0.5080 -0.7393 0.4421
vn 0.5647 -0.7181 0.4067
vn 0.6864 -0.6260 0.3700
vn 0.6877 -0.6410 0.3408
vn 0.8500 -0.4558 0.2640
vn 0.8510 -0.4712 0.2320
vn 0.9555 -0.2580 0.1429
vn 0.9558 -0.2716 0.1123
vn 0.9928 -0.1101 0.0471
vn 0.9969 -0.0759 0.0224
vn 0.9999 0.0098 -0.0104
vn 0.9999 0.0085 -0.0095
vn 0.9992 0.0343 -0.0190
vn 0.9996 0.0261 -0.0136
vn 0.9978 0.0617 -0.0260
vn 0.9986 0.0504 -0.0151
vn 0.9924 0.1177 -0.0370
vn 0.9941 0.1057 -0.0260
vn 0.9814 0.1851 -0.0505
vn 0.9824 0.1803 -0.0478
vn 0.9655 0.2511 -0.0692
vn 0.9631 0.2587 -0.0736
vn 0.9357 0.3390 -0.0975
vn 0.9244 0.3646 -0.1123
vn 0.9024 0.4119 -0.1262
vn 0.8733 0.4637 -0.1493
vn 0.9767 0.2100 -0.0449
vn 0.9790 0.2013 -0.0322
vn 0.9907 0.1350 -0.0139
vn 0.9905 0.1367 -0.0162
vn 0.9972 0.0751 0.0030
vn 0.9979 0.0589 0.0260
vn 0.9985 0.0466 0.0302
vn 0.9988 0.0261 0.0419
vn 0.9982 -0.0173 0.0576
vn 0.9936 0.0009 0.1130
vn 0.9913 -0.0213 0.1298
vn 0.9818 -0.0026 0.1898
vn 0.9775 -0.0302 0.2089
vn 0.9582 -0.0076 0.2858
vn 0.9130 -0.2084 0.3508
vn 0.8848 -0.1843 0.4280
vn 0.7728 -0.4124 0.4824
vn 0.7267 -0.3758 0.5751
vn 0.5892 -0.5548 0.5874
vn 0.5212 -0.4976 0.6934
vn 0.4156 -0.6125 0.6724
vn 0.3518 -0.5558 0.7532
vn 0.2618 -0.6488 0.7145
vn 0.2117 -0.6051 0.7675
vn 0.1553 -0.6554 0.7392
vn 0.1027 -0.6191 0.7786
vn 0.1063 -0.6166 0.7800
vn -0.0031 -0.5672 0.8236
vn 0.1654 -0.4682 0.8680
vn 0.0045 -0.1489 0.9888
vn 0.0065 -0.1746 0.9846
vn -0.0000 0.4257 0.9049
vn 0.0170 0.2046 0.9787
vn 0.0026 0.3410 0.9400
vn -0.0000 0.1125 0.9937
vn -0.0000 0.0289 0.9996
vn -0.0000 0.6134 0.7897
vn 0.0045 0.7654 0.6436
vn 0.0039 0.7701 0.6379
vn -0.0000 0.9932 -0.1163
vn -0.0000 0.9987 0.0514
vn 0.0072 0.9846 0.1747
vn -0.0000 0.9513 0.3081
vn -0.0000 0.8867 0.4624
vn 0.0025 0.9509 -0.3096
vn 0.0053 0.9400 -0.3410
vn -0.0000 0.8544 -0.5196
vn -0.0000 0.7552 -0.6555
vn 0.0069 0.6436 -0.7654
vn -0.0008 0.5493 -0.8356
vn 0.0010 0.2398 -0.9708
vn 0.0062 0.1746 -0.9846
vn -0.0000 -0.0073 -1.0000
vn -0.0000 -0.1770 -0.9842
vn 0.0067 -0.3410 -0.9400
vn -0.0000 -0.4257 -0.9049
vn -0.0000 -0.9846 -0.1747
vn 0.0227 -0.9995 0.0204
vn 0.0028 -0.9785 -0.2064
vn -0.0000 -0.9191 -0.3940
vn -0.0000 -0.7654 -0.6436
vn 0.0144 -0.8398 -0.5427
vn -0.0000 -0.6722 -0.7404
vn -0.0000 -0.3465 0.9380
vn -0.0000 -0.4990 0.8666
vn 0.0067 -0.6436 0.7654
vn 0.0006 -0.7014 0.7128
vn -0.0008 -0.9400 0.3410
vn 0.0121 -0.8976 0.4406
vn -0.0000 -0.9826 0.1860
vn -0.1140 0.8039 -0.5838
vn -0.1758 0.7950 -0.5806
vn -0.2927 0.7738 -0.5618
vn -0.3967 0.7427 -0.5395
vn -0.5391 0.6797 -0.4973
vn -0.5372 0.6806 -0.4982
vn -0.9382 0.2802 -0.2032
vn -0.8784 0.3861 -0.2816
vn -0.8422 0.4339 -0.3200
vn -0.7741 0.5121 -0.3721
vn -0.6720 0.5992 -0.4351
vn -0.9672 0.2052 -0.1497
vn -0.9844 0.1408 -0.1052
vn -0.9944 0.0859 -0.0624
vn -1.0000 -0.0000 -0.0000
vn -1.0000 -0.0000 0.0001
vn -0.1466 0.8904 -0.4310
vn -0.9988 0.0446 -0.0212
vn -0.9891 0.1307 -0.0672
vn -0.9340 0.3109 -0.1757
vn -0.9718 0.2162 -0.0944
vn -0.9926 0.1160 -0.0348
vn -0.9985 0.0539 0.0047
vn -0.9618 0.2460 -0.1201
vn -1.0000 0.0040 -0.0020
vn -0.9504 0.2819 -0.1311
vn -0.7641 0.5763 -0.2898
vn -0.8342 0.4978 -0.2374
vn -0.5405 0.7572 -0.3666
vn -0.5563 0.7471 -0.3638
vn -0.3718 0.8377 -0.4001
vn 0.3138 0.8615 -0.3991
vn 0.2591 0.8698 -0.4199
vn 0.1213 0.8915 -0.4365
vn 0.1822 0.8897 -0.4186
vn -0.0067 0.9015 -0.4328
vn 0.0224 0.9019 -0.4315
vn -0.2401 0.8773 -0.4157
vn -0.5182 -0.1683 -0.8385
vn -0.9989 -0.0411 -0.0228
vn -0.9984 -0.0410 -0.0388
vn -0.9934 -0.0415 -0.1069
vn -0.9748 -0.0520 -0.2169
vn -0.9822 -0.0059 -0.1875
vn -0.5520 -0.1155 -0.8258
vn -0.5520 -0.1765 -0.8150
vn -0.6849 -0.1443 -0.7142
vn -0.8391 -0.0754 -0.5387
vn -0.8391 -0.0754 -0.5388
vn -0.8391 -0.1158 -0.5315
vn -0.8578 -0.0994 -0.5042
vn -0.1879 -0.1821 -0.9652
vn -0.2089 -0.1642 -0.9640
vn -0.1431 -0.1371 -0.9802
vn -0.1886 -0.1179 -0.9750
vn -0.1884 -0.0523 -0.9807
vn -0.9750 -0.0373 -0.2192
vn -0.9824 -0.0259 -0.1849
vn -0.9837 -0.0065 -0.1797
vn -0.8387 -0.0180 -0.5443
vn -0.8354 -0.0189 -0.5494
vn -0.5514 -0.0279 -0.8338
vn -0.5483 -0.0284 -0.8358
vn -0.0593 -0.0335 -0.9977
vn -0.1873 0.0082 -0.9823
vn -0.9830 0.0048 -0.1838
vn -0.9821 0.0260 -0.1867
vn -0.8389 -0.0086 -0.5442
vn -0.8357 0.0305 -0.5483
vn -0.5520 0.0056 -0.8338
vn -0.5490 0.0295 -0.8353
vn -0.1885 0.0182 -0.9819
vn -0.1874 0.0256 -0.9820
vn -0.8385 -0.3962 -0.3742
vn -0.9829 -0.0125 -0.1835
vn -0.9829 0.0073 -0.1842
vn -0.9830 0.0072 -0.1836
vn -0.9829 0.0271 -0.1823
vn -0.9829 0.0269 -0.1819
vn -0.9830 0.0348 -0.1805
vn -0.9831 0.0345 -0.1797
vn -0.9811 0.0337 -0.1907
vn -0.9850 0.0282 -0.1701
vn -0.9804 0.0295 -0.1946
vn -0.9844 0.0236 -0.1741
vn -0.9830 0.0219 -0.1825
vn -0.9829 0.0133 -0.1834
vn -0.9752 -0.0359 -0.2186
vn -0.9828 -0.0242 -0.1831
vn -0.9829 -0.0541 -0.1761
vn -0.9784 -0.0664 -0.1956
vn -0.9829 -0.0711 -0.1696
vn -0.9828 -0.0925 -0.1599
vn -0.9800 -0.0973 -0.1736
vn -0.9844 -0.1109 -0.1363
vn -0.9829 -0.1142 -0.1446
vn -0.9829 -0.1339 -0.1265
vn -0.9829 -0.1340 -0.1266
vn -0.5516 0.0606 -0.8319
vn -0.1882 0.0382 -0.9814
vn -0.1884 0.1438 -0.9715
vn -0.1597 0.1500 -0.9757
vn -0.1966 0.1849 -0.9629
vn -0.3146 0.1659 -0.9346
vn -0.1461 0.1618 -0.9760
vn -0.2026 0.1478 -0.9681
vn -0.1488 0.1327 -0.9799
vn -0.2127 0.1218 -0.9695
vn -0.1451 0.0719 -0.9868
vn -0.1884 0.0664 -0.9798
vn -0.3384 0.0650 -0.9388
vn -0.1885 -0.0035 -0.9821
vn -0.1878 -0.1287 -0.9737
vn -0.2765 -0.1097 -0.9547
vn -0.1885 -0.2060 -0.9602
vn -0.1875 -0.3208 -0.9284
vn -0.1574 -0.3177 -0.9351
vn -0.2162 -0.4936 -0.8424
vn -0.1875 -0.4920 -0.8501
vn -0.1884 -0.5936 -0.7824
vn -0.2248 -0.6150 -0.7558
vn -0.0713 -0.6972 -0.7133
vn -0.1881 -0.7143 -0.6741
vn -0.5513 -0.6067 -0.5727
vn -0.5515 -0.5265 -0.6470
vn -0.5501 -0.4183 -0.7228
vn -0.5502 -0.4183 -0.7227
vn -0.5502 -0.2686 -0.7906
vn -0.5503 -0.1094 -0.8278
vn -0.5504 -0.1094 -0.8277
vn -0.5509 0.0324 -0.8339
vn -0.5512 0.0325 -0.8337
vn -0.5517 0.1221 -0.8250
vn -0.5519 0.1221 -0.8249
vn -0.5521 0.1572 -0.8189
vn -0.5520 0.1572 -0.8189
vn -0.5520 0.1364 -0.8226
vn -0.5520 0.1119 -0.8263
vn -0.5521 0.1119 -0.8263
vn -0.5519 0.0606 -0.8317
vn -0.8389 0.0396 -0.5429
vn -0.5510 -0.6068 -0.5729
vn -0.8386 -0.3961 -0.3739
vn -0.8388 -0.3437 -0.4223
vn -0.8387 -0.3437 -0.4223
vn -0.8378 -0.2735 -0.4725
vn -0.8379 -0.2734 -0.4724
vn -0.8379 -0.1756 -0.5168
vn -0.8380 -0.0715 -0.5410
vn -0.8380 -0.0714 -0.5409
vn -0.8384 0.0212 -0.5447
vn -0.8386 0.0213 -0.5443
vn -0.8389 0.0797 -0.5384
vn -0.8390 0.0797 -0.5382
vn -0.8391 0.1026 -0.5342
vn -0.8391 0.0890 -0.5367
vn -0.8391 0.0890 -0.5366
vn -0.8391 0.0730 -0.5391
vn -0.8391 0.0730 -0.5390
vn -0.8390 0.0395 -0.5426
vn -0.9829 0.0134 -0.1835
vn -0.0117 -0.8968 -0.4422
vn -0.1314 0.6598 -0.7399
vn -0.6530 0.1558 -0.7411
vn -0.0522 -0.9667 -0.2505
vn -0.0960 -0.2338 -0.9675
vn -0.6981 -0.6268 -0.3462
vn -0.1884 -0.7817 -0.5945
vn -0.2516 -0.7951 -0.5519
vn -0.7189 -0.5921 -0.3642
vn -0.6908 -0.6254 -0.3629
vn -0.5343 -0.7948 -0.2878
vn -0.5517 -0.6680 -0.4993
vn -0.5595 -0.6611 -0.4999
vn -0.5773 -0.7036 -0.4143
vn -0.5768 -0.7041 -0.4141
vn -0.5986 -0.7198 -0.3515
vn -0.5070 -0.8074 -0.3018
vn -0.5143 -0.8089 -0.2849
vn -0.3204 -0.9272 -0.1941
vn -0.2731 -0.9214 -0.2763
vn -0.0651 -0.9911 -0.1165
vn -0.1056 -0.9757 -0.1919
vn -0.0913 -0.5280 -0.8443
vn -0.1015 -0.5590 -0.8229
vn -0.2421 -0.5713 -0.7842
vn -0.4110 0.2531 -0.8758
vn -0.3953 0.1965 -0.8973
vn -0.3930 -0.0297 -0.9191
vn -0.3296 -0.3810 -0.8638
vn -0.3687 -0.0908 -0.9251
vn -0.6284 -0.1317 -0.7667
vn -0.6352 0.0692 -0.7692
vn -0.8233 0.0415 -0.5660
vn -0.9523 0.2114 -0.2199
vn -0.9194 0.2339 -0.3161
vn -0.9062 0.3052 -0.2926
vn -0.8370 0.3790 -0.3947
vn -0.8342 0.3887 -0.3912
vn -0.7097 0.5168 -0.4788
vn -0.6942 0.5632 -0.4483
vn -0.6028 0.4891 -0.6304
vn -0.5702 0.6224 -0.5361
vn -0.3823 -0.7247 -0.5733
vn -0.5243 -0.4116 -0.7455
vn -0.5209 -0.4971 -0.6939
vn -0.5926 -0.2176 -0.7755
vn -0.7878 -0.2472 -0.5641
vn -0.8083 -0.0511 -0.5865
vn -0.8943 -0.0580 -0.4438
vn -0.8974 -0.1391 -0.4186
vn -0.9176 -0.1425 -0.3710
vn -0.9099 -0.2111 -0.3570
vn -0.9181 -0.2169 -0.3317
vn -0.9810 -0.1029 -0.1642
vn -0.9873 -0.0362 -0.1545
vn -0.9756 -0.0036 -0.2193
vn -0.9627 0.0935 -0.2539
vn -0.9409 0.0181 -0.3382
vn -0.9357 0.0214 -0.3522
vn -0.9385 0.1072 -0.3281
vn -0.8953 0.1143 -0.4306
vn -0.8893 0.2077 -0.4074
vn -0.8012 0.2142 -0.5588
vn -0.7929 0.3106 -0.5243
vn -0.6264 0.3344 -0.7041
vn -0.6261 0.4150 -0.6602
vn -0.3900 0.4518 -0.8023
vn -0.3972 0.5004 -0.7693
vn -0.2719 -0.8345 -0.4792
vn -0.1267 -0.8131 -0.5682
vn -0.1671 -0.7705 -0.6152
vn -0.0883 -0.7651 -0.6379
vn -0.0220 -0.8347 -0.5503
vn -0.1841 -0.8336 -0.5207
vn -0.2031 -0.8782 -0.4329
vn -0.2692 -0.8769 -0.3982
vn -0.2118 -0.9118 -0.3519
vn -0.1891 -0.9589 -0.2115
vn -0.2175 -0.9485 -0.2302
vn -0.2146 -0.9615 -0.1717
vn -0.1029 -0.9899 -0.0977
vn -0.0931 -0.9885 -0.1190
vn -0.4005 -0.6547 -0.6411
vn -0.2435 -0.6306 -0.7369
vn -0.3206 -0.3151 -0.8933
vn -0.1124 -0.2955 -0.9487
vn -0.1244 -0.0044 -0.9922
vn -0.1178 -0.0226 -0.9928
vn -0.1475 0.2788 -0.9489
vn -0.1527 0.2913 -0.9444
vn -0.1254 0.5257 -0.8414
vn -0.1637 0.7164 -0.6782
vn -0.3460 0.6973 -0.6278
vn -0.2947 0.7687 -0.5677
vn -0.4374 0.6486 -0.6229
vn -0.8390 -0.4102 -0.3575
vn -0.8558 -0.3765 -0.3548
vn -0.8479 -0.3580 -0.3911
vn -0.8147 -0.4303 -0.3887
vn -0.8238 -0.4368 -0.3613
vn -0.8386 -0.3968 -0.3732
vn -0.8270 -0.3948 -0.4002
vn -0.8398 -0.3361 -0.4263
vn -0.7532 -0.3278 -0.5703
vn -0.6486 -0.5856 -0.4861
vn -0.6683 -0.5195 -0.5324
vn -0.4778 -0.7891 -0.3861
vn -0.5082 -0.7436 -0.4346
vn -0.3270 -0.8970 -0.2973
vn -0.2046 -0.8784 -0.4320
vn -0.0889 -0.9566 -0.2776
vn -0.0494 -0.9255 -0.3754
vn -0.0470 -0.9304 -0.3635
vn -0.0372 -0.8994 -0.4355
vn 0.5511 -0.6068 -0.5728
vn 0.1883 0.1492 -0.9707
vn 0.1383 0.0669 -0.9881
vn 0.9824 -0.1178 -0.1447
vn 0.9835 -0.1308 -0.1252
vn 0.9803 -0.0259 -0.1957
vn 0.9852 -0.0526 -0.1629
vn 0.9828 -0.0594 -0.1749
vn 0.9829 -0.0799 -0.1656
vn 0.9789 -0.1024 -0.1770
vn 0.9829 -0.0963 -0.1573
vn 0.9829 -0.1154 -0.1434
vn 0.9784 0.0124 -0.2065
vn 0.9829 -0.0025 -0.1839
vn 0.9829 -0.0214 -0.1832
vn 0.9829 0.0072 -0.1841
vn 0.9829 0.0270 -0.1820
vn 0.9822 0.0268 -0.1861
vn 0.9833 0.0343 -0.1788
vn 0.9831 0.0344 -0.1796
vn 0.9821 0.0308 -0.1860
vn 0.9830 0.0303 -0.1813
vn 0.9830 0.0262 -0.1819
vn 0.9846 0.0235 -0.1733
vn 0.9830 0.0224 -0.1824
vn 0.9829 0.0134 -0.1836
vn 0.9829 0.0134 -0.1834
vn 0.8389 0.0395 -0.5429
vn 0.2128 0.1218 -0.9695
vn 0.1488 0.1327 -0.9799
vn 0.2025 0.1478 -0.9681
vn 0.1460 0.1618 -0.9760
vn 0.3147 0.1659 -0.9346
vn 0.1967 0.1849 -0.9629
vn 0.1543 0.1447 -0.9774
vn 0.1884 0.0678 -0.9798
vn 0.2785 0.0373 -0.9597
vn 0.1884 -0.0035 -0.9821
vn 0.9829 -0.1340 -0.1266
vn 0.8386 -0.3960 -0.3740
vn 0.8388 -0.3437 -0.4223
vn 0.8379 -0.2734 -0.4725
vn 0.8379 -0.2734 -0.4724
vn 0.8379 -0.1756 -0.5167
vn 0.8379 -0.1756 -0.5169
vn 0.8379 -0.0715 -0.5411
vn 0.8380 -0.0715 -0.5409
vn 0.8384 0.0213 -0.5447
vn 0.8386 0.0212 -0.5444
vn 0.8389 0.0798 -0.5384
vn 0.8390 0.0797 -0.5382
vn 0.8391 0.1026 -0.5342
vn 0.8391 0.0890 -0.5367
vn 0.8391 0.0730 -0.5391
vn 0.8391 0.0730 -0.5390
vn 0.8390 0.0395 -0.5427
vn 0.5517 0.0606 -0.8319
vn 0.8385 -0.3963 -0.3741
vn 0.5512 -0.6067 -0.5728
vn 0.5515 -0.5266 -0.6470
vn 0.5514 -0.5266 -0.6471
vn 0.5500 -0.4183 -0.7228
vn 0.5501 -0.4183 -0.7228
vn 0.5502 -0.2686 -0.7907
vn 0.5503 -0.2686 -0.7906
vn 0.5503 -0.1094 -0.8278
vn 0.5504 -0.1094 -0.8277
vn 0.5509 0.0325 -0.8339
vn 0.5512 0.0324 -0.8337
vn 0.5517 0.1222 -0.8250
vn 0.5518 0.1221 -0.8250
vn 0.5520 0.1572 -0.8189
vn 0.5519 0.1364 -0.8227
vn 0.5521 0.1363 -0.8226
vn 0.5520 0.1119 -0.8263
vn 0.5521 0.1119 -0.8262
vn 0.5519 0.0606 -0.8317
vn 0.1884 0.0714 -0.9795
vn 0.1880 -0.1121 -0.9758
vn 0.2616 -0.1265 -0.9568
vn 0.1885 -0.2060 -0.9602
vn 0.1876 -0.3159 -0.9300
vn 0.1590 -0.3225 -0.9331
vn 0.2148 -0.4892 -0.8453
vn 0.1878 -0.4965 -0.8475
vn 0.1884 -0.6199 -0.7617
vn 0.2784 -0.5806 -0.7651
vn 0.0006 -0.7272 -0.6864
vn 0.1874 -0.6866 -0.7025
vn 0.8387 -0.4012 -0.3683
vn 0.3119 0.7030 -0.6392
vn 0.8789 0.2095 -0.4285
vn 0.9488 0.1340 -0.2859
vn 0.8174 0.4393 -0.3727
vn 0.1051 -0.9900 -0.0942
vn 0.0438 -0.9324 -0.3588
vn 0.0106 -0.9400 -0.3411
vn 0.5344 -0.7946 -0.2882
vn 0.5143 -0.8088 -0.2853
vn 0.5067 -0.8072 -0.3029
vn 0.5140 -0.8025 -0.3030
vn 0.4765 -0.7758 -0.4136
vn 0.3206 -0.9271 -0.1943
vn 0.1588 -0.9744 -0.1593
vn 0.0893 -0.9799 -0.1781
vn 0.2214 -0.9564 -0.1904
vn 0.1857 -0.9040 -0.3851
vn 0.5518 -0.6661 -0.5019
vn 0.5602 -0.6628 -0.4968
vn 0.5737 -0.6943 -0.4345
vn 0.6648 -0.6235 -0.4114
vn 0.6867 -0.6389 -0.3469
vn 0.6982 -0.6268 -0.3459
vn 0.6906 -0.6253 -0.3634
vn 0.7189 -0.5918 -0.3647
vn 0.8357 0.3816 -0.3950
vn 0.9053 0.1135 -0.4094
vn 0.9319 0.1091 -0.3458
vn 0.9899 -0.0453 -0.1343
vn 0.9745 -0.0003 -0.2245
vn 0.9623 0.1026 -0.2520
vn 0.9323 0.0238 -0.3610
vn 0.9425 0.0173 -0.3336
vn 0.8922 0.3347 -0.3031
vn 0.8793 0.3373 -0.3363
vn 0.1251 0.7172 -0.6855
vn 0.1516 0.6578 -0.7377
vn 0.1248 0.5259 -0.8413
vn 0.1523 0.2912 -0.9445
vn 0.4319 0.6495 -0.6258
vn 0.3261 0.7472 -0.5790
vn 0.4045 0.4510 -0.7956
vn 0.3801 0.5035 -0.7759
vn 0.4099 0.2534 -0.8762
vn 0.1471 0.2789 -0.9490
vn 0.1173 -0.0223 -0.9928
vn 0.0525 -0.8338 -0.5496
vn 0.0430 -0.7596 -0.6490
vn 0.0910 -0.5282 -0.8442
vn 0.1012 -0.5588 -0.8231
vn 0.0954 -0.2339 -0.9676
vn 0.1120 -0.2955 -0.9488
vn 0.1239 -0.0040 -0.9923
vn 0.3920 -0.0292 -0.9195
vn 0.3943 0.1969 -0.8977
vn 0.6521 0.1562 -0.7419
vn 0.6041 0.4204 -0.6769
vn 0.6452 0.3334 -0.6874
vn 0.5415 0.6299 -0.5568
vn 0.6232 0.5025 -0.5992
vn 0.0117 -0.8967 -0.4424
vn 0.0692 -0.9016 -0.4269
vn 0.1485 -0.7695 -0.6211
vn 0.1432 -0.8164 -0.5594
vn 0.2415 -0.5710 -0.7846
vn 0.2429 -0.6301 -0.7376
vn 0.3197 -0.3149 -0.8936
vn 0.3287 -0.3807 -0.8643
vn 0.3677 -0.0902 -0.9256
vn 0.6275 -0.1311 -0.7675
vn 0.6343 0.0699 -0.7699
vn 0.8227 0.0421 -0.5669
vn 0.7756 0.3148 -0.5471
vn 0.8162 0.2142 -0.5366
vn 0.6861 0.5585 -0.4661
vn 0.7639 0.4440 -0.4683
vn 0.2130 -0.8998 -0.3809
vn 0.1877 -0.8428 -0.5045
vn 0.2506 -0.7957 -0.5514
vn 0.2553 -0.7959 -0.5490
vn 0.1885 -0.7816 -0.5946
vn 0.1236 -0.9761 -0.1787
vn 0.0851 -0.9875 -0.1325
vn 0.3165 -0.8965 -0.3100
vn 0.2812 -0.9229 -0.2630
vn 0.5079 -0.7431 -0.4357
vn 0.4775 -0.7889 -0.3869
vn 0.6678 -0.5191 -0.5334
vn 0.6482 -0.5853 -0.4871
vn 0.7526 -0.3273 -0.5713
vn 0.8397 -0.3357 -0.4269
vn 0.8269 -0.3945 -0.4007
vn 0.8387 -0.3965 -0.3732
vn 0.8239 -0.4365 -0.3613
vn 0.8149 -0.4302 -0.3886
vn 0.0974 -0.9402 -0.3263
vn 0.0604 -0.9690 -0.2394
vn 0.2512 -0.8326 -0.4936
vn 0.2217 -0.8826 -0.4146
vn 0.3999 -0.6542 -0.6420
vn 0.3818 -0.7242 -0.5743
vn 0.5234 -0.4113 -0.7462
vn 0.5201 -0.4967 -0.6948
vn 0.5917 -0.2171 -0.7764
vn 0.7873 -0.2468 -0.5651
vn 0.8077 -0.0506 -0.5875
vn 0.8940 -0.0575 -0.4444
vn 0.8972 -0.1386 -0.4192
vn 0.9176 -0.1420 -0.3713
vn 0.9100 -0.2106 -0.3572
vn 0.8988 -0.2031 -0.3885
vn 0.8550 -0.3740 -0.3592
vn 0.8581 -0.3818 -0.3433
vn 0.9791 -0.0864 -0.1839
vn -0.0000 0.6655 -0.7464
vn -0.0000 0.2947 -0.9556
vn -0.0000 0.2946 -0.9556
vn -0.0000 -0.0225 -0.9997
vn -0.0000 -0.0227 -0.9997
vn -0.0000 -0.2349 -0.9720
vn -0.0000 -0.5303 -0.8478
vn -0.0000 -0.5304 -0.8478
vn -0.0000 -0.8349 -0.5504
vn -0.0000 0.8091 -0.5876
vn 0.7917 0.4898 -0.3650
vn 0.8422 0.4353 -0.3181
vn 0.6868 0.5884 -0.4267
vn 0.8367 0.4405 -0.3253
vn 0.9005 0.3522 -0.2551
vn 0.9844 0.1418 -0.1039
vn 0.9651 0.2087 -0.1583
vn 0.9943 0.0865 -0.0628
vn 0.1758 0.7965 -0.5785
vn 0.1140 0.8014 -0.5872
vn 0.2877 0.7750 -0.5627
vn 0.5391 0.6814 -0.4950
vn 0.3959 0.7353 -0.5501
vn 0.5370 0.6807 -0.4982
vn 0.0575 0.8637 0.5007
vn 0.0002 0.4520 -0.8920
vn -0.0002 -0.4522 0.8919
vn 0.0001 0.9975 -0.0702
vn 0.0001 -0.4522 0.8919
vn -0.0001 0.4523 -0.8919
vn -0.0001 -0.9975 0.0702
vn 0.0001 0.9975 -0.0706
vn -0.0002 -0.4525 0.8918
vn -0.0001 0.9975 -0.0702
vn 0.0001 -0.9975 0.0701
vn 0.0001 -0.4521 0.8920
vn -0.0001 0.4523 -0.8918
vn 0.0577 -0.8637 -0.5006
vn -0.0002 -0.4524 0.8918
vn -0.0001 0.4520 -0.8920
vn 0.0001 -0.9975 0.0706
vn 0.0001 -0.4521 0.8919
vn 0.0001 -0.9975 0.0702
vn -0.9041 0.3190 0.2844
vn 0.0004 0.7026 0.7116
vn 0.0004 0.3828 0.9238
vn -0.0948 0.3664 0.9256
vn 0.0123 0.1319 0.9912
vn -0.0003 0.1150 0.9934
vn -0.0002 -0.0383 0.9993
vn -0.0530 -0.0582 0.9969
vn 0.0518 -0.2912 0.9553
vn 0.0001 -0.3106 0.9505
vn -0.0136 -0.4672 0.8840
vn 0.0652 -0.6158 0.7852
vn -0.0653 -0.6484 0.7585
vn 0.0191 -0.7824 0.6225
vn -0.0000 -0.7932 0.6089
vn -0.0000 -0.8770 0.4806
vn -0.0462 -0.8852 0.4629
vn 0.0585 -0.9687 0.2414
vn -0.0000 -0.9751 0.2218
vn -0.0068 -0.9985 0.0539
vn 0.0131 -0.9999 0.0089
vn 0.1137 -0.9880 -0.1049
vn -0.0587 -0.9845 -0.1651
vn 0.0262 -0.9361 -0.3508
vn 0.0518 -0.9412 -0.3338
vn -0.0001 -0.9188 -0.3947
vn -0.0002 -0.8628 -0.5056
vn -0.0393 -0.8524 -0.5213
vn 0.0654 -0.7048 -0.7064
vn -0.0000 -0.6912 -0.7226
vn -0.0000 -0.5086 -0.8610
vn 0.2775 -0.3882 -0.8788
vn 0.1781 -0.3638 -0.9143
vn -0.1180 -0.1205 -0.9857
vn -0.0002 -0.1777 -0.9841
vn -0.0001 0.0382 -0.9993
vn 0.1582 -0.0222 -0.9872
vn -0.2307 0.3051 -0.9240
vn 0.0788 0.2272 -0.9706
vn -0.0001 0.4093 -0.9124
vn -0.0507 0.5069 -0.8605
vn 0.1725 0.6011 -0.7804
vn 0.1402 0.6151 -0.7758
vn -0.1381 0.7827 -0.6068
vn -0.0000 0.7529 -0.6581
vn -0.0000 0.8770 -0.4806
vn 0.1382 0.8390 -0.5263
vn -0.2488 0.9454 -0.2104
vn 0.1691 0.9315 -0.3221
vn -0.0787 0.9896 0.1205
vn 0.2308 0.9725 0.0313
vn -0.1577 0.9195 0.3602
vn -0.0002 0.9514 0.3079
vn -0.0003 0.8860 0.4636
vn -0.0081 0.1367 0.9906
vn -0.2672 0.6617 0.7006
vn -0.0000 0.7358 0.6772
vn -0.0000 0.3827 0.9239
vn 0.2672 0.4302 0.8623
vn -0.0575 0.1731 0.9832
vn 0.0221 -0.0298 0.9993
vn 0.1577 0.0220 0.9872
vn -0.2308 -0.3052 0.9239
vn 0.0791 -0.2271 0.9706
vn 0.0001 -0.4093 0.9124
vn -0.1690 -0.6229 0.7639
vn 0.2489 -0.5228 0.8153
vn -0.1380 -0.7827 0.6069
vn -0.0000 -0.7529 0.6582
vn 0.1381 -0.8390 0.5263
vn -0.2488 -0.9454 0.2104
vn 0.1691 -0.9315 0.3221
vn 0.0001 -0.9930 0.1179
vn -0.0004 -0.6031 -0.7977
vn -0.0786 -0.9896 -0.1205
vn 0.2307 -0.9725 -0.0313
vn -0.1581 -0.9193 -0.3603
vn -0.0001 -0.9514 -0.3079
vn -0.0002 -0.8861 -0.4635
vn -0.1785 -0.7142 -0.6768
vn -0.2240 -0.6980 -0.6802
vn 0.0003 -0.1304 -0.9915
vn -0.0004 -0.3827 -0.9239
vn 0.2670 -0.4303 -0.8623
vn -0.0577 -0.1731 -0.9832
vn 0.0003 0.0382 -0.9993
vn 0.1580 -0.0220 -0.9872
vn -0.2306 0.3051 -0.9240
vn -0.1690 0.6228 -0.7639
vn 0.2487 0.5228 -0.8154
vn -0.1382 0.7828 -0.6068
vn -0.0000 0.8769 -0.4806
vn 0.1381 0.8390 -0.5263
vn -0.2489 0.9454 -0.2104
vn -0.1583 0.9193 0.3604
vn 0.2306 0.9726 0.0313
vn 0.0001 0.9515 0.3078
vn 0.0001 0.8860 0.4636
vn 0.0579 0.8637 0.5007
vn -0.2666 0.6619 0.7006
vn -0.0000 0.5142 0.8577
vn 0.2656 0.3886 0.8823
vn 0.1862 0.3701 0.9101
vn -0.1183 0.1203 0.9857
vn 0.0002 0.1779 0.9841
vn 0.0002 -0.0381 0.9993
vn 0.1578 0.0220 0.9872
vn 0.0787 -0.2273 0.9706
vn 0.0001 -0.4086 0.9127
vn -0.1381 -0.7828 0.6068
vn 0.0001 -0.7529 0.6582
vn -0.0000 -0.8769 0.4806
vn 0.1381 -0.8390 0.5262
vn -0.2489 -0.9454 0.2104
vn -0.0789 -0.9896 -0.1205
vn 0.2306 -0.9725 -0.0313
vn 0.0002 -0.9515 -0.3078
vn 0.0002 -0.8860 -0.4637
vn -0.2670 -0.6618 -0.7006
vn -0.0000 -0.7358 -0.6772
vn -0.0000 -0.3828 -0.9238
vn 0.2668 -0.4302 -0.8624
vn -0.0002 -0.1307 -0.9914
vn -0.0001 -0.0835 -0.9965
vn -0.0096 0.0419 -0.9991
vn 0.1579 -0.0220 -0.9872
vn -0.0001 0.4092 -0.9124
vn -0.1692 0.6229 -0.7638
vn -0.0000 0.7529 -0.6582
vn 0.1381 0.8390 -0.5262
vn 0.1690 0.9315 -0.3221
vn 0.0001 0.9930 -0.1180
vn -0.0000 0.5959 0.8031
vn 0.0001 0.8859 0.4639
vn -0.1444 0.7202 0.6786
vn -0.2343 0.6897 0.6852
vn -0.0003 0.1305 0.9914
vn -0.0000 0.3828 0.9238
vn 0.2668 0.4302 0.8624
vn -0.0580 0.1730 0.9832
vn 0.1584 0.0222 0.9871
vn -0.2304 -0.3051 0.9240
vn -0.0002 -0.4093 0.9124
vn -0.1690 -0.6228 0.7639
vn 0.2487 -0.5228 0.8154
vn -0.1382 -0.7828 0.6068
vn 0.1690 -0.9315 0.3221
vn -0.0000 -0.9930 0.1179
vn -0.1579 -0.9194 -0.3602
vn -0.0001 -0.9514 -0.3078
vn -0.0002 -0.8860 -0.4638
vn 0.0575 -0.8637 -0.5008
vn -0.2670 -0.6617 -0.7006
vn -0.0000 -0.5049 -0.8632
vn 0.2834 -0.3880 -0.8770
vn 0.1731 -0.3600 -0.9168
vn 0.1575 -0.0220 -0.9873
vn -0.2310 0.3052 -0.9238
vn 0.0002 0.4086 -0.9127
vn -0.1690 0.6229 -0.7639
vn 0.2490 0.5227 -0.8153
vn -0.2488 0.9454 -0.2105
vn -0.0001 0.9930 -0.1178
vn -0.0790 0.9896 0.1206
vn -0.0003 0.8628 0.5055
vn 0.1184 0.8842 0.4519
vn -0.1564 0.7488 0.6441
vn -0.2967 0.6863 0.6640
vn -0.0000 0.6473 0.7623
vn -0.0003 0.1309 0.9914
vn -0.0001 0.3827 0.9239
vn -0.0003 -0.0383 0.9993
vn -0.1690 -0.6229 0.7638
vn -0.0000 -0.7529 0.6581
vn -0.0000 -0.9931 0.1177
vn -0.0001 -0.1308 -0.9914
vn -0.2267 -0.6958 -0.6815
vn -0.1700 -0.7158 -0.6773
vn -0.0000 -0.6013 -0.7990
vn -0.0000 -0.5460 -0.8378
vn 0.1597 -0.3897 -0.9070
vn 0.2301 -0.4029 -0.8858
vn -0.0575 -0.1730 -0.9833
vn -0.1579 0.9194 0.3604
vn 0.0001 0.9514 0.3079
vn 0.0577 0.8638 0.5006
vn -0.0000 0.4973 0.8676
vn 0.2933 0.3875 0.8740
vn 0.1620 0.3515 0.9221
vn 0.2489 -0.5227 0.8153
vn 0.0002 -0.9514 -0.3078
vn 0.0002 -0.8629 -0.5054
vn 0.1183 -0.8841 -0.4521
vn -0.1668 -0.7414 -0.6500
vn -0.2891 -0.6885 -0.6651
vn -0.0000 -0.6406 -0.7679
vn 0.0003 0.0381 -0.9993
vn 0.0001 0.7529 -0.6582
vn -0.0000 0.9930 -0.1180
vn 0.2306 0.9725 0.0313
vn 0.0001 0.8861 0.4636
vn 0.0002 0.1306 0.9914
vn -0.0000 0.5380 0.8430
vn 0.1925 0.3898 0.9005
vn 0.2194 0.3951 0.8921
vn -0.0575 0.1730 0.9832
vn 0.0002 -0.0383 0.9993
vn 0.1582 0.0220 0.9872
vn -0.1693 -0.6229 0.7638
vn 0.2489 -0.5227 0.8154
vn 0.1382 -0.8390 0.5263
vn -0.0001 -0.9930 0.1179
vn -0.1581 -0.9193 -0.3604
vn -0.0001 -0.9975 0.0701
vn -0.1074 -0.7810 -0.6152
vn 0.1890 -0.7006 -0.6880
vn 0.0001 -0.4872 -0.8733
vn 0.3002 -0.3872 -0.8717
vn 0.1475 -0.3406 -0.9286
vn -0.1184 -0.1204 -0.9856
vn -0.0001 -0.1779 -0.9840
vn -0.0001 0.0383 -0.9993
vn -0.1691 0.6229 -0.7638
vn -0.1381 0.7828 -0.6068
vn 0.1381 0.8391 -0.5262
vn 0.2307 0.9725 0.0313
vn 0.0001 0.8628 0.5055
vn 0.1180 0.8841 0.4523
vn -0.1812 0.7310 0.6579
vn -0.2731 0.6928 0.6674
vn -0.0000 0.6315 0.7754
vn -0.0001 0.3828 0.9238
vn -0.0002 -0.4092 0.9124
vn -0.0002 -0.9514 -0.3078
vn -0.2670 -0.6618 -0.7005
vn -0.0000 -0.5443 -0.8389
vn 0.1657 -0.3897 -0.9059
vn 0.2283 -0.4016 -0.8869
vn -0.2307 0.3052 -0.9239
vn 0.0792 0.2272 -0.9706
vn 0.0002 0.4093 -0.9124
vn -0.0062 0.9507 0.3100
vn 0.0020 0.8852 0.4651
vn 0.0001 -0.4092 0.9125
vn 0.0982 -0.6466 0.7565
vn -0.1562 -0.5604 0.8134
vn -0.0656 -0.5225 0.8501
vn -0.0001 -0.9931 0.1177
vn 0.2310 -0.9725 -0.0312
vn -0.1576 -0.9195 -0.3602
vn -0.0002 -0.8628 -0.5055
vn 0.1187 -0.8842 -0.4518
vn -0.1913 -0.7235 -0.6633
vn -0.2572 -0.6969 -0.6695
vn -0.0000 -0.6250 -0.7806
vn -0.1380 0.7827 -0.6069
vn 0.0001 0.9930 -0.1178
vn -0.1579 0.9193 0.3604
vn 0.0001 0.9975 -0.0703
vn -0.0000 0.5350 0.8448
vn 0.2040 0.3898 0.8980
vn 0.2153 0.3920 0.8944
vn 0.0002 -0.8998 -0.4363
vn 0.0297 -0.8637 -0.5032
vn 0.1008 -0.8788 -0.4665
vn 0.0001 -0.3828 -0.9238
vn -0.1115 0.2081 -0.9717
vn -0.1889 0.2445 -0.9511
vn 0.0353 0.3299 -0.9434
vn -0.0000 0.9930 -0.1179
vn 0.2305 0.9726 0.0313
vn -0.1583 0.9193 0.3603
vn 0.1187 0.8841 0.4519
vn -0.1842 0.7285 0.6598
vn -0.2678 0.6942 0.6681
vn 0.0004 0.6292 0.7772
vn 0.2667 0.4302 0.8625
vn -0.0577 0.1732 0.9832
vn 0.1581 0.0220 0.9872
vn -0.1692 -0.6229 0.7638
vn 0.0575 -0.8636 -0.5008
vn -0.0002 -0.1308 -0.9914
vn -0.0000 -0.5268 -0.8500
vn 0.2323 -0.3894 -0.8913
vn 0.2035 -0.3833 -0.9009
vn -0.0368 0.9992 0.0181
vn 0.1892 0.9771 0.0975
vn 0.1072 0.9839 0.1427
vn -0.0000 0.4197 0.9077
vn 0.0354 0.4288 0.9027
vn -0.0190 0.1689 0.9854
vn -0.0003 0.1778 0.9841
vn -0.0003 0.0019 1.0000
vn 0.0170 0.0109 0.9998
vn -0.0327 -0.2364 0.9711
vn 0.0326 -0.2460 0.9687
vn -0.0018 -0.4094 0.9124
vn 0.0180 -0.4858 0.8739
vn -0.1561 -0.5604 0.8134
vn 0.0148 -0.6263 0.7794
vn -0.0220 -0.7588 0.6510
vn -0.0000 -0.8569 0.5155
vn -0.0000 -0.9939 0.1103
vn -0.0050 -0.9931 0.1175
vn 0.0326 -0.9528 0.3018
vn -0.0326 -0.9498 0.3111
vn 0.0138 -0.8523 0.5228
vn -0.0001 -0.9984 -0.0569
vn 0.0106 -0.9987 -0.0502
vn -0.0093 -0.9493 -0.3142
vn -0.0000 -0.9514 -0.3078
vn -0.0002 -0.8844 -0.4667
vn 0.0018 -0.8860 -0.4636
vn -0.0081 -0.7329 -0.6803
vn -0.0001 -0.7358 -0.6772
vn -0.0001 -0.4255 -0.9049
vn 0.0017 -0.4267 -0.9044
vn -0.0008 -0.1770 -0.9842
vn -0.0001 -0.0072 -1.0000
vn 0.0017 -0.0099 -0.9999
vn -0.0034 0.2343 -0.9721
vn 0.0050 0.2394 -0.9709
vn -0.0003 0.4093 -0.9124
vn 0.0160 0.5488 -0.8358
vn 0.0050 0.5566 -0.8308
vn -0.0035 0.7555 -0.6551
vn -0.0000 0.8546 -0.5193
vn 0.0018 0.8529 -0.5221
vn -0.0048 0.9511 -0.3090
vn 0.0033 0.9494 -0.3141
vn -0.0006 0.9933 -0.1157
vn 0.0007 0.9987 0.0510
vn -0.0006 0.9513 0.3082
vn -0.0001 0.8866 0.4625
vn -0.0011 0.8860 0.4637
vn 0.0051 0.7363 0.6767
vn 0.0002 0.7358 0.6772
vn 0.0002 0.5461 0.8377
vn -0.0003 0.5461 0.8377
vn -0.0018 0.4914 0.8709
vn 0.0003 -0.1343 -0.9909
vn -0.0000 -0.1347 -0.9909
vn -0.8550 -0.3250 0.4041
vn -0.8659 -0.4934 0.0823
vn -0.8490 -0.5180 0.1041
vn -0.8671 -0.4584 0.1949
vn -0.8354 -0.4569 0.3057
vn -0.8382 -0.4550 0.3007
vn -0.8663 -0.3642 0.3418
vn -0.8642 -0.3433 0.3679
vn -0.8643 -0.3028 0.4017
vn -0.8592 -0.2945 0.4184
vn -0.8692 -0.1890 0.4569
vn -0.8546 -0.1697 0.4908
vn -0.8668 -0.0681 0.4940
vn -0.8624 -0.0479 0.5040
vn -0.8657 0.0164 0.5003
vn -0.8602 0.0382 0.5086
vn -0.8693 0.1423 0.4734
vn -0.8577 0.1704 0.4850
vn -0.8657 0.2631 0.4259
vn -0.8754 0.2863 0.3896
vn -0.8054 0.4760 0.3532
vn -0.8694 0.3451 0.3537
vn -0.8636 0.4203 0.2785
vn -0.8656 0.4398 0.2395
vn -0.8549 0.4751 0.2083
vn -0.8754 0.4671 0.1244
vn -0.8332 0.5523 0.0278
vn -0.8596 0.5049 0.0780
vn -0.8660 0.4975 -0.0503
vn -0.8853 0.4651 -0.0006
vn -0.7980 0.5561 -0.2321
vn -0.8751 0.4729 -0.1025
vn -0.8630 0.4560 -0.2173
vn -0.8654 0.4316 -0.2546
vn -0.8574 0.4198 -0.2977
vn -0.8753 0.3521 -0.3314
vn -0.8534 0.3321 -0.4018
vn -0.8629 0.2875 -0.4156
vn -0.8651 0.2521 -0.4336
vn -0.8698 0.2108 -0.4461
vn -0.8484 0.1716 -0.5007
vn -0.8707 0.0879 -0.4838
vn -0.8624 0.0479 -0.5039
vn -0.8651 0.0035 -0.5016
vn -0.8597 -0.0384 -0.5093
vn -0.8857 -0.1471 -0.4403
vn -0.8521 -0.1355 -0.5055
vn -0.8657 -0.2631 -0.4259
vn -0.8754 -0.2863 -0.3895
vn -0.8484 -0.3735 -0.3752
vn -0.8671 -0.3908 -0.3090
vn -0.8636 -0.4202 -0.2786
vn -0.8656 -0.4397 -0.2396
vn -0.8549 -0.4752 -0.2083
vn -0.8839 -0.4611 -0.0775
vn -0.8479 -0.5146 -0.1276
vn -0.8676 -0.4972 0.0057
vn -0.8569 -0.5144 -0.0322
vn -0.8728 -0.4859 0.0469
vn -0.8485 -0.5157 0.1189
vn -0.8689 -0.4631 0.1746
vn -0.8630 -0.4560 0.2173
vn -0.8654 -0.4316 0.2546
vn -0.8574 -0.4198 0.2978
vn -0.8848 -0.3029 0.3541
vn -0.8381 -0.3889 0.3826
vn -0.8694 -0.2495 0.4265
vn -0.8594 -0.2900 0.4212
vn -0.8698 -0.2107 0.4461
vn -0.8485 -0.1716 0.5007
vn -0.8708 -0.0880 0.4838
vn -0.8624 -0.0478 0.5040
vn -0.8650 -0.0037 0.5017
vn -0.8597 0.0384 0.5094
vn -0.8796 0.1150 0.4617
vn -0.8578 0.1704 0.4850
vn -0.8656 0.2586 0.4288
vn -0.8644 0.2645 0.4276
vn -0.8602 0.3579 0.3634
vn -0.8371 0.3638 0.4086
vn -0.8671 0.3908 0.3090
vn -0.8636 0.4201 0.2787
vn -0.8656 0.4396 0.2396
vn -0.8549 0.4752 0.2083
vn -0.8839 0.4612 0.0775
vn -0.8479 0.5147 0.1276
vn -0.8676 0.4972 -0.0057
vn -0.8569 0.5144 0.0323
vn -0.8728 0.4859 -0.0469
vn -0.8485 0.5157 -0.1189
vn -0.8774 0.4347 -0.2030
vn -0.8594 0.4773 -0.1833
vn -0.8660 0.4091 -0.2875
vn -0.8447 0.4578 -0.2774
vn -0.8848 0.3029 -0.3541
vn -0.8381 0.3889 -0.3826
vn -0.8629 0.2874 -0.4156
vn -0.8658 0.2301 -0.4443
vn -0.8729 0.2470 -0.4208
vn -0.8708 0.0879 -0.4838
vn -0.8651 0.0037 -0.5016
vn -0.8597 -0.0384 -0.5094
vn -0.8795 -0.1149 -0.4617
vn -0.8577 -0.1704 -0.4851
vn -0.8754 -0.2863 -0.3896
vn -0.8054 -0.4761 -0.3531
vn -0.8694 -0.3451 -0.3537
vn -0.8636 -0.4202 -0.2785
vn -0.8754 -0.4671 -0.1243
vn -0.8727 -0.4859 0.0469
vn -0.8332 -0.5523 -0.0277
vn -0.8596 -0.5049 -0.0780
vn -0.8654 -0.5010 0.0063
vn -0.8624 -0.4999 0.0798
vn -0.8644 -0.4763 0.1611
vn -0.8690 -0.4631 0.1746
vn -0.8574 -0.4198 0.2977
vn -0.8848 -0.3028 0.3541
vn -0.8629 -0.2874 0.4156
vn -0.8652 -0.2520 0.4336
vn -0.8698 -0.2108 0.4461
vn -0.8484 -0.1716 0.5007
vn -0.8708 -0.0879 0.4838
vn -0.8624 -0.0479 0.5039
vn -0.8651 -0.0036 0.5016
vn -0.8597 0.0385 0.5093
vn -0.8857 0.1471 0.4403
vn -0.8521 0.1354 0.5055
vn -0.8484 0.3735 0.3752
vn -0.8671 0.3908 0.3088
vn -0.8636 0.4202 0.2785
vn -0.8840 0.4611 0.0775
vn -0.8676 0.4972 -0.0056
vn -0.8569 0.5145 0.0324
vn -0.8690 0.4631 -0.1746
vn -0.8695 0.2492 -0.4265
vn -0.8594 0.2900 -0.4212
vn -0.8795 -0.1150 -0.4617
vn -0.8577 -0.1704 -0.4850
vn -0.8655 -0.2565 -0.4303
vn -0.8639 -0.2651 -0.4282
vn -0.8618 -0.3556 -0.3617
vn -0.8359 -0.3629 -0.4118
vn -0.8671 -0.3908 -0.3089
vn -0.8569 -0.5145 -0.0324
vn -0.8774 -0.4347 0.2030
vn -0.8521 -0.3332 0.4036
vn -0.8707 -0.3718 0.3219
vn -0.8654 -0.4316 0.2547
vn -0.8594 -0.4773 0.1833
vn -0.8652 -0.2519 0.4336
vn -0.8484 -0.1716 0.5008
vn -0.8707 -0.0879 0.4838
vn -0.8795 0.1149 0.4617
vn -0.8577 0.1704 0.4851
vn -0.8635 0.4958 0.0931
vn -0.8643 0.5019 0.0332
vn -0.8639 0.5029 0.0273
vn -0.8655 0.5009 -0.0065
vn -0.8727 0.4859 -0.0469
vn -0.8689 0.4631 -0.1746
vn -0.8848 0.3028 -0.3541
vn -0.8695 0.2493 -0.4265
vn -0.8593 0.2900 -0.4212
vn -0.8651 0.0036 -0.5016
vn -0.8521 -0.1354 -0.5055
vn -0.8479 -0.5147 -0.1276
vn -0.8381 -0.3888 0.3826
vn -0.8694 -0.2495 0.4264
vn -0.8593 -0.2902 0.4211
vn -0.8484 -0.1715 0.5007
vn -0.8707 -0.0880 0.4838
vn -0.8650 -0.0036 0.5017
vn -0.8577 0.1705 0.4850
vn -0.8656 0.2599 0.4280
vn -0.8647 0.2642 0.4272
vn -0.8619 0.3330 0.3823
vn -0.8578 0.4525 0.2437
vn -0.8743 0.4031 0.2704
vn -0.8205 0.5567 0.1303
vn -0.8949 0.4045 0.1886
vn -0.8332 0.5522 0.0278
vn -0.8574 0.4198 -0.2978
vn -0.8652 0.2521 -0.4336
vn -0.8054 -0.4760 -0.3531
vn -0.8612 -0.5007 -0.0877
vn -0.8645 -0.5016 -0.0338
vn -0.8642 -0.5027 -0.0217
vn -0.8754 0.2864 0.3895
vn -0.8484 0.3735 0.3751
vn -0.8630 0.4560 -0.2174
vn -0.8654 0.4316 -0.2547
vn -0.8594 0.2899 -0.4212
vn -0.8657 -0.2647 -0.4248
vn -0.8662 -0.2625 -0.4251
vn -0.8595 -0.3409 -0.3810
vn -0.8333 -0.5522 -0.0278
vn -0.8660 -0.4975 0.0503
vn -0.8852 -0.4651 0.0006
vn -0.7980 -0.5561 0.2321
vn -0.8751 -0.4729 0.1025
vn -0.8753 -0.3521 0.3314
vn -0.8534 -0.3321 0.4018
vn -0.8521 0.1354 0.5056
vn -0.8053 0.4763 0.3531
vn -0.8694 0.3450 0.3537
vn -0.8656 0.4396 0.2397
vn -0.8754 0.4671 0.1243
vn -0.8571 0.5092 0.0780
vn -0.8635 0.5033 0.0336
vn -0.8654 0.5010 -0.0063
vn -0.8649 -0.2442 -0.4386
vn -0.8629 -0.2662 -0.4296
vn -0.8722 -0.3410 -0.3506
vn -0.8296 -0.3577 -0.4286
vn -0.8695 -0.2491 0.4265
vn -0.8651 -0.0034 0.5017
vn -0.8658 0.2683 0.4223
vn -0.8677 0.2608 0.4232
vn -0.8576 0.3467 0.3800
vn -0.8671 0.3908 0.3089
vn -0.8853 0.4650 -0.0005
vn -0.7981 0.5561 -0.2320
vn -0.8651 0.2521 -0.4335
vn -0.8054 -0.4760 -0.3532
vn -0.8571 -0.5093 -0.0780
vn -0.8635 -0.5033 -0.0335
vn -0.8630 -0.4561 0.2172
vn -0.8694 -0.2496 0.4264
vn -0.8648 0.2412 0.4405
vn -0.8631 0.2660 0.4293
vn -0.8748 0.3374 0.3478
vn -0.8282 0.3566 0.4323
vn -0.8636 0.4201 0.2788
vn -0.8704 0.0893 -0.4841
vn -0.8625 0.0493 -0.5036
vn -0.8640 0.0271 -0.5027
vn -0.8646 0.0136 -0.5023
vn -0.8333 -0.5521 -0.0279
vn -0.8853 -0.4651 0.0006
vn -0.7981 -0.5561 0.2320
vn -0.8752 -0.4729 0.1025
vn -0.8616 0.3341 0.3821
vn -0.8650 0.3886 0.3175
vn -0.8671 0.3907 0.3089
vn -0.8479 0.5146 0.1276
vn -0.8649 -0.2451 -0.4380
vn -0.8628 -0.2663 -0.4297
vn -0.8714 -0.3422 -0.3515
vn -0.8301 -0.3581 -0.4273
vn -0.8774 -0.4346 0.2030
vn -0.8594 -0.4773 0.1832
vn -0.8594 -0.2899 0.4212
vn -0.8714 -0.0848 0.4831
vn -0.8630 -0.0480 0.5029
vn -0.8647 -0.0000 0.5023
vn -0.8333 0.5521 0.0278
vn -0.8597 0.5049 0.0780
vn -0.8852 0.4652 -0.0008
vn -0.8478 -0.5147 -0.1276
vn -0.8654 -0.5010 0.0062
vn -0.8695 -0.2492 0.4265
vn -0.8651 -0.0033 0.5017
vn -0.8691 0.2903 0.4005
vn -0.8659 0.2988 0.4011
vn -0.8630 0.3933 0.3172
vn -0.8371 0.4555 0.3030
vn -0.8587 0.3944 0.3273
vn -0.8641 0.4392 0.2458
vn -0.8726 0.4578 0.1703
vn -0.8697 0.4613 0.1759
vn -0.8629 0.4970 0.0910
vn -0.8725 0.4885 0.0052
vn -0.9006 0.4323 0.0443
vn -0.8569 0.5133 -0.0479
vn -0.8726 0.4601 -0.1640
vn -0.8692 0.4647 -0.1688
vn -0.8640 0.4367 -0.2504
vn -0.8722 0.3758 -0.3132
vn -0.8525 0.3947 -0.3427
vn -0.8677 0.2935 -0.4012
vn -0.8539 0.2999 -0.4253
vn -0.8779 0.2135 -0.4286
vn 0.0002 -0.5281 -0.8492
vn 0.0002 -0.6158 -0.7879
vn -0.0000 -0.9978 0.0659
vn -0.0000 -0.4567 0.8896
vn -0.0001 -0.5281 -0.8492
vn -0.0001 -0.6156 -0.7881
vn -0.0000 -0.9978 0.0656
vn 0.0001 0.5280 0.8492
vn 0.0001 0.6158 0.7879
vn -0.0000 0.9978 -0.0656
vn -0.0000 0.4567 -0.8896
vn -0.0001 -0.5279 -0.8493
vn -0.0001 -0.6158 -0.7879
vn -0.0001 -0.9978 0.0656
vn -0.0000 0.9978 -0.0659
vn -0.0000 -0.9978 0.0657
vn -0.0002 0.5280 0.8492
vn -0.0002 0.6158 0.7879
vn -0.0000 0.9978 -0.0657
vn -0.0001 -0.9978 0.0657
vn 0.0001 0.5281 0.8492
vn -0.0000 -0.4569 0.8895
vn 0.0001 0.9978 -0.0659
vn -0.7500 -0.6378 -0.1753
vn 0.5433 -0.7664 -0.3427
vn -0.6839 -0.5584 -0.4695
vn 0.0002 -0.6996 -0.7145
vn -0.0002 -0.1252 -0.9921
vn -0.2039 -0.3339 -0.9203
vn -0.3944 -0.2771 -0.8762
vn -0.0002 0.0436 -0.9990
vn -0.0970 0.0825 -0.9919
vn 0.0662 0.2959 -0.9529
vn -0.0000 0.3379 -0.9412
vn -0.0000 0.4569 -0.8895
vn -0.0238 0.4892 -0.8718
vn 0.0120 0.5350 -0.8448
vn -0.0448 0.6715 -0.7396
vn -0.0857 0.6841 -0.7244
vn 0.0131 0.7860 -0.6181
vn -0.0000 0.8079 -0.5893
vn -0.0000 0.8792 -0.4764
vn -0.0728 0.8952 -0.4396
vn 0.0727 0.9689 -0.2365
vn -0.0000 0.9802 -0.1980
vn -0.0002 0.6738 0.7389
vn 0.0832 0.7010 0.7083
vn -0.0621 0.8384 0.5415
vn -0.0132 0.9995 -0.0295
vn 0.0531 0.9962 0.0691
vn 0.1288 0.9851 0.1143
vn -0.0556 0.9686 0.2424
vn 0.0239 0.9344 0.3555
vn -0.0000 0.9208 0.3901
vn -0.0000 0.8934 0.4492
vn -0.0508 0.8429 0.5357
vn -0.0000 0.1250 0.9922
vn -0.2103 0.3075 0.9280
vn 0.2247 0.4322 0.8733
vn -0.0412 0.1793 0.9829
vn -0.0000 -0.0436 0.9990
vn 0.1342 0.0223 0.9907
vn -0.1933 -0.3067 0.9320
vn 0.0701 -0.2205 0.9729
vn -0.0000 -0.4048 0.9144
vn -0.1007 -0.5873 0.8031
vn 0.0055 -0.5526 0.8334
vn -0.0021 -0.7132 0.7009
vn -0.0583 -0.7509 0.6578
vn -0.0000 -0.7865 0.6175
vn -0.0000 -0.8504 0.5261
vn 0.0583 -0.8760 0.4788
vn -0.2094 -0.9540 0.2144
vn 0.1366 -0.9345 0.3286
vn -0.0000 -0.9924 0.1230
vn -0.0702 -0.9893 -0.1276
vn 0.1934 -0.9806 -0.0326
vn -0.1342 -0.9225 -0.3618
vn -0.0000 -0.9531 -0.3028
vn -0.0000 -0.8885 -0.4589
vn 0.2100 -0.7657 -0.6080
vn -0.2249 -0.6714 -0.7062
vn 0.0410 -0.8613 -0.5064
vn -0.0000 -0.1252 -0.9921
vn -0.2102 -0.3075 -0.9280
vn 0.2249 -0.4322 -0.8733
vn -0.0411 -0.1792 -0.9829
vn -0.0000 0.0436 -0.9991
vn 0.1342 -0.0223 -0.9907
vn -0.1934 0.3067 -0.9320
vn 0.0702 0.2204 -0.9729
vn -0.0000 0.4048 -0.9144
vn -0.1366 0.6300 -0.7645
vn 0.2094 0.5295 -0.8221
vn -0.0583 0.7509 -0.6578
vn -0.0000 0.7866 -0.6175
vn -0.0000 0.8504 -0.5262
vn 0.0583 0.8760 -0.4788
vn -0.2094 0.9540 -0.2144
vn 0.1366 0.9345 -0.3286
vn 0.0001 0.9924 -0.1231
vn -0.0702 0.9893 0.1277
vn 0.1934 0.9806 0.0326
vn -0.1342 0.9226 0.3618
vn -0.0000 0.9531 0.3028
vn -0.0000 0.8886 0.4587
vn 0.2101 0.7656 0.6080
vn -0.2250 0.6713 0.7062
vn 0.0411 0.8613 0.5064
vn -0.0000 0.1254 0.9921
vn -0.2101 0.3075 0.9281
vn 0.2250 0.4322 0.8733
vn -0.0410 0.1793 0.9829
vn 0.1343 0.0223 0.9907
vn -0.0687 -0.5478 0.8338
vn -0.0855 -0.5555 0.8271
vn 0.0482 -0.6756 0.7357
vn -0.0000 -0.8504 0.5262
vn -0.0000 -0.9924 0.1229
vn 0.0014 -0.8408 -0.5413
vn -0.0011 -0.8885 -0.4589
vn -0.0000 -0.8893 -0.4574
vn -0.0410 -0.1793 -0.9829
vn 0.0012 0.4017 -0.9158
vn -0.0108 0.2261 -0.9740
vn -0.1699 0.2840 -0.9437
vn 0.1343 -0.0225 -0.9907
vn -0.0000 0.0435 -0.9991
vn -0.2093 0.9540 -0.2144
vn -0.0000 0.9924 -0.1229
vn -0.1343 0.9225 0.3618
vn 0.1933 0.9806 0.0326
vn -0.0702 0.9893 0.1276
vn -0.0000 0.9531 0.3027
vn -0.0015 0.8392 0.5438
vn 0.0038 0.6998 0.7144
vn 0.1569 0.7336 0.6612
vn 0.0002 0.1251 0.9921
vn -0.2100 0.3075 0.9281
vn 0.0002 -0.0435 0.9991
vn -0.1365 -0.6300 0.7645
vn 0.2093 -0.5295 0.8221
vn -0.0000 -0.7866 0.6175
vn 0.0583 -0.8760 0.4789
vn -0.1341 -0.9226 -0.3617
vn -0.0001 -0.9531 -0.3028
vn -0.0002 -0.8886 -0.4586
vn -0.2250 -0.6713 -0.7062
vn 0.2103 -0.7656 -0.6080
vn -0.2102 -0.3076 -0.9280
vn 0.2250 -0.4322 -0.8732
vn -0.0000 -0.0800 -0.9968
vn 0.0063 0.0432 -0.9990
vn 0.1314 -0.0195 -0.9911
vn -0.1934 0.3067 -0.9319
vn 0.0704 0.2204 -0.9729
vn -0.0000 0.4052 -0.9142
vn -0.0749 0.5554 -0.8282
vn -0.0748 0.5554 -0.8282
vn 0.0386 0.6830 -0.7294
vn -0.1345 0.9225 0.3619
vn 0.0002 0.9531 0.3027
vn 0.0002 0.8885 0.4589
vn 0.2102 0.7657 0.6079
vn -0.2249 0.6714 0.7062
vn -0.0411 0.1792 0.9830
vn -0.1934 -0.3067 0.9319
vn 0.0097 -0.1058 0.9943
vn -0.0103 0.0134 0.9999
vn -0.0000 0.0230 0.9997
vn 0.0703 -0.2205 0.9729
vn -0.0000 -0.4051 0.9143
vn -0.1367 -0.6300 0.7645
vn 0.2094 -0.5295 0.8221
vn -0.2093 -0.9540 0.2144
vn -0.0001 -0.9924 0.1229
vn -0.0703 -0.9893 -0.1276
vn 0.1933 -0.9806 -0.0326
vn -0.1344 -0.9225 -0.3618
vn -0.0000 -0.9531 -0.3027
vn -0.2099 -0.3076 -0.9281
vn -0.0410 -0.1792 -0.9829
vn 0.1341 -0.0223 -0.9907
vn -0.1365 0.6300 -0.7645
vn 0.2099 0.7657 0.6080
vn -0.0701 -0.5494 0.8326
vn -0.0836 -0.5554 0.8273
vn 0.0463 -0.6770 0.7345
vn -0.0000 -0.8885 -0.4588
vn -0.1932 0.3067 -0.9320
vn 0.0005 0.1152 -0.9933
vn -0.0003 -0.0140 -0.9999
vn -0.0000 -0.0143 -0.9999
vn 0.0701 0.2205 -0.9729
vn -0.0000 0.4047 -0.9144
vn 0.0583 0.8760 -0.4789
vn -0.0704 0.9893 0.1277
vn 0.1935 0.9806 0.0325
vn -0.1341 0.9226 0.3618
vn 0.0702 -0.2205 0.9729
vn -0.0000 -0.8886 -0.4586
vn 0.2100 -0.7656 -0.6081
vn -0.2247 -0.6714 -0.7062
vn 0.0412 -0.8613 -0.5064
vn -0.0773 0.5584 -0.8260
vn -0.0697 0.5553 -0.8287
vn 0.0349 0.6859 -0.7269
vn -0.0000 0.8504 -0.5261
vn -0.0000 0.8885 0.4590
vn 0.0410 0.8613 0.5065
vn 0.0058 0.2262 0.9741
vn -0.0164 0.4293 0.9030
vn -0.1527 0.3731 0.9152
vn -0.0000 -0.0435 0.9991
vn 0.1344 0.0225 0.9907
vn 0.0703 -0.2204 0.9729
vn 0.0001 -0.4048 0.9144
vn 0.0001 -0.4567 0.8896
vn 0.0004 -0.9978 0.0666
vn -0.0030 -0.9923 -0.1236
vn 0.1742 -0.9833 -0.0532
vn -0.0002 -0.9531 -0.3028
vn 0.2103 -0.7656 -0.6079
vn -0.0000 0.4051 -0.9143
vn 0.2094 0.5294 -0.8221
vn 0.2099 0.7656 0.6080
vn 0.0392 0.8604 0.5081
vn -0.0013 0.8886 0.4588
vn -0.0000 0.9056 0.4242
vn 0.2250 0.4322 0.8732
vn 0.1340 0.0223 0.9907
vn -0.1936 -0.3067 0.9319
vn 0.0704 -0.2204 0.9729
vn -0.0000 -0.4052 0.9142
vn -0.0837 -0.5664 0.8198
vn -0.0537 -0.5550 0.8301
vn 0.0248 -0.6935 0.7200
vn 0.1365 -0.9346 0.3286
vn 0.1935 -0.9806 -0.0325
vn -0.2100 -0.3076 -0.9281
vn -0.0000 0.9924 -0.1230
vn -0.0039 0.9985 -0.0551
vn 0.0298 0.9921 0.1216
vn 0.1632 0.9844 0.0652
vn 0.0265 -0.8541 -0.5194
vn -0.0064 -0.8883 -0.4592
vn -0.0000 -0.8998 -0.4363
vn -0.0910 0.5754 -0.8128
vn -0.0313 0.5543 -0.8317
vn 0.0133 0.7021 -0.7120
vn -0.0051 -0.9066 0.4220
vn 0.0126 -0.9723 0.2334
vn 0.0961 -0.9585 0.2685
vn -0.1342 -0.9226 -0.3618
vn 0.0412 -0.8614 -0.5063
vn -0.0000 -0.1248 -0.9922
vn 0.2250 -0.4323 -0.8732
vn -0.0412 -0.1791 -0.9830
vn 0.2093 0.5295 -0.8221
vn 0.0177 0.8496 0.5272
vn -0.0069 0.8882 0.4593
vn -0.0000 0.8961 0.4438
vn -0.1344 0.9225 0.3618
vn -0.0968 -0.5825 0.8071
vn -0.0104 -0.5535 0.8328
vn 0.0042 -0.7087 0.7055
vn -0.0703 -0.9893 -0.1277
vn 0.2100 0.7656 0.6080
vn -0.0002 0.6157 0.7879
vn -0.0002 0.4533 0.8914
vn -0.0648 0.4257 0.9025
vn 0.0453 0.2098 0.9767
vn -0.0000 0.1819 0.9833
vn -0.0000 0.0436 0.9990
vn -0.0231 0.0124 0.9997
vn 0.0599 -0.1355 0.9890
vn -0.1906 -0.2331 0.9536
vn 0.3169 -0.4421 0.8391
vn 0.8920 0.0915 0.4426
vn 0.8570 0.1468 -0.4940
vn 0.8570 -0.1467 0.4941
vn -0.0416 0.1116 0.9929
vn 0.8543 -0.2676 0.4457
vn 0.8657 -0.1700 0.4709
vn 0.8309 -0.1200 0.5433
vn 0.8608 -0.0915 0.5007
vn 0.8636 0.0420 0.5024
vn 0.8413 -0.4113 0.3508
vn 0.8602 -0.3590 0.3621
vn 0.8697 -0.2625 0.4180
vn 0.8612 -0.4716 0.1898
vn 0.8501 -0.4942 0.1820
vn 0.8691 -0.4008 0.2897
vn 0.8541 -0.4874 -0.1815
vn 0.8644 -0.4919 -0.1038
vn 0.8630 -0.5033 -0.0438
vn 0.8736 -0.4867 -0.0085
vn 0.8579 -0.5103 0.0594
vn 0.8609 -0.5035 0.0726
vn 0.8643 -0.4937 0.0958
vn 0.8656 -0.3115 -0.3921
vn 0.8568 -0.4028 -0.3220
vn 0.8620 -0.3920 -0.3215
vn 0.8626 -0.4641 -0.2013
vn 0.8256 -0.5409 -0.1608
vn 0.8650 -0.3100 -0.3945
vn 0.8585 -0.2190 -0.4637
vn 0.8381 -0.2554 -0.4820
vn 0.8671 -0.1556 -0.4732
vn 0.8636 -0.1170 -0.4903
vn 0.8656 -0.0739 -0.4952
vn 0.8549 -0.0321 -0.5179
vn 0.8754 0.0439 -0.4814
vn 0.8571 0.1019 -0.5050
vn 0.8635 0.1418 -0.4840
vn 0.8654 0.1784 -0.4682
vn 0.8678 0.1882 -0.4599
vn 0.8631 0.2225 -0.4534
vn 0.8654 0.2594 -0.4287
vn 0.8571 0.3027 -0.4168
vn 0.8690 0.3232 -0.3747
vn 0.8630 0.3609 -0.3535
vn 0.8654 0.3875 -0.3177
vn 0.8694 0.4862 -0.0874
vn 0.8381 0.4930 -0.2335
vn 0.8848 0.4367 -0.1626
vn 0.8574 0.4240 -0.2918
vn 0.8651 0.4723 0.1692
vn 0.8624 0.4897 0.1284
vn 0.8708 0.4845 0.0839
vn 0.8484 0.5292 0.0111
vn 0.8698 0.4914 -0.0445
vn 0.8594 0.4952 -0.1274
vn 0.8644 0.4713 0.1753
vn 0.8636 0.4532 0.2209
vn 0.8795 0.3940 0.2667
vn 0.8577 0.3968 0.3268
vn 0.8657 0.3094 0.3935
vn 0.8754 0.2673 0.4028
vn 0.8728 -0.2112 0.4401
vn 0.8054 0.1679 0.5684
vn 0.8694 0.2134 0.4457
vn 0.8578 0.0732 0.5087
vn 0.8743 0.1153 0.4714
vn 0.8205 -0.0692 0.5675
vn 0.8949 0.0379 0.4446
vn 0.8331 -0.1641 0.5282
vn 0.8596 -0.1005 0.5009
vn 0.8654 -0.1782 0.4683
vn 0.8610 -0.2513 0.4421
vn 0.8653 -0.3166 0.3886
vn 0.8689 -0.3232 0.3748
vn 0.8630 -0.3609 0.3535
vn 0.8654 -0.3875 0.3177
vn 0.8574 -0.4240 0.2918
vn 0.8848 -0.4366 0.1626
vn 0.8381 -0.4930 0.2336
vn 0.8695 -0.4862 0.0873
vn 0.8593 -0.4953 0.1275
vn 0.8698 -0.4914 0.0445
vn 0.8484 -0.5292 -0.0111
vn 0.8708 -0.4845 -0.0839
vn 0.8624 -0.4896 -0.1284
vn 0.8651 -0.4723 -0.1690
vn 0.8597 -0.4651 -0.2113
vn 0.8857 -0.3629 -0.2896
vn 0.8522 -0.4280 -0.3011
vn 0.8657 -0.3094 -0.3935
vn 0.8754 -0.2673 -0.4028
vn 0.8484 -0.2238 -0.4797
vn 0.8671 -0.1557 -0.4732
vn 0.8636 -0.1171 -0.4904
vn 0.8656 -0.0737 -0.4953
vn 0.8839 0.0858 -0.4597
vn 0.8479 0.0572 -0.5271
vn 0.8676 0.1763 -0.4649
vn 0.8728 0.2112 -0.4401
vn 0.8485 0.2891 -0.4433
vn 0.8695 0.4862 -0.0872
vn 0.8593 0.4953 -0.1274
vn 0.8707 0.4845 0.0839
vn 0.8597 0.4651 0.2113
vn 0.8655 0.3141 0.3902
vn 0.8643 0.3106 0.3956
vn 0.8628 0.2458 0.4419
vn 0.8484 0.2238 0.4798
vn 0.8671 0.1556 0.4732
vn 0.8578 0.0733 0.5087
vn 0.8204 -0.0692 0.5675
vn 0.8333 -0.1637 0.5280
vn 0.8701 -0.2206 0.4407
vn 0.8588 -0.3054 0.4112
vn 0.8690 -0.3232 0.3748
vn 0.8707 -0.4845 -0.0839
vn 0.8624 -0.4897 -0.1284
vn 0.8650 -0.4723 -0.1693
vn 0.8639 -0.4705 -0.1799
vn 0.8648 -0.4495 -0.2239
vn 0.8795 -0.3941 -0.2667
vn 0.8577 -0.3969 -0.3268
vn 0.8055 -0.1679 -0.5683
vn 0.8694 -0.2134 -0.4457
vn 0.8578 -0.0732 -0.5087
vn 0.8743 -0.1154 -0.4714
vn 0.8549 -0.0322 -0.5178
vn 0.8754 0.0439 -0.4813
vn 0.8621 0.0872 -0.4991
vn 0.8645 0.1410 -0.4825
vn 0.8641 0.1506 -0.4803
vn 0.8654 0.1782 -0.4683
vn 0.8728 0.2111 -0.4401
vn 0.8689 0.3232 -0.3748
vn 0.8654 0.3876 -0.3177
vn 0.8848 0.4366 -0.1626
vn 0.8381 0.4930 -0.2336
vn 0.8695 0.4862 -0.0873
vn 0.8857 0.3629 0.2896
vn 0.8521 0.4281 0.3011
vn 0.8484 0.2238 0.4797
vn 0.8636 0.1170 0.4904
vn 0.8656 0.0738 0.4953
vn 0.8549 0.0322 0.5178
vn 0.8839 -0.0858 0.4597
vn 0.8479 -0.0572 0.5271
vn 0.8676 -0.1764 0.4649
vn 0.8569 -0.1467 0.4942
vn 0.8727 -0.2112 0.4401
vn 0.8485 -0.2891 0.4434
vn 0.8848 -0.4367 0.1626
vn 0.8381 -0.4930 0.2335
vn 0.8695 -0.4862 0.0874
vn 0.8707 -0.4846 -0.0838
vn 0.8624 -0.4897 -0.1282
vn 0.8651 -0.4722 -0.1692
vn 0.8597 -0.4650 -0.2113
vn 0.8796 -0.3940 -0.2667
vn 0.8577 -0.3968 -0.3269
vn 0.8657 -0.3098 -0.3933
vn 0.8656 -0.3095 -0.3937
vn 0.8605 -0.2422 -0.4482
vn 0.8727 0.2112 -0.4401
vn 0.8579 -0.0732 -0.5087
vn 0.8744 -0.1153 -0.4714
vn 0.8205 0.0692 -0.5675
vn 0.8949 -0.0379 -0.4446
vn 0.8336 0.1632 -0.5278
vn 0.8596 0.1005 -0.5010
vn 0.8685 0.2264 -0.4410
vn 0.8601 0.3076 -0.4069
vn 0.8651 0.4723 0.1691
vn 0.8656 0.0737 0.4953
vn 0.8639 0.0666 0.4992
vn 0.8639 0.0016 0.5036
vn 0.8754 -0.0439 0.4813
vn 0.8571 -0.1019 0.5050
vn 0.8485 -0.2891 0.4433
vn 0.8654 -0.3876 0.3177
vn 0.8594 -0.4952 0.1272
vn 0.8698 -0.4913 0.0445
vn 0.8485 -0.5291 -0.0111
vn 0.8708 -0.4845 -0.0838
vn 0.8651 -0.4723 -0.1689
vn 0.8795 -0.3940 -0.2668
vn 0.8578 -0.3968 -0.3268
vn 0.8649 -0.3292 -0.3790
vn 0.8629 -0.3117 -0.3978
vn 0.8732 -0.2114 -0.4390
vn 0.8291 -0.2810 -0.4834
vn 0.8636 -0.1171 -0.4903
vn 0.8676 0.1765 -0.4648
vn 0.8569 0.1468 -0.4941
vn 0.8485 0.2890 -0.4434
vn 0.8658 0.3062 0.3958
vn 0.8669 0.3084 0.3917
vn 0.8586 0.2391 0.4535
vn 0.8743 0.1153 0.4715
vn 0.8333 -0.1638 0.5280
vn 0.8698 -0.2217 0.4407
vn 0.8591 -0.3059 0.4104
vn 0.8630 -0.3609 0.3534
vn 0.8521 -0.4281 -0.3011
vn 0.8628 -0.0622 -0.5017
vn 0.8650 0.0026 -0.5017
vn 0.8676 0.1763 -0.4650
vn 0.8594 0.4952 -0.1273
vn 0.8577 0.3968 0.3269
vn 0.8650 0.3253 0.3820
vn 0.8628 0.3119 0.3978
vn 0.8698 0.2132 0.4449
vn 0.8310 0.2757 0.4832
vn 0.8671 0.1557 0.4732
vn 0.8636 0.1171 0.4904
vn 0.8569 -0.1466 0.4942
vn 0.8715 -0.4264 -0.2421
vn 0.8384 -0.3979 -0.3724
vn 0.8659 -0.3015 -0.3992
vn 0.8689 -0.3066 -0.3886
vn 0.8560 -0.2351 -0.4604
vn 0.8743 -0.1153 -0.4715
vn 0.8204 0.0692 -0.5676
vn 0.8949 -0.0380 -0.4446
vn 0.8678 0.2286 -0.4411
vn 0.8606 0.3085 -0.4052
vn 0.8689 0.3233 -0.3748
vn 0.8654 0.3876 -0.3176
vn 0.8625 0.2453 0.4427
vn 0.8644 0.1666 0.4744
vn 0.8840 -0.0858 0.4596
vn 0.8478 -0.0572 0.5271
vn 0.8569 -0.1467 0.4941
vn 0.8649 -0.3283 -0.3798
vn 0.8629 -0.3118 -0.3977
vn 0.8726 -0.2117 -0.4401
vn 0.8294 -0.2801 -0.4834
vn 0.8839 0.0859 -0.4597
vn 0.8478 0.0572 -0.5272
vn 0.8676 0.1764 -0.4650
vn 0.8569 0.1469 -0.4940
vn 0.8630 0.3609 -0.3534
vn 0.8787 0.4628 0.1170
vn 0.8591 0.5036 0.0920
vn 0.8647 0.4755 0.1620
vn 0.8650 0.4720 0.1701
vn 0.8600 0.4643 0.2119
vn 0.8332 -0.1639 0.5281
vn 0.8661 -0.2347 0.4414
vn 0.8619 -0.3107 0.4006
vn 0.8698 -0.4913 0.0446
vn 0.8657 -0.3092 -0.3936
vn 0.8594 0.4953 -0.1274
vn 0.8624 0.4896 0.1284
vn 0.8577 0.3969 0.3269
vn 0.8651 0.3239 0.3830
vn 0.8629 0.3118 0.3978
vn 0.8686 0.2138 0.4470
vn 0.8318 0.2736 0.4830
vn 0.8549 0.0321 0.5178
vn 0.8569 -0.1466 0.4943
vn 0.8643 -0.4783 -0.1553
vn 0.8643 -0.4739 -0.1685
vn 0.8647 -0.4703 -0.1761
vn 0.8616 -0.4594 -0.2160
vn 0.8795 -0.3941 -0.2668
vn 0.8657 -0.3095 -0.3935
vn 0.8331 0.1641 -0.5281
vn 0.8597 0.1005 -0.5009
vn 0.8640 0.2418 -0.4417
vn 0.8634 0.3133 -0.3954
vn 0.8574 0.4239 -0.2918
vn 0.8698 0.4913 -0.0445
vn 0.8839 -0.0858 0.4596
vn 0.8707 -0.4846 -0.0839
vn 0.8650 -0.4723 -0.1692
vn 0.8597 -0.4651 -0.2112
vn 0.8653 -0.3200 -0.3859
vn 0.8632 -0.3116 -0.3972
vn 0.8652 -0.2156 -0.4527
vn 0.8339 -0.2678 -0.4826
vn 0.8671 -0.1557 -0.4731
vn 0.8636 -0.1168 -0.4904
vn 0.8840 0.0858 -0.4596
vn 0.8568 0.1462 -0.4945
vn 0.8753 0.4323 -0.2166
vn 0.8534 0.4915 -0.1736
vn 0.8629 0.4891 -0.1270
vn 0.8659 0.4965 -0.0615
vn 0.8736 0.4787 -0.0871
vn 0.8475 0.5306 0.0132
vn 0.8648 0.4718 0.1718
vn 0.8628 0.4558 0.2187
vn 0.8622 -0.2474 0.4420
vn 0.8645 -0.3152 0.3914
vn 0.8694 -0.4862 0.0876
vn 0.8594 -0.4952 0.1275
vn 0.8857 -0.3628 -0.2896
vn 0.8654 0.3875 -0.3178
vn 0.8622 0.3062 0.4035
vn 0.8648 0.3291 0.3792
vn 0.8577 0.3969 0.3268
vn 0.9022 0.0760 0.4247
vn 0.8485 0.2693 0.4555
vn 0.8658 0.2747 0.4183
vn 0.8600 0.1588 0.4850
vn 1.0000 -0.0000 -0.0000
vn 1.0000 -0.0000 -0.0001
vn 1.0000 -0.0001 -0.0000
vn 1.0000 -0.0000 -0.0002
vn 0.9882 -0.0269 -0.1508
vn 0.1083 -0.1121 -0.9878
vn 0.7572 -0.1172 -0.6426
vn 0.9438 -0.0869 -0.3189
vn 0.9194 -0.0893 -0.3830
vn 0.9801 -0.0417 -0.1941
vn 0.9974 -0.0210 -0.0683
vn 0.1985 -0.1766 -0.9641
vn 0.1556 -0.2116 -0.9649
vn 0.4406 -0.1625 -0.8829
vn 0.5236 -0.1226 -0.8431
vn 0.7569 -0.0940 -0.6467
vn 0.9195 -0.0566 -0.3891
vn 0.9195 -0.0566 -0.3890
vn 0.9936 -0.0163 -0.1119
vn 0.9936 -0.0114 -0.1124
vn 0.9940 -0.0076 -0.1093
vn 0.9195 -0.0271 -0.3921
vn 0.7569 -0.0451 -0.6519
vn 0.5238 -0.0588 -0.8498
vn 0.5236 -0.0588 -0.8499
vn 0.9887 -0.0049 -0.1501
vn 0.9936 -0.0004 -0.1131
vn 0.9196 -0.0014 -0.3930
vn 0.9196 -0.0014 -0.3929
vn 0.7570 -0.0023 -0.6534
vn 0.5238 -0.0030 -0.8518
vn 0.5238 -0.0030 -0.8519
vn 0.1863 -0.0035 -0.9825
vn 0.1278 0.0082 -0.9918
vn 0.2157 -0.0364 -0.9758
vn 0.1419 -0.0683 -0.9875
vn 0.3279 -0.1359 -0.9349
vn 0.5237 -0.1806 -0.8325
vn 0.7666 -0.1187 -0.6310
vn 0.0028 -0.9380 -0.3466
vn -0.0097 -0.8983 -0.4393
vn -0.0128 -0.8973 -0.4413
vn -0.0140 -0.8962 -0.4433
vn -0.0120 -0.8988 -0.4381
vn -0.0000 -0.8743 -0.4854
vn 0.0530 -0.8840 -0.4644
vn 0.0145 -0.8854 -0.4647
vn -0.0030 -0.8780 -0.4786
vn -0.0003 -0.8748 -0.4845
vn 0.0098 -0.8992 -0.4374
vn 0.0127 -0.8939 -0.4482
vn -0.0213 -0.9224 -0.3857
vn 0.0093 -0.8862 -0.4632
vn -0.0140 -0.8875 -0.4606
vn 0.0043 -0.8783 -0.4780
vn 0.0012 -0.8764 -0.4816
vn -0.0005 -0.9636 -0.2674
vn 0.0004 -0.9395 -0.3425
vn 0.0039 -0.9159 -0.4013
vn -0.0060 -0.9817 -0.1902
vn -0.0196 -0.9929 -0.1177
vn 0.0177 -0.9714 -0.2369
vn -0.0104 -0.9978 -0.0650
vn 0.0145 -0.9864 -0.1640
vn 0.0018 -0.9952 -0.0980
vn -0.0001 -0.9988 -0.0492
vn -0.0001 -0.9987 -0.0518
vn 0.0001 -0.9986 -0.0525
vn -0.0002 -0.9855 -0.1697
vn -0.0014 -0.9863 -0.1649
vn 0.0008 -0.9499 -0.3124
vn -0.0042 -0.9617 -0.2740
vn 0.0061 -0.9136 -0.4065
vn 0.0026 -0.9212 -0.3891
vn -0.0016 -0.8594 -0.5113
vn -0.0000 -0.8520 -0.5236
vn -0.0000 -0.8084 -0.5887
vn -0.0009 -0.8001 -0.5998
vn 0.0026 -0.7353 -0.6777
vn -0.0076 -0.6990 -0.7151
vn -0.0000 -0.6494 -0.7605
vn -0.0000 -0.5893 -0.8079
vn 0.0025 -0.6044 -0.7967
vn -0.0039 -0.5192 -0.8547
vn -0.0073 -0.5055 -0.8628
vn -0.0008 -0.4581 -0.8889
vn 0.0014 -0.3703 -0.9289
vn -0.0088 -0.3266 -0.9451
vn -0.0020 -0.2799 -0.9600
vn 0.0009 -0.2242 -0.9746
vn -0.0000 -0.2097 -0.9778
vn -0.0000 -0.1535 -0.9882
vn -0.0054 -0.1142 -0.9934
vn 0.0041 -0.0463 -0.9989
vn -0.0006 -0.0036 -1.0000
vn 0.0002 0.0336 -0.9994
vn -0.0013 0.0690 -0.9976
vn 0.0044 0.1082 -0.9941
vn -0.0036 0.1519 -0.9884
vn -0.0010 0.1662 -0.9861
vn 0.0007 0.1891 -0.9820
vn 0.0068 0.1748 -0.9846
vn 0.0039 0.1720 -0.9851
vn -0.0025 0.1509 -0.9885
vn 0.0005 0.1548 -0.9879
vn -0.0004 0.1314 -0.9913
vn 0.0021 0.1246 -0.9922
vn -0.0018 0.0967 -0.9953
vn 0.0052 0.0676 -0.9977
vn 0.0020 0.0581 -0.9983
vn -0.0005 0.0261 -0.9997
vn -0.0012 0.0188 -0.9998
vn 0.0007 0.0083 -1.0000
vn -0.0009 -0.0224 -0.9997
vn -0.0003 -0.1201 -0.9928
vn 0.0051 -0.1322 -0.9912
vn -0.0004 -0.1169 -0.9931
vn 0.0011 -0.0532 -0.9986
vn 0.0118 -0.0679 -0.9976
vn 0.0049 -0.0470 -0.9989
vn 0.0088 -0.1679 -0.9858
vn 0.0029 -0.1608 -0.9870
vn 0.0001 -0.1484 -0.9889
vn 0.0192 -0.9950 -0.0980
vn -0.0323 -0.9712 -0.2359
vn -0.0137 -0.9849 -0.1727
vn -0.0074 -0.9109 -0.4125
vn -0.0009 -0.9346 -0.3556
vn 0.0004 -0.9631 -0.2690
vn 0.0033 -0.9804 -0.1972
vn -0.0004 -0.9714 -0.2376
vn -0.0044 -0.9940 -0.1094
vn 0.0007 -0.9982 -0.0607
vn -0.0001 -0.9992 -0.0395
vn -0.0006 -0.9987 -0.0519
vn 0.0073 -0.9928 -0.1192
vn 0.0112 -0.9948 -0.1008
vn 0.0019 -0.9870 -0.1608
vn -0.0291 -0.8722 -0.4883
vn 0.0222 -0.9414 -0.3365
vn -0.0145 -0.8365 -0.5477
vn 0.0140 -0.7235 -0.6902
vn 0.0060 -0.6990 -0.7151
vn -0.0028 -0.7821 -0.6232
vn -0.0000 -0.8001 -0.5999
vn -0.0000 -0.8321 -0.5546
vn 0.0029 -0.8803 -0.4744
vn 0.0072 -0.5055 -0.8628
vn 0.0094 -0.7057 -0.7085
vn -0.0000 -0.6613 -0.7501
vn -0.0000 -0.6045 -0.7966
vn 0.0005 -0.6107 -0.7918
vn -0.0015 -0.5437 -0.8393
vn -0.0013 -0.4458 -0.8951
vn 0.0028 -0.3385 -0.9410
vn 0.0061 -0.3266 -0.9451
vn -0.0013 -0.2325 -0.9726
vn -0.0000 -0.1627 -0.9867
vn 0.0049 -0.1142 -0.9934
vn 0.0023 -0.0989 -0.9951
vn -0.0024 -0.0036 -1.0000
vn 0.0105 0.1207 -0.9926
vn -0.0015 0.1519 -0.9884
vn 0.0007 0.0760 -0.9971
vn 0.0015 0.0690 -0.9976
vn -0.0000 0.0430 -0.9991
vn -0.0000 -0.0169 -0.9999
vn -0.0027 0.1784 -0.9840
vn -0.0022 0.1806 -0.9835
vn -0.0073 0.1748 -0.9846
vn 0.0014 0.1012 -0.9949
vn -0.0022 0.1246 -0.9922
vn -0.0031 0.1218 -0.9926
vn 0.0043 0.1509 -0.9885
vn -0.0025 0.1415 -0.9899
vn 0.0009 0.1597 -0.9872
vn -0.0028 0.0760 -0.9971
vn -0.0078 0.0586 -0.9983
vn -0.0037 0.0676 -0.9977
vn 0.0003 0.0334 -0.9994
vn 0.0001 0.0261 -0.9997
vn -0.0035 -0.1314 -0.9913
vn -0.0085 -0.1127 -0.9936
vn -0.0082 -0.1121 -0.9937
vn -0.0031 -0.0982 -0.9952
vn -0.0004 0.0083 -1.0000
vn 0.0016 -0.0028 -1.0000
vn -0.0021 -0.0373 -0.9993
vn -0.0026 -0.0352 -0.9994
vn 0.0013 -0.0681 -0.9977
vn -0.0001 -0.1525 -0.9883
vn -0.0005 -0.1681 -0.9858
vn -0.0040 -0.1801 -0.9836
vn -0.2338 0.4249 -0.8745
vn -0.2627 0.3381 -0.9037
vn -0.2583 0.3633 -0.8952
vn -0.2594 0.3123 -0.9139
vn -0.2140 0.3909 -0.8952
vn -0.2369 0.3864 -0.8914
vn -0.2275 0.3952 -0.8900
vn -0.2154 0.3981 -0.8917
vn -0.2576 0.3715 -0.8920
vn -0.2553 0.3819 -0.8882
vn -0.2463 0.4104 -0.8780
vn -0.2425 0.4196 -0.8747
vn -0.2367 0.4277 -0.8724
vn -0.3227 0.3508 -0.8791
vn -0.2715 0.4148 -0.8685
vn -0.3680 0.3602 -0.8572
vn -0.3270 0.4015 -0.8555
vn -0.4045 0.3466 -0.8463
vn -0.3652 0.3890 -0.8458
vn -0.4546 0.3246 -0.8295
vn -0.4161 0.3932 -0.8199
vn -0.4870 0.3002 -0.8202
vn -0.4395 0.3683 -0.8193
vn -0.5049 0.2963 -0.8107
vn -0.4738 0.3449 -0.8103
vn -0.5461 0.2730 -0.7920
vn -0.5316 0.3104 -0.7880
vn -0.5812 0.2516 -0.7739
vn -0.5967 0.2286 -0.7692
vn -0.5819 0.2795 -0.7637
vn -0.6208 0.1942 -0.7595
vn -0.6203 0.2445 -0.7453
vn -0.6491 0.1735 -0.7406
vn -0.6481 0.2125 -0.7313
vn -0.6597 0.1644 -0.7333
vn -0.6547 0.1949 -0.7304
vn -0.6691 0.1585 -0.7261
vn -0.6704 0.1855 -0.7184
vn -0.6739 0.1539 -0.7226
vn -0.6738 0.1497 -0.7236
vn -0.6809 0.1504 -0.7167
vn -0.6822 0.1736 -0.7102
vn -0.6832 0.1639 -0.7116
vn -0.6875 0.1432 -0.7119
vn -0.6919 0.1525 -0.7057
vn -0.6970 0.1352 -0.7043
vn -0.6984 0.1340 -0.7030
vn -0.7014 0.1268 -0.7014
vn -0.7063 0.1324 -0.6954
vn -0.7070 0.1285 -0.6954
vn -0.7147 -0.0583 -0.6969
vn -0.6999 0.1042 -0.7066
vn -0.7090 0.1178 -0.6953
vn -0.7129 0.0596 -0.6987
vn -0.7144 0.0657 -0.6967
vn -0.7125 0.0123 -0.7016
vn -0.7158 0.0309 -0.6976
vn -0.7146 0.0053 -0.6995
vn -0.7204 -0.0406 -0.6924
vn -0.7152 -0.1030 -0.6913
vn -0.7170 -0.1506 -0.6806
vn -0.7168 -0.1518 -0.6805
vn -0.7145 -0.2139 -0.6662
vn -0.7160 -0.2058 -0.6671
vn -0.7149 -0.2610 -0.6487
vn -0.7038 -0.3278 -0.6302
vn -0.7184 -0.2896 -0.6325
vn -0.7049 -0.4105 -0.5784
vn -0.7172 -0.3760 -0.5867
vn -0.7014 -0.4654 -0.5399
vn -0.7030 -0.4604 -0.5421
vn -0.7021 -0.5278 -0.4781
vn -0.7086 -0.5096 -0.4881
vn -0.6945 -0.5538 -0.4593
vn -0.6896 -0.5883 -0.4223
vn -0.6877 -0.6015 -0.4065
vn -0.6839 -0.6391 -0.3520
vn -0.6792 -0.6252 -0.3844
vn -0.6202 -0.7814 -0.0685
vn -0.6281 -0.7732 -0.0874
vn -0.6323 -0.7611 -0.1447
vn -0.6588 -0.7089 -0.2520
vn -0.6591 -0.7105 -0.2466
vn -0.6680 -0.6786 -0.3056
vn -0.5979 -0.8016 -0.0013
vn -0.5880 -0.8066 0.0603
vn -0.5880 -0.8066 0.0605
vn -0.5488 -0.8269 0.1226
vn -0.5547 -0.8259 0.1008
vn -0.4807 -0.8587 0.1776
vn -0.5286 -0.8449 0.0814
vn -0.4346 -0.8811 0.1866
vn -0.5179 -0.8521 0.0749
vn -0.3962 -0.8974 0.1941
vn -0.4728 -0.8797 0.0499
vn -0.3203 -0.9343 0.1568
vn -0.4133 -0.9082 0.0664
vn -0.0882 -0.9938 0.0671
vn -0.2075 -0.9782 0.0053
vn -0.1335 -0.9860 0.1003
vn -0.3031 -0.9527 0.0223
vn -0.2028 -0.9681 0.1472
vn -0.2461 -0.9626 0.1136
vn -0.0594 -0.9981 0.0150
vn -0.0873 -0.9958 0.0295
vn -0.1388 -0.9902 0.0171
vn -0.0388 -0.9991 0.0151
vn -0.0153 -0.9994 0.0315
vn -0.0425 -0.9984 -0.0383
vn -0.0015 -0.9999 0.0157
vn -0.0121 -0.9999 -0.0037
vn 0.9618 0.2688 -0.0510
vn 0.9731 0.2021 -0.1105
vn 0.9915 0.1157 -0.0595
vn 0.9990 0.0394 -0.0188
vn 0.9976 0.0618 -0.0308
vn 0.9583 0.2616 -0.1150
vn 0.9793 0.1788 -0.0948
vn 0.8440 0.4852 -0.2285
vn 0.8928 0.4031 -0.2009
vn -0.2286 0.8788 -0.4189
vn -0.1789 0.8897 -0.4201
vn 0.0213 0.9003 -0.4347
vn 0.2601 0.8717 -0.4153
vn 0.2860 0.8639 -0.4146
vn 0.6454 0.6858 -0.3364
vn 0.5722 0.7424 -0.3485
vn 0.7287 0.6165 -0.2984
vn -0.0342 -0.8584 0.5118
vn -0.1134 -0.8389 0.5323
vn -0.2446 -0.4972 0.8324
vn -0.9902 0.1383 -0.0166
vn -0.9970 0.0774 0.0022
vn -0.2298 -0.8146 0.5326
vn -0.9418 -0.2354 0.2400
vn -0.4521 -0.0871 0.8877
vn -0.9601 0.2016 0.1940
vn -0.9759 0.2171 -0.0226
vn -0.9760 0.2129 -0.0451
vn -0.4767 0.8391 -0.2622
vn -0.0344 0.9001 -0.4342
vn -0.2938 0.8771 -0.3801
vn -0.2131 0.8982 -0.3845
vn -0.1997 0.8984 -0.3912
vn -0.1403 0.9069 -0.3973
vn -0.1105 0.9053 -0.4101
vn -0.0775 0.9148 -0.3964
vn -0.0350 0.9111 -0.4107
vn -0.0243 0.9137 -0.4057
vn -0.6665 0.6971 -0.2643
vn -0.6805 0.6806 -0.2715
vn -0.7228 0.6557 -0.2183
vn -0.8039 0.5566 -0.2097
vn -0.7833 0.5897 -0.1968
vn -0.8380 0.5195 -0.1670
vn -0.8729 0.4647 -0.1485
vn -0.9422 0.3234 -0.0876
vn -0.9344 0.3411 -0.1030
vn -0.9304 0.3440 -0.1269
vn -0.9299 0.3435 -0.1315
vn -0.9727 0.2240 -0.0615
vn -0.9800 0.1967 -0.0309
vn -0.9614 0.2656 -0.0718
vn -0.9628 0.2615 -0.0678
vn -0.9508 0.2999 -0.0778
vn -0.9470 0.3107 -0.0817
vn -0.9775 0.2101 0.0192
vn -0.9828 0.1805 0.0392
vn -0.9688 0.1210 0.2165
vn -0.9663 0.1158 0.2299
vn -0.9556 0.1352 0.2617
vn -0.9426 0.1070 0.3163
vn -0.9355 0.1266 0.3299
vn -0.9049 0.1247 0.4069
vn -0.7915 0.0602 0.6081
vn -0.6309 0.0108 0.7758
vn -0.6880 0.0426 0.7245
vn -0.7569 0.0203 0.6532
vn -0.5678 -0.1249 0.8136
vn -0.1149 -0.2970 0.9479
vn -0.0704 -0.8113 0.5804
vn -0.0725 -0.8136 0.5768
vn -0.0724 -0.8153 0.5746
vn -0.4612 -0.7173 0.5223
vn -0.4993 -0.6869 0.5281
vn -0.5927 -0.6468 0.4799
vn -0.6476 -0.5970 0.4735
vn -0.7093 -0.5602 0.4278
vn -0.7770 -0.4860 0.4000
vn -0.7637 -0.5030 0.4046
vn -0.8065 -0.4626 0.3682
vn -0.9022 -0.3395 0.2659
vn -0.8714 -0.3531 0.3405
vn -0.8695 -0.3885 0.3051
vn -0.8403 -0.4197 0.3432
vn -0.8417 -0.4260 0.3319
vn -0.9715 -0.1796 0.1547
vn -0.9825 -0.1489 0.1123
vn -0.9947 -0.0673 0.0777
vn -0.9935 -0.0806 0.0805
vn -0.9907 -0.1036 0.0884
vn -0.9877 -0.1220 0.0974
vn -0.9974 -0.0592 0.0410
vn -0.9981 -0.0478 0.0378
vn -1.0000 0.0006 -0.0093
vn -0.9999 -0.0160 -0.0031
vn -0.9964 0.0831 0.0168
vn -0.9972 0.0510 -0.0555
vn -0.9992 0.0401 -0.0092
vn -0.9920 0.1254 -0.0152
vn -0.9934 0.1129 -0.0205
vn -0.9946 0.1010 -0.0240
vn -0.9953 0.0938 -0.0254
vn -0.9969 0.0754 -0.0242
vn -0.9964 0.0793 -0.0295
vn -0.9960 0.0823 -0.0338
vn -0.9955 0.0862 -0.0406
vn -0.9950 0.0887 -0.0465
vn -0.9958 0.0846 -0.0361
vn -0.9923 0.1177 -0.0385
vn -0.9912 0.1249 -0.0438
vn -0.9909 0.1269 -0.0456
vn -0.9903 0.1300 -0.0491
vn -0.9883 0.1374 -0.0658
vn -0.9741 0.1977 -0.1097
vn -0.9757 0.2041 -0.0801
vn -0.9758 0.2059 -0.0742
vn -0.9813 0.1830 -0.0593
vn -0.9797 0.1925 -0.0565
vn -0.9807 0.1879 -0.0537
vn -0.9809 0.1863 -0.0564
vn -0.9816 0.1840 -0.0506
vn -0.9828 0.1786 -0.0461
vn -0.9810 0.1867 -0.0532
vn -0.9862 0.1587 -0.0473
vn -0.9888 0.1431 -0.0416
vn -0.9745 0.2139 -0.0682
vn -0.9746 0.2135 -0.0684
vn -0.9689 0.2355 -0.0756
vn -0.9577 0.2744 -0.0865
vn -0.9597 0.2673 -0.0862
vn -0.9149 0.3806 -0.1346
vn -0.9302 0.3629 -0.0556
vn -0.8775 0.4436 -0.1823
vn -0.7253 0.6464 -0.2369
vn -0.7443 0.6194 -0.2499
vn -0.8238 0.5199 -0.2261
vn -0.8076 0.5676 -0.1598
vn -0.8484 0.4972 -0.1820
vn -0.6747 0.7122 -0.1938
vn -0.7074 0.6251 -0.3299
vn -0.5949 0.7459 -0.2997
vn -0.5982 0.7415 -0.3038
vn -0.5367 0.7634 -0.3594
vn -0.4615 0.7713 -0.4383
vn -0.4109 0.8569 -0.3112
vn -0.4853 0.7971 -0.3593
vn -0.3529 0.8703 -0.3436
vn -0.4027 0.8316 -0.3823
vn -0.2743 0.8758 -0.3971
vn -0.2900 0.8662 -0.4070
vn -0.1844 0.8915 -0.4138
vn -0.1961 0.8860 -0.4202
vn -0.1335 0.8961 -0.4232
vn -0.1097 0.9025 -0.4165
vn -0.0848 0.8972 -0.4333
vn -0.0286 0.9025 -0.4297
vn -0.5914 0.7604 -0.2686
vn -0.5602 0.7554 -0.3399
vn -0.5637 0.7630 -0.3163
vn -0.4658 0.8194 -0.3342
vn -0.4068 0.8413 -0.3560
vn -0.4143 0.8376 -0.3561
vn -0.3290 0.8714 -0.3639
vn -0.8537 0.4938 -0.1655
vn -0.8606 0.4838 -0.1593
vn -0.8468 0.5017 -0.1765
vn -0.7829 0.5881 -0.2031
vn -0.7522 0.6168 -0.2318
vn -0.6826 0.6855 -0.2531
vn -0.6432 0.7119 -0.2820
vn -0.5272 0.7923 -0.3069
vn -0.9770 0.2061 -0.0544
vn -0.9764 0.2101 -0.0506
vn -0.9904 0.1349 -0.0290
vn -0.9919 0.1236 -0.0303
vn -0.9973 0.0725 -0.0142
vn -0.9173 0.3745 -0.1356
vn -0.8467 0.5012 -0.1785
vn -0.8254 0.5262 -0.2045
vn -0.7519 0.6159 -0.2352
vn -0.7157 0.6452 -0.2674
vn -0.6422 0.7096 -0.2898
vn -0.5957 0.7358 -0.3220
vn -0.5227 0.7825 -0.3384
vn -0.4749 0.8006 -0.3654
vn -0.4360 0.8194 -0.3720
vn -0.3726 0.8372 -0.4004
vn -0.8751 0.4768 -0.0827
vn -0.9000 0.4163 -0.1288
vn -0.9307 0.3492 -0.1091
vn -0.9178 0.3812 -0.1106
vn -0.9628 0.2598 -0.0745
vn -0.9598 0.2704 -0.0750
vn -0.9802 0.1915 -0.0512
vn -0.9810 0.1874 -0.0509
vn -0.9919 0.1233 -0.0312
vn -0.9992 0.0405 -0.0048
vn -0.9995 0.0263 -0.0159
vn -0.9992 0.0364 -0.0169
vn -0.9985 0.0503 -0.0218
vn -0.4078 -0.7578 0.5094
vn -0.2164 -0.8193 0.5310
vn -0.2159 -0.8319 0.5113
vn -0.1163 -0.8486 0.5161
vn -0.6616 -0.5990 0.4511
vn -0.5543 -0.6768 0.4844
vn -0.4073 -0.7427 0.5315
vn -0.4215 -0.7352 0.5309
vn -0.2303 -0.8015 0.5518
vn -0.9956 0.0900 -0.0259
vn -0.9966 0.0780 -0.0273
vn -0.9985 0.0514 -0.0181
vn -0.9991 0.0363 -0.0203
vn -0.9995 0.0261 -0.0167
vn -0.4996 -0.6889 0.5252
vn -0.4216 -0.7365 0.5290
vn -0.6475 -0.5968 0.4738
vn -0.5541 -0.6745 0.4879
vn -0.7627 -0.4986 0.4120
vn -0.6627 -0.6073 0.4382
vn -0.7891 -0.4804 0.3828
vn -0.7406 -0.5469 0.3904
vn -0.1366 -0.7936 0.5929
vn -0.1446 -0.8012 0.5807
vn -0.1445 -0.8052 0.5751
vn -0.0753 -0.8146 0.5752
vn -0.0734 -0.8265 0.5581
vn -0.0250 -0.8295 0.5580
vn -0.0331 -0.8433 0.5364
vn -0.8180 -0.4562 0.3504
vn -0.8705 -0.4064 0.2775
vn -0.8672 -0.3866 0.3138
vn -0.9097 -0.3376 0.2419
vn -0.9065 -0.3212 0.2740
vn -0.9388 -0.2756 0.2064
vn -0.9354 -0.2598 0.2398
vn -0.9563 -0.2254 0.1865
vn -0.0187 -0.8112 0.5844
vn -0.0207 -0.8153 0.5786
vn -0.0202 -0.8188 0.5738
vn -0.0410 -0.8241 0.5649
vn -0.7369 -0.3653 0.5688
vn -0.7277 -0.3742 0.5748
vn -0.6391 -0.3175 0.7006
vn -0.6359 -0.3208 0.7020
vn -0.5200 -0.2585 0.8141
vn -0.5233 -0.2545 0.8133
vn -0.4262 -0.2107 0.8798
vn -0.3605 -0.2712 0.8924
vn -0.3536 -0.2078 0.9120
vn -0.2529 -0.2054 0.9454
vn -0.6019 -0.5413 0.5871
vn -0.5954 -0.5454 0.5899
vn -0.5273 -0.4888 0.6950
vn -0.5290 -0.4876 0.6946
vn -0.4370 -0.4216 0.7946
vn -0.4471 -0.4126 0.7936
vn -0.3314 -0.3417 0.8795
vn -0.3490 -0.3214 0.8803
vn -0.2467 -0.2716 0.9303
vn -0.1870 -0.3614 0.9134
vn -0.1530 -0.2586 0.9538
vn -0.4677 -0.6626 0.5850
vn -0.4654 -0.6636 0.5858
vn -0.4154 -0.6127 0.6723
vn -0.4226 -0.6091 0.6711
vn -0.3517 -0.5466 0.7599
vn -0.3689 -0.5354 0.7598
vn -0.2734 -0.4634 0.8429
vn -0.3003 -0.4394 0.8466
vn -0.1855 -0.3701 0.9103
vn -0.8257 0.1021 0.5548
vn -0.8619 0.0952 0.4980
vn -0.8848 0.0482 0.4634
vn -0.9026 0.0838 0.4222
vn -0.9396 0.0564 0.3375
vn -0.9421 0.0663 0.3288
vn -0.9648 0.0440 0.2592
vn -0.9668 0.0536 0.2499
vn -0.9847 0.0287 0.1717
vn -0.9840 0.0973 0.1492
vn -0.9844 0.1044 0.1418
vn -0.9813 0.1404 0.1316
vn -0.9805 0.1512 0.1257
vn -0.7409 -0.0226 0.6713
vn -0.7888 0.0417 0.6133
vn -0.8755 0.0030 0.4832
vn -0.8814 0.0177 0.4721
vn -0.9298 -0.0124 0.3679
vn -0.9350 0.0027 0.3546
vn -0.9574 -0.0165 0.2884
vn -0.9616 -0.0023 0.2746
vn -0.9801 -0.0251 0.1968
vn -0.9840 0.0512 0.1704
vn -0.9949 0.0275 0.0967
vn -0.9935 0.0832 0.0780
vn -0.9935 0.0894 0.0708
vn -0.9905 0.1326 -0.0358
vn -0.9936 0.1112 -0.0220
vn -0.9936 0.1079 -0.0334
vn -0.9976 0.0657 -0.0197
vn -0.9976 0.0672 -0.0147
vn -0.9993 0.0372 -0.0043
vn -0.9982 0.0494 0.0330
vn -0.6597 -0.5846 0.4722
vn -0.6725 -0.5772 0.4632
vn -0.6872 -0.5987 0.4115
vn -0.8559 -0.3823 0.3483
vn -0.8690 -0.4076 0.2806
vn -0.9699 -0.1540 0.1885
vn -0.9746 -0.1683 0.1477
vn -0.9813 -0.1445 0.1274
vn -0.9824 -0.1509 0.1102
vn -0.9874 -0.1299 0.0909
vn -0.9877 -0.1333 0.0822
vn -0.9933 -0.1029 0.0523
vn -0.9940 -0.0955 0.0528
vn -0.9941 -0.1036 0.0328
vn -0.9975 -0.0653 0.0280
vn -0.9974 -0.0711 0.0138
vn -0.9991 -0.0410 0.0109
vn -0.9991 -0.0406 0.0120
vn -0.9995 -0.0289 0.0101
vn -0.8093 -0.4059 0.4246
vn -0.8211 -0.3943 0.4127
vn -0.8395 -0.4172 0.3481
vn -0.9505 -0.1629 0.2645
vn -0.9637 -0.1875 0.1898
vn -0.9930 0.0099 0.1174
vn -0.9972 -0.0041 0.0747
vn -0.9984 0.0443 0.0349
vn -0.9992 0.0182 0.0345
vn -0.9999 0.0085 0.0069
vn -0.9998 0.0206 0.0051
vn -0.9998 0.0144 -0.0116
vn -0.9999 0.0114 -0.0112
vn -0.9998 0.0098 -0.0153
vn -0.9999 0.0067 -0.0158
vn -0.9998 0.0046 -0.0213
vn -0.9999 0.0137 -0.0092
vn -0.5094 -0.7031 0.4961
vn -0.5207 -0.6993 0.4897
vn -0.5311 -0.7175 0.4508
vn -0.7104 -0.5689 0.4144
vn -0.7212 -0.5928 0.3584
vn -0.8858 -0.3696 0.2805
vn -0.8903 -0.3833 0.2459
vn -0.9096 -0.3534 0.2186
vn -0.9102 -0.3571 0.2097
vn -0.9281 -0.3263 0.1792
vn -0.9281 -0.3259 0.1802
vn -0.9446 -0.2939 0.1463
vn -0.9444 -0.2902 0.1548
vn -0.9592 -0.2570 0.1177
vn -0.9590 -0.2510 0.1313
vn -0.9730 -0.2136 0.0876
vn -0.9813 -0.1689 0.0918
vn -0.9814 -0.1800 0.0660
vn -0.9937 -0.0966 0.0567
vn -0.9938 -0.1044 0.0376
vn -0.9985 -0.0392 0.0370
vn -0.3146 -0.7611 0.5673
vn -0.3188 -0.7611 0.5649
vn -0.2844 -0.7199 0.6331
vn -0.3012 -0.7190 0.6264
vn -0.2465 -0.6629 0.7070
vn -0.2783 -0.6580 0.6997
vn -0.1958 -0.5861 0.7862
vn -0.2458 -0.5709 0.7834
vn -0.1246 -0.4861 0.8650
vn -0.1971 -0.4465 0.8728
vn -0.0291 -0.3707 0.9283
vn -0.0515 -0.3720 0.9268
vn -0.3311 -0.7802 0.5307
vn -0.3935 -0.7708 0.5011
vn -0.4003 -0.7848 0.4731
vn -0.5565 -0.6947 0.4558
vn -0.5641 -0.7150 0.4130
vn -0.7490 -0.5556 0.3610
vn -0.7523 -0.5669 0.3356
vn -0.7865 -0.5372 0.3048
vn -0.7864 -0.5367 0.3060
vn -0.8217 -0.5029 0.2682
vn -0.8211 -0.4974 0.2800
vn -0.8568 -0.4590 0.2350
vn -0.8561 -0.4493 0.2553
vn -0.8908 -0.4063 0.2033
vn -0.8902 -0.3939 0.2291
vn -0.9217 -0.3477 0.1719
vn -0.9210 -0.3339 0.2007
vn -0.9476 -0.2867 0.1412
vn -0.9468 -0.2727 0.1710
vn -0.9682 -0.2248 0.1096
vn -0.9805 -0.1578 0.1172
vn -0.9815 -0.1715 0.0855
vn -0.9952 -0.0606 0.0767
vn -0.0912 -0.4627 0.8818
vn -0.1131 -0.4407 0.8905
vn -0.1226 -0.4316 0.8937
vn 0.0243 -0.6020 0.7981
vn -0.1270 -0.4919 0.8613
vn -0.1650 -0.4679 0.8682
vn 0.0023 -0.5666 0.8240
vn -0.1065 -0.6158 0.7807
vn -0.0783 -0.6490 0.7568
vn -0.2720 -0.5652 0.7788
vn -0.2914 -0.5579 0.7771
vn -0.3021 -0.5540 0.7758
vn -0.0263 -0.6592 0.7515
vn 0.0093 -0.6879 0.7257
vn -0.0687 -0.6357 0.7689
vn -0.1704 -0.6011 0.7808
vn -0.2365 -0.5781 0.7809
vn -0.3164 -0.5483 0.7741
vn -0.3220 -0.5459 0.7735
vn -0.3360 -0.5406 0.7713
vn -0.3626 -0.5296 0.7668
vn -0.4173 -0.5059 0.7549
vn -0.1175 -0.7925 0.5984
vn -0.1287 -0.8234 0.5527
vn -0.0623 -0.8356 0.5458
vn -0.0385 -0.8137 0.5800
vn 0.0881 -0.7928 0.6031
vn -0.0897 -0.7868 0.6106
vn -0.1333 -0.7930 0.5944
vn -0.0654 -0.7394 0.6701
vn -0.1408 -0.7437 0.6536
vn -0.0603 -0.6936 0.7178
vn -0.0336 -0.8544 0.5186
vn -0.1255 -0.8422 0.5244
vn -0.1043 -0.8183 0.5652
vn -0.0510 -0.8611 0.5058
vn -0.0339 -0.8531 0.5206
vn 0.0041 -0.8170 0.5767
vn -0.0648 -0.8008 0.5954
vn 0.0199 -0.7478 0.6636
vn -0.0201 -0.7351 0.6777
vn -0.0408 -0.7096 0.7034
vn -0.0771 -0.6885 0.7211
vn 0.0518 -0.6299 0.7750
vn -0.1906 -0.5221 0.8313
vn -0.1800 -0.3778 0.9082
vn 0.0048 -0.4862 0.8738
vn -0.1730 -0.5674 0.8050
vn -0.0730 -0.5954 0.8001
vn -0.1866 -0.6739 0.7149
vn -0.1243 -0.6805 0.7222
vn -0.1958 -0.7415 0.6417
vn -0.1572 -0.7412 0.6526
vn -0.2011 -0.7858 0.5849
vn -0.1792 -0.7838 0.5946
vn -0.2048 -0.8147 0.5425
vn -0.1951 -0.8132 0.5483
vn -0.2053 -0.8283 0.5213
vn -0.3294 -0.7822 0.5288
vn -0.3324 -0.7824 0.5266
vn -0.4908 -0.6903 0.5316
vn -0.4985 -0.6875 0.5280
vn -0.6338 -0.5726 0.5200
vn -0.6443 -0.5664 0.5138
vn -0.7781 -0.3975 0.4864
vn -0.7894 -0.3866 0.4769
vn -0.4647 -0.7590 0.4561
vn -0.4654 -0.7624 0.4496
vn -0.5548 -0.7215 0.4142
vn -0.5701 -0.7153 0.4043
vn -0.5688 -0.6981 0.4349
vn -0.7019 -0.6136 0.3617
vn -0.6980 -0.6160 0.3652
vn -0.3206 -0.8098 0.4914
vn -0.3233 -0.8201 0.4721
vn -0.3557 -0.8019 0.4801
vn -0.3568 -0.8100 0.4653
vn -0.2095 -0.8410 0.4989
vn -0.2183 -0.8416 0.4939
vn -0.2169 -0.8350 0.5057
vn -0.2687 -0.8310 0.4871
vn -0.2683 -0.8280 0.4924
vn -0.4539 -0.7578 0.4687
vn -0.4536 -0.7528 0.4770
vn -0.6128 -0.6677 0.4227
vn -0.6124 -0.6613 0.4332
vn -0.6962 -0.5928 0.4049
vn -0.7625 -0.5500 0.3406
vn -0.3306 -0.7556 0.5656
vn -0.3519 -0.7611 0.5449
vn -0.3516 -0.7579 0.5495
vn -0.2505 -0.7824 0.5701
vn -0.2506 -0.7933 0.5548
vn -0.1367 -0.8169 0.5604
vn -0.1348 -0.8322 0.5378
vn -0.1175 -0.8324 0.5416
vn -0.1155 -0.8489 0.5158
vn -0.0342 -0.8644 0.5017
vn -0.1179 -0.8575 0.5008
vn -0.1211 -0.8576 0.4998
vn -0.1166 -0.8565 0.5028
vn -0.1976 -0.8430 0.5003
vn -0.1972 -0.8378 0.5092
vn -0.3320 -0.8014 0.4975
vn -0.3319 -0.7972 0.5043
vn -0.5437 -0.6972 0.4673
vn -0.5435 -0.6947 0.4712
vn -0.6878 -0.5870 0.4271
vn -0.7406 -0.5470 0.3902
vn -0.7600 -0.5263 0.3812
vn -0.8211 -0.4787 0.3109
vn -0.0358 -0.8646 0.5011
vn -0.9627 -0.2149 0.1643
vn -0.9548 -0.2312 0.1867
vn -0.9568 -0.2459 0.1550
vn -0.9283 -0.2969 0.2238
vn -0.9304 -0.3141 0.1889
vn -0.8927 -0.3678 0.2605
vn -0.8947 -0.3868 0.2235
vn -0.8486 -0.4399 0.2940
vn -0.8503 -0.4593 0.2571
vn -0.7982 -0.5086 0.3229
vn -0.7995 -0.5270 0.2882
vn -0.7451 -0.5702 0.3460
vn -0.7461 -0.5857 0.3167
vn -0.6930 -0.6217 0.3650
vn -0.6940 -0.6323 0.3444
vn -0.6444 -0.6617 0.3833
vn -0.6451 -0.6669 0.3730
vn -0.6003 -0.6908 0.4030
vn -0.5985 -0.6831 0.4186
vn -0.4289 -0.7841 0.4485
vn -0.4241 -0.7686 0.4789
vn -0.3011 -0.8205 0.4860
vn -0.2961 -0.8089 0.5079
vn -0.2080 -0.8373 0.5056
vn -0.2000 -0.8352 0.5123
vn -0.1160 -0.8530 0.5088
vn -0.1243 -0.8541 0.5050
vn -0.0353 -0.8636 0.5029
vn -0.0417 -0.8652 0.4996
vn -0.9816 0.1649 0.0961
vn -0.9823 0.1726 0.0727
vn -0.9865 0.1557 0.0512
vn -0.9860 0.1607 0.0439
vn -0.9887 0.1497 0.0084
vn -0.9769 0.2136 -0.0084
vn -0.9829 0.1841 0.0044
vn -0.2216 -0.7856 0.5776
vn -0.2408 -0.7954 0.5562
vn -0.2403 -0.7861 0.5695
vn -0.1317 -0.8093 0.5724
vn -0.1309 -0.8185 0.5594
vn -0.0845 -0.8241 0.5601
vn -0.0815 -0.8402 0.5361
vn -0.0340 -0.8431 0.5366
vn -0.0315 -0.8550 0.5177
vn -0.0230 -0.8534 0.5208
vn -0.5498 -0.1634 0.8192
vn -0.6140 -0.0870 0.7845
vn -0.7184 -0.1276 0.6838
vn -0.7240 -0.1191 0.6794
vn -0.8282 -0.1702 0.5340
vn -0.8371 -0.1565 0.5242
vn -0.8841 -0.1869 0.4284
vn -0.8932 -0.1720 0.4156
vn -0.9153 -0.1908 0.3546
vn -0.9236 -0.1763 0.3404
vn -0.9431 -0.1989 0.2664
vn -0.9809 0.0069 0.1945
vn -0.9928 -0.0167 0.1186
vn -0.9943 0.0462 0.0962
vn -0.9990 0.0270 0.0366
vn -0.9971 0.0735 0.0207
vn -0.9979 0.0535 0.0362
vn -0.9890 0.1478 0.0077
vn -0.9899 0.1411 -0.0155
vn -0.9786 0.2031 -0.0325
vn -0.9780 0.2055 -0.0353
vn -0.1362 0.7784 -0.6128
vn -0.0864 0.7829 -0.6161
vn -0.2800 0.7571 -0.5903
vn -0.3635 0.7424 -0.5628
vn -0.2917 0.7196 -0.6302
vn -0.2591 0.4228 -0.8684
vn -0.2530 0.4913 -0.8334
vn -0.1711 -0.0104 -0.9852
vn -0.1670 0.0646 -0.9838
vn -0.0474 -0.4166 -0.9078
vn -0.0835 -0.3406 -0.9365
vn -0.0410 -0.4189 -0.9071
vn -0.0171 -0.5386 -0.8424
vn -0.0299 -0.4257 -0.9044
vn -0.0059 -0.4134 -0.9105
vn -0.0090 -0.4347 -0.9005
vn -0.0172 0.0047 -0.9998
vn -0.0173 0.0052 -0.9998
vn -0.0257 0.4457 -0.8948
vn -0.0259 0.4469 -0.8942
vn -0.0289 0.7822 -0.6224
vn -0.0180 -0.4065 -0.9135
vn -0.0510 0.0054 -0.9987
vn -0.0512 0.0037 -0.9987
vn -0.0764 0.4471 -0.8912
vn -0.0768 0.4446 -0.8924
vn -0.0858 0.7807 -0.6190
vn -0.0292 0.7833 -0.6210
vn -0.0342 -0.4141 -0.9096
vn -0.1003 0.0030 -0.9950
vn -0.1004 0.0005 -0.9950
vn -0.1499 0.4435 -0.8836
vn -0.1503 0.4396 -0.8855
vn -0.1682 0.7779 -0.6054
vn -0.1862 0.6914 -0.6981
vn 0.1053 -0.0001 -0.9944
vn 0.2843 0.3112 -0.9068
vn 0.1981 -0.1841 -0.9627
vn -0.0186 -0.4267 -0.9042
vn 0.0575 -0.4219 -0.9048
vn 0.0574 -0.4188 -0.9063
vn 0.0397 -0.4153 -0.9088
vn 0.3543 0.7021 -0.6177
vn 0.3481 0.6133 -0.7090
vn 0.0260 0.4457 -0.8948
vn 0.0175 0.0053 -0.9998
vn 0.0174 0.0047 -0.9998
vn 0.0062 -0.4053 -0.9142
vn 0.0036 -0.4134 -0.9105
vn 0.0788 0.4444 -0.8923
vn 0.0263 0.4469 -0.8942
vn 0.0293 0.7822 -0.6224
vn 0.2409 0.1070 -0.9646
vn 0.1186 0.0054 -0.9929
vn 0.1696 -0.0088 -0.9855
vn 0.1687 -0.0102 -0.9856
vn 0.1052 0.0025 -0.9944
vn 0.0389 -0.3984 -0.9164
vn 0.0189 -0.4284 -0.9034
vn 0.3828 0.8056 -0.4522
vn 0.3457 0.7391 -0.5781
vn 0.2969 0.7811 -0.5493
vn 0.2832 0.7564 -0.5897
vn 0.2000 0.7737 -0.6011
vn 0.1754 0.7175 -0.6742
vn 0.1562 0.7555 -0.6363
vn 0.0880 0.8309 -0.5494
vn 0.1078 0.7288 -0.6762
vn 0.0373 0.8121 -0.5824
vn 0.3307 0.5014 -0.7995
vn 0.2693 0.4222 -0.8656
vn 0.2536 0.4263 -0.8683
vn 0.2525 0.4243 -0.8696
vn 0.1581 0.4428 -0.8826
vn 0.1570 0.4389 -0.8847
vn 0.0785 0.4471 -0.8910
vn 0.0527 0.0053 -0.9986
vn 0.0523 0.0037 -0.9986
vn 0.0178 -0.4138 -0.9102
vn 0.0091 -0.4134 -0.9105
vn 0.1836 -0.5653 -0.8042
vn 0.1430 -0.5481 -0.8241
vn 0.1622 -0.5044 -0.8481
vn 0.1350 -0.5071 -0.8512
vn 0.1417 -0.4801 -0.8657
vn 0.1105 -0.4547 -0.8838
vn 0.0947 -0.4645 -0.8805
vn 0.0781 -0.4411 -0.8941
vn 0.0392 -0.4161 -0.9085
vn 0.0409 -0.4284 -0.9027
vn 0.1064 -0.0319 -0.9938
vn 0.1921 0.6827 -0.7050
vn 0.1632 0.3522 -0.9216
vn 0.1098 -0.0474 -0.9928
vn 0.3094 -0.1143 -0.9440
vn 0.3083 -0.1153 -0.9443
vn 0.4619 -0.2396 -0.8539
vn 0.4600 -0.2405 -0.8547
vn 0.1823 0.5312 -0.8274
vn 0.1620 0.3561 -0.9203
vn 0.4698 0.2530 -0.8457
vn 0.4681 0.2514 -0.8472
vn 0.7017 0.0623 -0.7098
vn 0.6990 0.0606 -0.7126
vn 0.1844 -0.5477 -0.8161
vn 0.3720 -0.4838 -0.7922
vn 0.5440 -0.4048 -0.7350
vn 0.5521 -0.3966 -0.7334
vn 0.8249 -0.1855 -0.5339
vn 0.8209 -0.1937 -0.5372
vn 0.9117 -0.0701 -0.4049
vn 0.1926 0.6817 -0.7058
vn 0.5469 0.5629 -0.6196
vn 0.5479 0.5598 -0.6216
vn 0.8183 0.3410 -0.4627
vn 0.8188 0.3361 -0.4655
vn 0.9647 0.0509 -0.2584
vn 0.9641 0.0451 -0.2616
vn 0.8314 -0.3265 -0.4496
vn 0.5555 -0.4886 -0.6728
vn 0.5556 -0.4886 -0.6728
vn 0.3730 -0.5452 -0.7507
vn 0.1950 -0.5755 -0.7942
vn 0.1836 -0.5776 -0.7954
vn 0.9821 -0.1108 -0.1526
vn 0.9268 -0.2206 -0.3038
vn 0.9270 -0.2204 -0.3035
vn 0.8315 -0.3264 -0.4495
vn 0.1750 -0.9714 0.1602
vn 0.1186 -0.9491 -0.2918
vn 0.0149 -0.7249 -0.6887
vn 0.0403 -0.6955 -0.7174
vn 0.0361 -0.7245 -0.6883
vn 0.0890 -0.7071 -0.7015
vn 0.0884 -0.6874 -0.7209
vn 0.1185 -0.6905 -0.7135
vn 0.1491 -0.6655 -0.7313
vn 0.1393 -0.6548 -0.7429
vn 0.1663 -0.6399 -0.7502
vn 0.1949 -0.6073 -0.7702
vn 0.1813 -0.6101 -0.7713
vn 0.5525 -0.5710 -0.6072
vn 0.9641 -0.2629 -0.0378
vn 0.0847 -0.8738 -0.4788
vn 0.0893 -0.9294 -0.3581
vn 0.3036 -0.8596 -0.4110
vn 0.3038 -0.8602 -0.4096
vn 0.4553 -0.7376 -0.4986
vn 0.4563 -0.7383 -0.4966
vn 0.5380 -0.5793 -0.6124
vn 0.8205 -0.4528 -0.3489
vn 0.1544 -0.9872 -0.0391
vn 0.1429 -0.9891 0.0364
vn 0.4631 -0.8854 -0.0413
vn 0.4629 -0.8856 -0.0384
vn 0.6940 -0.6986 -0.1742
vn 0.6948 -0.6988 -0.1702
vn 0.8206 -0.4528 -0.3488
vn 0.9115 -0.3637 -0.1923
vn 0.9624 -0.2684 -0.0412
vn 0.8167 -0.5528 0.1653
vn 0.8146 -0.5569 0.1619
vn 0.5454 -0.7747 0.3201
vn 0.5437 -0.7769 0.3175
vn 0.1914 -0.8949 0.4032
vn 0.1909 -0.8954 0.4022
vn -0.1838 -0.5897 -0.7864
vn -0.1430 -0.6141 -0.7762
vn -0.1611 -0.6500 -0.7427
vn -0.1328 -0.6521 -0.7464
vn -0.1395 -0.6735 -0.7259
vn -0.1088 -0.6981 -0.7077
vn -0.0926 -0.6916 -0.7163
vn -0.0765 -0.7115 -0.6985
vn -0.0509 -0.7741 -0.6310
vn -0.0708 -0.7134 -0.6971
vn -0.0911 -0.9519 -0.2927
vn -0.1218 -0.9793 0.1615
vn -0.1544 -0.9872 -0.0391
vn -0.1064 -0.9257 -0.3630
vn -0.3031 -0.8598 -0.4109
vn -0.3043 -0.8599 -0.4098
vn -0.4548 -0.7382 -0.4982
vn -0.4567 -0.7378 -0.4971
vn -0.1914 -0.8954 0.4021
vn -0.1623 -0.9862 0.0320
vn -0.4621 -0.8859 -0.0410
vn -0.4638 -0.8851 -0.0390
vn -0.6930 -0.6998 -0.1736
vn -0.6956 -0.6977 -0.1712
vn -0.1829 -0.6069 -0.7734
vn -0.3706 -0.6037 -0.7059
vn -0.5400 -0.5742 -0.6154
vn -0.5521 -0.5758 -0.6031
vn -0.8206 -0.4528 -0.3488
vn -0.9112 -0.3641 -0.1929
vn -0.1909 -0.8949 0.4033
vn -0.5450 -0.7762 0.3171
vn -0.5442 -0.7753 0.3207
vn -0.8159 -0.5554 0.1609
vn -0.8155 -0.5543 0.1664
vn -0.9629 -0.2663 -0.0427
vn -0.9636 -0.2650 -0.0362
vn -0.8315 -0.3265 -0.4495
vn -0.5556 -0.4886 -0.6728
vn -0.3716 -0.5455 -0.7512
vn -0.1951 -0.5772 -0.7930
vn -0.1838 -0.5776 -0.7954
vn -0.9821 -0.1108 -0.1526
vn -0.9263 -0.2214 -0.3048
vn -0.9265 -0.2211 -0.3044
vn -0.0152 -0.4271 -0.9041
vn -0.0414 -0.4639 -0.8849
vn -0.0907 -0.4452 -0.8908
vn -0.0904 -0.4706 -0.8777
vn -0.1201 -0.4629 -0.8783
vn -0.1512 -0.4880 -0.8596
vn -0.1409 -0.5031 -0.8526
vn -0.1675 -0.5147 -0.8409
vn -0.1950 -0.5445 -0.8158
vn -0.1828 -0.5446 -0.8185
vn -0.5524 -0.4002 -0.7312
vn -0.9636 0.0473 -0.2630
vn -0.8204 -0.1903 -0.5392
vn -0.5426 -0.4019 -0.7377
vn -0.4604 -0.2413 -0.8543
vn -0.4614 -0.2391 -0.8544
vn -0.3088 -0.1156 -0.9441
vn -0.3090 -0.1140 -0.9442
vn -0.9110 -0.0711 -0.4063
vn -0.8259 -0.1881 -0.5315
vn -0.6999 0.0593 -0.7118
vn -0.7006 0.0633 -0.7107
vn -0.4690 0.2508 -0.8469
vn -0.4688 0.2534 -0.8462
vn -0.0369 -0.4270 -0.9035
vn -0.0745 -0.2400 -0.9679
vn -0.1045 -0.0455 -0.9935
vn -0.1122 -0.0319 -0.9932
vn -0.1636 0.3556 -0.9202
vn -0.1615 0.3523 -0.9218
vn -0.1822 0.5310 -0.8275
vn -0.9652 0.0489 -0.2568
vn -0.8175 0.3377 -0.4665
vn -0.8195 0.3396 -0.4615
vn -0.5466 0.5606 -0.6221
vn -0.5482 0.5623 -0.6191
vn -0.1920 0.6818 -0.7059
vn -0.1926 0.6826 -0.7050
vn -0.1758 0.8070 -0.5638
vn -0.1951 0.8050 -0.5603
vn -0.5391 0.6893 -0.4840
vn -0.5556 0.6816 -0.4762
vn -0.8422 0.4420 -0.3088
vn -0.8315 0.4542 -0.3199
vn -0.9844 0.1452 -0.0991
vn -0.9808 0.1599 -0.1117
vn -1.0000 0.0003 -0.0001
vn -0.9699 -0.1996 0.1394
vn -0.9807 -0.1629 0.1078
vn -0.7750 -0.5153 0.3659
vn -0.8314 -0.4585 0.3140
vn -0.4764 -0.7178 0.5077
vn -0.5555 -0.6844 0.4722
vn -0.1507 -0.8081 0.5695
vn -0.1951 -0.8040 0.5617
vn -0.0000 -0.8197 0.5727
vn -0.0000 -0.7250 -0.6888
vn 0.0043 -0.7751 -0.6319
vn -0.0000 -0.9122 0.4097
vn -0.0000 -0.9867 0.1627
vn -0.0000 -0.9867 0.1626
vn -0.0000 -0.9992 -0.0396
vn -0.0000 -0.9558 -0.2939
vn -0.0000 -0.8770 -0.4805
vn -0.0000 -0.5876 -0.8091
vn -0.0001 -0.5876 -0.8092
vn -0.0005 -0.5876 -0.8092
vn 0.0002 -0.5876 -0.8091
vn -0.0000 -0.5876 -0.8092
vn 0.0001 -0.5876 -0.8092
vn -0.0000 -0.5877 -0.8091
vn -0.0001 -0.5877 -0.8091
vn -0.0000 -0.5875 -0.8092
vn -0.0000 -0.4272 -0.9042
vn -0.0114 -0.2407 -0.9705
vn -0.0000 0.3570 -0.9341
vn -0.0000 -0.0321 -0.9995
vn -0.0000 -0.4164 -0.9092
vn -0.0000 0.6956 -0.7184
vn -0.0000 0.5403 -0.8415
vn -0.0000 0.5400 -0.8416
vn -0.0000 0.8197 -0.5727
vn 0.9844 0.1441 -0.1007
vn 0.9808 0.1610 -0.1103
vn 0.8422 0.4408 -0.3104
vn 0.8315 0.4554 -0.3182
vn 0.5391 0.6904 -0.4824
vn 0.5556 0.6803 -0.4780
vn 0.1758 0.8081 -0.5622
vn 0.1951 0.8040 -0.5617
s 0
usemtl finger
f 1//1 2//1 3//1
f 4//2 5//2 6//2
f 15//6 16//6 17//6
f 17//7 18//7 15//7
f 15//8 18//8 19//8
f 15//9 19//9 20//9
f 21//10 2//10 22//10
f 22//11 2//11 1//11
f 22//12 1//12 23//12
f 24//14 4//14 6//14
f 24//15 6//15 25//15
f 5//16 4//16 26//16
f 26//17 4//17 8//17
f 26//18 8//18 27//18
f 27//19 8//19 28//19
f 27//20 28//20 29//20
f 29//21 28//21 30//21
f 29//22 30//22 31//22
f 31//23 30//23 32//23
f 31//24 32//24 33//24
f 33//25 32//25 34//25
f 33//26 34//26 35//26
f 35//27 34//27 36//27
f 35//28 36//28 37//28
f 37//29 36//29 38//29
f 37//30 38//30 39//30
f 3//31 40//31 1//31
f 1//32 40//32 39//32
f 1//33 39//33 23//33
f 23//34 39//34 38//34
f 41//35 42//35 43//35
f 43//36 42//36 44//36
f 43//37 44//37 45//37
f 40//38 46//38 39//38
f 39//39 46//39 47//39
f 39//40 47//40 37//40
f 37//41 47//41 48//41
f 37//42 48//42 35//42
f 35//43 48//43 49//43
f 35//44 49//44 33//44
f 33//45 49//45 50//45
f 33//46 50//46 31//46
f 31//47 50//47 51//47
f 31//48 51//48 29//48
f 29//49 51//49 52//49
f 29//50 52//50 27//50
f 27//51 52//51 53//51
f 27//52 53//52 26//52
f 26//53 53//53 54//53
f 26//54 54//54 5//54
f 5//55 54//55 55//55
f 5//56 55//56 6//56
f 6//57 55//57 56//57
f 6//58 56//58 25//58
f 25//59 56//59 57//59
f 25//60 57//60 58//60
f 62//62 63//62 64//62
f 64//63 63//63 65//63
f 64//64 65//64 66//64
f 66//65 65//65 67//65
f 66//66 67//66 68//66
f 16//67 15//67 69//67
f 69//68 15//68 70//68
f 69//69 70//69 71//69
f 71//70 70//70 72//70
f 72//71 70//71 73//71
f 72//72 73//72 74//72
f 74//73 73//73 75//73
f 74//74 75//74 76//74
f 76//75 75//75 77//75
f 77//76 75//76 78//76
f 77//77 78//77 79//77
f 79//78 78//78 80//78
f 79//79 80//79 81//79
f 81//80 80//80 82//80
f 81//81 82//81 83//81
f 83//82 82//82 84//82
f 83//83 84//83 85//83
f 85//84 84//84 86//84
f 85//85 86//85 62//85
f 62//86 86//86 87//86
f 62//87 87//87 63//87
f 61//88 88//88 59//88
f 59//89 88//89 89//89
f 59//90 89//90 90//90
f 90//91 89//91 91//91
f 90//92 91//92 92//92
f 92//93 91//93 93//93
f 92//94 93//94 94//94
f 94//95 93//95 95//95
f 94//96 95//96 67//96
f 67//97 95//97 96//97
f 67//98 96//98 68//98
f 41//192 195//192 196//192
f 41//193 196//193 42//193
f 193//201 199//201 200//201
f 193//202 200//202 195//202
f 195//203 200//203 201//203
f 195//204 201//204 196//204
f 199//228 24//228 25//228
f 199//229 25//229 200//229
f 200//230 25//230 58//230
f 200//231 58//231 201//231
f 44//306 240//306 45//306
f 45//307 240//307 241//307
f 45//308 241//308 230//308
f 230//309 241//309 242//309
f 248//371 249//371 250//371
f 249//372 251//372 252//372
f 254//375 257//375 258//375
f 19//376 18//376 259//376
f 260//378 20//378 19//378
f 257//403 254//403 280//403
f 366//519 367//519 368//519
f 369//520 370//520 367//520
f 367//521 370//521 371//521
f 367//522 371//522 368//522
f 372//523 373//523 374//523
f 374//524 373//524 375//524
f 374//525 375//525 376//525
f 376//526 375//526 377//526
f 376//527 377//527 378//527
f 378//528 377//528 379//528
f 378//529 379//529 369//529
f 369//530 379//530 380//530
f 369//531 380//531 370//531
f 381//532 382//532 372//532
f 372//533 382//533 383//533
f 372//534 383//534 373//534
f 384//535 385//535 386//535
f 386//536 385//536 387//536
f 386//537 387//537 388//537
f 388//538 387//538 389//538
f 388//539 389//539 390//539
f 390//540 389//540 391//540
f 390//541 391//541 381//541
f 381//542 391//542 392//542
f 381//543 392//543 382//543
f 19//544 259//544 260//544
f 260//545 259//545 393//545
f 260//546 393//546 394//546
f 394//547 393//547 395//547
f 394//548 395//548 396//548
f 396//549 395//549 397//549
f 396//550 397//550 398//550
f 398//551 397//551 399//551
f 399//552 397//552 400//552
f 399//553 400//553 401//553
f 401//554 400//554 402//554
f 401//555 402//555 403//555
f 403//556 402//556 404//556
f 403//557 404//557 384//557
f 384//558 404//558 405//558
f 384//559 405//559 385//559
f 406//560 407//560 408//560
f 408//561 407//561 409//561
f 408//562 409//562 410//562
f 410//563 409//563 411//563
f 410//564 411//564 2//564
f 2//565 411//565 3//565
f 412//566 413//566 414//566
f 414//567 413//567 248//567
f 252//568 251//568 415//568
f 415//569 251//569 416//569
f 415//570 416//570 417//570
f 417//571 416//571 418//571
f 417//572 418//572 419//572
f 419//573 418//573 420//573
f 419//574 420//574 421//574
f 421//575 420//575 422//575
f 421//576 422//576 423//576
f 423//577 422//577 424//577
f 423//578 424//578 406//578
f 406//579 424//579 425//579
f 406//580 425//580 407//580
f 426//581 412//581 427//581
f 248//582 250//582 414//582
f 414//583 250//583 428//583
f 414//584 428//584 429//584
f 429//585 428//585 430//585
f 429//586 430//586 431//586
f 431//587 430//587 432//587
f 431//588 432//588 433//588
f 249//593 252//593 250//593
f 250//594 252//594 436//594
f 250//595 436//595 428//595
f 428//596 436//596 437//596
f 428//597 437//597 430//597
f 430//598 437//598 438//598
f 430//599 438//599 432//599
f 2//604 21//604 410//604
f 410//605 21//605 263//605
f 410//606 263//606 408//606
f 408//607 263//607 264//607
f 408//608 264//608 406//608
f 406//609 264//609 277//609
f 406//610 277//610 423//610
f 423//611 277//611 275//611
f 423//612 275//612 421//612
f 421//613 275//613 273//613
f 421//614 273//614 419//614
f 419//615 273//615 271//615
f 419//616 271//616 417//616
f 417//617 271//617 269//617
f 417//618 269//618 415//618
f 415//619 269//619 267//619
f 415//620 267//620 252//620
f 252//621 267//621 258//621
f 252//622 258//622 436//622
f 436//623 258//623 257//623
f 436//624 257//624 437//624
f 437//625 257//625 280//625
f 437//626 280//626 438//626
f 426//631 427//631 441//631
f 441//632 427//632 442//632
f 441//633 442//633 443//633
f 443//634 442//634 444//634
f 443//635 444//635 445//635
f 412//636 414//636 427//636
f 427//637 414//637 429//637
f 427//638 429//638 442//638
f 442//639 429//639 431//639
f 442//640 431//640 444//640
f 444//641 431//641 433//641
f 444//642 433//642 445//642
f 454//655 455//655 456//655
f 456//656 455//656 457//656
f 456//657 457//657 458//657
f 458//658 457//658 459//658
f 458//659 459//659 460//659
f 460//660 459//660 461//660
f 460//661 461//661 462//661
f 462//662 461//662 463//662
f 462//663 463//663 464//663
f 464//664 463//664 465//664
f 464//665 465//665 466//665
f 466//666 465//666 467//666
f 466//667 467//667 468//667
f 468//668 467//668 366//668
f 468//669 366//669 469//669
f 469//670 366//670 368//670
f 329//706 372//706 374//706
f 335//713 369//713 338//713
f 338//714 369//714 367//714
f 338//715 367//715 453//715
f 453//716 367//716 366//716
f 453//717 366//717 451//717
f 451//718 366//718 467//718
f 451//719 467//719 449//719
f 449//720 467//720 465//720
f 449//721 465//721 448//721
f 448//722 465//722 463//722
f 448//723 463//723 447//723
f 447//724 463//724 461//724
f 447//725 461//725 446//725
f 446//726 461//726 459//726
f 446//727 459//727 445//727
f 445//728 459//728 457//728
f 445//729 457//729 443//729
f 443//730 457//730 455//730
f 443//731 455//731 441//731
f 441//732 455//732 454//732
f 441//733 454//733 426//733
f 699//734 769//734 770//734
f 1387//1350 1436//1350 1385//1350
f 2814//2110 2794//2110 2795//2110
f 2907//2195 2908//2195 2909//2195
f 2910//2196 2911//2196 2912//2196
f 2977//2405 769//2405 768//2405
f 2977//2406 768//2406 773//2406
f 2910//2407 2912//2407 2908//2407
f 2907//2408 2909//2408 2978//2408
f 2978//2409 2909//2409 2979//2409
f 2978//2410 2979//2410 2980//2410
f 2981//2411 2982//2411 2980//2411
f 3041//3064 3042//3064 3043//3064
f 3043//3065 3042//3065 3044//3065
f 3043//3066 3044//3066 2981//3066
f 2908//3067 2912//3067 2909//3067
f 2981//3071 2980//3071 2979//3071
f 2981//3072 2979//3072 3043//3072
f 3043//3073 2979//3073 3045//3073
f 3043//3074 3045//3074 3041//3074
f 2977//3086 2912//3086 2911//3086
f 2977//3087 2911//3087 769//3087
f 3046//3944 3047//3944 3194//3944
f 3194//3945 3047//3945 3088//3945
f 3046//3948 3195//3948 3041//3948
f 3041//3949 3195//3949 3043//3949
f 3043//3950 2981//3950 3196//3950
f 3042//3951 3043//3951 3196//3951
f 3042//3952 3196//3952 3044//3952
f 3196//3953 2981//3953 3044//3953
f 2907//3954 2978//3954 3197//3954
f 3197//3955 2978//3955 2980//3955
f 3198//3956 2908//3956 2907//3956
f 2910//3957 3199//3957 2911//3957
f 2911//3958 3199//3958 3200//3958
f 2911//3959 3200//3959 769//3959
f 769//3960 3200//3960 770//3960
f 3215//4077 3199//4077 3198//4077
f 3198//4078 3199//4078 2910//4078
f 3198//4079 2910//4079 2908//4079
f 3046//4080 3194//4080 3195//4080
f 3043//4083 3193//4083 3197//4083
f 3043//4084 3197//4084 2981//4084
f 2981//4085 3197//4085 2980//4085
f 2907//4086 3197//4086 3198//4086
f 3198//4087 3197//4087 3193//4087
f 3224//4165 3225//4165 3226//4165
f 3227//4166 3228//4166 3229//4166
f 3229//4167 3228//4167 3230//4167
f 3229//4168 3230//4168 3224//4168
f 3226//4169 3231//4169 3232//4169
f 3232//4170 3231//4170 3233//4170
f 3232//4171 3233//4171 3234//4171
f 3224//4172 3226//4172 3229//4172
f 3229//4173 3226//4173 3232//4173
f 3229//4174 3232//4174 3235//4174
f 3235//4175 3232//4175 3234//4175
f 3235//4176 3234//4176 3236//4176
f 3237//4177 3238//4177 3239//4177
f 3239//4178 3238//4178 3240//4178
f 3239//4179 3240//4179 3241//4179
f 3241//4180 3240//4180 3242//4180
f 3241//4181 3242//4181 3229//4181
f 3229//4182 3242//4182 3243//4182
f 3229//4183 3243//4183 3227//4183
f 3239//4184 3244//4184 3237//4184
f 3237//4185 3244//4185 3245//4185
f 3237//4186 3245//4186 3246//4186
f 3246//4187 3245//4187 3247//4187
f 3246//4188 3247//4188 3248//4188
f 3248//4189 3247//4189 3249//4189
f 3248//4190 3249//4190 3250//4190
f 3250//4191 3249//4191 3251//4191
f 3250//4192 3251//4192 3252//4192
f 3252//4193 3251//4193 3253//4193
f 3252//4194 3253//4194 3254//4194
f 3254//4195 3253//4195 3255//4195
f 3256//4196 3257//4196 3258//4196
f 3255//4197 3259//4197 3254//4197
f 3254//4198 3259//4198 3260//4198
f 3254//4199 3260//4199 3258//4199
f 3258//4200 3260//4200 3261//4200
f 3258//4201 3261//4201 3256//4201
f 3262//4202 3263//4202 3264//4202
f 3264//4203 3263//4203 3258//4203
f 3264//4204 3258//4204 3265//4204
f 3265//4205 3258//4205 3257//4205
f 3266//4206 3267//4206 3268//4206
f 3268//4207 3267//4207 3269//4207
f 3268//4208 3269//4208 3270//4208
f 3270//4209 3269//4209 3271//4209
f 3270//4210 3271//4210 3262//4210
f 3262//4211 3271//4211 3272//4211
f 3262//4212 3272//4212 3263//4212
f 3273//4213 3274//4213 3266//4213
f 3266//4214 3274//4214 3275//4214
f 3266//4215 3275//4215 3267//4215
f 3276//4216 3277//4216 3273//4216
f 3273//4217 3277//4217 3278//4217
f 3273//4218 3278//4218 3274//4218
f 3279//4219 3280//4219 3276//4219
f 3276//4220 3280//4220 3281//4220
f 3276//4221 3281//4221 3277//4221
f 3282//4222 3283//4222 3284//4222
f 3284//4223 3283//4223 3285//4223
f 3284//4224 3285//4224 3279//4224
f 3279//4225 3285//4225 3286//4225
f 3279//4226 3286//4226 3280//4226
f 3287//4227 3288//4227 3289//4227
f 3289//4228 3288//4228 3290//4228
f 3289//4229 3290//4229 3282//4229
f 3282//4230 3290//4230 3291//4230
f 3282//4231 3291//4231 3283//4231
f 3287//4232 3289//4232 3292//4232
f 3292//4233 3289//4233 3293//4233
f 3292//4234 3293//4234 3294//4234
f 3294//4235 3293//4235 3295//4235
f 3295//4236 3293//4236 3296//4236
f 3295//4237 3296//4237 3297//4237
f 3297//4238 3296//4238 3298//4238
f 3297//4239 3298//4239 3299//4239
f 3299//4240 3298//4240 3300//4240
f 3300//4241 3298//4241 3301//4241
f 3300//4242 3301//4242 3302//4242
f 3302//4243 3301//4243 3303//4243
f 3302//4244 3303//4244 3304//4244
f 3304//4245 3303//4245 3305//4245
f 3305//4246 3303//4246 3306//4246
f 3305//4247 3306//4247 3307//4247
f 3307//4248 3306//4248 3308//4248
f 3307//4249 3308//4249 3309//4249
f 3309//4250 3308//4250 3310//4250
f 3309//4251 3310//4251 3311//4251
f 3311//4252 3310//4252 3312//4252
f 3311//4253 3312//4253 3313//4253
f 3313//4254 3312//4254 3314//4254
f 3313//4255 3314//4255 3315//4255
f 3315//4256 3314//4256 3316//4256
f 3315//4257 3316//4257 3317//4257
f 3317//4258 3316//4258 3318//4258
f 3317//4259 3318//4259 3319//4259
f 3320//4260 3321//4260 3322//4260
f 3322//4261 3321//4261 3323//4261
f 3322//4262 3323//4262 3324//4262
f 3324//4263 3323//4263 3325//4263
f 3324//4264 3325//4264 3326//4264
f 3326//4265 3325//4265 3327//4265
f 3326//4266 3327//4266 3328//4266
f 3328//4267 3327//4267 3329//4267
f 3328//4268 3329//4268 3330//4268
f 3330//4269 3329//4269 3331//4269
f 3330//4270 3331//4270 3332//4270
f 3333//4271 3334//4271 3335//4271
f 3335//4272 3334//4272 3336//4272
f 3335//4273 3336//4273 3320//4273
f 3320//4274 3336//4274 3337//4274
f 3320//4275 3337//4275 3321//4275
f 3335//4276 3338//4276 3333//4276
f 3333//4277 3338//4277 3339//4277
f 3333//4278 3339//4278 3340//4278
f 3340//4279 3339//4279 3341//4279
f 3340//4280 3341//4280 3342//4280
f 3342//4281 3341//4281 3343//4281
f 3342//4282 3343//4282 3344//4282
f 3344//4283 3343//4283 3345//4283
f 3344//4284 3345//4284 3346//4284
f 3346//4285 3345//4285 3347//4285
f 3346//4286 3347//4286 3348//4286
f 3348//4287 3347//4287 3349//4287
f 3348//4288 3349//4288 3350//4288
f 3350//4289 3349//4289 3351//4289
f 3350//4290 3351//4290 3352//4290
f 3352//4291 3351//4291 3353//4291
f 3353//4292 3351//4292 3354//4292
f 3353//4293 3354//4293 3355//4293
f 3354//4294 3356//4294 3355//4294
f 3355//4295 3356//4295 3357//4295
f 3355//4296 3357//4296 3358//4296
f 3359//4297 3360//4297 3361//4297
f 3361//4298 3360//4298 3362//4298
f 3361//4299 3362//4299 3363//4299
f 3363//4300 3362//4300 3364//4300
f 3363//4301 3364//4301 3365//4301
f 3365//4302 3364//4302 3358//4302
f 3365//4303 3358//4303 3366//4303
f 3366//4304 3358//4304 3357//4304
f 3367//4305 3368//4305 3359//4305
f 3359//4306 3368//4306 3369//4306
f 3359//4307 3369//4307 3360//4307
f 3370//4307 3371//4307 3372//4307
f 3372//4308 3371//4308 3373//4308
f 3372//4309 3373//4309 3374//4309
f 3374//4310 3373//4310 3375//4310
f 3374//4311 3375//4311 3376//4311
f 3376//4312 3375//4312 3377//4312
f 3376//4313 3377//4313 3378//4313
f 3378//4314 3377//4314 3379//4314
f 3378//4314 3379//4314 3380//4314
f 3380//4315 3379//4315 3381//4315
f 3380//4316 3381//4316 3382//4316
f 3382//4317 3381//4317 3383//4317
f 3382//4318 3383//4318 3384//4318
f 3384//4319 3383//4319 3385//4319
f 3384//4320 3385//4320 3386//4320
f 3386//4321 3385//4321 3387//4321
f 3386//4322 3387//4322 3388//4322
f 3388//4323 3387//4323 3389//4323
f 3388//4324 3389//4324 3390//4324
f 3390//4325 3389//4325 3391//4325
f 3390//4326 3391//4326 3392//4326
f 3392//4327 3391//4327 3393//4327
f 3392//4328 3393//4328 3394//4328
f 3394//4329 3393//4329 3395//4329
f 3394//4330 3395//4330 3396//4330
f 3396//4331 3395//4331 3397//4331
f 3396//4332 3397//4332 3398//4332
f 3398//4333 3397//4333 3399//4333
f 3398//4334 3399//4334 3400//4334
f 3400//4335 3399//4335 3401//4335
f 3400//4336 3401//4336 3402//4336
f 3402//4337 3401//4337 3403//4337
f 3402//4338 3403//4338 3404//4338
f 3404//4339 3403//4339 3405//4339
f 3404//4340 3405//4340 3367//4340
f 3367//4341 3405//4341 3406//4341
f 3367//4342 3406//4342 3368//4342
f 3370//4343 3372//4343 3407//4343
f 3407//4344 3372//4344 3408//4344
f 3407//4345 3408//4345 3409//4345
f 3409//4346 3408//4346 3410//4346
f 3409//4347 3410//4347 3411//4347
f 3410//4348 3412//4348 3411//4348
f 3411//4349 3412//4349 3413//4349
f 3411//4350 3413//4350 3414//4350
f 3413//4351 3415//4351 3414//4351
f 3414//4352 3415//4352 3416//4352
f 3414//4353 3416//4353 3417//4353
f 3417//4354 3416//4354 3418//4354
f 3417//4355 3418//4355 3419//4355
f 3419//4356 3418//4356 3420//4356
f 3419//4357 3420//4357 3421//4357
f 3421//4358 3420//4358 3422//4358
f 3422//4359 3420//4359 3423//4359
f 3422//4360 3423//4360 3424//4360
f 3424//4361 3423//4361 3425//4361
f 3424//4362 3425//4362 3426//4362
f 3426//4363 3425//4363 3427//4363
f 3426//4364 3427//4364 3428//4364
f 3428//4365 3427//4365 3429//4365
f 3428//4366 3429//4366 3430//4366
f 3430//4367 3429//4367 3431//4367
f 3430//4368 3431//4368 3432//4368
f 3431//4369 3433//4369 3432//4369
f 3432//4277 3433//4277 3434//4277
f 3432//4370 3434//4370 3435//4370
f 3435//4371 3434//4371 3436//4371
f 3435//4372 3436//4372 3437//4372
f 3437//4373 3436//4373 3438//4373
f 3438//4374 3436//4374 3439//4374
f 3438//4375 3439//4375 3440//4375
f 3440//4376 3439//4376 3441//4376
f 3440//4377 3441//4377 3442//4377
f 3442//4378 3441//4378 3443//4378
f 3443//4379 3441//4379 3444//4379
f 3443//835 3444//835 3445//835
f 3444//4380 3446//4380 3445//4380
f 3445//4381 3446//4381 3447//4381
f 3445//4382 3447//4382 3448//4382
f 3448//4383 3447//4383 3449//4383
f 3448//4384 3449//4384 3450//4384
f 3450//4385 3449//4385 3451//4385
f 3450//4386 3451//4386 3452//4386
f 3452//4387 3451//4387 3453//4387
f 3452//4388 3453//4388 3454//4388
f 3453//4389 3455//4389 3454//4389
f 3454//4390 3455//4390 3456//4390
f 3454//4391 3456//4391 3457//4391
f 3457//4392 3456//4392 3458//4392
f 3332//4393 3331//4393 3459//4393
f 3459//4394 3331//4394 3460//4394
f 3459//4395 3460//4395 3461//4395
f 3461//4396 3460//4396 3462//4396
f 3461//4390 3462//4390 3463//4390
f 3463//4397 3462//4397 3464//4397
f 3463//4398 3464//4398 3465//4398
f 3465//4399 3464//4399 3466//4399
f 3465//4400 3466//4400 3467//4400
f 3467//4401 3466//4401 3468//4401
f 3467//4402 3468//4402 3469//4402
f 3469//4403 3468//4403 3470//4403
f 3469//4404 3470//4404 3471//4404
f 3471//4405 3470//4405 3472//4405
f 3471//4406 3472//4406 3473//4406
f 3473//4407 3472//4407 3474//4407
f 3473//4408 3474//4408 3475//4408
f 3475//4409 3474//4409 3476//4409
f 3475//4410 3476//4410 3477//4410
f 3477//4411 3476//4411 3478//4411
f 3477//4412 3478//4412 3479//4412
f 3479//4413 3478//4413 3480//4413
f 3479//4414 3480//4414 3481//4414
f 3481//4415 3480//4415 3482//4415
f 3481//4416 3482//4416 3483//4416
f 3483//4417 3482//4417 3484//4417
f 3483//4418 3484//4418 3485//4418
f 3485//4419 3484//4419 3486//4419
f 3485//4420 3486//4420 3487//4420
f 3487//4421 3486//4421 3488//4421
f 3487//4422 3488//4422 3489//4422
f 3489//4423 3488//4423 3490//4423
f 3489//4424 3490//4424 3491//4424
f 3491//4425 3490//4425 3492//4425
f 3491//4426 3492//4426 3493//4426
f 3493//4427 3492//4427 3494//4427
f 3493//4428 3494//4428 3495//4428
f 3495//4429 3494//4429 3496//4429
f 3495//4430 3496//4430 3497//4430
f 3497//4431 3496//4431 3498//4431
f 3497//4432 3498//4432 3499//4432
f 3499//4433 3498//4433 3500//4433
f 3499//4434 3500//4434 3501//4434
f 3501//4435 3500//4435 3502//4435
f 3501//4436 3502//4436 3503//4436
f 3503//4437 3502//4437 3504//4437
f 3503//4438 3504//4438 3505//4438
f 3505//4439 3504//4439 3506//4439
f 3505//4440 3506//4440 3507//4440
f 3507//4441 3506//4441 3508//4441
f 3507//4442 3508//4442 3458//4442
f 3458//4443 3508//4443 3509//4443
f 3458//4444 3509//4444 3457//4444
f 3510//4445 3511//4445 3512//4445
f 3513//4446 3514//4446 3515//4446
f 3516//4447 3517//4447 3518//4447
f 3519//4448 3520//4448 3521//4448
f 3522//4449 3523//4449 3524//4449
f 3525//4450 3526//4450 3527//4450
f 3528//4451 3529//4451 3530//4451
f 3531//4452 3532//4452 3533//4452
f 3331//4453 3534//4453 3460//4453
f 3336//4454 3334//4454 3535//4454
f 3333//4455 3340//4455 3536//4455
f 3342//4456 3344//4456 3537//4456
f 3399//4457 3397//4457 3538//4457
f 3538//4458 3397//4458 3395//4458
f 3393//4459 3539//4459 3395//4459
f 3393//4460 3391//4460 3540//4460
f 3276//4461 3273//4461 3541//4461
f 3541//4462 3273//4462 3542//4462
f 3543//4463 3544//4463 3545//4463
f 3239//4464 3546//4464 3547//4464
f 3548//4465 3549//4465 3235//4465
f 3235//4466 3549//4466 3550//4466
f 3235//4467 3550//4467 3229//4467
f 3546//4468 3239//4468 3550//4468
f 3550//4469 3239//4469 3241//4469
f 3550//4470 3241//4470 3229//4470
f 3249//4471 3247//4471 3551//4471
f 3551//4472 3247//4472 3245//4472
f 3551//4473 3245//4473 3547//4473
f 3547//4474 3245//4474 3244//4474
f 3547//4475 3244//4475 3239//4475
f 3255//4476 3253//4476 3552//4476
f 3552//4477 3253//4477 3251//4477
f 3552//4478 3251//4478 3553//4478
f 3554//4479 3555//4479 3552//4479
f 3545//4480 3544//4480 3552//4480
f 3552//4481 3544//4481 3556//4481
f 3552//4482 3556//4482 3554//4482
f 3555//4483 3557//4483 3552//4483
f 3552//4484 3557//4484 3558//4484
f 3552//4485 3558//4485 3255//4485
f 3255//4486 3558//4486 3559//4486
f 3255//4487 3559//4487 3560//4487
f 3560//4488 3561//4488 3255//4488
f 3255//4489 3561//4489 3562//4489
f 3255//4490 3562//4490 3259//4490
f 3563//4491 3564//4491 3533//4491
f 3565//4492 3265//4492 3566//4492
f 3566//4493 3265//4493 3257//4493
f 3566//4494 3257//4494 3256//4494
f 3567//4495 3568//4495 3532//4495
f 3532//4496 3568//4496 3569//4496
f 3532//4497 3569//4497 3570//4497
f 3570//4498 3571//4498 3532//4498
f 3532//4499 3571//4499 3572//4499
f 3532//4500 3572//4500 3533//4500
f 3533//4501 3572//4501 3573//4501
f 3533//4502 3573//4502 3563//4502
f 3564//4503 3574//4503 3533//4503
f 3533//4504 3574//4504 3575//4504
f 3533//4505 3575//4505 3545//4505
f 3545//4506 3575//4506 3576//4506
f 3545//4507 3576//4507 3543//4507
f 3577//4508 3262//4508 3531//4508
f 3531//4509 3262//4509 3264//4509
f 3531//4510 3264//4510 3532//4510
f 3532//4511 3264//4511 3265//4511
f 3532//4512 3265//4512 3567//4512
f 3567//4513 3265//4513 3565//4513
f 3273//4514 3266//4514 3542//4514
f 3542//4515 3266//4515 3268//4515
f 3542//4516 3268//4516 3577//4516
f 3577//4517 3268//4517 3270//4517
f 3577//4518 3270//4518 3262//4518
f 3279//4519 3578//4519 3284//4519
f 3284//4520 3578//4520 3579//4520
f 3284//4521 3579//4521 3282//4521
f 3282//4522 3579//4522 3289//4522
f 3301//4523 3298//4523 3580//4523
f 3580//4524 3298//4524 3296//4524
f 3580//4525 3296//4525 3579//4525
f 3579//4526 3296//4526 3293//4526
f 3579//4527 3293//4527 3289//4527
f 3310//4528 3581//4528 3312//4528
f 3312//4529 3581//4529 3582//4529
f 3312//4530 3582//4530 3314//4530
f 3314//4531 3582//4531 3583//4531
f 3314//4532 3583//4532 3316//4532
f 3316//4533 3583//4533 3584//4533
f 3316//4534 3584//4534 3318//4534
f 3362//4535 3360//4535 3585//4535
f 3585//4536 3360//4536 3369//4536
f 3585//4537 3369//4537 3368//4537
f 3348//4538 3350//4538 3519//4538
f 3519//4539 3350//4539 3352//4539
f 3519//4540 3352//4540 3520//4540
f 3336//4541 3535//4541 3337//4541
f 3534//4542 3331//4542 3586//4542
f 3331//4543 3329//4543 3586//4543
f 3586//4544 3329//4544 3327//4544
f 3586//4545 3327//4545 3325//4545
f 3587//4546 3588//4546 3462//4546
f 3470//4547 3468//4547 3589//4547
f 3589//4548 3468//4548 3466//4548
f 3590//4549 3589//4549 3591//4549
f 3591//4550 3589//4550 3466//4550
f 3591//4551 3466//4551 3588//4551
f 3588//4552 3466//4552 3464//4552
f 3588//4553 3464//4553 3462//4553
f 3476//4554 3474//4554 3592//4554
f 3592//4555 3474//4555 3472//4555
f 3592//4556 3472//4556 3593//4556
f 3594//4557 3595//4557 3596//4557
f 3596//4558 3595//4558 3488//4558
f 3596//4559 3488//4559 3486//4559
f 3597//4560 3598//4560 3596//4560
f 3596//4561 3598//4561 3599//4561
f 3596//4562 3599//4562 3594//4562
f 3600//4563 3601//4563 3602//4563
f 3602//4564 3601//4564 3603//4564
f 3602//4565 3603//4565 3604//4565
f 3604//4566 3603//4566 3605//4566
f 3604//4567 3605//4567 3597//4567
f 3597//4568 3605//4568 3606//4568
f 3597//4569 3606//4569 3598//4569
f 3486//4570 3484//4570 3596//4570
f 3596//4571 3484//4571 3482//4571
f 3596//4572 3482//4572 3597//4572
f 3597//4573 3482//4573 3480//4573
f 3597//4573 3480//4573 3604//4573
f 3604//4574 3480//4574 3478//4574
f 3604//4575 3478//4575 3602//4575
f 3602//4576 3478//4576 3476//4576
f 3602//4577 3476//4577 3600//4577
f 3600//4578 3476//4578 3592//4578
f 3600//4579 3592//4579 3590//4579
f 3590//4580 3592//4580 3593//4580
f 3590//4581 3593//4581 3589//4581
f 3589//4582 3593//4582 3472//4582
f 3589//4583 3472//4583 3470//4583
f 3251//4584 3249//4584 3553//4584
f 3553//4585 3249//4585 3551//4585
f 3553//4586 3551//4586 3587//4586
f 3587//4587 3551//4587 3547//4587
f 3587//4588 3547//4588 3588//4588
f 3588//4589 3547//4589 3546//4589
f 3588//4590 3546//4590 3591//4590
f 3591//4591 3546//4591 3550//4591
f 3591//4592 3550//4592 3590//4592
f 3590//4593 3550//4593 3549//4593
f 3590//4594 3549//4594 3600//4594
f 3600//4595 3549//4595 3548//4595
f 3600//4596 3548//4596 3601//4596
f 3325//4597 3323//4597 3586//4597
f 3586//4598 3323//4598 3321//4598
f 3586//4599 3321//4599 3607//4599
f 3607//4600 3321//4600 3337//4600
f 3607//4601 3337//4601 3608//4601
f 3608//4602 3337//4602 3535//4602
f 3608//4603 3535//4603 3609//4603
f 3609//4604 3535//4604 3610//4604
f 3609//4605 3610//4605 3611//4605
f 3611//4606 3610//4606 3612//4606
f 3611//4607 3612//4607 3613//4607
f 3613//4608 3612//4608 3614//4608
f 3615//4609 3616//4609 3617//4609
f 3617//4610 3616//4610 3618//4610
f 3618//4611 3619//4611 3617//4611
f 3617//4612 3619//4612 3620//4612
f 3617//4613 3620//4613 3615//4613
f 3615//4614 3620//4614 3621//4614
f 3622//4615 3623//4615 3624//4615
f 3624//4616 3623//4616 3625//4616
f 3624//4617 3625//4617 3626//4617
f 3626//4618 3625//4618 3627//4618
f 3512//4619 3628//4619 3629//4619
f 3629//4620 3628//4620 3630//4620
f 3629//4621 3630//4621 3631//4621
f 3631//4622 3630//4622 3632//4622
f 3631//4623 3632//4623 3633//4623
f 3633//4624 3632//4624 3634//4624
f 3633//4625 3634//4625 3635//4625
f 3636//4626 3627//4626 3637//4626
f 3637//4627 3627//4627 3625//4627
f 3637//4628 3625//4628 3635//4628
f 3635//4629 3625//4629 3623//4629
f 3635//4630 3623//4630 3633//4630
f 3638//4631 3639//4631 3628//4631
f 3628//4632 3639//4632 3640//4632
f 3628//4633 3640//4633 3630//4633
f 3630//4634 3640//4634 3641//4634
f 3630//4635 3641//4635 3632//4635
f 3512//4636 3511//4636 3628//4636
f 3628//4637 3511//4637 3638//4637
f 3279//4638 3276//4638 3578//4638
f 3578//4639 3276//4639 3541//4639
f 3578//4640 3541//4640 3642//4640
f 3642//4641 3541//4641 3643//4641
f 3616//4642 3643//4642 3618//4642
f 3618//4643 3643//4643 3541//4643
f 3618//4644 3541//4644 3619//4644
f 3619//4645 3541//4645 3542//4645
f 3619//4646 3542//4646 3644//4646
f 3644//4647 3542//4647 3577//4647
f 3644//4648 3577//4648 3645//4648
f 3645//4649 3577//4649 3531//4649
f 3645//4650 3531//4650 3646//4650
f 3646//4651 3531//4651 3533//4651
f 3647//4652 3648//4652 3649//4652
f 3649//4653 3648//4653 3650//4653
f 3649//4654 3650//4654 3651//4654
f 3530//4655 3529//4655 3652//4655
f 3652//4656 3529//4656 3653//4656
f 3652//4657 3653//4657 3654//4657
f 3654//4658 3653//4658 3655//4658
f 3654//4659 3655//4659 3651//4659
f 3651//4660 3655//4660 3656//4660
f 3651//4661 3656//4661 3649//4661
f 3649//4662 3656//4662 3657//4662
f 3649//4663 3657//4663 3647//4663
f 3648//4664 3636//4664 3650//4664
f 3650//4665 3636//4665 3637//4665
f 3650//4666 3637//4666 3651//4666
f 3651//4667 3637//4667 3635//4667
f 3651//4668 3635//4668 3654//4668
f 3654//4669 3635//4669 3634//4669
f 3654//4670 3634//4670 3652//4670
f 3652//4671 3634//4671 3632//4671
f 3652//4672 3632//4672 3530//4672
f 3530//4673 3632//4673 3641//4673
f 3530//4674 3641//4674 3528//4674
f 3528//4675 3308//4675 3529//4675
f 3529//4676 3308//4676 3306//4676
f 3529//4677 3306//4677 3653//4677
f 3653//4678 3306//4678 3303//4678
f 3653//4679 3303//4679 3655//4679
f 3655//4680 3303//4680 3301//4680
f 3655//4681 3301//4681 3656//4681
f 3656//4682 3301//4682 3580//4682
f 3656//4683 3580//4683 3657//4683
f 3657//4684 3580//4684 3579//4684
f 3657//4685 3579//4685 3647//4685
f 3647//4686 3579//4686 3578//4686
f 3647//4687 3578//4687 3648//4687
f 3648//4688 3578//4688 3642//4688
f 3648//4689 3642//4689 3636//4689
f 3636//4690 3642//4690 3643//4690
f 3636//4691 3643//4691 3627//4691
f 3627//4692 3643//4692 3616//4692
f 3627//4693 3616//4693 3626//4693
f 3626//4694 3616//4694 3615//4694
f 3626//4695 3615//4695 3624//4695
f 3624//4696 3615//4696 3621//4696
f 3624//4697 3621//4697 3622//4697
f 3638//4698 3584//4698 3639//4698
f 3639//4699 3584//4699 3583//4699
f 3639//4700 3583//4700 3640//4700
f 3640//4701 3583//4701 3582//4701
f 3640//4702 3582//4702 3641//4702
f 3641//4703 3582//4703 3581//4703
f 3641//4704 3581//4704 3528//4704
f 3528//4705 3581//4705 3310//4705
f 3528//4706 3310//4706 3308//4706
f 3406//4707 3523//4707 3368//4707
f 3368//4708 3523//4708 3522//4708
f 3368//4709 3522//4709 3585//4709
f 3585//4710 3522//4710 3527//4710
f 3585//4711 3527//4711 3362//4711
f 3362//4712 3527//4712 3526//4712
f 3362//4713 3526//4713 3364//4713
f 3364//4714 3526//4714 3525//4714
f 3364//4715 3525//4715 3358//4715
f 3358//4716 3525//4716 3355//4716
f 3406//4717 3405//4717 3523//4717
f 3523//4718 3405//4718 3403//4718
f 3523//4719 3403//4719 3524//4719
f 3524//4720 3403//4720 3658//4720
f 3524//4721 3658//4721 3659//4721
f 3352//4722 3353//4722 3520//4722
f 3520//4723 3353//4723 3355//4723
f 3520//4724 3355//4724 3521//4724
f 3521//4725 3355//4725 3525//4725
f 3521//4726 3525//4726 3660//4726
f 3660//4727 3525//4727 3527//4727
f 3660//4728 3527//4728 3661//4728
f 3661//4729 3527//4729 3522//4729
f 3661//4730 3522//4730 3662//4730
f 3662//4731 3522//4731 3524//4731
f 3662//4732 3524//4732 3663//4732
f 3663//4733 3524//4733 3659//4733
f 3663//4734 3659//4734 3664//4734
f 3664//4735 3659//4735 3665//4735
f 3664//4736 3665//4736 3666//4736
f 3344//4737 3346//4737 3537//4737
f 3537//4738 3346//4738 3348//4738
f 3537//4739 3348//4739 3667//4739
f 3667//4740 3348//4740 3519//4740
f 3667//4741 3519//4741 3668//4741
f 3668//4742 3519//4742 3521//4742
f 3668//4743 3521//4743 3669//4743
f 3670//4744 3671//4744 3672//4744
f 3672//4745 3671//4745 3673//4745
f 3672//4746 3673//4746 3674//4746
f 3674//4747 3673//4747 3675//4747
f 3674//4748 3675//4748 3676//4748
f 3676//4749 3675//4749 3677//4749
f 3676//4750 3677//4750 3678//4750
f 3678//4751 3677//4751 3679//4751
f 3678//4752 3679//4752 3680//4752
f 3680//4753 3679//4753 3681//4753
f 3680//4754 3681//4754 3682//4754
f 3683//4755 3684//4755 3614//4755
f 3393//4756 3685//4756 3539//4756
f 3539//4757 3685//4757 3666//4757
f 3539//4758 3666//4758 3395//4758
f 3395//4759 3666//4759 3665//4759
f 3395//4760 3665//4760 3538//4760
f 3538//4761 3665//4761 3659//4761
f 3538//4762 3659//4762 3399//4762
f 3399//4763 3659//4763 3658//4763
f 3399//4764 3658//4764 3401//4764
f 3401//4765 3658//4765 3403//4765
f 3669//4766 3521//4766 3686//4766
f 3686//4767 3521//4767 3660//4767
f 3686//4768 3660//4768 3687//4768
f 3687//4769 3660//4769 3661//4769
f 3687//4770 3661//4770 3688//4770
f 3688//4771 3661//4771 3662//4771
f 3688//4772 3662//4772 3689//4772
f 3689//4773 3662//4773 3663//4773
f 3689//4774 3663//4774 3690//4774
f 3690//4775 3663//4775 3664//4775
f 3690//4776 3664//4776 3691//4776
f 3691//4777 3664//4777 3666//4777
f 3691//4778 3666//4778 3692//4778
f 3692//4779 3666//4779 3685//4779
f 3692//4780 3685//4780 3693//4780
f 3694//4781 3695//4781 3696//4781
f 3696//4782 3695//4782 3697//4782
f 3696//4783 3697//4783 3698//4783
f 3698//4784 3697//4784 3699//4784
f 3698//4785 3699//4785 3700//4785
f 3700//4786 3699//4786 3670//4786
f 3700//4787 3670//4787 3701//4787
f 3701//4788 3670//4788 3672//4788
f 3701//4789 3672//4789 3702//4789
f 3702//4790 3672//4790 3674//4790
f 3702//4791 3674//4791 3703//4791
f 3703//4792 3674//4792 3676//4792
f 3703//4793 3676//4793 3704//4793
f 3704//4794 3676//4794 3678//4794
f 3704//4795 3678//4795 3705//4795
f 3705//4796 3678//4796 3680//4796
f 3705//4797 3680//4797 3706//4797
f 3706//4798 3680//4798 3682//4798
f 3707//4799 3708//4799 3693//4799
f 3393//4800 3540//4800 3685//4800
f 3685//4801 3540//4801 3709//4801
f 3685//4802 3709//4802 3693//4802
f 3693//4803 3709//4803 3710//4803
f 3693//4804 3710//4804 3707//4804
f 3711//4805 3712//4805 3713//4805
f 3684//4806 3683//4806 3714//4806
f 3714//4807 3683//4807 3715//4807
f 3714//4808 3715//4808 3716//4808
f 3716//4809 3715//4809 3717//4809
f 3716//4810 3717//4810 3718//4810
f 3718//4811 3717//4811 3719//4811
f 3718//4812 3719//4812 3720//4812
f 3720//4813 3719//4813 3721//4813
f 3720//4814 3721//4814 3722//4814
f 3722//4815 3721//4815 3723//4815
f 3722//4816 3723//4816 3724//4816
f 3724//4817 3723//4817 3725//4817
f 3724//4818 3725//4818 3726//4818
f 3726//4819 3725//4819 3727//4819
f 3726//4820 3727//4820 3728//4820
f 3728//4821 3727//4821 3729//4821
f 3728//4822 3729//4822 3730//4822
f 3730//4823 3729//4823 3711//4823
f 3730//4824 3711//4824 3731//4824
f 3711//4825 3713//4825 3731//4825
f 3731//4826 3713//4826 3732//4826
f 3731//4827 3732//4827 3733//4827
f 3734//4828 3735//4828 3736//4828
f 3736//4829 3735//4829 3737//4829
f 3736//4830 3737//4830 3738//4830
f 3738//4831 3739//4831 3740//4831
f 3740//4832 3739//4832 3741//4832
f 3740//4833 3741//4833 3742//4833
f 3738//4834 3740//4834 3736//4834
f 3736//4835 3740//4835 3742//4835
f 3736//4836 3742//4836 3734//4836
f 3734//4837 3742//4837 3743//4837
f 3734//4838 3743//4838 3744//4838
f 3744//4839 3743//4839 3745//4839
f 3744//4840 3745//4840 3746//4840
f 3746//4841 3745//4841 3747//4841
f 3746//4842 3747//4842 3733//4842
f 3748//4843 3749//4843 3750//4843
f 3518//4844 3517//4844 3750//4844
f 3750//4845 3517//4845 3751//4845
f 3750//4846 3751//4846 3748//4846
f 3741//4847 3516//4847 3742//4847
f 3742//4848 3516//4848 3518//4848
f 3742//4849 3518//4849 3743//4849
f 3743//4850 3518//4850 3750//4850
f 3743//4851 3750//4851 3745//4851
f 3745//4852 3750//4852 3749//4852
f 3745//4853 3749//4853 3747//4853
f 3747//4854 3749//4854 3752//4854
f 3730//4855 3694//4855 3728//4855
f 3728//4856 3694//4856 3696//4856
f 3728//4857 3696//4857 3726//4857
f 3726//4858 3696//4858 3698//4858
f 3726//4859 3698//4859 3724//4859
f 3724//4860 3698//4860 3700//4860
f 3724//4861 3700//4861 3722//4861
f 3722//4862 3700//4862 3701//4862
f 3722//4863 3701//4863 3720//4863
f 3720//4864 3701//4864 3702//4864
f 3720//4865 3702//4865 3718//4865
f 3718//4866 3702//4866 3703//4866
f 3718//4867 3703//4867 3716//4867
f 3716//4868 3703//4868 3704//4868
f 3716//4869 3704//4869 3714//4869
f 3714//4870 3704//4870 3705//4870
f 3714//4871 3705//4871 3684//4871
f 3684//4872 3705//4872 3706//4872
f 3684//4873 3706//4873 3614//4873
f 3614//4874 3706//4874 3682//4874
f 3614//4875 3682//4875 3613//4875
f 3748//4876 3753//4876 3749//4876
f 3749//4877 3753//4877 3754//4877
f 3749//4878 3754//4878 3752//4878
f 3752//4879 3754//4879 3755//4879
f 3752//4880 3755//4880 3756//4880
f 3756//4881 3755//4881 3757//4881
f 3756//4882 3757//4882 3513//4882
f 3758//4883 3759//4883 3760//4883
f 3761//4884 3759//4884 3762//4884
f 3762//4885 3759//4885 3758//4885
f 3762//4886 3758//4886 3763//4886
f 3763//4887 3758//4887 3764//4887
f 3763//4888 3764//4888 3765//4888
f 3765//4889 3764//4889 3766//4889
f 3760//4890 3767//4890 3758//4890
f 3758//4891 3767//4891 3768//4891
f 3758//4892 3768//4892 3764//4892
f 3764//4893 3768//4893 3769//4893
f 3764//4894 3769//4894 3766//4894
f 3766//4895 3769//4895 3770//4895
f 3513//4896 3757//4896 3514//4896
f 3514//4897 3757//4897 3771//4897
f 3760//4898 3772//4898 3767//4898
f 3767//4899 3772//4899 3515//4899
f 3767//4900 3515//4900 3768//4900
f 3768//4901 3515//4901 3514//4901
f 3768//4902 3514//4902 3769//4902
f 3769//4903 3514//4903 3771//4903
f 3769//4904 3771//4904 3770//4904
f 3731//4905 3733//4905 3747//4905
f 3731//4906 3747//4906 3730//4906
f 3730//4907 3747//4907 3752//4907
f 3730//4908 3752//4908 3694//4908
f 3694//4909 3752//4909 3756//4909
f 3694//4910 3756//4910 3695//4910
f 3695//4911 3756//4911 3513//4911
f 3695//4912 3513//4912 3697//4912
f 3697//4913 3513//4913 3515//4913
f 3697//4914 3515//4914 3699//4914
f 3699//4915 3515//4915 3772//4915
f 3699//4916 3772//4916 3670//4916
f 3670//4917 3772//4917 3760//4917
f 3670//4918 3760//4918 3671//4918
f 3671//4919 3760//4919 3759//4919
f 3671//4920 3759//4920 3673//4920
f 3673//4921 3759//4921 3761//4921
f 3673//4922 3761//4922 3675//4922
f 3675//4923 3761//4923 3773//4923
f 3675//4924 3773//4924 3677//4924
f 3677//4925 3773//4925 3774//4925
f 3677//4926 3774//4926 3679//4926
f 3679//4927 3774//4927 3775//4927
f 3679//4928 3775//4928 3681//4928
f 3681//4929 3775//4929 3776//4929
f 3681//4930 3776//4930 3682//4930
f 3669//4931 3777//4931 3668//4931
f 3668//4932 3777//4932 3778//4932
f 3668//4933 3778//4933 3667//4933
f 3667//4934 3778//4934 3779//4934
f 3667//4935 3779//4935 3537//4935
f 3537//4936 3779//4936 3536//4936
f 3537//4937 3536//4937 3342//4937
f 3342//4938 3536//4938 3340//4938
f 3766//4939 3770//4939 3780//4939
f 3780//4940 3510//4940 3766//4940
f 3766//4941 3510//4941 3512//4941
f 3766//4942 3512//4942 3765//4942
f 3765//4943 3512//4943 3629//4943
f 3765//4944 3629//4944 3763//4944
f 3763//4945 3629//4945 3631//4945
f 3763//4946 3631//4946 3762//4946
f 3762//4947 3631//4947 3633//4947
f 3762//4948 3633//4948 3761//4948
f 3761//4949 3633//4949 3623//4949
f 3761//4950 3623//4950 3773//4950
f 3773//4951 3623//4951 3622//4951
f 3773//4952 3622//4952 3774//4952
f 3774//4953 3622//4953 3621//4953
f 3774//4954 3621//4954 3775//4954
f 3775//4955 3621//4955 3620//4955
f 3775//4956 3620//4956 3776//4956
f 3776//4957 3620//4957 3619//4957
f 3776//4958 3619//4958 3682//4958
f 3682//4959 3619//4959 3644//4959
f 3682//4960 3644//4960 3613//4960
f 3613//4961 3644//4961 3645//4961
f 3613//4962 3645//4962 3611//4962
f 3611//4963 3645//4963 3646//4963
f 3611//4964 3646//4964 3609//4964
f 3609//4965 3646//4965 3533//4965
f 3609//4966 3533//4966 3608//4966
f 3608//4967 3533//4967 3545//4967
f 3608//4968 3545//4968 3607//4968
f 3607//4969 3545//4969 3552//4969
f 3607//4970 3552//4970 3586//4970
f 3586//4971 3552//4971 3553//4971
f 3586//4972 3553//4972 3534//4972
f 3534//4973 3553//4973 3587//4973
f 3534//4974 3587//4974 3460//4974
f 3460//4975 3587//4975 3462//4975
f 3334//4976 3333//4976 3535//4976
f 3535//4977 3333//4977 3536//4977
f 3535//4978 3536//4978 3610//4978
f 3610//4979 3536//4979 3779//4979
f 3610//4980 3779//4980 3612//4980
f 3612//4981 3779//4981 3778//4981
f 3612//4982 3778//4982 3614//4982
f 3614//4983 3778//4983 3777//4983
f 3614//4984 3777//4984 3683//4984
f 3683//4985 3777//4985 3669//4985
f 3683//4986 3669//4986 3715//4986
f 3715//4987 3669//4987 3686//4987
f 3715//4988 3686//4988 3717//4988
f 3717//4989 3686//4989 3687//4989
f 3717//4990 3687//4990 3719//4990
f 3719//4991 3687//4991 3688//4991
f 3719//4992 3688//4992 3721//4992
f 3721//4993 3688//4993 3689//4993
f 3721//4994 3689//4994 3723//4994
f 3723//4995 3689//4995 3690//4995
f 3723//4996 3690//4996 3725//4996
f 3725//4997 3690//4997 3691//4997
f 3725//4998 3691//4998 3727//4998
f 3727//4999 3691//4999 3692//4999
f 3727//5000 3692//5000 3729//5000
f 3729//5001 3692//5001 3693//5001
f 3729//5002 3693//5002 3711//5002
f 3711//5003 3693//5003 3708//5003
f 3711//5004 3708//5004 3712//5004
f 3781//5005 3260//5005 3259//5005
f 3781//5006 3259//5006 3782//5006
f 3565//5007 3566//5007 3783//5007
f 3783//5008 3566//5008 3256//5008
f 3783//5009 3256//5009 3781//5009
f 3781//5010 3256//5010 3261//5010
f 3781//5011 3261//5011 3260//5011
f 3565//5012 3783//5012 3567//5012
f 3567//5013 3783//5013 3784//5013
f 3567//5014 3784//5014 3568//5014
f 3572//5015 3571//5015 3785//5015
f 3785//5016 3571//5016 3570//5016
f 3785//5017 3570//5017 3784//5017
f 3784//5018 3570//5018 3569//5018
f 3784//5019 3569//5019 3568//5019
f 3572//5020 3785//5020 3573//5020
f 3573//5021 3785//5021 3786//5021
f 3573//5022 3786//5022 3563//5022
f 3563//5023 3786//5023 3564//5023
f 3564//5024 3786//5024 3787//5024
f 3564//5025 3787//5025 3574//5025
f 3574//5026 3787//5026 3575//5026
f 3575//5027 3787//5027 3788//5027
f 3575//5028 3788//5028 3576//5028
f 3576//5029 3788//5029 3543//5029
f 3543//5030 3788//5030 3789//5030
f 3543//5031 3789//5031 3544//5031
f 3790//5032 3558//5032 3791//5032
f 3791//5033 3558//5033 3557//5033
f 3557//5034 3555//5034 3791//5034
f 3791//5035 3555//5035 3554//5035
f 3791//5036 3554//5036 3789//5036
f 3789//5037 3554//5037 3556//5037
f 3789//5038 3556//5038 3544//5038
f 3259//5039 3562//5039 3782//5039
f 3782//5040 3562//5040 3561//5040
f 3782//5041 3561//5041 3792//5041
f 3792//5042 3561//5042 3560//5042
f 3792//5043 3560//5043 3790//5043
f 3790//5044 3560//5044 3559//5044
f 3790//5045 3559//5045 3558//5045
f 3793//5046 3794//5046 3795//5046
f 3795//5047 3794//5047 3796//5047
f 3795//5048 3796//5048 3797//5048
f 3797//5049 3796//5049 3798//5049
f 3798//5050 3796//5050 3799//5050
f 3798//5051 3799//5051 3800//5051
f 3801//5052 3802//5052 3803//5052
f 3803//5053 3802//5053 3804//5053
f 3803//5054 3804//5054 3799//5054
f 3799//5055 3804//5055 3805//5055
f 3799//5056 3805//5056 3800//5056
f 3801//5057 3803//5057 3806//5057
f 3806//5058 3803//5058 3807//5058
f 3806//5059 3807//5059 3808//5059
f 3788//5060 3807//5060 3789//5060
f 3789//5060 3807//5060 3809//5060
f 3789//5060 3809//5060 3791//5060
f 3791//5060 3809//5060 3790//5060
f 3810//5060 3811//5060 3812//5060
f 3788//5060 3787//5060 3807//5060
f 3807//5060 3787//5060 3786//5060
f 3807//5060 3786//5060 3808//5060
f 3808//5060 3786//5060 3785//5060
f 3808//5060 3785//5060 3784//5060
f 3809//5060 3810//5060 3790//5060
f 3790//5060 3810//5060 3812//5060
f 3790//5060 3812//5060 3792//5060
f 3792//5060 3812//5060 3813//5060
f 3792//5060 3813//5060 3782//5060
f 3782//5061 3813//5061 3814//5061
f 3782//5060 3814//5060 3781//5060
f 3781//5060 3814//5060 3815//5060
f 3781//5060 3815//5060 3783//5060
f 3783//5060 3815//5060 3816//5060
f 3783//5060 3816//5060 3784//5060
f 3784//5060 3816//5060 3817//5060
f 3784//5060 3817//5060 3808//5060
f 3817//5060 3818//5060 3808//5060
f 3808//5060 3818//5060 3819//5060
f 3808//5060 3819//5060 3820//5060
f 3820//5060 3821//5060 3808//5060
f 3808//5060 3821//5060 3822//5060
f 3808//5060 3822//5060 3823//5060
f 3823//5060 3824//5060 3808//5060
f 3808//5060 3824//5060 3825//5060
f 3808//5060 3825//5060 3826//5060
f 3826//5060 3825//5060 3827//5060
f 3233//5062 3828//5062 3829//5062
f 3809//5063 3830//5063 3810//5063
f 3810//5064 3830//5064 3831//5064
f 3810//5065 3831//5065 3832//5065
f 3225//5066 3833//5066 3832//5066
f 3833//5067 3834//5067 3832//5067
f 3832//5068 3834//5068 3835//5068
f 3832//5069 3835//5069 3810//5069
f 3810//5070 3835//5070 3811//5070
f 3225//5071 3832//5071 3226//5071
f 3226//5072 3832//5072 3836//5072
f 3226//5073 3836//5073 3231//5073
f 3231//5074 3836//5074 3233//5074
f 3233//5075 3836//5075 3837//5075
f 3233//5076 3837//5076 3828//5076
f 3838//5077 3601//5077 3548//5077
f 3548//5078 3235//5078 3236//5078
f 3838//5079 3548//5079 3839//5079
f 3839//5080 3548//5080 3236//5080
f 3839//5081 3236//5081 3829//5081
f 3829//5082 3236//5082 3234//5082
f 3829//5083 3234//5083 3233//5083
f 3230//5084 3228//5084 3840//5084
f 3841//5085 3811//5085 3835//5085
f 3835//5086 3834//5086 3841//5086
f 3841//5087 3834//5087 3833//5087
f 3841//5088 3833//5088 3225//5088
f 3842//5089 3813//5089 3812//5089
f 3843//5090 3844//5090 3840//5090
f 3840//5090 3844//5090 3845//5090
f 3840//5091 3845//5091 3230//5091
f 3230//5092 3845//5092 3224//5092
f 3844//5093 3846//5093 3845//5093
f 3845//5094 3846//5094 3841//5094
f 3845//5095 3841//5095 3224//5095
f 3224//5096 3841//5096 3225//5096
f 3228//5097 3227//5097 3840//5097
f 3840//5098 3227//5098 3847//5098
f 3840//5099 3847//5099 3843//5099
f 3843//5100 3847//5100 3848//5100
f 3843//5101 3848//5101 3849//5101
f 3811//5102 3841//5102 3812//5102
f 3812//5103 3841//5103 3846//5103
f 3812//5104 3846//5104 3842//5104
f 3842//5105 3846//5105 3844//5105
f 3842//5106 3844//5106 3850//5106
f 3850//5107 3844//5107 3843//5107
f 3850//5108 3843//5108 3851//5108
f 3851//5109 3843//5109 3849//5109
f 3851//5110 3849//5110 3852//5110
f 3814//5111 3813//5111 3853//5111
f 3853//5112 3813//5112 3842//5112
f 3853//5113 3842//5113 3854//5113
f 3854//5114 3842//5114 3850//5114
f 3854//5115 3850//5115 3855//5115
f 3855//5116 3850//5116 3851//5116
f 3855//5117 3851//5117 3856//5117
f 3856//5118 3851//5118 3852//5118
f 3857//5119 3858//5119 3859//5119
f 3822//5120 3821//5120 3860//5120
f 3860//5121 3821//5121 3820//5121
f 3860//5122 3820//5122 3861//5122
f 3861//5123 3820//5123 3819//5123
f 3861//5124 3819//5124 3862//5124
f 3862//5125 3819//5125 3818//5125
f 3862//5126 3818//5126 3863//5126
f 3863//5127 3818//5127 3817//5127
f 3863//5128 3817//5128 3864//5128
f 3864//5129 3817//5129 3816//5129
f 3864//5130 3816//5130 3865//5130
f 3865//5131 3816//5131 3815//5131
f 3865//5132 3815//5132 3814//5132
f 3822//5133 3860//5133 3823//5133
f 3823//5134 3860//5134 3866//5134
f 3823//5135 3866//5135 3824//5135
f 3824//5136 3866//5136 3867//5136
f 3824//5137 3867//5137 3825//5137
f 3825//5138 3867//5138 3868//5138
f 3825//5139 3868//5139 3827//5139
f 3827//5140 3868//5140 3859//5140
f 3827//5141 3859//5141 3826//5141
f 3826//5142 3859//5142 3858//5142
f 3826//5143 3858//5143 3808//5143
f 3854//5144 3855//5144 3869//5144
f 3870//5145 3871//5145 3872//5145
f 3872//5146 3871//5146 3873//5146
f 3872//5147 3873//5147 3874//5147
f 3874//5148 3873//5148 3875//5148
f 3874//5149 3875//5149 3876//5149
f 3876//5150 3875//5150 3877//5150
f 3876//5151 3877//5151 3878//5151
f 3878//5152 3877//5152 3869//5152
f 3878//5153 3869//5153 3879//5153
f 3879//5154 3869//5154 3855//5154
f 3879//5155 3855//5155 3856//5155
f 3872//5156 3880//5156 3870//5156
f 3870//5157 3880//5157 3881//5157
f 3870//5158 3881//5158 3882//5158
f 3882//5159 3881//5159 3883//5159
f 3883//5160 3884//5160 3882//5160
f 3882//5161 3884//5161 3885//5161
f 3882//5162 3885//5162 3886//5162
f 3886//5163 3885//5163 3887//5163
f 3886//5164 3887//5164 3888//5164
f 3888//5165 3887//5165 3889//5165
f 3888//5166 3889//5166 3890//5166
f 3890//5167 3889//5167 3891//5167
f 3891//5168 3892//5168 3890//5168
f 3890//5169 3892//5169 3893//5169
f 3890//5170 3893//5170 3888//5170
f 3888//5170 3893//5170 3894//5170
f 3888//5171 3894//5171 3886//5171
f 3886//5172 3894//5172 3895//5172
f 3886//5173 3895//5173 3882//5173
f 3882//5173 3895//5173 3896//5173
f 3882//5174 3896//5174 3870//5174
f 3870//5175 3896//5175 3897//5175
f 3870//5176 3897//5176 3871//5176
f 3871//5177 3897//5177 3898//5177
f 3871//5178 3898//5178 3873//5178
f 3873//5179 3898//5179 3899//5179
f 3873//5180 3899//5180 3875//5180
f 3875//5181 3899//5181 3900//5181
f 3875//5182 3900//5182 3877//5182
f 3877//5182 3900//5182 3901//5182
f 3877//5183 3901//5183 3869//5183
f 3869//5184 3901//5184 3902//5184
f 3869//5185 3902//5185 3854//5185
f 3854//5186 3902//5186 3853//5186
f 3892//5187 3857//5187 3893//5187
f 3893//5188 3857//5188 3859//5188
f 3893//5189 3859//5189 3894//5189
f 3894//5190 3859//5190 3868//5190
f 3894//5191 3868//5191 3895//5191
f 3895//5192 3868//5192 3867//5192
f 3895//5193 3867//5193 3896//5193
f 3896//5193 3867//5193 3866//5193
f 3896//5194 3866//5194 3897//5194
f 3897//5195 3866//5195 3860//5195
f 3897//5196 3860//5196 3898//5196
f 3898//5197 3860//5197 3861//5197
f 3898//5198 3861//5198 3899//5198
f 3899//5199 3861//5199 3862//5199
f 3899//5200 3862//5200 3900//5200
f 3900//5200 3862//5200 3863//5200
f 3900//5201 3863//5201 3901//5201
f 3901//5202 3863//5202 3864//5202
f 3901//5203 3864//5203 3902//5203
f 3902//5204 3864//5204 3865//5204
f 3902//5205 3865//5205 3853//5205
f 3853//5206 3865//5206 3814//5206
f 3903//5207 3904//5207 3905//5207
f 3906//5208 3793//5208 3795//5208
f 3907//5209 3908//5209 3909//5209
f 3910//5210 3911//5210 3912//5210
f 3913//5211 3914//5211 3915//5211
f 3916//5212 3917//5212 3918//5212
f 3892//5213 3891//5213 3919//5213
f 3892//5214 3919//5214 3920//5214
f 3921//5215 3917//5215 3922//5215
f 3922//5216 3917//5216 3916//5216
f 3922//5217 3916//5217 3923//5217
f 3857//5218 3892//5218 3924//5218
f 3924//5219 3892//5219 3920//5219
f 3924//5220 3920//5220 3918//5220
f 3918//5221 3920//5221 3925//5221
f 3918//5222 3925//5222 3916//5222
f 3916//5223 3925//5223 3926//5223
f 3916//5224 3926//5224 3923//5224
f 3923//5225 3926//5225 3927//5225
f 3923//5226 3927//5226 3910//5226
f 3910//5227 3927//5227 3928//5227
f 3910//5228 3928//5228 3911//5228
f 3929//5229 3914//5229 3930//5229
f 3930//5230 3914//5230 3913//5230
f 3930//5231 3913//5231 3931//5231
f 3932//5232 3908//5232 3933//5232
f 3933//5233 3908//5233 3907//5233
f 3933//5234 3907//5234 3934//5234
f 3935//5235 3934//5235 3936//5235
f 3936//5236 3934//5236 3907//5236
f 3936//5237 3907//5237 3937//5237
f 3937//5238 3907//5238 3909//5238
f 3937//5239 3909//5239 3938//5239
f 3801//5240 3939//5240 3802//5240
f 3802//5241 3939//5241 3940//5241
f 3802//5242 3940//5242 3804//5242
f 3804//5243 3940//5243 3941//5243
f 3804//5244 3941//5244 3805//5244
f 3805//5245 3941//5245 3942//5245
f 3805//5246 3942//5246 3800//5246
f 3800//5247 3942//5247 3943//5247
f 3800//5248 3943//5248 3798//5248
f 3944//5249 3935//5249 3945//5249
f 3945//5250 3935//5250 3936//5250
f 3945//5251 3936//5251 3946//5251
f 3946//5252 3936//5252 3937//5252
f 3946//5253 3937//5253 3947//5253
f 3947//5254 3937//5254 3938//5254
f 3947//5255 3938//5255 3948//5255
f 3948//5256 3938//5256 3949//5256
f 3948//5257 3949//5257 3950//5257
f 3950//5258 3949//5258 3951//5258
f 3950//5259 3951//5259 3952//5259
f 3808//5260 3858//5260 3806//5260
f 3806//5261 3858//5261 3952//5261
f 3806//5262 3952//5262 3801//5262
f 3801//5263 3952//5263 3951//5263
f 3801//5264 3951//5264 3939//5264
f 3939//5265 3951//5265 3949//5265
f 3939//5266 3949//5266 3940//5266
f 3940//5267 3949//5267 3938//5267
f 3940//5268 3938//5268 3941//5268
f 3941//5269 3938//5269 3909//5269
f 3941//5270 3909//5270 3942//5270
f 3942//5271 3909//5271 3908//5271
f 3942//5272 3908//5272 3943//5272
f 3943//5273 3908//5273 3932//5273
f 3943//5274 3932//5274 3953//5274
f 3944//5275 3954//5275 3931//5275
f 3931//5276 3954//5276 3903//5276
f 3931//5277 3903//5277 3930//5277
f 3930//5278 3903//5278 3905//5278
f 3930//5279 3905//5279 3929//5279
f 3919//5280 3955//5280 3920//5280
f 3920//5281 3955//5281 3956//5281
f 3920//5282 3956//5282 3925//5282
f 3925//5283 3956//5283 3957//5283
f 3925//5284 3957//5284 3926//5284
f 3926//5285 3957//5285 3958//5285
f 3926//5286 3958//5286 3927//5286
f 3927//5287 3958//5287 3959//5287
f 3927//5288 3959//5288 3928//5288
f 3944//5289 3931//5289 3935//5289
f 3935//5290 3931//5290 3913//5290
f 3935//5291 3913//5291 3934//5291
f 3934//5292 3913//5292 3915//5292
f 3934//5293 3915//5293 3933//5293
f 3933//5294 3915//5294 3960//5294
f 3933//5295 3960//5295 3932//5295
f 3932//5296 3960//5296 3906//5296
f 3932//5297 3906//5297 3953//5297
f 3953//5298 3906//5298 3795//5298
f 3953//5299 3795//5299 3943//5299
f 3943//5300 3795//5300 3797//5300
f 3943//5301 3797//5301 3798//5301
f 3858//5302 3857//5302 3952//5302
f 3952//5303 3857//5303 3924//5303
f 3952//5304 3924//5304 3950//5304
f 3950//5305 3924//5305 3918//5305
f 3950//5306 3918//5306 3948//5306
f 3948//5307 3918//5307 3917//5307
f 3948//5308 3917//5308 3947//5308
f 3947//5309 3917//5309 3921//5309
f 3947//5310 3921//5310 3946//5310
f 3946//5311 3921//5311 3922//5311
f 3946//5312 3922//5312 3945//5312
f 3945//5313 3922//5313 3923//5313
f 3945//5314 3923//5314 3944//5314
f 3944//5315 3923//5315 3910//5315
f 3944//5316 3910//5316 3954//5316
f 3954//5317 3910//5317 3912//5317
f 3954//5318 3912//5318 3903//5318
f 3903//5319 3912//5319 3961//5319
f 3903//5320 3961//5320 3904//5320
f 3962//5321 3963//5321 3964//5321
f 3965//5322 3966//5322 3967//5322
f 3968//5323 3969//5323 3970//5323
f 3971//5324 3972//5324 3973//5324
f 3973//5325 3972//5325 3974//5325
f 3975//5326 3976//5326 3977//5326
f 3977//5327 3976//5327 3978//5327
f 3977//5328 3978//5328 3979//5328
f 3979//5329 3978//5329 3980//5329
f 3979//5330 3980//5330 3971//5330
f 3971//5331 3980//5331 3981//5331
f 3971//5332 3981//5332 3972//5332
f 3982//5333 3983//5333 3975//5333
f 3975//5334 3983//5334 3984//5334
f 3975//5335 3984//5335 3976//5335
f 3975//5336 3985//5336 3982//5336
f 3982//5337 3985//5337 3986//5337
f 3982//5338 3986//5338 3987//5338
f 3987//5339 3986//5339 3988//5339
f 3987//5340 3988//5340 3989//5340
f 3989//5341 3988//5341 3990//5341
f 3989//5342 3990//5342 3991//5342
f 3991//5343 3990//5343 3992//5343
f 3992//5344 3990//5344 3993//5344
f 3992//5345 3993//5345 3994//5345
f 3995//5346 3994//5346 3996//5346
f 3996//5347 3994//5347 3993//5347
f 3996//5348 3993//5348 3997//5348
f 3969//5349 3968//5349 3998//5349
f 3998//5350 3968//5350 3999//5350
f 3998//5351 3999//5351 4000//5351
f 4000//5352 3999//5352 4001//5352
f 4000//5353 4001//5353 3967//5353
f 3967//5354 4001//5354 4002//5354
f 3967//5355 4002//5355 3965//5355
f 3966//5356 3965//5356 4003//5356
f 4003//5357 3965//5357 4004//5357
f 4003//5358 4004//5358 4005//5358
f 3974//5359 4006//5359 3973//5359
f 3973//5360 4006//5360 4007//5360
f 3973//5361 4007//5361 3971//5361
f 3971//5361 4007//5361 4008//5361
f 3971//5362 4008//5362 3979//5362
f 3979//5363 4008//5363 4009//5363
f 3979//5364 4009//5364 3977//5364
f 3977//5365 4009//5365 4010//5365
f 3977//5366 4010//5366 3975//5366
f 3975//5367 4010//5367 4011//5367
f 3975//5368 4011//5368 3985//5368
f 3985//5369 4011//5369 4012//5369
f 3985//5370 4012//5370 3986//5370
f 3986//5371 4012//5371 4013//5371
f 3986//5372 4013//5372 3988//5372
f 3988//5372 4013//5372 4014//5372
f 3988//5373 4014//5373 3990//5373
f 3990//5373 4014//5373 4015//5373
f 3990//5374 4015//5374 3993//5374
f 3993//5375 4015//5375 4016//5375
f 3993//5376 4016//5376 3997//5376
f 3997//5377 4016//5377 4017//5377
f 4006//5378 3962//5378 4007//5378
f 4007//5379 3962//5379 3964//5379
f 4007//5380 3964//5380 4008//5380
f 4008//5381 3964//5381 4018//5381
f 4008//5382 4018//5382 4009//5382
f 4009//5383 4018//5383 4019//5383
f 4009//5384 4019//5384 4010//5384
f 4010//5385 4019//5385 4020//5385
f 4010//5386 4020//5386 4011//5386
f 4011//5387 4020//5387 4004//5387
f 4011//5388 4004//5388 4012//5388
f 4012//5389 4004//5389 3965//5389
f 4012//5390 3965//5390 4013//5390
f 4013//5391 3965//5391 4002//5391
f 4013//5392 4002//5392 4014//5392
f 4014//5392 4002//5392 4001//5392
f 4014//5393 4001//5393 4015//5393
f 4015//5394 4001//5394 3999//5394
f 4015//5395 3999//5395 4016//5395
f 4016//5396 3999//5396 3968//5396
f 4016//5397 3968//5397 4017//5397
f 4017//5398 3968//5398 3970//5398
f 4005//5399 4004//5399 4021//5399
f 4021//5400 4004//5400 4020//5400
f 4021//5401 4020//5401 4022//5401
f 4022//5402 4020//5402 4019//5402
f 4022//5403 4019//5403 4023//5403
f 4023//5404 4019//5404 4018//5404
f 4023//5405 4018//5405 4024//5405
f 4024//5406 4018//5406 3964//5406
f 4024//5407 3964//5407 4025//5407
f 4025//5408 3964//5408 3963//5408
f 4025//5409 3963//5409 4026//5409
f 4027//5410 3962//5410 4006//5410
f 4028//5411 4029//5411 4030//5411
f 4031//5412 4032//5412 4033//5412
f 4034//5413 4035//5413 4036//5413
f 4037//5414 4038//5414 4031//5414
f 4039//5415 4040//5415 4041//5415
f 4042//5416 4043//5416 4044//5416
f 4042//5417 4044//5417 4045//5417
f 4046//5418 4047//5418 4048//5418
f 4048//5419 4047//5419 4049//5419
f 4048//5420 4049//5420 4050//5420
f 4050//5421 4049//5421 4051//5421
f 4050//5422 4051//5422 4052//5422
f 4047//5423 4039//5423 4049//5423
f 4049//5424 4039//5424 4041//5424
f 4049//5425 4041//5425 4051//5425
f 4051//5426 4041//5426 4053//5426
f 4051//5427 4053//5427 4052//5427
f 3963//5428 3962//5428 4052//5428
f 4052//5429 3962//5429 4027//5429
f 4052//5430 4027//5430 4050//5430
f 4050//5431 4027//5431 4054//5431
f 4050//5432 4054//5432 4048//5432
f 4048//5433 4054//5433 4055//5433
f 4048//5434 4055//5434 4046//5434
f 4046//5435 4055//5435 4056//5435
f 4037//5436 4031//5436 4057//5436
f 4057//5437 4031//5437 4033//5437
f 4057//5438 4033//5438 4058//5438
f 3974//5439 4059//5439 4060//5439
f 4060//5440 4059//5440 4035//5440
f 4060//5441 4035//5441 4058//5441
f 4058//5442 4035//5442 4034//5442
f 4058//5443 4034//5443 4057//5443
f 4057//5444 4034//5444 4036//5444
f 4057//5445 4036//5445 4037//5445
f 4029//5446 4061//5446 4030//5446
f 4030//5447 4061//5447 4062//5447
f 4030//5448 4062//5448 4063//5448
f 4063//5449 4062//5449 4064//5449
f 4065//5450 4028//5450 4066//5450
f 4066//5451 4028//5451 4030//5451
f 4066//5452 4030//5452 4067//5452
f 4067//5453 4030//5453 4063//5453
f 4067//5454 4063//5454 4068//5454
f 4068//5455 4063//5455 4064//5455
f 4068//5456 4064//5456 4069//5456
f 4070//5457 4071//5457 4072//5457
f 4072//5458 4071//5458 4073//5458
f 4072//5459 4073//5459 4074//5459
f 4074//5460 4073//5460 4075//5460
f 4074//5461 4075//5461 4069//5461
f 4069//5462 4075//5462 4076//5462
f 4069//5463 4076//5463 4068//5463
f 4068//5464 4076//5464 4077//5464
f 4068//5465 4077//5465 4067//5465
f 4067//5466 4077//5466 4078//5466
f 4067//5467 4078//5467 4066//5467
f 4066//5468 4078//5468 4079//5468
f 4066//5469 4079//5469 4065//5469
f 4065//5470 4079//5470 4080//5470
f 4070//5471 4045//5471 4071//5471
f 4071//5472 4045//5472 4044//5472
f 4071//5473 4044//5473 4073//5473
f 4073//5474 4044//5474 4081//5474
f 4073//5475 4081//5475 4075//5475
f 4075//5476 4081//5476 4082//5476
f 4075//5477 4082//5477 4076//5477
f 4076//5478 4082//5478 4083//5478
f 4076//5479 4083//5479 4077//5479
f 4077//5480 4083//5480 4084//5480
f 4077//5481 4084//5481 4078//5481
f 4078//5482 4084//5482 4032//5482
f 4078//5483 4032//5483 4079//5483
f 4079//5484 4032//5484 4031//5484
f 4079//5485 4031//5485 4080//5485
f 4080//5486 4031//5486 4038//5486
f 4053//5487 4085//5487 4052//5487
f 4052//5488 4085//5488 4086//5488
f 4052//5489 4086//5489 3963//5489
f 3963//5490 4086//5490 4087//5490
f 3963//5491 4087//5491 4026//5491
f 4088//5492 4040//5492 4089//5492
f 4089//5493 4040//5493 4039//5493
f 4089//5494 4039//5494 4090//5494
f 4090//5495 4039//5495 4047//5495
f 4090//5496 4047//5496 4091//5496
f 4091//5497 4047//5497 4046//5497
f 4091//5498 4046//5498 4092//5498
f 4092//5499 4046//5499 4056//5499
f 4092//5500 4056//5500 4093//5500
f 4093//5501 4056//5501 4055//5501
f 4093//5502 4055//5502 4094//5502
f 4094//5503 4055//5503 4054//5503
f 4094//5504 4054//5504 4095//5504
f 4095//5505 4054//5505 4027//5505
f 4043//5506 4088//5506 4044//5506
f 4044//5507 4088//5507 4089//5507
f 4044//5508 4089//5508 4081//5508
f 4081//5509 4089//5509 4090//5509
f 4081//5510 4090//5510 4082//5510
f 4082//5511 4090//5511 4091//5511
f 4082//5512 4091//5512 4083//5512
f 4083//5513 4091//5513 4092//5513
f 4083//5514 4092//5514 4084//5514
f 4084//5515 4092//5515 4093//5515
f 4084//5516 4093//5516 4032//5516
f 4032//5517 4093//5517 4094//5517
f 4032//5518 4094//5518 4033//5518
f 4033//5519 4094//5519 4095//5519
f 4033//5520 4095//5520 4058//5520
f 4058//5521 4095//5521 4027//5521
f 4058//5522 4027//5522 4060//5522
f 4060//5523 4027//5523 4006//5523
f 4060//5524 4006//5524 3974//5524
f 4061//5525 3793//5525 3906//5525
f 4061//5525 3906//5525 4062//5525
f 4062//5526 3906//5526 3960//5526
f 4062//5527 3960//5527 4064//5527
f 4064//5528 3960//5528 4069//5528
f 4069//5529 3960//5529 3915//5529
f 4069//5530 3915//5530 4074//5530
f 3915//5530 3914//5530 4074//5530
f 4074//5531 3914//5531 3929//5531
f 4074//5532 3929//5532 4072//5532
f 4072//5533 3929//5533 3905//5533
f 4072//5533 3905//5533 4070//5533
f 4096//5534 3794//5534 4061//5534
f 4061//5534 3794//5534 3793//5534
f 4037//5535 4097//5535 4038//5535
f 4038//5536 4097//5536 4098//5536
f 4038//5537 4098//5537 4080//5537
f 4037//5538 4036//5538 4097//5538
f 4097//5539 4036//5539 4035//5539
f 4097//5540 4035//5540 4099//5540
f 4099//5541 4035//5541 4059//5541
f 4099//5542 4059//5542 3974//5542
f 4100//5543 4096//5543 4061//5543
f 4061//5544 4029//5544 4100//5544
f 4100//5545 4029//5545 4028//5545
f 4100//5546 4028//5546 4098//5546
f 4098//5547 4028//5547 4065//5547
f 4098//5548 4065//5548 4080//5548
f 4101//5549 4102//5549 4103//5549
f 4104//5550 4105//5550 4106//5550
f 4107//5551 4108//5551 4109//5551
f 4110//5552 4111//5552 4112//5552
f 4113//5553 4114//5553 4115//5553
f 4116//5554 4117//5554 4118//5554
f 4119//5555 4120//5555 4121//5555
f 4122//5549 4123//5549 4124//5549
f 4125//5556 4126//5556 4127//5556
f 4128//5550 4129//5550 4130//5550
f 4131//5557 4132//5557 4133//5557
f 4134//5558 4135//5558 4136//5558
f 4137//5550 4138//5550 4139//5550
f 4140//5551 4141//5551 4142//5551
f 4143//5554 4144//5554 4145//5554
f 4146//5559 4147//5559 4148//5559
f 4149//5560 4150//5560 4151//5560
f 4152//5561 4153//5561 4154//5561
f 4155//5562 4156//5562 4157//5562
f 4158//5555 4159//5555 4160//5555
f 4161//5560 4162//5560 4163//5560
f 4164//5558 4165//5558 4166//5558
f 4167//5550 4168//5550 4169//5550
f 4170//5563 4171//5563 4172//5563
f 4173//5552 4174//5552 4175//5552
f 4176//5564 4177//5564 4178//5564
f 4179//5562 4180//5562 4181//5562
f 4182//5565 4183//5565 4184//5565
f 4185//5566 4186//5566 4187//5566
f 4188//5561 4189//5561 4190//5561
f 4191//5567 4192//5567 4193//5567
f 4194//5566 4195//5566 4196//5566
f 4197//5549 4198//5549 4199//5549
f 4200//5552 4201//5552 4202//5552
f 4203//5568 4204//5568 4205//5568
f 4205//5569 4204//5569 4206//5569
f 4206//5570 4204//5570 4207//5570
f 4207//5571 4204//5571 4208//5571
f 4207//5572 4208//5572 4209//5572
f 4209//5573 4208//5573 4210//5573
f 4209//5574 4210//5574 4211//5574
f 4211//5575 4210//5575 4212//5575
f 4211//5576 4212//5576 4213//5576
f 4213//5577 4212//5577 4214//5577
f 4213//5553 4214//5553 4215//5553
f 4215//5578 4214//5578 4216//5578
f 4215//5579 4216//5579 4217//5579
f 4217//5580 4216//5580 4218//5580
f 4217//5581 4218//5581 4219//5581
f 4219//5582 4218//5582 4220//5582
f 4219//5583 4220//5583 4221//5583
f 4221//5584 4220//5584 4222//5584
f 4221//5585 4222//5585 4223//5585
f 4223//5586 4222//5586 4224//5586
f 4223//5555 4224//5555 4225//5555
f 4224//5587 4226//5587 4225//5587
f 4225//5588 4226//5588 4227//5588
f 4225//5589 4227//5589 4228//5589
f 4228//5590 4227//5590 4229//5590
f 4228//5591 4229//5591 4230//5591
f 4229//5592 4231//5592 4230//5592
f 4230//5593 4231//5593 4232//5593
f 4230//5594 4232//5594 4233//5594
f 4233//5595 4232//5595 4234//5595
f 4233//5596 4234//5596 4235//5596
f 4234//5597 4236//5597 4235//5597
f 4235//5598 4236//5598 4237//5598
f 4235//5599 4237//5599 4238//5599
f 4238//5600 4237//5600 4239//5600
f 4238//5601 4239//5601 4240//5601
f 4240//5602 4239//5602 4241//5602
f 4240//5603 4241//5603 4242//5603
f 4242//5604 4241//5604 4243//5604
f 4242//5605 4243//5605 4244//5605
f 4243//5606 4245//5606 4244//5606
f 4244//5607 4245//5607 4246//5607
f 4244//5554 4246//5554 4247//5554
f 4247//5608 4246//5608 4248//5608
f 4247//5609 4248//5609 4249//5609
f 4249//5610 4248//5610 4250//5610
f 4249//5611 4250//5611 4251//5611
f 4251//5612 4250//5612 4252//5612
f 4251//5613 4252//5613 4253//5613
f 4253//5614 4252//5614 4254//5614
f 4253//5615 4254//5615 4201//5615
f 4201//5616 4254//5616 4255//5616
f 4201//1707 4255//1707 4202//1707
f 4200//5617 4202//5617 4256//5617
f 4256//5618 4202//5618 4257//5618
f 4256//5619 4257//5619 4198//5619
f 4198//5620 4257//5620 4258//5620
f 4198//5621 4258//5621 4199//5621
f 4259//5622 4260//5622 4261//5622
f 4197//5623 4199//5623 4262//5623
f 4262//5624 4199//5624 4263//5624
f 4262//5625 4263//5625 4261//5625
f 4261//5626 4263//5626 4264//5626
f 4261//5627 4264//5627 4259//5627
f 4260//5628 4259//5628 4265//5628
f 4265//5629 4259//5629 4266//5629
f 4265//5630 4266//5630 4195//5630
f 4195//5631 4266//5631 4267//5631
f 4195//5632 4267//5632 4196//5632
f 4194//5633 4196//5633 4268//5633
f 4268//5634 4196//5634 4269//5634
f 4268//5635 4269//5635 4270//5635
f 4270//5636 4269//5636 4271//5636
f 4270//5583 4271//5583 4272//5583
f 4272//5637 4271//5637 4273//5637
f 4272//5638 4273//5638 4192//5638
f 4192//5639 4273//5639 4274//5639
f 4192//5640 4274//5640 4193//5640
f 4275//5641 4276//5641 4277//5641
f 4191//5642 4193//5642 4278//5642
f 4278//5643 4193//5643 4279//5643
f 4278//5644 4279//5644 4280//5644
f 4280//5645 4279//5645 4281//5645
f 4280//5646 4281//5646 4282//5646
f 4275//5647 4277//5647 4282//5647
f 4282//5648 4277//5648 4283//5648
f 4282//5562 4283//5562 4280//5562
f 4284//5649 4285//5649 4286//5649
f 4276//5650 4275//5650 4286//5650
f 4286//5651 4275//5651 4287//5651
f 4286//5652 4287//5652 4284//5652
f 4285//5653 4284//5653 4288//5653
f 4288//5654 4284//5654 4289//5654
f 4288//5655 4289//5655 4189//5655
f 4189//5606 4289//5606 4290//5606
f 4189//5607 4290//5607 4190//5607
f 4188//5656 4190//5656 4291//5656
f 4291//5657 4190//5657 4292//5657
f 4291//5658 4292//5658 4293//5658
f 4293//5612 4292//5612 4294//5612
f 4293//5659 4294//5659 4295//5659
f 4295//5660 4294//5660 4296//5660
f 4295//5661 4296//5661 4297//5661
f 4297//5616 4296//5616 4298//5616
f 4297//1707 4298//1707 4299//1707
f 4300//5662 4301//5662 4302//5662
f 4302//5663 4301//5663 4299//5663
f 4299//5617 4301//5617 4303//5617
f 4299//5552 4303//5552 4297//5552
f 4302//5664 4304//5664 4300//5664
f 4300//5665 4304//5665 4305//5665
f 4300//5666 4305//5666 4306//5666
f 4306//5667 4305//5667 4307//5667
f 4305//5624 4308//5624 4307//5624
f 4307//5668 4308//5668 4309//5668
f 4307//5669 4309//5669 4310//5669
f 4310//5670 4309//5670 4311//5670
f 4310//5671 4311//5671 4312//5671
f 4312//5672 4311//5672 4313//5672
f 4312//5673 4313//5673 4314//5673
f 4314//5674 4313//5674 4315//5674
f 4314//5630 4315//5630 4186//5630
f 4186//5675 4315//5675 4316//5675
f 4186//5676 4316//5676 4187//5676
f 4185//5633 4187//5633 4317//5633
f 4317//5634 4187//5634 4318//5634
f 4317//5677 4318//5677 4319//5677
f 4319//5678 4318//5678 4320//5678
f 4319//5679 4320//5679 4321//5679
f 4321//5680 4320//5680 4322//5680
f 4321//5681 4322//5681 4183//5681
f 4183//5639 4322//5639 4323//5639
f 4183//5640 4323//5640 4184//5640
f 4182//5682 4184//5682 4324//5682
f 4324//5683 4184//5683 4325//5683
f 4324//5644 4325//5644 4180//5644
f 4180//5684 4325//5684 4326//5684
f 4180//5685 4326//5685 4181//5685
f 4179//5686 4181//5686 4327//5686
f 4327//5687 4181//5687 4328//5687
f 4327//5688 4328//5688 4329//5688
f 4328//5689 4330//5689 4329//5689
f 4329//5652 4330//5652 4331//5652
f 4329//5690 4331//5690 4332//5690
f 4332//5691 4331//5691 4333//5691
f 4333//5692 4331//5692 4334//5692
f 4334//5693 4331//5693 4335//5693
f 4334//5605 4335//5605 4177//5605
f 4177//5606 4335//5606 4336//5606
f 4177//5694 4336//5694 4178//5694
f 4176//5695 4178//5695 4337//5695
f 4337//5657 4178//5657 4338//5657
f 4337//5611 4338//5611 4339//5611
f 4339//5696 4338//5696 4340//5696
f 4339//5613 4340//5613 4341//5613
f 4341//5697 4340//5697 4342//5697
f 4341//5661 4342//5661 4174//5661
f 4174//5698 4342//5698 4343//5698
f 4174//5699 4343//5699 4175//5699
f 4344//5700 4345//5700 4346//5700
f 4173//5617 4175//5617 4347//5617
f 4347//5663 4175//5663 4348//5663
f 4347//5662 4348//5662 4349//5662
f 4349//5664 4348//5664 4350//5664
f 4349//5701 4350//5701 4351//5701
f 4344//5702 4346//5702 4351//5702
f 4351//5703 4346//5703 4352//5703
f 4351//5549 4352//5549 4349//5549
f 4353//5704 4354//5704 4355//5704
f 4345//5705 4344//5705 4355//5705
f 4355//5706 4344//5706 4356//5706
f 4355//5707 4356//5707 4353//5707
f 4354//5574 4353//5574 4357//5574
f 4357//5708 4353//5708 4358//5708
f 4357//5709 4358//5709 4171//5709
f 4171//5675 4358//5675 4359//5675
f 4171//5710 4359//5710 4172//5710
f 4170//5711 4172//5711 4360//5711
f 4360//5712 4172//5712 4361//5712
f 4360//5713 4361//5713 4362//5713
f 4362//5636 4361//5636 4363//5636
f 4362//5583 4363//5583 4364//5583
f 4364//5637 4363//5637 4365//5637
f 4364//5638 4365//5638 4366//5638
f 4366//5714 4365//5714 4367//5714
f 4366//5715 4367//5715 4368//5715
f 4369//5716 4370//5716 4371//5716
f 4371//5683 4370//5683 4368//5683
f 4368//5682 4370//5682 4372//5682
f 4368//5555 4372//5555 4366//5555
f 4371//5717 4373//5717 4369//5717
f 4369//5718 4373//5718 4374//5718
f 4369//5719 4374//5719 4375//5719
f 4375//5720 4374//5720 4376//5720
f 4374//5687 4377//5687 4376//5687
f 4376//5721 4377//5721 4378//5721
f 4376//5722 4378//5722 4379//5722
f 4379//5723 4378//5723 4380//5723
f 4379//5601 4380//5601 4381//5601
f 4381//5602 4380//5602 4382//5602
f 4381//5603 4382//5603 4383//5603
f 4383//5724 4382//5724 4384//5724
f 4383//5725 4384//5725 4168//5725
f 4168//5606 4384//5606 4385//5606
f 4168//5726 4385//5726 4169//5726
f 4167//5727 4169//5727 4386//5727
f 4386//5728 4169//5728 4387//5728
f 4386//5611 4387//5611 4388//5611
f 4388//5612 4387//5612 4389//5612
f 4388//5659 4389//5659 4390//5659
f 4390//5660 4389//5660 4391//5660
f 4390//5729 4391//5729 4165//5729
f 4165//5698 4391//5698 4392//5698
f 4165//5730 4392//5730 4166//5730
f 4164//5731 4166//5731 4393//5731
f 4393//5618 4166//5618 4394//5618
f 4393//5619 4394//5619 4395//5619
f 4395//5620 4394//5620 4396//5620
f 4395//5732 4396//5732 4397//5732
f 4397//5733 4396//5733 4398//5733
f 4397//5734 4398//5734 4399//5734
f 4399//5735 4398//5735 4400//5735
f 4399//5736 4400//5736 4401//5736
f 4402//5737 4403//5737 4404//5737
f 4401//5738 4400//5738 4404//5738
f 4404//5626 4400//5626 4405//5626
f 4404//5627 4405//5627 4402//5627
f 4403//5739 4402//5739 4406//5739
f 4406//5629 4402//5629 4407//5629
f 4406//5630 4407//5630 4162//5630
f 4162//5631 4407//5631 4408//5631
f 4162//5632 4408//5632 4163//5632
f 4161//5740 4163//5740 4409//5740
f 4409//5634 4163//5634 4410//5634
f 4409//5635 4410//5635 4411//5635
f 4411//5741 4410//5741 4412//5741
f 4411//5583 4412//5583 4413//5583
f 4413//5637 4412//5637 4414//5637
f 4413//5638 4414//5638 4159//5638
f 4159//5639 4414//5639 4415//5639
f 4159//5742 4415//5742 4160//5742
f 4158//5682 4160//5682 4416//5682
f 4416//5683 4160//5683 4417//5683
f 4416//5716 4417//5716 4156//5716
f 4156//5717 4417//5717 4418//5717
f 4156//5646 4418//5646 4157//5646
f 4419//5743 4420//5743 4421//5743
f 4155//5744 4157//5744 4422//5744
f 4422//5745 4157//5745 4423//5745
f 4422//5746 4423//5746 4424//5746
f 4424//5747 4423//5747 4425//5747
f 4424//5748 4425//5748 4421//5748
f 4421//5749 4425//5749 4426//5749
f 4421//5750 4426//5750 4419//5750
f 4420//5603 4419//5603 4427//5603
f 4427//5604 4419//5604 4428//5604
f 4427//5655 4428//5655 4153//5655
f 4153//5606 4428//5606 4429//5606
f 4153//5607 4429//5607 4154//5607
f 4152//5727 4154//5727 4430//5727
f 4430//5728 4154//5728 4431//5728
f 4430//5611 4431//5611 4432//5611
f 4432//5612 4431//5612 4433//5612
f 4432//5613 4433//5613 4434//5613
f 4434//5660 4433//5660 4435//5660
f 4434//5661 4435//5661 4436//5661
f 4436//5616 4435//5616 4437//5616
f 4436//1707 4437//1707 4438//1707
f 4439//5751 4440//5751 4441//5751
f 4441//5618 4440//5618 4438//5618
f 4438//5617 4440//5617 4442//5617
f 4438//5552 4442//5552 4436//5552
f 4441//5752 4443//5752 4439//5752
f 4439//5665 4443//5665 4444//5665
f 4439//5753 4444//5753 4445//5753
f 4445//5623 4444//5623 4446//5623
f 4444//5624 4447//5624 4446//5624
f 4446//5754 4447//5754 4448//5754
f 4446//5755 4448//5755 4449//5755
f 4449//5756 4448//5756 4450//5756
f 4449//5671 4450//5671 4451//5671
f 4451//5672 4450//5672 4452//5672
f 4451//5673 4452//5673 4453//5673
f 4453//5674 4452//5674 4454//5674
f 4453//5630 4454//5630 4150//5630
f 4150//5675 4454//5675 4455//5675
f 4150//5676 4455//5676 4151//5676
f 4149//5633 4151//5633 4456//5633
f 4456//5757 4151//5757 4457//5757
f 4456//5635 4457//5635 4458//5635
f 4458//5741 4457//5741 4459//5741
f 4458//5583 4459//5583 4460//5583
f 4460//5637 4459//5637 4461//5637
f 4460//5638 4461//5638 4147//5638
f 4147//5639 4461//5639 4462//5639
f 4147//5640 4462//5640 4148//5640
f 4146//5642 4148//5642 4463//5642
f 4463//5683 4148//5683 4464//5683
f 4463//5644 4464//5644 4465//5644
f 4465//5758 4464//5758 4466//5758
f 4465//5759 4466//5759 4467//5759
f 4467//5760 4466//5760 4468//5760
f 4467//5761 4468//5761 4469//5761
f 4469//5762 4468//5762 4470//5762
f 4469//5763 4470//5763 4471//5763
f 4472//5649 4473//5649 4474//5649
f 4471//5688 4470//5688 4474//5688
f 4474//5689 4470//5689 4475//5689
f 4474//5652 4475//5652 4472//5652
f 4473//5764 4472//5764 4476//5764
f 4476//5693 4472//5693 4477//5693
f 4476//5605 4477//5605 4144//5605
f 4144//5606 4477//5606 4478//5606
f 4144//5607 4478//5607 4145//5607
f 4143//5656 4145//5656 4479//5656
f 4479//5657 4145//5657 4480//5657
f 4479//5658 4480//5658 4481//5658
f 4481//5765 4480//5765 4482//5765
f 4481//5659 4482//5659 4483//5659
f 4483//5697 4482//5697 4484//5697
f 4483//5661 4484//5661 4485//5661
f 4485//5698 4484//5698 4486//5698
f 4485//5766 4486//5766 4487//5766
f 4488//5662 4489//5662 4490//5662
f 4490//5767 4489//5767 4487//5767
f 4487//5617 4489//5617 4491//5617
f 4487//5552 4491//5552 4485//5552
f 4490//5664 4492//5664 4488//5664
f 4488//5768 4492//5768 4493//5768
f 4488//5666 4493//5666 4494//5666
f 4494//5667 4493//5667 4495//5667
f 4496//5769 4497//5769 4498//5769
f 4493//5624 4499//5624 4495//5624
f 4495//5770 4499//5770 4500//5770
f 4495//5771 4500//5771 4498//5771
f 4498//5772 4500//5772 4501//5772
f 4498//5773 4501//5773 4496//5773
f 4497//5774 4496//5774 4502//5774
f 4502//5775 4496//5775 4503//5775
f 4502//5709 4503//5709 4141//5709
f 4141//5675 4503//5675 4504//5675
f 4141//5710 4504//5710 4142//5710
f 4140//5776 4142//5776 4505//5776
f 4505//5777 4142//5777 4506//5777
f 4505//5677 4506//5677 4507//5677
f 4507//5741 4506//5741 4508//5741
f 4507//5583 4508//5583 4509//5583
f 4509//5778 4508//5778 4510//5778
f 4509//5681 4510//5681 4511//5681
f 4511//5714 4510//5714 4512//5714
f 4511//5779 4512//5779 4513//5779
f 4514//5780 4515//5780 4516//5780
f 4516//5683 4515//5683 4513//5683
f 4513//5682 4515//5682 4517//5682
f 4513//5781 4517//5781 4511//5781
f 4516//5758 4518//5758 4514//5758
f 4514//5685 4518//5685 4519//5685
f 4514//5562 4519//5562 4520//5562
f 4520//5782 4519//5782 4521//5782
f 4520//5783 4521//5783 4522//5783
f 4521//5763 4523//5763 4522//5763
f 4522//5784 4523//5784 4524//5784
f 4522//5785 4524//5785 4525//5785
f 4525//5786 4524//5786 4526//5786
f 4525//5787 4526//5787 4527//5787
f 4527//5788 4526//5788 4528//5788
f 4527//5789 4528//5789 4529//5789
f 4529//5654 4528//5654 4530//5654
f 4529//5655 4530//5655 4138//5655
f 4138//5606 4530//5606 4531//5606
f 4138//5726 4531//5726 4139//5726
f 4137//5790 4139//5790 4532//5790
f 4532//5728 4139//5728 4533//5728
f 4532//5791 4533//5791 4534//5791
f 4534//5612 4533//5612 4535//5612
f 4534//5613 4535//5613 4536//5613
f 4536//5792 4535//5792 4537//5792
f 4536//5661 4537//5661 4135//5661
f 4135//5698 4537//5698 4538//5698
f 4135//5730 4538//5730 4136//5730
f 4134//5731 4136//5731 4539//5731
f 4539//5793 4136//5793 4540//5793
f 4539//5619 4540//5619 4541//5619
f 4541//5664 4540//5664 4542//5664
f 4541//5794 4542//5794 4543//5794
f 4543//5795 4542//5795 4544//5795
f 4543//5796 4544//5796 4545//5796
f 4545//5797 4544//5797 4546//5797
f 4545//5798 4546//5798 4547//5798
f 4548//5704 4549//5704 4550//5704
f 4547//5799 4546//5799 4550//5799
f 4550//5706 4546//5706 4551//5706
f 4550//5707 4551//5707 4548//5707
f 4549//5574 4548//5574 4552//5574
f 4552//5708 4548//5708 4553//5708
f 4552//5709 4553//5709 4132//5709
f 4132//5675 4553//5675 4554//5675
f 4132//5800 4554//5800 4133//5800
f 4131//5711 4133//5711 4555//5711
f 4555//5712 4133//5712 4556//5712
f 4555//5713 4556//5713 4557//5713
f 4557//5636 4556//5636 4558//5636
f 4557//5583 4558//5583 4559//5583
f 4559//5637 4558//5637 4560//5637
f 4559//5638 4560//5638 4561//5638
f 4561//5714 4560//5714 4562//5714
f 4561//5779 4562//5779 4563//5779
f 4564//5716 4565//5716 4566//5716
f 4566//5643 4565//5643 4563//5643
f 4563//5682 4565//5682 4567//5682
f 4563//5555 4567//5555 4561//5555
f 4566//5801 4568//5801 4564//5801
f 4564//5718 4568//5718 4569//5718
f 4564//5719 4569//5719 4570//5719
f 4570//5802 4569//5802 4571//5802
f 4572//5743 4573//5743 4574//5743
f 4569//5687 4575//5687 4571//5687
f 4571//5803 4575//5803 4576//5803
f 4571//5804 4576//5804 4574//5804
f 4574//5805 4576//5805 4577//5805
f 4574//5750 4577//5750 4572//5750
f 4573//5603 4572//5603 4578//5603
f 4578//5604 4572//5604 4579//5604
f 4578//5806 4579//5806 4129//5806
f 4129//5807 4579//5807 4580//5807
f 4129//5808 4580//5808 4130//5808
f 4128//5790 4130//5790 4581//5790
f 4581//5728 4130//5728 4582//5728
f 4581//5611 4582//5611 4583//5611
f 4583//5612 4582//5612 4584//5612
f 4583//5659 4584//5659 4585//5659
f 4585//5660 4584//5660 4586//5660
f 4585//5661 4586//5661 4126//5661
f 4126//5616 4586//5616 4587//5616
f 4126//1707 4587//1707 4127//1707
f 4125//5731 4127//5731 4588//5731
f 4588//5618 4127//5618 4589//5618
f 4588//5619 4589//5619 4123//5619
f 4123//5809 4589//5809 4590//5809
f 4123//5810 4590//5810 4124//5810
f 4591//5769 4592//5769 4593//5769
f 4122//5623 4124//5623 4594//5623
f 4594//5624 4124//5624 4595//5624
f 4594//5625 4595//5625 4593//5625
f 4593//5626 4595//5626 4596//5626
f 4593//5773 4596//5773 4591//5773
f 4592//5673 4591//5673 4597//5673
f 4597//5674 4591//5674 4598//5674
f 4597//5630 4598//5630 4599//5630
f 4599//5631 4598//5631 4600//5631
f 4599//5811 4600//5811 4601//5811
f 4602//5812 4603//5812 4604//5812
f 4602//5813 4604//5813 4601//5813
f 4601//5814 4604//5814 4605//5814
f 4601//5553 4605//5553 4599//5553
f 4603//5635 4602//5635 4606//5635
f 4606//5741 4602//5741 4607//5741
f 4606//5583 4607//5583 4608//5583
f 4608//5637 4607//5637 4609//5637
f 4608//5638 4609//5638 4120//5638
f 4120//5639 4609//5639 4610//5639
f 4120//5815 4610//5815 4121//5815
f 4119//5682 4121//5682 4611//5682
f 4611//5816 4121//5816 4612//5816
f 4611//5817 4612//5817 4613//5817
f 4613//5645 4612//5645 4614//5645
f 4613//5818 4614//5818 4615//5818
f 4615//5819 4614//5819 4616//5819
f 4615//5820 4616//5820 4617//5820
f 4617//5821 4616//5821 4618//5821
f 4617//5822 4618//5822 4619//5822
f 4620//5649 4621//5649 4622//5649
f 4619//5688 4618//5688 4622//5688
f 4622//5651 4618//5651 4623//5651
f 4622//5652 4623//5652 4620//5652
f 4621//5764 4620//5764 4624//5764
f 4624//5693 4620//5693 4625//5693
f 4624//5605 4625//5605 4117//5605
f 4117//5606 4625//5606 4626//5606
f 4117//5607 4626//5607 4118//5607
f 4116//5790 4118//5790 4627//5790
f 4627//5728 4118//5728 4628//5728
f 4627//5823 4628//5823 4629//5823
f 4629//5612 4628//5612 4630//5612
f 4629//5613 4630//5613 4631//5613
f 4631//5660 4630//5660 4632//5660
f 4631//5661 4632//5661 4633//5661
f 4633//5616 4632//5616 4634//5616
f 4633//5824 4634//5824 4635//5824
f 4636//5825 4637//5825 4638//5825
f 4638//5618 4637//5618 4635//5618
f 4635//5617 4637//5617 4639//5617
f 4635//5826 4639//5826 4633//5826
f 4638//5752 4640//5752 4636//5752
f 4636//5665 4640//5665 4641//5665
f 4636//5753 4641//5753 4642//5753
f 4642//5623 4641//5623 4643//5623
f 4644//5769 4645//5769 4646//5769
f 4641//5624 4647//5624 4643//5624
f 4643//5827 4647//5827 4648//5827
f 4643//5828 4648//5828 4646//5828
f 4646//5829 4648//5829 4649//5829
f 4646//5773 4649//5773 4644//5773
f 4645//5673 4644//5673 4650//5673
f 4650//5674 4644//5674 4651//5674
f 4650//5630 4651//5630 4114//5630
f 4114//5675 4651//5675 4652//5675
f 4114//5676 4652//5676 4115//5676
f 4113//5633 4115//5633 4653//5633
f 4653//5634 4115//5634 4654//5634
f 4653//5677 4654//5677 4655//5677
f 4655//5678 4654//5678 4656//5678
f 4655//5583 4656//5583 4657//5583
f 4657//5637 4656//5637 4658//5637
f 4657//5681 4658//5681 4659//5681
f 4659//5639 4658//5639 4660//5639
f 4659//5640 4660//5640 4661//5640
f 4662//5780 4663//5780 4664//5780
f 4664//5643 4663//5643 4661//5643
f 4661//5682 4663//5682 4665//5682
f 4661//5565 4665//5565 4659//5565
f 4666//5649 4667//5649 4668//5649
f 4664//5758 4669//5758 4662//5758
f 4662//5830 4669//5830 4670//5830
f 4662//5831 4670//5831 4671//5831
f 4671//5832 4670//5832 4672//5832
f 4671//5686 4672//5686 4673//5686
f 4673//5687 4672//5687 4674//5687
f 4673//5833 4674//5833 4668//5833
f 4668//5689 4674//5689 4675//5689
f 4668//5652 4675//5652 4666//5652
f 4667//5653 4666//5653 4676//5653
f 4676//5693 4666//5693 4677//5693
f 4676//5834 4677//5834 4678//5834
f 4678//5835 4677//5835 4679//5835
f 4678//5836 4679//5836 4680//5836
f 4680//5607 4679//5607 4681//5607
f 4680//5554 4681//5554 4682//5554
f 4682//5656 4681//5656 4683//5656
f 4683//5657 4681//5657 4684//5657
f 4683//5611 4684//5611 4685//5611
f 4685//5696 4684//5696 4686//5696
f 4685//5613 4686//5613 4687//5613
f 4687//5792 4686//5792 4688//5792
f 4687//5661 4688//5661 4111//5661
f 4111//5616 4688//5616 4689//5616
f 4111//5837 4689//5837 4112//5837
f 4110//5617 4112//5617 4690//5617
f 4690//5838 4112//5838 4691//5838
f 4690//5839 4691//5839 4692//5839
f 4692//5664 4691//5664 4693//5664
f 4692//5794 4693//5794 4694//5794
f 4694//5840 4693//5840 4695//5840
f 4694//5841 4695//5841 4696//5841
f 4696//5842 4695//5842 4697//5842
f 4696//5843 4697//5843 4698//5843
f 4699//5769 4700//5769 4701//5769
f 4698//5570 4697//5570 4701//5570
f 4701//5844 4697//5844 4702//5844
f 4701//5845 4702//5845 4699//5845
f 4700//5774 4699//5774 4703//5774
f 4703//5846 4699//5846 4704//5846
f 4703//5709 4704//5709 4108//5709
f 4108//5675 4704//5675 4705//5675
f 4108//5800 4705//5800 4109//5800
f 4107//5847 4109//5847 4706//5847
f 4706//5777 4109//5777 4707//5777
f 4706//5677 4707//5677 4708//5677
f 4708//5741 4707//5741 4709//5741
f 4708//5583 4709//5583 4710//5583
f 4710//5637 4709//5637 4711//5637
f 4710//5681 4711//5681 4712//5681
f 4712//5714 4711//5714 4713//5714
f 4712//5715 4713//5715 4714//5715
f 4715//5716 4716//5716 4717//5716
f 4717//5643 4716//5643 4714//5643
f 4714//5682 4716//5682 4718//5682
f 4714//5555 4718//5555 4712//5555
f 4717//5717 4719//5717 4715//5717
f 4715//5718 4719//5718 4720//5718
f 4715//5848 4720//5848 4721//5848
f 4721//5720 4720//5720 4722//5720
f 4723//5849 4724//5849 4725//5849
f 4720//5687 4726//5687 4722//5687
f 4722//5850 4726//5850 4727//5850
f 4722//5851 4727//5851 4725//5851
f 4725//5852 4727//5852 4728//5852
f 4725//5652 4728//5652 4723//5652
f 4724//5789 4723//5789 4729//5789
f 4729//5693 4723//5693 4730//5693
f 4729//5655 4730//5655 4105//5655
f 4105//5606 4730//5606 4731//5606
f 4105//5726 4731//5726 4106//5726
f 4104//5790 4106//5790 4732//5790
f 4732//5728 4106//5728 4733//5728
f 4732//5611 4733//5611 4734//5611
f 4734//5612 4733//5612 4735//5612
f 4734//5659 4735//5659 4736//5659
f 4736//5792 4735//5792 4737//5792
f 4736//5661 4737//5661 4738//5661
f 4737//5698 4739//5698 4738//5698
f 4738//5730 4739//5730 4740//5730
f 4738//5558 4740//5558 4741//5558
f 4741//5853 4740//5853 4742//5853
f 4741//5854 4742//5854 4743//5854
f 4743//5855 4742//5855 4744//5855
f 4743//5619 4744//5619 4102//5619
f 4102//5664 4744//5664 4745//5664
f 4102//5701 4745//5701 4103//5701
f 4101//5623 4103//5623 4746//5623
f 4746//5624 4103//5624 4747//5624
f 4746//5856 4747//5856 4748//5856
f 4748//5857 4747//5857 4749//5857
f 4748//5858 4749//5858 4750//5858
f 4750//5859 4749//5859 4751//5859
f 4750//5860 4751//5860 4752//5860
f 4751//5861 4753//5861 4752//5861
f 4752//5862 4753//5862 4754//5862
f 4752//5863 4754//5863 4755//5863
f 4755//5864 4754//5864 4756//5864
f 4755//5865 4756//5865 4757//5865
f 4757//5866 4756//5866 4758//5866
f 4757//5867 4758//5867 4759//5867
f 4759//5868 4758//5868 4760//5868
f 4760//5636 4758//5636 4761//5636
f 4760//5869 4761//5869 4762//5869
f 4763//5870 4764//5870 4765//5870
f 4765//5870 4764//5870 4766//5870
f 4765//5871 4766//5871 4767//5871
f 4767//5872 4766//5872 4762//5872
f 4767//5873 4762//5873 4768//5873
f 4768//5874 4762//5874 4761//5874
f 4763//5875 4765//5875 4769//5875
f 4769//5876 4765//5876 4770//5876
f 4769//5877 4770//5877 4771//5877
f 4771//5878 4770//5878 4772//5878
f 4771//5879 4772//5879 4773//5879
f 4773//5880 4772//5880 4774//5880
f 4773//5881 4774//5881 4775//5881
f 4775//5882 4774//5882 4776//5882
f 4775//5883 4776//5883 4777//5883
f 4777//5884 4776//5884 4778//5884
f 4777//5885 4778//5885 4779//5885
f 4779//5602 4778//5602 4780//5602
f 4779//5886 4780//5886 4781//5886
f 4780//5887 4782//5887 4781//5887
f 4781//5888 4782//5888 4783//5888
f 4781//5889 4783//5889 4784//5889
f 4784//5890 4783//5890 4785//5890
f 4784//5891 4785//5891 4786//5891
f 4786//5892 4785//5892 4787//5892
f 4786//5893 4787//5893 4788//5893
f 4788//5612 4787//5612 4789//5612
f 4788//5894 4789//5894 4790//5894
f 4790//5895 4789//5895 4791//5895
f 4790//5896 4791//5896 4792//5896
f 4792//5897 4791//5897 4793//5897
f 4792//5898 4793//5898 4794//5898
f 4794//1707 4793//1707 4795//1707
f 4794//5016 4795//5016 4796//5016
f 4796//5899 4795//5899 4797//5899
f 4796//5900 4797//5900 4798//5900
f 4798//5752 4797//5752 4799//5752
f 4798//5901 4799//5901 4800//5901
f 4800//5902 4799//5902 4801//5902
f 4800//5903 4801//5903 4802//5903
f 4802//5904 4801//5904 4803//5904
f 4802//5905 4803//5905 4804//5905
f 4804//5906 4803//5906 4805//5906
f 4804//5907 4805//5907 4806//5907
f 4807//5908 4766//5908 4808//5908
f 4808//5909 4766//5909 4764//5909
f 4605//5910 4604//5910 4809//5910
f 4766//5911 4807//5911 4762//5911
f 4762//5912 4807//5912 4810//5912
f 4762//5913 4810//5913 4760//5913
f 4760//5914 4810//5914 4759//5914
f 4759//5915 4810//5915 4811//5915
f 4759//5916 4811//5916 4757//5916
f 4757//5917 4811//5917 4812//5917
f 4757//5918 4812//5918 4755//5918
f 4755//5919 4812//5919 4813//5919
f 4755//5920 4813//5920 4752//5920
f 4752//5921 4813//5921 4814//5921
f 4752//5922 4814//5922 4750//5922
f 4750//5923 4814//5923 4815//5923
f 4750//5924 4815//5924 4748//5924
f 4748//5925 4815//5925 4816//5925
f 4748//5926 4816//5926 4746//5926
f 4816//5927 4817//5927 4746//5927
f 4746//5928 4817//5928 4818//5928
f 4746//5929 4818//5929 4101//5929
f 4101//5930 4818//5930 4102//5930
f 4818//5931 4819//5931 4102//5931
f 4102//5932 4819//5932 4820//5932
f 4102//5933 4820//5933 4743//5933
f 4743//5934 4820//5934 4821//5934
f 4743//5935 4821//5935 4741//5935
f 4741//5936 4821//5936 4738//5936
f 4738//5937 4821//5937 4822//5937
f 4738//5938 4822//5938 4736//5938
f 4736//5939 4822//5939 4823//5939
f 4736//5940 4823//5940 4734//5940
f 4823//5941 4824//5941 4734//5941
f 4734//5942 4824//5942 4825//5942
f 4734//5943 4825//5943 4732//5943
f 4732//5944 4825//5944 4826//5944
f 4732//5945 4826//5945 4104//5945
f 4104//5946 4826//5946 4827//5946
f 4104//5947 4827//5947 4105//5947
f 4105//5948 4827//5948 4828//5948
f 4105//5949 4828//5949 4729//5949
f 4729//5950 4828//5950 4829//5950
f 4729//5951 4829//5951 4724//5951
f 4724//5952 4829//5952 4830//5952
f 4724//5953 4830//5953 4725//5953
f 4830//5954 4831//5954 4725//5954
f 4725//5955 4831//5955 4832//5955
f 4725//5956 4832//5956 4722//5956
f 4722//5957 4832//5957 4833//5957
f 4722//5958 4833//5958 4721//5958
f 4721//5959 4833//5959 4834//5959
f 4721//5960 4834//5960 4715//5960
f 4715//5961 4834//5961 4835//5961
f 4715//5962 4835//5962 4716//5962
f 4835//5963 4836//5963 4716//5963
f 4716//5964 4836//5964 4837//5964
f 4716//5965 4837//5965 4718//5965
f 4718//5966 4837//5966 4838//5966
f 4718//5967 4838//5967 4712//5967
f 4712//5968 4838//5968 4710//5968
f 4710//5969 4838//5969 4839//5969
f 4710//5970 4839//5970 4708//5970
f 4708//5971 4839//5971 4840//5971
f 4708//5972 4840//5972 4706//5972
f 4840//5973 4841//5973 4706//5973
f 4706//5974 4841//5974 4842//5974
f 4706//5975 4842//5975 4107//5975
f 4107//5976 4842//5976 4843//5976
f 4107//5977 4843//5977 4108//5977
f 4108//5978 4843//5978 4703//5978
f 4703//5979 4843//5979 4844//5979
f 4703//5980 4844//5980 4700//5980
f 4700//5981 4844//5981 4845//5981
f 4700//5982 4845//5982 4701//5982
f 4701//5983 4845//5983 4846//5983
f 4701//5984 4846//5984 4698//5984
f 4698//5985 4846//5985 4847//5985
f 4698//5986 4847//5986 4696//5986
f 4847//5987 4848//5987 4696//5987
f 4696//5988 4848//5988 4849//5988
f 4696//5989 4849//5989 4694//5989
f 4694//5990 4849//5990 4692//5990
f 4692//5991 4849//5991 4850//5991
f 4692//5992 4850//5992 4690//5992
f 4850//5993 4851//5993 4690//5993
f 4690//5994 4851//5994 4852//5994
f 4690//5995 4852//5995 4110//5995
f 4110//5996 4852//5996 4853//5996
f 4110//5997 4853//5997 4111//5997
f 4111//5998 4853//5998 4687//5998
f 4853//5999 4854//5999 4687//5999
f 4687//6000 4854//6000 4855//6000
f 4687//6001 4855//6001 4685//6001
f 4685//6002 4855//6002 4856//6002
f 4685//6003 4856//6003 4683//6003
f 4683//6004 4856//6004 4857//6004
f 4683//6005 4857//6005 4682//6005
f 4682//6006 4857//6006 4680//6006
f 4680//6007 4857//6007 4678//6007
f 4678//6008 4857//6008 4858//6008
f 4678//5950 4858//5950 4676//5950
f 4676//5950 4858//5950 4859//5950
f 4676//6009 4859//6009 4667//6009
f 4667//5952 4859//5952 4860//5952
f 4667//6010 4860//6010 4668//6010
f 4668//6011 4860//6011 4861//6011
f 4668//6012 4861//6012 4673//6012
f 4861//6013 4862//6013 4673//6013
f 4673//5957 4862//5957 4863//5957
f 4673//6014 4863//6014 4671//6014
f 4671//6015 4863//6015 4662//6015
f 4863//6016 4864//6016 4662//6016
f 4662//6017 4864//6017 4865//6017
f 4662//5962 4865//5962 4663//5962
f 4663//5963 4865//5963 4866//5963
f 4663//6018 4866//6018 4665//6018
f 4657//6019 4659//6019 4867//6019
f 4665//6020 4866//6020 4659//6020
f 4659//6021 4866//6021 4868//6021
f 4659//6022 4868//6022 4867//6022
f 4867//6023 4869//6023 4657//6023
f 4657//6024 4869//6024 4870//6024
f 4657//6025 4870//6025 4655//6025
f 4655//5971 4870//5971 4871//5971
f 4655//5972 4871//5972 4653//5972
f 4871//6026 4872//6026 4653//6026
f 4653//6027 4872//6027 4873//6027
f 4653//5975 4873//5975 4113//5975
f 4113//6028 4873//6028 4114//6028
f 4114//6029 4873//6029 4874//6029
f 4114//6030 4874//6030 4650//6030
f 4650//6031 4874//6031 4875//6031
f 4650//6032 4875//6032 4645//6032
f 4645//6033 4875//6033 4876//6033
f 4645//6034 4876//6034 4646//6034
f 4876//6035 4877//6035 4646//6035
f 4646//6036 4877//6036 4878//6036
f 4646//6037 4878//6037 4643//6037
f 4643//5928 4878//5928 4879//5928
f 4643//5929 4879//5929 4642//5929
f 4642//6038 4879//6038 4880//6038
f 4642//6039 4880//6039 4636//6039
f 4636//6040 4880//6040 4881//6040
f 4636//5992 4881//5992 4637//5992
f 4881//5934 4882//5934 4637//5934
f 4637//6041 4882//6041 4883//6041
f 4637//5995 4883//5995 4639//5995
f 4639//6042 4883//6042 4884//6042
f 4639//6043 4884//6043 4633//6043
f 4633//5998 4884//5998 4631//5998
f 4631//5999 4884//5999 4885//5999
f 4631//6044 4885//6044 4629//6044
f 4629//5942 4885//5942 4886//5942
f 4629//5943 4886//5943 4627//5943
f 4886//5944 4887//5944 4627//5944
f 4627//6004 4887//6004 4888//6004
f 4627//6005 4888//6005 4116//6005
f 4116//6045 4888//6045 4889//6045
f 4116//6046 4889//6046 4117//6046
f 4117//5949 4889//5949 4624//5949
f 4624//5950 4889//5950 4890//5950
f 4624//5951 4890//5951 4621//5951
f 4621//5952 4890//5952 4891//5952
f 4621//6010 4891//6010 4622//6010
f 4622//6011 4891//6011 4892//6011
f 4622//6047 4892//6047 4619//6047
f 4619//6048 4892//6048 4893//6048
f 4619//6049 4893//6049 4617//6049
f 4893//6050 4894//6050 4617//6050
f 4617//6051 4894//6051 4895//6051
f 4617//6052 4895//6052 4615//6052
f 4615//6053 4895//6053 4613//6053
f 4613//5961 4895//5961 4896//5961
f 4613//5962 4896//5962 4611//5962
f 4896//5963 4897//5963 4611//5963
f 4611//5964 4897//5964 4898//5964
f 4611//5965 4898//5965 4119//5965
f 4119//5966 4898//5966 4899//5966
f 4119//6054 4899//6054 4120//6054
f 4120//5968 4899//5968 4608//5968
f 4608//5969 4899//5969 4900//5969
f 4608//6055 4900//6055 4901//6055
f 4809//6056 4604//6056 4902//6056
f 4902//6057 4604//6057 4603//6057
f 4902//6026 4603//6026 4901//6026
f 4901//6058 4603//6058 4606//6058
f 4901//6059 4606//6059 4608//6059
f 4605//6028 4809//6028 4599//6028
f 4599//6060 4809//6060 4903//6060
f 4599//6030 4903//6030 4597//6030
f 4597//6061 4903//6061 4904//6061
f 4597//6062 4904//6062 4592//6062
f 4592//6033 4904//6033 4905//6033
f 4592//6034 4905//6034 4593//6034
f 4593//6035 4905//6035 4906//6035
f 4593//6063 4906//6063 4594//6063
f 4906//6064 4907//6064 4594//6064
f 4594//5928 4907//5928 4908//5928
f 4594//5929 4908//5929 4122//5929
f 4122//5930 4908//5930 4123//5930
f 4908//5931 4909//5931 4123//5931
f 4123//5932 4909//5932 4910//5932
f 4123//5933 4910//5933 4588//5933
f 4588//5934 4910//5934 4911//5934
f 4588//5935 4911//5935 4125//5935
f 4125//6065 4911//6065 4912//6065
f 4125//6066 4912//6066 4126//6066
f 4912//6067 4913//6067 4126//6067
f 4126//6068 4913//6068 4914//6068
f 4126//6069 4914//6069 4585//6069
f 4585//5999 4914//5999 4915//5999
f 4585//6070 4915//6070 4583//6070
f 4583//5942 4915//5942 4916//5942
f 4583//5943 4916//5943 4581//5943
f 4916//5944 4917//5944 4581//5944
f 4581//6071 4917//6071 4918//6071
f 4581//6005 4918//6005 4128//6005
f 4128//6072 4918//6072 4919//6072
f 4128//6073 4919//6073 4129//6073
f 4129//5949 4919//5949 4578//5949
f 4578//5950 4919//5950 4920//5950
f 4578//5951 4920//5951 4573//5951
f 4573//5952 4920//5952 4921//5952
f 4573//6074 4921//6074 4574//6074
f 4921//5954 4922//5954 4574//5954
f 4574//5955 4922//5955 4923//5955
f 4574//6075 4923//6075 4571//6075
f 4571//5957 4923//5957 4924//5957
f 4571//5958 4924//5958 4570//5958
f 4570//5959 4924//5959 4925//5959
f 4570//5960 4925//5960 4564//5960
f 4564//5961 4925//5961 4926//5961
f 4564//5962 4926//5962 4565//5962
f 4926//5963 4927//5963 4565//5963
f 4565//5964 4927//5964 4928//5964
f 4565//6076 4928//6076 4567//6076
f 4567//5966 4928//5966 4929//5966
f 4567//5967 4929//5967 4561//5967
f 4561//5968 4929//5968 4559//5968
f 4559//5969 4929//5969 4930//5969
f 4559//6025 4930//6025 4557//6025
f 4557//5971 4930//5971 4931//5971
f 4557//5972 4931//5972 4555//5972
f 4931//5973 4932//5973 4555//5973
f 4555//5974 4932//5974 4933//5974
f 4555//6077 4933//6077 4131//6077
f 4131//6078 4933//6078 4934//6078
f 4131//6079 4934//6079 4132//6079
f 4132//5978 4934//5978 4552//5978
f 4552//6080 4934//6080 4935//6080
f 4552//6081 4935//6081 4549//6081
f 4549//5923 4935//5923 4936//5923
f 4549//6082 4936//6082 4550//6082
f 4550//5983 4936//5983 4937//5983
f 4550//5984 4937//5984 4547//5984
f 4547//6083 4937//6083 4938//6083
f 4547//6084 4938//6084 4545//6084
f 4545//6085 4938//6085 4939//6085
f 4545//6086 4939//6086 4543//6086
f 4543//6038 4939//6038 4940//6038
f 4543//5990 4940//5990 4541//5990
f 4541//6087 4940//6087 4539//6087
f 4539//6088 4940//6088 4941//6088
f 4539//6089 4941//6089 4134//6089
f 4134//6090 4941//6090 4942//6090
f 4134//6091 4942//6091 4135//6091
f 4135//5937 4942//5937 4943//5937
f 4135//5938 4943//5938 4536//5938
f 4536//5939 4943//5939 4944//5939
f 4536//5940 4944//5940 4534//5940
f 4944//5941 4945//5941 4534//5941
f 4534//5942 4945//5942 4946//5942
f 4534//5943 4946//5943 4532//5943
f 4532//6092 4946//6092 4947//6092
f 4532//5945 4947//5945 4137//5945
f 4137//5946 4947//5946 4948//5946
f 4137//5947 4948//5947 4138//5947
f 4138//6093 4948//6093 4949//6093
f 4138//5949 4949//5949 4529//5949
f 4529//5950 4949//5950 4950//5950
f 4529//5951 4950//5951 4527//5951
f 4527//5952 4950//5952 4951//5952
f 4527//6074 4951//6074 4525//6074
f 4525//5954 4951//5954 4952//5954
f 4525//6012 4952//6012 4522//6012
f 4952//6048 4953//6048 4522//6048
f 4522//5957 4953//5957 4954//5957
f 4522//6014 4954//6014 4520//6014
f 4520//6094 4954//6094 4514//6094
f 4954//6016 4955//6016 4514//6016
f 4514//6017 4955//6017 4956//6017
f 4514//5962 4956//5962 4515//5962
f 4515//5963 4956//5963 4957//5963
f 4515//6018 4957//6018 4517//6018
f 4517//6095 4957//6095 4958//6095
f 4517//6096 4958//6096 4511//6096
f 4958//6097 4959//6097 4511//6097
f 4511//6022 4959//6022 4960//6022
f 4511//5968 4960//5968 4509//5968
f 4509//5969 4960//5969 4961//5969
f 4509//6025 4961//6025 4507//6025
f 4507//5971 4961//5971 4962//5971
f 4507//5972 4962//5972 4505//5972
f 4962//5973 4963//5973 4505//5973
f 4505//5974 4963//5974 4964//5974
f 4505//5975 4964//5975 4140//5975
f 4140//6028 4964//6028 4141//6028
f 4141//6029 4964//6029 4965//6029
f 4141//5978 4965//5978 4502//5978
f 4502//5979 4965//5979 4966//5979
f 4502//5980 4966//5980 4497//5980
f 4497//5981 4966//5981 4967//5981
f 4497//6082 4967//6082 4498//6082
f 4967//5983 4968//5983 4498//5983
f 4498//6036 4968//6036 4969//6036
f 4498//6037 4969//6037 4495//6037
f 4495//5928 4969//5928 4970//5928
f 4495//6098 4970//6098 4494//6098
f 4494//6099 4970//6099 4971//6099
f 4494//5990 4971//5990 4488//5990
f 4488//5991 4971//5991 4972//5991
f 4488//5992 4972//5992 4489//5992
f 4972//5993 4973//5993 4489//5993
f 4489//5994 4973//5994 4974//5994
f 4489//5995 4974//5995 4491//5995
f 4491//6042 4974//6042 4975//6042
f 4491//6043 4975//6043 4485//6043
f 4485//5998 4975//5998 4483//5998
f 4483//5999 4975//5999 4976//5999
f 4483//6044 4976//6044 4481//6044
f 4481//6100 4976//6100 4977//6100
f 4481//6101 4977//6101 4479//6101
f 4977//5944 4978//5944 4479//5944
f 4479//6004 4978//6004 4979//6004
f 4479//6005 4979//6005 4143//6005
f 4143//6045 4979//6045 4980//6045
f 4143//6102 4980//6102 4144//6102
f 4144//5949 4980//5949 4476//5949
f 4476//5950 4980//5950 4981//5950
f 4476//5951 4981//5951 4473//5951
f 4473//5952 4981//5952 4982//5952
f 4473//6010 4982//6010 4474//6010
f 4474//6011 4982//6011 4983//6011
f 4474//6012 4983//6012 4471//6012
f 4471//6013 4983//6013 4984//6013
f 4471//6103 4984//6103 4469//6103
f 4469//6104 4984//6104 4985//6104
f 4469//6105 4985//6105 4467//6105
f 4467//5959 4985//5959 4986//5959
f 4467//6053 4986//6053 4465//6053
f 4465//5961 4986//5961 4987//5961
f 4465//5962 4987//5962 4463//5962
f 4463//5963 4987//5963 4988//5963
f 4463//6018 4988//6018 4146//6018
f 4146//6106 4988//6106 4147//6106
f 4147//6021 4988//6021 4989//6021
f 4147//6107 4989//6107 4460//6107
f 4460//6108 4989//6108 4990//6108
f 4460//6109 4990//6109 4458//6109
f 4990//6110 4991//6110 4458//6110
f 4458//5971 4991//5971 4992//5971
f 4458//6058 4992//6058 4456//6058
f 4456//6026 4992//6026 4993//6026
f 4456//6111 4993//6111 4149//6111
f 4149//6112 4993//6112 4994//6112
f 4149//6028 4994//6028 4150//6028
f 4150//6029 4994//6029 4995//6029
f 4150//6030 4995//6030 4453//6030
f 4453//6061 4995//6061 4996//6061
f 4453//6062 4996//6062 4451//6062
f 4451//6033 4996//6033 4997//6033
f 4451//6034 4997//6034 4449//6034
f 4997//6035 4998//6035 4449//6035
f 4449//6036 4998//6036 4999//6036
f 4449//6113 4999//6113 4446//6113
f 4446//5928 4999//5928 5000//5928
f 4446//5929 5000//5929 4445//5929
f 4445//6114 5000//6114 4439//6114
f 5000//6115 5001//6115 4439//6115
f 4439//6040 5001//6040 5002//6040
f 4439//6116 5002//6116 4440//6116
f 4440//5934 5002//5934 5003//5934
f 4440//6117 5003//6117 4442//6117
f 4442//6118 5003//6118 5004//6118
f 4442//6119 5004//6119 4436//6119
f 4436//6120 5004//6120 5005//6120
f 4436//5998 5005//5998 4434//5998
f 4434//5999 5005//5999 5006//5999
f 4434//6044 5006//6044 4432//6044
f 4432//5942 5006//5942 5007//5942
f 4432//5943 5007//5943 4430//5943
f 5007//5944 5008//5944 4430//5944
f 4430//6004 5008//6004 5009//6004
f 4430//6005 5009//6005 4152//6005
f 4152//6072 5009//6072 5010//6072
f 4152//6046 5010//6046 4153//6046
f 4153//5949 5010//5949 4427//5949
f 4427//5950 5010//5950 5011//5950
f 4427//5951 5011//5951 4420//5951
f 4420//5952 5011//5952 5012//5952
f 4420//6074 5012//6074 4421//6074
f 4421//5954 5012//5954 5013//5954
f 4421//6012 5013//6012 4424//6012
f 4424//6013 5013//6013 5014//6013
f 4424//6121 5014//6121 4422//6121
f 5014//6122 5015//6122 4422//6122
f 4422//6123 5015//6123 5016//6123
f 4422//6124 5016//6124 4155//6124
f 4155//6053 5016//6053 4156//6053
f 4156//5961 5016//5961 5017//5961
f 4156//5962 5017//5962 4416//5962
f 5017//5963 5018//5963 4416//5963
f 4416//5964 5018//5964 5019//5964
f 4416//5965 5019//5965 4158//5965
f 4158//5966 5019//5966 5020//5966
f 4158//5967 5020//5967 4159//5967
f 4159//5968 5020//5968 4413//5968
f 4413//5969 5020//5969 5021//5969
f 4413//6025 5021//6025 4411//6025
f 4411//5971 5021//5971 5022//5971
f 4411//6058 5022//6058 4409//6058
f 5022//6026 5023//6026 4409//6026
f 4409//6027 5023//6027 5024//6027
f 4409//5975 5024//5975 4161//5975
f 4161//6125 5024//6125 5025//6125
f 4161//5977 5025//5977 4162//5977
f 4162//6030 5025//6030 4406//6030
f 4406//6031 5025//6031 5026//6031
f 4406//6081 5026//6081 4403//6081
f 4403//5923 5026//5923 5027//5923
f 4403//6126 5027//6126 4404//6126
f 4404//6035 5027//6035 5028//6035
f 4404//6063 5028//6063 4401//6063
f 4401//6064 5028//6064 5029//6064
f 4401//6127 5029//6127 4399//6127
f 4399//6128 5029//6128 5030//6128
f 4399//6129 5030//6129 4397//6129
f 4397//6038 5030//6038 5031//6038
f 4397//6130 5031//6130 4395//6130
f 4395//5932 5031//5932 5032//5932
f 4395//5933 5032//5933 4393//5933
f 4393//5934 5032//5934 5033//5934
f 4393//5935 5033//5935 4164//5935
f 4164//6091 5033//6091 4165//6091
f 4165//5937 5033//5937 5034//5937
f 4165//5938 5034//5938 4390//5938
f 4390//6131 5034//6131 5035//6131
f 4390//6132 5035//6132 4388//6132
f 5035//5941 5036//5941 4388//5941
f 4388//5942 5036//5942 5037//5942
f 4388//5943 5037//5943 4386//5943
f 4386//6092 5037//6092 5038//6092
f 4386//5945 5038//5945 4167//5945
f 4167//5946 5038//5946 5039//5946
f 4167//5947 5039//5947 4168//5947
f 4168//6133 5039//6133 5040//6133
f 4168//5949 5040//5949 4383//5949
f 4383//5950 5040//5950 5041//5950
f 4383//5951 5041//5951 4381//5951
f 4381//5952 5041//5952 5042//5952
f 4381//6074 5042//6074 4379//6074
f 5042//6011 5043//6011 4379//6011
f 4379//5955 5043//5955 5044//5955
f 4379//5956 5044//5956 4376//5956
f 4376//5957 5044//5957 5045//5957
f 4376//6014 5045//6014 4375//6014
f 4375//6134 5045//6134 4369//6134
f 5045//6016 5046//6016 4369//6016
f 4369//5961 5046//5961 5047//5961
f 4369//5962 5047//5962 4370//5962
f 4370//5963 5047//5963 5048//5963
f 4370//6018 5048//6018 4372//6018
f 4372//6135 5048//6135 5049//6135
f 4372//6136 5049//6136 4366//6136
f 4366//6022 5049//6022 5050//6022
f 4366//5968 5050//5968 4364//5968
f 4364//5969 5050//5969 5051//5969
f 4364//5970 5051//5970 4362//5970
f 4362//6137 5051//6137 5052//6137
f 4362//5972 5052//5972 4360//5972
f 5052//5973 5053//5973 4360//5973
f 4360//5974 5053//5974 5054//5974
f 4360//6077 5054//6077 4170//6077
f 4170//6138 5054//6138 5055//6138
f 4170//6079 5055//6079 4171//6079
f 4171//5978 5055//5978 4357//5978
f 4357//5979 5055//5979 5056//5979
f 4357//5980 5056//5980 4354//5980
f 4354//5981 5056//5981 5057//5981
f 4354//6082 5057//6082 4355//6082
f 4355//5983 5057//5983 5058//5983
f 4355//5984 5058//5984 4345//5984
f 4345//5985 5058//5985 5059//5985
f 4345//6139 5059//6139 4346//6139
f 5059//6140 5060//6140 4346//6140
f 4346//6141 5060//6141 5061//6141
f 4346//6142 5061//6142 4352//6142
f 4352//5990 5061//5990 4349//5990
f 4349//6143 5061//6143 5062//6143
f 4349//5992 5062//5992 4347//5992
f 5062//5993 5063//5993 4347//5993
f 4347//5994 5063//5994 5064//5994
f 4347//5995 5064//5995 4173//5995
f 4173//6042 5064//6042 5065//6042
f 4173//6043 5065//6043 4174//6043
f 4174//5998 5065//5998 4341//5998
f 5065//5999 5066//5999 4341//5999
f 4341//6000 5066//6000 5067//6000
f 4341//6001 5067//6001 4339//6001
f 4339//5943 5067//5943 4337//5943
f 5067//5944 5068//5944 4337//5944
f 4337//6004 5068//6004 5069//6004
f 4337//6005 5069//6005 4176//6005
f 4176//6045 5069//6045 5070//6045
f 4176//6046 5070//6046 4177//6046
f 4177//5949 5070//5949 4334//5949
f 4334//5950 5070//5950 5071//5950
f 4334//6144 5071//6144 4333//6144
f 4333//6145 5071//6145 5072//6145
f 4333//6146 5072//6146 4332//6146
f 4332//6147 5072//6147 5073//6147
f 4332//6074 5073//6074 4329//6074
f 4329//6011 5073//6011 5074//6011
f 4329//6012 5074//6012 4327//6012
f 5074//6013 5075//6013 4327//6013
f 4327//5957 5075//5957 5076//5957
f 4327//5958 5076//5958 4179//5958
f 4179//6094 5076//6094 4180//6094
f 5076//6016 5077//6016 4180//6016
f 4180//5961 5077//5961 5078//5961
f 4180//5962 5078//5962 4324//5962
f 4324//5963 5078//5963 5079//5963
f 4324//6018 5079//6018 4182//6018
f 4182//6148 5079//6148 4183//6148
f 4183//6021 5079//6021 5080//6021
f 4183//6107 5080//6107 4321//6107
f 4321//6149 5080//6149 5081//6149
f 4321//6150 5081//6150 4319//6150
f 5081//6151 5082//6151 4319//6151
f 4319//5971 5082//5971 5083//5971
f 4319//5972 5083//5972 4317//5972
f 4317//5973 5083//5973 5084//5973
f 4317//6111 5084//6111 4185//6111
f 4185//6112 5084//6112 5085//6112
f 4185//6028 5085//6028 4186//6028
f 4186//6060 5085//6060 5086//6060
f 4186//6030 5086//6030 4314//6030
f 4314//6061 5086//6061 5087//6061
f 4314//6062 5087//6062 4312//6062
f 4312//6033 5087//6033 5088//6033
f 4312//6034 5088//6034 4310//6034
f 5088//6035 5089//6035 4310//6035
f 4310//6036 5089//6036 5090//6036
f 4310//6113 5090//6113 4307//6113
f 4307//5928 5090//5928 5091//5928
f 4307//6098 5091//6098 4306//6098
f 5091//6152 5092//6152 4306//6152
f 4306//6153 5092//6153 5093//6153
f 4306//6154 5093//6154 4300//6154
f 4300//6040 5093//6040 5094//6040
f 4300//6116 5094//6116 4301//6116
f 5094//5993 5095//5993 4301//5993
f 4301//5994 5095//5994 5096//5994
f 4301//6155 5096//6155 4303//6155
f 4303//6119 5096//6119 4297//6119
f 4297//6120 5096//6120 5097//6120
f 4297//5998 5097//5998 4295//5998
f 4295//5999 5097//5999 5098//5999
f 4295//6044 5098//6044 4293//6044
f 4293//5942 5098//5942 5099//5942
f 4293//6101 5099//6101 4291//6101
f 5099//5944 5100//5944 4291//5944
f 4291//6071 5100//6071 5101//6071
f 4291//6005 5101//6005 4188//6005
f 4188//6072 5101//6072 5102//6072
f 4188//6046 5102//6046 4189//6046
f 4189//5949 5102//5949 4288//5949
f 4288//5950 5102//5950 5103//5950
f 4288//5951 5103//5951 4285//5951
f 4285//5952 5103//5952 5104//5952
f 4285//6074 5104//6074 4286//6074
f 4286//6011 5104//6011 5105//6011
f 4286//6012 5105//6012 4276//6012
f 4276//6013 5105//6013 5106//6013
f 4276//6156 5106//6156 4277//6156
f 5106//6157 5107//6157 4277//6157
f 4277//6158 5107//6158 5108//6158
f 4277//6159 5108//6159 4283//6159
f 4283//6053 5108//6053 4280//6053
f 4280//5961 5108//5961 5109//5961
f 4280//5962 5109//5962 4278//5962
f 5109//5963 5110//5963 4278//5963
f 4278//5964 5110//5964 5111//5964
f 4278//5965 5111//5965 4191//5965
f 4191//5966 5111//5966 5112//5966
f 4191//5967 5112//5967 4192//5967
f 4192//5968 5112//5968 4272//5968
f 5112//5969 5113//5969 4272//5969
f 4272//6160 5113//6160 5114//6160
f 4272//6161 5114//6161 4270//6161
f 4270//6058 5114//6058 4268//6058
f 5114//6026 5115//6026 4268//6026
f 4268//6027 5115//6027 5116//6027
f 4268//5975 5116//5975 4194//5975
f 4194//6125 5116//6125 5117//6125
f 4194//6162 5117//6162 4195//6162
f 4195//6030 5117//6030 4265//6030
f 4265//6031 5117//6031 5118//6031
f 4265//6163 5118//6163 4260//6163
f 4260//6164 5118//6164 5119//6164
f 4260//6165 5119//6165 4261//6165
f 4261//6035 5119//6035 5120//6035
f 4261//6063 5120//6063 4262//6063
f 5120//6064 5121//6064 4262//6064
f 4262//5928 5121//5928 5122//5928
f 4262//5929 5122//5929 4197//5929
f 4197//5930 5122//5930 4198//5930
f 5122//5931 5123//5931 4198//5931
f 4198//5932 5123//5932 5124//5932
f 4198//5933 5124//5933 4256//5933
f 4256//5934 5124//5934 5125//5934
f 4256//6117 5125//6117 4200//6117
f 4200//6166 5125//6166 4201//6166
f 4201//6167 5125//6167 5126//6167
f 4201//5938 5126//5938 4253//5938
f 4253//6168 5126//6168 5127//6168
f 4253//6132 5127//6132 4251//6132
f 5127//5941 5128//5941 4251//5941
f 4251//5942 5128//5942 5129//5942
f 4251//5943 5129//5943 4249//5943
f 4249//6092 5129//6092 5130//6092
f 4249//5945 5130//5945 4247//5945
f 4247//5946 5130//5946 5131//5946
f 4247//6006 5131//6006 4244//6006
f 4244//6133 5131//6133 5132//6133
f 4244//5949 5132//5949 4242//5949
f 4242//5950 5132//5950 5133//5950
f 4242//5951 5133//5951 4240//5951
f 4240//5952 5133//5952 5134//5952
f 4240//6074 5134//6074 4238//6074
f 5134//6011 5135//6011 4238//6011
f 4238//5955 5135//5955 5136//5955
f 4238//6075 5136//6075 4235//6075
f 4235//5957 5136//5957 5137//5957
f 4235//6014 5137//6014 4233//6014
f 4233//5959 5137//5959 5138//5959
f 4233//6053 5138//6053 4230//6053
f 4230//5961 5138//5961 5139//5961
f 4230//5962 5139//5962 4228//5962
f 5139//5963 5140//5963 4228//5963
f 4228//5964 5140//5964 5141//5964
f 4228//6169 5141//6169 4225//6169
f 4225//6136 5141//6136 4223//6136
f 4223//6170 5141//6170 5142//6170
f 4223//5968 5142//5968 4221//5968
f 4221//5969 5142//5969 5143//5969
f 4221//5970 5143//5970 4219//5970
f 4219//6137 5143//6137 5144//6137
f 4219//5972 5144//5972 4217//5972
f 5144//5973 5145//5973 4217//5973
f 4217//5974 5145//5974 5146//5974
f 4217//6077 5146//6077 4215//6077
f 4215//6171 5146//6171 5147//6171
f 4215//6162 5147//6162 4213//6162
f 4213//6030 5147//6030 4211//6030
f 4211//6031 5147//6031 5148//6031
f 4211//6081 5148//6081 4209//6081
f 4209//5923 5148//5923 5149//5923
f 4209//6172 5149//6172 4207//6172
f 4207//6035 5149//6035 5150//6035
f 4207//6036 5150//6036 5151//6036
f 5152//6173 4205//6173 5151//6173
f 5151//6174 4205//6174 4206//6174
f 5151//6037 4206//6037 4207//6037
f 5153//6175 5154//6175 5152//6175
f 5152//6176 5154//6176 4203//6176
f 5152//6177 4203//6177 4205//6177
f 5153//6178 5155//6178 5154//6178
f 5154//6179 5155//6179 5156//6179
f 5154//6180 5156//6180 5157//6180
f 5157//6181 5156//6181 5158//6181
f 5157//6182 5158//6182 5159//6182
f 5158//6183 5160//6183 5159//6183
f 5159//6184 5160//6184 5161//6184
f 5159//6185 5161//6185 5162//6185
f 5161//6186 5163//6186 5162//6186
f 5162//6187 5163//6187 5164//6187
f 5162//6188 5164//6188 5165//6188
f 5165//6189 5164//6189 5166//6189
f 5165//6190 5166//6190 5167//6190
f 5167//6191 5166//6191 5168//6191
f 5167//6192 5168//6192 5169//6192
f 5170//6193 5171//6193 4832//6193
f 4832//6194 5171//6194 4833//6194
f 5172//6195 5173//6195 4837//6195
f 5174//6196 5175//6196 4842//6196
f 5176//6197 5177//6197 4862//6197
f 4862//6198 5177//6198 4863//6198
f 5178//6199 5179//6199 4868//6199
f 5180//6200 5181//6200 4878//6200
f 4878//6201 5181//6201 4879//6201
f 5182//6202 5183//6202 4883//6202
f 5184//6203 5185//6203 4888//6203
f 5186//6200 5187//6200 4907//6200
f 4907//6201 5187//6201 4908//6201
f 5188//6204 5189//6204 4923//6204
f 4923//6205 5189//6205 4924//6205
f 5190//6206 5191//6206 4928//6206
f 5192//6196 5193//6196 4933//6196
f 5194//6193 5195//6193 4953//6193
f 4953//6194 5195//6194 4954//6194
f 4970//6201 4969//6201 5196//6201
f 5197//6202 5198//6202 4974//6202
f 5199//6203 5200//6203 4979//6203
f 5201//6197 5202//6197 4984//6197
f 4984//6205 5202//6205 4985//6205
f 5203//6199 5204//6199 4989//6199
f 5205//6200 5206//6200 4999//6200
f 4999//6201 5206//6201 5000//6201
f 5207//6207 5208//6207 5004//6207
f 5209//6197 5210//6197 5014//6197
f 5014//6205 5210//6205 5015//6205
f 5211//6208 5212//6208 5019//6208
f 5213//6196 5214//6196 5024//6196
f 5215//6209 5216//6209 5029//6209
f 5029//6210 5216//6210 5030//6210
f 5217//6211 5218//6211 5034//6211
f 5219//6204 5220//6204 5044//6204
f 5044//6205 5220//6205 5045//6205
f 5221//6212 5222//6212 5049//6212
f 5223//6200 5224//6200 5059//6200
f 5059//6201 5224//6201 5060//6201
f 5225//6211 5226//6211 5064//6211
f 5227//6203 5228//6203 5069//6203
f 5229//6213 5230//6213 5090//6213
f 5231//6214 5232//6214 5116//6214
f 5233//6200 5234//6200 5121//6200
f 5121//6201 5234//6201 5122//6201
f 5235//6215 5236//6215 5126//6215
f 5237//6197 5238//6197 5136//6197
f 5136//6205 5238//6205 5137//6205
f 5239//6199 5240//6199 5141//6199
f 5241//6196 5242//6196 5146//6196
f 5243//6209 5244//6209 5151//6209
f 5245//6216 5246//6216 5247//6216
f 5245//6217 5247//6217 5248//6217
f 5248//6218 5247//6218 5249//6218
f 5248//6219 5249//6219 5250//6219
f 5251//6220 5252//6220 5253//6220
f 5251//6221 5253//6221 5249//6221
f 5249//6222 5253//6222 5254//6222
f 5249//6193 5254//6193 5250//6193
f 5252//6223 5251//6223 5255//6223
f 5255//6224 5251//6224 5169//6224
f 5255//6225 5169//6225 5256//6225
f 5256//6226 5169//6226 5168//6226
f 5256//6227 5168//6227 5257//6227
f 5257//6228 5168//6228 5166//6228
f 5257//6229 5166//6229 5258//6229
f 5258//6230 5166//6230 5259//6230
f 5259//6231 5166//6231 5164//6231
f 5259//6232 5164//6232 5260//6232
f 5260//6233 5164//6233 5163//6233
f 5260//6234 5163//6234 5261//6234
f 5261//6235 5163//6235 5161//6235
f 5261//6236 5161//6236 5262//6236
f 5262//6237 5161//6237 5160//6237
f 5262//6211 5160//6211 5263//6211
f 5151//6238 5244//6238 5152//6238
f 5152//6239 5244//6239 5264//6239
f 5152//6240 5264//6240 5153//6240
f 5160//6241 5158//6241 5263//6241
f 5263//6242 5158//6242 5156//6242
f 5263//6243 5156//6243 5265//6243
f 5265//6244 5156//6244 5155//6244
f 5265//6245 5155//6245 5266//6245
f 5266//6246 5155//6246 5153//6246
f 5266//6247 5153//6247 5267//6247
f 5267//6248 5153//6248 5264//6248
f 5149//6249 5268//6249 5269//6249
f 5243//6250 5151//6250 5269//6250
f 5269//6251 5151//6251 5150//6251
f 5269//6252 5150//6252 5149//6252
f 5268//6253 5149//6253 5270//6253
f 5270//6254 5149//6254 5148//6254
f 5270//6255 5148//6255 5242//6255
f 5242//6256 5148//6256 5147//6256
f 5242//6257 5147//6257 5146//6257
f 5241//6258 5146//6258 5271//6258
f 5271//6259 5146//6259 5145//6259
f 5271//6260 5145//6260 5272//6260
f 5272//6261 5145//6261 5144//6261
f 5272//6262 5144//6262 5273//6262
f 5273//6263 5144//6263 5143//6263
f 5273//6264 5143//6264 5274//6264
f 5274//6265 5143//6265 5240//6265
f 5240//6266 5143//6266 5142//6266
f 5240//6267 5142//6267 5141//6267
f 5239//6268 5141//6268 5275//6268
f 5275//6269 5141//6269 5140//6269
f 5275//6270 5140//6270 5276//6270
f 5276//6271 5140//6271 5139//6271
f 5276//6272 5139//6272 5138//6272
f 5137//6273 5238//6273 5138//6273
f 5138//6274 5238//6274 5277//6274
f 5138//6275 5277//6275 5276//6275
f 5134//6276 5278//6276 5279//6276
f 5237//6277 5136//6277 5279//6277
f 5279//6278 5136//6278 5135//6278
f 5279//6279 5135//6279 5134//6279
f 5278//6280 5134//6280 5280//6280
f 5280//6281 5134//6281 5133//6281
f 5280//6282 5133//6282 5281//6282
f 5133//6283 5132//6283 5281//6283
f 5281//6284 5132//6284 5131//6284
f 5281//6203 5131//6203 5282//6203
f 5282//6285 5131//6285 5283//6285
f 5131//6286 5130//6286 5283//6286
f 5283//6287 5130//6287 5129//6287
f 5283//6288 5129//6288 5284//6288
f 5284//6289 5129//6289 5128//6289
f 5284//6290 5128//6290 5285//6290
f 5285//6291 5128//6291 5236//6291
f 5236//6292 5128//6292 5127//6292
f 5236//6293 5127//6293 5126//6293
f 5235//6294 5126//6294 5286//6294
f 5286//6295 5126//6295 5125//6295
f 5286//6296 5125//6296 5287//6296
f 5287//6297 5125//6297 5124//6297
f 5287//6298 5124//6298 5123//6298
f 5122//6299 5234//6299 5123//6299
f 5123//6300 5234//6300 5288//6300
f 5123//6301 5288//6301 5287//6301
f 5119//6302 5289//6302 5290//6302
f 5233//6303 5121//6303 5290//6303
f 5290//6304 5121//6304 5120//6304
f 5290//6305 5120//6305 5119//6305
f 5289//6253 5119//6253 5291//6253
f 5291//6306 5119//6306 5118//6306
f 5291//6255 5118//6255 5232//6255
f 5232//6256 5118//6256 5117//6256
f 5232//6257 5117//6257 5116//6257
f 5231//6307 5116//6307 5292//6307
f 5292//6308 5116//6308 5115//6308
f 5292//6309 5115//6309 5293//6309
f 5293//6261 5115//6261 5114//6261
f 5293//6262 5114//6262 5294//6262
f 5294//6310 5114//6310 5113//6310
f 5294//6264 5113//6264 5295//6264
f 5295//6265 5113//6265 5296//6265
f 5296//6266 5113//6266 5112//6266
f 5296//6311 5112//6311 5111//6311
f 5108//6273 5107//6273 5297//6273
f 5297//6205 5107//6205 5106//6205
f 5297//6197 5106//6197 5298//6197
f 5297//6274 5299//6274 5108//6274
f 5108//6312 5299//6312 5300//6312
f 5108//6313 5300//6313 5109//6313
f 5109//6314 5300//6314 5301//6314
f 5109//6271 5301//6271 5110//6271
f 5110//6270 5301//6270 5302//6270
f 5110//6269 5302//6269 5111//6269
f 5111//6268 5302//6268 5303//6268
f 5111//6208 5303//6208 5296//6208
f 5298//6277 5106//6277 5304//6277
f 5304//6278 5106//6278 5105//6278
f 5304//6315 5105//6315 5104//6315
f 5305//6285 5306//6285 5101//6285
f 5101//6203 5306//6203 5307//6203
f 5101//6284 5307//6284 5102//6284
f 5102//6316 5307//6316 5308//6316
f 5102//6317 5308//6317 5103//6317
f 5103//6318 5308//6318 5309//6318
f 5103//6319 5309//6319 5104//6319
f 5104//6320 5309//6320 5310//6320
f 5104//6276 5310//6276 5304//6276
f 5101//6286 5100//6286 5305//6286
f 5305//6287 5100//6287 5099//6287
f 5305//6288 5099//6288 5311//6288
f 5311//6289 5099//6289 5098//6289
f 5311//6290 5098//6290 5312//6290
f 5312//6321 5098//6321 5313//6321
f 5313//6292 5098//6292 5097//6292
f 5313//6322 5097//6322 5096//6322
f 5314//6323 5315//6323 5095//6323
f 5095//6324 5315//6324 5096//6324
f 5096//6325 5315//6325 5316//6325
f 5096//6211 5316//6211 5313//6211
f 5095//6326 5094//6326 5314//6326
f 5314//6298 5094//6298 5093//6298
f 5314//6301 5093//6301 5317//6301
f 5317//6327 5093//6327 5092//6327
f 5317//6328 5092//6328 5230//6328
f 5230//6329 5092//6329 5091//6329
f 5230//6201 5091//6201 5090//6201
f 5088//6330 5318//6330 5319//6330
f 5229//6331 5090//6331 5319//6331
f 5319//6304 5090//6304 5089//6304
f 5319//6305 5089//6305 5088//6305
f 5318//6332 5088//6332 5320//6332
f 5320//6306 5088//6306 5087//6306
f 5320//6255 5087//6255 5321//6255
f 5087//6256 5086//6256 5321//6256
f 5321//6257 5086//6257 5085//6257
f 5321//6214 5085//6214 5322//6214
f 5322//6333 5085//6333 5323//6333
f 5085//6334 5084//6334 5323//6334
f 5323//6261 5084//6261 5083//6261
f 5323//6335 5083//6335 5324//6335
f 5324//6310 5083//6310 5082//6310
f 5324//6336 5082//6336 5325//6336
f 5325//6265 5082//6265 5326//6265
f 5326//6266 5082//6266 5081//6266
f 5326//6311 5081//6311 5080//6311
f 5327//6337 5328//6337 5079//6337
f 5079//6269 5328//6269 5080//6269
f 5080//6268 5328//6268 5329//6268
f 5080//6208 5329//6208 5326//6208
f 5079//6338 5078//6338 5327//6338
f 5327//6339 5078//6339 5077//6339
f 5327//6275 5077//6275 5330//6275
f 5330//6340 5077//6340 5331//6340
f 5077//6341 5076//6341 5331//6341
f 5331//6198 5076//6198 5075//6198
f 5331//6197 5075//6197 5332//6197
f 5332//6342 5075//6342 5333//6342
f 5075//6343 5074//6343 5333//6343
f 5333//6315 5074//6315 5073//6315
f 5333//6276 5073//6276 5334//6276
f 5334//6344 5073//6344 5072//6344
f 5334//6345 5072//6345 5335//6345
f 5335//6346 5072//6346 5071//6346
f 5335//6347 5071//6347 5228//6347
f 5228//6348 5071//6348 5070//6348
f 5228//6349 5070//6349 5069//6349
f 5227//6350 5069//6350 5336//6350
f 5336//6351 5069//6351 5068//6351
f 5336//6352 5068//6352 5337//6352
f 5337//6287 5068//6287 5067//6287
f 5337//6288 5067//6288 5338//6288
f 5338//6289 5067//6289 5066//6289
f 5338//6290 5066//6290 5339//6290
f 5339//6291 5066//6291 5226//6291
f 5226//6292 5066//6292 5065//6292
f 5226//6322 5065//6322 5064//6322
f 5225//6325 5064//6325 5340//6325
f 5340//6324 5064//6324 5063//6324
f 5340//6353 5063//6353 5341//6353
f 5341//6354 5063//6354 5062//6354
f 5341//6355 5062//6355 5061//6355
f 5060//6356 5224//6356 5061//6356
f 5061//6357 5224//6357 5342//6357
f 5061//6301 5342//6301 5341//6301
f 5223//6303 5059//6303 5343//6303
f 5343//6304 5059//6304 5058//6304
f 5343//6358 5058//6358 5057//6358
f 5344//6359 5345//6359 5056//6359
f 5056//6360 5345//6360 5346//6360
f 5056//6361 5346//6361 5057//6361
f 5057//6362 5346//6362 5347//6362
f 5057//6249 5347//6249 5343//6249
f 5056//6363 5055//6363 5344//6363
f 5344//6364 5055//6364 5054//6364
f 5344//6196 5054//6196 5348//6196
f 5348//6365 5054//6365 5349//6365
f 5054//6366 5053//6366 5349//6366
f 5349//6261 5053//6261 5052//6261
f 5349//6335 5052//6335 5350//6335
f 5350//6310 5052//6310 5051//6310
f 5350//6336 5051//6336 5351//6336
f 5351//6367 5051//6367 5222//6367
f 5222//6266 5051//6266 5050//6266
f 5222//6368 5050//6368 5049//6368
f 5221//6369 5049//6369 5352//6369
f 5352//6370 5049//6370 5048//6370
f 5352//6371 5048//6371 5353//6371
f 5353//6372 5048//6372 5047//6372
f 5353//6272 5047//6272 5046//6272
f 5045//6273 5220//6273 5046//6273
f 5046//6274 5220//6274 5354//6274
f 5046//6275 5354//6275 5353//6275
f 5042//6276 5355//6276 5356//6276
f 5219//6373 5044//6373 5356//6373
f 5356//6278 5044//6278 5043//6278
f 5356//6374 5043//6374 5042//6374
f 5355//6280 5042//6280 5357//6280
f 5357//6375 5042//6375 5041//6375
f 5357//6282 5041//6282 5358//6282
f 5041//6283 5040//6283 5358//6283
f 5358//6284 5040//6284 5039//6284
f 5358//6227 5039//6227 5359//6227
f 5359//6376 5039//6376 5360//6376
f 5039//6286 5038//6286 5360//6286
f 5360//6287 5038//6287 5037//6287
f 5360//6288 5037//6288 5361//6288
f 5361//6289 5037//6289 5036//6289
f 5361//6290 5036//6290 5362//6290
f 5362//6291 5036//6291 5218//6291
f 5218//6292 5036//6292 5035//6292
f 5218//6322 5035//6322 5034//6322
f 5217//6294 5034//6294 5363//6294
f 5363//6295 5034//6295 5033//6295
f 5363//6296 5033//6296 5364//6296
f 5364//6297 5033//6297 5032//6297
f 5364//6298 5032//6298 5031//6298
f 5030//6377 5216//6377 5031//6377
f 5031//6357 5216//6357 5365//6357
f 5031//6301 5365//6301 5364//6301
f 5027//6249 5366//6249 5367//6249
f 5215//6250 5029//6250 5367//6250
f 5367//6251 5029//6251 5028//6251
f 5367//6252 5028//6252 5027//6252
f 5366//6253 5027//6253 5368//6253
f 5368//6254 5027//6254 5026//6254
f 5368//6255 5026//6255 5214//6255
f 5214//6256 5026//6256 5025//6256
f 5214//6257 5025//6257 5024//6257
f 5213//6378 5024//6378 5369//6378
f 5369//6379 5024//6379 5023//6379
f 5369//6380 5023//6380 5370//6380
f 5370//6261 5023//6261 5022//6261
f 5370//6335 5022//6335 5371//6335
f 5371//6310 5022//6310 5021//6310
f 5371//6264 5021//6264 5372//6264
f 5372//6265 5021//6265 5212//6265
f 5212//6266 5021//6266 5020//6266
f 5212//6267 5020//6267 5019//6267
f 5211//6268 5019//6268 5373//6268
f 5373//6269 5019//6269 5018//6269
f 5373//6270 5018//6270 5374//6270
f 5374//6271 5018//6271 5017//6271
f 5374//6381 5017//6381 5016//6381
f 5015//6273 5210//6273 5016//6273
f 5016//6274 5210//6274 5375//6274
f 5016//6275 5375//6275 5374//6275
f 5209//6277 5014//6277 5376//6277
f 5376//6278 5014//6278 5013//6278
f 5376//6315 5013//6315 5012//6315
f 5377//6382 5378//6382 5011//6382
f 5011//6383 5378//6383 5379//6383
f 5011//6384 5379//6384 5012//6384
f 5012//6385 5379//6385 5380//6385
f 5012//6276 5380//6276 5376//6276
f 5011//6386 5010//6386 5377//6386
f 5377//6387 5010//6387 5009//6387
f 5377//6203 5009//6203 5381//6203
f 5381//6285 5009//6285 5382//6285
f 5009//6286 5008//6286 5382//6286
f 5382//6287 5008//6287 5007//6287
f 5382//6288 5007//6288 5383//6288
f 5383//6289 5007//6289 5006//6289
f 5383//6388 5006//6388 5384//6388
f 5384//6321 5006//6321 5208//6321
f 5208//6292 5006//6292 5005//6292
f 5208//6322 5005//6322 5004//6322
f 5207//6389 5004//6389 5385//6389
f 5385//6390 5004//6390 5003//6390
f 5385//6391 5003//6391 5386//6391
f 5386//6297 5003//6297 5002//6297
f 5386//6298 5002//6298 5001//6298
f 5000//6299 5206//6299 5001//6299
f 5001//6300 5206//6300 5387//6300
f 5001//6301 5387//6301 5386//6301
f 4997//6302 5388//6302 5389//6302
f 5205//6303 4999//6303 5389//6303
f 5389//6304 4999//6304 4998//6304
f 5389//6305 4998//6305 4997//6305
f 5388//6253 4997//6253 5390//6253
f 5390//6254 4997//6254 4996//6254
f 5390//6255 4996//6255 5391//6255
f 4996//6392 4995//6392 5391//6392
f 5391//6257 4995//6257 4994//6257
f 5391//6214 4994//6214 5392//6214
f 5392//6333 4994//6333 5393//6333
f 4994//6366 4993//6366 5393//6366
f 5393//6261 4993//6261 4992//6261
f 5393//6335 4992//6335 5394//6335
f 5394//6310 4992//6310 4991//6310
f 5394//6264 4991//6264 5395//6264
f 5395//6265 4991//6265 5204//6265
f 5204//6266 4991//6266 4990//6266
f 5204//6311 4990//6311 4989//6311
f 5203//6268 4989//6268 5396//6268
f 5396//6269 4989//6269 4988//6269
f 5396//6270 4988//6270 5397//6270
f 5397//6271 4988//6271 4987//6271
f 5397//6393 4987//6393 4986//6393
f 4985//6394 5202//6394 4986//6394
f 4986//6395 5202//6395 5398//6395
f 4986//6396 5398//6396 5397//6396
f 4982//6276 5399//6276 5400//6276
f 5201//6277 4984//6277 5400//6277
f 5400//6278 4984//6278 4983//6278
f 5400//6315 4983//6315 4982//6315
f 5399//6320 4982//6320 5401//6320
f 5401//6319 4982//6319 4981//6319
f 5401//6347 4981//6347 5200//6347
f 5200//6386 4981//6386 4980//6386
f 5200//6387 4980//6387 4979//6387
f 5199//6397 4979//6397 5402//6397
f 5402//6398 4979//6398 4978//6398
f 5402//6399 4978//6399 5403//6399
f 5403//6287 4978//6287 4977//6287
f 5403//6288 4977//6288 5404//6288
f 5404//6400 4977//6400 4976//6400
f 5404//6388 4976//6388 5405//6388
f 5405//6321 4976//6321 5198//6321
f 5198//6292 4976//6292 4975//6292
f 5198//6322 4975//6322 4974//6322
f 5197//6325 4974//6325 5406//6325
f 5406//6324 4974//6324 4973//6324
f 5406//6323 4973//6323 5407//6323
f 5407//6326 4973//6326 4972//6326
f 5407//6401 4972//6401 4971//6401
f 4970//6356 5196//6356 4971//6356
f 4971//6357 5196//6357 5408//6357
f 4971//6402 5408//6402 5407//6402
f 4967//6249 5409//6249 5410//6249
f 4967//6358 5410//6358 4968//6358
f 4968//6403 5410//6403 5411//6403
f 4968//6404 5411//6404 4969//6404
f 4969//6405 5411//6405 5412//6405
f 4969//6200 5412//6200 5196//6200
f 5409//6406 4967//6406 5413//6406
f 5413//6407 4967//6407 4966//6407
f 5413//6359 4966//6359 5414//6359
f 4966//6408 4965//6408 5414//6408
f 5414//6409 4965//6409 4964//6409
f 5414//6410 4964//6410 5415//6410
f 5415//6333 4964//6333 5416//6333
f 4964//6334 4963//6334 5416//6334
f 5416//6261 4963//6261 4962//6261
f 5416//6335 4962//6335 5417//6335
f 5417//6310 4962//6310 4961//6310
f 5417//6336 4961//6336 5418//6336
f 5418//6265 4961//6265 5419//6265
f 4961//6266 4960//6266 5419//6266
f 5419//6311 4960//6311 4959//6311
f 5419//6199 4959//6199 5420//6199
f 5420//6411 4959//6411 4958//6411
f 5420//6412 4958//6412 5421//6412
f 5421//6413 4958//6413 4957//6413
f 5421//6371 4957//6371 5422//6371
f 5422//6414 4957//6414 4956//6414
f 5422//6339 4956//6339 4955//6339
f 4954//6415 5195//6415 4955//6415
f 4955//6340 5195//6340 5423//6340
f 4955//6275 5423//6275 5422//6275
f 4951//6276 5424//6276 5425//6276
f 5194//6373 4953//6373 5425//6373
f 5425//6278 4953//6278 4952//6278
f 5425//6374 4952//6374 4951//6374
f 5424//6280 4951//6280 5426//6280
f 5426//6375 4951//6375 4950//6375
f 5426//6347 4950//6347 5427//6347
f 4950//6348 4949//6348 5427//6348
f 5427//6416 4949//6416 4948//6416
f 5427//6203 4948//6203 5428//6203
f 5428//6285 4948//6285 5429//6285
f 4948//6417 4947//6417 5429//6417
f 5429//6287 4947//6287 4946//6287
f 5429//6288 4946//6288 5430//6288
f 5430//6289 4946//6289 4945//6289
f 5430//6290 4945//6290 5431//6290
f 5431//6291 4945//6291 5432//6291
f 5432//6292 4945//6292 4944//6292
f 5432//6322 4944//6322 4943//6322
f 4940//6418 4939//6418 5433//6418
f 5433//6210 4939//6210 4938//6210
f 5433//6209 4938//6209 5434//6209
f 5433//6357 5435//6357 4940//6357
f 4940//6419 5435//6419 5436//6419
f 4940//6420 5436//6420 4941//6420
f 4941//6421 5436//6421 5437//6421
f 4941//6297 5437//6297 4942//6297
f 4942//6353 5437//6353 5438//6353
f 4942//6324 5438//6324 4943//6324
f 4943//6325 5438//6325 5439//6325
f 4943//6202 5439//6202 5432//6202
f 4936//6249 5440//6249 5441//6249
f 5434//6250 4938//6250 5441//6250
f 5441//6422 4938//6422 4937//6422
f 5441//6358 4937//6358 4936//6358
f 5440//6406 4936//6406 5442//6406
f 5442//6423 4936//6423 4935//6423
f 5442//6424 4935//6424 5193//6424
f 5193//6425 4935//6425 4934//6425
f 5193//6426 4934//6426 4933//6426
f 5192//6427 4933//6427 5443//6427
f 5443//6428 4933//6428 4932//6428
f 5443//6429 4932//6429 5444//6429
f 5444//6261 4932//6261 4931//6261
f 5444//6262 4931//6262 5445//6262
f 5445//6263 4931//6263 4930//6263
f 5445//6264 4930//6264 5446//6264
f 5446//6367 4930//6367 5191//6367
f 5191//6430 4930//6430 4929//6430
f 5191//6368 4929//6368 4928//6368
f 5190//6369 4928//6369 5447//6369
f 5447//6431 4928//6431 4927//6431
f 5447//6270 4927//6270 5448//6270
f 5448//6271 4927//6271 4926//6271
f 5448//6272 4926//6272 4925//6272
f 4924//6273 5189//6273 4925//6273
f 4925//6274 5189//6274 5449//6274
f 4925//6275 5449//6275 5448//6275
f 4921//6276 5450//6276 5451//6276
f 5188//6432 4923//6432 5451//6432
f 5451//6278 4923//6278 4922//6278
f 5451//6315 4922//6315 4921//6315
f 5450//6280 4921//6280 5452//6280
f 5452//6375 4921//6375 4920//6375
f 5452//6282 4920//6282 5453//6282
f 4920//6283 4919//6283 5453//6283
f 5453//6284 4919//6284 4918//6284
f 5453//6227 4918//6227 5454//6227
f 5454//6376 4918//6376 5455//6376
f 4918//6286 4917//6286 5455//6286
f 5455//6287 4917//6287 4916//6287
f 5455//6288 4916//6288 5456//6288
f 5456//6289 4916//6289 4915//6289
f 5456//6290 4915//6290 5457//6290
f 5457//6291 4915//6291 5458//6291
f 4915//6292 4914//6292 5458//6292
f 5458//6433 4914//6433 4913//6433
f 5458//6202 4913//6202 5459//6202
f 5459//6434 4913//6434 4912//6434
f 5459//6435 4912//6435 5460//6435
f 5460//6436 4912//6436 4911//6436
f 5460//6296 4911//6296 5461//6296
f 5461//6297 4911//6297 4910//6297
f 5461//6298 4910//6298 4909//6298
f 4908//6299 5187//6299 4909//6299
f 4909//6300 5187//6300 5462//6300
f 4909//6301 5462//6301 5461//6301
f 4905//6302 5463//6302 5464//6302
f 5186//6331 4907//6331 5464//6331
f 5464//6304 4907//6304 4906//6304
f 5464//6305 4906//6305 4905//6305
f 5463//6253 4905//6253 5465//6253
f 5465//6254 4905//6254 4904//6254
f 5465//6255 4904//6255 5466//6255
f 4904//6256 4903//6256 5466//6256
f 5466//6257 4903//6257 4809//6257
f 5466//6214 4809//6214 5467//6214
f 5467//6333 4809//6333 5468//6333
f 4809//6366 4902//6366 5468//6366
f 5468//6261 4902//6261 4901//6261
f 5468//6262 4901//6262 5469//6262
f 5469//6310 4901//6310 4900//6310
f 5469//6336 4900//6336 5470//6336
f 5470//6265 4900//6265 5471//6265
f 5471//6266 4900//6266 4899//6266
f 5471//6267 4899//6267 4898//6267
f 4895//6273 4894//6273 5472//6273
f 5472//6205 4894//6205 4893//6205
f 5472//6197 4893//6197 5473//6197
f 5472//6274 5474//6274 4895//6274
f 4895//6437 5474//6437 5475//6437
f 4895//6438 5475//6438 4896//6438
f 4896//6439 5475//6439 5476//6439
f 4896//6271 5476//6271 4897//6271
f 4897//6270 5476//6270 5477//6270
f 4897//6269 5477//6269 4898//6269
f 4898//6268 5477//6268 5478//6268
f 4898//6199 5478//6199 5471//6199
f 4891//6276 5479//6276 5480//6276
f 5473//6277 4893//6277 5480//6277
f 5480//6278 4893//6278 4892//6278
f 5480//6315 4892//6315 4891//6315
f 5479//6320 4891//6320 5481//6320
f 5481//6319 4891//6319 4890//6319
f 5481//6347 4890//6347 5185//6347
f 5185//6386 4890//6386 4889//6386
f 5185//6284 4889//6284 4888//6284
f 5184//6440 4888//6440 5482//6440
f 5482//6441 4888//6441 4887//6441
f 5482//6442 4887//6442 5483//6442
f 5483//6287 4887//6287 4886//6287
f 5483//6288 4886//6288 5484//6288
f 5484//6289 4886//6289 4885//6289
f 5484//6290 4885//6290 5485//6290
f 5485//6321 4885//6321 5183//6321
f 5183//6292 4885//6292 4884//6292
f 5183//6322 4884//6322 4883//6322
f 5182//6325 4883//6325 5486//6325
f 5486//6295 4883//6295 4882//6295
f 5486//6296 4882//6296 5487//6296
f 5487//6297 4882//6297 4881//6297
f 5487//6298 4881//6298 4880//6298
f 4879//6299 5181//6299 4880//6299
f 4880//6300 5181//6300 5488//6300
f 4880//6301 5488//6301 5487//6301
f 4876//6330 5489//6330 5490//6330
f 5180//6303 4878//6303 5490//6303
f 5490//6304 4878//6304 4877//6304
f 5490//6305 4877//6305 4876//6305
f 5489//6332 4876//6332 5491//6332
f 5491//6254 4876//6254 4875//6254
f 5491//6255 4875//6255 5492//6255
f 4875//6256 4874//6256 5492//6256
f 5492//6257 4874//6257 4873//6257
f 5492//6214 4873//6214 5493//6214
f 5493//6333 4873//6333 5494//6333
f 4873//6366 4872//6366 5494//6366
f 5494//6261 4872//6261 4871//6261
f 5494//6335 4871//6335 5495//6335
f 5495//6310 4871//6310 4870//6310
f 5495//6264 4870//6264 5496//6264
f 5496//6443 4870//6443 4869//6443
f 5496//6444 4869//6444 5179//6444
f 5179//6445 4869//6445 4867//6445
f 5179//6311 4867//6311 4868//6311
f 5178//6268 4868//6268 5497//6268
f 5497//6269 4868//6269 4866//6269
f 5497//6446 4866//6446 5498//6446
f 5498//6271 4866//6271 4865//6271
f 5498//6393 4865//6393 4864//6393
f 4863//6341 5177//6341 4864//6341
f 4864//6340 5177//6340 5499//6340
f 4864//6447 5499//6447 5498//6447
f 4860//6448 5500//6448 5501//6448
f 5176//6342 4862//6342 5501//6342
f 5501//6449 4862//6449 4861//6449
f 5501//6450 4861//6450 4860//6450
f 5500//6320 4860//6320 5502//6320
f 5502//6319 4860//6319 4859//6319
f 5502//6347 4859//6347 5503//6347
f 4859//6348 4858//6348 5503//6348
f 5503//6349 4858//6349 4857//6349
f 5503//6203 4857//6203 5504//6203
f 5504//6285 4857//6285 5505//6285
f 4857//6451 4856//6451 5505//6451
f 5505//6287 4856//6287 4855//6287
f 5505//6288 4855//6288 5506//6288
f 5506//6289 4855//6289 4854//6289
f 5506//6290 4854//6290 5507//6290
f 5507//6291 4854//6291 5508//6291
f 5508//6292 4854//6292 4853//6292
f 5508//6322 4853//6322 4852//6322
f 4849//6356 4848//6356 5509//6356
f 5509//6201 4848//6201 4847//6201
f 5509//6200 4847//6200 5510//6200
f 5509//6357 5511//6357 4849//6357
f 4849//6452 5511//6452 5512//6452
f 4849//6453 5512//6453 4850//6453
f 4850//6454 5512//6454 5513//6454
f 4850//6326 5513//6326 4851//6326
f 4851//6455 5513//6455 5514//6455
f 4851//6324 5514//6324 4852//6324
f 4852//6325 5514//6325 5515//6325
f 4852//6202 5515//6202 5508//6202
f 4845//6249 5516//6249 5517//6249
f 5510//6331 4847//6331 5517//6331
f 5517//6304 4847//6304 4846//6304
f 5517//6358 4846//6358 4845//6358
f 5516//6406 4845//6406 5518//6406
f 5518//6407 4845//6407 4844//6407
f 5518//6359 4844//6359 5175//6359
f 5175//6408 4844//6408 4843//6408
f 5175//6426 4843//6426 4842//6426
f 5174//6456 4842//6456 5519//6456
f 5519//6457 4842//6457 4841//6457
f 5519//6458 4841//6458 5520//6458
f 5520//6261 4841//6261 4840//6261
f 5520//6262 4840//6262 5521//6262
f 5521//6263 4840//6263 4839//6263
f 5521//6264 4839//6264 5522//6264
f 5522//6265 4839//6265 5173//6265
f 5173//6266 4839//6266 4838//6266
f 5173//6311 4838//6311 4837//6311
f 5172//6459 4837//6459 5523//6459
f 5523//6370 4837//6370 4836//6370
f 5523//6371 4836//6371 5524//6371
f 5524//6372 4836//6372 4835//6372
f 5524//6272 4835//6272 4834//6272
f 4833//6341 5171//6341 4834//6341
f 4834//6340 5171//6340 5525//6340
f 4834//6275 5525//6275 5524//6275
f 4830//6276 5526//6276 5527//6276
f 5170//6432 4832//6432 5527//6432
f 5527//6278 4832//6278 4831//6278
f 5527//6315 4831//6315 4830//6315
f 5526//6280 4830//6280 5528//6280
f 5528//6281 4830//6281 4829//6281
f 5528//6282 4829//6282 5529//6282
f 4829//6283 4828//6283 5529//6283
f 5529//6284 4828//6284 4827//6284
f 5529//6227 4827//6227 5530//6227
f 5530//6376 4827//6376 5531//6376
f 4827//6286 4826//6286 5531//6286
f 5531//6287 4826//6287 4825//6287
f 5531//6288 4825//6288 5532//6288
f 5532//6289 4825//6289 4824//6289
f 5532//6290 4824//6290 5533//6290
f 5533//6291 4824//6291 5534//6291
f 5534//6292 4824//6292 4823//6292
f 5534//6322 4823//6322 4822//6322
f 5535//6296 5536//6296 4821//6296
f 4821//6295 5536//6295 4822//6295
f 4822//6294 5536//6294 5537//6294
f 4822//6202 5537//6202 5534//6202
f 4821//6297 4820//6297 5535//6297
f 5535//6298 4820//6298 4819//6298
f 5535//6301 4819//6301 5538//6301
f 5538//6357 4819//6357 5539//6357
f 4819//6460 4818//6460 5539//6460
f 5539//6461 4818//6461 4817//6461
f 5539//6462 4817//6462 5540//6462
f 5540//6463 4817//6463 4816//6463
f 5540//6464 4816//6464 5541//6464
f 5541//6465 4816//6465 4815//6465
f 5541//6466 4815//6466 5542//6466
f 5542//6467 4815//6467 4814//6467
f 5542//6468 4814//6468 5543//6468
f 5543//6469 4814//6469 4813//6469
f 5543//6470 4813//6470 4812//6470
f 5544//6471 5542//6471 5545//6471
f 4145//6472 4478//6472 5381//6472
f 4163//6473 4408//6473 5348//6473
f 4210//6474 4208//6474 5546//6474
f 5547//6475 4216//6475 5548//6475
f 5548//6476 4216//6476 4214//6476
f 5548//6477 4214//6477 5546//6477
f 5546//6478 4214//6478 4212//6478
f 5546//6479 4212//6479 4210//6479
f 5549//6480 4220//6480 5547//6480
f 5547//6481 4220//6481 4218//6481
f 5547//6482 4218//6482 4216//6482
f 5550//6483 4224//6483 5549//6483
f 5549//6484 4224//6484 4222//6484
f 5549//6485 4222//6485 4220//6485
f 5248//6486 4231//6486 5245//6486
f 5245//6487 4231//6487 4229//6487
f 5245//6488 4229//6488 5246//6488
f 5246//6489 4229//6489 4227//6489
f 5246//6490 4227//6490 5550//6490
f 5550//6491 4227//6491 4226//6491
f 5550//6492 4226//6492 4224//6492
f 4237//6493 4236//6493 5250//6493
f 5250//6494 4236//6494 4234//6494
f 5250//6495 4234//6495 5248//6495
f 5248//6496 4234//6496 4232//6496
f 5248//6497 4232//6497 4231//6497
f 5250//6498 5254//6498 4237//6498
f 4237//6499 5254//6499 5253//6499
f 4237//6500 5253//6500 4239//6500
f 4239//6501 5253//6501 4241//6501
f 4241//6502 5253//6502 5252//6502
f 4241//6503 5252//6503 4243//6503
f 4243//6504 5252//6504 5255//6504
f 4243//6505 5255//6505 4245//6505
f 4245//6506 5255//6506 5256//6506
f 4245//6507 5256//6507 4246//6507
f 4246//6508 5256//6508 5257//6508
f 4246//6509 5257//6509 4248//6509
f 4248//6510 5257//6510 5258//6510
f 4248//6511 5258//6511 4250//6511
f 4250//6512 5258//6512 5259//6512
f 4250//6513 5259//6513 4252//6513
f 4252//6514 5259//6514 5260//6514
f 4252//6515 5260//6515 4254//6515
f 5263//6516 4255//6516 5262//6516
f 5262//6517 4255//6517 4254//6517
f 5262//6518 4254//6518 5261//6518
f 5261//6519 4254//6519 5260//6519
f 4199//6520 4258//6520 5266//6520
f 5266//6521 4258//6521 5265//6521
f 5265//6522 4258//6522 4257//6522
f 5265//6523 4257//6523 5263//6523
f 5263//6524 4257//6524 4202//6524
f 5263//6525 4202//6525 4255//6525
f 5266//6526 5267//6526 4199//6526
f 4199//6527 5267//6527 5264//6527
f 4199//6528 5264//6528 4263//6528
f 5264//6529 5244//6529 4263//6529
f 4263//6530 5244//6530 5243//6530
f 4263//6531 5243//6531 4264//6531
f 4269//6532 4196//6532 5241//6532
f 4264//6533 5243//6533 4259//6533
f 4259//6534 5243//6534 5269//6534
f 4259//6535 5269//6535 4266//6535
f 4266//6536 5269//6536 5268//6536
f 4266//6537 5268//6537 4267//6537
f 4267//6538 5268//6538 5270//6538
f 4267//6539 5270//6539 4196//6539
f 4196//6540 5270//6540 5242//6540
f 4196//6541 5242//6541 5241//6541
f 5241//6542 5271//6542 4269//6542
f 4269//6543 5271//6543 5272//6543
f 4269//6544 5272//6544 4271//6544
f 4271//6545 5272//6545 5273//6545
f 4271//6546 5273//6546 4273//6546
f 5273//6547 5274//6547 4273//6547
f 4273//6548 5274//6548 5240//6548
f 4273//6549 5240//6549 4274//6549
f 4274//6550 5240//6550 5239//6550
f 4274//6551 5239//6551 4193//6551
f 4193//6552 5239//6552 4279//6552
f 4279//6553 5239//6553 5275//6553
f 4279//6554 5275//6554 4281//6554
f 4281//6555 5275//6555 5276//6555
f 4281//6556 5276//6556 4282//6556
f 5276//6557 5277//6557 4282//6557
f 4282//6558 5277//6558 5238//6558
f 4282//6559 5238//6559 4275//6559
f 4275//6560 5238//6560 5237//6560
f 4275//6561 5237//6561 4287//6561
f 4287//6562 5237//6562 5279//6562
f 4287//6563 5279//6563 4284//6563
f 4284//6564 5279//6564 5278//6564
f 4284//6565 5278//6565 4289//6565
f 5278//6504 5280//6504 4289//6504
f 4289//6566 5280//6566 5281//6566
f 4289//6567 5281//6567 4290//6567
f 4290//6568 5281//6568 5282//6568
f 4290//6472 5282//6472 4190//6472
f 4190//6569 5282//6569 4292//6569
f 4292//6570 5282//6570 5283//6570
f 4292//6513 5283//6513 4294//6513
f 4294//6514 5283//6514 5284//6514
f 4294//6515 5284//6515 4296//6515
f 5284//6519 5285//6519 4296//6519
f 4296//6518 5285//6518 5236//6518
f 4296//6517 5236//6517 4298//6517
f 4298//6571 5236//6571 5235//6571
f 4298//6572 5235//6572 4299//6572
f 4299//6524 5235//6524 4302//6524
f 4302//6523 5235//6523 5286//6523
f 4302//6573 5286//6573 4304//6573
f 4304//6521 5286//6521 5287//6521
f 4304//6520 5287//6520 4305//6520
f 4305//6574 5287//6574 5288//6574
f 4305//6528 5288//6528 4308//6528
f 4308//6529 5288//6529 5234//6529
f 4308//6575 5234//6575 4309//6575
f 4309//6576 5234//6576 5233//6576
f 4309//6577 5233//6577 4311//6577
f 4311//6578 5233//6578 5290//6578
f 4311//6579 5290//6579 4313//6579
f 4318//6532 4187//6532 5231//6532
f 4313//6580 5290//6580 4315//6580
f 4315//6536 5290//6536 5289//6536
f 4315//6581 5289//6581 4316//6581
f 4316//6538 5289//6538 5291//6538
f 4316//6582 5291//6582 4187//6582
f 4187//6540 5291//6540 5232//6540
f 4187//6541 5232//6541 5231//6541
f 5231//6583 5292//6583 4318//6583
f 4318//6584 5292//6584 5293//6584
f 4318//6585 5293//6585 4320//6585
f 4320//6545 5293//6545 5294//6545
f 4320//6546 5294//6546 4322//6546
f 5294//6547 5295//6547 4322//6547
f 4322//6548 5295//6548 5296//6548
f 4322//6549 5296//6549 4323//6549
f 4323//6550 5296//6550 5303//6550
f 4323//6551 5303//6551 4184//6551
f 4184//6552 5303//6552 4325//6552
f 4325//6553 5303//6553 5302//6553
f 4325//6586 5302//6586 4326//6586
f 4326//6587 5302//6587 5301//6587
f 4326//6588 5301//6588 4181//6588
f 5301//6589 5300//6589 4181//6589
f 4181//6590 5300//6590 5299//6590
f 4181//6591 5299//6591 4328//6591
f 5299//6592 5297//6592 4328//6592
f 4328//6560 5297//6560 5298//6560
f 4328//6561 5298//6561 4330//6561
f 4330//6593 5298//6593 4331//6593
f 4331//6594 5298//6594 5304//6594
f 4331//6595 5304//6595 4335//6595
f 5304//6596 5310//6596 4335//6596
f 4335//6597 5310//6597 5309//6597
f 4335//6598 5309//6598 4336//6598
f 4336//6599 5309//6599 5308//6599
f 4336//6600 5308//6600 4178//6600
f 5308//6601 5307//6601 4178//6601
f 4178//6602 5307//6602 5306//6602
f 4178//6603 5306//6603 4338//6603
f 4338//6570 5306//6570 5305//6570
f 4338//6604 5305//6604 4340//6604
f 4340//6514 5305//6514 5311//6514
f 4340//6605 5311//6605 4342//6605
f 5311//6519 5312//6519 4342//6519
f 4342//6606 5312//6606 5313//6606
f 4342//6607 5313//6607 4343//6607
f 4343//6608 5313//6608 5316//6608
f 4343//6525 5316//6525 4175//6525
f 4175//6524 5316//6524 4348//6524
f 4348//6523 5316//6523 5315//6523
f 4348//6573 5315//6573 4350//6573
f 4350//6521 5315//6521 5314//6521
f 4350//6520 5314//6520 4351//6520
f 5314//6574 5317//6574 4351//6574
f 4351//6609 5317//6609 5230//6609
f 4351//6610 5230//6610 4344//6610
f 4344//6530 5230//6530 5229//6530
f 4344//6531 5229//6531 4356//6531
f 4356//6611 5229//6611 5319//6611
f 4356//6579 5319//6579 4353//6579
f 4353//6612 5319//6612 5318//6612
f 4353//6613 5318//6613 4358//6613
f 5318//6614 5320//6614 4358//6614
f 4358//6615 5320//6615 5321//6615
f 4358//6616 5321//6616 4359//6616
f 4359//6617 5321//6617 5322//6617
f 4359//6618 5322//6618 4172//6618
f 4172//6619 5322//6619 4361//6619
f 4361//6620 5322//6620 5323//6620
f 4361//6544 5323//6544 4363//6544
f 4363//6545 5323//6545 5324//6545
f 4363//6546 5324//6546 4365//6546
f 5324//6547 5325//6547 4365//6547
f 4365//6621 5325//6621 5326//6621
f 4365//6622 5326//6622 4367//6622
f 4367//6623 5326//6623 5329//6623
f 4367//6551 5329//6551 4368//6551
f 4368//6552 5329//6552 4371//6552
f 4371//6553 5329//6553 5328//6553
f 4371//6624 5328//6624 4373//6624
f 4373//6625 5328//6625 5327//6625
f 4373//6626 5327//6626 4374//6626
f 4374//6627 5327//6627 5330//6627
f 4374//6628 5330//6628 4377//6628
f 4377//6629 5330//6629 5331//6629
f 4377//6630 5331//6630 4378//6630
f 4378//6631 5331//6631 5332//6631
f 4378//6632 5332//6632 4380//6632
f 4380//6562 5332//6562 5333//6562
f 4380//6501 5333//6501 4382//6501
f 4387//6633 4169//6633 5227//6633
f 4382//6634 5333//6634 4384//6634
f 4384//6635 5333//6635 5334//6635
f 4384//6636 5334//6636 4385//6636
f 4385//6637 5334//6637 5335//6637
f 4385//6638 5335//6638 4169//6638
f 4169//6639 5335//6639 5228//6639
f 4169//6602 5228//6602 5227//6602
f 5227//6640 5336//6640 4387//6640
f 4387//6641 5336//6641 5337//6641
f 4387//6513 5337//6513 4389//6513
f 4389//6514 5337//6514 5338//6514
f 4389//6515 5338//6515 4391//6515
f 5338//6519 5339//6519 4391//6519
f 4391//6518 5339//6518 5226//6518
f 4391//6517 5226//6517 4392//6517
f 4392//6516 5226//6516 5225//6516
f 4392//6525 5225//6525 4166//6525
f 4166//6524 5225//6524 4394//6524
f 4394//6523 5225//6523 5340//6523
f 4394//6573 5340//6573 4396//6573
f 4396//6521 5340//6521 5341//6521
f 4396//6642 5341//6642 4398//6642
f 5341//6574 5342//6574 4398//6574
f 4398//6609 5342//6609 5224//6609
f 4398//6610 5224//6610 4400//6610
f 4400//6530 5224//6530 5223//6530
f 4400//6531 5223//6531 4405//6531
f 4407//6643 4402//6643 5347//6643
f 4405//6533 5223//6533 4402//6533
f 4402//6534 5223//6534 5343//6534
f 4402//6612 5343//6612 5347//6612
f 5347//6644 5346//6644 4407//6644
f 4407//6645 5346//6645 5345//6645
f 4407//6646 5345//6646 4408//6646
f 4408//6647 5345//6647 5344//6647
f 4408//6617 5344//6617 5348//6617
f 4163//6532 5348//6532 4410//6532
f 4410//6648 5348//6648 5349//6648
f 4410//6544 5349//6544 4412//6544
f 4412//6545 5349//6545 5350//6545
f 4412//6649 5350//6649 4414//6649
f 5350//6547 5351//6547 4414//6547
f 4414//6621 5351//6621 5222//6621
f 4414//6549 5222//6549 4415//6549
f 4415//6550 5222//6550 5221//6550
f 4415//6650 5221//6650 4160//6650
f 4160//6651 5221//6651 4417//6651
f 4417//6652 5221//6652 5352//6652
f 4417//6653 5352//6653 4418//6653
f 4418//6555 5352//6555 5353//6555
f 4418//6654 5353//6654 4157//6654
f 4157//6557 5353//6557 5354//6557
f 4157//6655 5354//6655 4423//6655
f 4423//6656 5354//6656 5220//6656
f 4423//6657 5220//6657 4425//6657
f 5220//6658 5219//6658 4425//6658
f 4425//6659 5219//6659 5356//6659
f 4425//6660 5356//6660 4426//6660
f 4426//6501 5356//6501 4419//6501
f 4419//6661 5356//6661 5355//6661
f 4419//6503 5355//6503 4428//6503
f 5355//6504 5357//6504 4428//6504
f 4428//6566 5357//6566 5358//6566
f 4428//6567 5358//6567 4429//6567
f 4429//6662 5358//6662 5359//6662
f 4429//6663 5359//6663 4154//6663
f 4154//6633 5359//6633 4431//6633
f 4431//6664 5359//6664 5360//6664
f 4431//6513 5360//6513 4433//6513
f 4433//6514 5360//6514 5361//6514
f 4433//6515 5361//6515 4435//6515
f 5361//6519 5362//6519 4435//6519
f 4435//6518 5362//6518 5218//6518
f 4435//6517 5218//6517 4437//6517
f 4437//6608 5218//6608 5217//6608
f 4437//6572 5217//6572 4438//6572
f 4438//6524 5217//6524 4441//6524
f 4441//6523 5217//6523 5363//6523
f 4441//6573 5363//6573 4443//6573
f 4443//6521 5363//6521 5364//6521
f 4443//6520 5364//6520 4444//6520
f 4444//6574 5364//6574 5365//6574
f 4444//6528 5365//6528 4447//6528
f 4447//6529 5365//6529 5216//6529
f 4447//6665 5216//6665 4448//6665
f 4448//6666 5216//6666 5215//6666
f 4448//6667 5215//6667 4450//6667
f 4450//6611 5215//6611 5367//6611
f 4450//6579 5367//6579 4452//6579
f 4457//6532 4151//6532 5213//6532
f 4452//6580 5367//6580 4454//6580
f 4454//6668 5367//6668 5366//6668
f 4454//6581 5366//6581 4455//6581
f 4455//6538 5366//6538 5368//6538
f 4455//6669 5368//6669 4151//6669
f 4151//6540 5368//6540 5214//6540
f 4151//6541 5214//6541 5213//6541
f 5213//6670 5369//6670 4457//6670
f 4457//6671 5369//6671 5370//6671
f 4457//6585 5370//6585 4459//6585
f 4459//6672 5370//6672 5371//6672
f 4459//6546 5371//6546 4461//6546
f 5371//6547 5372//6547 4461//6547
f 4461//6548 5372//6548 5212//6548
f 4461//6549 5212//6549 4462//6549
f 4462//6550 5212//6550 5211//6550
f 4462//6551 5211//6551 4148//6551
f 4148//6552 5211//6552 4464//6552
f 4464//6553 5211//6553 5373//6553
f 4464//6586 5373//6586 4466//6586
f 4466//6587 5373//6587 5374//6587
f 4466//6588 5374//6588 4468//6588
f 5374//6557 5375//6557 4468//6557
f 4468//6558 5375//6558 5210//6558
f 4468//6673 5210//6673 4470//6673
f 4470//6560 5210//6560 5209//6560
f 4470//6561 5209//6561 4475//6561
f 4477//6565 4472//6565 5380//6565
f 4475//6593 5209//6593 4472//6593
f 4472//6594 5209//6594 5376//6594
f 4472//6564 5376//6564 5380//6564
f 5380//6674 5379//6674 4477//6674
f 4477//6675 5379//6675 5378//6675
f 4477//6505 5378//6505 4478//6505
f 4478//6506 5378//6506 5377//6506
f 4478//6676 5377//6676 5381//6676
f 4145//6603 5381//6603 4480//6603
f 4480//6570 5381//6570 5382//6570
f 4480//6604 5382//6604 4482//6604
f 4482//6514 5382//6514 5383//6514
f 4482//6605 5383//6605 4484//6605
f 5383//6519 5384//6519 4484//6519
f 4484//6606 5384//6606 5208//6606
f 4484//6607 5208//6607 4486//6607
f 4486//6571 5208//6571 5207//6571
f 4486//6677 5207//6677 4487//6677
f 4487//6524 5207//6524 4490//6524
f 4490//6523 5207//6523 5385//6523
f 4490//6573 5385//6573 4492//6573
f 4492//6521 5385//6521 5386//6521
f 4492//6520 5386//6520 4493//6520
f 4493//6574 5386//6574 5387//6574
f 4493//6528 5387//6528 4499//6528
f 4499//6678 5387//6678 5206//6678
f 4499//6679 5206//6679 4500//6679
f 5206//6680 5205//6680 4500//6680
f 4500//6681 5205//6681 5389//6681
f 4500//6682 5389//6682 4501//6682
f 4501//6683 5389//6683 4496//6683
f 4496//6684 5389//6684 5388//6684
f 4496//6643 5388//6643 4503//6643
f 5388//6614 5390//6614 4503//6614
f 4503//6615 5390//6615 5391//6615
f 4503//6616 5391//6616 4504//6616
f 4504//6617 5391//6617 5392//6617
f 4504//6685 5392//6685 4142//6685
f 4142//6619 5392//6619 4506//6619
f 4506//6620 5392//6620 5393//6620
f 4506//6544 5393//6544 4508//6544
f 4508//6545 5393//6545 5394//6545
f 4508//6649 5394//6649 4510//6649
f 5394//6547 5395//6547 4510//6547
f 4510//6548 5395//6548 5204//6548
f 4510//6549 5204//6549 4512//6549
f 4512//6550 5204//6550 5203//6550
f 4512//6551 5203//6551 4513//6551
f 4513//6552 5203//6552 4516//6552
f 4516//6553 5203//6553 5396//6553
f 4516//6624 5396//6624 4518//6624
f 4518//6587 5396//6587 5397//6587
f 4518//6588 5397//6588 4519//6588
f 4519//6557 5397//6557 5398//6557
f 4519//6686 5398//6686 4521//6686
f 4521//6687 5398//6687 4523//6687
f 4523//6592 5398//6592 5202//6592
f 4523//6688 5202//6688 4524//6688
f 4524//6689 5202//6689 5201//6689
f 4524//6690 5201//6690 4526//6690
f 4526//6562 5201//6562 5400//6562
f 4526//6563 5400//6563 4528//6563
f 4533//6633 4139//6633 5199//6633
f 4528//6595 5400//6595 4530//6595
f 4530//6691 5400//6691 5399//6691
f 4530//6692 5399//6692 4531//6692
f 4531//6693 5399//6693 5401//6693
f 4531//6638 5401//6638 4139//6638
f 4139//6639 5401//6639 5200//6639
f 4139//6602 5200//6602 5199//6602
f 5199//6694 5402//6694 4533//6694
f 4533//6695 5402//6695 5403//6695
f 4533//6696 5403//6696 4535//6696
f 4535//6514 5403//6514 5404//6514
f 4535//6697 5404//6697 4537//6697
f 5404//6519 5405//6519 4537//6519
f 4537//6606 5405//6606 5198//6606
f 4537//6607 5198//6607 4538//6607
f 4538//6516 5198//6516 5197//6516
f 4538//6525 5197//6525 4136//6525
f 4136//6524 5197//6524 4540//6524
f 4540//6523 5197//6523 5406//6523
f 4540//6522 5406//6522 4542//6522
f 4542//6521 5406//6521 5407//6521
f 4542//6520 5407//6520 4544//6520
f 5407//6574 5408//6574 4544//6574
f 4544//6609 5408//6609 5196//6609
f 4544//6610 5196//6610 4546//6610
f 4546//6530 5196//6530 5412//6530
f 4546//6531 5412//6531 4551//6531
f 5412//6698 5411//6698 4551//6698
f 4551//6699 5411//6699 5410//6699
f 4551//6683 5410//6683 4548//6683
f 4548//6612 5410//6612 5409//6612
f 4548//6613 5409//6613 4553//6613
f 5409//6614 5413//6614 4553//6614
f 4553//6700 5413//6700 5414//6700
f 4553//6701 5414//6701 4554//6701
f 4554//6617 5414//6617 5415//6617
f 4554//6702 5415//6702 4133//6702
f 4133//6532 5415//6532 4556//6532
f 4556//6648 5415//6648 5416//6648
f 4556//6544 5416//6544 4558//6544
f 4558//6545 5416//6545 5417//6545
f 4558//6546 5417//6546 4560//6546
f 5417//6547 5418//6547 4560//6547
f 4560//6621 5418//6621 5419//6621
f 4560//6622 5419//6622 4562//6622
f 4562//6550 5419//6550 5420//6550
f 4562//6551 5420//6551 4563//6551
f 4563//6552 5420//6552 4566//6552
f 4566//6553 5420//6553 5421//6553
f 4566//6653 5421//6653 4568//6653
f 4568//6555 5421//6555 5422//6555
f 4568//6626 5422//6626 4569//6626
f 4569//6627 5422//6627 5423//6627
f 4569//6628 5423//6628 4575//6628
f 4575//6629 5423//6629 5195//6629
f 4575//6703 5195//6703 4576//6703
f 5195//6704 5194//6704 4576//6704
f 4576//6705 5194//6705 5425//6705
f 4576//6706 5425//6706 4577//6706
f 4577//6501 5425//6501 4572//6501
f 4572//6661 5425//6661 5424//6661
f 4572//6503 5424//6503 4579//6503
f 5424//6504 5426//6504 4579//6504
f 4579//6707 5426//6707 5427//6707
f 4579//6708 5427//6708 4580//6708
f 4580//6709 5427//6709 5428//6709
f 4580//6710 5428//6710 4130//6710
f 4130//6633 5428//6633 4582//6633
f 4582//6664 5428//6664 5429//6664
f 4582//6513 5429//6513 4584//6513
f 4584//6711 5429//6711 5430//6711
f 4584//6515 5430//6515 4586//6515
f 5430//6519 5431//6519 4586//6519
f 4586//6518 5431//6518 5432//6518
f 4586//6517 5432//6517 4587//6517
f 4587//6608 5432//6608 5439//6608
f 4587//6572 5439//6572 4127//6572
f 4127//6524 5439//6524 4589//6524
f 5439//6523 5438//6523 4589//6523
f 4589//6712 5438//6712 5437//6712
f 4589//6713 5437//6713 4590//6713
f 4590//6714 5437//6714 5436//6714
f 4590//6715 5436//6715 4124//6715
f 4124//6716 5436//6716 5435//6716
f 4124//6528 5435//6528 4595//6528
f 5435//6529 5433//6529 4595//6529
f 4595//6530 5433//6530 5434//6530
f 4595//6531 5434//6531 4596//6531
f 4602//6532 4601//6532 5192//6532
f 4596//6533 5434//6533 4591//6533
f 4591//6534 5434//6534 5441//6534
f 4591//6535 5441//6535 4598//6535
f 4598//6668 5441//6668 5440//6668
f 4598//6581 5440//6581 4600//6581
f 4600//6538 5440//6538 5442//6538
f 4600//6717 5442//6717 4601//6717
f 4601//6540 5442//6540 5193//6540
f 4601//6541 5193//6541 5192//6541
f 5192//6718 5443//6718 4602//6718
f 4602//6719 5443//6719 5444//6719
f 4602//6585 5444//6585 4607//6585
f 4607//6672 5444//6672 5445//6672
f 4607//6546 5445//6546 4609//6546
f 5445//6547 5446//6547 4609//6547
f 4609//6621 5446//6621 5191//6621
f 4609//6549 5191//6549 4610//6549
f 4610//6550 5191//6550 5190//6550
f 4610//6650 5190//6650 4121//6650
f 4121//6720 5190//6720 4612//6720
f 4612//6553 5190//6553 5447//6553
f 4612//6554 5447//6554 4614//6554
f 4614//6555 5447//6555 5448//6555
f 4614//6556 5448//6556 4616//6556
f 5448//6557 5449//6557 4616//6557
f 4616//6558 5449//6558 5189//6558
f 4616//6559 5189//6559 4618//6559
f 4618//6721 5189//6721 5188//6721
f 4618//6561 5188//6561 4623//6561
f 4623//6562 5188//6562 5451//6562
f 4623//6563 5451//6563 4620//6563
f 4620//6564 5451//6564 5450//6564
f 4620//6565 5450//6565 4625//6565
f 5450//6504 5452//6504 4625//6504
f 4625//6566 5452//6566 5453//6566
f 4625//6567 5453//6567 4626//6567
f 4626//6662 5453//6662 5454//6662
f 4626//6710 5454//6710 4118//6710
f 4118//6633 5454//6633 4628//6633
f 4628//6664 5454//6664 5455//6664
f 4628//6513 5455//6513 4630//6513
f 4630//6711 5455//6711 5456//6711
f 4630//6515 5456//6515 4632//6515
f 5456//6519 5457//6519 4632//6519
f 4632//6518 5457//6518 5458//6518
f 4632//6517 5458//6517 4634//6517
f 4634//6608 5458//6608 5459//6608
f 4634//6722 5459//6722 4635//6722
f 4635//6524 5459//6524 4638//6524
f 4638//6523 5459//6523 5460//6523
f 4638//6522 5460//6522 4640//6522
f 4640//6723 5460//6723 5461//6723
f 4640//6520 5461//6520 4641//6520
f 4641//6574 5461//6574 5462//6574
f 4641//6528 5462//6528 4647//6528
f 4647//6724 5462//6724 5187//6724
f 4647//6725 5187//6725 4648//6725
f 5187//6726 5186//6726 4648//6726
f 4648//6727 5186//6727 5464//6727
f 4648//6728 5464//6728 4649//6728
f 4649//6579 5464//6579 4644//6579
f 4644//6684 5464//6684 5463//6684
f 4644//6643 5463//6643 4651//6643
f 5463//6729 5465//6729 4651//6729
f 4651//6615 5465//6615 5466//6615
f 4651//6616 5466//6616 4652//6616
f 4652//6617 5466//6617 5467//6617
f 4652//6730 5467//6730 4115//6730
f 4115//6619 5467//6619 4654//6619
f 4654//6620 5467//6620 5468//6620
f 4654//6544 5468//6544 4656//6544
f 4656//6545 5468//6545 5469//6545
f 4656//6546 5469//6546 4658//6546
f 5469//6547 5470//6547 4658//6547
f 4658//6548 5470//6548 5471//6548
f 4658//6549 5471//6549 4660//6549
f 4660//6550 5471//6550 5478//6550
f 4660//6551 5478//6551 4661//6551
f 4661//6552 5478//6552 4664//6552
f 4664//6553 5478//6553 5477//6553
f 4664//6624 5477//6624 4669//6624
f 4669//6587 5477//6587 5476//6587
f 4669//6731 5476//6731 4670//6731
f 4670//6732 5476//6732 5475//6732
f 4670//6733 5475//6733 4672//6733
f 4672//6734 5475//6734 5474//6734
f 4672//6735 5474//6735 4674//6735
f 5474//6592 5472//6592 4674//6592
f 4674//6736 5472//6736 5473//6736
f 4674//6561 5473//6561 4675//6561
f 4684//6603 4681//6603 5184//6603
f 4675//6593 5473//6593 4666//6593
f 4666//6594 5473//6594 5480//6594
f 4666//6595 5480//6595 4677//6595
f 4677//6691 5480//6691 5479//6691
f 4677//6692 5479//6692 4679//6692
f 4679//6693 5479//6693 5481//6693
f 4679//6737 5481//6737 4681//6737
f 4681//6738 5481//6738 5185//6738
f 4681//6602 5185//6602 5184//6602
f 5184//6739 5482//6739 4684//6739
f 4684//6740 5482//6740 5483//6740
f 4684//6604 5483//6604 4686//6604
f 4686//6514 5483//6514 5484//6514
f 4686//6605 5484//6605 4688//6605
f 5484//6741 5485//6741 4688//6741
f 4688//6606 5485//6606 5183//6606
f 4688//6607 5183//6607 4689//6607
f 4689//6516 5183//6516 5182//6516
f 4689//6677 5182//6677 4112//6677
f 4112//6742 5182//6742 4691//6742
f 4691//6523 5182//6523 5486//6523
f 4691//6522 5486//6522 4693//6522
f 4693//6521 5486//6521 5487//6521
f 4693//6520 5487//6520 4695//6520
f 5487//6574 5488//6574 4695//6574
f 4695//6609 5488//6609 5181//6609
f 4695//6610 5181//6610 4697//6610
f 4697//6530 5181//6530 5180//6530
f 4697//6531 5180//6531 4702//6531
f 4702//6611 5180//6611 5490//6611
f 4702//6683 5490//6683 4699//6683
f 4699//6612 5490//6612 5489//6612
f 4699//6643 5489//6643 4704//6643
f 5489//6614 5491//6614 4704//6614
f 4704//6743 5491//6743 5492//6743
f 4704//6616 5492//6616 4705//6616
f 4705//6617 5492//6617 5493//6617
f 4705//6702 5493//6702 4109//6702
f 4109//6532 5493//6532 4707//6532
f 4707//6648 5493//6648 5494//6648
f 4707//6544 5494//6544 4709//6544
f 4709//6545 5494//6545 5495//6545
f 4709//6546 5495//6546 4711//6546
f 5495//6547 5496//6547 4711//6547
f 4711//6621 5496//6621 5179//6621
f 4711//6622 5179//6622 4713//6622
f 4713//6550 5179//6550 5178//6550
f 4713//6551 5178//6551 4714//6551
f 4714//6552 5178//6552 4717//6552
f 4717//6553 5178//6553 5497//6553
f 4717//6744 5497//6744 4719//6744
f 4719//6587 5497//6587 5498//6587
f 4719//6745 5498//6745 4720//6745
f 4720//6746 5498//6746 5499//6746
f 4720//6628 5499//6628 4726//6628
f 4726//6629 5499//6629 5177//6629
f 4726//6747 5177//6747 4727//6747
f 5177//6748 5176//6748 4727//6748
f 4727//6749 5176//6749 5501//6749
f 4727//6750 5501//6750 4728//6750
f 4728//6751 5501//6751 4723//6751
f 4723//6752 5501//6752 5500//6752
f 4723//6565 5500//6565 4730//6565
f 5500//6597 5502//6597 4730//6597
f 4730//6753 5502//6753 5503//6753
f 4730//6567 5503//6567 4731//6567
f 4731//6568 5503//6568 5504//6568
f 4731//6754 5504//6754 4106//6754
f 4106//6633 5504//6633 4733//6633
f 4733//6664 5504//6664 5505//6664
f 4733//6513 5505//6513 4735//6513
f 4735//6514 5505//6514 5506//6514
f 4735//6697 5506//6697 4737//6697
f 4737//6519 5506//6519 5507//6519
f 4737//6755 5507//6755 4739//6755
f 4739//6756 5507//6756 5508//6756
f 4739//6757 5508//6757 4740//6757
f 4740//6758 5508//6758 4742//6758
f 4742//6759 5508//6759 5515//6759
f 4742//6760 5515//6760 4744//6760
f 4744//6523 5515//6523 5514//6523
f 4744//6573 5514//6573 4745//6573
f 4745//6521 5514//6521 5513//6521
f 4745//6520 5513//6520 4103//6520
f 5513//6761 5512//6761 4103//6761
f 4103//6762 5512//6762 5511//6762
f 4103//6528 5511//6528 4747//6528
f 5511//6529 5509//6529 4747//6529
f 4747//6530 5509//6530 5510//6530
f 4747//6531 5510//6531 4749//6531
f 4758//6532 4756//6532 5174//6532
f 4749//6533 5510//6533 4751//6533
f 4751//6534 5510//6534 5517//6534
f 4751//6535 5517//6535 4753//6535
f 4753//6668 5517//6668 5516//6668
f 4753//6581 5516//6581 4754//6581
f 4754//6538 5516//6538 5518//6538
f 4754//6717 5518//6717 4756//6717
f 4756//6540 5518//6540 5175//6540
f 4756//6541 5175//6541 5174//6541
f 5174//6763 5519//6763 4758//6763
f 4758//6764 5519//6764 5520//6764
f 4758//6585 5520//6585 4761//6585
f 4761//6672 5520//6672 5521//6672
f 4761//6546 5521//6546 4768//6546
f 5521//6547 5522//6547 4768//6547
f 4768//6621 5522//6621 5173//6621
f 4768//6622 5173//6622 4767//6622
f 4767//6765 5173//6765 5172//6765
f 4767//6766 5172//6766 4765//6766
f 4765//6651 5172//6651 4770//6651
f 4770//6652 5172//6652 5523//6652
f 4770//6653 5523//6653 4772//6653
f 4772//6555 5523//6555 5524//6555
f 4772//6626 5524//6626 4774//6626
f 5524//6627 5525//6627 4774//6627
f 4774//6767 5525//6767 5171//6767
f 4774//6673 5171//6673 4776//6673
f 4776//6736 5171//6736 5170//6736
f 4776//6561 5170//6561 4778//6561
f 4778//6562 5170//6562 5527//6562
f 4778//6501 5527//6501 4780//6501
f 4780//6661 5527//6661 5526//6661
f 4780//6503 5526//6503 4782//6503
f 5526//6504 5528//6504 4782//6504
f 4782//6566 5528//6566 5529//6566
f 4782//6567 5529//6567 4783//6567
f 4783//6662 5529//6662 5530//6662
f 4783//6663 5530//6663 4785//6663
f 4785//6633 5530//6633 4787//6633
f 4787//6664 5530//6664 5531//6664
f 4787//6513 5531//6513 4789//6513
f 4789//6711 5531//6711 5532//6711
f 4789//6768 5532//6768 4791//6768
f 5537//6608 4793//6608 5534//6608
f 5534//6517 4793//6517 4791//6517
f 5534//6518 4791//6518 5533//6518
f 5533//6519 4791//6519 5532//6519
f 4806//6769 4805//6769 5539//6769
f 5539//6770 4805//6770 4803//6770
f 5539//6771 4803//6771 5538//6771
f 5538//6528 4803//6528 4801//6528
f 5538//6574 4801//6574 5535//6574
f 5535//6520 4801//6520 4799//6520
f 5535//6521 4799//6521 5536//6521
f 5536//6522 4799//6522 4797//6522
f 5536//6523 4797//6523 5537//6523
f 5537//6524 4797//6524 4795//6524
f 5537//6525 4795//6525 4793//6525
f 5542//6772 5544//6772 5541//6772
f 4806//6773 5539//6773 5544//6773
f 5544//6774 5539//6774 5540//6774
f 5544//6775 5540//6775 5541//6775
f 5551//6776 4099//6776 5249//6776
f 5249//6776 4099//6776 5251//6776
f 3982//6776 3987//6776 3981//6776
f 3994//6776 4208//6776 3992//6776
f 3992//6776 4208//6776 4204//6776
f 3992//6776 4204//6776 3991//6776
f 3991//6776 4204//6776 4203//6776
f 3991//6776 4203//6776 3989//6776
f 3989//6777 4203//6777 5154//6777
f 3989//6776 5154//6776 5157//6776
f 5159//6776 5162//6776 4099//6776
f 4099//6776 5162//6776 5165//6776
f 5549//6776 5547//6776 3995//6776
f 3995//6776 5547//6776 5548//6776
f 3995//6776 5548//6776 3994//6776
f 3994//6776 5548//6776 5546//6776
f 3994//6776 5546//6776 4208//6776
f 3987//6776 3989//6776 3981//6776
f 3981//6776 3989//6776 5157//6776
f 3981//6776 5157//6776 3972//6776
f 3972//6776 5157//6776 5159//6776
f 3972//6776 5159//6776 3974//6776
f 3974//6776 5159//6776 4099//6776
f 5165//6776 5167//6776 4099//6776
f 4099//6776 5167//6776 5169//6776
f 4099//6776 5169//6776 5251//6776
f 5249//6776 5247//6776 5551//6776
f 5551//6776 5247//6776 5246//6776
f 5551//6776 5246//6776 5552//6776
f 5552//6776 5246//6776 5550//6776
f 5552//6776 5550//6776 5549//6776
f 3982//6776 3981//6776 3983//6776
f 3983//6776 3981//6776 3980//6776
f 3983//6776 3980//6776 3984//6776
f 3984//6777 3980//6777 3978//6777
f 3984//6776 3978//6776 3976//6776
f 3995//6778 5553//6778 5549//6778
f 5549//6776 5553//6776 5554//6776
f 5549//6776 5554//6776 5552//6776
f 5552//6779 5554//6779 5555//6779
f 5552//6776 5555//6776 5556//6776
f 5557//6780 5556//6780 5555//6780
f 5558//6781 5559//6781 5560//6781
f 5561//6782 5562//6782 5563//6782
f 5563//6783 5562//6783 5564//6783
f 5563//6784 5564//6784 5557//6784
f 5557//6785 5564//6785 5565//6785
f 5557//6786 5565//6786 5556//6786
f 5559//6787 5566//6787 5560//6787
f 5560//6788 5566//6788 5567//6788
f 5560//6789 5567//6789 5568//6789
f 5569//6790 5561//6790 5570//6790
f 5570//6791 5561//6791 5563//6791
f 5570//6791 5563//6791 5571//6791
f 5571//6792 5563//6792 5557//6792
f 5571//6793 5557//6793 5572//6793
f 5572//6794 5557//6794 5555//6794
f 5572//6795 5555//6795 5554//6795
f 5554//6796 5573//6796 5572//6796
f 5572//6797 5573//6797 5574//6797
f 5572//6797 5574//6797 5571//6797
f 5571//6798 5574//6798 5575//6798
f 5571//6798 5575//6798 5570//6798
f 5570//6799 5575//6799 5576//6799
f 5570//6800 5576//6800 5569//6800
f 5554//6801 5553//6801 5573//6801
f 5573//6802 5553//6802 5577//6802
f 5573//6803 5577//6803 5574//6803
f 5574//6804 5577//6804 5578//6804
f 5574//6805 5578//6805 5575//6805
f 5575//6805 5578//6805 5579//6805
f 5575//6806 5579//6806 5576//6806
f 5576//6807 5579//6807 5580//6807
f 5576//6808 5580//6808 5581//6808
f 5581//6809 5582//6809 5576//6809
f 5576//6810 5582//6810 5558//6810
f 5576//6811 5558//6811 5569//6811
f 5569//6812 5558//6812 5560//6812
f 5569//6790 5560//6790 5561//6790
f 5561//6813 5560//6813 5568//6813
f 5561//6814 5568//6814 5562//6814
f 4085//6815 4053//6815 5583//6815
f 5584//6816 5585//6816 4042//6816
f 5585//6817 5586//6817 4042//6817
f 4042//6818 5586//6818 5587//6818
f 4042//6819 5587//6819 5588//6819
f 3319//6820 4070//6820 3905//6820
f 4042//6821 4045//6821 5584//6821
f 5584//6822 4045//6822 4070//6822
f 5584//6823 4070//6823 5589//6823
f 5589//6824 4070//6824 3319//6824
f 3309//6825 3311//6825 3961//6825
f 3961//6826 3311//6826 3313//6826
f 3961//6827 3313//6827 3904//6827
f 3904//6828 3313//6828 3315//6828
f 3904//6829 3315//6829 3905//6829
f 3905//6830 3315//6830 3317//6830
f 3905//6831 3317//6831 3319//6831
f 3912//6832 3305//6832 3961//6832
f 3961//6833 3305//6833 3307//6833
f 3961//6834 3307//6834 3309//6834
f 3912//6835 3911//6835 3305//6835
f 3305//6836 3911//6836 3928//6836
f 3305//6837 3928//6837 3304//6837
f 3304//6838 3928//6838 3959//6838
f 3304//6839 3959//6839 3302//6839
f 3302//6840 3959//6840 3300//6840
f 3300//6841 3959//6841 3299//6841
f 3299//6842 3959//6842 3958//6842
f 3299//6843 3958//6843 3297//6843
f 3297//6844 3958//6844 3957//6844
f 3297//6845 3957//6845 3295//6845
f 3295//6846 3957//6846 3956//6846
f 3295//6847 3956//6847 3294//6847
f 3294//6848 3956//6848 3955//6848
f 3294//6849 3955//6849 3292//6849
f 3292//6850 3955//6850 3919//6850
f 3292//6851 3919//6851 3287//6851
f 3287//6852 3919//6852 3288//6852
f 3288//6853 3919//6853 3891//6853
f 3288//6854 3891//6854 3290//6854
f 3290//6855 3891//6855 3889//6855
f 3290//6856 3889//6856 3291//6856
f 3291//6857 3889//6857 3283//6857
f 3283//6858 3889//6858 3887//6858
f 3283//6859 3887//6859 3285//6859
f 3285//6860 3887//6860 3885//6860
f 3285//6861 3885//6861 3286//6861
f 3286//6862 3885//6862 3280//6862
f 3280//6863 3885//6863 3884//6863
f 3280//6864 3884//6864 3281//6864
f 3281//6865 3884//6865 3277//6865
f 3277//6866 3884//6866 3883//6866
f 3277//6867 3883//6867 3278//6867
f 3278//6868 3883//6868 3881//6868
f 3278//6869 3881//6869 3274//6869
f 3274//6870 3881//6870 3880//6870
f 3274//6871 3880//6871 3275//6871
f 3275//6872 3880//6872 3872//6872
f 3275//6873 3872//6873 3267//6873
f 3267//6874 3872//6874 3874//6874
f 3267//6875 3874//6875 3269//6875
f 3269//6876 3874//6876 3271//6876
f 3271//6877 3874//6877 3876//6877
f 3271//6878 3876//6878 3272//6878
f 3272//6879 3876//6879 3878//6879
f 3272//6880 3878//6880 3263//6880
f 3263//6881 3878//6881 3258//6881
f 3258//6882 3878//6882 3879//6882
f 3258//6883 3879//6883 3254//6883
f 3254//6884 3879//6884 3856//6884
f 3254//6885 3856//6885 3252//6885
f 3252//6886 3856//6886 3852//6886
f 3252//6887 3852//6887 3250//6887
f 3250//6888 3852//6888 3849//6888
f 3250//6889 3849//6889 3248//6889
f 3848//6890 3847//6890 3240//6890
f 3240//6891 3238//6891 3848//6891
f 3848//6892 3238//6892 3237//6892
f 3848//6893 3237//6893 3849//6893
f 3849//6894 3237//6894 3246//6894
f 3849//6895 3246//6895 3248//6895
f 3227//6896 3243//6896 3847//6896
f 3847//6897 3243//6897 3242//6897
f 3847//6898 3242//6898 3240//6898
f 4088//6899 5590//6899 4040//6899
f 4040//6900 5590//6900 5591//6900
f 4040//6901 5591//6901 5592//6901
f 5588//6902 5593//6902 4042//6902
f 4042//6903 5593//6903 5590//6903
f 4042//6904 5590//6904 4043//6904
f 4043//6905 5590//6905 4088//6905
f 5583//6906 4053//6906 5594//6906
f 5592//6907 5595//6907 4040//6907
f 4040//6908 5595//6908 5596//6908
f 4040//6909 5596//6909 4041//6909
f 4041//6910 5596//6910 5597//6910
f 4041//6911 5597//6911 4053//6911
f 4053//6912 5597//6912 5598//6912
f 4053//6913 5598//6913 5594//6913
f 4085//6914 5583//6914 4086//6914
f 4086//6915 5583//6915 5599//6915
f 4086//6916 5599//6916 4087//6916
f 5600//6917 4025//6917 5601//6917
f 5601//6918 4025//6918 4026//6918
f 5601//6919 4026//6919 5602//6919
f 5602//6920 4026//6920 4087//6920
f 5602//6921 4087//6921 5603//6921
f 5603//6922 4087//6922 5599//6922
f 5604//6923 4023//6923 4024//6923
f 5600//6924 5605//6924 4025//6924
f 4025//6925 5605//6925 5606//6925
f 4025//6926 5606//6926 4024//6926
f 4024//6927 5606//6927 5607//6927
f 4024//6928 5607//6928 5604//6928
f 5604//6929 5608//6929 4023//6929
f 4023//6930 5608//6930 5609//6930
f 4023//6931 5609//6931 4022//6931
f 4022//6932 5609//6932 5610//6932
f 4022//6866 5610//6866 4021//6866
f 4021//6933 5610//6933 5611//6933
f 4021//6934 5611//6934 4005//6934
f 4005//6935 5611//6935 5612//6935
f 4005//6936 5612//6936 4003//6936
f 5613//6937 3967//6937 5614//6937
f 5614//6938 3967//6938 3966//6938
f 5614//6939 3966//6939 5615//6939
f 5615//6940 3966//6940 4003//6940
f 5615//6941 4003//6941 5616//6941
f 5616//6942 4003//6942 5612//6942
f 5613//6943 5617//6943 3967//6943
f 3967//6944 5617//6944 5618//6944
f 3967//6945 5618//6945 4000//6945
f 5619//6946 3969//6946 5620//6946
f 5620//6947 3969//6947 3998//6947
f 5620//6948 3998//6948 5621//6948
f 5621//6949 3998//6949 4000//6949
f 5621//6950 4000//6950 5622//6950
f 5622//6951 4000//6951 5618//6951
f 5619//6952 5623//6952 3969//6952
f 3969//6953 5623//6953 5624//6953
f 3969//6954 5624//6954 3970//6954
f 3970//6955 5624//6955 5625//6955
f 3970//6956 5625//6956 5581//6956
f 5626//6957 5559//6957 5627//6957
f 5627//6958 5559//6958 5558//6958
f 5627//6959 5558//6959 5628//6959
f 5628//6960 5558//6960 5629//6960
f 5581//6961 5625//6961 5582//6961
f 5582//6962 5625//6962 5630//6962
f 5582//6963 5630//6963 5558//6963
f 5558//6964 5630//6964 5631//6964
f 5558//6965 5631//6965 5629//6965
f 5626//6966 5632//6966 5559//6966
f 5559//6967 5632//6967 5633//6967
f 5559//6968 5633//6968 5566//6968
f 5568//6969 5567//6969 5566//6969
f 5634//6970 5635//6970 5636//6970
f 5637//6971 5634//6971 5638//6971
f 5638//6972 5634//6972 5636//6972
f 5638//6973 5636//6973 5639//6973
f 5635//6974 5640//6974 5636//6974
f 5636//6975 5640//6975 5641//6975
f 5636//6976 5641//6976 5639//6976
f 5637//6977 5642//6977 5634//6977
f 5634//6978 5642//6978 5564//6978
f 5634//6979 5564//6979 5562//6979
f 5562//6980 5568//6980 5634//6980
f 5634//6981 5568//6981 5566//6981
f 5634//6982 5566//6982 5643//6982
f 5643//6983 5566//6983 5633//6983
f 5643//6984 5633//6984 5644//6984
f 5644//6985 5633//6985 5632//6985
f 5644//6986 5632//6986 5645//6986
f 5645//6987 5632//6987 5626//6987
f 5645//6988 5626//6988 5646//6988
f 5646//6989 5626//6989 5627//6989
f 5646//6990 5627//6990 5647//6990
f 5647//6991 5627//6991 5628//6991
f 5647//6992 5628//6992 5648//6992
f 5648//6993 5628//6993 5629//6993
f 5648//6994 5629//6994 5649//6994
f 5649//6995 5629//6995 5631//6995
f 5649//6996 5631//6996 5650//6996
f 5650//6997 5631//6997 5651//6997
f 5651//6998 5631//6998 5630//6998
f 5651//6999 5630//6999 5652//6999
f 5652//7000 5630//7000 5625//7000
f 5652//7001 5625//7001 5653//7001
f 5653//7002 5625//7002 5624//7002
f 5653//7003 5624//7003 5654//7003
f 5654//7004 5624//7004 5623//7004
f 5654//7005 5623//7005 5543//7005
f 5543//7006 5623//7006 5619//7006
f 5543//7007 5619//7007 5542//7007
f 5542//7008 5619//7008 5655//7008
f 5542//7009 5655//7009 5545//7009
f 5619//7010 5620//7010 5655//7010
f 5655//7011 5620//7011 5621//7011
f 5655//7012 5621//7012 5656//7012
f 5621//7013 5622//7013 5656//7013
f 5656//7014 5622//7014 5618//7014
f 5656//7015 5618//7015 5657//7015
f 5657//7016 5618//7016 5658//7016
f 5658//7017 5618//7017 5617//7017
f 5658//7018 5617//7018 5659//7018
f 5660//7019 5661//7019 5616//7019
f 5659//7020 5617//7020 5662//7020
f 5662//7021 5617//7021 5613//7021
f 5662//7022 5613//7022 5663//7022
f 5663//7023 5613//7023 5614//7023
f 5663//7024 5614//7024 5661//7024
f 5661//7025 5614//7025 5615//7025
f 5661//7026 5615//7026 5616//7026
f 5616//7027 5612//7027 5660//7027
f 5660//7028 5612//7028 5611//7028
f 5660//7029 5611//7029 5664//7029
f 5664//7030 5611//7030 5610//7030
f 5664//7031 5610//7031 5665//7031
f 5665//7032 5610//7032 5609//7032
f 5665//7033 5609//7033 5666//7033
f 5666//7034 5609//7034 5667//7034
f 5667//7035 5609//7035 5608//7035
f 5667//7036 5608//7036 5668//7036
f 5668//7037 5608//7037 5604//7037
f 5668//7038 5604//7038 5669//7038
f 5669//7039 5604//7039 5607//7039
f 5669//7040 5607//7040 5670//7040
f 5607//7041 5606//7041 5670//7041
f 5670//7042 5606//7042 5605//7042
f 5670//7043 5605//7043 5600//7043
f 5600//7044 5601//7044 5670//7044
f 5670//7045 5601//7045 5602//7045
f 5670//7046 5602//7046 5671//7046
f 5594//7047 5672//7047 5583//7047
f 5583//7048 5672//7048 5673//7048
f 5583//7049 5673//7049 5599//7049
f 5599//7050 5673//7050 5671//7050
f 5599//7051 5671//7051 5603//7051
f 5603//7052 5671//7052 5602//7052
f 5594//7053 5598//7053 5672//7053
f 5672//7054 5598//7054 5597//7054
f 5672//7055 5597//7055 5674//7055
f 5674//7056 5597//7056 5596//7056
f 5674//7057 5596//7057 5675//7057
f 5675//7058 5596//7058 5595//7058
f 5675//7059 5595//7059 5676//7059
f 5676//7060 5595//7060 5592//7060
f 5676//7061 5592//7061 5677//7061
f 5677//7062 5592//7062 5591//7062
f 5677//7063 5591//7063 5678//7063
f 5678//7064 5591//7064 5590//7064
f 5678//7065 5590//7065 5679//7065
f 5586//7066 5680//7066 5587//7066
f 5587//7067 5680//7067 5681//7067
f 5587//7068 5681//7068 5588//7068
f 5588//7069 5681//7069 5679//7069
f 5588//7070 5679//7070 5593//7070
f 5593//7071 5679//7071 5590//7071
f 5585//7072 5682//7072 5586//7072
f 5586//7073 5682//7073 5683//7073
f 5586//7074 5683//7074 5680//7074
f 5585//7075 5584//7075 5682//7075
f 5682//7076 5584//7076 5589//7076
f 5682//7077 5589//7077 5684//7077
f 5684//7078 5589//7078 3319//7078
f 5684//7079 3319//7079 3318//7079
f 5565//7080 5564//7080 5642//7080
f 5685//7081 5686//7081 5552//7081
f 5552//7082 5686//7082 5687//7082
f 5552//7083 5687//7083 5551//7083
f 5556//7084 5565//7084 5552//7084
f 5552//7085 5565//7085 5642//7085
f 5552//7086 5642//7086 5685//7086
f 5685//7087 5642//7087 5637//7087
f 5685//7088 5637//7088 5688//7088
f 5635//7089 5689//7089 5640//7089
f 5640//7090 5689//7090 5690//7090
f 5640//7091 5690//7091 5641//7091
f 5641//7092 5690//7092 5691//7092
f 5641//7093 5691//7093 5639//7093
f 5639//7094 5691//7094 5688//7094
f 5639//7095 5688//7095 5638//7095
f 5638//7096 5688//7096 5637//7096
f 3510//7097 3780//7097 5692//7097
f 5693//7098 5694//7098 5695//7098
f 3732//7099 3713//7099 5696//7099
f 5697//7100 5698//7100 5699//7100
f 5699//7101 5698//7101 5700//7101
f 5701//7102 5702//7102 5703//7102
f 5673//7103 5672//7103 5704//7103
f 3381//7104 5705//7104 3383//7104
f 3417//7105 5706//7105 3414//7105
f 3428//7106 3430//7106 5707//7106
f 3432//7107 3435//7107 5697//7107
f 3500//7108 5708//7108 3502//7108
f 5709//7109 3595//7109 3594//7109
f 5710//7110 3496//7110 5711//7110
f 5711//7111 3496//7111 3494//7111
f 5711//7112 3494//7112 5712//7112
f 5712//7113 3494//7113 3492//7113
f 5712//7114 3492//7114 5709//7114
f 5709//7115 3492//7115 3490//7115
f 5709//7116 3490//7116 3595//7116
f 3595//7117 3490//7117 3488//7117
f 3504//7118 5713//7118 3506//7118
f 3506//7119 5713//7119 5714//7119
f 3506//7120 5714//7120 3508//7120
f 3508//7121 5714//7121 3509//7121
f 3509//7122 5714//7122 5715//7122
f 3509//7123 5715//7123 3457//7123
f 3452//7124 3454//7124 5716//7124
f 3443//7125 3445//7125 5717//7125
f 3445//7126 3448//7126 5717//7126
f 5717//7127 3448//7127 3450//7127
f 5717//7128 3450//7128 5718//7128
f 3437//7129 3438//7129 5719//7129
f 5719//7130 3438//7130 5720//7130
f 5720//7131 3438//7131 3440//7131
f 5720//7132 3440//7132 5717//7132
f 5717//7133 3440//7133 3442//7133
f 5717//7134 3442//7134 3443//7134
f 3426//7135 5721//7135 3424//7135
f 3424//7136 5721//7136 3422//7136
f 5706//7137 5722//7137 3414//7137
f 3414//7138 5722//7138 5723//7138
f 3414//7139 5723//7139 3411//7139
f 3411//7140 5723//7140 5724//7140
f 3411//7141 5724//7141 3409//7141
f 3409//7142 5724//7142 3407//7142
f 5725//7143 3373//7143 3371//7143
f 3379//7144 3377//7144 5726//7144
f 5726//7145 3377//7145 3375//7145
f 5726//7146 3375//7146 5727//7146
f 5705//7147 3381//7147 5728//7147
f 5729//7148 3540//7148 3391//7148
f 5682//7149 5684//7149 5730//7149
f 5730//7150 5684//7150 5731//7150
f 5730//7151 5731//7151 5732//7151
f 5681//7152 5733//7152 5679//7152
f 5679//7153 5733//7153 5734//7153
f 5679//7154 5734//7154 5678//7154
f 5678//7155 5734//7155 5735//7155
f 5678//7156 5735//7156 5677//7156
f 5677//7157 5735//7157 5676//7157
f 5676//7158 5735//7158 5736//7158
f 5676//7159 5736//7159 5675//7159
f 5672//7160 5674//7160 5704//7160
f 5704//7161 5674//7161 5675//7161
f 5704//7162 5675//7162 5737//7162
f 5737//7163 5675//7163 5736//7163
f 5737//7164 5736//7164 5738//7164
f 5739//7165 5670//7165 5671//7165
f 5740//7166 5669//7166 5670//7166
f 5740//7167 5665//7167 5666//7167
f 5666//7168 5667//7168 5740//7168
f 5740//7169 5667//7169 5668//7169
f 5740//7170 5668//7170 5669//7170
f 5664//7171 5741//7171 5660//7171
f 5660//7172 5741//7172 5661//7172
f 5658//7173 5659//7173 5742//7173
f 5742//7174 5659//7174 5662//7174
f 5655//7175 5656//7175 5743//7175
f 5743//7176 5656//7176 5657//7176
f 5743//7177 5657//7177 5744//7177
f 4779//7178 4781//7178 5745//7178
f 4781//7179 4784//7179 5745//7179
f 5745//7180 4784//7180 4786//7180
f 5745//7181 4786//7181 4788//7181
f 4790//7182 4792//7182 5743//7182
f 5743//7183 4792//7183 4794//7183
f 5743//7184 4794//7184 4796//7184
f 4796//7185 4798//7185 5743//7185
f 5743//7186 4798//7186 4800//7186
f 5743//7187 4800//7187 5655//7187
f 5655//7188 4800//7188 4802//7188
f 5655//7189 4802//7189 4804//7189
f 4804//7190 4806//7190 5655//7190
f 5655//7191 4806//7191 5544//7191
f 5655//7192 5544//7192 5545//7192
f 5543//7193 4812//7193 5654//7193
f 5654//7194 4812//7194 4811//7194
f 5654//7195 4811//7195 4810//7195
f 4808//7196 4764//7196 4763//7196
f 4769//7197 5746//7197 4763//7197
f 4763//7198 5746//7198 4807//7198
f 4763//7199 4807//7199 4808//7199
f 4769//7200 4771//7200 5746//7200
f 5746//7201 4771//7201 4773//7201
f 5746//7202 4773//7202 5747//7202
f 5747//7203 4773//7203 4775//7203
f 5747//7204 4775//7204 4777//7204
f 4810//7205 4807//7205 5654//7205
f 5654//7206 4807//7206 5746//7206
f 5654//7207 5746//7207 5653//7207
f 5653//7208 5746//7208 5652//7208
f 5746//7209 5748//7209 5652//7209
f 5652//7210 5748//7210 5749//7210
f 5652//7211 5749//7211 5651//7211
f 5651//7212 5749//7212 5650//7212
f 5646//7213 5647//7213 5750//7213
f 5750//7214 5647//7214 5648//7214
f 5750//7215 5648//7215 5749//7215
f 5749//7216 5648//7216 5649//7216
f 5749//7217 5649//7217 5650//7217
f 5646//7218 5750//7218 5645//7218
f 5645//7219 5750//7219 5751//7219
f 5645//7220 5751//7220 5644//7220
f 5644//7221 5751//7221 5752//7221
f 5644//7222 5752//7222 5643//7222
f 5753//7223 5635//7223 5752//7223
f 5752//7224 5635//7224 5634//7224
f 5752//7225 5634//7225 5643//7225
f 5689//7226 5754//7226 5755//7226
f 5755//7227 5754//7227 5710//7227
f 5755//7228 5710//7228 5756//7228
f 5756//7229 5710//7229 5711//7229
f 5756//7230 5711//7230 5757//7230
f 5757//7231 5711//7231 5712//7231
f 5757//7232 5712//7232 5758//7232
f 5758//7233 5712//7233 5709//7233
f 5758//7234 5709//7234 5759//7234
f 5759//7235 5709//7235 3594//7235
f 3504//7236 3502//7236 5713//7236
f 5713//7237 3502//7237 5708//7237
f 5713//7238 5708//7238 5754//7238
f 5754//7239 5708//7239 3500//7239
f 5754//7240 3500//7240 5710//7240
f 5710//7241 3500//7241 3498//7241
f 5710//7242 3498//7242 3496//7242
f 3454//7243 3457//7243 5716//7243
f 5716//7244 3457//7244 5715//7244
f 5716//7245 5715//7245 5760//7245
f 5760//7246 5715//7246 5714//7246
f 5760//7247 5714//7247 5761//7247
f 5761//7248 5714//7248 5713//7248
f 5761//7249 5713//7249 5762//7249
f 5762//7250 5713//7250 5754//7250
f 3435//7251 3437//7251 5697//7251
f 5697//7252 3437//7252 5719//7252
f 5697//7253 5719//7253 5698//7253
f 5698//7254 5719//7254 5763//7254
f 5698//7255 5763//7255 5700//7255
f 5748//7256 5716//7256 5749//7256
f 5749//7257 5716//7257 5760//7257
f 5749//7258 5760//7258 5750//7258
f 5750//7259 5760//7259 5761//7259
f 5750//7260 5761//7260 5751//7260
f 5751//7261 5761//7261 5762//7261
f 5751//7262 5762//7262 5752//7262
f 5752//7263 5762//7263 5754//7263
f 5752//7264 5754//7264 5753//7264
f 5753//7265 5754//7265 5689//7265
f 5753//7266 5689//7266 5635//7266
f 3450//7267 3452//7267 5718//7267
f 5718//7268 3452//7268 5716//7268
f 5718//7269 5716//7269 5717//7269
f 5717//7270 5716//7270 5748//7270
f 5717//7271 5748//7271 5720//7271
f 5720//7272 5748//7272 5746//7272
f 5720//7273 5746//7273 5719//7273
f 5719//7274 5746//7274 5747//7274
f 5719//7275 5747//7275 5763//7275
f 5764//7276 5765//7276 5766//7276
f 5767//7277 5765//7277 5768//7277
f 5768//7278 5765//7278 5764//7278
f 5768//7279 5764//7279 5745//7279
f 5769//7280 5701//7280 5770//7280
f 5770//7281 5701//7281 5703//7281
f 5770//7282 5703//7282 5771//7282
f 5771//7283 5703//7283 5692//7283
f 5772//7284 5773//7284 5769//7284
f 5769//7285 5773//7285 5774//7285
f 5769//7286 5774//7286 5701//7286
f 5701//7287 5774//7287 5775//7287
f 5701//7288 5775//7288 5702//7288
f 4788//7289 4790//7289 5745//7289
f 5745//7290 4790//7290 5743//7290
f 5745//7291 5743//7291 5768//7291
f 5768//7292 5743//7292 5744//7292
f 5768//7293 5744//7293 5767//7293
f 5733//7294 5775//7294 5734//7294
f 5734//7295 5775//7295 5774//7295
f 5734//7296 5774//7296 5735//7296
f 5735//7297 5774//7297 5773//7297
f 5735//7298 5773//7298 5736//7298
f 5736//7299 5773//7299 5772//7299
f 5736//7300 5772//7300 5738//7300
f 5738//7301 5772//7301 5776//7301
f 5683//7302 5682//7302 5777//7302
f 5777//7303 5682//7303 5730//7303
f 5777//7304 5730//7304 5778//7304
f 5778//7305 5730//7305 5732//7305
f 5778//7306 5732//7306 5779//7306
f 5779//7307 5732//7307 3638//7307
f 5779//7308 3638//7308 3511//7308
f 5776//7309 5780//7309 5738//7309
f 5738//7310 5780//7310 5781//7310
f 5738//7311 5781//7311 5737//7311
f 5737//7312 5781//7312 5782//7312
f 5737//7313 5782//7313 5704//7313
f 5704//7314 5782//7314 5739//7314
f 5704//7315 5739//7315 5673//7315
f 5673//7316 5739//7316 5671//7316
f 5684//7317 3318//7317 5731//7317
f 5731//7318 3318//7318 3584//7318
f 5731//7319 3584//7319 5732//7319
f 5732//7320 3584//7320 3638//7320
f 5783//7321 5784//7321 5785//7321
f 5785//7322 5784//7322 5786//7322
f 5785//7323 5786//7323 5728//7323
f 5728//7324 5786//7324 5787//7324
f 5728//7325 5787//7325 5705//7325
f 5705//7326 5787//7326 5788//7326
f 5705//7327 5788//7327 3383//7327
f 3383//7328 5788//7328 5789//7328
f 3383//7329 5789//7329 3385//7329
f 3385//7330 5789//7330 3387//7330
f 5784//7331 5790//7331 5786//7331
f 5786//7332 5790//7332 5791//7332
f 5786//7333 5791//7333 5787//7333
f 5787//7334 5791//7334 5792//7334
f 5787//7335 5792//7335 5788//7335
f 5788//7336 5792//7336 5793//7336
f 5788//7337 5793//7337 5789//7337
f 5789//7338 5793//7338 5794//7338
f 5789//7339 5794//7339 3387//7339
f 3387//7340 5794//7340 5795//7340
f 3387//7341 5795//7341 3389//7341
f 5790//7342 5796//7342 5791//7342
f 5791//7343 5796//7343 5797//7343
f 5791//7344 5797//7344 5792//7344
f 5792//7345 5797//7345 5798//7345
f 5792//7346 5798//7346 5793//7346
f 5793//7347 5798//7347 5799//7347
f 5793//7348 5799//7348 5794//7348
f 5794//7349 5799//7349 5800//7349
f 5794//7350 5800//7350 5795//7350
f 3371//7351 3370//7351 5725//7351
f 5725//7352 3370//7352 3407//7352
f 5725//7353 3407//7353 5801//7353
f 5801//7354 3407//7354 5724//7354
f 5801//7355 5724//7355 5802//7355
f 5802//7356 5724//7356 5723//7356
f 5802//7357 5723//7357 5803//7357
f 5803//7358 5723//7358 5722//7358
f 5803//7359 5722//7359 5804//7359
f 5804//7360 5722//7360 5706//7360
f 5804//7361 5706//7361 5805//7361
f 5805//7362 5706//7362 3417//7362
f 5805//7363 3417//7363 3419//7363
f 3375//7364 3373//7364 5727//7364
f 5727//7365 3373//7365 5725//7365
f 5727//7366 5725//7366 5806//7366
f 5806//7367 5725//7367 5801//7367
f 5806//7368 5801//7368 5807//7368
f 5807//7369 5801//7369 5802//7369
f 5807//7370 5802//7370 5808//7370
f 5808//7371 5802//7371 5803//7371
f 5808//7372 5803//7372 5809//7372
f 5809//7373 5803//7373 5804//7373
f 5809//7374 5804//7374 5810//7374
f 5810//7375 5804//7375 5805//7375
f 5810//7376 5805//7376 5811//7376
f 4777//7377 4779//7377 5747//7377
f 5747//7378 4779//7378 5745//7378
f 5747//7379 5745//7379 5763//7379
f 5763//7380 5745//7380 5764//7380
f 5763//7381 5764//7381 5700//7381
f 5700//7382 5764//7382 5766//7382
f 5700//7383 5766//7383 5812//7383
f 5813//7384 5814//7384 5815//7384
f 5815//7385 5814//7385 5816//7385
f 5815//7386 5816//7386 5817//7386
f 5817//7387 5816//7387 5818//7387
f 5817//7388 5818//7388 5819//7388
f 5819//7389 5818//7389 5820//7389
f 5819//7390 5820//7390 5821//7390
f 5821//7391 5820//7391 5822//7391
f 5821//7392 5822//7392 5823//7392
f 5823//7393 5822//7393 5824//7393
f 5823//7394 5824//7394 5825//7394
f 5825//7395 5824//7395 5826//7395
f 5825//7396 5826//7396 5827//7396
f 5827//7397 5826//7397 5828//7397
f 5827//7398 5828//7398 5829//7398
f 5829//7399 5828//7399 5742//7399
f 5829//7400 5742//7400 5830//7400
f 5830//7401 5742//7401 5662//7401
f 5830//7402 5662//7402 5663//7402
f 5814//7403 5831//7403 5816//7403
f 5816//7404 5831//7404 5832//7404
f 5816//7405 5832//7405 5818//7405
f 5818//7406 5832//7406 5833//7406
f 5818//7407 5833//7407 5820//7407
f 5820//7408 5833//7408 5812//7408
f 5820//7409 5812//7409 5822//7409
f 5822//7410 5812//7410 5766//7410
f 5822//7411 5766//7411 5824//7411
f 5824//7412 5766//7412 5765//7412
f 5824//7413 5765//7413 5826//7413
f 5826//7414 5765//7414 5767//7414
f 5826//7415 5767//7415 5828//7415
f 5828//7416 5767//7416 5744//7416
f 5828//7417 5744//7417 5742//7417
f 5742//7418 5744//7418 5657//7418
f 5742//7419 5657//7419 5658//7419
f 5834//7420 5813//7420 5835//7420
f 5835//7421 5813//7421 5815//7421
f 5835//7422 5815//7422 5836//7422
f 5836//7423 5815//7423 5817//7423
f 5836//7424 5817//7424 5837//7424
f 5837//7425 5817//7425 5819//7425
f 5837//7426 5819//7426 5838//7426
f 5838//7427 5819//7427 5821//7427
f 5838//7428 5821//7428 5839//7428
f 5839//7429 5821//7429 5823//7429
f 5839//7430 5823//7430 5840//7430
f 5840//7431 5823//7431 5825//7431
f 5840//7432 5825//7432 5841//7432
f 5841//7433 5825//7433 5827//7433
f 5841//7434 5827//7434 5842//7434
f 5842//7435 5827//7435 5829//7435
f 5842//7436 5829//7436 5843//7436
f 5843//7437 5829//7437 5830//7437
f 5843//7438 5830//7438 5741//7438
f 5741//7439 5830//7439 5663//7439
f 5741//7440 5663//7440 5661//7440
f 5796//7441 5844//7441 5797//7441
f 5797//7442 5844//7442 5845//7442
f 5797//7443 5845//7443 5798//7443
f 5798//7444 5845//7444 5846//7444
f 5798//7445 5846//7445 5799//7445
f 5799//7446 5846//7446 5847//7446
f 5799//7447 5847//7447 5800//7447
f 5800//7448 5847//7448 5848//7448
f 5800//7449 5848//7449 5795//7449
f 5795//7450 5848//7450 5729//7450
f 5795//7451 5729//7451 3389//7451
f 3389//7452 5729//7452 3391//7452
f 5849//7453 5834//7453 5850//7453
f 5850//7454 5834//7454 5835//7454
f 5850//7455 5835//7455 5851//7455
f 5851//7456 5835//7456 5836//7456
f 5851//7457 5836//7457 5852//7457
f 5852//7458 5836//7458 5837//7458
f 5852//7459 5837//7459 5853//7459
f 5853//7460 5837//7460 5838//7460
f 5853//7461 5838//7461 5854//7461
f 5854//7462 5838//7462 5839//7462
f 5854//7463 5839//7463 5855//7463
f 5855//7464 5839//7464 5840//7464
f 5855//7465 5840//7465 5856//7465
f 5856//7466 5840//7466 5841//7466
f 5856//7467 5841//7467 5857//7467
f 5857//7468 5841//7468 5842//7468
f 5857//7469 5842//7469 5858//7469
f 5858//7470 5842//7470 5843//7470
f 5858//7471 5843//7471 5859//7471
f 5859//7472 5843//7472 5741//7472
f 5859//7473 5741//7473 5740//7473
f 5740//7474 5741//7474 5664//7474
f 5740//7475 5664//7475 5665//7475
f 3708//7476 3707//7476 5860//7476
f 5860//7477 3707//7477 3710//7477
f 5860//7478 3710//7478 3709//7478
f 5696//7479 3713//7479 5861//7479
f 5861//7480 3713//7480 3712//7480
f 5861//7481 3712//7481 3708//7481
f 3708//7482 5860//7482 5861//7482
f 5861//7483 5860//7483 5862//7483
f 5861//7484 5862//7484 5696//7484
f 3741//7485 3739//7485 5863//7485
f 5863//7486 3739//7486 3738//7486
f 5863//7487 3738//7487 3737//7487
f 3751//7488 5863//7488 3748//7488
f 3748//7489 5863//7489 3753//7489
f 3751//7490 3517//7490 5863//7490
f 5863//7491 3517//7491 3516//7491
f 5863//7492 3516//7492 3741//7492
f 3737//7493 3735//7493 5863//7493
f 5863//7494 3735//7494 3734//7494
f 5863//7495 3734//7495 3744//7495
f 3744//7496 3746//7496 5863//7496
f 5863//7497 3746//7497 3733//7497
f 5864//7498 5865//7498 5866//7498
f 5867//7499 5868//7499 5869//7499
f 5869//7500 5868//7500 5864//7500
f 5869//7501 5864//7501 5870//7501
f 5870//7502 5864//7502 5866//7502
f 5867//7503 5869//7503 5871//7503
f 5871//7504 5869//7504 5870//7504
f 5871//7505 5870//7505 5862//7505
f 5862//7506 5870//7506 5866//7506
f 5862//7507 5866//7507 5696//7507
f 5695//7508 3771//7508 5868//7508
f 5695//7509 5868//7509 5693//7509
f 5693//7510 5868//7510 5867//7510
f 3771//7511 3757//7511 5868//7511
f 5868//7512 3757//7512 3755//7512
f 5868//7512 3755//7512 5864//7512
f 5864//7513 3755//7513 3754//7513
f 5864//7514 3754//7514 5865//7514
f 5865//7515 3754//7515 3753//7515
f 5865//7516 3753//7516 5866//7516
f 5866//7517 3753//7517 5863//7517
f 5866//7518 5863//7518 5696//7518
f 5696//7519 5863//7519 3733//7519
f 5696//7520 3733//7520 3732//7520
f 3709//7521 3540//7521 5860//7521
f 5860//7522 3540//7522 5729//7522
f 5860//7523 5729//7523 5862//7523
f 5862//7524 5729//7524 5848//7524
f 5862//7525 5848//7525 5871//7525
f 5871//7526 5848//7526 5847//7526
f 5871//7527 5847//7527 5867//7527
f 5867//7528 5847//7528 5846//7528
f 5867//7529 5846//7529 5693//7529
f 5693//7530 5846//7530 5845//7530
f 5693//7531 5845//7531 5694//7531
f 5694//7532 5845//7532 5844//7532
f 5694//7533 5844//7533 5849//7533
f 5849//7534 5844//7534 5796//7534
f 5849//7535 5796//7535 5834//7535
f 5834//7536 5796//7536 5790//7536
f 5834//7537 5790//7537 5813//7537
f 5813//7538 5790//7538 5784//7538
f 5813//7539 5784//7539 5814//7539
f 5814//7540 5784//7540 5783//7540
f 5814//7541 5783//7541 5831//7541
f 5872//7542 5873//7542 5874//7542
f 5873//7543 5872//7543 5875//7543
f 5872//7544 5876//7544 5875//7544
f 5875//7545 5876//7545 5877//7545
f 5875//7546 5877//7546 5878//7546
f 5878//7547 5877//7547 5879//7547
f 5878//7548 5879//7548 5880//7548
f 5881//7549 5874//7549 5882//7549
f 5882//7550 5874//7550 5873//7550
f 5882//7551 5873//7551 5883//7551
f 5883//7552 5873//7552 5875//7552
f 5884//7553 5881//7553 5885//7553
f 5885//7554 5881//7554 5882//7554
f 5885//7555 5882//7555 5886//7555
f 5886//7556 5882//7556 5883//7556
f 5886//7557 5883//7557 5887//7557
f 5887//7558 5883//7558 5875//7558
f 5887//7559 5875//7559 5888//7559
f 5888//7560 5875//7560 5878//7560
f 5888//7561 5878//7561 5889//7561
f 5889//7562 5878//7562 5880//7562
f 5889//7563 5880//7563 5890//7563
f 5681//7564 5680//7564 5733//7564
f 5733//7565 5680//7565 5891//7565
f 5733//7566 5891//7566 5775//7566
f 5775//7567 5891//7567 5892//7567
f 5775//7568 5892//7568 5702//7568
f 5702//7569 5892//7569 5893//7569
f 5702//7570 5893//7570 5703//7570
f 5703//7571 5893//7571 5894//7571
f 5703//7572 5894//7572 5692//7572
f 5692//7573 3780//7573 5895//7573
f 5895//7574 5884//7574 5692//7574
f 5692//7575 5884//7575 5885//7575
f 5692//7576 5885//7576 5771//7576
f 5771//7577 5885//7577 5886//7577
f 5771//7578 5886//7578 5770//7578
f 5770//7579 5886//7579 5887//7579
f 5770//7580 5887//7580 5769//7580
f 5769//7581 5887//7581 5888//7581
f 5769//7582 5888//7582 5772//7582
f 5772//7583 5888//7583 5889//7583
f 5772//7584 5889//7584 5776//7584
f 5776//7585 5889//7585 5890//7585
f 5776//7586 5890//7586 5780//7586
f 5895//7587 3780//7587 3770//7587
f 5670//7588 5739//7588 5740//7588
f 5740//7589 5739//7589 5782//7589
f 5740//7590 5782//7590 5859//7590
f 5859//7591 5782//7591 5781//7591
f 5859//7592 5781//7592 5858//7592
f 5858//7593 5781//7593 5780//7593
f 5858//7594 5780//7594 5857//7594
f 5857//7595 5780//7595 5890//7595
f 5857//7596 5890//7596 5856//7596
f 5856//7597 5890//7597 5880//7597
f 5856//7598 5880//7598 5855//7598
f 5855//7599 5880//7599 5879//7599
f 5855//7600 5879//7600 5854//7600
f 5854//7601 5879//7601 5877//7601
f 5854//7602 5877//7602 5853//7602
f 5853//7603 5877//7603 5876//7603
f 5853//7604 5876//7604 5852//7604
f 5852//7605 5876//7605 5872//7605
f 5852//7606 5872//7606 5851//7606
f 5851//7607 5872//7607 5874//7607
f 5851//7608 5874//7608 5850//7608
f 5850//7609 5874//7609 5881//7609
f 5850//7610 5881//7610 5849//7610
f 5849//7611 5881//7611 5884//7611
f 5849//7612 5884//7612 5694//7612
f 5694//7613 5884//7613 5895//7613
f 5694//7614 5895//7614 5695//7614
f 5695//7615 5895//7615 3770//7615
f 5695//7616 3770//7616 3771//7616
f 3419//7617 3421//7617 5805//7617
f 5805//7618 3421//7618 3422//7618
f 5805//7619 3422//7619 5811//7619
f 5811//7620 3422//7620 5721//7620
f 5811//7621 5721//7621 5707//7621
f 5707//7622 5721//7622 3426//7622
f 5707//7623 3426//7623 3428//7623
f 5680//7624 5683//7624 5891//7624
f 5891//7625 5683//7625 5777//7625
f 5891//7626 5777//7626 5892//7626
f 5892//7627 5777//7627 5778//7627
f 5892//7628 5778//7628 5893//7628
f 5893//7629 5778//7629 5779//7629
f 5893//7630 5779//7630 5894//7630
f 5894//7631 5779//7631 3511//7631
f 5894//7632 3511//7632 5692//7632
f 5692//7633 3511//7633 3510//7633
f 3381//7634 3379//7634 5728//7634
f 5728//7635 3379//7635 5726//7635
f 5728//7636 5726//7636 5785//7636
f 5785//7637 5726//7637 5727//7637
f 5785//7638 5727//7638 5783//7638
f 5783//7639 5727//7639 5806//7639
f 5783//7640 5806//7640 5831//7640
f 5831//7641 5806//7641 5807//7641
f 5831//7642 5807//7642 5832//7642
f 5832//7643 5807//7643 5808//7643
f 5832//7644 5808//7644 5833//7644
f 5833//7645 5808//7645 5809//7645
f 5833//7646 5809//7646 5812//7646
f 5812//7647 5809//7647 5810//7647
f 5812//7648 5810//7648 5700//7648
f 5700//7649 5810//7649 5811//7649
f 5700//7650 5811//7650 5699//7650
f 5699//7651 5811//7651 5707//7651
f 5699//7652 5707//7652 5697//7652
f 5697//7653 5707//7653 3430//7653
f 5697//7654 3430//7654 3432//7654
f 5757//7655 5758//7655 5896//7655
f 5896//7656 5758//7656 5759//7656
f 5755//7657 5756//7657 5897//7657
f 5690//7658 5689//7658 5755//7658
f 5755//7659 5897//7659 5690//7659
f 5690//7660 5897//7660 5898//7660
f 5690//7661 5898//7661 5691//7661
f 5691//7662 5898//7662 5899//7662
f 5691//7663 5899//7663 5688//7663
f 5899//7664 5900//7664 5901//7664
f 5688//7665 5899//7665 5685//7665
f 5685//7666 5899//7666 5901//7666
f 5685//7667 5901//7667 5686//7667
f 5902//7668 5903//7668 5900//7668
f 5904//7669 5905//7669 5906//7669
f 5906//7670 5905//7670 5903//7670
f 5904//7671 5906//7671 5907//7671
f 5907//7672 5906//7672 5908//7672
f 5907//7673 5908//7673 5909//7673
f 5909//7674 5908//7674 5910//7674
f 5909//7675 5910//7675 3594//7675
f 5903//7676 5902//7676 5906//7676
f 5906//7677 5902//7677 5911//7677
f 5906//7678 5911//7678 5908//7678
f 5908//7679 5911//7679 5896//7679
f 5908//7680 5896//7680 5910//7680
f 5910//7681 5896//7681 5759//7681
f 5910//7682 5759//7682 3594//7682
f 5900//7683 5899//7683 5902//7683
f 5902//7684 5899//7684 5898//7684
f 5902//7685 5898//7685 5911//7685
f 5911//7686 5898//7686 5897//7686
f 5911//7687 5897//7687 5896//7687
f 5896//7688 5897//7688 5756//7688
f 5896//7689 5756//7689 5757//7689
f 5912//7690 5913//7690 5914//7690
f 3828//7691 3837//7691 5915//7691
f 3836//7692 3832//7692 5916//7692
f 3832//7693 3831//7693 5916//7693
f 5916//7694 3831//7694 5917//7694
f 5916//7695 5917//7695 5918//7695
f 5918//7696 5917//7696 5919//7696
f 3838//7697 3839//7697 5920//7697
f 5920//7698 3839//7698 3829//7698
f 5909//7699 5921//7699 5907//7699
f 5907//7700 5921//7700 5922//7700
f 5907//7701 5922//7701 5904//7701
f 5904//7702 5922//7702 5923//7702
f 5904//7703 5923//7703 5905//7703
f 5924//7704 5921//7704 5925//7704
f 5925//7705 5921//7705 5909//7705
f 5925//7706 5909//7706 3594//7706
f 3837//7707 3836//7707 5915//7707
f 5915//7708 3836//7708 5916//7708
f 5915//7709 5916//7709 5914//7709
f 5914//7710 5916//7710 5918//7710
f 5914//7711 5918//7711 5912//7711
f 5912//7712 5918//7712 5919//7712
f 5912//7713 5919//7713 5926//7713
f 3601//7714 3838//7714 3603//7714
f 3603//7715 3838//7715 5920//7715
f 3603//7716 5920//7716 3605//7716
f 3605//7717 5920//7717 5927//7717
f 3605//7718 5927//7718 3606//7718
f 3606//7719 5927//7719 5924//7719
f 3606//7720 5924//7720 3598//7720
f 3598//7721 5924//7721 5925//7721
f 3598//7722 5925//7722 3599//7722
f 3599//7723 5925//7723 3594//7723
f 3829//7724 3828//7724 5920//7724
f 5920//7725 3828//7725 5915//7725
f 5920//7726 5915//7726 5927//7726
f 5927//7727 5915//7727 5914//7727
f 5927//7728 5914//7728 5924//7728
f 5924//7729 5914//7729 5913//7729
f 5924//7730 5913//7730 5921//7730
f 5921//7731 5913//7731 5912//7731
f 5921//7732 5912//7732 5922//7732
f 5922//7733 5912//7733 5926//7733
f 5922//7734 5926//7734 5923//7734
f 5928//7735 5929//7735 5930//7735
f 5928//7736 5930//7736 5931//7736
f 5931//7737 5932//7737 5933//7737
f 5933//7738 5932//7738 5934//7738
f 5933//7739 5934//7739 5935//7739
f 5935//7740 5934//7740 5936//7740
f 5936//7741 5934//7741 5937//7741
f 5936//7742 5937//7742 5938//7742
f 5939//7743 5938//7743 5940//7743
f 5940//7744 5938//7744 5937//7744
f 5940//7745 5937//7745 5941//7745
f 5942//7746 5943//7746 5944//7746
f 5945//7747 5941//7747 5946//7747
f 5946//7748 5941//7748 5937//7748
f 5946//7749 5937//7749 5947//7749
f 5947//7750 5937//7750 5934//7750
f 5947//7751 5934//7751 5948//7751
f 5948//7752 5934//7752 5932//7752
f 5943//7753 5945//7753 5944//7753
f 5944//7754 5945//7754 5946//7754
f 5944//7755 5946//7755 5949//7755
f 5949//7756 5946//7756 5947//7756
f 5949//7757 5947//7757 5950//7757
f 5950//7758 5947//7758 5948//7758
f 5931//7759 5930//7759 5932//7759
f 5932//7760 5930//7760 5951//7760
f 5932//7761 5951//7761 5948//7761
f 5948//7762 5951//7762 5952//7762
f 5948//7763 5952//7763 5950//7763
f 5950//7764 5952//7764 5953//7764
f 5950//7765 5953//7765 5954//7765
f 5942//7766 5944//7766 5955//7766
f 5955//7767 5944//7767 5949//7767
f 5955//7768 5949//7768 5956//7768
f 5956//7769 5949//7769 5950//7769
f 5956//7770 5950//7770 5957//7770
f 5957//7771 5950//7771 5954//7771
f 5957//7772 5954//7772 5958//7772
f 5959//7773 5952//7773 5960//7773
f 5960//7774 5952//7774 5951//7774
f 5960//7775 5951//7775 5961//7775
f 5961//7776 5951//7776 5930//7776
f 5961//7777 5930//7777 5962//7777
f 5962//7778 5930//7778 5929//7778
f 5963//7779 5958//7779 5964//7779
f 5964//7779 5958//7779 5954//7779
f 5964//7780 5954//7780 5959//7780
f 5959//7781 5954//7781 5953//7781
f 5959//7782 5953//7782 5952//7782
f 5965//7783 5966//7783 5967//7783
f 5968//7784 5969//7784 5970//7784
f 5971//7785 5972//7785 5973//7785
f 5971//7786 5973//7786 5974//7786
f 5974//7787 5973//7787 5975//7787
f 5974//7788 5975//7788 5976//7788
f 5976//7789 5975//7789 5977//7789
f 5976//7790 5977//7790 5978//7790
f 5978//7791 5977//7791 5979//7791
f 5979//7792 5977//7792 5980//7792
f 5979//7793 5980//7793 5981//7793
f 5962//7794 5981//7794 5961//7794
f 5961//7795 5981//7795 5980//7795
f 5961//7796 5980//7796 5960//7796
f 5963//7797 5964//7797 5982//7797
f 5973//7798 5968//7798 5975//7798
f 5975//7799 5968//7799 5970//7799
f 5975//7800 5970//7800 5977//7800
f 5977//7801 5970//7801 5983//7801
f 5977//7802 5983//7802 5980//7802
f 5980//7803 5983//7803 5984//7803
f 5980//7804 5984//7804 5960//7804
f 5960//7805 5984//7805 5959//7805
f 5969//7806 5965//7806 5970//7806
f 5970//7807 5965//7807 5967//7807
f 5970//7808 5967//7808 5983//7808
f 5983//7809 5967//7809 5985//7809
f 5983//7810 5985//7810 5984//7810
f 5984//7811 5985//7811 5982//7811
f 5984//7812 5982//7812 5959//7812
f 5959//7813 5982//7813 5964//7813
f 5963//7814 5982//7814 5986//7814
f 5986//7815 5982//7815 5985//7815
f 5986//7816 5985//7816 5987//7816
f 5987//7817 5985//7817 5967//7817
f 5987//7818 5967//7818 5988//7818
f 5988//7819 5967//7819 5966//7819
f 5988//7820 5966//7820 5989//7820
f 5990//7821 5991//7821 5992//7821
f 5990//7822 5992//7822 5993//7822
f 5993//7823 5994//7823 5995//7823
f 5995//7824 5994//7824 5996//7824
f 5995//7825 5996//7825 5997//7825
f 5997//7826 5996//7826 5998//7826
f 5998//7827 5996//7827 5999//7827
f 5998//7828 5999//7828 6000//7828
f 6001//7829 6000//7829 6002//7829
f 6002//7830 6000//7830 5999//7830
f 6002//7831 5999//7831 6003//7831
f 6004//7832 6005//7832 6006//7832
f 6005//7833 6003//7833 6006//7833
f 6006//7834 6003//7834 5999//7834
f 6006//7835 5999//7835 6007//7835
f 6007//7836 5999//7836 5996//7836
f 6007//7837 5996//7837 6008//7837
f 6008//7838 5996//7838 5994//7838
f 6009//7839 6004//7839 6010//7839
f 6010//7840 6004//7840 6006//7840
f 6010//7841 6006//7841 6011//7841
f 6011//7842 6006//7842 6007//7842
f 6011//7843 6007//7843 6012//7843
f 6012//7844 6007//7844 6008//7844
f 5993//7845 5992//7845 5994//7845
f 5994//7846 5992//7846 6013//7846
f 5994//7847 6013//7847 6008//7847
f 6008//7848 6013//7848 6014//7848
f 6008//7849 6014//7849 6012//7849
f 6012//7849 6014//7849 6015//7849
f 6012//7850 6015//7850 6016//7850
f 6009//7851 6010//7851 6017//7851
f 6017//7852 6010//7852 6011//7852
f 6017//7853 6011//7853 6018//7853
f 6018//7854 6011//7854 6012//7854
f 6018//7855 6012//7855 6019//7855
f 6019//7856 6012//7856 6016//7856
f 6019//7857 6016//7857 6020//7857
f 6021//7858 6014//7858 6022//7858
f 6022//7859 6014//7859 6013//7859
f 6022//7859 6013//7859 6023//7859
f 6023//7860 6013//7860 5992//7860
f 6023//7861 5992//7861 6024//7861
f 6024//7862 5992//7862 5991//7862
f 6025//7863 6020//7863 6026//7863
f 6026//7863 6020//7863 6016//7863
f 6026//7864 6016//7864 6021//7864
f 6021//7865 6016//7865 6015//7865
f 6021//7858 6015//7858 6014//7858
f 6027//7866 6028//7866 6029//7866
f 6027//7867 6029//7867 6030//7867
f 6030//7868 6031//7868 6032//7868
f 6032//7869 6031//7869 6033//7869
f 6032//7870 6033//7870 6034//7870
f 6034//7871 6033//7871 6035//7871
f 6035//7872 6033//7872 6036//7872
f 6035//7873 6036//7873 6037//7873
f 6024//7874 6037//7874 6023//7874
f 6023//7875 6037//7875 6036//7875
f 6023//7876 6036//7876 6022//7876
f 6025//7877 6026//7877 6038//7877
f 6021//7878 6022//7878 6039//7878
f 6039//7879 6022//7879 6036//7879
f 6039//7880 6036//7880 6040//7880
f 6040//7881 6036//7881 6033//7881
f 6040//7882 6033//7882 6041//7882
f 6041//7883 6033//7883 6031//7883
f 6026//7884 6021//7884 6038//7884
f 6038//7885 6021//7885 6039//7885
f 6038//7886 6039//7886 6042//7886
f 6042//7887 6039//7887 6040//7887
f 6042//7888 6040//7888 6043//7888
f 6043//7889 6040//7889 6041//7889
f 6030//7890 6029//7890 6031//7890
f 6031//7891 6029//7891 6044//7891
f 6031//7892 6044//7892 6041//7892
f 6041//7893 6044//7893 6045//7893
f 6041//7894 6045//7894 6043//7894
f 6043//7895 6045//7895 6046//7895
f 6043//7896 6046//7896 6047//7896
f 6025//7897 6038//7897 6048//7897
f 6048//7898 6038//7898 6042//7898
f 6048//7899 6042//7899 6049//7899
f 6049//7900 6042//7900 6043//7900
f 6049//7901 6043//7901 6050//7901
f 6050//7902 6043//7902 6047//7902
f 6050//7903 6047//7903 6051//7903
f 6051//7904 6052//7904 6053//7904
f 6051//7905 6053//7905 6050//7905
f 6050//7906 6053//7906 6054//7906
f 6050//7907 6054//7907 6049//7907
f 6049//7908 6054//7908 6055//7908
f 6049//7909 6055//7909 6048//7909
f 6048//7910 6055//7910 6056//7910
f 6048//7911 6056//7911 6025//7911
f 6057//5060 6020//5060 6025//5060
f 6058//7912 6059//7912 6060//7912
f 6060//5060 6059//5060 6057//5060
f 6060//5060 6057//5060 6056//5060
f 6056//5060 6057//5060 6025//5060
f 6020//7913 6057//7913 6061//7913
f 6020//7914 6061//7914 6019//7914
f 6019//7915 6061//7915 6062//7915
f 6019//7916 6062//7916 6018//7916
f 6018//7917 6062//7917 6063//7917
f 6018//7918 6063//7918 6017//7918
f 6017//7919 6063//7919 6064//7919
f 6017//7920 6064//7920 6009//7920
f 5989//7921 6009//7921 6065//7921
f 6065//7921 6009//7921 6064//7921
f 5972//7922 6001//7922 5973//7922
f 5973//7923 6001//7923 6002//7923
f 6009//7924 5989//7924 6004//7924
f 6004//7924 5989//7924 5966//7924
f 6004//7925 5966//7925 6005//7925
f 6005//7926 5966//7926 5965//7926
f 6005//7927 5965//7927 6003//7927
f 6003//7927 5965//7927 5969//7927
f 6003//7928 5969//7928 6002//7928
f 6002//7928 5969//7928 5968//7928
f 6002//7929 5968//7929 5973//7929
f 5935//7930 4099//7930 5933//7930
f 5933//7931 4099//7931 5931//7931
f 5981//7930 5962//7930 5551//7930
f 5551//7930 5962//7930 5929//7930
f 5551//7930 5929//7930 4099//7930
f 4099//7932 5929//7932 5928//7932
f 4099//7933 5928//7933 5931//7933
f 6030//7934 6032//7934 3807//7934
f 3807//7935 6032//7935 6034//7935
f 3807//7930 6034//7930 6035//7930
f 5990//7934 5993//7934 3809//7934
f 3809//7930 5993//7930 5995//7930
f 3809//7930 5995//7930 5997//7930
f 5687//7936 5978//7936 5551//7936
f 5551//7930 5978//7930 5979//7930
f 5551//7935 5979//7935 5981//7935
f 4100//7930 4098//7930 4097//7930
f 5917//7930 3831//7930 3830//7930
f 5919//7934 6000//7934 5926//7934
f 5926//7930 6000//7930 6001//7930
f 5926//7934 6001//7934 5923//7934
f 5972//7934 5971//7934 5903//7934
f 5903//7930 5971//7930 5974//7930
f 5903//7930 5974//7930 5900//7930
f 5900//7934 5974//7934 5976//7934
f 5900//7937 5976//7937 5901//7937
f 5901//7934 5976//7934 5978//7934
f 5901//7934 5978//7934 5686//7934
f 5686//7934 5978//7934 5687//7934
f 4096//7934 4100//7934 5939//7934
f 5939//7930 4100//7930 4097//7930
f 5939//7934 4097//7934 5938//7934
f 5938//7931 4097//7931 4099//7931
f 5938//7930 4099//7930 5936//7930
f 5936//7930 4099//7930 5935//7930
f 4096//7930 5939//7930 3794//7930
f 3794//7930 5939//7930 6028//7930
f 3794//7930 6028//7930 3796//7930
f 3796//7934 6028//7934 6027//7934
f 3796//7934 6027//7934 3799//7934
f 6030//7930 3807//7930 6027//7930
f 6027//7934 3807//7934 3803//7934
f 6027//7930 3803//7930 3799//7930
f 6035//7935 6037//7935 3807//7935
f 3807//7930 6037//7930 6024//7930
f 3807//7930 6024//7930 3809//7930
f 3809//7930 6024//7930 5991//7930
f 3809//7930 5991//7930 5990//7930
f 3830//7938 3809//7938 5917//7938
f 5917//7934 3809//7934 5997//7934
f 5917//7934 5997//7934 5919//7934
f 5919//7934 5997//7934 5998//7934
f 5919//7930 5998//7930 6000//7930
f 5972//7934 5903//7934 6001//7934
f 6001//7930 5903//7930 5905//7930
f 6001//7934 5905//7934 5923//7934
f 6029//7939 6028//7939 5939//7939
f 6029//7940 5939//7940 6044//7940
f 5945//7941 6045//7941 5941//7941
f 5941//7942 6045//7942 6044//7942
f 5941//7942 6044//7942 5940//7942
f 5940//7943 6044//7943 5939//7943
f 5942//7944 6051//7944 5943//7944
f 5943//7944 6051//7944 6047//7944
f 5943//7945 6047//7945 5945//7945
f 5945//7946 6047//7946 6046//7946
f 5945//7941 6046//7941 6045//7941
f 6066//7947 6052//7947 5942//7947
f 5942//7947 6052//7947 6051//7947
f 5958//7948 6067//7948 6068//7948
f 5958//7949 6068//7949 5957//7949
f 5957//7950 6068//7950 6069//7950
f 5957//7951 6069//7951 5956//7951
f 5956//7952 6069//7952 6070//7952
f 5956//7953 6070//7953 5955//7953
f 5955//7954 6070//7954 6066//7954
f 5955//7955 6066//7955 5942//7955
f 6071//6776 6072//6776 6073//6776
f 5958//6776 5963//6776 6067//6776
f 6067//6776 5963//6776 6071//6776
f 6067//6776 6071//6776 6074//6776
f 6074//6776 6071//6776 6073//6776
usemtl rubber
f 4//3 7//3 8//3
f 9//4 10//4 11//4
f 12//5 13//5 14//5
f 7//13 4//13 24//13
f 59//61 60//61 61//61
f 97//99 98//99 99//99
f 100//100 101//100 102//100
f 102//101 101//101 103//101
f 102//102 103//102 104//102
f 104//103 103//103 105//103
f 104//104 105//104 106//104
f 106//105 105//105 107//105
f 106//106 107//106 108//106
f 108//107 107//107 109//107
f 109//108 110//108 108//108
f 108//109 110//109 111//109
f 108//110 111//110 98//110
f 98//111 111//111 112//111
f 98//112 112//112 99//112
f 100//113 102//113 113//113
f 113//114 102//114 114//114
f 113//115 114//115 115//115
f 116//116 117//116 114//116
f 114//117 117//117 118//117
f 114//118 118//118 115//118
f 119//119 120//119 121//119
f 121//120 120//120 122//120
f 121//121 122//121 116//121
f 116//122 122//122 123//122
f 116//123 123//123 117//123
f 14//124 124//124 12//124
f 12//125 124//125 125//125
f 12//126 125//126 126//126
f 126//127 125//127 127//127
f 126//128 127//128 128//128
f 128//129 127//129 129//129
f 128//130 129//130 130//130
f 130//131 129//131 131//131
f 130//132 131//132 132//132
f 132//133 131//133 133//133
f 133//134 134//134 132//134
f 132//135 134//135 135//135
f 132//136 135//136 136//136
f 136//137 135//137 137//137
f 136//138 137//138 138//138
f 138//139 137//139 139//139
f 138//140 139//140 140//140
f 140//141 139//141 141//141
f 140//142 141//142 142//142
f 142//143 141//143 143//143
f 142//144 143//144 119//144
f 119//145 143//145 144//145
f 119//146 144//146 120//146
f 145//147 146//147 147//147
f 147//148 146//148 148//148
f 147//149 148//149 149//149
f 150//150 151//150 152//150
f 152//151 151//151 153//151
f 152//152 153//152 154//152
f 154//153 153//153 149//153
f 154//154 149//154 155//154
f 155//155 149//155 148//155
f 156//156 157//156 158//156
f 157//157 159//157 160//157
f 160//158 159//158 161//158
f 160//159 161//159 162//159
f 162//160 161//160 163//160
f 162//161 163//161 164//161
f 164//162 163//162 165//162
f 164//163 165//163 166//163
f 166//164 165//164 167//164
f 166//165 167//165 168//165
f 168//166 167//166 169//166
f 168//167 169//167 145//167
f 145//168 169//168 170//168
f 145//169 170//169 146//169
f 171//170 172//170 173//170
f 173//171 172//171 174//171
f 173//172 174//172 175//172
f 176//173 177//173 178//173
f 178//174 177//174 179//174
f 178//175 179//175 180//175
f 180//176 179//176 181//176
f 180//177 181//177 182//177
f 182//178 181//178 183//178
f 182//179 183//179 171//179
f 171//180 183//180 184//180
f 171//181 184//181 172//181
f 185//182 186//182 187//182
f 156//183 158//183 188//183
f 188//184 158//184 189//184
f 188//185 189//185 190//185
f 190//186 189//186 191//186
f 190//187 191//187 192//187
f 192//188 191//188 193//188
f 192//189 193//189 194//189
f 194//190 193//190 195//190
f 194//191 195//191 41//191
f 157//194 160//194 158//194
f 158//195 160//195 197//195
f 158//196 197//196 189//196
f 189//197 197//197 198//197
f 189//198 198//198 191//198
f 191//199 198//199 199//199
f 191//200 199//200 193//200
f 151//205 21//205 153//205
f 153//206 21//206 22//206
f 153//207 22//207 149//207
f 149//208 22//208 23//208
f 149//209 23//209 147//209
f 147//210 23//210 38//210
f 147//211 38//211 145//211
f 145//212 38//212 36//212
f 145//213 36//213 168//213
f 168//214 36//214 34//214
f 168//215 34//215 166//215
f 166//216 34//216 32//216
f 166//217 32//217 164//217
f 164//218 32//218 30//218
f 164//219 30//219 162//219
f 162//220 30//220 28//220
f 162//221 28//221 160//221
f 160//222 28//222 8//222
f 160//223 8//223 197//223
f 197//224 8//224 7//224
f 197//225 7//225 198//225
f 198//226 7//226 24//226
f 198//227 24//227 199//227
f 185//232 187//232 202//232
f 202//233 187//233 203//233
f 202//234 203//234 204//234
f 204//235 203//235 205//235
f 204//236 205//236 206//236
f 20//237 9//237 15//237
f 15//238 9//238 11//238
f 15//239 11//239 70//239
f 70//240 11//240 207//240
f 70//241 207//241 73//241
f 73//242 207//242 208//242
f 73//243 208//243 75//243
f 75//244 208//244 209//244
f 75//245 209//245 78//245
f 78//246 209//246 210//246
f 78//247 210//247 80//247
f 80//248 210//248 211//248
f 80//249 211//249 82//249
f 82//250 211//250 212//250
f 82//251 212//251 84//251
f 84//252 212//252 213//252
f 84//253 213//253 86//253
f 86//254 213//254 214//254
f 86//255 214//255 87//255
f 87//256 214//256 215//256
f 87//257 215//257 63//257
f 63//258 215//258 216//258
f 63//259 216//259 65//259
f 65//260 216//260 217//260
f 65//261 217//261 67//261
f 67//262 217//262 218//262
f 67//263 218//263 94//263
f 94//264 218//264 219//264
f 94//265 219//265 92//265
f 92//266 219//266 220//266
f 92//267 220//267 90//267
f 90//268 220//268 221//268
f 90//269 221//269 59//269
f 59//270 221//270 222//270
f 59//271 222//271 60//271
f 60//272 222//272 223//272
f 60//273 223//273 224//273
f 224//274 223//274 225//274
f 224//275 225//275 226//275
f 226//276 225//276 227//276
f 226//277 227//277 228//277
f 228//278 227//278 229//278
f 228//279 229//279 230//279
f 230//280 229//280 231//280
f 230//281 231//281 45//281
f 45//282 231//282 232//282
f 45//283 232//283 43//283
f 43//284 232//284 233//284
f 43//285 233//285 41//285
f 41//286 233//286 206//286
f 41//287 206//287 194//287
f 194//288 206//288 205//288
f 194//289 205//289 192//289
f 192//290 205//290 203//290
f 192//291 203//291 190//291
f 190//292 203//292 187//292
f 190//293 187//293 188//293
f 188//294 187//294 186//294
f 188//295 186//295 156//295
f 99//296 234//296 97//296
f 97//297 234//297 235//297
f 97//298 235//298 174//298
f 174//299 235//299 236//299
f 174//300 236//300 175//300
f 226//301 237//301 224//301
f 224//302 237//302 238//302
f 224//303 238//303 60//303
f 60//304 238//304 239//304
f 60//305 239//305 61//305
f 230//310 242//310 228//310
f 228//311 242//311 243//311
f 228//312 243//312 226//312
f 226//313 243//313 244//313
f 226//314 244//314 237//314
f 10//315 13//315 11//315
f 11//316 13//316 12//316
f 11//317 12//317 207//317
f 207//318 12//318 126//318
f 207//319 126//319 208//319
f 208//320 126//320 128//320
f 208//321 128//321 209//321
f 209//322 128//322 130//322
f 209//323 130//323 210//323
f 210//324 130//324 132//324
f 210//325 132//325 211//325
f 211//326 132//326 136//326
f 211//327 136//327 212//327
f 212//328 136//328 138//328
f 212//329 138//329 213//329
f 213//330 138//330 140//330
f 213//331 140//331 214//331
f 214//332 140//332 142//332
f 214//333 142//333 215//333
f 215//334 142//334 119//334
f 215//335 119//335 216//335
f 216//336 119//336 121//336
f 216//337 121//337 217//337
f 217//338 121//338 116//338
f 217//339 116//339 218//339
f 218//340 116//340 114//340
f 218//341 114//341 219//341
f 219//342 114//342 102//342
f 219//343 102//343 220//343
f 220//344 102//344 104//344
f 220//345 104//345 221//345
f 221//346 104//346 106//346
f 221//347 106//347 222//347
f 222//348 106//348 108//348
f 222//349 108//349 223//349
f 223//350 108//350 98//350
f 223//351 98//351 225//351
f 225//352 98//352 97//352
f 225//353 97//353 227//353
f 227//354 97//354 174//354
f 227//355 174//355 229//355
f 229//356 174//356 172//356
f 229//357 172//357 231//357
f 231//358 172//358 184//358
f 231//359 184//359 232//359
f 232//360 184//360 183//360
f 232//361 183//361 233//361
f 233//362 183//362 181//362
f 233//363 181//363 206//363
f 206//364 181//364 179//364
f 206//365 179//365 204//365
f 204//366 179//366 177//366
f 204//367 177//367 202//367
f 202//368 177//368 176//368
f 202//369 176//369 185//369
f 245//370 246//370 247//370
f 253//373 151//373 150//373
f 254//374 255//374 256//374
f 9//377 20//377 260//377
f 14//379 13//379 261//379
f 261//380 13//380 262//380
f 21//381 151//381 263//381
f 263//382 151//382 253//382
f 263//383 253//383 264//383
f 255//384 254//384 265//384
f 265//385 254//385 258//385
f 265//386 258//386 266//386
f 266//387 258//387 267//387
f 266//388 267//388 268//388
f 268//389 267//389 269//389
f 268//390 269//390 270//390
f 270//391 269//391 271//391
f 270//392 271//392 272//392
f 272//393 271//393 273//393
f 272//394 273//394 274//394
f 274//395 273//395 275//395
f 274//396 275//396 276//396
f 276//397 275//397 277//397
f 276//398 277//398 278//398
f 150//399 279//399 253//399
f 253//400 279//400 278//400
f 253//401 278//401 264//401
f 264//402 278//402 277//402
f 280//404 254//404 256//404
f 280//405 256//405 281//405
f 281//406 256//406 282//406
f 281//407 282//407 283//407
f 268//408 284//408 266//408
f 266//409 284//409 285//409
f 266//410 285//410 265//410
f 265//411 285//411 286//411
f 265//412 286//412 255//412
f 255//413 286//413 287//413
f 255//414 287//414 256//414
f 256//415 287//415 288//415
f 256//416 288//416 282//416
f 279//417 289//417 278//417
f 278//418 289//418 290//418
f 278//419 290//419 276//419
f 276//420 290//420 291//420
f 276//421 291//421 274//421
f 274//422 291//422 292//422
f 274//423 292//423 272//423
f 272//424 292//424 293//424
f 272//425 293//425 270//425
f 270//426 293//426 294//426
f 270//427 294//427 268//427
f 268//428 294//428 295//428
f 268//429 295//429 284//429
f 296//430 297//430 298//430
f 298//431 297//431 299//431
f 298//432 299//432 300//432
f 300//433 299//433 301//433
f 300//434 301//434 302//434
f 13//435 10//435 262//435
f 262//436 10//436 303//436
f 262//437 303//437 304//437
f 304//438 303//438 305//438
f 304//439 305//439 306//439
f 307//440 308//440 309//440
f 309//441 308//441 310//441
f 309//442 310//442 311//442
f 311//443 310//443 312//443
f 311//444 312//444 313//444
f 313//445 312//445 314//445
f 313//446 314//446 315//446
f 315//447 314//447 316//447
f 315//448 316//448 317//448
f 317//449 316//449 318//449
f 317//450 318//450 319//450
f 319//451 318//451 320//451
f 319//452 320//452 321//452
f 321//453 320//453 322//453
f 321//454 322//454 323//454
f 323//455 322//455 324//455
f 323//456 324//456 325//456
f 326//457 327//457 328//457
f 328//458 327//458 329//458
f 328//459 329//459 330//459
f 330//460 329//460 331//460
f 330//461 331//461 332//461
f 332//462 331//462 333//462
f 332//463 333//463 334//463
f 334//464 333//464 335//464
f 334//465 335//465 336//465
f 246//466 337//466 247//466
f 247//467 337//467 336//467
f 247//468 336//468 338//468
f 338//469 336//469 335//469
f 339//470 308//470 326//470
f 326//471 308//471 307//471
f 326//472 307//472 327//472
f 340//473 318//473 341//473
f 341//474 318//474 316//474
f 341//475 316//475 342//475
f 342//476 316//476 314//476
f 342//477 314//477 343//477
f 343//478 314//478 344//478
f 339//479 345//479 308//479
f 308//480 345//480 346//480
f 308//481 346//481 310//481
f 310//482 346//482 347//482
f 310//483 347//483 312//483
f 312//484 347//484 348//484
f 312//485 348//485 314//485
f 314//486 348//486 349//486
f 314//487 349//487 344//487
f 305//488 325//488 306//488
f 306//489 325//489 324//489
f 306//490 324//490 350//490
f 350//491 324//491 322//491
f 350//492 322//492 351//492
f 351//493 322//493 320//493
f 350//494 352//494 306//494
f 306//495 352//495 353//495
f 306//496 353//496 304//496
f 304//497 353//497 354//497
f 304//498 354//498 262//498
f 262//499 354//499 355//499
f 262//500 355//500 261//500
f 340//501 356//501 318//501
f 318//502 356//502 357//502
f 318//503 357//503 320//503
f 320//504 357//504 358//504
f 320//505 358//505 351//505
f 337//506 359//506 336//506
f 336//507 359//507 360//507
f 336//508 360//508 334//508
f 334//509 360//509 361//509
f 334//510 361//510 332//510
f 332//511 361//511 362//511
f 332//512 362//512 330//512
f 330//513 362//513 363//513
f 330//514 363//514 328//514
f 328//515 363//515 364//515
f 328//516 364//516 326//516
f 326//517 364//517 365//517
f 326//518 365//518 339//518
f 433//589 432//589 434//589
f 433//590 434//590 296//590
f 296//591 434//591 435//591
f 296//592 435//592 297//592
f 432//600 438//600 439//600
f 432//601 439//601 434//601
f 434//602 439//602 440//602
f 434//603 440//603 435//603
f 438//627 280//627 281//627
f 438//628 281//628 439//628
f 439//629 281//629 283//629
f 439//630 283//630 440//630
f 445//643 433//643 296//643
f 445//644 296//644 446//644
f 446//645 296//645 298//645
f 446//646 298//646 447//646
f 447//647 298//647 300//647
f 447//648 300//648 448//648
f 448//649 300//649 302//649
f 448//650 302//650 449//650
f 449//651 302//651 450//651
f 449//652 450//652 451//652
f 451//653 450//653 452//653
f 451//654 452//654 453//654
f 301//671 470//671 302//671
f 302//672 470//672 471//672
f 302//673 471//673 450//673
f 450//674 471//674 245//674
f 450//675 245//675 452//675
f 452//676 245//676 247//676
f 452//677 247//677 453//677
f 453//678 247//678 338//678
f 10//679 9//679 303//679
f 303//680 9//680 260//680
f 303//681 260//681 305//681
f 305//682 260//682 394//682
f 305//683 394//683 325//683
f 325//684 394//684 396//684
f 325//685 396//685 323//685
f 323//686 396//686 398//686
f 323//687 398//687 321//687
f 321//688 398//688 399//688
f 321//689 399//689 319//689
f 319//690 399//690 401//690
f 319//691 401//691 317//691
f 317//692 401//692 403//692
f 317//693 403//693 315//693
f 315//694 403//694 384//694
f 315//695 384//695 313//695
f 313//696 384//696 386//696
f 313//697 386//697 311//697
f 311//698 386//698 388//698
f 311//699 388//699 309//699
f 309//700 388//700 390//700
f 309//701 390//701 307//701
f 307//702 390//702 381//702
f 307//703 381//703 327//703
f 327//704 381//704 372//704
f 327//705 372//705 329//705
f 329//707 374//707 331//707
f 331//708 374//708 376//708
f 331//709 376//709 333//709
f 333//710 376//710 378//710
f 333//711 378//711 335//711
f 335//712 378//712 369//712
f 472//734 473//734 474//734
f 472//735 474//735 475//735
f 476//735 477//735 478//735
f 478//735 477//735 479//735
f 478//734 479//734 480//734
f 481//735 482//735 483//735
f 483//735 482//735 484//735
f 483//734 484//734 476//734
f 476//734 484//734 485//734
f 476//735 485//735 477//735
f 486//736 487//736 488//736
f 488//735 487//735 489//735
f 488//735 489//735 490//735
f 490//737 489//737 491//737
f 490//735 491//735 492//735
f 492//735 491//735 475//735
f 492//735 475//735 493//735
f 493//735 475//735 474//735
f 486//737 494//737 487//737
f 487//738 494//738 495//738
f 487//735 495//735 496//735
f 496//734 495//734 497//734
f 496//734 497//734 498//734
f 498//735 497//735 499//735
f 498//735 499//735 500//735
f 500//735 499//735 501//735
f 500//735 501//735 502//735
f 502//735 501//735 503//735
f 502//735 503//735 504//735
f 504//735 503//735 505//735
f 504//735 505//735 506//735
f 506//735 505//735 507//735
f 506//734 507//734 508//734
f 508//735 507//735 509//735
f 508//739 509//739 510//739
f 510//735 509//735 511//735
f 510//735 511//735 512//735
f 512//735 511//735 513//735
f 512//734 513//734 514//734
f 514//735 513//735 515//735
f 514//735 515//735 481//735
f 481//735 515//735 516//735
f 481//735 516//735 482//735
f 517//740 518//740 519//740
f 518//741 517//741 520//741
f 520//742 517//742 521//742
f 520//743 521//743 522//743
f 523//744 519//744 524//744
f 525//745 521//745 523//745
f 523//746 521//746 517//746
f 523//747 517//747 519//747
f 526//748 527//748 528//748
f 528//749 527//749 529//749
f 528//750 529//750 530//750
f 530//751 529//751 531//751
f 530//752 531//752 523//752
f 523//753 531//753 532//753
f 523//754 532//754 525//754
f 533//755 534//755 535//755
f 535//756 534//756 536//756
f 535//757 536//757 537//757
f 537//758 536//758 538//758
f 537//759 538//759 539//759
f 535//760 540//760 533//760
f 533//761 540//761 541//761
f 533//762 541//762 542//762
f 542//763 541//763 543//763
f 524//764 544//764 523//764
f 523//765 544//765 545//765
f 523//766 545//766 530//766
f 530//767 545//767 546//767
f 530//768 546//768 528//768
f 546//769 547//769 528//769
f 528//770 547//770 548//770
f 528//771 548//771 526//771
f 526//772 548//772 543//772
f 526//773 543//773 549//773
f 549//774 543//774 541//774
f 549//775 541//775 550//775
f 550//776 541//776 540//776
f 550//777 540//777 551//777
f 551//778 540//778 535//778
f 551//779 535//779 552//779
f 552//780 535//780 537//780
f 552//781 537//781 553//781
f 553//782 537//782 539//782
f 553//783 539//783 554//783
f 555//784 556//784 557//784
f 557//784 556//784 558//784
f 519//784 518//784 524//784
f 524//785 518//785 559//785
f 524//784 559//784 544//784
f 544//784 559//784 560//784
f 544//784 560//784 545//784
f 545//785 560//785 561//785
f 545//784 561//784 546//784
f 546//784 561//784 562//784
f 546//786 562//786 547//786
f 547//784 562//784 548//784
f 563//784 564//784 565//784
f 565//784 564//784 566//784
f 565//787 566//787 567//787
f 567//784 566//784 568//784
f 567//784 568//784 569//784
f 569//784 568//784 570//784
f 569//784 570//784 571//784
f 571//788 570//788 572//788
f 571//788 572//788 573//788
f 573//784 572//784 574//784
f 573//784 574//784 558//784
f 558//789 574//789 575//789
f 558//784 575//784 557//784
f 562//784 576//784 548//784
f 548//784 576//784 577//784
f 548//784 577//784 543//784
f 543//784 577//784 578//784
f 543//784 578//784 542//784
f 542//784 578//784 579//784
f 542//784 579//784 533//784
f 533//784 579//784 580//784
f 533//784 580//784 534//784
f 534//784 580//784 581//784
f 534//784 581//784 536//784
f 536//784 581//784 582//784
f 536//784 582//784 538//784
f 538//784 582//784 583//784
f 538//784 583//784 584//784
f 584//784 583//784 585//784
f 584//784 585//784 586//784
f 586//785 585//785 587//785
f 586//785 587//785 588//785
f 588//785 587//785 589//785
f 588//784 589//784 563//784
f 563//784 589//784 590//784
f 563//784 590//784 564//784
f 591//790 592//790 593//790
f 593//791 592//791 554//791
f 593//792 554//792 539//792
f 591//793 593//793 594//793
f 594//794 593//794 595//794
f 594//795 595//795 596//795
f 597//796 598//796 596//796
f 596//797 598//797 599//797
f 596//798 599//798 594//798
f 600//799 601//799 602//799
f 602//800 601//800 603//800
f 602//801 603//801 604//801
f 604//802 603//802 605//802
f 556//803 606//803 558//803
f 558//804 606//804 607//804
f 558//805 607//805 573//805
f 569//806 571//806 603//806
f 603//807 571//807 573//807
f 603//808 573//808 605//808
f 605//809 573//809 607//809
f 605//810 607//810 608//810
f 608//811 607//811 606//811
f 608//812 606//812 609//812
f 569//813 603//813 567//813
f 567//814 603//814 601//814
f 567//815 601//815 565//815
f 565//816 601//816 600//816
f 565//817 600//817 597//817
f 597//818 600//818 610//818
f 597//819 610//819 598//819
f 539//820 538//820 593//820
f 593//821 538//821 584//821
f 593//822 584//822 595//822
f 595//823 584//823 586//823
f 595//824 586//824 596//824
f 596//825 586//825 588//825
f 596//826 588//826 597//826
f 597//827 588//827 563//827
f 597//828 563//828 565//828
f 556//829 555//829 611//829
f 556//830 611//830 606//830
f 606//831 611//831 612//831
f 606//832 612//832 609//832
f 610//734 600//734 613//734
f 614//735 604//735 605//735
f 610//734 613//734 598//734
f 604//735 614//735 602//735
f 602//735 614//735 615//735
f 602//735 615//735 600//735
f 600//735 615//735 616//735
f 600//734 616//734 613//734
f 609//735 612//735 608//735
f 608//735 612//735 617//735
f 608//734 617//734 605//734
f 605//735 617//735 618//735
f 605//735 618//735 614//735
f 613//735 619//735 598//735
f 598//735 619//735 620//735
f 598//735 620//735 599//735
f 599//735 620//735 621//735
f 599//735 621//735 594//735
f 522//735 521//735 622//735
f 622//734 521//734 525//734
f 622//735 525//735 623//735
f 623//735 525//735 532//735
f 623//735 532//735 624//735
f 624//735 532//735 531//735
f 624//735 531//735 625//735
f 625//735 531//735 529//735
f 625//735 529//735 626//735
f 626//735 529//735 527//735
f 626//738 527//738 627//738
f 627//739 527//739 526//739
f 627//734 526//734 628//734
f 628//734 526//734 549//734
f 628//735 549//735 629//735
f 629//734 549//734 550//734
f 629//737 550//737 630//737
f 630//735 550//735 551//735
f 630//735 551//735 631//735
f 631//735 551//735 552//735
f 631//734 552//734 632//734
f 632//734 552//734 553//734
f 632//734 553//734 633//734
f 633//735 553//735 554//735
f 633//735 554//735 592//735
f 594//735 621//735 591//735
f 591//735 621//735 634//735
f 591//735 634//735 592//735
f 592//735 634//735 635//735
f 592//735 635//735 633//735
f 636//833 637//833 638//833
f 638//834 637//834 639//834
f 638//835 639//835 640//835
f 637//785 636//785 641//785
f 641//784 636//784 642//784
f 641//784 642//784 643//784
f 643//784 642//784 644//784
f 645//785 646//785 647//785
f 642//784 648//784 644//784
f 644//785 648//785 649//785
f 644//784 649//784 650//784
f 650//784 649//784 651//784
f 650//784 651//784 652//784
f 645//785 647//785 653//785
f 653//784 647//784 654//784
f 653//784 654//784 655//784
f 655//784 654//784 656//784
f 655//784 656//784 657//784
f 658//784 659//784 660//784
f 657//784 656//784 661//784
f 661//784 656//784 662//784
f 661//784 662//784 663//784
f 663//784 662//784 664//784
f 663//784 664//784 665//784
f 665//784 664//784 666//784
f 665//784 666//784 667//784
f 667//785 666//785 668//785
f 667//785 668//785 669//785
f 669//785 668//785 670//785
f 669//785 670//785 671//785
f 652//784 651//784 672//784
f 672//784 651//784 673//784
f 672//785 673//785 674//785
f 674//785 673//785 675//785
f 674//785 675//785 676//785
f 676//784 675//784 677//784
f 676//784 677//784 659//784
f 659//784 677//784 678//784
f 659//784 678//784 660//784
f 658//784 660//784 679//784
f 679//785 660//785 680//785
f 679//785 680//785 681//785
f 681//785 680//785 682//785
f 681//785 682//785 683//785
f 670//784 684//784 671//784
f 671//784 684//784 685//784
f 671//784 685//784 686//784
f 686//784 685//784 687//784
f 686//784 687//784 688//784
f 688//784 687//784 689//784
f 688//784 689//784 690//784
f 690//784 689//784 691//784
f 691//784 689//784 692//784
f 691//785 692//785 693//785
f 692//836 694//836 693//836
f 693//837 694//837 695//837
f 693//785 695//785 683//785
f 683//838 695//838 696//838
f 683//784 696//784 681//784
f 642//839 697//839 648//839
f 698//840 699//840 700//840
f 700//841 701//841 698//841
f 698//842 701//842 702//842
f 698//843 702//843 703//843
f 703//844 702//844 704//844
f 700//845 693//845 701//845
f 701//846 693//846 683//846
f 701//847 683//847 702//847
f 702//848 683//848 682//848
f 702//849 682//849 704//849
f 704//850 682//850 680//850
f 704//851 680//851 705//851
f 705//852 680//852 660//852
f 705//853 660//853 706//853
f 706//854 707//854 708//854
f 708//855 707//855 709//855
f 708//856 709//856 710//856
f 710//857 709//857 711//857
f 710//858 711//858 712//858
f 712//859 711//859 713//859
f 713//860 711//860 714//860
f 713//861 714//861 715//861
f 715//862 714//862 716//862
f 715//863 716//863 717//863
f 648//864 697//864 649//864
f 649//865 697//865 718//865
f 649//866 718//866 716//866
f 716//867 718//867 719//867
f 716//868 719//868 717//868
f 636//869 638//869 720//869
f 636//870 720//870 642//870
f 642//871 720//871 721//871
f 642//872 721//872 697//872
f 697//873 721//873 722//873
f 697//874 722//874 718//874
f 706//875 660//875 707//875
f 707//876 660//876 678//876
f 707//877 678//877 709//877
f 709//878 678//878 677//878
f 709//879 677//879 711//879
f 711//880 677//880 675//880
f 711//881 675//881 714//881
f 714//882 675//882 673//882
f 714//883 673//883 716//883
f 716//884 673//884 651//884
f 716//885 651//885 649//885
f 723//735 724//735 725//735
f 725//735 724//735 726//735
f 725//735 726//735 727//735
f 728//735 706//735 729//735
f 729//735 706//735 708//735
f 729//735 708//735 730//735
f 730//735 708//735 710//735
f 730//735 710//735 731//735
f 731//734 710//734 712//734
f 731//734 712//734 732//734
f 732//735 712//735 713//735
f 732//735 713//735 733//735
f 733//735 713//735 715//735
f 733//735 715//735 734//735
f 715//734 717//734 734//734
f 734//735 717//735 719//735
f 734//734 719//734 735//734
f 735//735 719//735 718//735
f 735//735 718//735 736//735
f 736//734 718//734 722//734
f 736//735 722//735 737//735
f 737//734 722//734 721//734
f 737//734 721//734 640//734
f 640//735 721//735 720//735
f 640//886 720//886 638//886
f 727//734 726//734 738//734
f 738//735 726//735 739//735
f 738//734 739//734 740//734
f 740//734 739//734 741//734
f 740//735 741//735 742//735
f 741//735 743//735 742//735
f 742//738 743//738 744//738
f 742//735 744//735 745//735
f 745//735 744//735 746//735
f 745//735 746//735 747//735
f 747//735 746//735 748//735
f 747//735 748//735 749//735
f 749//735 748//735 750//735
f 749//887 750//887 751//887
f 751//734 750//734 752//734
f 751//735 752//735 753//735
f 753//739 752//739 754//739
f 753//735 754//735 755//735
f 755//734 754//734 756//734
f 755//735 756//735 757//735
f 757//737 756//737 758//737
f 757//734 758//734 759//734
f 759//735 758//735 760//735
f 759//735 760//735 761//735
f 761//735 760//735 762//735
f 761//735 762//735 763//735
f 763//735 762//735 764//735
f 765//734 698//734 766//734
f 766//735 698//735 703//735
f 766//735 703//735 767//735
f 767//735 703//735 704//735
f 767//735 704//735 728//735
f 728//735 704//735 705//735
f 728//735 705//735 706//735
f 768//888 769//888 699//888
f 765//735 771//735 698//735
f 698//735 771//735 772//735
f 698//738 772//738 699//738
f 699//738 772//738 773//738
f 699//889 773//889 768//889
f 770//734 774//734 699//734
f 699//734 774//734 775//734
f 699//735 775//735 762//735
f 762//735 775//735 776//735
f 762//735 776//735 764//735
f 777//890 778//890 779//890
f 778//890 777//890 780//890
f 781//890 782//890 783//890
f 783//890 782//890 784//890
f 785//891 786//891 787//891
f 788//892 789//892 790//892
f 782//893 781//893 791//893
f 782//894 791//894 789//894
f 788//895 790//895 792//895
f 792//896 790//896 793//896
f 792//897 793//897 794//897
f 795//898 796//898 797//898
f 797//899 796//899 798//899
f 797//900 798//900 799//900
f 799//901 798//901 794//901
f 799//902 794//902 800//902
f 800//903 794//903 793//903
f 800//904 793//904 801//904
f 802//905 803//905 804//905
f 804//906 803//906 805//906
f 804//907 805//907 795//907
f 804//908 785//908 802//908
f 802//909 785//909 787//909
f 802//910 787//910 806//910
f 806//911 787//911 807//911
f 806//912 807//912 808//912
f 808//913 807//913 809//913
f 786//914 810//914 787//914
f 787//915 810//915 811//915
f 787//916 811//916 807//916
f 807//917 811//917 812//917
f 807//918 812//918 809//918
f 809//919 812//919 813//919
f 809//920 813//920 814//920
f 814//921 813//921 815//921
f 816//922 817//922 815//922
f 815//923 817//923 818//923
f 815//924 818//924 814//924
f 799//925 819//925 797//925
f 797//926 819//926 820//926
f 797//927 820//927 795//927
f 795//928 820//928 821//928
f 795//929 821//929 804//929
f 804//930 821//930 822//930
f 804//931 822//931 785//931
f 789//932 791//932 790//932
f 790//933 791//933 823//933
f 790//934 823//934 793//934
f 793//935 823//935 824//935
f 793//936 824//936 801//936
f 778//787 780//787 825//787
f 825//784 780//784 826//784
f 827//784 828//784 819//784
f 819//784 828//784 820//784
f 820//785 828//785 829//785
f 820//784 829//784 821//784
f 830//784 831//784 832//784
f 829//784 833//784 821//784
f 821//785 833//785 834//785
f 821//787 834//787 822//787
f 822//785 834//785 835//785
f 822//785 835//785 785//785
f 785//937 835//937 836//937
f 785//838 836//838 786//838
f 786//785 836//785 837//785
f 786//785 837//785 810//785
f 819//784 799//784 827//784
f 827//784 799//784 800//784
f 827//784 800//784 838//784
f 838//785 800//785 801//785
f 838//785 801//785 839//785
f 831//784 830//784 840//784
f 840//784 830//784 841//784
f 840//938 841//938 842//938
f 842//784 841//784 843//784
f 842//784 843//784 844//784
f 844//784 843//784 845//784
f 844//784 845//784 846//784
f 846//784 845//784 847//784
f 846//784 847//784 848//784
f 848//784 847//784 849//784
f 848//784 849//784 850//784
f 850//787 849//787 851//787
f 850//784 851//784 852//784
f 852//784 851//784 853//784
f 852//789 853//789 854//789
f 854//785 853//785 855//785
f 854//784 855//784 826//784
f 826//784 855//784 856//784
f 826//785 856//785 825//785
f 781//784 783//784 791//784
f 791//784 783//784 857//784
f 791//784 857//784 823//784
f 823//784 857//784 839//784
f 823//785 839//785 824//785
f 824//784 839//784 801//784
f 837//785 858//785 810//785
f 810//785 858//785 859//785
f 810//785 859//785 811//785
f 811//784 859//784 860//784
f 811//789 860//789 812//789
f 861//784 862//784 863//784
f 863//785 864//785 861//785
f 861//938 864//938 865//938
f 861//785 865//785 832//785
f 832//784 865//784 866//784
f 832//784 866//784 830//784
f 867//784 868//784 815//784
f 815//788 868//788 869//788
f 815//784 869//784 816//784
f 816//785 869//785 870//785
f 816//785 870//785 862//785
f 862//784 870//784 871//784
f 862//939 871//939 863//939
f 812//785 860//785 813//785
f 813//784 860//784 872//784
f 813//784 872//784 815//784
f 815//785 872//785 873//785
f 815//787 873//787 867//787
f 832//940 874//940 861//940
f 844//941 875//941 842//941
f 876//942 877//942 878//942
f 877//943 876//943 879//943
f 842//944 875//944 840//944
f 874//945 832//945 880//945
f 880//946 881//946 882//946
f 882//947 881//947 883//947
f 880//948 832//948 881//948
f 881//949 832//949 831//949
f 881//950 831//950 883//950
f 875//951 884//951 885//951
f 831//952 840//952 883//952
f 883//953 840//953 875//953
f 883//954 875//954 886//954
f 886//955 875//955 885//955
f 884//956 875//956 887//956
f 887//957 875//957 844//957
f 887//958 844//958 888//958
f 879//959 889//959 888//959
f 888//960 889//960 890//960
f 888//961 890//961 887//961
f 780//962 777//962 826//962
f 826//963 777//963 891//963
f 826//964 891//964 878//964
f 878//965 891//965 892//965
f 878//966 892//966 876//966
f 844//967 846//967 888//967
f 888//968 846//968 848//968
f 888//969 848//969 879//969
f 879//970 848//970 850//970
f 879//971 850//971 877//971
f 877//972 850//972 852//972
f 877//973 852//973 878//973
f 878//974 852//974 854//974
f 878//975 854//975 826//975
f 880//976 893//976 874//976
f 874//977 893//977 894//977
f 874//978 894//978 861//978
f 861//979 894//979 818//979
f 861//980 818//980 862//980
f 862//981 818//981 817//981
f 862//982 817//982 816//982
f 895//735 876//735 892//735
f 777//735 779//735 891//735
f 891//735 779//735 896//735
f 891//887 896//887 892//887
f 892//735 896//735 897//735
f 892//735 897//735 895//735
f 784//735 782//735 898//735
f 898//735 782//735 789//735
f 898//735 789//735 899//735
f 899//735 789//735 788//735
f 899//734 788//734 900//734
f 876//735 895//735 879//735
f 879//734 895//734 901//734
f 879//734 901//734 889//734
f 889//735 901//735 902//735
f 889//735 902//735 890//735
f 890//735 902//735 903//735
f 890//735 903//735 887//735
f 887//734 903//734 904//734
f 887//735 904//735 884//735
f 884//734 904//734 905//734
f 884//887 905//887 885//887
f 885//734 905//734 886//734
f 886//735 905//735 906//735
f 886//735 906//735 883//735
f 883//735 906//735 907//735
f 883//735 907//735 882//735
f 882//735 907//735 908//735
f 882//735 908//735 880//735
f 880//735 908//735 909//735
f 880//735 909//735 893//735
f 900//735 788//735 910//735
f 910//737 788//737 792//737
f 910//737 792//737 911//737
f 911//734 792//734 794//734
f 911//734 794//734 912//734
f 912//734 794//734 798//734
f 912//735 798//735 913//735
f 913//735 798//735 796//735
f 913//735 796//735 914//735
f 914//734 796//734 795//734
f 914//734 795//734 915//734
f 915//734 795//734 805//734
f 915//735 805//735 916//735
f 916//735 805//735 803//735
f 916//734 803//734 917//734
f 917//735 803//735 802//735
f 917//738 802//738 918//738
f 918//735 802//735 806//735
f 918//734 806//734 919//734
f 919//734 806//734 808//734
f 919//734 808//734 920//734
f 920//735 808//735 809//735
f 920//735 809//735 921//735
f 809//734 814//734 921//734
f 921//735 814//735 818//735
f 921//735 818//735 922//735
f 922//735 818//735 894//735
f 922//735 894//735 923//735
f 923//734 894//734 893//734
f 923//983 893//983 924//983
f 924//984 893//984 909//984
f 925//985 926//985 927//985
f 927//986 926//986 928//986
f 927//987 928//987 929//987
f 930//785 931//785 932//785
f 932//785 931//785 933//785
f 932//785 933//785 934//785
f 934//784 933//784 935//784
f 934//784 935//784 936//784
f 936//784 935//784 937//784
f 936//784 937//784 938//784
f 939//785 940//785 941//785
f 941//785 940//785 942//785
f 941//784 942//784 943//784
f 943//784 942//784 944//784
f 943//785 944//785 945//785
f 946//785 947//785 948//785
f 948//784 947//784 949//784
f 948//784 949//784 950//784
f 950//784 949//784 951//784
f 950//784 951//784 952//784
f 929//784 928//784 953//784
f 953//784 928//784 954//784
f 953//787 954//787 955//787
f 955//784 954//784 956//784
f 955//785 956//785 957//785
f 957//785 956//785 958//785
f 957//784 958//784 939//784
f 939//788 958//788 959//788
f 939//785 959//785 940//785
f 937//784 960//784 938//784
f 938//785 960//785 961//785
f 938//785 961//785 962//785
f 962//785 961//785 963//785
f 961//784 964//784 963//784
f 963//988 964//988 965//988
f 963//785 965//785 952//785
f 952//788 965//788 966//788
f 952//788 966//788 950//788
f 944//938 967//938 945//938
f 945//785 967//785 968//785
f 945//785 968//785 969//785
f 969//785 968//785 970//785
f 969//785 970//785 971//785
f 971//784 970//784 972//784
f 971//784 972//784 973//784
f 973//784 972//784 974//784
f 973//784 974//784 975//784
f 975//784 974//784 976//784
f 975//784 976//784 977//784
f 977//784 976//784 978//784
f 977//784 978//784 979//784
f 979//785 978//785 980//785
f 979//785 980//785 981//785
f 981//784 980//784 982//784
f 981//784 982//784 983//784
f 932//784 984//784 930//784
f 930//784 984//784 985//784
f 930//784 985//784 986//784
f 986//784 985//784 987//784
f 986//785 987//785 988//785
f 988//784 987//784 989//784
f 988//784 989//784 983//784
f 983//785 989//785 990//785
f 983//785 990//785 981//785
f 946//989 991//989 947//989
f 947//990 991//990 992//990
f 947//987 992//987 993//987
f 983//991 994//991 988//991
f 988//992 994//992 995//992
f 988//993 995//993 986//993
f 996//994 997//994 998//994
f 991//995 946//995 948//995
f 992//996 991//996 999//996
f 999//997 991//997 1000//997
f 999//998 1000//998 1001//998
f 1002//999 1003//999 1000//999
f 1000//1000 1003//1000 1004//1000
f 1000//1001 1004//1001 1001//1001
f 991//1002 948//1002 1000//1002
f 1000//1003 948//1003 950//1003
f 1000//1004 950//1004 1002//1004
f 950//1005 966//1005 1002//1005
f 1002//1006 966//1006 965//1006
f 1002//1007 965//1007 1005//1007
f 1005//1008 965//1008 964//1008
f 1006//1009 1007//1009 1008//1009
f 1008//1010 1007//1010 1009//1010
f 935//1011 933//1011 1010//1011
f 1010//1012 933//1012 931//1012
f 1010//1013 931//1013 1006//1013
f 1006//1014 931//1014 930//1014
f 1006//1015 930//1015 1007//1015
f 1007//1016 930//1016 986//1016
f 1007//1017 986//1017 1009//1017
f 1009//1018 986//1018 995//1018
f 1009//1019 995//1019 1011//1019
f 1011//1020 995//1020 994//1020
f 1011//1021 994//1021 1012//1021
f 983//1022 982//1022 994//1022
f 994//1023 982//1023 1013//1023
f 994//1024 1013//1024 1012//1024
f 961//1025 997//1025 964//1025
f 964//1026 997//1026 996//1026
f 964//1027 996//1027 1005//1027
f 1006//1028 1014//1028 1010//1028
f 1010//1029 1014//1029 1015//1029
f 1010//1030 1015//1030 935//1030
f 935//1031 1015//1031 998//1031
f 935//1032 998//1032 937//1032
f 937//1033 998//1033 997//1033
f 937//1034 997//1034 960//1034
f 960//1035 997//1035 961//1035
f 976//1036 1016//1036 978//1036
f 958//1037 956//1037 1017//1037
f 1018//1038 1019//1038 1020//1038
f 1020//1039 1019//1039 1021//1039
f 1022//1040 1012//1040 1023//1040
f 1023//1041 1012//1041 1013//1041
f 1024//1042 1025//1042 1026//1042
f 1026//1043 1025//1043 1027//1043
f 974//1044 972//1044 1028//1044
f 1028//1045 972//1045 970//1045
f 1028//1046 970//1046 968//1046
f 1029//1047 1030//1047 1028//1047
f 1028//1048 1030//1048 1027//1048
f 1028//1049 1027//1049 974//1049
f 974//1050 1027//1050 1025//1050
f 974//1051 1025//1051 976//1051
f 976//1052 1025//1052 1024//1052
f 976//1053 1024//1053 1016//1053
f 1016//1054 1024//1054 1022//1054
f 1016//1055 1022//1055 978//1055
f 978//1056 1022//1056 1023//1056
f 978//1057 1023//1057 980//1057
f 980//1058 1023//1058 1013//1058
f 980//1059 1013//1059 982//1059
f 940//1060 959//1060 1031//1060
f 1017//1061 1032//1061 1033//1061
f 959//1062 958//1062 1031//1062
f 1031//1063 958//1063 1017//1063
f 1031//1064 1017//1064 1034//1064
f 1034//1065 1017//1065 1033//1065
f 956//1066 954//1066 1017//1066
f 1017//1067 954//1067 928//1067
f 1017//1068 928//1068 926//1068
f 926//1069 925//1069 1017//1069
f 1017//1070 925//1070 1035//1070
f 1017//1071 1035//1071 1032//1071
f 1031//1072 1018//1072 940//1072
f 940//1073 1018//1073 1020//1073
f 940//1074 1020//1074 942//1074
f 942//1075 1020//1075 944//1075
f 1029//1076 1028//1076 1021//1076
f 1021//1077 1028//1077 968//1077
f 1021//1078 968//1078 1020//1078
f 1020//1079 968//1079 967//1079
f 1020//1080 967//1080 944//1080
f 1036//739 993//739 992//739
f 1021//734 1019//734 1037//734
f 925//734 927//734 1035//734
f 1035//735 927//735 1038//735
f 1003//735 1039//735 1004//735
f 1004//738 1039//738 1040//738
f 1004//738 1040//738 1001//738
f 1001//735 1040//735 1036//735
f 1001//738 1036//738 999//738
f 999//738 1036//738 992//738
f 1037//734 1019//734 1041//734
f 1041//735 1019//735 1018//735
f 1041//735 1018//735 1042//735
f 1042//734 1018//734 1031//734
f 1042//735 1031//735 1043//735
f 1043//735 1031//735 1034//735
f 1043//735 1034//735 1044//735
f 1044//735 1034//735 1033//735
f 1044//734 1033//734 1038//734
f 1038//734 1033//734 1032//734
f 1038//735 1032//735 1035//735
f 1011//734 1045//734 1009//734
f 1009//734 1045//734 1046//734
f 1009//734 1046//734 1008//734
f 1008//735 1046//735 1047//735
f 1008//735 1047//735 1006//735
f 1006//735 1047//735 1048//735
f 1006//735 1048//735 1014//735
f 1014//735 1048//735 1049//735
f 1014//735 1049//735 1015//735
f 1015//734 1049//734 1050//734
f 1015//734 1050//734 998//734
f 998//735 1050//735 1051//735
f 998//735 1051//735 996//735
f 996//735 1051//735 1052//735
f 996//735 1052//735 1005//735
f 1005//735 1052//735 1053//735
f 1005//735 1053//735 1002//735
f 1002//735 1053//735 1054//735
f 1002//735 1054//735 1003//735
f 1003//738 1054//738 1055//738
f 1003//739 1055//739 1039//739
f 1037//735 1056//735 1021//735
f 1021//735 1056//735 1057//735
f 1021//735 1057//735 1029//735
f 1029//734 1057//734 1058//734
f 1029//734 1058//734 1030//734
f 1030//735 1058//735 1059//735
f 1030//735 1059//735 1027//735
f 1027//735 1059//735 1060//735
f 1027//735 1060//735 1026//735
f 1026//735 1060//735 1061//735
f 1026//735 1061//735 1024//735
f 1024//735 1061//735 1062//735
f 1024//735 1062//735 1022//735
f 1022//735 1062//735 1012//735
f 1062//735 1063//735 1012//735
f 1012//735 1063//735 1064//735
f 1012//735 1064//735 1011//735
f 1011//735 1064//735 1065//735
f 1011//734 1065//734 1045//734
f 1066//1081 1067//1081 1068//1081
f 1068//1082 1067//1082 1069//1082
f 1068//1083 1069//1083 1070//1083
f 1071//1084 1072//1084 1073//1084
f 1074//1085 1075//1085 1076//1085
f 1077//1086 1078//1086 1079//1086
f 1079//1087 1078//1087 1080//1087
f 1079//1088 1080//1088 1081//1088
f 1077//1089 1079//1089 1082//1089
f 1082//1090 1079//1090 1083//1090
f 1082//1091 1083//1091 1084//1091
f 1084//1092 1083//1092 1085//1092
f 1084//1093 1085//1093 1086//1093
f 1085//1094 1087//1094 1086//1094
f 1086//1095 1087//1095 1088//1095
f 1086//1096 1088//1096 1089//1096
f 1089//1097 1088//1097 1090//1097
f 1089//1098 1090//1098 1091//1098
f 1092//1099 1093//1099 1094//1099
f 1094//1100 1093//1100 1095//1100
f 1094//1101 1095//1101 1096//1101
f 1096//1102 1095//1102 1097//1102
f 1097//1103 1095//1103 1098//1103
f 1097//1104 1098//1104 1074//1104
f 1074//1105 1098//1105 1075//1105
f 1075//1106 1098//1106 1099//1106
f 1075//1107 1099//1107 1076//1107
f 1076//1108 1099//1108 1100//1108
f 1076//1109 1100//1109 1101//1109
f 1102//1110 1103//1110 1072//1110
f 1072//1111 1103//1111 1101//1111
f 1072//1112 1101//1112 1073//1112
f 1073//1113 1101//1113 1100//1113
f 1071//1114 1104//1114 1072//1114
f 1072//1115 1104//1115 1105//1115
f 1072//1116 1105//1116 1102//1116
f 1085//1117 1106//1117 1087//1117
f 1087//1118 1106//1118 1107//1118
f 1087//1119 1107//1119 1088//1119
f 1088//1120 1107//1120 1092//1120
f 1088//1121 1092//1121 1090//1121
f 1090//1122 1092//1122 1094//1122
f 1090//1123 1094//1123 1091//1123
f 1081//1081 1080//1081 1108//1081
f 1108//1124 1080//1124 1078//1124
f 1108//1125 1078//1125 1109//1125
f 1110//785 1111//785 1106//785
f 1112//784 1113//784 1114//784
f 1114//784 1113//784 1066//784
f 1066//784 1113//784 1115//784
f 1066//784 1115//784 1067//784
f 1106//785 1111//785 1107//785
f 1107//784 1111//784 1116//784
f 1107//937 1116//937 1092//937
f 1116//785 1117//785 1092//785
f 1092//787 1117//787 1118//787
f 1092//784 1118//784 1093//784
f 1093//784 1118//784 1119//784
f 1093//784 1119//784 1095//784
f 1095//785 1119//785 1120//785
f 1095//784 1120//784 1098//784
f 1106//784 1085//784 1110//784
f 1110//784 1085//784 1083//784
f 1110//784 1083//784 1121//784
f 1121//784 1083//784 1079//784
f 1121//784 1079//784 1122//784
f 1122//784 1079//784 1081//784
f 1122//784 1081//784 1108//784
f 1120//785 1123//785 1098//785
f 1098//785 1123//785 1124//785
f 1098//784 1124//784 1099//784
f 1099//784 1124//784 1125//784
f 1099//784 1125//784 1100//784
f 1100//785 1125//785 1126//785
f 1100//785 1126//785 1073//785
f 1073//784 1126//784 1127//784
f 1073//784 1127//784 1071//784
f 1071//784 1127//784 1128//784
f 1071//784 1128//784 1104//784
f 1104//784 1128//784 1129//784
f 1104//784 1129//784 1130//784
f 1130//784 1129//784 1131//784
f 1130//784 1131//784 1132//784
f 1132//784 1131//784 1133//784
f 1132//784 1133//784 1134//784
f 1134//785 1133//785 1135//785
f 1134//785 1135//785 1136//785
f 1136//784 1135//784 1137//784
f 1136//784 1137//784 1138//784
f 1138//784 1137//784 1139//784
f 1138//788 1139//788 1140//788
f 1140//784 1139//784 1141//784
f 1140//784 1141//784 1142//784
f 1142//784 1141//784 1143//784
f 1142//784 1143//784 1144//784
f 1144//784 1143//784 1145//784
f 1144//784 1145//784 1146//784
f 1146//784 1145//784 1147//784
f 1146//784 1147//784 1148//784
f 1148//784 1147//784 1149//784
f 1148//784 1149//784 1150//784
f 1150//784 1149//784 1112//784
f 1150//784 1112//784 1151//784
f 1151//784 1112//784 1114//784
f 1132//1126 1152//1126 1130//1126
f 1138//1127 1153//1127 1136//1127
f 1068//1128 1070//1128 1154//1128
f 1155//1129 1153//1129 1156//1129
f 1152//1130 1132//1130 1157//1130
f 1104//1131 1130//1131 1105//1131
f 1105//1132 1130//1132 1152//1132
f 1105//1133 1152//1133 1102//1133
f 1102//1134 1152//1134 1157//1134
f 1136//1135 1153//1135 1134//1135
f 1134//1136 1153//1136 1155//1136
f 1134//1137 1155//1137 1132//1137
f 1132//1138 1155//1138 1158//1138
f 1132//1139 1158//1139 1157//1139
f 1156//1140 1153//1140 1159//1140
f 1159//1141 1153//1141 1138//1141
f 1159//1142 1138//1142 1160//1142
f 1161//1143 1162//1143 1163//1143
f 1163//1144 1162//1144 1164//1144
f 1163//1145 1164//1145 1165//1145
f 1165//1146 1164//1146 1166//1146
f 1165//1147 1166//1147 1167//1147
f 1167//1148 1166//1148 1168//1148
f 1066//1149 1068//1149 1114//1149
f 1114//1150 1068//1150 1154//1150
f 1114//1151 1154//1151 1151//1151
f 1151//1152 1154//1152 1169//1152
f 1151//1153 1169//1153 1150//1153
f 1138//1154 1140//1154 1160//1154
f 1160//1155 1140//1155 1142//1155
f 1160//1156 1142//1156 1168//1156
f 1168//1157 1142//1157 1144//1157
f 1168//1158 1144//1158 1167//1158
f 1167//1159 1144//1159 1146//1159
f 1167//1160 1146//1160 1165//1160
f 1165//1161 1146//1161 1148//1161
f 1165//1162 1148//1162 1163//1162
f 1163//1163 1148//1163 1150//1163
f 1163//1164 1150//1164 1161//1164
f 1161//1165 1150//1165 1169//1165
f 1109//735 1078//735 1170//735
f 1170//735 1078//735 1077//735
f 1170//735 1077//735 1171//735
f 1070//735 1069//735 1172//735
f 1077//735 1082//735 1171//735
f 1171//734 1082//734 1084//734
f 1171//735 1084//735 1173//735
f 1173//735 1084//735 1086//735
f 1173//886 1086//886 1174//886
f 1174//734 1086//734 1175//734
f 1175//734 1086//734 1089//734
f 1175//735 1089//735 1176//735
f 1176//735 1089//735 1091//735
f 1176//735 1091//735 1177//735
f 1177//735 1091//735 1094//735
f 1177//738 1094//738 1178//738
f 1178//735 1094//735 1096//735
f 1178//735 1096//735 1179//735
f 1179//735 1096//735 1097//735
f 1179//735 1097//735 1180//735
f 1070//734 1172//734 1154//734
f 1154//735 1172//735 1181//735
f 1154//735 1181//735 1169//735
f 1169//735 1181//735 1182//735
f 1169//735 1182//735 1161//735
f 1161//734 1182//734 1183//734
f 1161//734 1183//734 1162//734
f 1162//735 1183//735 1184//735
f 1162//735 1184//735 1164//735
f 1164//734 1184//734 1185//734
f 1164//734 1185//734 1166//734
f 1166//735 1185//735 1186//735
f 1166//735 1186//735 1168//735
f 1168//735 1186//735 1187//735
f 1168//735 1187//735 1160//735
f 1187//737 1188//737 1160//737
f 1160//735 1188//735 1189//735
f 1160//735 1189//735 1159//735
f 1159//735 1189//735 1190//735
f 1159//735 1190//735 1156//735
f 1156//734 1190//734 1191//734
f 1156//734 1191//734 1155//734
f 1180//735 1097//735 1192//735
f 1192//737 1097//737 1074//737
f 1192//734 1074//734 1193//734
f 1103//735 1102//735 1194//735
f 1074//735 1076//735 1193//735
f 1193//735 1076//735 1101//735
f 1193//735 1101//735 1195//735
f 1195//735 1101//735 1103//735
f 1195//735 1103//735 1196//735
f 1196//734 1103//734 1194//734
f 1191//734 1197//734 1155//734
f 1155//734 1197//734 1198//734
f 1155//734 1198//734 1158//734
f 1158//735 1198//735 1199//735
f 1158//735 1199//735 1157//735
f 1157//735 1199//735 1200//735
f 1157//734 1200//734 1102//734
f 1102//734 1200//734 1201//734
f 1102//735 1201//735 1194//735
f 1202//784 1203//784 1204//784
f 1204//787 1203//787 1205//787
f 1204//787 1205//787 1206//787
f 1207//784 1208//784 1209//784
f 1209//784 1208//784 1210//784
f 1209//784 1210//784 1211//784
f 1211//784 1210//784 1212//784
f 1211//784 1212//784 1213//784
f 1213//785 1212//785 1214//785
f 1213//784 1214//784 1215//784
f 1215//784 1214//784 1216//784
f 1215//784 1216//784 1217//784
f 1217//784 1216//784 1218//784
f 1217//784 1218//784 1219//784
f 1219//787 1218//787 1220//787
f 1219//784 1220//784 1221//784
f 1205//784 1222//784 1206//784
f 1206//784 1222//784 1223//784
f 1206//784 1223//784 1224//784
f 1224//787 1223//787 1225//787
f 1224//787 1225//787 1226//787
f 1226//1166 1225//1166 1227//1166
f 1226//789 1227//789 1228//789
f 1228//784 1227//784 1229//784
f 1228//784 1229//784 1230//784
f 1230//787 1229//787 1231//787
f 1230//784 1231//784 1232//784
f 1232//784 1231//784 1233//784
f 1232//785 1233//785 1234//785
f 1234//785 1233//785 1235//785
f 1234//785 1235//785 1236//785
f 1236//784 1235//784 1237//784
f 1236//784 1237//784 1238//784
f 1238//784 1237//784 1239//784
f 1209//784 1240//784 1207//784
f 1207//784 1240//784 1241//784
f 1207//784 1241//784 1242//784
f 1242//784 1241//784 1243//784
f 1242//784 1243//784 1244//784
f 1244//788 1243//788 1245//788
f 1244//784 1245//784 1246//784
f 1237//784 1247//784 1239//784
f 1239//785 1247//785 1248//785
f 1239//785 1248//785 1249//785
f 1249//785 1248//785 1250//785
f 1249//785 1250//785 1251//785
f 1251//785 1250//785 1252//785
f 1251//786 1252//786 1253//786
f 1253//784 1252//784 1254//784
f 1253//784 1254//784 1255//784
f 1255//784 1254//784 1256//784
f 1255//784 1256//784 1257//784
f 1257//784 1256//784 1258//784
f 1257//784 1258//784 1259//784
f 1259//785 1258//785 1260//785
f 1259//784 1260//784 1261//784
f 1261//786 1260//786 1262//786
f 1261//785 1262//785 1263//785
f 1263//784 1262//784 1264//784
f 1263//784 1264//784 1265//784
f 1265//785 1264//785 1246//785
f 1265//785 1246//785 1266//785
f 1266//784 1246//784 1245//784
f 1220//1167 1267//1167 1221//1167
f 1221//1168 1267//1168 1268//1168
f 1221//1169 1268//1169 1269//1169
f 1244//1170 1246//1170 1270//1170
f 1271//1171 1272//1171 1273//1171
f 1274//1172 1275//1172 1216//1172
f 1267//1173 1220//1173 1218//1173
f 1267//1174 1218//1174 1268//1174
f 1216//1175 1275//1175 1218//1175
f 1218//1176 1275//1176 1276//1176
f 1218//1177 1276//1177 1268//1177
f 1277//1178 1278//1178 1274//1178
f 1279//1179 1280//1179 1281//1179
f 1281//1180 1280//1180 1282//1180
f 1281//1181 1282//1181 1277//1181
f 1277//1182 1282//1182 1283//1182
f 1277//1183 1283//1183 1278//1183
f 1284//1184 1285//1184 1286//1184
f 1286//1185 1285//1185 1270//1185
f 1286//1186 1270//1186 1287//1186
f 1287//1187 1270//1187 1288//1187
f 1288//1188 1270//1188 1246//1188
f 1288//1189 1246//1189 1264//1189
f 1262//1190 1289//1190 1264//1190
f 1264//1191 1289//1191 1290//1191
f 1264//1192 1290//1192 1288//1192
f 1256//1193 1291//1193 1258//1193
f 1258//1194 1291//1194 1273//1194
f 1258//1195 1273//1195 1260//1195
f 1260//1196 1273//1196 1272//1196
f 1260//1197 1272//1197 1262//1197
f 1262//1198 1272//1198 1271//1198
f 1262//1199 1271//1199 1289//1199
f 1244//1200 1270//1200 1242//1200
f 1242//1201 1270//1201 1285//1201
f 1242//1202 1285//1202 1207//1202
f 1284//1203 1292//1203 1285//1203
f 1285//1204 1292//1204 1293//1204
f 1285//1205 1293//1205 1207//1205
f 1207//1206 1293//1206 1279//1206
f 1207//1207 1279//1207 1208//1207
f 1208//1208 1279//1208 1281//1208
f 1208//1209 1281//1209 1210//1209
f 1210//1210 1281//1210 1277//1210
f 1210//1211 1277//1211 1212//1211
f 1274//1212 1216//1212 1277//1212
f 1277//1213 1216//1213 1214//1213
f 1277//1214 1214//1214 1212//1214
f 1225//1215 1223//1215 1294//1215
f 1295//1216 1296//1216 1297//1216
f 1298//1217 1299//1217 1300//1217
f 1301//1218 1302//1218 1303//1218
f 1303//1219 1302//1219 1273//1219
f 1303//1220 1273//1220 1291//1220
f 1299//1221 1301//1221 1252//1221
f 1252//1222 1301//1222 1303//1222
f 1252//1223 1303//1223 1254//1223
f 1254//1224 1303//1224 1291//1224
f 1254//1225 1291//1225 1256//1225
f 1252//1226 1250//1226 1299//1226
f 1299//1227 1250//1227 1248//1227
f 1299//1228 1248//1228 1300//1228
f 1296//1229 1304//1229 1297//1229
f 1297//1230 1304//1230 1305//1230
f 1297//1231 1305//1231 1300//1231
f 1300//1232 1305//1232 1306//1232
f 1300//1233 1306//1233 1298//1233
f 1307//1234 1308//1234 1294//1234
f 1294//1235 1308//1235 1309//1235
f 1294//1236 1309//1236 1310//1236
f 1310//1237 1309//1237 1311//1237
f 1205//1238 1312//1238 1222//1238
f 1222//1239 1312//1239 1313//1239
f 1222//1240 1313//1240 1223//1240
f 1223//1241 1313//1241 1314//1241
f 1223//1242 1314//1242 1294//1242
f 1294//1243 1314//1243 1315//1243
f 1294//1244 1315//1244 1307//1244
f 1203//1245 1316//1245 1205//1245
f 1205//1246 1316//1246 1317//1246
f 1205//1247 1317//1247 1312//1247
f 1235//1248 1233//1248 1311//1248
f 1311//1249 1233//1249 1231//1249
f 1311//1250 1231//1250 1310//1250
f 1310//1251 1231//1251 1229//1251
f 1310//1252 1229//1252 1294//1252
f 1294//1253 1229//1253 1227//1253
f 1294//1254 1227//1254 1225//1254
f 1248//1255 1247//1255 1300//1255
f 1300//1256 1247//1256 1237//1256
f 1300//1257 1237//1257 1297//1257
f 1297//1258 1237//1258 1235//1258
f 1297//1259 1235//1259 1295//1259
f 1295//1260 1235//1260 1311//1260
f 1203//1167 1202//1167 1316//1167
f 1316//1261 1202//1261 1318//1261
f 1316//1262 1318//1262 1317//1262
f 1278//735 1283//735 1319//735
f 1319//735 1283//735 1320//735
f 1269//735 1268//735 1321//735
f 1321//735 1268//735 1276//735
f 1321//738 1276//738 1322//738
f 1319//735 1323//735 1278//735
f 1278//735 1323//735 1324//735
f 1278//735 1324//735 1274//735
f 1274//735 1324//735 1322//735
f 1274//735 1322//735 1275//735
f 1275//739 1322//739 1276//739
f 1283//735 1282//735 1320//735
f 1320//1263 1282//1263 1280//1263
f 1320//735 1280//735 1325//735
f 1325//737 1280//737 1279//737
f 1325//734 1279//734 1326//734
f 1327//735 1328//735 1314//735
f 1329//735 1330//735 1304//735
f 1314//735 1328//735 1315//735
f 1315//735 1328//735 1331//735
f 1315//735 1331//735 1307//735
f 1307//735 1331//735 1332//735
f 1307//735 1332//735 1308//735
f 1308//735 1332//735 1333//735
f 1308//735 1333//735 1309//735
f 1309//734 1333//734 1334//734
f 1309//734 1334//734 1311//734
f 1314//735 1313//735 1327//735
f 1327//737 1313//737 1312//737
f 1327//735 1312//735 1335//735
f 1335//735 1312//735 1317//735
f 1335//734 1317//734 1318//734
f 1334//735 1336//735 1311//735
f 1311//735 1336//735 1337//735
f 1311//735 1337//735 1295//735
f 1295//735 1337//735 1329//735
f 1295//738 1329//738 1296//738
f 1296//734 1329//734 1304//734
f 1279//738 1293//738 1326//738
f 1326//1264 1293//1264 1292//1264
f 1326//734 1292//734 1338//734
f 1338//735 1292//735 1284//735
f 1338//735 1284//735 1339//735
f 1339//734 1284//734 1286//734
f 1339//735 1286//735 1340//735
f 1340//735 1286//735 1287//735
f 1340//735 1287//735 1341//735
f 1341//734 1287//734 1288//734
f 1288//737 1290//737 1341//737
f 1341//734 1290//734 1289//734
f 1341//734 1289//734 1342//734
f 1342//735 1289//735 1271//735
f 1342//735 1271//735 1343//735
f 1343//735 1271//735 1273//735
f 1343//735 1273//735 1344//735
f 1344//735 1273//735 1302//735
f 1344//735 1302//735 1345//735
f 1345//735 1302//735 1301//735
f 1345//735 1301//735 1346//735
f 1346//734 1301//734 1299//734
f 1346//734 1299//734 1347//734
f 1347//734 1299//734 1298//734
f 1347//734 1298//734 1348//734
f 1348//735 1298//735 1306//735
f 1348//735 1306//735 1330//735
f 1330//735 1306//735 1305//735
f 1330//735 1305//735 1304//735
f 1349//1265 1350//1265 1351//1265
f 1352//1266 1353//1266 1354//1266
f 1355//1267 1356//1267 1357//1267
f 1357//1268 1356//1268 1358//1268
f 1359//1269 1360//1269 1361//1269
f 1361//1270 1360//1270 1362//1270
f 1361//1271 1362//1271 1363//1271
f 1363//1272 1362//1272 1358//1272
f 1363//1273 1358//1273 1364//1273
f 1364//1274 1358//1274 1356//1274
f 1364//1275 1356//1275 1365//1275
f 1366//1276 1367//1276 1368//1276
f 1368//1277 1367//1277 1369//1277
f 1369//1278 1367//1278 1370//1278
f 1370//1279 1367//1279 1371//1279
f 1370//1280 1371//1280 1372//1280
f 1373//1281 1374//1281 1375//1281
f 1375//1282 1374//1282 1376//1282
f 1375//1283 1376//1283 1349//1283
f 1349//1284 1376//1284 1377//1284
f 1349//1285 1377//1285 1350//1285
f 1350//1286 1377//1286 1372//1286
f 1378//1287 1352//1287 1379//1287
f 1379//1288 1352//1288 1354//1288
f 1379//1289 1354//1289 1380//1289
f 1380//1290 1354//1290 1381//1290
f 1380//1291 1381//1291 1382//1291
f 1382//1292 1381//1292 1383//1292
f 1382//1293 1383//1293 1373//1293
f 1373//1294 1383//1294 1384//1294
f 1373//1295 1384//1295 1374//1295
f 1372//1296 1371//1296 1350//1296
f 1350//1297 1371//1297 1385//1297
f 1350//1298 1385//1298 1351//1298
f 1368//1299 1360//1299 1366//1299
f 1366//1300 1360//1300 1359//1300
f 1366//1301 1359//1301 1367//1301
f 1367//1302 1359//1302 1386//1302
f 1367//1303 1386//1303 1371//1303
f 1371//1304 1386//1304 1387//1304
f 1371//1305 1387//1305 1385//1305
f 1388//1306 1389//1306 1390//1306
f 1388//1307 1390//1307 1391//1307
f 1392//1308 1393//1308 1394//1308
f 1394//1309 1393//1309 1395//1309
f 1394//1310 1395//1310 1396//1310
f 1396//1311 1395//1311 1397//1311
f 1396//1312 1397//1312 1398//1312
f 1398//1313 1397//1313 1399//1313
f 1398//1314 1399//1314 1390//1314
f 1390//1315 1399//1315 1400//1315
f 1390//1316 1400//1316 1391//1316
f 1392//1317 1401//1317 1402//1317
f 1402//1318 1401//1318 1403//1318
f 1402//1319 1403//1319 1404//1319
f 1404//1320 1403//1320 1405//1320
f 1405//1321 1403//1321 1406//1321
f 1405//1322 1406//1322 1407//1322
f 1407//1323 1406//1323 1408//1323
f 1407//1324 1408//1324 1409//1324
f 1410//1325 1411//1325 1412//1325
f 1409//1326 1408//1326 1412//1326
f 1412//1327 1408//1327 1413//1327
f 1412//1328 1413//1328 1410//1328
f 1411//1329 1410//1329 1414//1329
f 1414//1330 1410//1330 1415//1330
f 1414//1331 1415//1331 1416//1331
f 1416//1332 1365//1332 1414//1332
f 1414//1333 1365//1333 1356//1333
f 1414//1334 1356//1334 1417//1334
f 1417//1335 1356//1335 1355//1335
f 1394//1336 1418//1336 1392//1336
f 1392//1337 1418//1337 1419//1337
f 1392//1338 1419//1338 1401//1338
f 1401//1339 1419//1339 1420//1339
f 1401//1340 1420//1340 1403//1340
f 1403//1341 1420//1341 1421//1341
f 1403//1342 1421//1342 1406//1342
f 1406//1343 1421//1343 1422//1343
f 1406//1344 1422//1344 1408//1344
f 1408//1345 1422//1345 1423//1345
f 1408//1346 1423//1346 1413//1346
f 1389//1347 1388//1347 1424//1347
f 1424//1348 1388//1348 1391//1348
f 1424//1349 1391//1349 1425//1349
f 1373//784 1375//784 1426//784
f 1427//784 1394//784 1396//784
f 1428//784 1378//784 1429//784
f 1429//784 1378//784 1379//784
f 1429//784 1379//784 1430//784
f 1419//785 1418//785 1431//785
f 1426//787 1432//787 1373//787
f 1373//784 1432//784 1433//784
f 1373//784 1433//784 1382//784
f 1382//784 1433//784 1430//784
f 1382//784 1430//784 1380//784
f 1380//784 1430//784 1379//784
f 1359//785 1434//785 1386//785
f 1386//785 1434//785 1435//785
f 1386//785 1435//785 1387//785
f 1387//784 1435//784 1436//784
f 1385//785 1436//785 1351//785
f 1431//784 1437//784 1419//784
f 1419//837 1437//837 1438//837
f 1419//785 1438//785 1420//785
f 1420//785 1438//785 1439//785
f 1420//785 1439//785 1421//785
f 1421//784 1439//784 1440//784
f 1421//784 1440//784 1422//784
f 1441//784 1442//784 1396//784
f 1396//784 1442//784 1443//784
f 1396//784 1443//784 1427//784
f 1436//784 1444//784 1351//784
f 1351//788 1444//788 1445//788
f 1351//785 1445//785 1349//785
f 1349//787 1445//787 1446//787
f 1349//784 1446//784 1375//784
f 1375//784 1446//784 1447//784
f 1375//784 1447//784 1426//784
f 1427//1351 1448//1351 1394//1351
f 1394//784 1448//784 1449//784
f 1394//784 1449//784 1418//784
f 1418//785 1449//785 1450//785
f 1418//1352 1450//1352 1431//1352
f 1396//788 1398//788 1441//788
f 1441//784 1398//784 1390//784
f 1441//788 1390//788 1451//788
f 1451//788 1390//788 1389//788
f 1451//788 1389//788 1424//788
f 1422//784 1440//784 1423//784
f 1423//784 1440//784 1452//784
f 1423//784 1452//784 1413//784
f 1413//784 1452//784 1453//784
f 1413//784 1453//784 1410//784
f 1410//784 1453//784 1454//784
f 1410//784 1454//784 1415//784
f 1415//785 1454//785 1455//785
f 1415//784 1455//784 1416//784
f 1416//785 1455//785 1456//785
f 1416//785 1456//785 1365//785
f 1365//784 1456//784 1457//784
f 1365//784 1457//784 1364//784
f 1364//784 1457//784 1458//784
f 1364//784 1458//784 1363//784
f 1363//938 1458//938 1459//938
f 1363//784 1459//784 1361//784
f 1361//785 1459//785 1460//785
f 1361//785 1460//785 1359//785
f 1359//785 1460//785 1461//785
f 1359//938 1461//938 1434//938
f 1378//1353 1428//1353 1352//1353
f 1352//1354 1428//1354 1462//1354
f 1352//1355 1462//1355 1353//1355
f 1463//735 1464//735 1404//735
f 1465//735 1425//735 1391//735
f 1404//735 1464//735 1402//735
f 1402//735 1464//735 1466//735
f 1402//738 1466//738 1392//738
f 1392//735 1466//735 1467//735
f 1392//735 1467//735 1393//735
f 1393//735 1467//735 1468//735
f 1393//735 1468//735 1395//735
f 1468//735 1469//735 1395//735
f 1395//735 1469//735 1470//735
f 1395//735 1470//735 1397//735
f 1397//735 1470//735 1471//735
f 1397//735 1471//735 1399//735
f 1399//735 1471//735 1465//735
f 1399//734 1465//734 1400//734
f 1400//735 1465//735 1391//735
f 1353//735 1462//735 1354//735
f 1354//734 1462//734 1472//734
f 1354//735 1472//735 1381//735
f 1381//887 1472//887 1473//887
f 1381//887 1473//887 1383//887
f 1383//735 1473//735 1474//735
f 1383//735 1474//735 1384//735
f 1384//734 1474//734 1475//734
f 1384//734 1475//734 1374//734
f 1374//735 1475//735 1476//735
f 1374//735 1476//735 1376//735
f 1376//734 1476//734 1477//734
f 1376//734 1477//734 1377//734
f 1377//735 1477//735 1478//735
f 1377//735 1478//735 1372//735
f 1372//735 1478//735 1479//735
f 1372//735 1479//735 1370//735
f 1370//735 1479//735 1480//735
f 1370//735 1480//735 1369//735
f 1369//735 1480//735 1368//735
f 1404//735 1405//735 1463//735
f 1463//738 1405//738 1407//738
f 1463//735 1407//735 1481//735
f 1481//735 1407//735 1409//735
f 1481//734 1409//734 1482//734
f 1482//734 1409//734 1483//734
f 1484//735 1485//735 1358//735
f 1484//735 1358//735 1486//735
f 1480//734 1487//734 1368//734
f 1368//734 1487//734 1488//734
f 1368//734 1488//734 1360//734
f 1360//735 1488//735 1486//735
f 1360//735 1486//735 1362//735
f 1362//734 1486//734 1358//734
f 1409//735 1412//735 1483//735
f 1483//735 1412//735 1411//735
f 1483//735 1411//735 1489//735
f 1489//735 1411//735 1414//735
f 1489//734 1414//734 1490//734
f 1490//735 1414//735 1417//735
f 1490//735 1417//735 1491//735
f 1491//735 1417//735 1355//735
f 1491//735 1355//735 1485//735
f 1485//735 1355//735 1357//735
f 1485//735 1357//735 1358//735
f 1492//1356 1493//1356 1494//1356
f 1494//1357 1493//1357 1495//1357
f 1494//1358 1495//1358 1496//1358
f 1497//784 1498//784 1499//784
f 1499//784 1498//784 1500//784
f 1499//784 1500//784 1501//784
f 1501//784 1500//784 1502//784
f 1501//784 1502//784 1503//784
f 1503//785 1502//785 1504//785
f 1493//784 1492//784 1505//784
f 1505//784 1492//784 1506//784
f 1505//784 1506//784 1507//784
f 1507//784 1506//784 1508//784
f 1507//785 1508//785 1509//785
f 1509//785 1508//785 1510//785
f 1509//784 1510//784 1511//784
f 1511//788 1510//788 1512//788
f 1511//784 1512//784 1513//784
f 1513//784 1512//784 1514//784
f 1513//787 1514//787 1515//787
f 1515//938 1514//938 1516//938
f 1515//785 1516//785 1517//785
f 1518//785 1519//785 1520//785
f 1520//785 1519//785 1521//785
f 1521//1359 1519//1359 1522//1359
f 1521//784 1522//784 1523//784
f 1523//788 1522//788 1524//788
f 1523//788 1524//788 1525//788
f 1499//789 1526//789 1497//789
f 1497//789 1526//789 1527//789
f 1497//789 1527//789 1528//789
f 1528//784 1527//784 1518//784
f 1528//784 1518//784 1529//784
f 1529//784 1518//784 1520//784
f 1516//784 1530//784 1517//784
f 1517//784 1530//784 1531//784
f 1517//784 1531//784 1532//784
f 1533//784 1534//784 1535//784
f 1535//784 1534//784 1536//784
f 1535//784 1536//784 1537//784
f 1537//784 1536//784 1538//784
f 1537//784 1538//784 1539//784
f 1539//785 1538//785 1540//785
f 1539//785 1540//785 1504//785
f 1504//785 1540//785 1541//785
f 1504//785 1541//785 1503//785
f 1531//784 1542//784 1532//784
f 1532//784 1542//784 1543//784
f 1532//784 1543//784 1544//784
f 1544//784 1543//784 1545//784
f 1544//784 1545//784 1546//784
f 1546//784 1545//784 1547//784
f 1546//784 1547//784 1548//784
f 1548//784 1547//784 1549//784
f 1548//784 1549//784 1550//784
f 1550//784 1549//784 1551//784
f 1550//784 1551//784 1552//784
f 1552//785 1551//785 1553//785
f 1551//784 1554//784 1553//784
f 1553//784 1554//784 1555//784
f 1553//784 1555//784 1556//784
f 1556//785 1555//785 1557//785
f 1556//785 1557//785 1533//785
f 1533//785 1557//785 1558//785
f 1533//785 1558//785 1534//785
f 1525//1356 1559//1356 1523//1356
f 1523//1360 1559//1360 1560//1360
f 1523//1361 1560//1361 1561//1361
f 1562//1362 1563//1362 1564//1362
f 1560//1363 1559//1363 1565//1363
f 1565//1364 1559//1364 1519//1364
f 1565//1365 1519//1365 1566//1365
f 1525//1366 1524//1366 1559//1366
f 1559//1367 1524//1367 1522//1367
f 1559//1368 1522//1368 1519//1368
f 1566//1369 1519//1369 1567//1369
f 1567//1370 1519//1370 1518//1370
f 1567//1371 1518//1371 1568//1371
f 1568//1372 1518//1372 1527//1372
f 1568//1373 1527//1373 1569//1373
f 1569//1374 1570//1374 1571//1374
f 1571//1375 1570//1375 1572//1375
f 1571//1376 1572//1376 1573//1376
f 1573//1377 1572//1377 1574//1377
f 1574//1378 1572//1378 1575//1378
f 1574//1379 1575//1379 1576//1379
f 1563//1380 1562//1380 1575//1380
f 1575//1381 1562//1381 1577//1381
f 1575//1382 1577//1382 1576//1382
f 1557//1383 1555//1383 1578//1383
f 1578//1384 1555//1384 1579//1384
f 1578//1385 1579//1385 1580//1385
f 1580//1386 1579//1386 1581//1386
f 1575//1387 1540//1387 1563//1387
f 1563//1388 1540//1388 1538//1388
f 1563//1389 1538//1389 1564//1389
f 1564//1390 1538//1390 1536//1390
f 1564//1391 1536//1391 1582//1391
f 1582//1392 1536//1392 1534//1392
f 1582//1393 1534//1393 1578//1393
f 1578//1394 1534//1394 1558//1394
f 1578//1395 1558//1395 1557//1395
f 1527//1396 1526//1396 1569//1396
f 1569//1397 1526//1397 1499//1397
f 1569//1398 1499//1398 1570//1398
f 1570//1399 1499//1399 1501//1399
f 1570//1400 1501//1400 1572//1400
f 1572//1401 1501//1401 1503//1401
f 1572//1402 1503//1402 1575//1402
f 1575//1403 1503//1403 1541//1403
f 1575//1404 1541//1404 1540//1404
f 1579//1405 1555//1405 1554//1405
f 1551//1406 1583//1406 1554//1406
f 1554//1407 1583//1407 1581//1407
f 1554//1408 1581//1408 1579//1408
f 1547//1409 1584//1409 1549//1409
f 1549//1410 1584//1410 1585//1410
f 1549//1411 1585//1411 1551//1411
f 1551//1412 1585//1412 1586//1412
f 1551//1413 1586//1413 1583//1413
f 1587//1414 1588//1414 1589//1414
f 1589//1415 1588//1415 1590//1415
f 1589//1416 1590//1416 1584//1416
f 1584//1417 1590//1417 1591//1417
f 1584//1418 1591//1418 1585//1418
f 1592//1419 1593//1419 1594//1419
f 1594//1420 1593//1420 1595//1420
f 1594//1421 1595//1421 1587//1421
f 1587//1422 1595//1422 1596//1422
f 1587//1423 1596//1423 1588//1423
f 1597//1424 1598//1424 1510//1424
f 1597//1425 1510//1425 1599//1425
f 1506//1426 1492//1426 1494//1426
f 1510//1427 1508//1427 1599//1427
f 1599//1428 1508//1428 1506//1428
f 1599//1429 1506//1429 1600//1429
f 1600//1430 1506//1430 1494//1430
f 1600//1431 1494//1431 1496//1431
f 1598//1432 1601//1432 1510//1432
f 1510//1433 1601//1433 1602//1433
f 1510//1434 1602//1434 1512//1434
f 1512//1435 1602//1435 1592//1435
f 1512//1436 1592//1436 1514//1436
f 1514//1437 1592//1437 1594//1437
f 1514//1438 1594//1438 1516//1438
f 1516//1439 1594//1439 1587//1439
f 1516//1440 1587//1440 1530//1440
f 1530//1441 1587//1441 1589//1441
f 1530//1442 1589//1442 1531//1442
f 1547//1443 1545//1443 1584//1443
f 1584//1444 1545//1444 1543//1444
f 1584//1445 1543//1445 1589//1445
f 1589//1446 1543//1446 1542//1446
f 1589//1447 1542//1447 1531//1447
f 1600//735 1496//735 1495//735
f 1600//735 1495//735 1599//735
f 1603//735 1597//735 1604//735
f 1604//735 1597//735 1599//735
f 1604//735 1599//735 1605//735
f 1605//735 1599//735 1495//735
f 1606//735 1593//735 1607//735
f 1607//734 1593//734 1592//734
f 1607//887 1592//887 1608//887
f 1608//735 1592//735 1602//735
f 1608//734 1602//734 1609//734
f 1609//734 1602//734 1601//734
f 1609//735 1601//735 1603//735
f 1603//735 1601//735 1598//735
f 1603//1448 1598//1448 1597//1448
f 1610//734 1611//734 1578//734
f 1578//735 1611//735 1612//735
f 1578//735 1612//735 1582//735
f 1582//734 1612//734 1613//734
f 1582//734 1613//734 1564//734
f 1564//735 1613//735 1614//735
f 1564//735 1614//735 1562//735
f 1562//735 1614//735 1615//735
f 1562//735 1615//735 1577//735
f 1577//734 1615//734 1616//734
f 1577//734 1616//734 1576//734
f 1576//735 1616//735 1617//735
f 1576//734 1617//734 1574//734
f 1574//735 1617//735 1618//735
f 1574//735 1618//735 1573//735
f 1573//739 1618//739 1619//739
f 1573//735 1619//735 1571//735
f 1571//735 1619//735 1620//735
f 1571//734 1620//734 1569//734
f 1569//734 1620//734 1621//734
f 1569//735 1621//735 1568//735
f 1568//735 1621//735 1622//735
f 1568//735 1622//735 1567//735
f 1567//735 1622//735 1623//735
f 1567//735 1623//735 1566//735
f 1566//735 1623//735 1624//735
f 1566//735 1624//735 1565//735
f 1565//735 1624//735 1625//735
f 1565//735 1625//735 1560//735
f 1560//735 1625//735 1626//735
f 1560//739 1626//739 1561//739
f 1578//734 1580//734 1610//734
f 1610//738 1580//738 1581//738
f 1610//735 1581//735 1627//735
f 1627//735 1581//735 1583//735
f 1627//735 1583//735 1628//735
f 1628//734 1583//734 1586//734
f 1628//734 1586//734 1629//734
f 1629//735 1586//735 1585//735
f 1629//735 1585//735 1630//735
f 1630//735 1585//735 1591//735
f 1630//735 1591//735 1631//735
f 1631//735 1591//735 1590//735
f 1631//735 1590//735 1632//735
f 1632//735 1590//735 1588//735
f 1632//735 1588//735 1633//735
f 1633//735 1588//735 1596//735
f 1633//735 1596//735 1606//735
f 1606//735 1596//735 1595//735
f 1606//737 1595//737 1593//737
f 1634//1449 1635//1449 1636//1449
f 1636//1450 1635//1450 1637//1450
f 1636//1451 1637//1451 1638//1451
f 1639//1449 1640//1449 1641//1449
f 1641//1452 1640//1452 1642//1452
f 1641//1453 1642//1453 1643//1453
f 1639//1454 1644//1454 1640//1454
f 1640//1455 1644//1455 1645//1455
f 1640//1456 1645//1456 1642//1456
f 1642//1457 1645//1457 1646//1457
f 1646//1458 1645//1458 1647//1458
f 1646//1459 1647//1459 1648//1459
f 1648//1460 1647//1460 1649//1460
f 1648//1461 1649//1461 1650//1461
f 1649//1462 1651//1462 1650//1462
f 1650//1463 1651//1463 1652//1463
f 1650//1464 1652//1464 1653//1464
f 1653//1465 1652//1465 1654//1465
f 1653//1466 1654//1466 1655//1466
f 1655//1467 1654//1467 1656//1467
f 1656//1468 1654//1468 1657//1468
f 1656//1469 1657//1469 1658//1469
f 1658//1470 1657//1470 1659//1470
f 1658//1471 1659//1471 1660//1471
f 1660//1472 1659//1472 1661//1472
f 1660//1473 1661//1473 1662//1473
f 1662//1474 1661//1474 1663//1474
f 1662//1475 1663//1475 1664//1475
f 1664//1476 1663//1476 1665//1476
f 1664//1477 1665//1477 1666//1477
f 1666//1478 1665//1478 1667//1478
f 1666//1479 1667//1479 1668//1479
f 1667//1480 1669//1480 1668//1480
f 1668//1481 1669//1481 1670//1481
f 1668//1482 1670//1482 1671//1482
f 1671//1483 1670//1483 1672//1483
f 1671//1484 1672//1484 1673//1484
f 1644//785 1639//785 1641//785
f 1661//785 1659//785 1674//785
f 1675//785 1676//785 1677//785
f 1677//938 1676//938 1678//938
f 1678//784 1676//784 1679//784
f 1678//784 1679//784 1680//784
f 1674//785 1659//785 1681//785
f 1681//784 1659//784 1657//784
f 1681//1485 1657//1485 1654//1485
f 1644//784 1641//784 1645//784
f 1677//787 1682//787 1675//787
f 1675//784 1682//784 1683//784
f 1675//785 1683//785 1684//785
f 1684//784 1683//784 1685//784
f 1684//784 1685//784 1686//784
f 1686//784 1685//784 1687//784
f 1686//787 1687//787 1688//787
f 1688//784 1687//784 1635//784
f 1688//784 1635//784 1634//784
f 1679//784 1689//784 1680//784
f 1680//788 1689//788 1690//788
f 1680//788 1690//788 1691//788
f 1691//785 1690//785 1692//785
f 1641//784 1693//784 1645//784
f 1645//784 1693//784 1694//784
f 1645//784 1694//784 1647//784
f 1647//785 1694//785 1695//785
f 1647//785 1695//785 1649//785
f 1649//784 1695//784 1696//784
f 1649//784 1696//784 1651//784
f 1651//784 1696//784 1697//784
f 1651//784 1697//784 1652//784
f 1652//784 1697//784 1698//784
f 1652//784 1698//784 1654//784
f 1654//784 1698//784 1699//784
f 1654//784 1699//784 1681//784
f 1700//785 1701//785 1702//785
f 1702//787 1701//787 1703//787
f 1702//784 1703//784 1704//784
f 1704//784 1703//784 1705//784
f 1704//785 1705//785 1706//785
f 1706//784 1705//784 1707//784
f 1706//784 1707//784 1692//784
f 1692//784 1707//784 1708//784
f 1692//784 1708//784 1691//784
f 1702//784 1709//784 1700//784
f 1700//784 1709//784 1710//784
f 1700//784 1710//784 1711//784
f 1711//784 1710//784 1712//784
f 1711//784 1712//784 1713//784
f 1713//784 1712//784 1672//784
f 1713//784 1672//784 1714//784
f 1714//784 1672//784 1670//784
f 1674//784 1715//784 1661//784
f 1661//784 1715//784 1716//784
f 1661//784 1716//784 1663//784
f 1663//784 1716//784 1717//784
f 1663//784 1717//784 1665//784
f 1665//784 1717//784 1718//784
f 1665//784 1718//784 1667//784
f 1667//785 1718//785 1719//785
f 1667//785 1719//785 1669//785
f 1669//784 1719//784 1720//784
f 1669//784 1720//784 1670//784
f 1670//785 1720//785 1721//785
f 1670//784 1721//784 1714//784
f 1672//1486 1712//1486 1673//1486
f 1673//1487 1712//1487 1722//1487
f 1722//1488 1712//1488 1723//1488
f 1723//1489 1712//1489 1710//1489
f 1723//1490 1710//1490 1724//1490
f 1724//1491 1710//1491 1709//1491
f 1724//1492 1709//1492 1725//1492
f 1725//1493 1709//1493 1702//1493
f 1725//1494 1702//1494 1726//1494
f 1726//1495 1702//1495 1704//1495
f 1726//1496 1704//1496 1727//1496
f 1704//1497 1706//1497 1727//1497
f 1727//1498 1706//1498 1692//1498
f 1727//1499 1692//1499 1728//1499
f 1728//1500 1692//1500 1690//1500
f 1728//1501 1690//1501 1729//1501
f 1729//1502 1690//1502 1689//1502
f 1729//1503 1689//1503 1730//1503
f 1730//1504 1689//1504 1679//1504
f 1730//1505 1679//1505 1731//1505
f 1731//1506 1679//1506 1676//1506
f 1731//1507 1676//1507 1732//1507
f 1732//1508 1676//1508 1733//1508
f 1733//1509 1676//1509 1675//1509
f 1733//1510 1675//1510 1734//1510
f 1675//1511 1684//1511 1734//1511
f 1734//1512 1684//1512 1686//1512
f 1734//1513 1686//1513 1735//1513
f 1634//1514 1636//1514 1688//1514
f 1688//1515 1636//1515 1686//1515
f 1735//1516 1686//1516 1736//1516
f 1736//1517 1686//1517 1636//1517
f 1736//1518 1636//1518 1638//1518
f 1653//735 1655//735 1737//735
f 1737//735 1655//735 1738//735
f 1738//735 1655//735 1656//735
f 1738//735 1656//735 1739//735
f 1739//738 1656//738 1658//738
f 1739//735 1658//735 1740//735
f 1740//737 1658//737 1660//737
f 1740//1519 1660//1519 1741//1519
f 1737//737 1742//737 1653//737
f 1653//737 1742//737 1743//737
f 1653//737 1743//737 1650//737
f 1650//737 1743//737 1744//737
f 1650//739 1744//739 1648//739
f 1648//735 1744//735 1745//735
f 1648//735 1745//735 1646//735
f 1646//734 1745//734 1746//734
f 1646//735 1746//735 1642//735
f 1642//735 1746//735 1643//735
f 1638//734 1637//734 1736//734
f 1736//735 1637//735 1747//735
f 1736//739 1747//739 1735//739
f 1735//739 1747//739 1748//739
f 1735//1520 1748//1520 1734//1520
f 1734//734 1748//734 1749//734
f 1734//1521 1749//1521 1733//1521
f 1733//735 1749//735 1750//735
f 1733//735 1750//735 1732//735
f 1732//735 1750//735 1751//735
f 1732//735 1751//735 1731//735
f 1731//735 1751//735 1752//735
f 1731//735 1752//735 1730//735
f 1730//734 1752//734 1753//734
f 1730//737 1753//737 1729//737
f 1729//735 1753//735 1728//735
f 1741//734 1660//734 1754//734
f 1754//735 1660//735 1662//735
f 1754//735 1662//735 1664//735
f 1753//735 1755//735 1728//735
f 1728//735 1755//735 1756//735
f 1728//735 1756//735 1727//735
f 1727//737 1756//737 1757//737
f 1727//735 1757//735 1726//735
f 1726//734 1757//734 1758//734
f 1726//734 1758//734 1725//734
f 1758//734 1759//734 1725//734
f 1725//735 1759//735 1760//735
f 1725//735 1760//735 1724//735
f 1724//735 1760//735 1761//735
f 1724//735 1761//735 1723//735
f 1723//735 1761//735 1722//735
f 1722//734 1761//734 1762//734
f 1722//734 1762//734 1673//734
f 1673//735 1762//735 1763//735
f 1673//735 1763//735 1671//735
f 1671//735 1763//735 1764//735
f 1671//735 1764//735 1668//735
f 1668//735 1764//735 1765//735
f 1668//735 1765//735 1666//735
f 1666//734 1765//734 1766//734
f 1666//734 1766//734 1664//734
f 1664//735 1766//735 1767//735
f 1664//735 1767//735 1754//735
f 1768//784 1769//784 1770//784
f 1770//784 1769//784 1771//784
f 1770//785 1771//785 1772//785
f 1773//784 1774//784 1775//784
f 1775//784 1774//784 1776//784
f 1775//784 1776//784 1777//784
f 1777//784 1776//784 1778//784
f 1777//784 1778//784 1779//784
f 1779//784 1778//784 1780//784
f 1779//784 1780//784 1768//784
f 1768//785 1780//785 1781//785
f 1768//988 1781//988 1769//988
f 1782//785 1783//785 1784//785
f 1784//785 1783//785 1785//785
f 1784//785 1785//785 1786//785
f 1787//785 1788//785 1789//785
f 1789//785 1788//785 1790//785
f 1789//785 1790//785 1791//785
f 1785//784 1792//784 1786//784
f 1786//784 1792//784 1793//784
f 1786//784 1793//784 1794//784
f 1794//784 1793//784 1795//784
f 1794//784 1795//784 1796//784
f 1796//788 1795//788 1797//788
f 1796//1359 1797//1359 1798//1359
f 1798//785 1797//785 1799//785
f 1798//784 1799//784 1787//784
f 1787//785 1799//785 1800//785
f 1787//785 1800//785 1788//785
f 1801//784 1802//784 1803//784
f 1803//784 1802//784 1804//784
f 1803//784 1804//784 1805//784
f 1805//784 1804//784 1772//784
f 1805//784 1772//784 1806//784
f 1806//785 1772//785 1771//785
f 1790//784 1807//784 1791//784
f 1791//1522 1807//1522 1808//1522
f 1791//785 1808//785 1809//785
f 1809//784 1808//784 1810//784
f 1809//784 1810//784 1811//784
f 1811//788 1810//788 1812//788
f 1811//784 1812//784 1813//784
f 1813//784 1812//784 1814//784
f 1813//784 1814//784 1815//784
f 1815//784 1814//784 1816//784
f 1815//784 1816//784 1817//784
f 1817//784 1816//784 1818//784
f 1817//838 1818//838 1819//838
f 1819//784 1818//784 1820//784
f 1819//784 1820//784 1821//784
f 1821//784 1820//784 1822//784
f 1821//784 1822//784 1823//784
f 1823//784 1822//784 1824//784
f 1823//784 1824//784 1825//784
f 1825//784 1824//784 1826//784
f 1825//784 1826//784 1827//784
f 1827//784 1826//784 1828//784
f 1827//784 1828//784 1829//784
f 1829//784 1828//784 1830//784
f 1829//784 1830//784 1773//784
f 1773//784 1830//784 1831//784
f 1773//784 1831//784 1774//784
f 1782//1523 1832//1523 1783//1523
f 1783//1524 1832//1524 1833//1524
f 1783//1525 1833//1525 1834//1525
f 1835//1526 1833//1526 1832//1526
f 1835//1527 1832//1527 1836//1527
f 1837//1528 1836//1528 1786//1528
f 1786//1529 1836//1529 1832//1529
f 1786//1530 1832//1530 1784//1530
f 1784//1531 1832//1531 1782//1531
f 1837//1532 1786//1532 1838//1532
f 1838//1533 1786//1533 1794//1533
f 1838//1534 1794//1534 1839//1534
f 1798//1535 1840//1535 1796//1535
f 1796//1536 1840//1536 1841//1536
f 1796//1537 1841//1537 1794//1537
f 1794//1538 1841//1538 1842//1538
f 1794//1539 1842//1539 1839//1539
f 1813//1540 1843//1540 1811//1540
f 1811//1541 1843//1541 1844//1541
f 1811//1542 1844//1542 1809//1542
f 1809//1543 1844//1543 1845//1543
f 1809//1544 1845//1544 1791//1544
f 1791//1545 1845//1545 1846//1545
f 1791//1546 1846//1546 1789//1546
f 1789//1547 1846//1547 1847//1547
f 1789//1548 1847//1548 1787//1548
f 1787//1549 1847//1549 1848//1549
f 1787//1550 1848//1550 1798//1550
f 1798//1551 1848//1551 1849//1551
f 1798//1552 1849//1552 1840//1552
f 1819//1553 1850//1553 1817//1553
f 1817//1554 1850//1554 1851//1554
f 1817//1555 1851//1555 1815//1555
f 1815//1556 1851//1556 1852//1556
f 1815//1557 1852//1557 1813//1557
f 1813//1558 1852//1558 1853//1558
f 1813//1559 1853//1559 1843//1559
f 1850//1560 1819//1560 1854//1560
f 1854//1561 1819//1561 1821//1561
f 1854//1562 1821//1562 1855//1562
f 1821//1563 1823//1563 1855//1563
f 1855//1564 1823//1564 1825//1564
f 1855//1565 1825//1565 1856//1565
f 1856//1566 1825//1566 1827//1566
f 1856//1567 1827//1567 1857//1567
f 1857//1568 1827//1568 1858//1568
f 1858//1569 1827//1569 1829//1569
f 1858//1570 1829//1570 1859//1570
f 1829//1571 1773//1571 1859//1571
f 1859//1572 1773//1572 1775//1572
f 1859//1573 1775//1573 1860//1573
f 1860//1574 1775//1574 1861//1574
f 1861//1575 1775//1575 1777//1575
f 1861//1576 1777//1576 1862//1576
f 1770//1577 1863//1577 1768//1577
f 1768//1578 1863//1578 1862//1578
f 1768//1579 1862//1579 1779//1579
f 1779//1580 1862//1580 1777//1580
f 1864//1581 1865//1581 1772//1581
f 1772//1582 1865//1582 1866//1582
f 1772//1583 1866//1583 1770//1583
f 1770//1584 1866//1584 1867//1584
f 1770//1585 1867//1585 1863//1585
f 1804//1586 1802//1586 1868//1586
f 1804//1587 1868//1587 1772//1587
f 1772//1588 1868//1588 1869//1588
f 1772//1589 1869//1589 1864//1589
f 1802//1523 1801//1523 1868//1523
f 1868//1590 1801//1590 1870//1590
f 1868//1591 1870//1591 1869//1591
f 1861//735 1862//735 1871//735
f 1871//735 1862//735 1872//735
f 1872//734 1862//734 1863//734
f 1872//735 1863//735 1873//735
f 1834//735 1833//735 1874//735
f 1874//739 1833//739 1835//739
f 1874//739 1835//739 1875//739
f 1875//735 1835//735 1836//735
f 1875//734 1836//734 1876//734
f 1876//734 1836//734 1837//734
f 1876//739 1837//739 1877//739
f 1877//735 1837//735 1838//735
f 1877//735 1838//735 1878//735
f 1878//735 1838//735 1839//735
f 1878//735 1839//735 1879//735
f 1873//734 1863//734 1880//734
f 1880//735 1863//735 1867//735
f 1880//735 1867//735 1881//735
f 1881//734 1867//734 1866//734
f 1881//734 1866//734 1882//734
f 1866//734 1865//734 1882//734
f 1882//734 1865//734 1864//734
f 1882//735 1864//735 1883//735
f 1883//738 1864//738 1869//738
f 1883//734 1869//734 1870//734
f 1839//735 1842//735 1879//735
f 1879//734 1842//734 1841//734
f 1879//735 1841//735 1884//735
f 1884//735 1841//735 1840//735
f 1884//735 1840//735 1885//735
f 1885//735 1840//735 1849//735
f 1885//735 1849//735 1886//735
f 1886//1592 1849//1592 1848//1592
f 1886//738 1848//738 1887//738
f 1887//739 1848//739 1847//739
f 1887//734 1847//734 1888//734
f 1888//734 1847//734 1846//734
f 1888//737 1846//737 1889//737
f 1889//735 1846//735 1845//735
f 1889//735 1845//735 1890//735
f 1890//738 1845//738 1891//738
f 1871//734 1892//734 1861//734
f 1861//738 1892//738 1893//738
f 1861//739 1893//739 1860//739
f 1860//735 1893//735 1894//735
f 1860//735 1894//735 1859//735
f 1859//739 1894//739 1895//739
f 1859//735 1895//735 1858//735
f 1858//735 1895//735 1896//735
f 1858//735 1896//735 1857//735
f 1857//735 1896//735 1897//735
f 1857//735 1897//735 1856//735
f 1856//735 1897//735 1898//735
f 1856//735 1898//735 1855//735
f 1855//735 1898//735 1899//735
f 1855//735 1899//735 1854//735
f 1854//734 1899//734 1900//734
f 1854//734 1900//734 1850//734
f 1850//735 1900//735 1901//735
f 1850//735 1901//735 1851//735
f 1851//735 1901//735 1902//735
f 1851//735 1902//735 1852//735
f 1852//735 1902//735 1903//735
f 1852//735 1903//735 1853//735
f 1853//735 1903//735 1904//735
f 1853//735 1904//735 1843//735
f 1843//735 1904//735 1891//735
f 1843//735 1891//735 1844//735
f 1844//735 1891//735 1845//735
f 1905//1593 1906//1593 1907//1593
f 1907//1594 1906//1594 1908//1594
f 1907//1595 1908//1595 1909//1595
f 1910//784 1911//784 1912//784
f 1913//784 1914//784 1915//784
f 1916//784 1909//784 1908//784
f 1915//785 1914//785 1917//785
f 1917//784 1914//784 1918//784
f 1917//784 1918//784 1919//784
f 1920//784 1921//784 1922//784
f 1916//784 1908//784 1923//784
f 1908//938 1924//938 1923//938
f 1923//785 1924//785 1925//785
f 1923//784 1925//784 1926//784
f 1926//788 1925//788 1927//788
f 1926//788 1927//788 1928//788
f 1928//784 1927//784 1929//784
f 1928//785 1929//785 1930//785
f 1915//784 1931//784 1913//784
f 1913//785 1931//785 1932//785
f 1913//785 1932//785 1933//785
f 1933//784 1932//784 1934//784
f 1933//784 1934//784 1922//784
f 1922//784 1934//784 1935//784
f 1922//785 1935//785 1920//785
f 1929//785 1936//785 1930//785
f 1930//788 1936//788 1937//788
f 1930//938 1937//938 1938//938
f 1938//785 1937//785 1939//785
f 1938//784 1939//784 1940//784
f 1940//784 1939//784 1941//784
f 1940//1596 1941//1596 1942//1596
f 1942//785 1941//785 1943//785
f 1942//785 1943//785 1944//785
f 1944//787 1943//787 1945//787
f 1944//784 1945//784 1911//784
f 1911//785 1945//785 1946//785
f 1911//789 1946//789 1912//789
f 1910//784 1912//784 1947//784
f 1947//784 1912//784 1948//784
f 1947//787 1948//787 1949//787
f 1949//785 1948//785 1950//785
f 1949//785 1950//785 1951//785
f 1951//784 1950//784 1952//784
f 1951//784 1952//784 1953//784
f 1953//784 1952//784 1954//784
f 1953//784 1954//784 1955//784
f 1955//785 1954//785 1956//785
f 1955//785 1956//785 1957//785
f 1957//784 1956//784 1958//784
f 1957//784 1958//784 1959//784
f 1960//784 1961//784 1962//784
f 1921//784 1920//784 1963//784
f 1963//784 1920//784 1964//784
f 1963//785 1964//785 1965//785
f 1965//784 1964//784 1966//784
f 1965//784 1966//784 1967//784
f 1967//1597 1966//1597 1968//1597
f 1967//784 1968//784 1969//784
f 1969//784 1968//784 1970//784
f 1969//784 1970//784 1971//784
f 1971//784 1970//784 1972//784
f 1971//784 1972//784 1973//784
f 1973//785 1972//785 1974//785
f 1973//785 1974//785 1975//785
f 1975//784 1974//784 1976//784
f 1975//784 1976//784 1977//784
f 1962//785 1961//785 1959//785
f 1959//838 1961//838 1978//838
f 1959//784 1978//784 1957//784
f 1962//785 1979//785 1960//785
f 1960//785 1979//785 1980//785
f 1960//785 1980//785 1977//785
f 1977//784 1980//784 1981//784
f 1977//788 1981//788 1975//788
f 1982//1598 1983//1598 1984//1598
f 1984//1599 1983//1599 1919//1599
f 1984//1600 1919//1600 1918//1600
f 1913//1601 1984//1601 1914//1601
f 1914//1602 1984//1602 1918//1602
f 1982//1603 1984//1603 1985//1603
f 1985//1604 1984//1604 1913//1604
f 1985//1605 1913//1605 1986//1605
f 1986//1606 1913//1606 1933//1606
f 1986//1607 1933//1607 1987//1607
f 1987//1608 1933//1608 1988//1608
f 1988//1609 1933//1609 1922//1609
f 1988//1610 1922//1610 1989//1610
f 1989//1611 1922//1611 1921//1611
f 1989//1612 1921//1612 1990//1612
f 1990//1613 1921//1613 1963//1613
f 1990//1614 1963//1614 1991//1614
f 1991//1615 1963//1615 1965//1615
f 1991//1616 1965//1616 1992//1616
f 1992//1617 1965//1617 1967//1617
f 1992//1618 1967//1618 1993//1618
f 1993//1619 1967//1619 1969//1619
f 1993//1620 1969//1620 1994//1620
f 1994//1621 1969//1621 1971//1621
f 1994//1622 1971//1622 1995//1622
f 1995//1623 1971//1623 1973//1623
f 1995//1624 1973//1624 1996//1624
f 1996//1625 1973//1625 1975//1625
f 1996//1626 1975//1626 1997//1626
f 1997//1627 1975//1627 1981//1627
f 1997//1628 1981//1628 1998//1628
f 1998//1629 1981//1629 1980//1629
f 1998//1630 1980//1630 1999//1630
f 1999//1631 1980//1631 1979//1631
f 1999//1632 1979//1632 2000//1632
f 1959//1633 1958//1633 2001//1633
f 1979//1634 1962//1634 2000//1634
f 2000//1635 1962//1635 1959//1635
f 2000//1636 1959//1636 2002//1636
f 2002//1637 1959//1637 2001//1637
f 2003//1638 2004//1638 1954//1638
f 1954//1639 2004//1639 2005//1639
f 1954//1640 2005//1640 1956//1640
f 1956//1641 2005//1641 2001//1641
f 1956//1642 2001//1642 1958//1642
f 2006//1643 2007//1643 1950//1643
f 1950//1644 2007//1644 2003//1644
f 1950//1645 2003//1645 1952//1645
f 1952//1646 2003//1646 1954//1646
f 1950//1647 1948//1647 2006//1647
f 2006//1648 1948//1648 1912//1648
f 2006//1649 1912//1649 2008//1649
f 2008//1650 1912//1650 1946//1650
f 2008//1651 1946//1651 2009//1651
f 2009//1652 1946//1652 1945//1652
f 2009//1653 1945//1653 2010//1653
f 2010//1654 1945//1654 1943//1654
f 2010//1655 1943//1655 2011//1655
f 2011//1656 1943//1656 1941//1656
f 2011//1657 1941//1657 2012//1657
f 2012//1658 1941//1658 1939//1658
f 2012//1659 1939//1659 2013//1659
f 2013//1660 1939//1660 1937//1660
f 2013//1661 1937//1661 2014//1661
f 2014//1662 1937//1662 1936//1662
f 2014//1663 1936//1663 2015//1663
f 1905//1664 1925//1664 1906//1664
f 1906//1665 1925//1665 1924//1665
f 1906//1666 1924//1666 1908//1666
f 1936//1667 1929//1667 2015//1667
f 2015//1668 1929//1668 1927//1668
f 2015//1669 1927//1669 2016//1669
f 2016//1670 1927//1670 1925//1670
f 2016//1671 1925//1671 2017//1671
f 2017//1672 1925//1672 1905//1672
f 2018//735 1983//735 1982//735
f 2018//739 1982//739 2019//739
f 2020//735 1989//735 2021//735
f 2021//735 1989//735 1990//735
f 2021//735 1990//735 2022//735
f 2019//738 1982//738 2023//738
f 2023//735 1982//735 1985//735
f 2023//735 1985//735 2024//735
f 2024//735 1985//735 1986//735
f 2024//734 1986//734 2025//734
f 2025//734 1986//734 1987//734
f 2025//734 1987//734 2020//734
f 2020//734 1987//734 1988//734
f 2020//734 1988//734 1989//734
f 1905//735 1907//735 2017//735
f 2017//735 1907//735 2026//735
f 2017//735 2026//735 2016//735
f 2016//887 2026//887 2027//887
f 2016//887 2027//887 2015//887
f 2015//735 2027//735 2028//735
f 2010//734 2011//734 2029//734
f 2029//734 2011//734 2030//734
f 2030//735 2011//735 2012//735
f 2030//735 2012//735 2031//735
f 2031//739 2012//739 2013//739
f 2031//739 2013//739 2028//739
f 2028//739 2013//739 2014//739
f 2028//734 2014//734 2015//734
f 2032//735 2009//735 2033//735
f 2033//735 2009//735 2010//735
f 2033//735 2010//735 2034//735
f 2034//734 2010//734 2029//734
f 1990//734 1991//734 2022//734
f 2022//734 1991//734 1992//734
f 2022//734 1992//734 2035//734
f 2035//735 1992//735 1993//735
f 2035//735 1993//735 2036//735
f 2036//737 1993//737 1994//737
f 2036//737 1994//737 2037//737
f 2037//735 1994//735 1995//735
f 2037//735 1995//735 2038//735
f 2038//735 1995//735 1996//735
f 2038//735 1996//735 2039//735
f 2039//738 1996//738 1997//738
f 2039//735 1997//735 2040//735
f 2000//735 2002//735 2041//735
f 2041//735 2002//735 2001//735
f 2041//735 2001//735 2042//735
f 2042//735 2001//735 2005//735
f 2042//735 2005//735 2043//735
f 2043//735 2005//735 2004//735
f 2043//735 2004//735 2044//735
f 2044//735 2004//735 2003//735
f 2044//735 2003//735 2045//735
f 2045//735 2003//735 2007//735
f 2045//735 2007//735 2046//735
f 2046//734 2007//734 2006//734
f 2046//734 2006//734 2032//734
f 2032//735 2006//735 2008//735
f 2032//735 2008//735 2009//735
f 1997//734 1998//734 2040//734
f 2040//734 1998//734 1999//734
f 2040//735 1999//735 2047//735
f 2047//734 1999//734 2000//734
f 2047//734 2000//734 2048//734
f 2048//735 2000//735 2041//735
f 2049//1673 2050//1673 2051//1673
f 2052//1674 2053//1674 2054//1674
f 2054//1675 2053//1675 2055//1675
f 2054//1676 2055//1676 2056//1676
f 2056//1677 2055//1677 2057//1677
f 2056//1678 2057//1678 2058//1678
f 2058//1679 2057//1679 2059//1679
f 2058//1680 2059//1680 2051//1680
f 2051//1681 2059//1681 2060//1681
f 2051//1682 2060//1682 2049//1682
f 2049//1683 2060//1683 2061//1683
f 2062//1684 2063//1684 2064//1684
f 2064//1685 2063//1685 2065//1685
f 2064//1686 2065//1686 2066//1686
f 2066//1687 2065//1687 2052//1687
f 2066//1688 2052//1688 2067//1688
f 2067//1689 2052//1689 2054//1689
f 2064//1690 2068//1690 2062//1690
f 2062//1691 2068//1691 2069//1691
f 2062//1692 2069//1692 2070//1692
f 2070//1693 2069//1693 2071//1693
f 2070//1694 2071//1694 2072//1694
f 2072//1695 2071//1695 2073//1695
f 2072//1696 2073//1696 2074//1696
f 2074//1697 2073//1697 2075//1697
f 2074//1698 2075//1698 2076//1698
f 2076//1699 2075//1699 2077//1699
f 2076//1700 2077//1700 2078//1700
f 2078//1701 2077//1701 2079//1701
f 2078//1702 2079//1702 2080//1702
f 2080//1703 2079//1703 2081//1703
f 2080//1704 2081//1704 2082//1704
f 2082//1705 2081//1705 2083//1705
f 2082//1706 2083//1706 2084//1706
f 2061//1707 2085//1707 2049//1707
f 2049//1708 2085//1708 2086//1708
f 2049//1709 2086//1709 2050//1709
f 2087//788 2088//788 2089//788
f 2087//784 2089//784 2090//784
f 2090//784 2089//784 2091//784
f 2090//784 2091//784 2092//784
f 2092//784 2091//784 2093//784
f 2092//785 2093//785 2094//785
f 2094//938 2093//938 2095//938
f 2094//785 2095//785 2096//785
f 2097//788 2098//788 2099//788
f 2086//784 2100//784 2050//784
f 2050//785 2100//785 2101//785
f 2050//784 2101//784 2051//784
f 2051//784 2101//784 2102//784
f 2051//784 2102//784 2058//784
f 2058//784 2102//784 2103//784
f 2058//784 2103//784 2056//784
f 2056//785 2103//785 2104//785
f 2056//784 2104//784 2054//784
f 2054//785 2104//785 2105//785
f 2054//785 2105//785 2067//785
f 2067//785 2105//785 2066//785
f 2066//785 2105//785 2106//785
f 2066//784 2106//784 2064//784
f 2064//784 2106//784 2107//784
f 2064//784 2107//784 2068//784
f 2068//784 2107//784 2108//784
f 2068//785 2108//785 2069//785
f 2069//784 2108//784 2109//784
f 2069//784 2109//784 2071//784
f 2071//784 2109//784 2110//784
f 2071//784 2110//784 2073//784
f 2073//786 2110//786 2111//786
f 2073//785 2111//785 2075//785
f 2075//784 2111//784 2112//784
f 2075//784 2112//784 2077//784
f 2077//838 2112//838 2113//838
f 2077//784 2113//784 2079//784
f 2095//785 2114//785 2096//785
f 2096//784 2114//784 2115//784
f 2096//784 2115//784 2116//784
f 2116//784 2115//784 2117//784
f 2116//784 2117//784 2118//784
f 2118//784 2117//784 2119//784
f 2118//787 2119//787 2120//787
f 2120//784 2119//784 2121//784
f 2120//784 2121//784 2122//784
f 2122//938 2121//938 2123//938
f 2122//785 2123//785 2098//785
f 2098//784 2123//784 2124//784
f 2098//1710 2124//1710 2099//1710
f 2125//784 2126//784 2127//784
f 2097//784 2099//784 2128//784
f 2128//784 2099//784 2129//784
f 2128//784 2129//784 2126//784
f 2126//784 2129//784 2130//784
f 2126//787 2130//787 2127//787
f 2113//784 2131//784 2079//784
f 2079//784 2131//784 2132//784
f 2079//784 2132//784 2081//784
f 2081//784 2132//784 2133//784
f 2081//784 2133//784 2083//784
f 2083//785 2133//785 2134//785
f 2083//938 2134//938 2135//938
f 2135//784 2134//784 2136//784
f 2127//784 2137//784 2125//784
f 2125//785 2137//785 2138//785
f 2125//784 2138//784 2139//784
f 2139//785 2138//785 2136//785
f 2139//785 2136//785 2140//785
f 2140//785 2136//785 2134//785
f 2084//1711 2083//1711 2141//1711
f 2141//1712 2083//1712 2135//1712
f 2141//1713 2135//1713 2142//1713
f 2142//1714 2135//1714 2136//1714
f 2142//1715 2136//1715 2143//1715
f 2143//1716 2136//1716 2138//1716
f 2143//1717 2138//1717 2144//1717
f 2144//1718 2138//1718 2137//1718
f 2144//1719 2137//1719 2145//1719
f 2145//1720 2137//1720 2127//1720
f 2145//1721 2127//1721 2146//1721
f 2127//1722 2130//1722 2146//1722
f 2146//1723 2130//1723 2129//1723
f 2146//1724 2129//1724 2147//1724
f 2147//1725 2129//1725 2099//1725
f 2147//1726 2099//1726 2148//1726
f 2148//1727 2099//1727 2124//1727
f 2148//1728 2124//1728 2149//1728
f 2149//1729 2124//1729 2123//1729
f 2149//1730 2123//1730 2150//1730
f 2150//1731 2123//1731 2121//1731
f 2150//1732 2121//1732 2151//1732
f 2151//1733 2121//1733 2119//1733
f 2151//1734 2119//1734 2152//1734
f 2152//1735 2119//1735 2117//1735
f 2152//1736 2117//1736 2153//1736
f 2153//1737 2117//1737 2115//1737
f 2153//1738 2115//1738 2154//1738
f 2154//1739 2115//1739 2114//1739
f 2154//1740 2114//1740 2155//1740
f 2155//1741 2114//1741 2095//1741
f 2155//1742 2095//1742 2156//1742
f 2156//1743 2095//1743 2093//1743
f 2157//1744 2158//1744 2159//1744
f 2089//1745 2157//1745 2091//1745
f 2091//1746 2157//1746 2159//1746
f 2091//1747 2159//1747 2093//1747
f 2093//1748 2159//1748 2160//1748
f 2093//1749 2160//1749 2156//1749
f 2158//1707 2157//1707 2161//1707
f 2161//1750 2157//1750 2089//1750
f 2161//1751 2089//1751 2088//1751
f 2162//735 2057//735 2163//735
f 2163//735 2057//735 2055//735
f 2163//735 2055//735 2164//735
f 2085//735 2061//735 2165//735
f 2165//738 2061//738 2060//738
f 2165//738 2060//738 2162//738
f 2162//735 2060//735 2059//735
f 2162//735 2059//735 2057//735
f 2055//738 2053//738 2164//738
f 2164//735 2053//735 2052//735
f 2164//735 2052//735 2166//735
f 2166//735 2052//735 2065//735
f 2166//734 2065//734 2167//734
f 2167//737 2065//737 2063//737
f 2167//734 2063//734 2168//734
f 2168//734 2063//734 2062//734
f 2168//734 2062//734 2169//734
f 2146//735 2147//735 2170//735
f 2158//735 2161//735 2159//735
f 2159//734 2161//734 2171//734
f 2159//734 2171//734 2160//734
f 2160//735 2171//735 2172//735
f 2170//1752 2147//1752 2173//1752
f 2173//734 2147//734 2148//734
f 2173//734 2148//734 2174//734
f 2169//734 2062//734 2175//734
f 2175//738 2062//738 2070//738
f 2175//735 2070//735 2176//735
f 2176//735 2070//735 2072//735
f 2176//735 2072//735 2177//735
f 2148//735 2149//735 2174//735
f 2174//734 2149//734 2150//734
f 2174//734 2150//734 2178//734
f 2178//735 2150//735 2151//735
f 2178//735 2151//735 2179//735
f 2179//735 2151//735 2152//735
f 2179//735 2152//735 2180//735
f 2180//734 2152//734 2153//734
f 2180//734 2153//734 2181//734
f 2181//734 2153//734 2154//734
f 2181//1753 2154//1753 2182//1753
f 2182//735 2154//735 2155//735
f 2182//735 2155//735 2172//735
f 2172//734 2155//734 2156//734
f 2172//735 2156//735 2160//735
f 2170//735 2183//735 2146//735
f 2146//735 2183//735 2184//735
f 2146//735 2184//735 2145//735
f 2145//739 2184//739 2185//739
f 2145//735 2185//735 2144//735
f 2144//735 2185//735 2186//735
f 2144//735 2186//735 2143//735
f 2143//734 2186//734 2187//734
f 2143//734 2187//734 2142//734
f 2142//735 2187//735 2188//735
f 2142//735 2188//735 2141//735
f 2141//734 2188//734 2189//734
f 2141//735 2189//735 2084//735
f 2084//735 2189//735 2190//735
f 2084//734 2190//734 2082//734
f 2082//735 2190//735 2191//735
f 2082//735 2191//735 2080//735
f 2080//735 2191//735 2192//735
f 2080//735 2192//735 2078//735
f 2078//735 2192//735 2193//735
f 2078//735 2193//735 2076//735
f 2076//734 2193//734 2177//734
f 2076//734 2177//734 2074//734
f 2074//734 2177//734 2072//734
f 2194//1754 2195//1754 2196//1754
f 2196//1755 2195//1755 2197//1755
f 2196//1756 2197//1756 2198//1756
f 2199//1757 2200//1757 2201//1757
f 2201//1758 2200//1758 2202//1758
f 2201//1759 2202//1759 2203//1759
f 2201//1760 2203//1760 2204//1760
f 2205//1761 2206//1761 2207//1761
f 2207//1762 2206//1762 2208//1762
f 2207//1763 2208//1763 2204//1763
f 2204//1764 2208//1764 2199//1764
f 2204//1765 2199//1765 2201//1765
f 2209//1766 2210//1766 2211//1766
f 2211//1767 2210//1767 2212//1767
f 2211//1768 2212//1768 2213//1768
f 2213//1769 2212//1769 2214//1769
f 2213//1770 2214//1770 2205//1770
f 2205//1771 2214//1771 2215//1771
f 2205//1772 2215//1772 2206//1772
f 2211//1773 2216//1773 2209//1773
f 2209//1774 2216//1774 2217//1774
f 2209//1775 2217//1775 2218//1775
f 2218//1776 2217//1776 2219//1776
f 2218//1777 2219//1777 2220//1777
f 2220//1778 2219//1778 2221//1778
f 2219//1779 2222//1779 2221//1779
f 2221//1780 2222//1780 2223//1780
f 2221//1781 2223//1781 2224//1781
f 2224//1782 2223//1782 2225//1782
f 2224//1783 2225//1783 2226//1783
f 2226//1784 2225//1784 2227//1784
f 2226//1785 2227//1785 2228//1785
f 2228//1786 2227//1786 2229//1786
f 2228//1787 2229//1787 2230//1787
f 2231//1788 2232//1788 2233//1788
f 2230//1789 2229//1789 2233//1789
f 2233//1790 2229//1790 2234//1790
f 2233//1791 2234//1791 2231//1791
f 2231//1792 2235//1792 2232//1792
f 2232//1793 2235//1793 2236//1793
f 2232//1794 2236//1794 2237//1794
f 2237//1795 2236//1795 2238//1795
f 2237//1796 2238//1796 2239//1796
f 2204//784 2203//784 2202//784
f 2240//784 2198//784 2197//784
f 2219//784 2217//784 2241//784
f 2240//784 2197//784 2242//784
f 2242//938 2197//938 2243//938
f 2242//938 2243//938 2244//938
f 2244//787 2243//787 2245//787
f 2244//784 2245//784 2246//784
f 2241//784 2217//784 2247//784
f 2227//787 2225//787 2248//787
f 2248//784 2225//784 2223//784
f 2248//784 2223//784 2249//784
f 2249//785 2223//785 2222//785
f 2249//785 2222//785 2250//785
f 2250//784 2222//784 2219//784
f 2250//784 2219//784 2251//784
f 2251//785 2219//785 2241//785
f 2245//788 2252//788 2246//788
f 2246//784 2252//784 2253//784
f 2246//784 2253//784 2254//784
f 2254//784 2253//784 2255//784
f 2254//784 2255//784 2256//784
f 2204//784 2202//784 2207//784
f 2227//784 2248//784 2229//784
f 2229//784 2248//784 2257//784
f 2229//785 2257//785 2234//785
f 2217//784 2216//784 2247//784
f 2247//785 2216//785 2211//785
f 2247//785 2211//785 2258//785
f 2258//784 2211//784 2213//784
f 2258//784 2213//784 2259//784
f 2259//785 2213//785 2205//785
f 2259//784 2205//784 2260//784
f 2260//784 2205//784 2207//784
f 2260//784 2207//784 2261//784
f 2261//784 2207//784 2202//784
f 2262//784 2263//784 2264//784
f 2264//784 2263//784 2265//784
f 2264//784 2265//784 2266//784
f 2266//784 2265//784 2267//784
f 2266//784 2267//784 2268//784
f 2255//784 2269//784 2256//784
f 2256//784 2269//784 2270//784
f 2256//784 2270//784 2271//784
f 2271//784 2270//784 2272//784
f 2271//784 2272//784 2273//784
f 2273//938 2272//938 2274//938
f 2273//785 2274//785 2275//785
f 2275//785 2274//785 2276//785
f 2275//788 2276//788 2277//788
f 2277//787 2276//787 2278//787
f 2277//784 2278//784 2279//784
f 2279//784 2278//784 2280//784
f 2279//784 2280//784 2262//784
f 2262//784 2280//784 2281//784
f 2262//784 2281//784 2263//784
f 2268//785 2267//785 2282//785
f 2282//784 2267//784 2283//784
f 2282//784 2283//784 2238//784
f 2257//784 2284//784 2234//784
f 2234//1797 2284//1797 2285//1797
f 2234//784 2285//784 2231//784
f 2231//784 2285//784 2286//784
f 2231//784 2286//784 2235//784
f 2235//784 2286//784 2287//784
f 2235//784 2287//784 2236//784
f 2236//784 2287//784 2288//784
f 2236//784 2288//784 2238//784
f 2238//784 2288//784 2289//784
f 2238//784 2289//784 2282//784
f 2290//1798 2291//1798 2281//1798
f 2292//1799 2267//1799 2265//1799
f 2267//1800 2292//1800 2283//1800
f 2283//1801 2292//1801 2239//1801
f 2283//1802 2239//1802 2238//1802
f 2281//1803 2291//1803 2263//1803
f 2263//1804 2291//1804 2293//1804
f 2263//1805 2293//1805 2265//1805
f 2265//1806 2293//1806 2294//1806
f 2265//1807 2294//1807 2292//1807
f 2295//1808 2296//1808 2270//1808
f 2270//1809 2296//1809 2297//1809
f 2270//1810 2297//1810 2272//1810
f 2272//1811 2297//1811 2298//1811
f 2290//1812 2281//1812 2299//1812
f 2299//1813 2281//1813 2280//1813
f 2299//1814 2280//1814 2300//1814
f 2300//1815 2280//1815 2278//1815
f 2300//1816 2278//1816 2301//1816
f 2301//1817 2278//1817 2276//1817
f 2301//1818 2276//1818 2298//1818
f 2298//1819 2276//1819 2274//1819
f 2298//1820 2274//1820 2272//1820
f 2270//1821 2269//1821 2295//1821
f 2295//1822 2269//1822 2255//1822
f 2295//1823 2255//1823 2302//1823
f 2302//1824 2255//1824 2253//1824
f 2302//1825 2253//1825 2303//1825
f 2303//1826 2253//1826 2304//1826
f 2304//1827 2253//1827 2252//1827
f 2304//1828 2252//1828 2305//1828
f 2195//1829 2194//1829 2306//1829
f 2252//1830 2245//1830 2305//1830
f 2305//1831 2245//1831 2243//1831
f 2305//1832 2243//1832 2306//1832
f 2306//1833 2243//1833 2197//1833
f 2306//1834 2197//1834 2195//1834
f 2200//887 2199//887 2307//887
f 2307//735 2199//735 2208//735
f 2214//739 2308//739 2215//739
f 2215//735 2308//735 2309//735
f 2215//738 2309//738 2206//738
f 2206//734 2309//734 2310//734
f 2206//739 2310//739 2208//739
f 2208//734 2310//734 2311//734
f 2208//735 2311//735 2307//735
f 2194//735 2196//735 2306//735
f 2306//734 2196//734 2312//734
f 2306//734 2312//734 2305//734
f 2305//735 2312//735 2313//735
f 2305//735 2313//735 2304//735
f 2304//735 2313//735 2314//735
f 2304//735 2314//735 2303//735
f 2294//735 2293//735 2315//735
f 2214//734 2212//734 2308//734
f 2308//1835 2212//1835 2210//1835
f 2308//735 2210//735 2316//735
f 2316//735 2210//735 2209//735
f 2316//735 2209//735 2317//735
f 2317//738 2209//738 2218//738
f 2317//738 2218//738 2318//738
f 2318//1836 2218//1836 2220//1836
f 2318//735 2220//735 2319//735
f 2319//735 2220//735 2221//735
f 2319//735 2221//735 2320//735
f 2320//735 2221//735 2224//735
f 2320//738 2224//738 2321//738
f 2321//739 2224//739 2226//739
f 2321//735 2226//735 2322//735
f 2322//735 2226//735 2228//735
f 2322//735 2228//735 2323//735
f 2237//735 2239//735 2324//735
f 2303//735 2314//735 2302//735
f 2302//739 2314//739 2325//739
f 2302//735 2325//735 2295//735
f 2295//734 2325//734 2326//734
f 2295//734 2326//734 2296//734
f 2296//735 2326//735 2327//735
f 2296//735 2327//735 2297//735
f 2297//735 2327//735 2328//735
f 2297//735 2328//735 2298//735
f 2298//734 2328//734 2329//734
f 2298//735 2329//735 2301//735
f 2301//734 2329//734 2330//734
f 2301//734 2330//734 2300//734
f 2300//735 2330//735 2331//735
f 2300//734 2331//734 2299//734
f 2299//735 2331//735 2332//735
f 2299//735 2332//735 2333//735
f 2228//735 2230//735 2323//735
f 2323//735 2230//735 2233//735
f 2323//735 2233//735 2334//735
f 2334//735 2233//735 2232//735
f 2334//735 2232//735 2335//735
f 2335//735 2232//735 2237//735
f 2335//735 2237//735 2336//735
f 2336//735 2237//735 2324//735
f 2315//735 2293//735 2337//735
f 2337//735 2293//735 2291//735
f 2337//738 2291//738 2333//738
f 2333//734 2291//734 2290//734
f 2333//734 2290//734 2299//734
f 2294//735 2315//735 2292//735
f 2292//735 2315//735 2338//735
f 2292//735 2338//735 2239//735
f 2239//734 2338//734 2339//734
f 2239//735 2339//735 2324//735
f 2340//1837 2341//1837 2342//1837
f 2342//1838 2341//1838 2343//1838
f 2342//1839 2343//1839 2344//1839
f 2345//1840 2346//1840 2347//1840
f 2348//1841 2345//1841 2349//1841
f 2349//1842 2345//1842 2347//1842
f 2349//1843 2347//1843 2350//1843
f 2350//1844 2347//1844 2351//1844
f 2350//1845 2351//1845 2352//1845
f 2352//1846 2351//1846 2353//1846
f 2353//1847 2351//1847 2354//1847
f 2353//1848 2354//1848 2355//1848
f 2355//1849 2354//1849 2356//1849
f 2355//1850 2356//1850 2357//1850
f 2357//1851 2356//1851 2358//1851
f 2357//1852 2358//1852 2359//1852
f 2359//1853 2358//1853 2360//1853
f 2359//1854 2360//1854 2361//1854
f 2361//1855 2360//1855 2362//1855
f 2361//1856 2362//1856 2363//1856
f 2363//1857 2362//1857 2364//1857
f 2363//1858 2364//1858 2365//1858
f 2365//1859 2364//1859 2366//1859
f 2365//1860 2366//1860 2367//1860
f 2367//1861 2366//1861 2368//1861
f 2367//1862 2368//1862 2369//1862
f 2368//1863 2370//1863 2369//1863
f 2369//1864 2370//1864 2371//1864
f 2369//1865 2371//1865 2372//1865
f 2372//1866 2371//1866 2373//1866
f 2372//1867 2373//1867 2374//1867
f 2374//1868 2373//1868 2375//1868
f 2374//1869 2375//1869 2376//1869
f 2375//1870 2377//1870 2376//1870
f 2376//1871 2377//1871 2378//1871
f 2376//1872 2378//1872 2379//1872
f 2379//1873 2378//1873 2380//1873
f 2379//1874 2380//1874 2381//1874
f 2348//1837 2382//1837 2345//1837
f 2345//1875 2382//1875 2383//1875
f 2345//1876 2383//1876 2346//1876
f 2384//784 2385//784 2386//784
f 2344//785 2343//785 2387//785
f 2346//937 2383//937 2388//937
f 2346//784 2388//784 2347//784
f 2344//784 2387//784 2389//784
f 2389//784 2387//784 2390//784
f 2389//784 2390//784 2391//784
f 2391//789 2390//789 2392//789
f 2391//787 2392//787 2393//787
f 2392//938 2394//938 2393//938
f 2393//785 2394//785 2395//785
f 2393//784 2395//784 2396//784
f 2396//788 2395//788 2397//788
f 2396//784 2397//784 2398//784
f 2398//784 2397//784 2399//784
f 2398//784 2399//784 2385//784
f 2385//784 2399//784 2400//784
f 2385//1877 2400//1877 2386//1877
f 2388//784 2401//784 2347//784
f 2347//785 2401//785 2402//785
f 2347//785 2402//785 2351//785
f 2351//784 2402//784 2403//784
f 2351//784 2403//784 2354//784
f 2354//784 2403//784 2404//784
f 2384//784 2386//784 2405//784
f 2405//784 2386//784 2406//784
f 2405//784 2406//784 2407//784
f 2407//784 2406//784 2408//784
f 2407//785 2408//785 2409//785
f 2409//785 2408//785 2410//785
f 2409//785 2410//785 2411//785
f 2377//784 2375//784 2412//784
f 2412//938 2375//938 2373//938
f 2412//785 2373//785 2413//785
f 2413//784 2373//784 2371//784
f 2413//784 2371//784 2414//784
f 2414//785 2371//785 2370//785
f 2414//784 2370//784 2415//784
f 2415//1352 2370//1352 2368//1352
f 2415//784 2368//784 2416//784
f 2410//784 2417//784 2411//784
f 2411//784 2417//784 2418//784
f 2411//784 2418//784 2419//784
f 2419//938 2418//938 2420//938
f 2419//784 2420//784 2421//784
f 2412//838 2422//838 2377//838
f 2377//784 2422//784 2423//784
f 2377//784 2423//784 2378//784
f 2378//784 2423//784 2424//784
f 2378//784 2424//784 2380//784
f 2380//784 2424//784 2425//784
f 2380//784 2425//784 2426//784
f 2426//784 2425//784 2427//784
f 2426//784 2427//784 2428//784
f 2428//784 2427//784 2421//784
f 2428//784 2421//784 2429//784
f 2429//838 2421//838 2420//838
f 2368//785 2366//785 2416//785
f 2416//784 2366//784 2364//784
f 2416//784 2364//784 2430//784
f 2430//785 2364//785 2362//785
f 2430//787 2362//787 2431//787
f 2431//787 2362//787 2360//787
f 2431//784 2360//784 2432//784
f 2432//784 2360//784 2358//784
f 2432//784 2358//784 2404//784
f 2404//784 2358//784 2356//784
f 2404//784 2356//784 2354//784
f 2381//1878 2380//1878 2426//1878
f 2381//1879 2426//1879 2433//1879
f 2433//1880 2426//1880 2428//1880
f 2433//1881 2428//1881 2434//1881
f 2434//1882 2428//1882 2435//1882
f 2435//1882 2428//1882 2429//1882
f 2435//1883 2429//1883 2436//1883
f 2436//1884 2429//1884 2420//1884
f 2436//1885 2420//1885 2437//1885
f 2437//1886 2420//1886 2418//1886
f 2437//1887 2418//1887 2438//1887
f 2438//1888 2418//1888 2417//1888
f 2438//1889 2417//1889 2439//1889
f 2439//1890 2417//1890 2410//1890
f 2439//1891 2410//1891 2440//1891
f 2440//1892 2410//1892 2408//1892
f 2440//1893 2408//1893 2441//1893
f 2408//1894 2406//1894 2441//1894
f 2441//1895 2406//1895 2386//1895
f 2441//1896 2386//1896 2442//1896
f 2442//1897 2386//1897 2400//1897
f 2442//1898 2400//1898 2443//1898
f 2443//1899 2400//1899 2399//1899
f 2443//1900 2399//1900 2444//1900
f 2444//1901 2399//1901 2397//1901
f 2444//1902 2397//1902 2445//1902
f 2445//1903 2397//1903 2395//1903
f 2445//1904 2395//1904 2446//1904
f 2446//1905 2395//1905 2394//1905
f 2446//1906 2394//1906 2447//1906
f 2447//1907 2394//1907 2392//1907
f 2447//1908 2392//1908 2448//1908
f 2448//1909 2392//1909 2390//1909
f 2448//1910 2390//1910 2340//1910
f 2340//1911 2390//1911 2387//1911
f 2340//1912 2387//1912 2341//1912
f 2341//1913 2387//1913 2343//1913
f 2449//886 2450//886 2442//886
f 2442//735 2450//735 2441//735
f 2451//734 2452//734 2445//734
f 2449//735 2442//735 2453//735
f 2453//735 2442//735 2443//735
f 2453//735 2443//735 2452//735
f 2452//734 2443//734 2444//734
f 2452//1753 2444//1753 2445//1753
f 2340//735 2342//735 2448//735
f 2448//734 2342//734 2454//734
f 2448//887 2454//887 2447//887
f 2447//735 2454//735 2451//735
f 2447//735 2451//735 2446//735
f 2446//735 2451//735 2445//735
f 2382//735 2348//735 2455//735
f 2455//735 2348//735 2349//735
f 2455//735 2349//735 2456//735
f 2456//735 2349//735 2350//735
f 2456//735 2350//735 2457//735
f 2457//735 2350//735 2352//735
f 2457//735 2352//735 2458//735
f 2352//735 2353//735 2458//735
f 2458//735 2353//735 2355//735
f 2458//735 2355//735 2459//735
f 2459//738 2355//738 2357//738
f 2459//738 2357//738 2460//738
f 2460//735 2357//735 2359//735
f 2460//734 2359//734 2461//734
f 2461//887 2359//887 2361//887
f 2461//735 2361//735 2462//735
f 2372//735 2463//735 2369//735
f 2369//735 2463//735 2464//735
f 2369//735 2464//735 2367//735
f 2367//735 2464//735 2465//735
f 2367//735 2465//735 2365//735
f 2365//734 2465//734 2462//734
f 2365//739 2462//739 2363//739
f 2363//734 2462//734 2361//734
f 2450//735 2466//735 2441//735
f 2441//735 2466//735 2467//735
f 2441//735 2467//735 2440//735
f 2440//735 2467//735 2468//735
f 2440//734 2468//734 2439//734
f 2439//734 2468//734 2469//734
f 2439//734 2469//734 2438//734
f 2438//735 2469//735 2470//735
f 2438//739 2470//739 2437//739
f 2437//735 2470//735 2436//735
f 2436//735 2470//735 2435//735
f 2435//735 2470//735 2471//735
f 2435//735 2471//735 2434//735
f 2434//735 2471//735 2472//735
f 2434//735 2472//735 2433//735
f 2433//734 2472//734 2473//734
f 2433//734 2473//734 2381//734
f 2381//735 2473//735 2474//735
f 2381//735 2474//735 2379//735
f 2379//735 2474//735 2475//735
f 2379//735 2475//735 2376//735
f 2376//1448 2475//1448 2476//1448
f 2376//735 2476//735 2374//735
f 2374//734 2476//734 2477//734
f 2374//735 2477//735 2372//735
f 2372//735 2477//735 2478//735
f 2372//735 2478//735 2463//735
f 2479//1914 2480//1914 2481//1914
f 2481//1914 2480//1914 2482//1914
f 2483//784 2484//784 2485//784
f 2486//784 2487//784 2488//784
f 2488//784 2487//784 2489//784
f 2490//784 2491//784 2492//784
f 2485//784 2484//784 2493//784
f 2482//785 2480//785 2494//785
f 2494//785 2480//785 2495//785
f 2494//784 2495//784 2496//784
f 2497//784 2498//784 2499//784
f 2499//784 2498//784 2500//784
f 2499//784 2500//784 2501//784
f 2501//784 2500//784 2502//784
f 2501//784 2502//784 2503//784
f 2503//784 2502//784 2504//784
f 2503//784 2504//784 2505//784
f 2495//784 2506//784 2496//784
f 2496//784 2506//784 2507//784
f 2496//784 2507//784 2508//784
f 2508//784 2507//784 2509//784
f 2508//784 2509//784 2486//784
f 2486//787 2509//787 2510//787
f 2486//784 2510//784 2487//784
f 2490//787 2492//787 2511//787
f 2511//938 2492//938 2512//938
f 2511//938 2512//938 2513//938
f 2513//787 2512//787 2514//787
f 2513//787 2514//787 2489//787
f 2489//938 2514//938 2515//938
f 2489//1915 2515//1915 2488//1915
f 2484//784 2516//784 2493//784
f 2493//784 2516//784 2517//784
f 2493//784 2517//784 2518//784
f 2518//785 2517//785 2519//785
f 2518//785 2519//785 2520//785
f 2520//784 2519//784 2521//784
f 2520//784 2521//784 2522//784
f 2522//784 2521//784 2523//784
f 2522//784 2523//784 2524//784
f 2524//784 2523//784 2525//784
f 2524//784 2525//784 2497//784
f 2497//784 2525//784 2526//784
f 2497//785 2526//785 2498//785
f 2485//784 2527//784 2483//784
f 2483//784 2527//784 2528//784
f 2483//784 2528//784 2529//784
f 2529//784 2528//784 2530//784
f 2529//784 2530//784 2531//784
f 2531//784 2530//784 2532//784
f 2531//784 2532//784 2533//784
f 2533//785 2532//785 2534//785
f 2533//785 2534//785 2535//785
f 2535//784 2534//784 2536//784
f 2535//784 2536//784 2537//784
f 2537//784 2536//784 2538//784
f 2537//784 2538//784 2539//784
f 2539//784 2538//784 2540//784
f 2539//784 2540//784 2491//784
f 2491//784 2540//784 2541//784
f 2491//784 2541//784 2492//784
f 2542//1916 2543//1916 2544//1916
f 2544//1917 2543//1917 2505//1917
f 2544//1918 2505//1918 2504//1918
f 2544//1919 2504//1919 2502//1919
f 2542//1920 2544//1920 2545//1920
f 2545//1921 2544//1921 2502//1921
f 2545//1922 2502//1922 2546//1922
f 2546//1923 2502//1923 2500//1923
f 2547//1924 2548//1924 2519//1924
f 2519//1925 2548//1925 2521//1925
f 2521//1926 2548//1926 2549//1926
f 2521//1927 2549//1927 2523//1927
f 2523//1928 2549//1928 2550//1928
f 2523//1929 2550//1929 2525//1929
f 2525//1930 2550//1930 2551//1930
f 2525//1931 2551//1931 2526//1931
f 2526//1932 2551//1932 2552//1932
f 2526//1933 2552//1933 2498//1933
f 2498//1934 2552//1934 2553//1934
f 2498//1935 2553//1935 2500//1935
f 2500//1936 2553//1936 2554//1936
f 2500//1937 2554//1937 2546//1937
f 2547//1938 2519//1938 2555//1938
f 2555//1939 2519//1939 2517//1939
f 2555//1940 2517//1940 2556//1940
f 2556//1941 2517//1941 2516//1941
f 2556//1942 2516//1942 2557//1942
f 2557//1943 2516//1943 2484//1943
f 2557//1944 2484//1944 2483//1944
f 2558//1945 2559//1945 2483//1945
f 2483//1946 2559//1946 2560//1946
f 2483//1947 2560//1947 2557//1947
f 2483//1948 2529//1948 2558//1948
f 2558//1949 2529//1949 2531//1949
f 2558//1950 2531//1950 2561//1950
f 2562//1951 2563//1951 2510//1951
f 2535//1952 2564//1952 2533//1952
f 2533//1953 2564//1953 2561//1953
f 2533//1954 2561//1954 2531//1954
f 2539//1955 2491//1955 2565//1955
f 2565//1956 2491//1956 2566//1956
f 2565//1957 2567//1957 2539//1957
f 2539//1958 2567//1958 2568//1958
f 2539//1959 2568//1959 2537//1959
f 2537//1960 2568//1960 2569//1960
f 2537//1961 2569//1961 2535//1961
f 2535//1962 2569//1962 2570//1962
f 2535//1963 2570//1963 2564//1963
f 2510//1964 2563//1964 2487//1964
f 2487//1965 2563//1965 2571//1965
f 2487//1966 2571//1966 2489//1966
f 2491//1967 2490//1967 2566//1967
f 2566//1968 2490//1968 2511//1968
f 2566//1969 2511//1969 2572//1969
f 2572//1970 2511//1970 2513//1970
f 2572//1971 2513//1971 2573//1971
f 2573//1972 2513//1972 2489//1972
f 2573//1973 2489//1973 2574//1973
f 2574//1974 2489//1974 2571//1974
f 2510//1975 2509//1975 2562//1975
f 2562//1976 2509//1976 2507//1976
f 2562//1977 2507//1977 2575//1977
f 2575//1978 2507//1978 2506//1978
f 2575//1979 2506//1979 2576//1979
f 2576//1980 2506//1980 2495//1980
f 2576//1981 2495//1981 2479//1981
f 2479//1982 2495//1982 2480//1982
f 2577//735 2578//735 2554//735
f 2543//735 2542//735 2579//735
f 2579//735 2542//735 2545//735
f 2579//735 2545//735 2578//735
f 2578//735 2545//735 2546//735
f 2578//735 2546//735 2554//735
f 2554//735 2553//735 2577//735
f 2577//1983 2553//1983 2552//1983
f 2577//735 2552//735 2580//735
f 2580//735 2552//735 2551//735
f 2580//735 2551//735 2581//735
f 2582//734 2583//734 2572//734
f 2572//738 2583//738 2584//738
f 2572//735 2584//735 2566//735
f 2572//735 2573//735 2582//735
f 2582//735 2573//735 2574//735
f 2582//735 2574//735 2585//735
f 2585//734 2574//734 2571//734
f 2585//734 2571//734 2586//734
f 2479//735 2481//735 2576//735
f 2576//887 2481//887 2587//887
f 2576//887 2587//887 2575//887
f 2575//735 2587//735 2588//735
f 2575//734 2588//734 2562//734
f 2562//739 2588//739 2586//739
f 2562//739 2586//739 2563//739
f 2563//1448 2586//1448 2571//1448
f 2589//734 2569//734 2590//734
f 2590//735 2569//735 2568//735
f 2590//735 2568//735 2591//735
f 2551//738 2550//738 2581//738
f 2581//886 2550//886 2549//886
f 2581//735 2549//735 2592//735
f 2592//735 2549//735 2548//735
f 2592//735 2548//735 2593//735
f 2593//735 2548//735 2547//735
f 2593//735 2547//735 2594//735
f 2594//738 2547//738 2555//738
f 2594//735 2555//735 2595//735
f 2595//734 2555//734 2556//734
f 2595//734 2556//734 2596//734
f 2596//735 2556//735 2557//735
f 2596//734 2557//734 2597//734
f 2597//734 2557//734 2598//734
f 2584//735 2599//735 2566//735
f 2566//734 2599//734 2600//734
f 2566//734 2600//734 2565//734
f 2565//734 2600//734 2591//734
f 2565//739 2591//739 2567//739
f 2567//735 2591//735 2568//735
f 2557//735 2560//735 2598//735
f 2598//735 2560//735 2559//735
f 2598//735 2559//735 2601//735
f 2601//735 2559//735 2558//735
f 2601//734 2558//734 2602//734
f 2602//734 2558//734 2561//734
f 2602//734 2561//734 2603//734
f 2603//735 2561//735 2564//735
f 2603//735 2564//735 2589//735
f 2589//735 2564//735 2570//735
f 2589//735 2570//735 2569//735
f 2604//1984 2605//1984 2606//1984
f 2605//1985 2604//1985 2607//1985
f 2607//1986 2604//1986 2608//1986
f 2607//1987 2608//1987 2609//1987
f 2610//784 2611//784 2612//784
f 2613//784 2614//784 2615//784
f 2615//784 2614//784 2616//784
f 2616//784 2614//784 2617//784
f 2616//784 2617//784 2618//784
f 2618//784 2617//784 2619//784
f 2618//787 2619//787 2620//787
f 2621//784 2609//784 2608//784
f 2622//785 2623//785 2624//785
f 2620//784 2619//784 2625//784
f 2625//785 2619//785 2626//785
f 2625//938 2626//938 2627//938
f 2628//785 2629//785 2630//785
f 2610//784 2612//784 2627//784
f 2627//789 2612//789 2631//789
f 2627//789 2631//789 2625//789
f 2621//784 2608//784 2632//784
f 2632//784 2608//784 2633//784
f 2632//784 2633//784 2634//784
f 2634//784 2633//784 2635//784
f 2634//784 2635//784 2636//784
f 2636//784 2635//784 2637//784
f 2636//784 2637//784 2638//784
f 2613//785 2615//785 2639//785
f 2639//784 2615//784 2640//784
f 2639//784 2640//784 2641//784
f 2641//785 2640//785 2642//785
f 2641//785 2642//785 2643//785
f 2643//784 2642//784 2644//784
f 2643//784 2644//784 2629//784
f 2629//785 2644//785 2645//785
f 2629//784 2645//784 2630//784
f 2637//1988 2646//1988 2638//1988
f 2638//784 2646//784 2647//784
f 2638//784 2647//784 2648//784
f 2648//784 2647//784 2649//784
f 2648//784 2649//784 2650//784
f 2650//784 2649//784 2651//784
f 2650//789 2651//789 2652//789
f 2652//784 2651//784 2653//784
f 2652//784 2653//784 2623//784
f 2623//787 2653//787 2654//787
f 2623//784 2654//784 2624//784
f 2622//938 2624//938 2655//938
f 2655//784 2624//784 2656//784
f 2655//784 2656//784 2657//784
f 2630//784 2658//784 2628//784
f 2628//784 2658//784 2659//784
f 2628//784 2659//784 2660//784
f 2660//784 2659//784 2661//784
f 2660//784 2661//784 2662//784
f 2662//784 2661//784 2663//784
f 2662//784 2663//784 2664//784
f 2664//784 2663//784 2665//784
f 2664//784 2665//784 2666//784
f 2666//784 2665//784 2657//784
f 2666//785 2657//785 2667//785
f 2667//785 2657//785 2656//785
f 2612//1989 2611//1989 2668//1989
f 2668//1990 2611//1990 2669//1990
f 2668//1991 2669//1991 2670//1991
f 2669//1992 2611//1992 2610//1992
f 2669//1993 2610//1993 2671//1993
f 2671//1994 2610//1994 2627//1994
f 2671//1995 2627//1995 2672//1995
f 2672//1996 2627//1996 2626//1996
f 2672//1997 2626//1997 2673//1997
f 2673//1998 2626//1998 2619//1998
f 2673//1999 2619//1999 2674//1999
f 2674//2000 2619//2000 2617//2000
f 2674//2001 2617//2001 2675//2001
f 2675//2002 2617//2002 2614//2002
f 2675//2003 2614//2003 2676//2003
f 2676//2004 2614//2004 2613//2004
f 2676//2005 2613//2005 2677//2005
f 2677//2006 2613//2006 2639//2006
f 2677//2007 2639//2007 2678//2007
f 2678//2008 2639//2008 2641//2008
f 2678//2009 2641//2009 2679//2009
f 2679//2010 2641//2010 2680//2010
f 2680//2011 2641//2011 2643//2011
f 2680//2012 2643//2012 2681//2012
f 2643//2012 2629//2012 2681//2012
f 2681//2013 2629//2013 2628//2013
f 2681//2014 2628//2014 2682//2014
f 2682//2015 2628//2015 2660//2015
f 2682//2016 2660//2016 2683//2016
f 2683//2017 2660//2017 2662//2017
f 2683//2018 2662//2018 2684//2018
f 2684//2019 2662//2019 2664//2019
f 2684//2020 2664//2020 2685//2020
f 2685//2021 2664//2021 2666//2021
f 2685//2022 2666//2022 2686//2022
f 2666//2023 2667//2023 2686//2023
f 2686//2024 2667//2024 2656//2024
f 2686//2025 2656//2025 2687//2025
f 2687//2026 2656//2026 2688//2026
f 2688//2027 2656//2027 2624//2027
f 2688//2028 2624//2028 2689//2028
f 2690//2029 2651//2029 2691//2029
f 2691//2030 2651//2030 2649//2030
f 2691//2031 2649//2031 2692//2031
f 2689//2032 2624//2032 2693//2032
f 2693//2033 2624//2033 2654//2033
f 2693//2034 2654//2034 2690//2034
f 2690//2035 2654//2035 2653//2035
f 2690//2036 2653//2036 2651//2036
f 2692//2037 2649//2037 2694//2037
f 2694//2038 2649//2038 2647//2038
f 2694//2039 2647//2039 2695//2039
f 2635//2040 2696//2040 2637//2040
f 2637//2041 2696//2041 2695//2041
f 2637//2042 2695//2042 2646//2042
f 2646//2043 2695//2043 2647//2043
f 2604//2044 2606//2044 2697//2044
f 2608//2045 2604//2045 2633//2045
f 2633//2046 2604//2046 2697//2046
f 2633//2047 2697//2047 2635//2047
f 2635//2048 2697//2048 2698//2048
f 2635//2049 2698//2049 2696//2049
f 2695//735 2696//735 2699//735
f 2700//735 2670//735 2669//735
f 2606//735 2605//735 2697//735
f 2697//887 2605//887 2701//887
f 2699//735 2696//735 2701//735
f 2701//887 2696//887 2698//887
f 2701//887 2698//887 2697//887
f 2669//739 2671//739 2700//739
f 2700//734 2671//734 2672//734
f 2700//735 2672//735 2702//735
f 2702//735 2672//735 2673//735
f 2702//735 2673//735 2703//735
f 2703//737 2673//737 2674//737
f 2703//1520 2674//1520 2704//1520
f 2704//735 2674//735 2705//735
f 2705//735 2674//735 2675//735
f 2705//735 2675//735 2706//735
f 2675//737 2676//737 2706//737
f 2706//887 2676//887 2677//887
f 2706//735 2677//735 2707//735
f 2707//735 2677//735 2678//735
f 2707//887 2678//887 2708//887
f 2699//734 2709//734 2695//734
f 2695//738 2709//738 2710//738
f 2695//734 2710//734 2694//734
f 2694//734 2710//734 2711//734
f 2694//734 2711//734 2692//734
f 2692//735 2711//735 2712//735
f 2692//735 2712//735 2691//735
f 2691//735 2712//735 2690//735
f 2712//735 2713//735 2690//735
f 2690//739 2713//739 2714//739
f 2690//735 2714//735 2693//735
f 2693//735 2714//735 2715//735
f 2693//735 2715//735 2689//735
f 2689//734 2715//734 2716//734
f 2708//739 2678//739 2717//739
f 2717//735 2678//735 2679//735
f 2717//735 2679//735 2718//735
f 2718//735 2679//735 2680//735
f 2718//735 2680//735 2719//735
f 2719//735 2680//735 2681//735
f 2719//735 2681//735 2720//735
f 2720//734 2681//734 2682//734
f 2720//734 2682//734 2721//734
f 2721//734 2682//734 2683//734
f 2721//735 2683//735 2722//735
f 2723//735 2684//735 2724//735
f 2724//735 2684//735 2685//735
f 2724//1448 2685//1448 2725//1448
f 2725//734 2685//734 2686//734
f 2725//735 2686//735 2726//735
f 2726//735 2686//735 2687//735
f 2726//735 2687//735 2716//735
f 2716//735 2687//735 2688//735
f 2716//739 2688//739 2689//739
f 2723//735 2727//735 2684//735
f 2684//2050 2727//2050 2728//2050
f 2684//734 2728//734 2683//734
f 2683//735 2728//735 2729//735
f 2683//735 2729//735 2722//735
f 2730//2051 2731//2051 2732//2051
f 2730//2052 2732//2052 2733//2052
f 2732//2053 2734//2053 2733//2053
f 2733//2054 2734//2054 2735//2054
f 2733//2055 2735//2055 2736//2055
f 2737//784 2732//784 2731//784
f 2737//784 2731//784 2738//784
f 2739//784 2740//784 2741//784
f 2741//784 2740//784 2742//784
f 2741//785 2743//785 2739//785
f 2739//1988 2743//1988 2744//1988
f 2739//784 2744//784 2745//784
f 2745//784 2744//784 2746//784
f 2745//784 2746//784 2747//784
f 2746//784 2748//784 2747//784
f 2747//784 2748//784 2749//784
f 2747//784 2749//784 2750//784
f 2750//784 2749//784 2751//784
f 2750//784 2751//784 2752//784
f 2731//784 2753//784 2738//784
f 2738//784 2753//784 2754//784
f 2738//784 2754//784 2755//784
f 2755//787 2754//787 2756//787
f 2755//784 2756//784 2757//784
f 2757//785 2756//785 2758//785
f 2757//785 2758//785 2759//785
f 2759//784 2758//784 2760//784
f 2759//784 2760//784 2761//784
f 2761//784 2760//784 2762//784
f 2761//785 2762//785 2763//785
f 2763//938 2762//938 2764//938
f 2740//784 2765//784 2742//784
f 2742//785 2765//785 2766//785
f 2742//785 2766//785 2767//785
f 2767//784 2766//784 2768//784
f 2767//784 2768//784 2769//784
f 2769//785 2768//785 2770//785
f 2768//784 2771//784 2770//784
f 2770//784 2771//784 2772//784
f 2770//785 2772//785 2773//785
f 2773//785 2772//785 2774//785
f 2773//785 2774//785 2775//785
f 2775//785 2774//785 2776//785
f 2762//784 2777//784 2764//784
f 2764//2056 2777//2056 2778//2056
f 2764//784 2778//784 2779//784
f 2779//784 2778//784 2780//784
f 2779//784 2780//784 2781//784
f 2781//784 2780//784 2782//784
f 2781//784 2782//784 2783//784
f 2783//785 2782//785 2784//785
f 2783//785 2784//785 2776//785
f 2776//785 2784//785 2785//785
f 2776//938 2785//938 2775//938
f 2786//2057 2787//2057 2788//2057
f 2786//2058 2788//2058 2789//2058
f 2789//2059 2788//2059 2752//2059
f 2789//2060 2752//2060 2751//2060
f 2790//2061 2773//2061 2791//2061
f 2786//2062 2748//2062 2746//2062
f 2786//2063 2746//2063 2792//2063
f 2792//2064 2746//2064 2744//2064
f 2792//2065 2744//2065 2793//2065
f 2793//2066 2744//2066 2743//2066
f 2793//2067 2743//2067 2794//2067
f 2794//2068 2743//2068 2741//2068
f 2794//2069 2741//2069 2795//2069
f 2795//2070 2741//2070 2742//2070
f 2795//2071 2742//2071 2796//2071
f 2773//2072 2790//2072 2770//2072
f 2742//2073 2767//2073 2796//2073
f 2796//2074 2767//2074 2769//2074
f 2796//2075 2769//2075 2797//2075
f 2797//2076 2769//2076 2770//2076
f 2797//2077 2770//2077 2798//2077
f 2798//2078 2770//2078 2790//2078
f 2791//2079 2773//2079 2799//2079
f 2799//2080 2773//2080 2775//2080
f 2799//2081 2775//2081 2785//2081
f 2748//2082 2786//2082 2749//2082
f 2749//2083 2786//2083 2789//2083
f 2749//2084 2789//2084 2751//2084
f 2800//2085 2799//2085 2785//2085
f 2785//2086 2784//2086 2800//2086
f 2800//2087 2784//2087 2782//2087
f 2800//2088 2782//2088 2801//2088
f 2801//2089 2782//2089 2802//2089
f 2782//2090 2780//2090 2802//2090
f 2802//2091 2780//2091 2778//2091
f 2802//2092 2778//2092 2803//2092
f 2760//2093 2804//2093 2762//2093
f 2762//2094 2804//2094 2803//2094
f 2762//2095 2803//2095 2777//2095
f 2777//2096 2803//2096 2778//2096
f 2753//2097 2731//2097 2730//2097
f 2730//2098 2733//2098 2753//2098
f 2753//2099 2733//2099 2736//2099
f 2753//2100 2736//2100 2754//2100
f 2754//2101 2736//2101 2805//2101
f 2754//2102 2805//2102 2756//2102
f 2756//2103 2805//2103 2806//2103
f 2756//2104 2806//2104 2758//2104
f 2758//2105 2806//2105 2807//2105
f 2758//2106 2807//2106 2760//2106
f 2760//2107 2807//2107 2808//2107
f 2760//2108 2808//2108 2804//2108
f 2736//2109 2735//2109 2805//2109
f 2805//734 2735//734 2809//734
f 2805//734 2809//734 2806//734
f 2806//734 2809//734 2810//734
f 2787//735 2786//735 2811//735
f 2811//735 2786//735 2792//735
f 2811//735 2792//735 2812//735
f 2812//735 2792//735 2793//735
f 2812//735 2793//735 2813//735
f 2813//734 2793//734 2794//734
f 2813//735 2794//735 2814//735
f 2814//735 2795//735 2815//735
f 2815//735 2795//735 2796//735
f 2815//735 2796//735 2816//735
f 2816//735 2796//735 2797//735
f 2816//735 2797//735 2817//735
f 2817//735 2797//735 2818//735
f 2797//735 2798//735 2818//735
f 2818//739 2798//739 2790//739
f 2818//735 2790//735 2819//735
f 2819//735 2790//735 2791//735
f 2819//734 2791//734 2820//734
f 2820//734 2791//734 2799//734
f 2820//734 2799//734 2821//734
f 2821//734 2799//734 2800//734
f 2821//735 2800//735 2822//735
f 2822//735 2800//735 2801//735
f 2822//735 2801//735 2823//735
f 2823//735 2801//735 2802//735
f 2823//735 2802//735 2824//735
f 2824//734 2802//734 2803//734
f 2824//734 2803//734 2825//734
f 2825//735 2803//735 2804//735
f 2825//735 2804//735 2826//735
f 2826//734 2804//734 2808//734
f 2826//734 2808//734 2810//734
f 2810//734 2808//734 2807//734
f 2810//734 2807//734 2806//734
f 2827//2111 2828//2111 2829//2111
f 2829//2112 2828//2112 2830//2112
f 2830//2113 2828//2113 2831//2113
f 2830//2114 2831//2114 2832//2114
f 2833//2115 2834//2115 2835//2115
f 2831//2116 2833//2116 2832//2116
f 2832//2117 2833//2117 2835//2117
f 2832//2118 2835//2118 2836//2118
f 2836//2119 2835//2119 2837//2119
f 2837//2120 2835//2120 2838//2120
f 2838//2121 2835//2121 2839//2121
f 2838//2122 2839//2122 2840//2122
f 2841//2123 2839//2123 2842//2123
f 2842//2124 2839//2124 2835//2124
f 2842//2125 2835//2125 2843//2125
f 2843//2126 2835//2126 2834//2126
f 2840//2127 2839//2127 2844//2127
f 2845//2128 2846//2128 2844//2128
f 2844//2129 2846//2129 2847//2129
f 2844//2130 2847//2130 2840//2130
f 2844//2131 2848//2131 2849//2131
f 2844//2132 2849//2132 2845//2132
f 2845//2133 2849//2133 2850//2133
f 2845//2134 2850//2134 2851//2134
f 2851//2135 2850//2135 2852//2135
f 2851//2136 2852//2136 2853//2136
f 2853//2137 2852//2137 2854//2137
f 2853//2138 2854//2138 2855//2138
f 2839//2139 2841//2139 2844//2139
f 2844//2140 2841//2140 2856//2140
f 2844//2141 2856//2141 2848//2141
f 2857//784 2855//784 2858//784
f 2858//784 2855//784 2854//784
f 2858//784 2854//784 2859//784
f 2859//784 2854//784 2852//784
f 2859//784 2852//784 2860//784
f 2861//785 2862//785 2856//785
f 2860//784 2852//784 2863//784
f 2863//784 2852//784 2850//784
f 2863//784 2850//784 2864//784
f 2864//784 2850//784 2849//784
f 2864//784 2849//784 2862//784
f 2862//784 2849//784 2848//784
f 2862//785 2848//785 2856//785
f 2865//785 2866//785 2827//785
f 2827//784 2866//784 2867//784
f 2827//784 2867//784 2828//784
f 2828//784 2867//784 2868//784
f 2828//784 2868//784 2831//784
f 2831//784 2868//784 2869//784
f 2831//784 2869//784 2833//784
f 2833//785 2869//785 2870//785
f 2833//785 2870//785 2834//785
f 2834//785 2870//785 2871//785
f 2834//785 2871//785 2843//785
f 2843//784 2871//784 2872//784
f 2843//785 2872//785 2842//785
f 2842//784 2872//784 2861//784
f 2842//784 2861//784 2841//784
f 2841//784 2861//784 2856//784
f 2845//2142 2851//2142 2873//2142
f 2873//2143 2851//2143 2853//2143
f 2873//2144 2853//2144 2874//2144
f 2874//2145 2853//2145 2855//2145
f 2874//2146 2855//2146 2857//2146
f 2875//2147 2876//2147 2832//2147
f 2832//2148 2876//2148 2877//2148
f 2832//2149 2877//2149 2878//2149
f 2832//2150 2836//2150 2875//2150
f 2875//2151 2836//2151 2837//2151
f 2875//2152 2837//2152 2879//2152
f 2879//2153 2837//2153 2838//2153
f 2879//2154 2838//2154 2880//2154
f 2880//2155 2838//2155 2840//2155
f 2880//2156 2840//2156 2881//2156
f 2881//2157 2840//2157 2847//2157
f 2881//2158 2847//2158 2882//2158
f 2882//2159 2847//2159 2846//2159
f 2882//2160 2846//2160 2883//2160
f 2883//2161 2846//2161 2845//2161
f 2883//2162 2845//2162 2884//2162
f 2884//2163 2845//2163 2873//2163
f 2865//2164 2827//2164 2885//2164
f 2885//2165 2827//2165 2829//2165
f 2885//2166 2829//2166 2878//2166
f 2878//2167 2829//2167 2830//2167
f 2878//2168 2830//2168 2832//2168
f 2776//2169 2886//2169 2783//2169
f 2663//2170 2602//2170 2887//2170
f 2887//2171 2602//2171 2603//2171
f 2887//2172 2603//2172 2589//2172
f 2600//2173 2599//2173 2888//2173
f 2889//2174 2474//2174 2890//2174
f 2891//2175 2189//2175 2188//2175
f 2171//2176 2242//2176 2244//2176
f 2892//2177 1901//2177 1900//2177
f 1711//2178 2893//2178 1700//2178
f 1487//2179 2894//2179 1488//2179
f 1426//2180 2895//2180 1432//2180
f 1333//2181 1332//2181 2896//2181
f 1224//2182 2897//2182 1206//2182
f 1255//2183 2898//2183 1253//2183
f 1253//2184 2898//2184 1251//2184
f 1185//2185 1184//2185 2899//2185
f 1113//2186 2900//2186 1115//2186
f 1057//2187 2901//2187 1058//2187
f 953//2188 2902//2188 929//2188
f 922//2189 923//2189 2903//2189
f 2903//2190 923//2190 924//2190
f 908//2191 907//2191 2904//2191
f 2904//2192 907//2192 906//2192
f 903//2193 2905//2193 904//2193
f 895//2194 897//2194 2906//2194
f 765//2197 2913//2197 771//2197
f 728//2198 2914//2198 767//2198
f 681//2199 2915//2199 679//2199
f 619//2200 2916//2200 620//2200
f 587//2201 2917//2201 589//2201
f 585//2202 2918//2202 587//2202
f 499//2203 2919//2203 501//2203
f 2920//2204 2921//2204 2922//2204
f 346//2205 2923//2205 347//2205
f 361//2206 2924//2206 362//2206
f 2087//2207 2925//2207 2088//2207
f 2088//2208 2925//2208 245//2208
f 299//2209 297//2209 2926//2209
f 150//2210 2880//2210 2881//2210
f 150//2211 2881//2211 279//2211
f 279//2212 2881//2212 2882//2212
f 279//2213 2882//2213 289//2213
f 289//2214 2882//2214 290//2214
f 290//2215 2882//2215 2883//2215
f 290//2216 2883//2216 291//2216
f 291//2217 2883//2217 2884//2217
f 291//2218 2884//2218 292//2218
f 292//2219 2884//2219 2927//2219
f 292//2220 2927//2220 293//2220
f 294//2221 2874//2221 295//2221
f 295//2222 2874//2222 2857//2222
f 2734//2223 286//2223 2735//2223
f 2735//2224 286//2224 285//2224
f 2735//2225 285//2225 2809//2225
f 2809//2226 285//2226 284//2226
f 2809//2227 284//2227 2810//2227
f 2928//2228 282//2228 2732//2228
f 2732//2229 282//2229 288//2229
f 2732//2230 288//2230 2734//2230
f 2734//2231 288//2231 287//2231
f 2734//2232 287//2232 286//2232
f 435//2233 440//2233 2928//2233
f 2928//2234 440//2234 283//2234
f 2928//2235 283//2235 282//2235
f 2587//2236 2481//2236 2609//2236
f 2929//2237 2926//2237 2482//2237
f 471//2238 470//2238 2926//2238
f 2926//2239 470//2239 301//2239
f 2926//2240 301//2240 299//2240
f 471//2241 2926//2241 245//2241
f 245//2242 2926//2242 2161//2242
f 245//2243 2161//2243 2088//2243
f 246//2244 245//2244 2930//2244
f 2930//2245 245//2245 1870//2245
f 2930//2246 1870//2246 1801//2246
f 1428//2247 360//2247 2931//2247
f 2931//2248 360//2248 359//2248
f 2931//2249 359//2249 2930//2249
f 2930//2250 359//2250 337//2250
f 2930//2251 337//2251 246//2251
f 2932//2252 364//2252 363//2252
f 2933//2253 345//2253 339//2253
f 2933//2254 339//2254 2934//2254
f 2935//2255 349//2255 348//2255
f 611//2256 555//2256 2936//2256
f 342//2257 343//2257 2935//2257
f 2935//2258 343//2258 344//2258
f 2935//2259 344//2259 349//2259
f 358//2260 357//2260 2936//2260
f 2936//2261 357//2261 356//2261
f 2936//2262 356//2262 340//2262
f 351//2263 2937//2263 350//2263
f 350//2264 2937//2264 2938//2264
f 352//2265 2939//2265 353//2265
f 353//2266 2939//2266 2940//2266
f 353//2267 2940//2267 354//2267
f 355//2268 2941//2268 261//2268
f 261//2269 2941//2269 2942//2269
f 261//2270 2942//2270 14//2270
f 2943//2271 2944//2271 2945//2271
f 354//2272 2940//2272 355//2272
f 355//2273 2940//2273 2943//2273
f 355//2274 2943//2274 2941//2274
f 2941//2275 2943//2275 2945//2275
f 2941//2276 2945//2276 2942//2276
f 2946//2277 2947//2277 2948//2277
f 2921//2278 2920//2278 2949//2278
f 2920//2279 2950//2279 2949//2279
f 2949//2280 2950//2280 2951//2280
f 2949//2281 2951//2281 2948//2281
f 2948//2282 2951//2282 2952//2282
f 2948//2283 2952//2283 2946//2283
f 2946//2284 2952//2284 2953//2284
f 2954//2285 2955//2285 2956//2285
f 2956//2286 2955//2286 2957//2286
f 2936//2287 2958//2287 474//2287
f 351//2288 358//2288 2937//2288
f 2937//2289 358//2289 2936//2289
f 2937//2290 2936//2290 473//2290
f 473//2291 2936//2291 474//2291
f 2936//2292 555//2292 2958//2292
f 2958//2293 555//2293 557//2293
f 2958//2294 557//2294 474//2294
f 474//2295 557//2295 2959//2295
f 474//2296 2959//2296 493//2296
f 2960//2297 490//2297 2959//2297
f 2959//2298 490//2298 492//2298
f 2959//2299 492//2299 493//2299
f 570//2300 486//2300 2960//2300
f 2960//2301 486//2301 488//2301
f 2960//2302 488//2302 490//2302
f 564//2303 494//2303 566//2303
f 566//2304 494//2304 486//2304
f 566//2305 486//2305 568//2305
f 568//2306 486//2306 570//2306
f 2919//2307 499//2307 590//2307
f 590//2308 499//2308 497//2308
f 590//2309 497//2309 564//2309
f 564//2310 497//2310 495//2310
f 564//2311 495//2311 494//2311
f 2961//2312 505//2312 503//2312
f 590//2313 589//2313 2919//2313
f 2919//2314 589//2314 2917//2314
f 2919//2315 2917//2315 501//2315
f 501//2316 2917//2316 587//2316
f 501//2317 587//2317 503//2317
f 503//2318 587//2318 2918//2318
f 503//2319 2918//2319 2961//2319
f 2961//2320 2918//2320 585//2320
f 2961//2321 585//2321 583//2321
f 557//2322 575//2322 2959//2322
f 2959//2323 575//2323 574//2323
f 2959//2324 574//2324 2960//2324
f 2960//2325 574//2325 572//2325
f 2960//2326 572//2326 570//2326
f 340//2327 341//2327 2936//2327
f 2936//2328 341//2328 342//2328
f 2936//2329 342//2329 611//2329
f 611//2330 342//2330 2935//2330
f 611//2331 2935//2331 612//2331
f 612//2332 2935//2332 2962//2332
f 612//2333 2962//2333 617//2333
f 617//2334 2962//2334 618//2334
f 618//2335 2962//2335 2963//2335
f 618//2336 2963//2336 614//2336
f 2916//2337 619//2337 674//2337
f 674//2338 619//2338 613//2338
f 674//2339 613//2339 2964//2339
f 2964//2340 613//2340 616//2340
f 2964//2341 616//2341 2965//2341
f 681//2342 696//2342 2966//2342
f 681//2343 2966//2343 2915//2343
f 2915//2344 2966//2344 2967//2344
f 2915//2345 2967//2345 679//2345
f 679//2346 2967//2346 2968//2346
f 679//2347 2968//2347 658//2347
f 659//2348 658//2348 2969//2348
f 2969//2349 658//2349 2968//2349
f 2969//2350 2968//2350 634//2350
f 634//2351 2968//2351 2967//2351
f 634//2352 2967//2352 635//2352
f 635//2353 2967//2353 2966//2353
f 635//2354 2966//2354 633//2354
f 633//2355 2966//2355 696//2355
f 633//2356 696//2356 2970//2356
f 2970//2357 696//2357 695//2357
f 2970//2358 695//2358 694//2358
f 634//2359 621//2359 2969//2359
f 2969//2360 621//2360 620//2360
f 2969//2361 620//2361 659//2361
f 659//2362 620//2362 2916//2362
f 659//2363 2916//2363 676//2363
f 676//2364 2916//2364 674//2364
f 644//2365 650//2365 2965//2365
f 2965//2366 650//2366 652//2366
f 2965//2367 652//2367 2964//2367
f 2964//2368 652//2368 672//2368
f 2964//2369 672//2369 674//2369
f 616//2370 615//2370 2965//2370
f 2965//2371 615//2371 614//2371
f 2965//2372 614//2372 644//2372
f 644//2373 614//2373 2963//2373
f 644//2374 2963//2374 643//2374
f 643//2375 2963//2375 2962//2375
f 643//2376 2962//2376 641//2376
f 345//2377 2933//2377 346//2377
f 346//2378 2933//2378 640//2378
f 346//2379 640//2379 2923//2379
f 2923//2380 640//2380 639//2380
f 2923//2381 639//2381 637//2381
f 641//2382 2962//2382 637//2382
f 637//2383 2962//2383 2935//2383
f 637//2384 2935//2384 2923//2384
f 2923//2385 2935//2385 348//2385
f 2923//2386 348//2386 347//2386
f 778//2387 825//2387 737//2387
f 737//2388 825//2388 2971//2388
f 737//2389 2971//2389 736//2389
f 736//2390 2971//2390 2972//2390
f 736//2391 2972//2391 735//2391
f 851//2392 849//2392 2973//2392
f 731//2393 732//2393 2973//2393
f 2973//2394 732//2394 733//2394
f 2973//2395 733//2395 851//2395
f 851//2396 733//2396 734//2396
f 851//2397 734//2397 853//2397
f 864//2398 863//2398 2913//2398
f 2913//2399 863//2399 871//2399
f 2974//2400 2975//2400 2976//2400
f 771//2401 2974//2401 772//2401
f 772//2402 2974//2402 2976//2402
f 772//2403 2976//2403 773//2403
f 773//2404 2976//2404 2977//2404
f 2913//2412 765//2412 864//2412
f 864//2413 765//2413 766//2413
f 864//2414 766//2414 865//2414
f 865//2415 766//2415 767//2415
f 865//2416 767//2416 866//2416
f 866//2417 767//2417 2914//2417
f 866//2418 2914//2418 830//2418
f 830//2419 2914//2419 728//2419
f 830//2420 728//2420 841//2420
f 841//2421 728//2421 2983//2421
f 841//2422 2983//2422 843//2422
f 843//2423 2983//2423 2984//2423
f 843//2424 2984//2424 845//2424
f 728//2425 729//2425 2983//2425
f 2983//2426 729//2426 730//2426
f 2983//2427 730//2427 2984//2427
f 2984//2428 730//2428 731//2428
f 2984//2429 731//2429 845//2429
f 845//2430 731//2430 2973//2430
f 845//2431 2973//2431 847//2431
f 847//2432 2973//2432 849//2432
f 825//2433 856//2433 2971//2433
f 2971//2434 856//2434 855//2434
f 2971//2435 855//2435 2972//2435
f 2972//2436 855//2436 853//2436
f 2972//2437 853//2437 735//2437
f 735//2438 853//2438 734//2438
f 737//2439 640//2439 778//2439
f 778//2440 640//2440 2933//2440
f 778//2441 2933//2441 779//2441
f 779//2442 2933//2442 2934//2442
f 779//2443 2934//2443 896//2443
f 927//2444 929//2444 2934//2444
f 2934//2445 929//2445 2902//2445
f 2934//2446 2902//2446 896//2446
f 896//2447 2902//2447 953//2447
f 896//2448 953//2448 897//2448
f 953//2449 955//2449 897//2449
f 897//2450 955//2450 957//2450
f 897//2451 957//2451 2906//2451
f 2906//2452 957//2452 939//2452
f 2906//2453 939//2453 941//2453
f 975//2454 977//2454 2985//2454
f 904//2455 2905//2455 905//2455
f 905//2456 2905//2456 971//2456
f 905//2457 971//2457 906//2457
f 906//2458 971//2458 973//2458
f 906//2459 973//2459 2904//2459
f 2904//2460 973//2460 975//2460
f 2904//2461 975//2461 908//2461
f 908//2462 975//2462 2985//2462
f 908//2463 2985//2463 909//2463
f 909//2464 2985//2464 977//2464
f 909//2465 977//2465 979//2465
f 921//2466 922//2466 981//2466
f 981//2467 922//2467 2903//2467
f 981//2468 2903//2468 979//2468
f 979//2469 2903//2469 924//2469
f 979//2470 924//2470 909//2470
f 895//2471 2906//2471 901//2471
f 901//2472 2906//2472 941//2472
f 901//2473 941//2473 902//2473
f 902//2474 941//2474 943//2474
f 902//2475 943//2475 903//2475
f 903//2476 943//2476 945//2476
f 903//2477 945//2477 2905//2477
f 2905//2478 945//2478 969//2478
f 2905//2479 969//2479 971//2479
f 2900//2480 1038//2480 927//2480
f 1038//2481 2900//2481 1044//2481
f 1044//2482 2900//2482 1113//2482
f 1044//2483 1113//2483 1043//2483
f 1043//2484 2986//2484 1042//2484
f 1042//2485 2986//2485 1041//2485
f 1041//2486 2986//2486 1037//2486
f 1037//2487 2986//2487 1145//2487
f 1037//2488 1145//2488 1056//2488
f 1056//2489 1145//2489 1057//2489
f 1057//2490 1145//2490 1143//2490
f 1057//2491 1143//2491 2901//2491
f 1058//2492 2901//2492 1059//2492
f 1059//2493 2901//2493 2987//2493
f 1059//2494 2987//2494 1060//2494
f 1063//2495 1062//2495 2988//2495
f 1137//2496 1135//2496 2989//2496
f 2989//2497 1135//2497 1133//2497
f 2989//2498 1133//2498 2990//2498
f 2990//2499 1133//2499 1131//2499
f 1143//2500 1141//2500 2901//2500
f 2901//2501 1141//2501 1139//2501
f 2901//2502 1139//2502 2987//2502
f 2987//2503 1139//2503 1137//2503
f 2987//2504 1137//2504 1060//2504
f 1060//2505 1137//2505 2989//2505
f 1060//2506 2989//2506 1061//2506
f 1061//2507 2989//2507 2990//2507
f 1061//2508 2990//2508 1062//2508
f 1062//2509 2990//2509 1131//2509
f 1062//2510 1131//2510 2988//2510
f 2988//2511 1131//2511 1129//2511
f 2988//2512 1129//2512 1063//2512
f 1063//2513 1129//2513 2991//2513
f 1063//2514 2991//2514 1064//2514
f 1113//2515 1112//2515 1043//2515
f 1043//2516 1112//2516 1149//2516
f 1043//2517 1149//2517 2986//2517
f 2986//2518 1149//2518 1147//2518
f 2986//2519 1147//2519 1145//2519
f 1172//2520 1069//2520 1202//2520
f 1202//2521 1069//2521 2924//2521
f 1202//2522 2924//2522 1318//2522
f 1318//2523 2924//2523 361//2523
f 363//2524 362//2524 2932//2524
f 2932//2525 362//2525 2924//2525
f 2932//2526 2924//2526 1067//2526
f 1067//2527 2924//2527 1069//2527
f 339//2528 365//2528 2934//2528
f 2934//2529 365//2529 364//2529
f 2934//2530 364//2530 927//2530
f 927//2531 364//2531 2932//2531
f 927//2532 2932//2532 2900//2532
f 2900//2533 2932//2533 1067//2533
f 2900//2534 1067//2534 1115//2534
f 1206//2535 2897//2535 1204//2535
f 1172//2536 1202//2536 1181//2536
f 1181//2537 1202//2537 1204//2537
f 1181//2538 1204//2538 1182//2538
f 1182//2539 1204//2539 2897//2539
f 1182//2540 2897//2540 1183//2540
f 1183//2541 2897//2541 1224//2541
f 1183//2542 1224//2542 1184//2542
f 1224//2543 1226//2543 1184//2543
f 1184//2544 1226//2544 1228//2544
f 1184//2545 1228//2545 2899//2545
f 2992//2546 1187//2546 2899//2546
f 2899//2547 1187//2547 1186//2547
f 2899//2548 1186//2548 1185//2548
f 1238//2549 1190//2549 1236//2549
f 1236//2550 1190//2550 1189//2550
f 1236//2551 1189//2551 2992//2551
f 2992//2552 1189//2552 1188//2552
f 2992//2553 1188//2553 1187//2553
f 1191//2554 1190//2554 2993//2554
f 2993//2555 1190//2555 1238//2555
f 2993//2556 1238//2556 1191//2556
f 1191//2557 1238//2557 1239//2557
f 1191//2558 1239//2558 1197//2558
f 1197//2559 1239//2559 1249//2559
f 1197//2560 1249//2560 1198//2560
f 1198//2561 1249//2561 1199//2561
f 1249//2562 1251//2562 1199//2562
f 1199//2563 1251//2563 2898//2563
f 1199//2564 2898//2564 1200//2564
f 1200//2565 2898//2565 1201//2565
f 1194//2566 1201//2566 2994//2566
f 2994//2567 1201//2567 2898//2567
f 2994//2568 2898//2568 1257//2568
f 1257//2569 2898//2569 1255//2569
f 1228//2570 1230//2570 2899//2570
f 2899//2571 1230//2571 1232//2571
f 2899//2572 1232//2572 2992//2572
f 2992//2573 1232//2573 1234//2573
f 2992//2574 1234//2574 1236//2574
f 1332//2575 1331//2575 2896//2575
f 2896//2576 1331//2576 1328//2576
f 2896//2577 1328//2577 2995//2577
f 2995//2578 1328//2578 1327//2578
f 2995//2579 1327//2579 1335//2579
f 1445//2580 1337//2580 1446//2580
f 1446//2581 1337//2581 1336//2581
f 1446//2582 1336//2582 1447//2582
f 1447//2583 1336//2583 1334//2583
f 1447//2584 1334//2584 1426//2584
f 1426//2585 1334//2585 1333//2585
f 1426//2586 1333//2586 2895//2586
f 2895//2587 1333//2587 2896//2587
f 2895//2588 2896//2588 1432//2588
f 1329//2589 1337//2589 2996//2589
f 2996//2590 1337//2590 1445//2590
f 2996//2591 1445//2591 1329//2591
f 1329//2592 1445//2592 1444//2592
f 1329//2593 1444//2593 1330//2593
f 2997//2594 1457//2594 2998//2594
f 1346//2595 2999//2595 1345//2595
f 1345//2596 2999//2596 2997//2596
f 1345//2597 2997//2597 1344//2597
f 1344//2598 2997//2598 2998//2598
f 1344//2599 2998//2599 1343//2599
f 1444//2600 1436//2600 1330//2600
f 1330//2601 1436//2601 1435//2601
f 1330//2602 1435//2602 1348//2602
f 1348//2603 1435//2603 1434//2603
f 1348//2604 1434//2604 1347//2604
f 1347//2605 1434//2605 1461//2605
f 1347//2606 1461//2606 1346//2606
f 1346//2607 1461//2607 1460//2607
f 1346//2608 1460//2608 2999//2608
f 2999//2609 1460//2609 1459//2609
f 2999//2610 1459//2610 2997//2610
f 2997//2611 1459//2611 1458//2611
f 2997//2612 1458//2612 1457//2612
f 361//2613 360//2613 1318//2613
f 1318//2614 360//2614 1428//2614
f 1318//2615 1428//2615 1335//2615
f 1335//2616 1428//2616 1429//2616
f 1335//2617 1429//2617 2995//2617
f 2995//2618 1429//2618 1430//2618
f 2995//2619 1430//2619 2896//2619
f 2896//2620 1430//2620 1433//2620
f 2896//2621 1433//2621 1432//2621
f 1474//2622 1473//2622 3000//2622
f 3000//2623 1473//2623 1472//2623
f 3000//2624 1472//2624 2931//2624
f 2931//2625 1472//2625 1462//2625
f 2931//2626 1462//2626 1428//2626
f 1507//2627 1509//2627 1475//2627
f 1475//2628 1509//2628 1511//2628
f 1475//2629 1511//2629 1476//2629
f 1476//2630 1511//2630 1513//2630
f 1476//2631 1513//2631 1477//2631
f 1477//2632 1513//2632 1515//2632
f 1477//2633 1515//2633 1478//2633
f 1478//2634 1515//2634 1479//2634
f 1479//2635 1515//2635 1517//2635
f 1479//2636 1517//2636 1480//2636
f 1480//2637 1517//2637 1532//2637
f 1480//2638 1532//2638 1487//2638
f 1487//2639 1532//2639 1544//2639
f 1487//2640 1544//2640 2894//2640
f 1553//2641 3001//2641 3002//2641
f 1488//2642 2894//2642 1486//2642
f 1486//2643 2894//2643 3003//2643
f 1486//2644 3003//2644 1484//2644
f 1484//2645 3003//2645 3002//2645
f 1484//2646 3002//2646 1485//2646
f 1485//2647 3002//2647 3001//2647
f 1485//2648 3001//2648 1491//2648
f 1544//2649 1546//2649 2894//2649
f 2894//2650 1546//2650 1548//2650
f 2894//2651 1548//2651 3003//2651
f 3003//2652 1548//2652 1550//2652
f 3003//2653 1550//2653 3002//2653
f 3002//2654 1550//2654 1552//2654
f 3002//2655 1552//2655 1553//2655
f 1475//2656 1474//2656 1507//2656
f 1507//2657 1474//2657 3000//2657
f 1507//2658 3000//2658 1505//2658
f 1505//2659 3000//2659 2931//2659
f 1505//2660 2931//2660 1493//2660
f 1495//2661 1635//2661 1605//2661
f 1605//2662 1635//2662 1687//2662
f 1605//2663 1687//2663 1604//2663
f 1604//2664 1687//2664 1685//2664
f 1604//2665 1685//2665 1603//2665
f 1603//2666 1685//2666 1683//2666
f 1603//2667 1683//2667 1609//2667
f 1609//2668 1683//2668 1682//2668
f 1609//2669 1682//2669 1608//2669
f 1682//2670 1677//2670 1608//2670
f 1608//2671 1677//2671 1678//2671
f 1608//2672 1678//2672 1607//2672
f 1607//2673 1678//2673 1606//2673
f 1631//2674 1632//2674 3004//2674
f 3004//2675 1632//2675 1633//2675
f 3004//2676 1633//2676 3005//2676
f 3005//2677 1633//2677 1606//2677
f 3005//2678 1606//2678 1680//2678
f 1680//2679 1606//2679 1678//2679
f 1631//2680 3006//2680 1630//2680
f 1630//2681 3006//2681 2893//2681
f 1630//2682 2893//2682 1629//2682
f 1629//2683 2893//2683 1711//2683
f 1629//2684 1711//2684 1628//2684
f 1711//2685 1713//2685 3007//2685
f 1628//2686 1711//2686 1627//2686
f 1627//2687 1711//2687 3007//2687
f 1627//2688 3007//2688 1610//2688
f 1700//2689 2893//2689 1701//2689
f 1701//2690 2893//2690 3006//2690
f 1701//2691 3006//2691 1703//2691
f 1631//2692 3004//2692 3006//2692
f 3006//2693 3004//2693 1705//2693
f 3006//2694 1705//2694 1703//2694
f 1680//2695 1691//2695 3005//2695
f 3005//2696 1691//2696 1708//2696
f 3005//2697 1708//2697 3004//2697
f 3004//2698 1708//2698 1707//2698
f 3004//2699 1707//2699 1705//2699
f 1749//2700 1748//2700 1803//2700
f 1803//2701 1748//2701 1747//2701
f 1803//2702 1747//2702 1801//2702
f 1801//2703 1747//2703 1637//2703
f 1801//2704 1637//2704 2930//2704
f 2930//2705 1637//2705 1635//2705
f 2930//2706 1635//2706 2931//2706
f 2931//2707 1635//2707 1495//2707
f 2931//2708 1495//2708 1493//2708
f 1755//2709 1753//2709 3008//2709
f 3008//2710 1753//2710 1752//2710
f 3008//2711 1752//2711 3009//2711
f 3009//2712 1752//2712 1751//2712
f 3009//2713 1751//2713 3010//2713
f 3010//2714 1751//2714 1750//2714
f 3010//2715 1750//2715 3011//2715
f 3011//2716 1750//2716 1749//2716
f 3011//2717 1749//2717 1805//2717
f 1805//2718 1749//2718 1803//2718
f 1830//2719 1828//2719 1759//2719
f 1758//2720 1757//2720 3012//2720
f 3012//2721 1757//2721 1756//2721
f 3012//2722 1756//2722 1755//2722
f 1759//2723 1828//2723 1760//2723
f 1760//2724 1828//2724 1826//2724
f 1760//2725 1826//2725 1761//2725
f 1822//2726 1820//2726 3013//2726
f 1826//2727 1824//2727 1761//2727
f 1761//2728 1824//2728 1822//2728
f 1761//2729 1822//2729 1762//2729
f 1762//2730 1822//2730 3013//2730
f 1762//2731 3013//2731 1763//2731
f 1759//2732 1758//2732 1830//2732
f 1830//2733 1758//2733 3012//2733
f 1830//2734 3012//2734 1831//2734
f 1831//2735 3012//2735 1774//2735
f 1755//2736 3008//2736 3012//2736
f 3012//2737 3008//2737 1776//2737
f 3012//2738 1776//2738 1774//2738
f 3010//2739 1781//2739 3009//2739
f 3009//2740 1781//2740 1780//2740
f 3009//2741 1780//2741 3008//2741
f 3008//2742 1780//2742 1778//2742
f 3008//2743 1778//2743 1776//2743
f 1805//2744 1806//2744 3011//2744
f 3011//2745 1806//2745 1771//2745
f 3011//2746 1771//2746 3010//2746
f 3010//2747 1771//2747 1769//2747
f 3010//2748 1769//2748 1781//2748
f 1883//2749 3014//2749 1882//2749
f 1882//2750 3014//2750 3015//2750
f 1872//2751 1873//2751 3016//2751
f 3016//2752 1873//2752 1880//2752
f 3016//2753 1880//2753 3015//2753
f 3015//2754 1880//2754 1881//2754
f 3015//2755 1881//2755 1882//2755
f 1893//2756 1892//2756 1940//2756
f 1940//2757 1892//2757 1871//2757
f 1940//2758 1871//2758 1938//2758
f 1896//2759 1895//2759 1911//2759
f 1911//2760 1895//2760 1894//2760
f 1911//2761 1894//2761 1944//2761
f 1944//2762 1894//2762 1893//2762
f 1944//2763 1893//2763 1942//2763
f 1942//2764 1893//2764 1940//2764
f 1957//2765 2892//2765 1955//2765
f 1955//2766 2892//2766 1900//2766
f 1955//2767 1900//2767 1953//2767
f 1953//2768 1900//2768 1899//2768
f 1953//2769 1899//2769 1951//2769
f 1951//2770 1899//2770 1898//2770
f 1951//2771 1898//2771 1949//2771
f 1949//2772 1898//2772 1897//2772
f 1949//2773 1897//2773 1947//2773
f 1947//2774 1897//2774 1896//2774
f 1947//2775 1896//2775 1910//2775
f 1910//2776 1896//2776 1911//2776
f 1926//2777 1928//2777 3015//2777
f 3015//2778 1928//2778 1930//2778
f 3015//2779 1930//2779 3016//2779
f 3016//2780 1930//2780 1938//2780
f 3016//2781 1938//2781 1872//2781
f 1872//2782 1938//2782 1871//2782
f 1883//2783 1909//2783 3014//2783
f 3014//2784 1909//2784 1916//2784
f 3014//2785 1916//2785 3015//2785
f 3015//2786 1916//2786 1923//2786
f 3015//2787 1923//2787 1926//2787
f 1883//2788 1870//2788 1909//2788
f 1909//2789 1870//2789 245//2789
f 1909//2790 245//2790 1907//2790
f 1907//2791 245//2791 2925//2791
f 1907//2792 2925//2792 2026//2792
f 2026//2793 2925//2793 2087//2793
f 2026//2794 2087//2794 2027//2794
f 2087//2795 2090//2795 2027//2795
f 2027//2796 2090//2796 2092//2796
f 2027//2797 2092//2797 2028//2797
f 2028//2798 2092//2798 2094//2798
f 2094//2799 2096//2799 2028//2799
f 2028//2800 2096//2800 2116//2800
f 2028//2801 2116//2801 2031//2801
f 2031//2802 2116//2802 2030//2802
f 2030//2803 2116//2803 2118//2803
f 2030//2804 2118//2804 2029//2804
f 2029//2805 2118//2805 2034//2805
f 2034//2806 2118//2806 2120//2806
f 2034//2807 2120//2807 2033//2807
f 2033//2808 2120//2808 2122//2808
f 2033//2809 2122//2809 2032//2809
f 2122//2810 2098//2810 2032//2810
f 2032//2811 2098//2811 2097//2811
f 2032//2812 2097//2812 2046//2812
f 2046//2813 2097//2813 2128//2813
f 2046//2814 2128//2814 2045//2814
f 2128//2815 2126//2815 2045//2815
f 2045//2816 2126//2816 2125//2816
f 2045//2817 2125//2817 2044//2817
f 2044//2818 2125//2818 2043//2818
f 2043//2819 2125//2819 2139//2819
f 2043//2820 2139//2820 2140//2820
f 2140//2821 2134//2821 2043//2821
f 2043//2822 2134//2822 3017//2822
f 2043//2823 3017//2823 2042//2823
f 2042//2824 3017//2824 2041//2824
f 2242//2825 2171//2825 2240//2825
f 2240//2826 2171//2826 2161//2826
f 2240//2827 2161//2827 2198//2827
f 2198//2828 2161//2828 2926//2828
f 2198//2829 2926//2829 2196//2829
f 2254//2830 2181//2830 2246//2830
f 2246//2831 2181//2831 2182//2831
f 2246//2832 2182//2832 2244//2832
f 2244//2833 2182//2833 2172//2833
f 2244//2834 2172//2834 2171//2834
f 2262//2835 2184//2835 2279//2835
f 2279//2836 2184//2836 2183//2836
f 2279//2837 2183//2837 2277//2837
f 2277//2838 2183//2838 2170//2838
f 2277//2839 2170//2839 2275//2839
f 2275//2840 2170//2840 2173//2840
f 2275//2841 2173//2841 2273//2841
f 2273//2842 2173//2842 2174//2842
f 2273//2843 2174//2843 2271//2843
f 2271//2844 2174//2844 2178//2844
f 2271//2845 2178//2845 2256//2845
f 2256//2846 2178//2846 2179//2846
f 2256//2847 2179//2847 2254//2847
f 2254//2848 2179//2848 2180//2848
f 2254//2849 2180//2849 2181//2849
f 2282//2850 2891//2850 2268//2850
f 2268//2851 2891//2851 2188//2851
f 2268//2852 2188//2852 2266//2852
f 2266//2853 2188//2853 2187//2853
f 2266//2854 2187//2854 2264//2854
f 2264//2855 2187//2855 2186//2855
f 2264//2856 2186//2856 2262//2856
f 2262//2857 2186//2857 2185//2857
f 2262//2858 2185//2858 2184//2858
f 2344//2859 2389//2859 2312//2859
f 2312//2860 2389//2860 2391//2860
f 2312//2861 2391//2861 2313//2861
f 2313//2862 2391//2862 2393//2862
f 2313//2863 2393//2863 2314//2863
f 2314//2864 2393//2864 2396//2864
f 2314//2865 2396//2865 2325//2865
f 2325//2866 2396//2866 2326//2866
f 2326//2867 2396//2867 2398//2867
f 2326//2868 2398//2868 3018//2868
f 2330//2869 2329//2869 3019//2869
f 3019//2870 2329//2870 2328//2870
f 3019//2871 2328//2871 3018//2871
f 3018//2872 2328//2872 2327//2872
f 3018//2873 2327//2873 2326//2873
f 3020//2874 2332//2874 3019//2874
f 3019//2875 2332//2875 2331//2875
f 3019//2876 2331//2876 2330//2876
f 2315//2877 2337//2877 3020//2877
f 3020//2878 2337//2878 2333//2878
f 3020//2879 2333//2879 2332//2879
f 3021//2880 3022//2880 2339//2880
f 2339//2881 3022//2881 2324//2881
f 2419//2882 2421//2882 3023//2882
f 3023//2883 2421//2883 2427//2883
f 3023//2884 2427//2884 3021//2884
f 3021//2885 2427//2885 2425//2885
f 3021//2886 2425//2886 3022//2886
f 2411//2887 2419//2887 3020//2887
f 3020//2888 2419//2888 3023//2888
f 3020//2889 3023//2889 2315//2889
f 2315//2890 3023//2890 3021//2890
f 2315//2891 3021//2891 2338//2891
f 2338//2892 3021//2892 2339//2892
f 2411//2893 3020//2893 2409//2893
f 2409//2894 3020//2894 3019//2894
f 2409//2895 3019//2895 2407//2895
f 2398//2896 2385//2896 3018//2896
f 3018//2897 2385//2897 2384//2897
f 3018//2898 2384//2898 3019//2898
f 3019//2899 2384//2899 2405//2899
f 3019//2900 2405//2900 2407//2900
f 3024//2901 2452//2901 3025//2901
f 3025//2902 2452//2902 2451//2902
f 3025//2903 2451//2903 3026//2903
f 3026//2904 2451//2904 2454//2904
f 3026//2905 2454//2905 2929//2905
f 2929//2906 2454//2906 2342//2906
f 2929//2907 2342//2907 2926//2907
f 2926//2908 2342//2908 2344//2908
f 2926//2909 2344//2909 2196//2909
f 2196//2910 2344//2910 2312//2910
f 3027//2911 2449//2911 3024//2911
f 3024//2912 2449//2912 2453//2912
f 3024//2913 2453//2913 2452//2913
f 2468//2914 2467//2914 3028//2914
f 3028//2915 2467//2915 2466//2915
f 3028//2916 2466//2916 3027//2916
f 3027//2917 2466//2917 2450//2917
f 3027//2918 2450//2918 2449//2918
f 2472//2919 2471//2919 3029//2919
f 3029//2920 2471//2920 2470//2920
f 3029//2921 2470//2921 3028//2921
f 3028//2922 2470//2922 2469//2922
f 3028//2923 2469//2923 2468//2923
f 2474//2924 2473//2924 2890//2924
f 2890//2925 2473//2925 2472//2925
f 2890//2926 2472//2926 3030//2926
f 3030//2927 2472//2927 3029//2927
f 2532//2928 2889//2928 2534//2928
f 2534//2929 2889//2929 2890//2929
f 2534//2930 2890//2930 2536//2930
f 2536//2931 2890//2931 3030//2931
f 2536//2932 3030//2932 2538//2932
f 2538//2933 3030//2933 3029//2933
f 2538//2934 3029//2934 2540//2934
f 3028//2935 2512//2935 2492//2935
f 3028//2936 2492//2936 3029//2936
f 3029//2937 2492//2937 2541//2937
f 3029//2938 2541//2938 2540//2938
f 2482//2939 2494//2939 2929//2939
f 2929//2940 2494//2940 2496//2940
f 2929//2941 2496//2941 3026//2941
f 3026//2942 2496//2942 2508//2942
f 3026//2943 2508//2943 3025//2943
f 3025//2944 2508//2944 2486//2944
f 3025//2945 2486//2945 3024//2945
f 3024//2946 2486//2946 2488//2946
f 3024//2947 2488//2947 3027//2947
f 3027//2948 2488//2948 2515//2948
f 3027//2949 2515//2949 3028//2949
f 3028//2950 2515//2950 2514//2950
f 3028//2951 2514//2951 2512//2951
f 2609//2952 2621//2952 2587//2952
f 2587//2953 2621//2953 2632//2953
f 2587//2954 2632//2954 2588//2954
f 2638//2955 2586//2955 2636//2955
f 2636//2956 2586//2956 2588//2956
f 2636//2957 2588//2957 2634//2957
f 2634//2958 2588//2958 2632//2958
f 2599//2959 2584//2959 2888//2959
f 2888//2960 2584//2960 2583//2960
f 2888//2961 2583//2961 3031//2961
f 3031//2962 2583//2962 2582//2962
f 3031//2963 2582//2963 2585//2963
f 2600//2964 2888//2964 2591//2964
f 2591//2965 2888//2965 3032//2965
f 2591//2966 3032//2966 2590//2966
f 2650//2967 2652//2967 2888//2967
f 2888//2968 2652//2968 2623//2968
f 2888//2969 2623//2969 3032//2969
f 3032//2970 2623//2970 2622//2970
f 3032//2971 2622//2971 2590//2971
f 2590//2972 2622//2972 2655//2972
f 2590//2973 2655//2973 2589//2973
f 2589//2974 2655//2974 2657//2974
f 2589//2975 2657//2975 2887//2975
f 2887//2976 2657//2976 2665//2976
f 2887//2977 2665//2977 2663//2977
f 2650//2978 2888//2978 2648//2978
f 2648//2979 2888//2979 3031//2979
f 2648//2980 3031//2980 2638//2980
f 2638//2981 3031//2981 2585//2981
f 2638//2982 2585//2982 2586//2982
f 2732//2983 2701//2983 2928//2983
f 2928//2984 2701//2984 2605//2984
f 2928//2985 2605//2985 435//2985
f 435//2986 2605//2986 2607//2986
f 435//2987 2607//2987 297//2987
f 297//2988 2607//2988 2609//2988
f 297//2989 2609//2989 2926//2989
f 2926//2990 2609//2990 2481//2990
f 2926//2991 2481//2991 2482//2991
f 2732//2992 2737//2992 2701//2992
f 2701//2993 2737//2993 2738//2993
f 2701//2994 2738//2994 2699//2994
f 2699//2995 2738//2995 2755//2995
f 2699//2996 2755//2996 2709//2996
f 2709//2997 2755//2997 2710//2997
f 2710//2998 2755//2998 2757//2998
f 2710//2999 2757//2999 2711//2999
f 2711//3000 2757//3000 2712//3000
f 2712//3001 2757//3001 2759//3001
f 2712//3002 2759//3002 2713//3002
f 2713//3003 2759//3003 2761//3003
f 2713//3004 2761//3004 2714//3004
f 2714//3005 2761//3005 2763//3005
f 2714//3006 2763//3006 2715//3006
f 2715//3007 2763//3007 2716//3007
f 2716//3008 2763//3008 2764//3008
f 2716//3009 2764//3009 2726//3009
f 2764//3010 2779//3010 2726//3010
f 2726//3011 2779//3011 2781//3011
f 2726//3012 2781//3012 2725//3012
f 2725//3013 2781//3013 2783//3013
f 2725//3014 2783//3014 2724//3014
f 2724//3015 2783//3015 2723//3015
f 2723//3016 2783//3016 2886//3016
f 2723//3017 2886//3017 2727//3017
f 284//3018 295//3018 2810//3018
f 2810//3019 295//3019 2857//3019
f 2810//3020 2857//3020 2826//3020
f 2826//3021 2857//3021 2858//3021
f 2826//3022 2858//3022 2825//3022
f 2825//3023 2858//3023 2859//3023
f 2825//3024 2859//3024 2824//3024
f 2824//3025 2859//3025 2860//3025
f 2824//3026 2860//3026 2823//3026
f 2823//3027 2860//3027 2863//3027
f 2823//3028 2863//3028 2822//3028
f 2863//3029 2864//3029 2822//3029
f 2822//3030 2864//3030 2862//3030
f 2822//3031 2862//3031 2821//3031
f 2821//3032 2862//3032 2861//3032
f 2821//3033 2861//3033 2820//3033
f 294//3034 293//3034 2874//3034
f 2874//3035 293//3035 2927//3035
f 2874//3036 2927//3036 2873//3036
f 2873//3037 2927//3037 2884//3037
f 2957//3038 2922//3038 2956//3038
f 2956//3039 2922//3039 2921//3039
f 2956//3040 2921//3040 3033//3040
f 3033//3041 2921//3041 2949//3041
f 473//3042 3034//3042 2937//3042
f 2937//3043 3034//3043 3035//3043
f 2937//3044 3035//3044 2938//3044
f 2938//3045 3035//3045 2954//3045
f 2938//3046 2954//3046 3036//3046
f 3036//3047 2954//3047 2956//3047
f 3036//3048 2956//3048 3037//3048
f 3037//3049 2956//3049 3033//3049
f 352//3050 350//3050 2939//3050
f 2939//3051 350//3051 2938//3051
f 2939//3052 2938//3052 2940//3052
f 2940//3053 2938//3053 3036//3053
f 2940//3054 3036//3054 2943//3054
f 2943//3055 3036//3055 3037//3055
f 2943//3056 3037//3056 2944//3056
f 2944//3057 3037//3057 3033//3057
f 2944//3058 3033//3058 3038//3058
f 3038//3059 3033//3059 2949//3059
f 3038//3060 2949//3060 3039//3060
f 3039//3061 2949//3061 2948//3061
f 3039//3062 2948//3062 3040//3062
f 3040//3063 2948//3063 2947//3063
f 2909//3068 2912//3068 3045//3068
f 2909//3069 3045//3069 2979//3069
f 3046//3070 3045//3070 3047//3070
f 3041//3075 3045//3075 3046//3075
f 771//3076 2913//3076 2974//3076
f 2974//3077 2913//3077 871//3077
f 2974//3078 871//3078 2975//3078
f 2975//3079 871//3079 870//3079
f 2975//3080 870//3080 3048//3080
f 3048//3081 3047//3081 2975//3081
f 2975//3082 3047//3082 3045//3082
f 2975//3083 3045//3083 2976//3083
f 2976//3084 3045//3084 2912//3084
f 2976//3085 2912//3085 2977//3085
f 3049//3088 3050//3088 3035//3088
f 3049//3089 3035//3089 3051//3089
f 3035//3090 3034//3090 3051//3090
f 3051//3091 3034//3091 473//3091
f 3051//3092 473//3092 472//3092
f 3052//3093 3053//3093 3054//3093
f 504//3094 3055//3094 502//3094
f 502//3095 3055//3095 3056//3095
f 502//3096 3056//3096 500//3096
f 500//3097 3056//3097 498//3097
f 3055//3098 3053//3098 3056//3098
f 3056//3099 3053//3099 3052//3099
f 3056//3100 3052//3100 498//3100
f 498//3101 3052//3101 3057//3101
f 498//3102 3057//3102 496//3102
f 496//3103 3057//3103 487//3103
f 3058//3104 475//3104 491//3104
f 472//3105 475//3105 3051//3105
f 3051//3106 475//3106 3058//3106
f 3051//3107 3058//3107 3049//3107
f 3049//3108 3058//3108 3059//3108
f 3049//3109 3059//3109 3050//3109
f 3060//3110 3061//3110 3059//3110
f 3059//3111 3061//3111 3062//3111
f 3059//3112 3062//3112 3050//3112
f 491//3113 489//3113 3058//3113
f 3058//3114 489//3114 487//3114
f 3058//3115 487//3115 3059//3115
f 3059//3116 487//3116 3057//3116
f 3059//3117 3057//3117 3060//3117
f 3060//3118 3057//3118 3052//3118
f 3060//3119 3052//3119 3063//3119
f 3063//3120 3052//3120 3054//3120
f 3064//3121 3065//3121 3066//3121
f 514//3122 481//3122 3067//3122
f 3068//3123 3069//3123 3070//3123
f 3071//3124 3072//3124 3067//3124
f 3067//3125 3072//3125 3073//3125
f 478//3126 3071//3126 476//3126
f 476//3127 3071//3127 3067//3127
f 476//3128 3067//3128 483//3128
f 483//3129 3067//3129 481//3129
f 510//3130 512//3130 3074//3130
f 3074//3131 512//3131 514//3131
f 3074//3132 514//3132 3070//3132
f 3070//3133 514//3133 3067//3133
f 3070//3134 3067//3134 3068//3134
f 3068//3135 3067//3135 3073//3135
f 504//3136 506//3136 3055//3136
f 3055//3137 506//3137 3075//3137
f 3055//3138 3075//3138 3066//3138
f 3065//3139 3076//3139 3066//3139
f 3066//3140 3076//3140 3053//3140
f 3066//3141 3053//3141 3055//3141
f 506//3142 508//3142 3075//3142
f 3075//3143 508//3143 510//3143
f 3075//3144 510//3144 3066//3144
f 3066//3145 510//3145 3074//3145
f 3066//3146 3074//3146 3064//3146
f 3064//3147 3074//3147 3070//3147
f 3064//3148 3070//3148 3077//3148
f 3077//3149 3070//3149 3069//3149
f 478//3150 480//3150 3071//3150
f 3071//3151 480//3151 3078//3151
f 3071//3152 3078//3152 3072//3152
f 3072//3153 3078//3153 3079//3153
f 3072//3154 3079//3154 3073//3154
f 3080//3155 3081//3155 3082//3155
f 509//3156 507//3156 3083//3156
f 629//3157 3084//3157 628//3157
f 631//3158 3085//3158 630//3158
f 633//3159 3086//3159 632//3159
f 727//3160 3087//3160 725//3160
f 3088//3161 870//3161 869//3161
f 3089//3162 869//3162 868//3162
f 3090//3163 775//3163 774//3163
f 858//3164 3091//3164 859//3164
f 836//3165 3092//3165 837//3165
f 829//3166 3093//3166 833//3166
f 920//3167 3094//3167 919//3167
f 990//3168 3095//3168 981//3168
f 985//3169 3096//3169 987//3169
f 963//3170 3097//3170 962//3170
f 947//3171 3098//3171 949//3171
f 1046//3172 3099//3172 1047//3172
f 2991//3173 1129//3173 3100//3173
f 3100//3174 1129//3174 1128//3174
f 3101//3175 1046//3175 1045//3175
f 1192//3176 3102//3176 1180//3176
f 1195//3177 3103//3177 1193//3177
f 1266//3178 1245//3178 3102//3178
f 1240//3179 3104//3179 1241//3179
f 3105//3180 1215//3180 1217//3180
f 1342//3181 3106//3181 1341//3181
f 1439//3182 1326//3182 1338//3182
f 1326//3183 1439//3183 1438//3183
f 1556//3184 3107//3184 1553//3184
f 1743//3185 1742//3185 3108//3185
f 1816//3186 1765//3186 1764//3186
f 2892//3187 1957//3187 1978//3187
f 2258//3188 2163//3188 2164//3188
f 2308//3189 3109//3189 2309//3189
f 2595//3190 2596//3190 3110//3190
f 2625//3191 2578//3191 2577//3191
f 2728//3192 2727//3192 2886//3192
f 2772//3193 3111//3193 2774//3193
f 146//3194 170//3194 3112//3194
f 169//3195 167//3195 3113//3195
f 3113//3196 167//3196 165//3196
f 112//3197 111//3197 3114//3197
f 107//3198 3115//3198 109//3198
f 123//3199 122//3199 3116//3199
f 3117//3200 3118//3200 3119//3200
f 3120//3201 3121//3201 3122//3201
f 3079//3202 3123//3202 3124//3202
f 3121//3203 3120//3203 3125//3203
f 3125//3204 3120//3204 3126//3204
f 3125//3205 3126//3205 3127//3205
f 3118//3206 3117//3206 3128//3206
f 2953//3207 3129//3207 2946//3207
f 2946//3208 3129//3208 3119//3208
f 2946//3209 3119//3209 2947//3209
f 2947//3210 3119//3210 3118//3210
f 2947//3211 3118//3211 3040//3211
f 3040//3212 3118//3212 3128//3212
f 3040//3213 3128//3213 3039//3213
f 3039//3214 3128//3214 3130//3214
f 3039//3215 3130//3215 3038//3215
f 3038//3216 3130//3216 3131//3216
f 3038//3217 3131//3217 2944//3217
f 2944//3218 3131//3218 3132//3218
f 2944//3219 3132//3219 3133//3219
f 14//3220 2942//3220 3133//3220
f 3133//3221 2942//3221 2945//3221
f 3133//3222 2945//3222 2944//3222
f 3080//3223 129//3223 3081//3223
f 3081//3224 129//3224 127//3224
f 3081//3225 127//3225 125//3225
f 134//3226 133//3226 3080//3226
f 3080//3227 133//3227 131//3227
f 3080//3228 131//3228 129//3228
f 141//3229 139//3229 3134//3229
f 3134//3230 139//3230 137//3230
f 3134//3231 137//3231 3135//3231
f 3134//3232 518//3232 141//3232
f 141//3233 518//3233 3136//3233
f 141//3234 3136//3234 143//3234
f 143//3235 3136//3235 144//3235
f 3116//3236 122//3236 3136//3236
f 3136//3237 122//3237 120//3237
f 3136//3238 120//3238 144//3238
f 3137//3239 723//3239 3116//3239
f 3116//3240 723//3240 117//3240
f 3116//3241 117//3241 123//3241
f 101//3242 100//3242 3138//3242
f 3138//3243 100//3243 113//3243
f 3138//3244 113//3244 3139//3244
f 3139//3245 113//3245 115//3245
f 3139//3246 115//3246 118//3246
f 3098//3247 947//3247 3138//3247
f 3138//3248 947//3248 101//3248
f 101//3249 947//3249 993//3249
f 101//3250 993//3250 103//3250
f 3115//3251 107//3251 3140//3251
f 3140//3252 107//3252 105//3252
f 3140//3253 105//3253 103//3253
f 1269//3254 110//3254 109//3254
f 1269//3255 109//3255 1221//3255
f 112//3256 3114//3256 99//3256
f 99//3257 3114//3257 3141//3257
f 99//3258 3141//3258 234//3258
f 234//3259 3141//3259 235//3259
f 235//3260 3141//3260 1783//3260
f 235//3261 1783//3261 1834//3261
f 2100//3262 2086//3262 2018//3262
f 2018//3263 2086//3263 1983//3263
f 2085//3264 173//3264 2086//3264
f 2086//3265 173//3265 175//3265
f 2086//3266 175//3266 1983//3266
f 1983//3267 175//3267 236//3267
f 1983//3268 236//3268 1919//3268
f 1919//3269 236//3269 235//3269
f 1919//3270 235//3270 3142//3270
f 3142//3271 235//3271 1834//3271
f 3142//3272 1834//3272 1874//3272
f 182//3273 3143//3273 180//3273
f 180//3274 3143//3274 178//3274
f 2543//3275 178//3275 2505//3275
f 2505//3276 178//3276 3143//3276
f 2505//3277 3143//3277 2503//3277
f 2503//3278 3143//3278 2501//3278
f 2543//3279 2579//3279 178//3279
f 178//3280 2579//3280 2612//3280
f 178//3281 2612//3281 176//3281
f 2612//3282 2668//3282 176//3282
f 176//3283 2668//3283 2670//3283
f 176//3284 2670//3284 185//3284
f 3144//3285 156//3285 186//3285
f 3144//3286 2752//3286 156//3286
f 156//3287 2752//3287 2788//3287
f 156//3288 2788//3288 157//3288
f 157//3289 2788//3289 159//3289
f 159//3290 2788//3290 2787//3290
f 159//3291 2787//3291 161//3291
f 161//3292 2787//3292 163//3292
f 163//3293 2787//3293 2811//3293
f 163//3294 2811//3294 165//3294
f 165//3295 2811//3295 2812//3295
f 165//3296 2812//3296 3113//3296
f 148//3297 146//3297 2878//3297
f 2878//3298 146//3298 3112//3298
f 2878//3299 3112//3299 2885//3299
f 2885//3300 3112//3300 2865//3300
f 2878//3301 2877//3301 148//3301
f 148//3302 2877//3302 2876//3302
f 148//3303 2876//3303 155//3303
f 155//3304 2876//3304 2875//3304
f 155//3305 2875//3305 154//3305
f 154//3306 2875//3306 2879//3306
f 154//3307 2879//3307 152//3307
f 152//3308 2879//3308 2880//3308
f 152//3309 2880//3309 150//3309
f 170//3310 169//3310 3112//3310
f 3112//3311 169//3311 3113//3311
f 3112//3312 3113//3312 2865//3312
f 2865//3313 3113//3313 2812//3313
f 2865//3314 2812//3314 2866//3314
f 2866//3315 2812//3315 2813//3315
f 2866//3316 2813//3316 2867//3316
f 2867//3317 2813//3317 2814//3317
f 2867//3318 2814//3318 2868//3318
f 2868//3319 2814//3319 2815//3319
f 2868//3320 2815//3320 2869//3320
f 2869//3321 2815//3321 2816//3321
f 2869//3322 2816//3322 2870//3322
f 2870//3323 2816//3323 2817//3323
f 2870//3324 2817//3324 2871//3324
f 2817//3325 2818//3325 2871//3325
f 2871//3326 2818//3326 2819//3326
f 2871//3327 2819//3327 2872//3327
f 2872//3328 2819//3328 2820//3328
f 2872//3329 2820//3329 2861//3329
f 186//3330 185//3330 3144//3330
f 3144//3331 185//3331 2670//3331
f 3144//3332 2670//3332 2752//3332
f 2752//3333 2670//3333 2700//3333
f 2752//3334 2700//3334 2750//3334
f 2750//3335 2700//3335 2702//3335
f 2750//3336 2702//3336 2747//3336
f 2747//3337 2702//3337 2703//3337
f 2747//3338 2703//3338 2745//3338
f 2703//3339 2704//3339 2745//3339
f 2745//3340 2704//3340 2705//3340
f 2745//3341 2705//3341 2739//3341
f 2739//3342 2705//3342 2740//3342
f 2740//3343 2705//3343 2706//3343
f 2740//3344 2706//3344 2765//3344
f 2706//3345 2707//3345 2765//3345
f 2765//3346 2707//3346 2708//3346
f 2765//3347 2708//3347 2766//3347
f 2708//3348 2717//3348 2766//3348
f 2766//3349 2717//3349 2718//3349
f 2766//3350 2718//3350 2768//3350
f 2768//3351 2718//3351 2719//3351
f 2768//3352 2719//3352 2771//3352
f 2771//3353 2719//3353 2720//3353
f 2771//3354 2720//3354 2772//3354
f 2772//3355 2720//3355 2721//3355
f 2772//3356 2721//3356 3111//3356
f 3111//3357 2721//3357 2722//3357
f 3111//3358 2722//3358 2729//3358
f 2729//3359 2728//3359 3111//3359
f 3111//3360 2728//3360 2886//3360
f 3111//3361 2886//3361 2774//3361
f 2774//3362 2886//3362 2776//3362
f 2578//3363 2625//3363 2579//3363
f 2579//3364 2625//3364 2631//3364
f 2579//3365 2631//3365 2612//3365
f 2616//3366 2618//3366 2577//3366
f 2577//3367 2618//3367 2620//3367
f 2577//3368 2620//3368 2625//3368
f 2644//3369 2642//3369 3145//3369
f 3145//3370 2642//3370 2640//3370
f 3145//3371 2640//3371 3146//3371
f 3146//3372 2640//3372 2615//3372
f 3146//3373 2615//3373 2616//3373
f 3147//3374 2596//3374 2597//3374
f 3147//3375 3148//3375 2661//3375
f 2661//3376 2659//3376 3147//3376
f 3147//3377 2659//3377 2658//3377
f 3147//3378 2658//3378 2596//3378
f 2596//3379 2658//3379 2630//3379
f 2596//3380 2630//3380 3110//3380
f 3110//3381 2630//3381 2645//3381
f 3110//3382 2645//3382 2644//3382
f 2597//3383 2598//3383 3147//3383
f 3147//3384 2598//3384 2601//3384
f 3147//3385 2601//3385 3148//3385
f 3148//3386 2601//3386 2602//3386
f 3148//3387 2602//3387 2661//3387
f 2661//3388 2602//3388 2663//3388
f 2644//3389 3145//3389 3110//3389
f 3110//3390 3145//3390 2594//3390
f 3110//3391 2594//3391 2595//3391
f 2577//3392 2580//3392 2616//3392
f 2616//3393 2580//3393 2581//3393
f 2616//3394 2581//3394 3146//3394
f 3146//3395 2581//3395 2592//3395
f 3146//3396 2592//3396 3145//3396
f 3145//3397 2592//3397 2593//3397
f 3145//3398 2593//3398 2594//3398
f 3149//3399 2524//3399 3150//3399
f 3150//3400 2524//3400 2497//3400
f 3150//3401 2497//3401 3151//3401
f 3151//3402 2497//3402 2499//3402
f 3151//3403 2499//3403 3152//3403
f 3152//3404 2499//3404 2501//3404
f 3152//3405 2501//3405 3153//3405
f 3153//3406 2501//3406 3143//3406
f 3154//3407 2520//3407 3149//3407
f 3149//3408 2520//3408 2522//3408
f 3149//3409 2522//3409 2524//3409
f 2485//3410 2493//3410 3154//3410
f 3154//3411 2493//3411 2518//3411
f 3154//3412 2518//3412 2520//3412
f 3155//3413 2528//3413 2527//3413
f 3155//3414 2527//3414 3156//3414
f 2532//3415 2530//3415 2889//3415
f 2889//3416 2530//3416 3157//3416
f 2889//3417 3157//3417 2474//3417
f 2474//3418 3157//3418 2475//3418
f 2530//3419 2528//3419 3157//3419
f 3157//3420 2528//3420 3155//3420
f 3157//3421 3155//3421 2475//3421
f 2475//3422 3155//3422 2476//3422
f 2465//3423 2464//3423 3154//3423
f 3154//3424 2464//3424 3156//3424
f 3154//3425 3156//3425 2485//3425
f 2485//3426 3156//3426 2527//3426
f 2464//3427 2463//3427 3156//3427
f 3156//3428 2463//3428 2478//3428
f 3156//3429 2478//3429 3155//3429
f 3155//3430 2478//3430 2477//3430
f 3155//3431 2477//3431 2476//3431
f 3151//3432 2459//3432 3150//3432
f 3150//3433 2459//3433 2460//3433
f 3150//3434 2460//3434 3149//3434
f 3149//3435 2460//3435 2461//3435
f 3149//3436 2461//3436 3154//3436
f 3154//3437 2461//3437 2462//3437
f 3154//3438 2462//3438 2465//3438
f 3153//3439 2456//3439 3152//3439
f 3152//3440 2456//3440 2457//3440
f 3152//3441 2457//3441 3151//3441
f 3151//3442 2457//3442 2458//3442
f 3151//3443 2458//3443 2459//3443
f 182//3444 171//3444 3143//3444
f 3143//3445 171//3445 2202//3445
f 3143//3446 2202//3446 2200//3446
f 2308//3447 2316//3447 3109//3447
f 3109//3448 2316//3448 2404//3448
f 3109//3449 2404//3449 2309//3449
f 2309//3450 2404//3450 2403//3450
f 2309//3451 2403//3451 2310//3451
f 2310//3452 2403//3452 2402//3452
f 2310//3453 2402//3453 2311//3453
f 2311//3454 2402//3454 2401//3454
f 2311//3455 2401//3455 2307//3455
f 2307//3456 2401//3456 2388//3456
f 2307//3457 2388//3457 2200//3457
f 2200//3458 2388//3458 2383//3458
f 2200//3459 2383//3459 3143//3459
f 3143//3460 2383//3460 2382//3460
f 3143//3461 2382//3461 3153//3461
f 3153//3462 2382//3462 2455//3462
f 3153//3463 2455//3463 2456//3463
f 3158//3464 2316//3464 2317//3464
f 3158//3465 2431//3465 2316//3465
f 2316//3466 2431//3466 2432//3466
f 2316//3467 2432//3467 2404//3467
f 3159//3468 2416//3468 3158//3468
f 3158//3469 2416//3469 2430//3469
f 3158//3470 2430//3470 2431//3470
f 3160//3471 2412//3471 2413//3471
f 2413//3472 2414//3472 3159//3472
f 3159//3473 2414//3473 2415//3473
f 3159//3474 2415//3474 2416//3474
f 2324//3475 3022//3475 3161//3475
f 2412//3476 3160//3476 2422//3476
f 2422//3477 3160//3477 3162//3477
f 2422//3478 3162//3478 2423//3478
f 2423//3479 3162//3479 3161//3479
f 2423//3480 3161//3480 2424//3480
f 2424//3481 3161//3481 3022//3481
f 2424//3482 3022//3482 2425//3482
f 2322//3483 2323//3483 3160//3483
f 3160//3484 2323//3484 2334//3484
f 3160//3485 2334//3485 3162//3485
f 3162//3486 2334//3486 2335//3486
f 3162//3487 2335//3487 3161//3487
f 3161//3488 2335//3488 2336//3488
f 3161//3489 2336//3489 2324//3489
f 2413//3490 3159//3490 3160//3490
f 3160//3491 3159//3491 2321//3491
f 3160//3492 2321//3492 2322//3492
f 2317//3493 2318//3493 3158//3493
f 3158//3494 2318//3494 2319//3494
f 3158//3495 2319//3495 3159//3495
f 3159//3496 2319//3496 2320//3496
f 3159//3497 2320//3497 2321//3497
f 2163//3498 2258//3498 2162//3498
f 171//3499 173//3499 2202//3499
f 2202//3500 173//3500 2085//3500
f 2202//3501 2085//3501 2261//3501
f 2261//3502 2085//3502 2165//3502
f 2261//3503 2165//3503 2260//3503
f 2260//3503 2165//3503 2162//3503
f 2260//3504 2162//3504 2259//3504
f 2259//3505 2162//3505 2258//3505
f 2287//3506 2286//3506 2193//3506
f 2193//3507 2286//3507 2177//3507
f 2286//3508 2285//3508 2177//3508
f 2177//3509 2285//3509 2284//3509
f 2177//3510 2284//3510 2176//3510
f 2176//3511 2284//3511 2257//3511
f 2176//3512 2257//3512 2175//3512
f 2175//3513 2257//3513 2248//3513
f 2175//3514 2248//3514 2169//3514
f 2169//3515 2248//3515 2249//3515
f 2169//3516 2249//3516 2168//3516
f 2168//3517 2249//3517 2250//3517
f 2168//3518 2250//3518 2167//3518
f 2167//3519 2250//3519 2251//3519
f 2167//3520 2251//3520 2166//3520
f 2166//3521 2251//3521 2241//3521
f 2166//3522 2241//3522 2164//3522
f 2164//3523 2241//3523 2247//3523
f 2164//3524 2247//3524 2258//3524
f 2190//3525 2189//3525 2891//3525
f 2193//3526 2192//3526 2287//3526
f 2287//3527 2192//3527 2191//3527
f 2287//3528 2191//3528 2288//3528
f 2288//3529 2191//3529 2190//3529
f 2288//3530 2190//3530 2289//3530
f 2289//3531 2190//3531 2891//3531
f 2289//3532 2891//3532 2282//3532
f 2100//3533 2018//3533 2101//3533
f 2101//3533 2018//3533 2019//3533
f 2101//3534 2019//3534 2102//3534
f 2102//3535 2019//3535 2023//3535
f 2102//3536 2023//3536 2103//3536
f 2103//3537 2023//3537 2024//3537
f 2103//3538 2024//3538 2104//3538
f 2104//3539 2024//3539 2025//3539
f 2104//3540 2025//3540 2105//3540
f 2108//3541 2107//3541 2022//3541
f 2022//3542 2107//3542 2106//3542
f 2022//3543 2106//3543 2021//3543
f 2021//3544 2106//3544 2105//3544
f 2021//3545 2105//3545 2020//3545
f 2020//3546 2105//3546 2025//3546
f 2108//3547 2022//3547 2109//3547
f 2109//3548 2022//3548 2035//3548
f 2109//3549 2035//3549 2110//3549
f 2110//3550 2035//3550 2036//3550
f 2110//3551 2036//3551 2111//3551
f 2111//3552 2036//3552 2037//3552
f 2111//3553 2037//3553 2112//3553
f 2112//3554 2037//3554 2038//3554
f 2112//3555 2038//3555 2113//3555
f 2113//3556 2038//3556 2039//3556
f 2113//3557 2039//3557 2131//3557
f 2131//3558 2039//3558 2040//3558
f 2131//3559 2040//3559 2132//3559
f 2048//3560 2041//3560 3017//3560
f 2040//3561 2047//3561 2132//3561
f 2132//3562 2047//3562 2048//3562
f 2132//3563 2048//3563 2133//3563
f 2133//3564 2048//3564 3017//3564
f 2133//3565 3017//3565 2134//3565
f 1931//3566 1915//3566 3142//3566
f 3142//3567 1915//3567 1917//3567
f 3142//3568 1917//3568 1919//3568
f 1932//3569 3163//3569 1934//3569
f 1934//3570 3163//3570 1935//3570
f 1903//3571 1960//3571 1904//3571
f 1904//3572 1960//3572 1977//3572
f 1904//3573 1977//3573 1891//3573
f 1891//3574 1977//3574 1976//3574
f 1891//3575 1976//3575 1890//3575
f 1890//3576 1976//3576 1974//3576
f 1890//3577 1974//3577 1889//3577
f 1889//3578 1974//3578 1972//3578
f 1889//3579 1972//3579 1888//3579
f 1888//3580 1972//3580 1970//3580
f 1888//3581 1970//3581 1887//3581
f 1887//3582 1970//3582 1968//3582
f 1887//3583 1968//3583 1886//3583
f 1886//3584 1968//3584 1966//3584
f 1886//3585 1966//3585 1885//3585
f 1885//3586 1966//3586 1964//3586
f 1885//3587 1964//3587 1884//3587
f 1884//3588 1964//3588 1920//3588
f 1901//3589 2892//3589 1902//3589
f 1902//3590 2892//3590 1978//3590
f 1902//3591 1978//3591 1903//3591
f 1903//3592 1978//3592 1961//3592
f 1903//3593 1961//3593 1960//3593
f 1874//3594 1875//3594 3142//3594
f 3142//3595 1875//3595 3163//3595
f 3142//3596 3163//3596 1931//3596
f 1931//3597 3163//3597 1932//3597
f 1875//3598 1876//3598 3163//3598
f 3163//3599 1876//3599 1877//3599
f 3163//3600 1877//3600 1935//3600
f 1935//3601 1877//3601 1878//3601
f 1935//3602 1878//3602 1920//3602
f 1920//3603 1878//3603 1879//3603
f 1920//3604 1879//3604 1884//3604
f 1745//3605 1792//3605 1746//3605
f 1746//3606 1792//3606 1785//3606
f 1746//3607 1785//3607 1643//3607
f 1793//3608 3164//3608 1795//3608
f 1795//3609 3164//3609 3108//3609
f 1795//3610 3108//3610 1797//3610
f 1797//3611 3108//3611 3165//3611
f 3166//3612 1800//3612 3165//3612
f 3165//3613 1800//3613 1799//3613
f 3165//3614 1799//3614 1797//3614
f 3167//3615 1790//3615 3166//3615
f 3166//3616 1790//3616 1788//3616
f 3166//3617 1788//3617 1800//3617
f 1810//3618 1808//3618 3167//3618
f 3167//3619 1808//3619 1807//3619
f 3167//3620 1807//3620 1790//3620
f 1764//3621 1763//3621 3013//3621
f 1816//3622 1764//3622 1818//3622
f 1818//3623 1764//3623 3013//3623
f 1818//3624 3013//3624 1820//3624
f 1765//3625 1816//3625 1766//3625
f 1766//3626 1816//3626 1814//3626
f 1766//3627 1814//3627 1767//3627
f 1767//3628 1814//3628 1812//3628
f 1767//3629 1812//3629 1754//3629
f 1754//3630 1812//3630 1810//3630
f 1754//3631 1810//3631 1741//3631
f 1741//3632 1810//3632 3167//3632
f 1741//3633 3167//3633 1740//3633
f 1740//3634 3167//3634 3166//3634
f 1740//3635 3166//3635 1739//3635
f 1739//3636 3166//3636 3165//3636
f 1739//3637 3165//3637 1738//3637
f 3108//3638 1742//3638 3165//3638
f 3165//3639 1742//3639 1737//3639
f 3165//3640 1737//3640 1738//3640
f 1743//3641 3108//3641 1744//3641
f 1744//3642 3108//3642 3164//3642
f 1744//3643 3164//3643 1745//3643
f 1745//3644 3164//3644 1793//3644
f 1745//3645 1793//3645 1792//3645
f 1523//3646 3114//3646 1521//3646
f 1521//3647 3114//3647 3168//3647
f 1521//3648 3168//3648 1520//3648
f 1641//3649 1561//3649 1626//3649
f 1641//3650 1626//3650 1693//3650
f 1785//3651 1783//3651 1643//3651
f 1643//3652 1783//3652 3141//3652
f 1643//3653 3141//3653 1641//3653
f 1641//3654 3141//3654 3114//3654
f 1641//3655 3114//3655 1561//3655
f 1561//3656 3114//3656 1523//3656
f 1626//3657 1625//3657 1693//3657
f 1693//3658 1625//3658 1624//3658
f 1693//3659 1624//3659 1694//3659
f 1694//3660 1624//3660 1623//3660
f 1694//3661 1623//3661 1695//3661
f 1695//3662 1623//3662 1622//3662
f 3169//3663 1715//3663 3170//3663
f 3170//3664 1715//3664 1674//3664
f 3170//3665 1674//3665 3171//3665
f 3171//3666 1674//3666 1681//3666
f 3171//3667 1681//3667 1619//3667
f 1619//3668 1681//3668 1699//3668
f 1619//3669 1699//3669 1620//3669
f 1620//3670 1699//3670 1698//3670
f 1620//3671 1698//3671 1621//3671
f 1621//3672 1698//3672 1697//3672
f 1621//3673 1697//3673 1622//3673
f 1622//3674 1697//3674 1696//3674
f 1622//3675 1696//3675 1695//3675
f 1718//3676 1717//3676 3169//3676
f 3169//3677 1717//3677 1716//3677
f 3169//3678 1716//3678 1715//3678
f 1719//3679 3172//3679 1720//3679
f 1720//3680 3172//3680 3173//3680
f 1720//3681 3173//3681 1721//3681
f 1611//3682 1610//3682 3007//3682
f 3173//3683 1612//3683 1721//3683
f 1721//3684 1612//3684 1611//3684
f 1721//3685 1611//3685 1714//3685
f 1714//3686 1611//3686 3007//3686
f 1714//3687 3007//3687 1713//3687
f 1616//3688 1615//3688 3172//3688
f 3172//3689 1615//3689 1614//3689
f 3172//3690 1614//3690 3173//3690
f 3173//3691 1614//3691 1613//3691
f 3173//3692 1613//3692 1612//3692
f 1619//3693 1618//3693 3171//3693
f 3171//3694 1618//3694 1617//3694
f 3171//3695 1617//3695 3170//3695
f 3170//3696 1617//3696 1616//3696
f 3170//3697 1616//3697 3169//3697
f 3169//3698 1616//3698 3172//3698
f 3169//3699 3172//3699 1718//3699
f 1718//3700 3172//3700 1719//3700
f 1535//3701 1537//3701 1481//3701
f 1481//3702 1537//3702 1463//3702
f 3174//3703 3175//3703 1535//3703
f 1535//3704 3175//3704 1533//3704
f 1553//3705 3107//3705 3001//3705
f 3001//3706 3107//3706 1490//3706
f 3001//3707 1490//3707 1491//3707
f 1556//3708 1533//3708 3107//3708
f 3107//3709 1533//3709 3175//3709
f 3107//3710 3175//3710 1490//3710
f 1490//3711 3175//3711 1489//3711
f 1535//3712 1481//3712 3174//3712
f 3174//3713 1481//3713 1482//3713
f 3174//3714 1482//3714 3175//3714
f 3175//3715 1482//3715 1483//3715
f 3175//3716 1483//3716 1489//3716
f 1537//3717 1539//3717 1463//3717
f 1463//3718 1539//3718 1504//3718
f 1463//3719 1504//3719 1464//3719
f 1464//3720 1504//3720 1502//3720
f 1464//3721 1502//3721 1466//3721
f 1466//3722 1502//3722 1500//3722
f 1466//3723 1500//3723 1467//3723
f 1467//3724 1500//3724 1498//3724
f 1467//3725 1498//3725 1468//3725
f 1468//3726 1498//3726 1497//3726
f 1468//3727 1497//3727 1469//3727
f 1469//3728 1497//3728 1528//3728
f 1469//3729 1528//3729 1470//3729
f 1470//3730 1528//3730 1529//3730
f 1470//3731 1529//3731 1471//3731
f 1471//3732 1529//3732 1520//3732
f 1471//3733 1520//3733 1465//3733
f 1465//3734 1520//3734 3168//3734
f 1465//3735 3168//3735 1425//3735
f 1425//3736 3168//3736 3114//3736
f 1425//3737 3114//3737 1424//3737
f 1424//3738 3114//3738 111//3738
f 111//3739 110//3739 1424//3739
f 1424//3740 110//3740 1269//3740
f 1424//3741 1269//3741 1451//3741
f 1451//3742 1269//3742 1321//3742
f 1451//3743 1321//3743 1441//3743
f 1441//3744 3176//3744 1442//3744
f 1442//3745 3176//3745 3177//3745
f 1442//3746 3177//3746 1443//3746
f 1443//3747 3177//3747 1427//3747
f 1448//3748 3178//3748 1449//3748
f 1449//3749 3178//3749 1319//3749
f 1449//3750 1319//3750 1450//3750
f 1450//3751 1319//3751 1431//3751
f 1431//3752 1319//3752 1320//3752
f 1431//3753 1320//3753 1437//3753
f 1437//3754 1320//3754 1438//3754
f 1438//3755 1320//3755 1325//3755
f 1438//3756 1325//3756 1326//3756
f 2998//3757 1457//3757 3179//3757
f 3179//3758 1457//3758 1456//3758
f 3179//3759 1456//3759 1455//3759
f 1343//3760 2998//3760 1342//3760
f 1342//3761 2998//3761 3179//3761
f 1342//3762 3179//3762 3106//3762
f 3106//3763 3179//3763 1455//3763
f 3106//3764 1455//3764 1341//3764
f 1341//3765 1455//3765 1454//3765
f 1341//3766 1454//3766 1340//3766
f 1340//3767 1454//3767 1453//3767
f 1340//3768 1453//3768 1339//3768
f 1339//3769 1453//3769 1452//3769
f 1339//3770 1452//3770 1338//3770
f 1338//3771 1452//3771 1440//3771
f 1338//3772 1440//3772 1439//3772
f 1448//3773 1427//3773 3178//3773
f 3178//3774 1427//3774 3177//3774
f 3178//3775 3177//3775 1319//3775
f 1319//3776 3177//3776 1323//3776
f 1441//3777 1321//3777 3176//3777
f 3176//3778 1321//3778 1322//3778
f 3176//3779 1322//3779 3177//3779
f 3177//3780 1322//3780 1324//3780
f 3177//3781 1324//3781 1323//3781
f 1109//3782 3115//3782 1108//3782
f 1108//3783 3115//3783 3140//3783
f 1108//3784 3140//3784 1122//3784
f 1122//3785 3140//3785 3180//3785
f 109//3786 3115//3786 1221//3786
f 1221//3787 3115//3787 1109//3787
f 1221//3788 1109//3788 1219//3788
f 1219//3789 1109//3789 1170//3789
f 1219//3790 1170//3790 1217//3790
f 1217//3791 1170//3791 1171//3791
f 1217//3792 1171//3792 3105//3792
f 3105//3793 1171//3793 1213//3793
f 3105//3794 1213//3794 1215//3794
f 1171//3795 1173//3795 1213//3795
f 1213//3796 1173//3796 1174//3796
f 1213//3797 1174//3797 1175//3797
f 3104//3798 1240//3798 3181//3798
f 3181//3799 1240//3799 1209//3799
f 3181//3800 1209//3800 3182//3800
f 3182//3801 1209//3801 1211//3801
f 3182//3802 1211//3802 3183//3802
f 3102//3803 1245//3803 1180//3803
f 1180//3804 1245//3804 1243//3804
f 1180//3805 1243//3805 1179//3805
f 1179//3806 1243//3806 1241//3806
f 1179//3807 1241//3807 1178//3807
f 1257//3808 1259//3808 3184//3808
f 3184//3809 1259//3809 1261//3809
f 1196//3810 1194//3810 3184//3810
f 3184//3811 1194//3811 2994//3811
f 3184//3812 2994//3812 1257//3812
f 1266//3813 3102//3813 1265//3813
f 1265//3814 3102//3814 1192//3814
f 1265//3815 1192//3815 1263//3815
f 1263//3816 1192//3816 1193//3816
f 1263//3817 1193//3817 1261//3817
f 1261//3818 1193//3818 3103//3818
f 1261//3819 3103//3819 3184//3819
f 3184//3820 3103//3820 1195//3820
f 3184//3821 1195//3821 1196//3821
f 1241//3822 3104//3822 1178//3822
f 1178//3823 3104//3823 3181//3823
f 1178//3824 3181//3824 1177//3824
f 1177//3825 3181//3825 3182//3825
f 1177//3826 3182//3826 1176//3826
f 1176//3827 3182//3827 3183//3827
f 1176//3828 3183//3828 1175//3828
f 1175//3829 3183//3829 1211//3829
f 1175//3830 1211//3830 1213//3830
f 1036//3831 1040//3831 1121//3831
f 1121//3832 1040//3832 1110//3832
f 1040//3833 1039//3833 1110//3833
f 1110//3834 1039//3834 1055//3834
f 1110//3835 1055//3835 1111//3835
f 1111//3836 1055//3836 3185//3836
f 1111//3837 3185//3837 1116//3837
f 1116//3838 3185//3838 1117//3838
f 1120//3839 1119//3839 1051//3839
f 1051//3840 1119//3840 1052//3840
f 1046//3841 3101//3841 3099//3841
f 3099//3842 3101//3842 1126//3842
f 3099//3843 1126//3843 1047//3843
f 1047//3844 1126//3844 1125//3844
f 1047//3845 1125//3845 1124//3845
f 1120//3846 3186//3846 1123//3846
f 1123//3847 3186//3847 3187//3847
f 1123//3848 3187//3848 1124//3848
f 1124//3849 3187//3849 1048//3849
f 1124//3850 1048//3850 1047//3850
f 1064//3851 2991//3851 1065//3851
f 1065//3852 2991//3852 3100//3852
f 1065//3853 3100//3853 1045//3853
f 1045//3854 3100//3854 1128//3854
f 1045//3855 1128//3855 3101//3855
f 3101//3856 1128//3856 1127//3856
f 3101//3857 1127//3857 1126//3857
f 1120//3858 1051//3858 3186//3858
f 3186//3859 1051//3859 1050//3859
f 3186//3860 1050//3860 3187//3860
f 3187//3861 1050//3861 1049//3861
f 3187//3862 1049//3862 1048//3862
f 1119//3863 1118//3863 1052//3863
f 1052//3864 1118//3864 1117//3864
f 1052//3865 1117//3865 1053//3865
f 1053//3866 1117//3866 3185//3866
f 1053//3867 3185//3867 1054//3867
f 1054//3868 3185//3868 1055//3868
f 103//3869 993//3869 3140//3869
f 3140//3870 993//3870 1036//3870
f 3140//3871 1036//3871 3180//3871
f 3180//3872 1036//3872 1121//3872
f 3180//3873 1121//3873 1122//3873
f 963//3874 900//3874 3097//3874
f 3097//3875 900//3875 910//3875
f 3097//3876 910//3876 962//3876
f 910//3877 911//3877 962//3877
f 962//3878 911//3878 912//3878
f 962//3879 912//3879 938//3879
f 938//3880 912//3880 913//3880
f 938//3881 913//3881 936//3881
f 936//3882 3188//3882 934//3882
f 934//3883 3188//3883 932//3883
f 936//3884 913//3884 3188//3884
f 3188//3885 913//3885 914//3885
f 3188//3886 914//3886 932//3886
f 914//3887 915//3887 932//3887
f 932//3888 915//3888 916//3888
f 932//3889 916//3889 984//3889
f 984//3890 916//3890 985//3890
f 985//3891 916//3891 3096//3891
f 3096//3892 916//3892 917//3892
f 3096//3893 917//3893 987//3893
f 987//3894 917//3894 918//3894
f 987//3895 918//3895 989//3895
f 921//3896 981//3896 920//3896
f 920//3897 981//3897 3095//3897
f 920//3898 3095//3898 3094//3898
f 3094//3899 3095//3899 990//3899
f 3094//3900 990//3900 919//3900
f 919//3901 990//3901 989//3901
f 919//3902 989//3902 3189//3902
f 3189//3903 989//3903 918//3903
f 3189//3904 918//3904 919//3904
f 963//3905 952//3905 900//3905
f 900//3906 952//3906 951//3906
f 900//3907 951//3907 899//3907
f 899//3908 951//3908 949//3908
f 899//3909 949//3909 898//3909
f 898//3910 949//3910 3098//3910
f 898//3911 3098//3911 784//3911
f 784//3912 3098//3912 3138//3912
f 784//3913 3138//3913 783//3913
f 783//3914 3138//3914 3139//3914
f 838//3915 839//3915 3190//3915
f 3190//3916 839//3916 857//3916
f 827//3917 838//3917 742//3917
f 742//3918 838//3918 3190//3918
f 742//3919 3190//3919 740//3919
f 740//3920 3190//3920 738//3920
f 827//3921 742//3921 828//3921
f 828//3922 742//3922 745//3922
f 828//3923 745//3923 829//3923
f 829//3924 745//3924 3093//3924
f 3093//3925 745//3925 747//3925
f 3093//3926 747//3926 833//3926
f 833//3927 747//3927 749//3927
f 833//3928 749//3928 751//3928
f 3092//3929 836//3929 3191//3929
f 3191//3930 836//3930 835//3930
f 3191//3931 835//3931 834//3931
f 858//3932 755//3932 3091//3932
f 3091//3933 755//3933 757//3933
f 3091//3934 757//3934 859//3934
f 859//3935 757//3935 759//3935
f 859//3936 759//3936 860//3936
f 759//3937 761//3937 860//3937
f 860//3938 761//3938 3192//3938
f 860//3939 3192//3939 872//3939
f 872//3940 3192//3940 3090//3940
f 869//3941 3089//3941 3088//3941
f 3088//3942 3089//3942 3193//3942
f 3088//3943 3193//3943 3194//3943
f 3088//3946 3047//3946 3048//3946
f 3088//3947 3048//3947 870//3947
f 761//3961 763//3961 3192//3961
f 3192//3962 763//3962 764//3962
f 3192//3963 764//3963 3090//3963
f 3090//3964 764//3964 776//3964
f 3090//3965 776//3965 775//3965
f 858//3966 837//3966 755//3966
f 755//3967 837//3967 3092//3967
f 755//3968 3092//3968 753//3968
f 753//3969 3092//3969 3191//3969
f 753//3970 3191//3970 751//3970
f 751//3971 3191//3971 834//3971
f 751//3972 834//3972 833//3972
f 118//3973 117//3973 3139//3973
f 3139//3974 117//3974 723//3974
f 3139//3975 723//3975 783//3975
f 783//3976 723//3976 725//3976
f 783//3977 725//3977 857//3977
f 857//3978 725//3978 3087//3978
f 857//3979 3087//3979 3190//3979
f 3190//3980 3087//3980 727//3980
f 3190//3981 727//3981 738//3981
f 3137//3982 3116//3982 646//3982
f 646//3983 3116//3983 3136//3983
f 646//3984 3136//3984 647//3984
f 656//3985 654//3985 3201//3985
f 3201//3986 654//3986 647//3986
f 3201//3987 647//3987 3202//3987
f 3202//3988 647//3988 3136//3988
f 624//3989 625//3989 3203//3989
f 3201//3990 624//3990 656//3990
f 656//3991 624//3991 3203//3991
f 656//3992 3203//3992 662//3992
f 662//3993 3203//3993 3204//3993
f 662//3994 3204//3994 664//3994
f 628//3995 3084//3995 627//3995
f 627//3996 3084//3996 668//3996
f 627//3997 668//3997 666//3997
f 630//3998 3085//3998 629//3998
f 629//3999 3085//3999 684//3999
f 629//4000 684//4000 3084//4000
f 3084//4001 684//4001 670//4001
f 3084//4002 670//4002 668//4002
f 694//4003 692//4003 2970//4003
f 2970//4004 692//4004 689//4004
f 2970//4005 689//4005 3205//4005
f 3205//4006 689//4006 687//4006
f 3205//4007 687//4007 3206//4007
f 633//4008 2970//4008 3086//4008
f 3086//4009 2970//4009 3205//4009
f 3086//4010 3205//4010 632//4010
f 632//4011 3205//4011 3206//4011
f 632//4012 3206//4012 631//4012
f 631//4013 3206//4013 687//4013
f 631//4014 687//4014 3085//4014
f 3085//4015 687//4015 685//4015
f 3085//4016 685//4016 684//4016
f 625//4017 626//4017 3203//4017
f 3203//4018 626//4018 627//4018
f 3203//4019 627//4019 3204//4019
f 3204//4020 627//4020 666//4020
f 3204//4021 666//4021 664//4021
f 518//4022 520//4022 3136//4022
f 3136//4023 520//4023 522//4023
f 3136//4024 522//4024 3202//4024
f 3202//4025 522//4025 622//4025
f 3202//4026 622//4026 3201//4026
f 3201//4027 622//4027 623//4027
f 3201//4028 623//4028 624//4028
f 562//4029 561//4029 3207//4029
f 3207//4030 561//4030 3208//4030
f 562//4031 3207//4031 576//4031
f 576//4032 3207//4032 516//4032
f 576//4033 516//4033 3209//4033
f 579//4034 578//4034 3209//4034
f 3209//4035 578//4035 577//4035
f 3209//4036 577//4036 576//4036
f 516//4037 515//4037 3209//4037
f 3209//4038 515//4038 513//4038
f 3209//4039 513//4039 579//4039
f 579//4040 513//4040 3210//4040
f 579//4041 3210//4041 580//4041
f 580//4042 3210//4042 3211//4042
f 580//4043 3211//4043 581//4043
f 507//4044 505//4044 3083//4044
f 3083//4045 505//4045 2961//4045
f 3083//4046 2961//4046 3212//4046
f 513//4047 511//4047 3210//4047
f 3210//4048 511//4048 509//4048
f 3210//4049 509//4049 3211//4049
f 3211//4050 509//4050 3083//4050
f 3211//4051 3083//4051 581//4051
f 581//4052 3083//4052 3212//4052
f 581//4053 3212//4053 582//4053
f 582//4054 3212//4054 2961//4054
f 582//4055 2961//4055 583//4055
f 477//4056 485//4056 3208//4056
f 3208//4057 485//4057 484//4057
f 3208//4058 484//4058 3207//4058
f 3207//4059 484//4059 482//4059
f 3207//4060 482//4060 516//4060
f 561//4061 560//4061 3208//4061
f 3208//4062 560//4062 559//4062
f 3208//4063 559//4063 477//4063
f 477//4064 559//4064 3213//4064
f 477//4065 3213//4065 479//4065
f 479//4066 3213//4066 480//4066
f 559//4067 518//4067 3213//4067
f 3213//4068 518//4068 3134//4068
f 3213//4069 3134//4069 480//4069
f 480//4070 3134//4070 3135//4070
f 480//4071 3135//4071 3078//4071
f 3078//4072 3135//4072 3079//4072
f 774//4073 770//4073 3214//4073
f 3214//4074 770//4074 3200//4074
f 3214//4075 3200//4075 3215//4075
f 3215//4076 3200//4076 3199//4076
f 3195//4081 3194//4081 3193//4081
f 3195//4082 3193//4082 3043//4082
f 3198//4088 3193//4088 3215//4088
f 3215//4089 3193//4089 3089//4089
f 3215//4090 3089//4090 3214//4090
f 3214//4091 3089//4091 868//4091
f 3214//4092 868//4092 774//4092
f 774//4093 868//4093 867//4093
f 774//4094 867//4094 3090//4094
f 3090//4095 867//4095 873//4095
f 3090//4096 873//4096 872//4096
f 137//4097 135//4097 3135//4097
f 3135//4098 135//4098 134//4098
f 3135//4099 134//4099 3079//4099
f 3079//4100 134//4100 3080//4100
f 3079//4101 3080//4101 3123//4101
f 3123//4102 3080//4102 3082//4102
f 3123//4103 3082//4103 3124//4103
f 3130//4104 3082//4104 3131//4104
f 3131//4105 3082//4105 3081//4105
f 3131//4106 3081//4106 3132//4106
f 3132//4107 3081//4107 125//4107
f 3132//4108 125//4108 3133//4108
f 3133//4109 125//4109 124//4109
f 3133//4110 124//4110 14//4110
f 3117//4111 3122//4111 3128//4111
f 3128//4112 3122//4112 3121//4112
f 3128//4113 3121//4113 3130//4113
f 3130//4114 3121//4114 3125//4114
f 3130//4115 3125//4115 3082//4115
f 3082//4116 3125//4116 3127//4116
f 3082//4117 3127//4117 3124//4117
f 723//835 3137//835 724//835
f 724//4118 3137//4118 646//4118
f 724//833 646//833 645//833
f 667//4119 669//4119 3216//4119
f 3216//4120 669//4120 671//4120
f 760//4121 758//4121 686//4121
f 3217//4122 743//4122 741//4122
f 724//4123 645//4123 653//4123
f 724//4124 653//4124 726//4124
f 726//4125 3218//4125 739//4125
f 739//4126 3218//4126 741//4126
f 726//4127 653//4127 3218//4127
f 3218//4128 653//4128 655//4128
f 3218//4129 655//4129 741//4129
f 741//4130 655//4130 657//4130
f 741//4131 657//4131 3217//4131
f 750//4132 748//4132 3219//4132
f 3219//4133 748//4133 746//4133
f 3219//4134 746//4134 3217//4134
f 3217//4135 746//4135 744//4135
f 3217//4136 744//4136 743//4136
f 3219//4137 3220//4137 750//4137
f 750//4138 3220//4138 3221//4138
f 750//4139 3221//4139 752//4139
f 752//4140 3221//4140 754//4140
f 686//4141 758//4141 671//4141
f 671//4142 758//4142 756//4142
f 671//4143 756//4143 3216//4143
f 700//4144 699//4144 3222//4144
f 3222//4145 699//4145 762//4145
f 3222//4146 762//4146 3223//4146
f 3223//4147 762//4147 760//4147
f 3223//4148 760//4148 688//4148
f 688//4149 760//4149 686//4149
f 688//4150 690//4150 3223//4150
f 3223//4151 690//4151 691//4151
f 3223//4152 691//4152 3222//4152
f 3222//4153 691//4153 693//4153
f 3222//4154 693//4154 700//4154
f 756//4155 754//4155 3216//4155
f 3216//4156 754//4156 3221//4156
f 3216//4157 3221//4157 667//4157
f 667//4158 3221//4158 3220//4158
f 667//4159 3220//4159 665//4159
f 665//4160 3220//4160 3219//4160
f 665//4161 3219//4161 663//4161
f 663//4162 3219//4162 3217//4162
f 663//4163 3217//4163 661//4163
f 661//4164 3217//4164 657//4164
