# Blender 5.0.1
# www.blender.org
mtllib materials.mtl
o thumb_metacarpals
v -0.001200 0.003500 -0.000000
v 0.001500 0.003500 0.000000
v -0.001200 0.003370 0.000944
v 0.001500 0.003370 0.000944
v -0.001200 0.002990 0.001819
v 0.001500 0.002990 0.001819
v -0.001200 0.002389 0.002558
v 0.001500 0.002389 0.002558
v -0.001200 0.001610 0.003108
v 0.001500 0.001610 0.003108
v -0.001200 0.000712 0.003427
v 0.001500 0.000712 0.003427
v -0.001200 -0.000239 0.003492
v 0.001500 -0.000239 0.003492
v -0.001200 -0.001172 0.003298
v 0.001500 -0.001172 0.003298
v -0.001200 -0.002018 0.002859
v 0.001500 -0.002018 0.002859
v -0.001200 -0.002715 0.002209
v 0.001500 -0.002715 0.002209
v -0.001200 -0.003210 0.001394
v 0.001500 -0.003210 0.001394
v -0.001200 -0.003467 0.000477
v 0.001500 -0.003467 0.000477
v -0.001200 -0.003467 -0.000477
v 0.001500 -0.003467 -0.000477
v -0.001200 -0.003210 -0.001394
v 0.001500 -0.003210 -0.001394
v -0.001200 -0.002715 -0.002209
v 0.001500 -0.002715 -0.002209
v -0.001200 -0.002018 -0.002859
v 0.001500 -0.002018 -0.002859
v -0.001200 -0.001172 -0.003298
v 0.001500 -0.001172 -0.003298
v -0.001200 -0.000239 -0.003492
v 0.001500 -0.000239 -0.003492
v -0.001200 0.000712 -0.003427
v 0.001500 0.000712 -0.003427
v -0.001200 0.001610 -0.003108
v 0.001500 0.001610 -0.003108
v -0.001200 0.002389 -0.002558
v 0.001500 0.002389 -0.002558
v -0.001200 0.002990 -0.001819
v 0.001500 0.002990 -0.001819
v -0.001200 0.003370 -0.000944
v 0.001500 0.003370 -0.000944
v 0.001500 0.000542 -0.004467
v 0.001500 -0.004500 0.004000
v 0.001500 0.004500 0.004000
v 0.001500 -0.000542 -0.004467
v 0.001500 -0.001596 -0.004208
v 0.001500 -0.002556 -0.003703
v 0.001500 -0.003368 -0.002984
v 0.001500 -0.003985 -0.002091
v 0.001500 -0.004369 -0.001077
v 0.001500 -0.004500 -0.000000
v 0.001500 0.004500 0.000000
v 0.001500 0.004369 -0.001077
v 0.001500 0.003985 -0.002091
v 0.001500 0.003368 -0.002984
v 0.001500 0.002556 -0.003703
v 0.001500 0.001596 -0.004208
v -0.002000 0.004500 0.000000
v -0.002000 0.004369 -0.001077
v -0.002000 0.003985 -0.002091
v -0.002000 0.003368 -0.002984
v -0.002000 0.002556 -0.003703
v -0.002000 0.001596 -0.004208
v -0.002000 0.000542 -0.004467
v -0.002000 -0.000542 -0.004467
v -0.002000 -0.001596 -0.004208
v -0.002000 -0.002556 -0.003703
v -0.002000 -0.003368 -0.002984
v -0.002000 -0.003985 -0.002091
v -0.002000 -0.004369 -0.001077
v -0.002000 -0.004500 0.000000
v -0.002000 0.004500 0.004000
v -0.002000 0.000834 0.002568
v -0.002000 -0.000000 0.002700
v -0.002000 -0.004500 0.004000
v -0.002000 -0.000834 0.002568
v -0.002000 -0.001587 0.002184
v -0.002000 0.000834 -0.002568
v -0.002000 -0.000000 -0.002700
v -0.002000 -0.000834 -0.002568
v -0.002000 -0.001587 -0.002184
v -0.002000 -0.002184 -0.001587
v -0.002000 -0.002568 -0.000834
v -0.002000 -0.002700 -0.000000
v -0.002000 -0.002568 0.000834
v -0.002000 -0.002184 0.001587
v -0.002000 0.002568 -0.000834
v -0.002000 0.002184 -0.001587
v -0.002000 0.001587 -0.002184
v -0.002000 0.002568 0.000834
v -0.002000 0.002184 0.001587
v -0.002000 0.001587 0.002184
v -0.002000 0.002700 0.000000
v 0.003025 0.007600 0.004000
v -0.003025 0.007600 0.004000
v 0.003025 0.007600 0.005000
v -0.003025 0.007600 0.005000
v 0.003800 0.007600 0.005000
v 0.004800 0.007600 0.007800
v -0.004800 0.007600 0.007800
v -0.003800 0.007600 0.005000
v -0.004800 0.007600 0.006000
v -0.004183 0.007600 0.005076
v -0.004507 0.007600 0.005293
v -0.004724 0.007600 0.005617
v 0.004507 0.007600 0.005293
v 0.004183 0.007600 0.005076
v 0.004724 0.007600 0.005617
v 0.004800 0.007600 0.006000
v -0.002725 0.009100 0.005000
v -0.002725 0.007900 0.005000
v -0.002725 0.009100 0.004000
v -0.002725 0.007900 0.004000
v 0.002725 0.009100 0.004000
v 0.004400 0.009100 0.006000
v 0.004400 0.009100 0.011700
v 0.003400 0.009100 0.005000
v 0.002725 0.009100 0.005000
v -0.004400 0.009100 0.011700
v -0.004400 0.009100 0.006000
v -0.004324 0.009100 0.005617
v -0.004107 0.009100 0.005293
v -0.003400 0.009100 0.005000
v -0.003783 0.009100 0.005076
v 0.003783 0.009100 0.005076
v 0.004107 0.009100 0.005293
v 0.004324 0.009100 0.005617
v 0.002725 0.007900 0.004000
v 0.002725 0.007900 0.005000
v 0.006400 -0.006400 0.007800
v 0.006400 -0.006400 0.004000
v 0.006400 -0.005900 0.007800
v 0.006400 0.009400 0.004000
v 0.006400 -0.005900 0.011700
v 0.006400 0.009400 0.011700
v 0.005900 0.009900 0.011700
v 0.005900 0.009900 0.004000
v -0.005900 0.009900 0.011700
v -0.005900 0.009900 0.004000
v -0.006400 0.009400 0.011700
v -0.006400 0.009400 0.004000
v -0.006400 -0.006400 0.004000
v -0.006400 -0.006400 0.007800
v -0.006400 -0.005900 0.007800
v -0.006400 -0.005900 0.011700
v -0.005900 -0.006400 0.007800
v 0.005900 -0.006400 0.007800
v 0.005900 -0.006400 0.011700
v -0.005900 -0.006400 0.011700
v 0.008755 0.004640 0.077474
v 0.008767 0.003942 0.076969
v 0.009477 0.004464 0.076449
v 0.009465 0.004970 0.076815
v 0.009462 0.005071 0.076865
v 0.008727 0.005456 0.077749
v 0.009433 0.005674 0.077044
v 0.008709 0.005833 0.077790
v 0.009427 0.005779 0.077057
v 0.008679 0.006320 0.077770
v 0.009376 0.006418 0.077032
v 0.008637 0.006885 0.077639
v 0.009367 0.006521 0.077010
v 0.009321 0.006934 0.076875
v 0.008613 0.007150 0.077534
v 0.008454 0.007180 0.077635
v 0.008590 0.004584 0.077573
v 0.008602 0.003863 0.077049
v 0.008642 0.003876 0.077036
v 0.008407 0.003834 0.077077
v 0.008395 0.004561 0.077606
v 0.008563 0.005429 0.077858
v 0.008267 0.007180 0.077675
v 0.008325 0.006314 0.077919
v 0.008517 0.006322 0.077879
v 0.008345 0.005942 0.077942
v 0.008368 0.005413 0.077895
v 0.008266 0.007187 0.077672
v 0.008451 0.007197 0.077627
v 0.008265 0.007194 0.077669
v 0.008611 0.007169 0.077525
v 0.008527 0.009225 0.061718
v 0.008331 0.009688 0.061410
v 0.008464 0.009220 0.061737
v 0.008269 0.009671 0.061432
v 0.008654 0.009149 0.061586
v 0.008452 0.009663 0.061250
v 0.008631 0.009186 0.061636
v 0.008431 0.009684 0.061311
v 0.008782 0.008740 0.062060
v 0.008758 0.008790 0.062095
v 0.008587 0.009213 0.061683
v 0.008389 0.009693 0.061368
v 0.008588 0.008859 0.062168
v 0.008658 0.008630 0.062690
v 0.008652 0.008855 0.062154
v 0.008723 0.008621 0.062682
v 0.008784 0.008590 0.062669
v 0.008713 0.008831 0.062129
v 0.008829 0.008540 0.062652
v 0.008853 0.008482 0.062634
v 0.008880 0.008401 0.063262
v 0.008856 0.008461 0.063261
v 0.008810 0.008513 0.063260
v 0.008749 0.008547 0.063260
v 0.008685 0.008558 0.063261
v 0.008748 0.008676 0.069753
v 0.008810 0.008795 0.076245
v 0.008884 0.008779 0.076178
v 0.008926 0.008755 0.076149
v 0.008942 0.008522 0.069704
v 0.008987 0.008684 0.076135
v 0.009002 0.008644 0.076147
v 0.008960 0.008724 0.076136
v 0.008387 0.008680 0.069946
v 0.008445 0.008802 0.076632
v 0.008627 0.008798 0.076438
v 0.008329 0.008558 0.063261
v 0.009087 0.008304 0.076288
v 0.008906 0.008720 0.076196
v 0.008331 0.008683 0.076841
v 0.008210 0.009104 0.076653
v 0.008333 0.009132 0.076498
v 0.007941 0.009789 0.076347
v 0.008124 0.009627 0.076306
v 0.007823 0.010020 0.076245
v 0.007805 0.010183 0.076100
v 0.007380 0.010664 0.075962
v 0.007301 0.010776 0.075895
v 0.007094 0.010957 0.075834
v 0.000050 0.012233 0.072873
v 0.000050 0.012277 0.075298
v 0.002305 0.012226 0.075322
v 0.007898 0.009671 0.061432
v 0.008141 0.009131 0.062337
v 0.008245 0.008811 0.062249
v 0.008122 0.009163 0.061791
v 0.008104 0.009211 0.061746
v 0.008319 0.008579 0.062932
v 0.008256 0.008778 0.062312
v 0.007490 0.010301 0.061120
v 0.007198 0.010616 0.060964
v 0.006584 0.011076 0.060737
v 0.006423 0.011389 0.075677
v 0.006173 0.011289 0.060631
v 0.005231 0.011611 0.060472
v 0.005482 0.011761 0.075527
v 0.004367 0.011785 0.060386
v 0.004475 0.011997 0.075425
v 0.002833 0.011938 0.060310
v 0.003394 0.012144 0.075359
v 0.000050 0.012003 0.060278
v 0.000050 0.012096 0.065363
v 0.000050 0.012189 0.070448
v 0.005697 0.011511 0.075686
v 0.005726 0.011634 0.075606
v 0.004312 0.011994 0.075442
v 0.008227 0.007491 0.077532
v 0.007802 0.009772 0.076451
v 0.007456 0.010373 0.076178
v 0.008228 0.008494 0.077034
v 0.008049 0.008475 0.077080
v 0.007752 0.009468 0.076624
v 0.007607 0.009801 0.076471
v 0.007317 0.010305 0.076240
v 0.006983 0.010908 0.075936
v 0.006816 0.010868 0.075981
v 0.006389 0.011331 0.075744
v 0.006309 0.011226 0.075817
v 0.000050 0.012128 0.075403
v 0.002857 0.012042 0.075443
v 0.002869 0.012162 0.075365
v 0.003756 0.011953 0.075484
v 0.004286 0.011875 0.075520
v -0.007351 0.010378 0.076176
v -0.006881 0.010908 0.075936
v -0.006994 0.010957 0.075834
v -0.006288 0.011331 0.075744
v -0.006323 0.011389 0.075677
v -0.005625 0.011634 0.075606
v -0.005382 0.011761 0.075527
v -0.004211 0.011993 0.075442
v -0.002768 0.012162 0.075365
v -0.003294 0.012144 0.075359
v -0.004375 0.011997 0.075425
v -0.001177 0.012264 0.075304
v -0.002771 0.012190 0.075338
v -0.007770 0.009137 0.076777
v -0.007541 0.009729 0.076505
v -0.007699 0.009776 0.076450
v -0.007069 0.010503 0.076149
v -0.006772 0.010819 0.076004
v -0.006090 0.011291 0.075787
v -0.005570 0.011521 0.075682
v -0.004567 0.011803 0.075552
v -0.002756 0.012042 0.075443
v -0.002012 0.012087 0.075422
v -0.008125 0.008500 0.077031
v -0.007948 0.008481 0.077078
v -0.008350 0.007197 0.077627
v -0.008165 0.007194 0.077669
v -0.008217 0.008740 0.076815
v -0.008487 0.007350 0.077443
v -0.008511 0.007169 0.077525
v -0.007487 0.010401 0.076077
v -0.007666 0.010122 0.076200
v -0.007904 0.009651 0.076408
v -0.002217 0.011962 0.060298
v -0.008101 0.008944 0.062042
v -0.008195 0.008652 0.062616
v -0.008229 0.008558 0.063261
v -0.008041 0.009131 0.062337
v -0.007929 0.009392 0.061599
v -0.007798 0.009671 0.061432
v -0.008287 0.008680 0.069946
v -0.003265 0.011902 0.060328
v -0.004439 0.011757 0.060400
v -0.005521 0.011499 0.060527
v -0.006292 0.011183 0.060684
v -0.006679 0.010952 0.060798
v -0.007252 0.010460 0.061041
v -0.007220 0.010758 0.075901
v -0.007560 0.010072 0.061233
v -0.007720 0.010161 0.076108
v -0.008023 0.009630 0.076305
v -0.008345 0.008802 0.076632
v -0.008527 0.008798 0.076438
v -0.008710 0.008795 0.076245
v -0.008648 0.008676 0.069753
v -0.008585 0.008558 0.063261
v -0.008649 0.008547 0.063260
v -0.008842 0.008522 0.069704
v -0.008902 0.008644 0.076147
v -0.008886 0.008684 0.076135
v -0.008710 0.008513 0.063260
v -0.008832 0.008751 0.076147
v -0.008770 0.008784 0.076188
v -0.008786 0.008778 0.076176
v -0.008780 0.008401 0.063262
v -0.008756 0.008461 0.063261
v -0.008861 0.008722 0.076135
v -0.008623 0.008620 0.062686
v -0.008559 0.008629 0.062693
v -0.008754 0.008481 0.062637
v -0.008729 0.008539 0.062655
v -0.008682 0.008738 0.062063
v -0.008658 0.008788 0.062098
v -0.008684 0.008589 0.062672
v -0.008489 0.008857 0.062171
v -0.008365 0.009218 0.061739
v -0.008553 0.008853 0.062157
v -0.008428 0.009222 0.061720
v -0.008487 0.009211 0.061685
v -0.008613 0.008829 0.062132
v -0.008532 0.009183 0.061638
v -0.008555 0.009146 0.061588
v -0.008352 0.009663 0.061250
v -0.008331 0.009684 0.061311
v -0.008288 0.009693 0.061369
v -0.008230 0.009688 0.061411
v -0.008169 0.009671 0.061432
v -0.007653 0.010624 0.060950
v -0.002296 0.012387 0.060080
v -0.002293 0.012342 0.060111
v -0.001317 0.012369 0.060097
v -0.004214 0.012180 0.060191
v -0.004625 0.012158 0.060193
v -0.004614 0.012114 0.060223
v -0.005758 0.011869 0.060336
v -0.006025 0.011719 0.060419
v -0.006805 0.011372 0.060581
v -0.006772 0.011334 0.060609
v -0.007309 0.010913 0.060817
v -0.007604 0.010595 0.060974
v 0.000050 0.012490 0.059961
v 0.000050 0.012496 0.059906
v -0.002301 0.012453 0.059928
v 0.000050 0.012467 0.060015
v -0.002300 0.012446 0.059983
v -0.004651 0.012222 0.060041
v -0.004645 0.012216 0.060096
v -0.005804 0.011927 0.060183
v -0.005793 0.011923 0.060239
v -0.006881 0.011413 0.060427
v -0.006864 0.011414 0.060484
v -0.007271 0.011126 0.060562
v -0.007737 0.010645 0.060851
v -0.007759 0.010633 0.060792
v -0.007975 0.010343 0.060928
v 0.000050 0.012430 0.060059
v -0.002298 0.012424 0.060036
v -0.004636 0.012194 0.060149
v -0.005777 0.011903 0.060292
v -0.006838 0.011400 0.060537
v -0.007700 0.010642 0.060906
v 0.000050 0.012385 0.060089
v 0.006897 0.011377 0.060579
v 0.007700 0.010600 0.060972
v 0.007751 0.010626 0.060948
v 0.005840 0.011875 0.060333
v 0.006643 0.011472 0.060541
v 0.006864 0.011339 0.060606
v 0.004696 0.012163 0.060191
v 0.005259 0.011997 0.060281
v 0.005820 0.011833 0.060362
v 0.002349 0.012388 0.060079
v 0.003180 0.012300 0.060131
v 0.004685 0.012119 0.060221
v 0.002354 0.012455 0.059927
v 0.007835 0.010647 0.060850
v 0.002353 0.012448 0.059982
v 0.004715 0.012221 0.060093
v 0.004721 0.012227 0.060038
v 0.005874 0.011929 0.060236
v 0.005885 0.011933 0.060180
v 0.006956 0.011420 0.060481
v 0.006973 0.011418 0.060424
v 0.007857 0.010636 0.060791
v 0.007798 0.010644 0.060905
v 0.006929 0.011406 0.060535
v 0.005859 0.011910 0.060289
v 0.004706 0.012199 0.060146
v 0.002351 0.012425 0.060035
v 0.000050 0.010328 0.045229
v 0.000050 0.009579 0.004236
v 0.002829 0.009533 0.004237
v 0.000050 -0.007491 0.004548
v 0.000050 -0.006742 0.045541
v 0.003503 -0.006697 0.045540
v 0.003503 -0.007446 0.004547
v 0.005336 -0.006370 0.045534
v 0.005336 -0.007119 0.004541
v 0.006087 -0.005920 0.045526
v 0.006087 -0.006669 0.004533
v 0.006573 -0.005044 0.045510
v 0.006573 -0.005793 0.004517
v 0.006882 -0.003287 0.045478
v 0.006882 -0.004036 0.004485
v 0.006952 -0.000978 0.045436
v 0.006952 -0.001727 0.004443
v 0.006988 0.005004 0.045326
v 0.006988 0.004256 0.004333
v 0.006919 0.007115 0.045288
v 0.006855 0.006877 0.004285
v 0.006855 0.007626 0.045279
v 0.006425 0.009044 0.045253
v 0.006425 0.008295 0.004260
v 0.005956 0.009574 0.045243
v 0.005956 0.008825 0.004250
v 0.004916 0.010024 0.045235
v 0.004916 0.009275 0.004242
v 0.004499 0.010115 0.045233
v 0.002829 0.010282 0.045230
v -0.003283 0.010251 0.045231
v -0.003283 0.009502 0.004237
v -0.003864 0.010195 0.045232
v -0.003864 0.009447 0.004238
v -0.004399 0.010114 0.045233
v -0.005466 0.009051 0.004246
v -0.005466 0.009800 0.045239
v -0.006209 0.009225 0.045249
v -0.006209 0.008476 0.004256
v -0.006662 0.008109 0.045270
v -0.006662 0.007360 0.004277
v -0.006819 0.007115 0.045288
v -0.006872 0.005489 0.004311
v -0.006872 0.006238 0.045304
v -0.006883 0.003841 0.045348
v -0.006883 0.003092 0.004355
v -0.006857 -0.000262 0.045423
v -0.006857 -0.001011 0.004429
v -0.006756 -0.003598 0.045484
v -0.006756 -0.004347 0.004490
v -0.006365 -0.005325 0.045515
v -0.006365 -0.006074 0.004522
v -0.005919 -0.005986 0.045527
v -0.005919 -0.006735 0.004534
v -0.005012 -0.006445 0.045536
v -0.005012 -0.007194 0.004542
v -0.003675 -0.006675 0.045540
v -0.003675 -0.007424 0.004547
v -0.007885 0.003464 0.004348
v -0.007875 0.005423 0.004312
v -0.007727 0.007136 0.004281
v -0.007332 -0.006357 0.004527
v -0.007734 -0.004588 0.004495
v -0.007852 -0.001509 0.004439
v -0.007874 0.001239 0.004388
v 0.007747 -0.005197 0.004506
v 0.007338 -0.006576 0.004531
v 0.006622 -0.007534 0.004549
v 0.005490 -0.008124 0.004559
v 0.003584 -0.008442 0.004565
v 0.000050 -0.008491 0.004566
v -0.003765 -0.008420 0.004565
v -0.005058 -0.008217 0.004561
v -0.006210 -0.007759 0.004553
v -0.007048 -0.006926 0.004538
v 0.007921 -0.003386 0.004473
v -0.007306 0.008576 0.004254
v -0.006791 0.009332 0.004241
v -0.005712 0.010034 0.004228
v -0.003976 0.010440 0.004220
v -0.003383 0.010498 0.004219
v 0.000050 0.010579 0.004218
v 0.002882 0.010532 0.004219
v 0.004975 0.010289 0.004223
v 0.006195 0.009854 0.004231
v 0.007118 0.009061 0.004246
v 0.007655 0.007912 0.004267
v 0.007956 0.005909 0.004303
v 0.007973 0.000983 0.004393
v -0.008450 0.002867 0.049366
v -0.008649 0.002867 0.049366
v -0.008593 0.002995 0.056367
v -0.008793 0.002995 0.056367
v -0.008643 0.002783 0.048984
v -0.008443 0.002804 0.049036
v -0.008437 0.002636 0.048745
v -0.008637 0.002560 0.048664
v -0.008434 0.002528 0.048634
v -0.008636 0.002528 0.048634
v -0.008632 0.002232 0.048453
v -0.008431 0.002381 0.048527
v -0.008631 0.002093 0.048411
v -0.008427 0.002068 0.048405
v -0.008630 0.001867 0.048384
v -0.008425 0.001733 0.048393
v -0.008630 0.001848 0.048385
v -0.008629 0.001605 0.048419
v -0.008425 0.001605 0.048419
v -0.008630 0.001467 0.048468
v -0.008425 0.001412 0.048494
v -0.008632 0.001147 0.048690
v -0.008428 0.001143 0.048694
v -0.008432 0.000956 0.048973
v -0.008636 0.000936 0.049019
v -0.008434 0.000917 0.049071
v -0.008440 0.000867 0.049403
v -0.008642 0.000867 0.049403
v -0.008588 0.000995 0.056404
v -0.008790 0.000995 0.056404
v -0.008600 0.000787 0.057032
v -0.008799 0.000926 0.056787
v -0.008595 0.000945 0.056736
v -0.008602 0.000541 0.057260
v -0.008807 0.000395 0.057338
v -0.008805 0.000715 0.057116
v -0.008598 0.000013 0.057422
v -0.008803 0.000013 0.057422
v -0.008601 0.000232 0.057393
v -0.008602 0.000360 0.057353
v 0.008693 0.002995 0.056367
v 0.008893 0.002995 0.056367
v 0.008550 0.002867 0.049366
v 0.008749 0.002867 0.049366
v 0.008823 0.002853 0.049365
v 0.008967 0.002980 0.056366
v 0.008891 0.002808 0.049364
v 0.009035 0.002935 0.056365
v 0.008936 0.002740 0.049365
v 0.009079 0.002867 0.056366
v 0.008949 0.002666 0.049366
v 0.009093 0.002795 0.056367
v 0.000050 -0.008402 0.057633
v 0.000050 -0.008335 0.057588
v 0.001908 -0.008326 0.057587
v 0.008903 0.000013 0.057422
v 0.008929 -0.001840 0.057469
v 0.008792 -0.002924 0.057475
v 0.008779 -0.003687 0.057503
v 0.008708 -0.003678 0.057489
v 0.008613 -0.004606 0.057519
v 0.008407 -0.005101 0.057515
v 0.008342 -0.005510 0.057536
v 0.008275 -0.005484 0.057522
v 0.007920 -0.006352 0.057551
v 0.007810 -0.006388 0.057539
v 0.007298 -0.007077 0.057565
v 0.007250 -0.007023 0.057550
v 0.006790 -0.007363 0.057556
v 0.006502 -0.007606 0.057574
v 0.006470 -0.007542 0.057560
v 0.005617 -0.007942 0.057580
v 0.005455 -0.007911 0.057566
v 0.003766 -0.008251 0.057586
v 0.003891 -0.008167 0.057571
v 0.001907 -0.008254 0.057573
v 0.000050 -0.008263 0.057573
v 0.009043 0.000012 0.057480
v 0.009088 0.000013 0.057546
v 0.009042 -0.001842 0.057579
v 0.000050 -0.008459 0.057776
v 0.001909 -0.008437 0.057702
v 0.001909 -0.008450 0.057776
v 0.003775 -0.008362 0.057700
v 0.003776 -0.008374 0.057775
v 0.005647 -0.008049 0.057695
v 0.005651 -0.008061 0.057769
v 0.006553 -0.007705 0.057688
v 0.006559 -0.007717 0.057762
v 0.007373 -0.007160 0.057678
v 0.007382 -0.007170 0.057752
v 0.008015 -0.006412 0.057664
v 0.008027 -0.006419 0.057738
v 0.008447 -0.005548 0.057648
v 0.008461 -0.005552 0.057721
v 0.008724 -0.004629 0.057631
v 0.008738 -0.004631 0.057704
v 0.008891 -0.003701 0.057613
v 0.008906 -0.003701 0.057687
v 0.009057 -0.001841 0.057652
v 0.009103 0.000014 0.057617
v 0.000050 -0.008446 0.057702
v 0.001909 -0.008393 0.057633
v 0.003771 -0.008318 0.057632
v 0.005635 -0.008007 0.057626
v 0.006532 -0.007666 0.057620
v 0.007343 -0.007127 0.057610
v 0.007977 -0.006389 0.057596
v 0.008405 -0.005534 0.057580
v 0.008680 -0.004620 0.057563
v 0.008847 -0.003696 0.057546
v 0.008996 -0.001842 0.057512
v 0.008976 0.000013 0.057436
v 0.009106 0.000757 0.057343
v 0.009105 0.000226 0.057595
v 0.009092 0.000444 0.057453
v 0.009047 0.000417 0.057391
v 0.008980 0.000400 0.057351
v 0.008905 0.000715 0.057116
v 0.008907 0.000395 0.057339
v 0.009090 0.000806 0.057202
v 0.009046 0.000757 0.057155
v 0.008978 0.000725 0.057125
v 0.008899 0.000925 0.056788
v 0.008972 0.000939 0.056792
v 0.009040 0.000981 0.056807
v 0.009084 0.001044 0.056831
v 0.009099 0.001101 0.056879
v 0.009089 0.001194 0.056396
v 0.009076 0.001122 0.056397
v 0.009031 0.001054 0.056399
v 0.008963 0.001009 0.056402
v 0.008890 0.000995 0.056404
v 0.008742 0.000867 0.049403
v 0.008816 0.000881 0.049401
v 0.008884 0.000926 0.049399
v 0.008928 0.000994 0.049396
v 0.008942 0.001066 0.049395
v 0.008810 0.000950 0.049022
v 0.008922 0.001055 0.049061
v 0.008937 0.001096 0.049161
v 0.008917 0.001239 0.048776
v 0.008932 0.001290 0.048825
v 0.008915 0.001519 0.048582
v 0.008929 0.001578 0.048634
v 0.008915 0.001851 0.048510
v 0.008930 0.001945 0.048584
v 0.008918 0.002185 0.048570
v 0.008935 0.002311 0.048716
v 0.008923 0.002471 0.048754
v 0.008929 0.002665 0.049032
v 0.008942 0.002569 0.048998
v 0.008817 0.002770 0.048989
v 0.008743 0.002784 0.048985
v 0.008811 0.002550 0.048674
v 0.008737 0.002561 0.048665
v 0.008806 0.002227 0.048467
v 0.008732 0.002233 0.048454
v 0.008803 0.001849 0.048399
v 0.008730 0.001849 0.048385
v 0.008730 0.001867 0.048384
v 0.008731 0.002093 0.048411
v 0.008877 0.000992 0.049037
v 0.008873 0.001190 0.048729
v 0.008871 0.001492 0.048521
v 0.008871 0.001850 0.048443
v 0.008874 0.002210 0.048508
v 0.008879 0.002518 0.048705
v 0.008885 0.002728 0.049006
v 0.008805 0.001158 0.048699
v 0.008803 0.001474 0.048480
v 0.008729 0.001605 0.048419
v 0.008730 0.001468 0.048467
v 0.008732 0.001147 0.048690
v 0.008736 0.000937 0.049018
v 0.008526 0.001965 0.048389
v 0.008527 0.002093 0.048410
v 0.008530 0.002288 0.048478
v 0.008535 0.002565 0.048668
v 0.008541 0.002762 0.048940
v 0.008543 0.002805 0.049037
v 0.008525 0.001630 0.048413
v 0.008525 0.001605 0.048419
v 0.008526 0.001321 0.048546
v 0.008527 0.001179 0.048659
v 0.008529 0.001075 0.048774
v 0.008534 0.000917 0.049071
v 0.008540 0.000867 0.049403
v 0.008688 0.000995 0.056404
v 0.008701 0.000634 0.057191
v 0.008702 0.000343 0.057359
v 0.008698 0.000013 0.057422
v 0.008698 0.000852 0.056937
v 0.008693 0.000974 0.056624
v 0.008695 0.000942 0.056744
v 0.007642 -0.006277 0.057537
v 0.008045 -0.005515 0.057523
v 0.008640 -0.002127 0.057461
v 0.008489 -0.003781 0.057491
v 0.008399 -0.004295 0.057500
v 0.008233 -0.004976 0.057513
v -0.008756 -0.001859 0.057456
v -0.008541 -0.002108 0.057460
v -0.008640 -0.003432 0.057485
v -0.008391 -0.003767 0.057491
v -0.008433 -0.004636 0.057507
v -0.008136 -0.004966 0.057513
v -0.008243 -0.005295 0.057519
v -0.007948 -0.005508 0.057522
v -0.007724 -0.006367 0.057538
v -0.007545 -0.006272 0.057536
v -0.007599 -0.006541 0.057541
v -0.007340 -0.006542 0.057541
v -0.007098 -0.007068 0.057551
v -0.006789 -0.007055 0.057551
v -0.006572 -0.007434 0.057558
v -0.006387 -0.007307 0.057555
v -0.005418 -0.007894 0.057566
v -0.005630 -0.007623 0.057561
v -0.005244 -0.007939 0.057567
v 0.005720 -0.007626 0.057561
v 0.006479 -0.007312 0.057555
v 0.006885 -0.007058 0.057551
v 0.007107 -0.006881 0.057548
v 0.007436 -0.006547 0.057541
v 0.004191 -0.007935 0.057567
v 0.005309 -0.007741 0.057563
v -0.005218 -0.007739 0.057563
v -0.004104 -0.007933 0.057567
v -0.003578 -0.008185 0.057571
v -0.003775 -0.007968 0.057567
v -0.002922 -0.008225 0.057572
v -0.002030 -0.008050 0.057569
v 0.000050 -0.008062 0.057569
v 0.002136 -0.008050 0.057569
v 0.003884 -0.007967 0.057567
v -0.008943 0.000012 0.057480
v -0.008876 0.000013 0.057436
v -0.008828 -0.001862 0.057469
v -0.003592 -0.008368 0.057700
v -0.002119 -0.008446 0.057776
v -0.003584 -0.008257 0.057586
v -0.005437 -0.007963 0.057581
v -0.006334 -0.007639 0.057575
v -0.007144 -0.007123 0.057565
v -0.007784 -0.006407 0.057552
v -0.008222 -0.005561 0.057537
v -0.008502 -0.004652 0.057520
v -0.008673 -0.003729 0.057503
v -0.003594 -0.008381 0.057775
v -0.005470 -0.008084 0.057769
v -0.005467 -0.008071 0.057695
v -0.006389 -0.007751 0.057763
v -0.006383 -0.007739 0.057689
v -0.007227 -0.007217 0.057753
v -0.007217 -0.007208 0.057679
v -0.007890 -0.006475 0.057739
v -0.007878 -0.006468 0.057665
v -0.008341 -0.005604 0.057722
v -0.008327 -0.005600 0.057649
v -0.008627 -0.004678 0.057705
v -0.008613 -0.004676 0.057631
v -0.008800 -0.003744 0.057687
v -0.008786 -0.003743 0.057614
v -0.008956 -0.001864 0.057652
v -0.008941 -0.001864 0.057579
v -0.009003 0.000014 0.057617
v -0.008988 0.000013 0.057546
v -0.008896 -0.001864 0.057512
v -0.008741 -0.003738 0.057547
v -0.008569 -0.004667 0.057564
v -0.008285 -0.005585 0.057581
v -0.007840 -0.006444 0.057597
v -0.007188 -0.007174 0.057610
v -0.006364 -0.007700 0.057620
v -0.005455 -0.008029 0.057626
v -0.003589 -0.008324 0.057632
v -0.009003 0.000947 0.057146
v -0.008994 0.001179 0.056606
v -0.008984 0.001044 0.056831
v -0.008989 0.001194 0.056396
v -0.008975 0.001120 0.056397
v -0.008940 0.000981 0.056807
v -0.008930 0.001053 0.056400
v -0.008872 0.000939 0.056791
v -0.008863 0.001009 0.056402
v -0.008990 0.000806 0.057201
v -0.008946 0.000758 0.057155
v -0.008878 0.000726 0.057125
v -0.008880 0.000401 0.057351
v -0.008947 0.000418 0.057391
v -0.008992 0.000445 0.057452
v -0.009007 0.000495 0.057507
v -0.008716 0.000881 0.049401
v -0.008784 0.000926 0.049399
v -0.008828 0.000994 0.049396
v -0.008842 0.001066 0.049395
v -0.008706 0.002226 0.048466
v -0.008710 0.000950 0.049023
v -0.008705 0.001158 0.048700
v -0.008777 0.000992 0.049038
v -0.008703 0.001848 0.048399
v -0.008703 0.001473 0.048481
v -0.008771 0.001491 0.048521
v -0.008773 0.001190 0.048730
v -0.008817 0.001239 0.048776
v -0.008822 0.001055 0.049062
v -0.008771 0.001848 0.048443
v -0.008815 0.001518 0.048582
v -0.008830 0.001395 0.048733
v -0.008835 0.001149 0.049024
v -0.008711 0.002550 0.048673
v -0.008774 0.002209 0.048507
v -0.008815 0.001849 0.048510
v -0.008829 0.001758 0.048588
v -0.008837 0.002421 0.048804
v -0.008845 0.002627 0.049135
v -0.008823 0.002470 0.048753
v -0.008829 0.002665 0.049032
v -0.008785 0.002728 0.049005
v -0.008832 0.002126 0.048624
v -0.008818 0.002184 0.048570
v -0.008779 0.002518 0.048705
v -0.008717 0.002769 0.048989
v -0.008723 0.002853 0.049365
v -0.008791 0.002808 0.049364
v -0.008836 0.002740 0.049365
v -0.008849 0.002666 0.049366
v -0.008867 0.002980 0.056366
v -0.008935 0.002935 0.056365
v -0.008979 0.002867 0.056366
v -0.008993 0.002795 0.056367
v 0.001820 0.012410 0.057321
v 0.000050 0.012434 0.057318
v 0.000050 0.012450 0.057394
v 0.005290 0.011857 0.057205
v 0.003665 0.012125 0.057200
v 0.003672 0.012197 0.057213
v 0.002897 0.012183 0.057199
v 0.001817 0.012295 0.057211
v 0.000050 0.012247 0.057198
v 0.000050 0.012324 0.057212
v 0.005514 0.011872 0.057219
v 0.006394 0.011546 0.057224
v 0.006642 0.011336 0.057215
v 0.007198 0.011047 0.057234
v 0.007153 0.010991 0.057221
v 0.007656 0.010496 0.057230
v 0.007853 0.010360 0.057246
v 0.007795 0.010318 0.057233
v 0.008315 0.009537 0.057261
v 0.008347 0.009263 0.057253
v 0.008612 0.008644 0.057277
v 0.008542 0.008626 0.057264
v 0.008791 0.007731 0.057294
v 0.008744 0.007551 0.057284
v 0.008945 0.005874 0.057328
v 0.008874 0.005871 0.057315
v 0.008911 0.004013 0.057349
v 0.008983 0.004014 0.057362
v 0.009050 0.004015 0.057405
v 0.009096 0.004017 0.057472
v 0.009013 0.005878 0.057371
v 0.008859 0.007742 0.057337
v 0.008678 0.008662 0.057321
v 0.008378 0.009565 0.057305
v 0.007908 0.010401 0.057290
v 0.007241 0.011102 0.057277
v 0.006424 0.011609 0.057268
v 0.005533 0.011939 0.057262
v 0.003679 0.012266 0.057256
v 0.001819 0.012364 0.057254
v 0.000050 0.012389 0.057254
v 0.003683 0.012313 0.057323
v 0.005545 0.011984 0.057329
v 0.006443 0.011651 0.057335
v 0.007269 0.011138 0.057345
v 0.007945 0.010429 0.057357
v 0.008419 0.009584 0.057372
v 0.008722 0.008674 0.057388
v 0.008904 0.007750 0.057405
v 0.009059 0.005881 0.057438
v 0.001820 0.012426 0.057395
v 0.003684 0.012328 0.057397
v 0.005549 0.011999 0.057403
v 0.006449 0.011665 0.057409
v 0.007278 0.011151 0.057419
v 0.007956 0.010439 0.057431
v 0.008433 0.009591 0.057446
v 0.008736 0.008679 0.057462
v 0.008918 0.007753 0.057478
v 0.009056 0.006293 0.057504
v 0.009074 0.005882 0.057511
v 0.009110 0.004159 0.057542
v 0.009111 0.004018 0.057545
v -0.007577 0.010470 0.057231
v -0.007020 0.011017 0.057221
v -0.006917 0.010844 0.057224
v -0.006522 0.011116 0.057219
v -0.006418 0.011403 0.057214
v -0.005685 0.011502 0.057212
v -0.007463 0.010292 0.057234
v -0.007703 0.009944 0.057240
v -0.008133 0.009546 0.057248
v -0.008276 0.009182 0.057254
v -0.008055 0.009201 0.057254
v -0.008327 0.008225 0.057272
v -0.008616 0.007748 0.057280
v -0.008690 0.007163 0.057291
v -0.008607 0.004013 0.057349
v -0.008811 0.004013 0.057349
v -0.008560 0.006128 0.057310
v -0.008494 0.007095 0.057292
v 0.008707 0.004013 0.057349
v 0.008660 0.006131 0.057310
v 0.008594 0.007088 0.057292
v 0.008429 0.008218 0.057272
v 0.008153 0.009205 0.057254
v 0.007801 0.009946 0.057240
v 0.007561 0.010294 0.057234
v 0.007015 0.010846 0.057224
v -0.003693 0.011912 0.057204
v -0.005025 0.011693 0.057208
v -0.004965 0.011912 0.057204
v -0.006221 0.011500 0.057212
v -0.003531 0.012129 0.057200
v -0.003303 0.012148 0.057200
v -0.001778 0.012021 0.057202
v 0.006621 0.011117 0.057219
v 0.005783 0.011503 0.057212
v 0.005121 0.011694 0.057208
v 0.003789 0.011912 0.057204
v 0.001871 0.012021 0.057202
v 0.000050 0.012047 0.057202
v -0.001703 0.012364 0.057254
v -0.001704 0.012411 0.057321
v -0.001704 0.012426 0.057395
v -0.007064 0.011074 0.057233
v -0.007725 0.010398 0.057245
v -0.008199 0.009575 0.057260
v -0.003538 0.012201 0.057213
v -0.005361 0.011887 0.057218
v -0.006251 0.011566 0.057224
v -0.001701 0.012295 0.057211
v -0.003544 0.012270 0.057256
v -0.005379 0.011954 0.057262
v -0.006280 0.011629 0.057267
v -0.007107 0.011129 0.057277
v -0.007780 0.010440 0.057289
v -0.008261 0.009603 0.057304
v -0.008568 0.008701 0.057320
v -0.003548 0.012316 0.057323
v -0.005391 0.011999 0.057329
v -0.006299 0.011671 0.057335
v -0.007135 0.011166 0.057344
v -0.007816 0.010468 0.057356
v -0.008303 0.009622 0.057371
v -0.008612 0.008714 0.057387
v -0.008799 0.007778 0.057404
v -0.008956 0.006293 0.057504
v -0.008814 0.007782 0.057478
v -0.008626 0.008719 0.057461
v -0.008316 0.009630 0.057445
v -0.007827 0.010478 0.057430
v -0.007143 0.011178 0.057418
v -0.006305 0.011685 0.057409
v -0.005395 0.012014 0.057403
v -0.003550 0.012331 0.057397
v -0.008687 0.007759 0.057293
v -0.008845 0.005887 0.057328
v -0.008913 0.005890 0.057371
v -0.008502 0.008683 0.057277
v -0.008755 0.007770 0.057337
v -0.008958 0.005893 0.057438
v -0.008973 0.005895 0.057511
v -0.009011 0.004018 0.057545
v -0.008996 0.004017 0.057472
v -0.008950 0.004015 0.057405
v -0.008883 0.004014 0.057362
v -0.009011 0.003266 0.057298
v -0.009013 0.003806 0.057530
v -0.008998 0.003583 0.057395
v -0.008954 0.003607 0.057333
v -0.008886 0.003623 0.057292
v -0.008811 0.004004 0.057349
v -0.008811 0.003994 0.057349
v -0.008813 0.003629 0.057279
v -0.008809 0.003301 0.057069
v -0.008995 0.003212 0.057158
v -0.008950 0.003259 0.057110
v -0.008883 0.003290 0.057078
v -0.008802 0.003078 0.056749
v -0.008876 0.003065 0.056753
v -0.008944 0.003023 0.056770
v -0.008988 0.002961 0.056797
v -0.009003 0.002905 0.056847
v -0.008607 0.004004 0.057349
v -0.008607 0.003994 0.057349
v -0.008597 0.003019 0.056569
v -0.008603 0.003147 0.056879
v -0.008607 0.003370 0.057130
v -0.008609 0.003664 0.057292
v -0.007228 -0.006771 0.046038
v -0.008384 0.003939 0.045836
v -0.008373 0.001805 0.045875
v -0.008382 0.003473 0.045845
v -0.008601 0.003494 0.056865
v -0.008594 0.000504 0.056915
v -0.008327 -0.002444 0.045954
v -0.008357 -0.000298 0.045913
v -0.008259 -0.003625 0.045976
v -0.008189 -0.004213 0.045988
v -0.008143 -0.004506 0.045994
v -0.007887 -0.005538 0.046014
v -0.007566 -0.006274 0.046028
v -0.006820 -0.007179 0.046047
v -0.006198 -0.007579 0.046055
v -0.005821 -0.007745 0.046058
v -0.003072 -0.008208 0.046067
v -0.004952 -0.007995 0.046063
v 0.000050 -0.008233 0.046067
v 0.000050 -0.008148 0.051818
v -0.008386 0.005392 0.045811
v -0.008325 0.007129 0.045782
v -0.005374 0.011435 0.045711
v -0.006108 0.011165 0.045716
v -0.006583 0.010903 0.045720
v -0.006918 0.010655 0.045724
v -0.007517 0.009976 0.045735
v -0.007634 0.009785 0.045738
v -0.008067 0.008697 0.045755
v -0.003882 0.011712 0.045705
v -0.003299 0.011763 0.045704
v 0.000050 0.011942 0.051452
v 0.000050 0.011837 0.045702
v -0.007604 0.009764 0.045554
v -0.008235 0.005699 0.045457
v -0.008223 0.001754 0.045529
v -0.008335 0.001756 0.045694
v -0.005809 -0.007715 0.045874
v 0.000050 -0.008149 0.045782
v 0.000050 -0.008200 0.045881
v -0.001861 -0.008198 0.045883
v 0.000050 -0.008229 0.046000
v -0.001894 0.011489 0.045243
v 0.000050 0.011509 0.045241
v 0.000050 0.011426 0.045219
v -0.003878 0.011674 0.045522
v -0.001899 0.011775 0.045519
v 0.000050 0.011777 0.045473
v 0.000050 -0.008090 0.045710
v -0.001861 -0.008090 0.045712
v -0.003797 -0.008020 0.045711
v -0.003807 -0.008128 0.045882
v -0.004775 -0.007888 0.045708
v -0.004796 -0.007994 0.045879
v -0.005769 -0.007614 0.045703
v -0.008152 -0.004211 0.045806
v -0.008296 -0.002190 0.045767
v -0.008184 -0.002191 0.045601
v -0.008042 -0.004198 0.045639
v -0.007941 -0.005241 0.045825
v -0.007834 -0.005214 0.045658
v -0.007534 -0.006260 0.045845
v -0.007437 -0.006209 0.045676
v -0.007212 -0.006737 0.045855
v -0.007125 -0.006670 0.045685
v -0.006797 -0.007154 0.045863
v -0.008346 0.005703 0.045624
v -0.008221 0.007725 0.045589
v -0.008110 0.007706 0.045422
v 0.000050 0.011645 0.045317
v -0.001897 0.011661 0.045351
v -0.003866 0.011560 0.045354
v -0.004886 0.011517 0.045525
v -0.004862 0.011405 0.045357
v -0.005907 0.011211 0.045530
v -0.005864 0.011105 0.045362
v -0.006873 0.010644 0.045540
v -0.007906 0.008716 0.045404
v -0.008014 0.008749 0.045571
v -0.007507 0.009706 0.045387
v -0.006802 0.010555 0.045372
v -0.007943 0.007681 0.045312
v -0.007875 0.006172 0.045305
v -0.008066 0.005695 0.045348
v -0.007885 0.004212 0.045341
v -0.008055 0.001753 0.045420
v -0.007360 0.009620 0.045277
v -0.007306 0.009325 0.045248
v -0.007744 0.008668 0.045294
v -0.007567 0.008618 0.045260
v -0.007727 0.007885 0.045274
v -0.006694 0.010422 0.045263
v -0.006791 0.010080 0.045234
v -0.007200 0.009529 0.045244
v 0.000050 0.011328 0.045211
v -0.003383 0.011246 0.045212
v -0.003848 0.011390 0.045245
v -0.003976 0.011189 0.045213
v -0.004827 0.011237 0.045248
v -0.004789 0.011056 0.045216
v -0.005800 0.010946 0.045253
v -0.005712 0.010782 0.045221
v -0.006576 0.010280 0.045230
v -0.007332 -0.005608 0.045520
v -0.007289 -0.006129 0.045565
v -0.007671 -0.005170 0.045547
v 0.000050 -0.007742 0.045559
v 0.000050 -0.007970 0.045619
v -0.001860 -0.007740 0.045559
v -0.001861 -0.007923 0.045598
v -0.003765 -0.007671 0.045558
v -0.003781 -0.007854 0.045596
v -0.005058 -0.007468 0.045554
v -0.004744 -0.007723 0.045594
v -0.005642 -0.007287 0.045551
v -0.005708 -0.007458 0.045589
v -0.006210 -0.007010 0.045546
v -0.006619 -0.006943 0.045580
v -0.006502 -0.006802 0.045542
v -0.007048 -0.006177 0.045531
v -0.006726 -0.007071 0.045693
v -0.007874 0.001987 0.045382
v -0.007852 -0.000760 0.045432
v -0.008016 -0.002189 0.045492
v -0.007834 -0.002186 0.045458
v -0.007875 -0.004176 0.045529
v -0.007734 -0.003839 0.045488
v -0.007495 -0.005121 0.045511
v 0.002882 0.011281 0.045212
v 0.003932 0.011205 0.045213
v 0.004975 0.011037 0.045216
v 0.005826 0.010777 0.045221
v 0.006195 0.010603 0.045224
v 0.006667 0.010288 0.045230
v 0.007118 0.009809 0.045239
v 0.007292 0.009543 0.045244
v 0.007655 0.008661 0.045260
v 0.007857 0.007688 0.045277
v 0.007956 0.006657 0.045296
v 0.007983 0.005753 0.045313
v 0.007973 0.001732 0.045386
v 0.007921 -0.002637 0.045466
v 0.007824 -0.003930 0.045490
v 0.007747 -0.004448 0.045499
v 0.007338 -0.005827 0.045524
v 0.006773 -0.006647 0.045539
v 0.006622 -0.006785 0.045542
v 0.005948 -0.007201 0.045549
v 0.005490 -0.007375 0.045553
v 0.004999 -0.007504 0.045555
v 0.003584 -0.007694 0.045558
v 0.001995 0.011486 0.045242
v 0.002035 -0.008088 0.045710
v 0.002035 -0.008230 0.046067
v 0.002000 0.011775 0.045518
v 0.003951 0.011386 0.045244
v 0.004933 0.011232 0.045247
v 0.005895 0.010945 0.045252
v 0.006782 0.010428 0.045261
v 0.007448 0.009634 0.045276
v 0.007834 0.008692 0.045293
v 0.008035 0.007714 0.045310
v 0.008162 0.005756 0.045346
v 0.008152 0.001876 0.045417
v 0.008117 -0.002002 0.045488
v 0.008001 -0.003951 0.045523
v 0.007831 -0.004928 0.045541
v 0.007501 -0.005903 0.045559
v 0.006900 -0.006775 0.045575
v 0.002034 -0.007919 0.045596
v 0.004032 -0.007836 0.045595
v 0.005037 -0.007680 0.045592
v 0.006022 -0.007365 0.045586
v 0.002000 0.011813 0.045702
v 0.003986 0.011712 0.045705
v 0.003982 0.011673 0.045521
v 0.005000 0.011553 0.045709
v 0.004992 0.011515 0.045524
v 0.006015 0.011249 0.045714
v 0.006002 0.011213 0.045529
v 0.006985 0.010683 0.045724
v 0.006962 0.010652 0.045539
v 0.007694 0.009781 0.045553
v 0.007637 0.009945 0.045735
v 0.007725 0.009802 0.045737
v 0.008106 0.008776 0.045570
v 0.008051 0.009074 0.045749
v 0.008141 0.008789 0.045754
v 0.008315 0.007759 0.045587
v 0.008298 0.008107 0.045765
v 0.008352 0.007767 0.045771
v 0.008445 0.005764 0.045622
v 0.008478 0.006059 0.045800
v 0.008483 0.005768 0.045805
v 0.008484 0.003939 0.045836
v 0.008435 0.001880 0.045691
v 0.008474 0.001883 0.045873
v 0.008438 -0.001999 0.045945
v 0.008400 -0.002002 0.045763
v 0.008427 -0.002444 0.045954
v 0.008282 -0.003980 0.045800
v 0.008320 -0.003982 0.045983
v 0.008142 -0.004994 0.046003
v 0.008106 -0.004988 0.045819
v 0.007791 -0.006030 0.046023
v 0.007757 -0.006018 0.045839
v 0.007125 -0.006993 0.046043
v 0.007100 -0.006971 0.045858
v 0.006154 -0.007648 0.046056
v 0.006139 -0.007619 0.045871
v 0.005106 -0.007984 0.046063
v 0.005098 -0.007952 0.045878
v 0.004065 -0.008145 0.046066
v 0.004061 -0.008113 0.045881
v 0.002035 -0.008198 0.045882
v 0.001998 0.011659 0.045350
v 0.003970 0.011558 0.045352
v 0.004969 0.011402 0.045355
v 0.005959 0.011106 0.045360
v 0.006891 0.010562 0.045370
v 0.007596 0.009721 0.045385
v 0.007997 0.008741 0.045402
v 0.008203 0.007740 0.045419
v 0.008332 0.005760 0.045455
v 0.008322 0.001877 0.045525
v 0.008286 -0.002003 0.045596
v 0.008170 -0.003970 0.045633
v 0.007996 -0.004965 0.045651
v 0.007655 -0.005973 0.045670
v 0.007020 -0.006894 0.045688
v 0.006093 -0.007519 0.045700
v 0.005074 -0.007845 0.045706
v 0.004050 -0.008004 0.045709
v 0.008697 0.000478 0.057084
v 0.008705 0.003225 0.056988
v 0.008699 0.003057 0.056697
v 0.008709 0.003793 0.057328
v 0.008709 0.003663 0.057292
v 0.008701 0.003494 0.056865
v 0.008708 0.003480 0.057206
v 0.008707 0.003994 0.057349
v 0.008707 0.004004 0.057349
v 0.008911 0.004004 0.057349
v 0.008911 0.003994 0.057349
v 0.008913 0.003628 0.057279
v 0.008909 0.003300 0.057068
v 0.008902 0.003078 0.056748
v 0.009098 0.003582 0.057395
v 0.009113 0.003533 0.057452
v 0.009095 0.003211 0.057157
v 0.009108 0.003069 0.057107
v 0.009088 0.002960 0.056796
v 0.009097 0.002817 0.056576
v 0.008976 0.003064 0.056753
v 0.009044 0.003023 0.056769
v 0.009050 0.003258 0.057109
v 0.008983 0.003290 0.057078
v 0.009053 0.003606 0.057333
v 0.008986 0.003623 0.057292
v 0.008936 0.001505 0.048992
v 0.009477 0.003106 0.075088
v 0.009466 0.002313 0.074281
v 0.009402 -0.000166 0.072451
v 0.009434 0.000836 0.073028
v 0.009455 0.001719 0.073723
v 0.009352 -0.001184 0.072068
v 0.009324 -0.001624 0.071958
v 0.009271 -0.002264 0.071849
v 0.009183 -0.003024 0.071797
v 0.008996 -0.004076 0.071858
v 0.008860 -0.004605 0.071951
v 0.008534 -0.005491 0.072207
v 0.008219 -0.006065 0.072446
v 0.007699 -0.006707 0.072792
v 0.007026 -0.007230 0.073161
v 0.006449 -0.007523 0.073422
v 0.006270 -0.007596 0.073494
v 0.005583 -0.007811 0.073728
v 0.005130 -0.007913 0.073848
v 0.000050 -0.008216 0.074209
v 0.000050 -0.008266 0.070822
v 0.001688 -0.008203 0.074194
v 0.003163 -0.008146 0.074130
v 0.004574 -0.008007 0.073963
v 0.002847 -0.007457 0.074398
v 0.008770 0.003133 0.076159
v 0.008792 0.002997 0.075988
v 0.008800 0.002852 0.075824
v 0.008801 0.002823 0.075793
v 0.008801 0.002794 0.075763
v 0.008804 0.001622 0.074543
v 0.008802 0.001204 0.074150
v 0.008792 0.000384 0.073501
v 0.008787 0.000136 0.073339
v 0.008765 -0.000624 0.072936
v 0.008764 -0.000642 0.072928
v 0.008716 -0.001599 0.072600
v 0.008709 -0.001695 0.072576
v 0.008594 -0.002868 0.072414
v 0.008532 -0.003292 0.072409
v 0.008413 -0.003901 0.072451
v 0.008185 -0.004706 0.072600
v 0.008084 -0.004969 0.072673
v 0.008011 -0.005137 0.072727
v 0.007507 -0.005952 0.073067
v 0.007337 -0.006140 0.073169
v 0.006692 -0.006637 0.073505
v 0.006400 -0.006789 0.073634
v 0.005654 -0.007064 0.073911
v 0.004930 -0.007232 0.074110
v 0.004524 -0.007300 0.074195
v 0.000050 -0.007509 0.074472
v 0.008410 0.003447 0.076692
v 0.008412 0.003446 0.076691
v 0.008537 0.003355 0.076576
v 0.008635 0.003276 0.076445
v 0.008748 0.003161 0.076218
v 0.008268 0.003651 0.076896
v 0.008079 0.003834 0.077077
v -0.007519 0.003900 0.073741
v -0.007292 0.003900 0.076933
v -0.007652 0.003900 0.076916
v -0.007650 0.003900 0.076931
v -0.006934 0.003900 0.076934
v -0.006934 0.003900 0.076911
v -0.004900 0.003900 0.076911
v -0.007467 0.003900 0.072819
v -0.007413 0.003900 0.072043
v -0.007243 0.003900 0.070690
v -0.007225 0.003900 0.070643
v -0.007202 0.003900 0.070607
v -0.007103 0.003900 0.066599
v -0.004900 0.003900 0.066599
v -0.007185 0.003900 0.070600
v -0.007192 0.003900 0.070601
v -0.007316 0.003877 0.066599
v -0.007625 0.003799 0.070602
v -0.007469 0.003831 0.066600
v -0.007627 0.003752 0.066602
v -0.007890 0.003610 0.070605
v -0.007880 0.003530 0.066606
v -0.007992 0.003491 0.070607
v -0.008045 0.003237 0.066611
v -0.008186 0.002908 0.070618
v -0.008103 0.002907 0.066617
v -0.008176 0.003039 0.070615
v -0.008112 0.003274 0.070611
v 0.008192 -0.001740 0.070703
v 0.008192 -0.001704 0.072352
v 0.008219 -0.001306 0.070695
v 0.008215 -0.001345 0.072444
v 0.008289 0.001327 0.070647
v 0.008286 0.002943 0.075618
v 0.008286 0.003000 0.075617
v 0.008288 0.001313 0.073963
v 0.008286 0.002908 0.070618
v 0.008278 0.000450 0.073287
v 0.008288 0.002666 0.070622
v 0.008262 -0.000250 0.072875
v 0.008252 -0.000539 0.072737
v 0.007839 -0.004138 0.070747
v 0.008025 -0.003214 0.072196
v 0.008096 -0.002715 0.072208
v 0.006417 -0.006302 0.073232
v 0.006975 -0.005854 0.072907
v 0.006414 -0.006348 0.070787
v 0.007107 -0.005703 0.072819
v 0.007072 -0.005783 0.070777
v 0.007272 -0.005475 0.072703
v 0.007276 -0.005504 0.070771
v 0.007619 -0.004791 0.072439
v 0.007587 -0.004902 0.070760
v 0.007837 -0.004117 0.072280
v 0.007911 -0.003814 0.072236
v 0.005938 -0.006539 0.073457
v 0.005240 -0.006813 0.070795
v 0.005462 -0.006701 0.073636
v 0.003292 -0.007090 0.070800
v 0.004309 -0.006931 0.073930
v 0.005251 -0.006757 0.073704
v 0.000050 -0.007167 0.070802
v 0.000050 -0.007105 0.074185
v 0.001836 -0.007090 0.074160
v 0.002203 -0.007081 0.074145
v 0.003296 -0.007030 0.074069
v -0.006116 -0.006413 0.073332
v -0.005991 -0.006472 0.073390
v -0.005988 -0.006521 0.070790
v -0.002866 -0.007111 0.070801
v -0.004379 -0.006963 0.070798
v -0.004331 -0.006914 0.073907
v -0.002726 -0.007057 0.074109
v -0.005203 -0.006797 0.070795
v -0.005384 -0.006694 0.073629
v -0.004730 -0.006848 0.073819
v -0.006310 -0.006306 0.073236
v -0.006956 -0.005802 0.070777
v -0.006886 -0.005843 0.072900
v -0.007971 -0.002932 0.070724
v -0.008141 -0.000864 0.070687
v -0.008090 -0.001728 0.072346
v -0.008003 -0.002653 0.072212
v -0.007892 -0.003406 0.072203
v -0.007819 -0.003801 0.070740
v -0.007822 -0.003761 0.072230
v -0.007571 -0.004684 0.070756
v -0.007517 -0.004796 0.072440
v -0.007029 -0.005676 0.072804
v -0.008186 0.003000 0.075617
v -0.008186 0.002943 0.075618
v -0.008190 0.001596 0.074225
v -0.008189 0.001416 0.074056
v -0.008189 0.001327 0.070647
v -0.008170 0.000057 0.073041
v -0.008155 -0.000468 0.072769
v -0.008103 -0.001544 0.072390
v -0.007646 0.003905 0.076985
v -0.007796 0.003807 0.076868
v -0.007942 0.003665 0.076685
v -0.008184 0.003057 0.075759
v -0.008186 0.003001 0.075679
v -0.008162 0.003215 0.076012
v -0.008172 0.003164 0.075926
v -0.007996 0.003595 0.076594
v -0.008050 0.003508 0.076482
v -0.008120 0.003358 0.076256
v -0.007623 0.004053 0.077273
v -0.007979 0.003834 0.077077
v -0.007580 0.004041 0.077261
v -0.007926 0.003806 0.077037
v -0.007875 0.003791 0.076986
v -0.007591 0.003994 0.077206
v -0.007557 0.004035 0.077253
v -0.007831 0.003792 0.076928
v -0.007644 0.003907 0.077007
v -0.007630 0.003924 0.077072
v -0.007614 0.003951 0.077138
v -0.007292 0.003904 0.076990
v -0.007293 0.003955 0.077147
v -0.007565 0.004044 0.077261
v -0.006939 0.004071 0.077287
v -0.006937 0.003976 0.077182
v -0.006936 0.003914 0.077040
v -0.007622 0.004092 0.077304
v -0.006937 0.003945 0.077117
v -0.004900 0.004064 0.077280
v -0.004900 0.004092 0.077304
v -0.004900 0.003942 0.077111
v -0.004467 0.004150 0.076911
v -0.004447 0.004188 0.076911
v -0.004476 0.004155 0.077009
v -0.004724 0.004075 0.077247
v -0.004650 0.004133 0.077251
v -0.004575 0.004107 0.077152
v -0.004554 0.004178 0.077195
v -0.004467 0.004246 0.077107
v -0.004441 0.004279 0.077066
v -0.004400 0.004400 0.076911
v -0.004661 0.003974 0.077016
v -0.004592 0.004006 0.076911
v -0.004572 0.004023 0.076911
v -0.004650 0.003967 0.076911
v -0.004770 0.003951 0.077086
v -0.004819 0.003907 0.076911
v -0.004400 0.004400 0.066590
v -0.004404 0.004339 0.066591
v -0.004467 0.004150 0.066594
v -0.004486 0.004120 0.066595
v -0.004650 0.003967 0.066598
v -0.004663 0.003960 0.066598
v -0.004047 0.008945 0.066507
v -0.003877 0.009032 0.066505
v -0.004011 0.008968 0.076107
v -0.004385 0.008437 0.076503
v -0.004400 0.008281 0.076619
v -0.004400 0.008281 0.066519
v -0.004166 0.008847 0.076197
v -0.004265 0.008726 0.076288
v -0.004304 0.008662 0.066512
v -0.004298 0.008672 0.076327
v -0.004339 0.008587 0.076391
v -0.004166 0.008847 0.066509
v -0.003600 0.009081 0.066504
v -0.003600 0.009081 0.076022
v -0.003696 0.009075 0.066505
v -0.003707 0.009074 0.076028
v -0.003906 0.009020 0.076068
v 0.003077 0.011424 0.066462
v 0.000050 0.011516 0.066460
v 0.000050 0.011431 0.061837
v 0.003064 0.011247 0.055729
v 0.000050 0.011128 0.045215
v 0.003050 0.011074 0.045216
v 0.000050 0.011237 0.051215
v 0.000050 0.011347 0.057215
v -0.002977 0.011424 0.066462
v -0.002950 0.011074 0.045216
v -0.003400 0.011074 0.045216
v -0.003400 0.011249 0.055839
v -0.003400 0.011424 0.066462
v -0.003731 0.011367 0.066463
v -0.003620 0.011050 0.045216
v -0.004025 0.011204 0.066466
v -0.003930 0.010922 0.045218
v -0.004248 0.010954 0.066470
v -0.004181 0.010699 0.045222
v -0.004376 0.010643 0.066476
v -0.004344 0.010405 0.045228
v -0.004400 0.010249 0.055857
v -0.004400 0.010074 0.045234
v -0.004400 0.010424 0.066480
v -0.004400 0.008127 0.045269
v -0.004400 0.007401 0.066535
v -0.004400 0.006985 0.077214
v -0.004400 0.006060 0.077440
v -0.004400 0.005508 0.077404
v -0.004400 0.004977 0.077249
v -0.005400 0.006400 0.066553
v -0.005400 0.007125 0.045288
v -0.005141 0.006434 0.066553
v -0.005141 0.007159 0.045287
v -0.004900 0.006534 0.066551
v -0.004900 0.007259 0.045285
v -0.004534 0.007626 0.045279
v -0.004534 0.006901 0.066544
v -0.007050 0.006400 0.066553
v -0.007009 0.006472 0.064454
v -0.006849 0.006762 0.055936
v -0.006706 0.007053 0.047418
v -0.006672 0.007125 0.045288
v -0.007980 0.005769 0.066565
v -0.008050 0.005440 0.066571
v -0.008008 0.005513 0.064402
v -0.007297 0.006906 0.045292
v -0.007171 0.006992 0.045290
v -0.007203 0.006921 0.047405
v -0.007003 0.007069 0.045289
v -0.007649 0.006344 0.045302
v -0.007537 0.006628 0.045297
v -0.007568 0.006559 0.047387
v -0.007520 0.006655 0.045296
v -0.007804 0.006057 0.066560
v -0.007902 0.005923 0.066562
v -0.007861 0.005995 0.064421
v -0.007543 0.006270 0.066556
v -0.007849 0.005793 0.055885
v -0.007705 0.006280 0.055904
v -0.007705 0.006064 0.047368
v -0.007673 0.006130 0.045306
v -0.007341 0.006634 0.055923
v -0.007497 0.006345 0.064440
v -0.008091 0.003962 0.066598
v -0.007672 0.003592 0.045352
v -0.007678 0.004936 0.045328
v 0.000050 -0.007265 0.064179
v 0.000050 -0.007363 0.057557
v 0.000050 -0.007451 0.051556
v 0.000050 -0.007540 0.045556
v -0.001461 -0.007538 0.045556
v -0.002624 -0.007530 0.045555
v -0.003498 -0.007491 0.045555
v -0.004776 -0.007326 0.045552
v -0.005201 -0.007222 0.045550
v -0.005966 -0.006919 0.045544
v -0.006186 -0.006786 0.045542
v -0.006671 -0.006350 0.045534
v -0.006798 -0.006185 0.045531
v -0.007124 -0.005576 0.045520
v -0.007371 -0.004773 0.045505
v -0.007532 -0.003778 0.045487
v -0.007582 -0.003212 0.045477
v -0.007636 -0.001420 0.045444
v -0.007656 0.000812 0.045403
v -0.007657 0.000902 0.045401
v -0.007665 0.002245 0.045377
v -0.007678 0.005404 0.045319
v 0.008203 0.002907 0.066617
v 0.007549 -0.004378 0.045498
v 0.007427 -0.004954 0.045508
v 0.007123 -0.005802 0.045524
v 0.007005 -0.006020 0.045528
v 0.006592 -0.006540 0.045537
v 0.006265 -0.006800 0.045542
v 0.006129 -0.006883 0.045544
v 0.005662 -0.007103 0.045548
v 0.004729 -0.007354 0.045552
v 0.003723 -0.007482 0.045555
v 0.002724 -0.007530 0.045555
v 0.001390 -0.007538 0.045556
v 0.002611 -0.007533 0.045555
v 0.007700 -0.002910 0.045471
v 0.007750 0.000132 0.045415
v 0.007757 0.000902 0.045401
v 0.007765 0.002245 0.045377
v 0.007772 0.003592 0.045352
v 0.008155 0.005309 0.066573
v 0.007778 0.004936 0.045328
v 0.008150 0.005440 0.066571
v 0.007773 0.006130 0.045306
v 0.007285 0.003900 0.070600
v 0.007203 0.003900 0.066599
v 0.007486 0.003880 0.070603
v 0.007534 0.003844 0.066600
v 0.007783 0.003768 0.070609
v 0.007701 0.003767 0.066601
v 0.007828 0.003681 0.066603
v 0.008179 0.003120 0.066613
v 0.008176 0.003356 0.070619
v 0.008067 0.003404 0.066608
v 0.008149 0.003405 0.070619
v 0.008051 0.003430 0.066608
v 0.007900 0.003690 0.070612
v 0.007870 0.003712 0.070611
v 0.007768 0.003891 0.076971
v 0.007746 0.003904 0.076984
v 0.007750 0.003901 0.076958
v 0.007896 0.003806 0.076868
v 0.007751 0.003900 0.076931
v 0.007617 0.003900 0.073749
v 0.008145 0.003518 0.076495
v 0.008151 0.003509 0.076483
v 0.008286 0.003001 0.075679
v 0.008262 0.003217 0.076015
v 0.008243 0.003291 0.076142
v 0.008220 0.003359 0.076258
v 0.007327 0.003900 0.070649
v 0.007312 0.003900 0.070620
v 0.007298 0.003900 0.070605
v 0.007565 0.003900 0.072827
v 0.007512 0.003900 0.072049
v 0.007440 0.003900 0.071276
v 0.007341 0.003900 0.070689
v 0.007832 0.003896 0.077094
v 0.007976 0.003791 0.076986
v 0.008026 0.003806 0.077037
v 0.007717 0.003945 0.077127
v 0.007723 0.004052 0.077273
v 0.007705 0.004024 0.077245
v 0.007687 0.004000 0.077213
v 0.007931 0.003792 0.076928
v 0.008229 0.003447 0.076589
v 0.008082 0.003637 0.076748
v 0.008191 0.003466 0.076548
v 0.008253 0.003440 0.076611
v 0.008346 0.003435 0.076668
v 0.008486 0.003340 0.076574
v 0.008433 0.003330 0.076561
v 0.008677 0.003073 0.076189
v 0.008656 0.003169 0.076316
v 0.008588 0.003144 0.076319
v 0.008643 0.003060 0.076194
v 0.008547 0.003041 0.076192
v 0.008451 0.003227 0.076430
v 0.008386 0.003233 0.076406
v 0.008389 0.003070 0.076145
v 0.008425 0.003056 0.076161
v 0.008471 0.003045 0.076177
v 0.008317 0.003119 0.076097
v 0.008283 0.003164 0.076058
v 0.008278 0.003282 0.076336
v 0.008327 0.003252 0.076374
v 0.008327 0.003334 0.076515
v 0.008580 0.003251 0.076449
v 0.008518 0.003234 0.076444
v 0.008296 0.002945 0.075728
v 0.008329 0.002888 0.075783
v 0.008390 0.002835 0.075833
v 0.008476 0.002798 0.075869
v 0.008573 0.002784 0.075883
v 0.008667 0.002792 0.075876
v 0.008745 0.002818 0.075853
v 0.008515 0.002734 0.075818
v 0.008687 0.002741 0.075813
v 0.008664 0.002735 0.075818
v 0.008657 0.002734 0.075819
v 0.008315 0.002851 0.075706
v 0.008387 0.002782 0.075771
v 0.004460 -0.006977 0.074101
v 0.004443 -0.006940 0.074038
v 0.003334 -0.007056 0.074197
v 0.007290 -0.005726 0.073069
v 0.007790 -0.004836 0.072718
v 0.007711 -0.004819 0.072667
v 0.008096 -0.003824 0.072512
v 0.008279 -0.002754 0.072485
v 0.008195 -0.002741 0.072433
v 0.008378 0.000323 0.073475
v 0.008390 0.001196 0.074162
v 0.008330 0.001244 0.074108
v 0.000050 -0.007224 0.074430
v 0.000050 -0.007231 0.074435
v 0.002218 -0.007205 0.074394
v 0.000050 -0.007496 0.074476
v 0.000050 -0.007133 0.074317
v 0.002210 -0.007108 0.074277
v 0.008474 0.001160 0.074201
v 0.008463 0.000292 0.073518
v 0.008435 -0.000659 0.072991
v 0.008319 0.000364 0.073415
v 0.008351 -0.000634 0.072944
v 0.008381 -0.001689 0.072644
v 0.008292 -0.000603 0.072877
v 0.008238 -0.001651 0.072522
v 0.008297 -0.001671 0.072593
v 0.008013 -0.003811 0.072460
v 0.008206 -0.001630 0.072445
v 0.008104 -0.002720 0.072282
v 0.008136 -0.002729 0.072360
v 0.007921 -0.003808 0.072310
v 0.006538 -0.006390 0.073487
v 0.007222 -0.005697 0.073019
v 0.004477 -0.007031 0.074153
v 0.005568 -0.006801 0.073875
v 0.005537 -0.006750 0.073824
v 0.003352 -0.007151 0.074313
v 0.005508 -0.006717 0.073763
v 0.007954 -0.003806 0.072388
v 0.007652 -0.004815 0.072598
v 0.007616 -0.004823 0.072523
v 0.007129 -0.005688 0.072885
v 0.006411 -0.006313 0.073310
v 0.006489 -0.006346 0.073437
v 0.007167 -0.005684 0.072954
v 0.006445 -0.006320 0.073375
v 0.005482 -0.006701 0.073698
v 0.007431 -0.005824 0.073101
v 0.006631 -0.006513 0.073531
v 0.007962 -0.004900 0.072739
v 0.000050 -0.007355 0.074486
v 0.002224 -0.007348 0.074449
v 0.003367 -0.007291 0.074368
v 0.004507 -0.007168 0.074208
v 0.005622 -0.006934 0.073927
v 0.008732 0.000300 0.073500
v 0.008705 -0.000659 0.072971
v 0.008744 0.001173 0.074185
v 0.008650 -0.001702 0.072622
v 0.008546 -0.002786 0.072464
v 0.008357 -0.003884 0.072495
v 0.008281 -0.003863 0.072527
v 0.008468 -0.002778 0.072498
v 0.008572 -0.001704 0.072655
v 0.008626 -0.000670 0.073002
v 0.008654 0.000282 0.073528
v 0.008665 0.001151 0.074210
v 0.008571 0.001145 0.074217
v 0.006587 -0.006448 0.073519
v 0.007363 -0.005771 0.073097
v 0.007878 -0.004864 0.072743
v 0.008190 -0.003842 0.072535
v 0.008375 -0.002767 0.072507
v 0.008478 -0.001701 0.072665
v 0.008532 -0.000671 0.073011
v 0.008560 0.000278 0.073536
v -0.008090 -0.004692 0.072596
v -0.007911 -0.005138 0.072727
v -0.007879 -0.004857 0.072727
v -0.008111 -0.001562 0.072462
v -0.004359 -0.006938 0.074035
v -0.008645 0.002761 0.075794
v -0.008701 0.002794 0.075763
v -0.008702 0.001131 0.074086
v -0.008229 0.002832 0.075724
v -0.008291 0.002780 0.075774
v -0.008230 0.001313 0.074170
v -0.008290 0.001264 0.074223
v -0.008220 0.000434 0.073462
v -0.008196 0.002889 0.075669
v -0.002131 -0.007348 0.074448
v -0.002124 -0.007205 0.074394
v -0.002116 -0.007108 0.074277
v -0.007795 -0.004822 0.072731
v -0.007707 -0.004794 0.072706
v -0.008101 -0.003790 0.072529
v -0.008007 -0.003772 0.072506
v -0.008282 -0.002708 0.072511
v -0.008186 -0.002695 0.072489
v -0.008382 -0.001635 0.072681
v -0.008285 -0.001623 0.072660
v -0.008435 -0.000603 0.073042
v -0.008338 -0.000590 0.073022
v -0.008461 0.000347 0.073583
v -0.008364 0.000361 0.073565
v -0.008472 0.001213 0.074278
v -0.008375 0.001228 0.074262
v -0.008474 0.002728 0.075824
v -0.008376 0.002742 0.075810
v -0.008454 -0.002725 0.072468
v -0.008459 -0.003120 0.072408
v -0.008268 -0.003831 0.072489
v -0.008284 -0.004025 0.072466
v -0.008192 -0.003811 0.072521
v -0.008375 -0.002718 0.072501
v -0.008476 -0.001638 0.072671
v -0.008529 -0.000602 0.073032
v -0.008555 0.000351 0.073575
v -0.008565 0.001219 0.074271
v -0.008567 0.002736 0.075817
v -0.008692 0.000384 0.073501
v -0.008634 0.000369 0.073547
v -0.008672 -0.000417 0.073033
v -0.008608 -0.000591 0.073002
v -0.008636 -0.001257 0.072697
v -0.008555 -0.001635 0.072638
v -0.008512 -0.002729 0.072422
v -0.008494 -0.002868 0.072414
v -0.006464 -0.006375 0.073474
v -0.007213 -0.005698 0.073054
v -0.007287 -0.005742 0.073082
v -0.007355 -0.005794 0.073086
v -0.006783 -0.006517 0.073412
v -0.006619 -0.006621 0.073492
v -0.006558 -0.006497 0.073518
v -0.006188 -0.006840 0.073681
v -0.007669 -0.005589 0.072898
v -0.007454 -0.005895 0.073038
v -0.007238 -0.006139 0.073168
v -0.006513 -0.006432 0.073507
v -0.004779 -0.007242 0.074121
v -0.003645 -0.007393 0.074314
v -0.003277 -0.007290 0.074367
v -0.002377 -0.007473 0.074421
v -0.002134 -0.007482 0.074432
v -0.000652 -0.007507 0.074469
v -0.007050 -0.005660 0.072870
v -0.006335 -0.006299 0.073298
v -0.005404 -0.006695 0.073691
v -0.005578 -0.007057 0.073904
v -0.004424 -0.007166 0.074204
v -0.004410 -0.007094 0.074186
v -0.003262 -0.007150 0.074312
v -0.004394 -0.007029 0.074150
v -0.003244 -0.007055 0.074196
v -0.006370 -0.006306 0.073363
v -0.005459 -0.006744 0.073816
v -0.005429 -0.006710 0.073755
v -0.008012 -0.002659 0.072286
v -0.007832 -0.003756 0.072304
v -0.007532 -0.004782 0.072511
v -0.005545 -0.006927 0.073919
v -0.005520 -0.006858 0.073903
v -0.005490 -0.006794 0.073867
v -0.006414 -0.006331 0.073424
v -0.007144 -0.005668 0.073004
v -0.007089 -0.005657 0.072939
v -0.007628 -0.004778 0.072655
v -0.007568 -0.004774 0.072585
v -0.007925 -0.003760 0.072454
v -0.007865 -0.003755 0.072382
v -0.008102 -0.002681 0.072437
v -0.008043 -0.002669 0.072364
v -0.008201 -0.001605 0.072609
v -0.008142 -0.001584 0.072539
v -0.008254 -0.000566 0.072975
v -0.008194 -0.000534 0.072908
v -0.008280 0.000392 0.073522
v -0.008701 0.002823 0.075793
v -0.008582 0.002795 0.075873
v -0.008700 0.002852 0.075824
v -0.008442 0.002786 0.075881
v -0.008376 0.002798 0.075869
v -0.008312 0.002824 0.075844
v -0.008290 0.002836 0.075833
v -0.008219 0.002900 0.075771
v -0.008196 0.002945 0.075728
v -0.008183 0.003161 0.076055
v -0.008670 0.003130 0.076157
v -0.008692 0.002996 0.075986
v -0.008615 0.003090 0.076179
v -0.008543 0.003057 0.076191
v -0.008458 0.003040 0.076190
v -0.008271 0.003076 0.076133
v -0.008371 0.003043 0.076174
v -0.008402 0.003039 0.076182
v -0.008211 0.003123 0.076088
v -0.008486 0.003143 0.076320
v -0.008245 0.003434 0.076667
v -0.008332 0.003329 0.076560
v -0.008226 0.003334 0.076515
v -0.008555 0.003168 0.076316
v -0.008599 0.003213 0.076326
v -0.008514 0.003291 0.076474
v -0.008533 0.003275 0.076445
v -0.008479 0.003250 0.076449
v -0.008385 0.003339 0.076573
v -0.008352 0.003416 0.076659
v -0.008153 0.003439 0.076610
v -0.008226 0.003252 0.076373
v -0.008128 0.003446 0.076588
v -0.008091 0.003466 0.076547
v -0.008310 0.003446 0.076691
v -0.008416 0.003233 0.076444
v -0.008350 0.003226 0.076430
v -0.008177 0.003281 0.076336
v -0.008285 0.003233 0.076406
v -0.007982 0.003637 0.076748
v -0.008169 0.003650 0.076895
v -0.008307 0.003834 0.077077
v -0.008502 0.003862 0.077049
v -0.008667 0.003942 0.076969
v -0.008542 0.003876 0.077036
v -0.009377 0.003108 0.075091
v -0.009366 0.002313 0.074281
v -0.009377 0.004464 0.076449
v -0.009355 0.001720 0.073725
v -0.009334 0.000837 0.073029
v -0.009302 -0.000164 0.072452
v -0.009253 -0.001183 0.072068
v -0.009171 -0.002262 0.071849
v -0.009083 -0.003023 0.071797
v -0.007600 -0.006706 0.072792
v -0.008120 -0.006064 0.072446
v -0.008434 -0.005490 0.072206
v -0.008761 -0.004604 0.071950
v -0.008896 -0.004075 0.071858
v -0.006927 -0.007229 0.073161
v -0.006349 -0.007523 0.073422
v -0.006171 -0.007595 0.073494
v -0.005485 -0.007811 0.073728
v -0.005030 -0.007913 0.073848
v -0.004476 -0.008007 0.073962
v -0.003062 -0.008146 0.074130
v -0.001588 -0.008203 0.074194
v -0.009362 0.005071 0.076865
v -0.009333 0.005674 0.077044
v -0.008840 0.002211 0.048979
v -0.009365 0.004970 0.076815
v -0.009221 0.006934 0.076875
v -0.008987 0.008304 0.076288
v -0.009327 0.005779 0.077057
v -0.009276 0.006418 0.077032
v -0.009266 0.006521 0.077010
v -0.008806 0.008720 0.076196
v -0.008513 0.007150 0.077534
v -0.008537 0.006885 0.077639
v -0.008579 0.006322 0.077769
v -0.008609 0.005833 0.077790
v -0.008627 0.005457 0.077749
v -0.008654 0.004640 0.077474
v -0.008490 0.004584 0.077573
v -0.008295 0.004562 0.077606
v -0.008268 0.005414 0.077896
v -0.008354 0.007180 0.077635
v -0.008225 0.006316 0.077919
v -0.008167 0.007180 0.077675
v -0.008417 0.006324 0.077879
v -0.008463 0.005430 0.077858
v -0.008245 0.005942 0.077942
v -0.004900 0.004784 0.077710
v -0.007623 0.004073 0.077289
v -0.004900 0.006084 0.077939
v -0.004900 0.005421 0.077897
v -0.004900 0.007194 0.077669
v -0.008166 0.007187 0.077672
v -0.004467 0.004881 0.077479
v -0.004467 0.005465 0.077651
v -0.004467 0.006072 0.077689
v -0.004650 0.004810 0.077648
v -0.004467 0.007089 0.077442
v -0.004546 0.007133 0.077536
v -0.004650 0.005433 0.077831
v -0.004650 0.006081 0.077872
v -0.004650 0.007166 0.077608
v -0.004438 0.008361 0.076793
v -0.004546 0.008429 0.076940
v -0.004709 0.008474 0.077039
v -0.004900 0.008490 0.077074
v -0.003893 0.009039 0.076176
v -0.003891 0.009084 0.076288
v -0.004153 0.008928 0.076401
v -0.003600 0.009094 0.076133
v -0.003962 0.009371 0.076536
v -0.004007 0.009490 0.076559
v -0.004195 0.009394 0.076606
v -0.003600 0.009546 0.076521
v -0.003807 0.009548 0.076531
v -0.003783 0.009422 0.076510
v -0.004120 0.009681 0.076527
v -0.004606 0.009313 0.076696
v -0.004364 0.009262 0.076669
v -0.004870 0.008766 0.076947
v -0.004617 0.008908 0.076838
v -0.003600 0.009790 0.076477
v -0.003600 0.009311 0.076443
v -0.003926 0.009256 0.076479
v -0.004080 0.009183 0.076522
v -0.004288 0.009172 0.076639
v -0.004223 0.009081 0.076582
v -0.004526 0.008853 0.076802
v -0.004446 0.008794 0.076743
v -0.004293 0.008877 0.076576
v -0.004347 0.008949 0.076656
v -0.004177 0.008997 0.076499
v -0.004151 0.008878 0.076297
v -0.004262 0.008813 0.076482
v -0.004348 0.008676 0.076576
v -0.004407 0.008523 0.076679
v -0.003600 0.009143 0.076262
v -0.003901 0.009158 0.076393
v -0.003764 0.009300 0.076454
v -0.003600 0.009210 0.076357
v -0.004515 0.008618 0.076840
v -0.001400 0.009727 0.076501
v -0.001400 0.009790 0.076477
v -0.001400 0.009581 0.076522
v -0.001400 0.009546 0.076521
v -0.001400 0.009311 0.076443
v -0.001400 0.009158 0.076288
v -0.001400 0.009143 0.076262
v -0.001400 0.009081 0.076022
v -0.000910 0.009485 0.076056
v -0.000900 0.009581 0.076032
v -0.000942 0.009581 0.076224
v -0.000978 0.009389 0.076208
v -0.000939 0.009415 0.076120
v -0.001016 0.009415 0.076296
v -0.001045 0.009485 0.076361
v -0.001055 0.009581 0.076384
v -0.000938 0.009661 0.076196
v -0.000956 0.009677 0.076231
v -0.001395 0.009790 0.076477
v -0.001281 0.009784 0.076464
v -0.001209 0.009774 0.076442
v -0.001202 0.009759 0.076446
v -0.001221 0.009581 0.076489
v -0.001023 0.009718 0.076320
v -0.001045 0.009677 0.076361
v -0.001046 0.009729 0.076344
v -0.001009 0.009712 0.076306
v -0.000931 0.009654 0.076180
v -0.000900 0.009589 0.076039
v -0.000909 0.009621 0.076110
v -0.001078 0.009226 0.076164
v -0.001010 0.009268 0.076022
v -0.000967 0.009331 0.076022
v -0.001228 0.009118 0.076098
v -0.001150 0.009148 0.076022
v -0.001321 0.009180 0.076310
v -0.001390 0.009350 0.076465
v -0.001202 0.009404 0.076446
v -0.001150 0.009274 0.076327
v -0.000900 0.009581 0.076022
v -0.000917 0.009451 0.076022
v -0.000900 0.009581 0.070133
v -0.000967 0.009331 0.070132
v -0.001150 0.009148 0.070133
v -0.001400 0.009081 0.070132
v -0.000900 0.009688 0.075973
v -0.000938 0.009768 0.076147
v -0.001046 0.009835 0.076295
v -0.001209 0.009881 0.076393
v -0.001400 0.009897 0.076428
v -0.000394 0.010437 0.075542
v -0.000392 0.010483 0.075652
v -0.000655 0.010328 0.075764
v -0.000206 0.010470 0.075396
v -0.000100 0.010477 0.075390
v -0.000100 0.010492 0.075500
v -0.000790 0.010572 0.075998
v -0.000725 0.010481 0.075941
v -0.000583 0.010583 0.075883
v -0.000307 0.010946 0.075890
v -0.000508 0.010888 0.075918
v -0.000428 0.010656 0.075840
v -0.000622 0.011077 0.075886
v -0.001108 0.010710 0.076054
v -0.000866 0.010662 0.076026
v -0.001371 0.010166 0.076304
v -0.001118 0.010310 0.076194
v -0.000697 0.010792 0.075964
v -0.000100 0.011186 0.075836
v -0.001027 0.010256 0.076158
v -0.000948 0.010196 0.076100
v -0.000795 0.010278 0.075936
v -0.000849 0.010351 0.076015
v -0.000679 0.010397 0.075860
v -0.000666 0.010246 0.075561
v -0.000652 0.010278 0.075661
v -0.000765 0.010127 0.075649
v -0.000763 0.010214 0.075843
v -0.000798 0.010074 0.075688
v -0.000849 0.010079 0.075935
v -0.000908 0.009927 0.076036
v -0.000885 0.009842 0.075860
v -0.000839 0.009990 0.075750
v -0.000406 0.010417 0.075435
v -0.000100 0.010542 0.075627
v -0.000513 0.010364 0.075474
v -0.000403 0.010557 0.075756
v -0.000100 0.010610 0.075721
v -0.000100 0.010711 0.075805
v -0.000265 0.010700 0.075815
v -0.000100 0.010714 0.075806
v -0.000100 0.010945 0.075880
v -0.001016 0.010022 0.076195
v 0.000200 0.011186 0.075836
v 0.000200 0.010945 0.075880
v 0.000200 0.010837 0.075861
v 0.000200 0.010711 0.075805
v 0.000200 0.010542 0.075627
v 0.000200 0.010477 0.075390
v 0.000779 0.010397 0.075860
v 0.000825 0.010481 0.075941
v 0.000683 0.010583 0.075883
v 0.000322 0.011180 0.075838
v 0.000874 0.010999 0.075921
v 0.001309 0.009881 0.076393
v 0.001500 0.009897 0.076428
v 0.001319 0.010552 0.076127
v 0.001083 0.009803 0.076223
v 0.001146 0.009835 0.076295
v 0.001048 0.010196 0.076100
v 0.001218 0.010310 0.076194
v 0.000949 0.010351 0.076015
v 0.001108 0.010499 0.076104
v 0.000890 0.010572 0.075998
v 0.000966 0.010662 0.076026
v 0.000608 0.010888 0.075918
v 0.000564 0.010771 0.075896
v 0.000644 0.010344 0.075489
v 0.000630 0.010419 0.075699
v 0.000508 0.010416 0.075435
v 0.000492 0.010483 0.075652
v 0.000356 0.010462 0.075402
v 0.000647 0.010491 0.075800
v 0.000528 0.010656 0.075840
v 0.000503 0.010557 0.075756
v 0.001000 0.009688 0.075973
v 0.001008 0.009726 0.076056
v 0.000958 0.009940 0.075787
v 0.000934 0.010030 0.075841
v 0.000939 0.009990 0.075750
v 0.000752 0.010278 0.075661
v 0.000766 0.010246 0.075561
v 0.001038 0.009768 0.076147
v 0.000987 0.010136 0.076024
v 0.000949 0.010079 0.075935
v 0.000755 0.010328 0.075764
v 0.001119 0.010808 0.076009
v 0.000365 0.010700 0.075815
v 0.000353 0.010597 0.075729
v 0.000348 0.010522 0.075624
v 0.000999 0.009556 0.066496
v 0.001000 0.009568 0.068314
v 0.000951 0.009792 0.066491
v 0.001000 0.009581 0.070132
v 0.000200 0.010315 0.066482
v 0.000588 0.010214 0.066484
v 0.000766 0.010080 0.066486
v 0.000879 0.009938 0.066489
v 0.001000 0.009581 0.076022
v 0.001020 0.009443 0.076022
v 0.001067 0.009331 0.070132
v 0.001067 0.009331 0.076022
v 0.001250 0.009148 0.070132
v 0.001250 0.009148 0.076022
v 0.001301 0.009123 0.076022
v 0.001500 0.009081 0.070132
v 0.001500 0.009081 0.076022
v 0.001500 0.009081 0.068318
v 0.001498 0.009081 0.066504
v 0.003700 0.009081 0.066504
v 0.003700 0.009081 0.076022
v 0.003856 0.009066 0.076034
v 0.004080 0.008985 0.066506
v 0.004500 0.008281 0.066519
v 0.004500 0.008281 0.076619
v 0.004494 0.008378 0.066517
v 0.004477 0.008471 0.076477
v 0.004451 0.008558 0.066514
v 0.004439 0.008587 0.076391
v 0.004364 0.008728 0.066511
v 0.004266 0.008847 0.076197
v 0.004266 0.008847 0.066509
v 0.004144 0.008946 0.076123
v 0.004004 0.009021 0.076067
v 0.004500 0.008127 0.045269
v 0.004500 0.007401 0.066535
v 0.004500 0.005204 0.077331
v 0.004500 0.006106 0.077437
v 0.004500 0.006985 0.077214
v 0.004500 0.010074 0.045234
v 0.004500 0.010249 0.055857
v 0.004500 0.010424 0.066480
v 0.004500 0.004400 0.076911
v 0.004500 0.004400 0.066590
v 0.004870 0.003951 0.077086
v 0.004824 0.004075 0.077247
v 0.004675 0.004107 0.077152
v 0.004672 0.004023 0.076911
v 0.004692 0.004006 0.076911
v 0.004761 0.003974 0.077016
v 0.004750 0.003967 0.076911
v 0.004919 0.003907 0.076911
v 0.004538 0.004282 0.077061
v 0.004547 0.004188 0.076911
v 0.004576 0.004155 0.077009
v 0.004646 0.004182 0.077189
v 0.004809 0.004116 0.077274
v 0.005000 0.004092 0.077304
v 0.005000 0.004064 0.077280
v 0.005000 0.003951 0.077129
v 0.005000 0.003942 0.077111
v 0.005000 0.003900 0.076911
v 0.004567 0.004150 0.076911
v 0.005000 0.003900 0.066599
v 0.004939 0.003904 0.066599
v 0.004750 0.003967 0.066598
v 0.004720 0.003986 0.066597
v 0.004567 0.004150 0.066594
v 0.004560 0.004163 0.066594
v 0.007394 0.003900 0.076933
v 0.007037 0.003900 0.076911
v 0.007038 0.003900 0.076934
v 0.007040 0.003946 0.077130
v 0.007671 0.004043 0.077261
v 0.007350 0.004056 0.077273
v 0.007041 0.003993 0.077208
v 0.007042 0.004070 0.077286
v 0.007039 0.003923 0.077074
v 0.007040 0.003945 0.077116
v 0.007676 0.004052 0.077269
v 0.007704 0.004076 0.077291
v 0.007722 0.004092 0.077304
v 0.007683 0.004059 0.077276
v 0.005000 0.006138 0.077936
v 0.005000 0.007194 0.077669
v 0.005000 0.005057 0.077809
v 0.007723 0.004072 0.077288
v 0.005000 0.008490 0.077074
v 0.004817 0.009155 0.076768
v 0.004619 0.009409 0.076652
v 0.001500 0.009790 0.076477
v 0.003700 0.009790 0.076477
v 0.003820 0.009784 0.076479
v 0.004369 0.009605 0.076562
v 0.001038 0.009661 0.076196
v 0.001146 0.009729 0.076344
v 0.001157 0.009733 0.076353
v 0.001327 0.009777 0.076449
v 0.001309 0.009774 0.076442
v 0.001500 0.009546 0.076521
v 0.001500 0.009564 0.076522
v 0.001311 0.009562 0.076485
v 0.001037 0.009568 0.076211
v 0.001112 0.009266 0.076041
v 0.001244 0.009173 0.076155
v 0.001147 0.009564 0.076376
v 0.001415 0.009143 0.076248
v 0.001500 0.009143 0.076262
v 0.001500 0.009152 0.076279
v 0.001059 0.009392 0.076162
v 0.001174 0.009337 0.076312
v 0.001341 0.009319 0.076417
v 0.001500 0.009311 0.076443
v 0.003700 0.009546 0.076521
v 0.003700 0.009438 0.076501
v 0.003700 0.009311 0.076443
v 0.003700 0.009143 0.076262
v 0.004277 0.008997 0.076499
v 0.004323 0.009081 0.076582
v 0.004180 0.009183 0.076522
v 0.004809 0.008474 0.077039
v 0.004583 0.008396 0.076869
v 0.004646 0.008429 0.076940
v 0.004546 0.008794 0.076743
v 0.004717 0.008908 0.076838
v 0.004447 0.008949 0.076656
v 0.004607 0.009098 0.076747
v 0.004388 0.009172 0.076639
v 0.004464 0.009262 0.076669
v 0.004107 0.009490 0.076559
v 0.004062 0.009371 0.076536
v 0.004128 0.009019 0.076336
v 0.003991 0.009084 0.076288
v 0.004144 0.009091 0.076438
v 0.004026 0.009256 0.076479
v 0.004001 0.009158 0.076393
v 0.004508 0.008319 0.076702
v 0.004433 0.008627 0.076482
v 0.004251 0.008878 0.076297
v 0.004538 0.008361 0.076793
v 0.004486 0.008733 0.076666
v 0.004448 0.008676 0.076576
v 0.004253 0.008928 0.076401
v 0.003864 0.009300 0.076454
v 0.003852 0.009197 0.076366
v 0.003847 0.009123 0.076259
v 0.004538 0.007065 0.077388
v 0.004646 0.007133 0.077536
v 0.004809 0.007178 0.077634
v 0.004538 0.006118 0.077628
v 0.004646 0.006129 0.077790
v 0.004809 0.006136 0.077898
v 0.004538 0.005148 0.077514
v 0.004646 0.005100 0.077669
v 0.004809 0.005068 0.077772
v 0.004125 0.006668 0.081877
v -0.004125 0.006611 0.081840
v 0.004125 0.006421 0.081753
v -0.004125 0.006421 0.081753
v 0.004125 0.006221 0.081707
v -0.004125 0.006217 0.081707
v 0.004125 0.005979 0.081707
v -0.004125 0.005803 0.081745
v 0.004125 0.005745 0.081765
v -0.004125 0.005745 0.081765
v 0.004125 0.005532 0.081877
v -0.004125 0.005440 0.081948
v 0.004125 0.005351 0.082037
v -0.004125 0.005351 0.082037
v 0.004125 0.005215 0.082235
v -0.004125 0.005192 0.082282
v 0.004125 0.005129 0.082461
v -0.004125 0.005129 0.082461
v 0.004125 0.005100 0.082700
v -0.004125 0.005100 0.082687
v 0.004125 0.005129 0.082939
v -0.004125 0.005129 0.082939
v 0.004125 0.005215 0.083165
v -0.004125 0.005181 0.083095
v 0.004125 0.005351 0.083363
v -0.004125 0.005351 0.083363
v 0.004125 0.005532 0.083523
v -0.004125 0.005421 0.083435
v 0.004125 0.005745 0.083635
v -0.004125 0.005745 0.083635
v 0.004125 0.005979 0.083693
v -0.004125 0.005779 0.083647
v -0.004125 0.006192 0.083696
v 0.004125 0.006221 0.083693
v -0.004125 0.006221 0.083693
v 0.004125 0.006455 0.083635
v -0.004125 0.006589 0.083572
v 0.004125 0.006668 0.083523
v -0.004125 0.006668 0.083523
v 0.004125 0.006849 0.083363
v -0.004125 0.006901 0.083298
v 0.004125 0.006985 0.083165
v -0.004125 0.006985 0.083165
v 0.004125 0.007071 0.082939
v -0.004125 0.007075 0.082920
v 0.004125 0.007100 0.082700
v -0.004125 0.007100 0.082700
v 0.004125 0.007071 0.082461
v -0.004125 0.007081 0.082505
v 0.004125 0.006985 0.082235
v -0.004125 0.006985 0.082235
v 0.004125 0.006849 0.082037
v -0.004125 0.006916 0.082123
v -0.004125 0.006668 0.081877
v 0.004425 0.006838 0.081630
v 0.004425 0.007073 0.081838
v 0.004425 0.007251 0.082096
v 0.004425 0.007362 0.082389
v 0.004425 0.007400 0.082700
v 0.004425 0.007362 0.083011
v 0.004425 0.007251 0.083304
v 0.004425 0.007073 0.083562
v 0.004425 0.006838 0.083770
v 0.004425 0.006561 0.083916
v 0.004425 0.006257 0.083991
v 0.004425 0.005943 0.083991
v 0.004425 0.005639 0.083916
v 0.004425 0.005362 0.083770
v 0.004425 0.005127 0.083562
v 0.004425 0.004949 0.083304
v 0.004425 0.004838 0.083011
v 0.004425 0.004800 0.082700
v 0.004425 0.004838 0.082389
v 0.004425 0.004949 0.082096
v 0.004425 0.005127 0.081838
v 0.004425 0.005362 0.081630
v 0.004425 0.005639 0.081484
v 0.004425 0.005943 0.081409
v 0.004425 0.006257 0.081409
v 0.004425 0.006517 0.081469
v 0.004425 0.006590 0.084845
v 0.004425 0.005936 0.084894
v 0.004425 0.005393 0.084783
v 0.004425 0.005296 0.084748
v 0.004425 0.004728 0.084420
v 0.004425 0.004282 0.083939
v 0.004425 0.007200 0.084605
v 0.004425 0.007713 0.084196
v 0.004425 0.008082 0.083655
v 0.004425 0.008275 0.083028
v 0.004425 0.008275 0.082372
v 0.004425 0.004282 0.081461
v 0.004425 0.003998 0.082052
v 0.004425 0.003900 0.082700
v 0.004425 0.003998 0.083348
v 0.004425 0.008082 0.081745
v 0.004425 0.007713 0.081204
v 0.004425 0.007200 0.080795
v 0.004425 0.006807 0.080617
v 0.004425 0.006590 0.080555
v 0.004425 0.005936 0.080506
v 0.004425 0.005296 0.080652
v 0.004425 0.004728 0.080980
v 0.004125 0.006903 0.080332
v 0.004125 0.006656 0.080263
v 0.004125 0.005913 0.080207
v 0.004125 0.005187 0.080373
v 0.004125 0.004541 0.080745
v 0.004125 0.004034 0.081292
v 0.004125 0.003711 0.081963
v 0.004125 0.003600 0.082700
v 0.004125 0.003711 0.083437
v 0.004125 0.004034 0.084108
v 0.004125 0.004541 0.084655
v 0.004125 0.005187 0.085027
v 0.004125 0.005297 0.085068
v 0.004125 0.005913 0.085193
v 0.004125 0.006656 0.085137
v 0.004125 0.007350 0.084865
v 0.004125 0.007933 0.084400
v 0.004125 0.008352 0.083785
v 0.004125 0.008572 0.083073
v 0.004125 0.008572 0.082327
v 0.004125 0.008352 0.081615
v 0.004125 0.007933 0.081000
v 0.004125 0.007350 0.080535
v -0.004425 0.004100 0.067233
v -0.004425 0.004906 0.068930
v -0.004425 0.005078 0.068424
v -0.004425 0.006485 0.073916
v -0.004425 0.006940 0.074196
v -0.004425 0.006246 0.070244
v -0.004425 0.008100 0.075053
v -0.004425 0.006748 0.070063
v -0.004425 0.007229 0.074645
v -0.004425 0.007294 0.075176
v -0.004425 0.008019 0.075616
v -0.004425 0.007122 0.075681
v -0.004425 0.004100 0.075053
v -0.004425 0.004181 0.075616
v -0.004425 0.004971 0.075460
v -0.004425 0.004417 0.076134
v -0.004425 0.005260 0.075909
v -0.004425 0.004790 0.076564
v -0.004425 0.005715 0.076189
v -0.004425 0.004971 0.069460
v -0.004425 0.005260 0.069909
v -0.004425 0.005452 0.068043
v -0.004425 0.005954 0.067862
v -0.004425 0.008100 0.067233
v -0.004425 0.006485 0.067916
v -0.004425 0.006940 0.068196
v -0.004425 0.006748 0.076063
v -0.004425 0.007410 0.076564
v -0.004425 0.007783 0.076134
v -0.004425 0.005269 0.076872
v -0.004425 0.005815 0.077032
v -0.004425 0.006246 0.076244
v -0.004425 0.006385 0.077032
v -0.004425 0.006931 0.076872
v -0.004425 0.005954 0.073862
v -0.004425 0.005715 0.070189
v -0.004425 0.007229 0.068645
v -0.004425 0.007294 0.069176
v -0.004425 0.007122 0.069681
v -0.004425 0.004906 0.074930
v -0.004425 0.005078 0.074424
v -0.004425 0.005452 0.074043
v -0.003925 0.003600 0.075053
v -0.003925 0.003701 0.075757
v -0.003925 0.003997 0.076404
v -0.003925 0.004463 0.076942
v -0.003925 0.005061 0.077327
v -0.003925 0.005744 0.077527
v -0.003925 0.006456 0.077527
v -0.003925 0.007139 0.077327
v -0.003925 0.007737 0.076942
v -0.003925 0.008203 0.076404
v -0.003925 0.008499 0.075757
v -0.003925 0.008600 0.075053
v -0.003925 0.003600 0.067200
v -0.004133 0.003808 0.066940
v -0.003000 0.008600 0.082700
v -0.003000 0.008600 0.075053
v -0.003000 0.008572 0.082327
v -0.003000 0.008352 0.081615
v -0.003000 0.003600 0.082700
v -0.003000 0.003711 0.081963
v -0.003000 0.003600 0.075053
v -0.003000 0.004034 0.081292
v -0.003000 0.003701 0.075757
v -0.003000 0.007933 0.081000
v -0.003000 0.008499 0.075757
v -0.003000 0.007350 0.080535
v -0.003000 0.006656 0.080263
v -0.003000 0.006456 0.077527
v -0.003000 0.005913 0.080207
v -0.003000 0.005744 0.077527
v -0.003000 0.005187 0.080373
v -0.003000 0.005061 0.077327
v -0.003000 0.004463 0.076942
v -0.003000 0.008203 0.076404
v -0.003000 0.007737 0.076942
v -0.003000 0.007139 0.077327
v -0.003000 0.004541 0.080745
v -0.003000 0.003997 0.076404
v 0.004425 0.005078 0.068424
v 0.004425 0.004906 0.068930
v 0.004425 0.004100 0.067233
v 0.004425 0.004971 0.069460
v 0.004425 0.005260 0.075909
v 0.004425 0.004417 0.076134
v 0.004425 0.004971 0.075460
v 0.004425 0.004181 0.075616
v 0.004425 0.004906 0.074930
v 0.004425 0.004100 0.075053
v 0.004425 0.005078 0.074424
v 0.004425 0.005452 0.074043
v 0.004425 0.005954 0.073862
v 0.004425 0.006246 0.076244
v 0.004425 0.005815 0.077032
v 0.004425 0.005715 0.076189
v 0.004425 0.005269 0.076872
v 0.004425 0.004790 0.076564
v 0.004425 0.005260 0.069909
v 0.004425 0.005715 0.070189
v 0.004425 0.006485 0.073916
v 0.004425 0.006246 0.070244
v 0.004425 0.006940 0.074196
v 0.004425 0.007229 0.074645
v 0.004425 0.007122 0.075681
v 0.004425 0.007410 0.076564
v 0.004425 0.006748 0.076063
v 0.004425 0.006931 0.076872
v 0.004425 0.006385 0.077032
v 0.004425 0.006748 0.070063
v 0.004425 0.007122 0.069681
v 0.004425 0.008100 0.075053
v 0.004425 0.007294 0.069176
v 0.004425 0.008100 0.067233
v 0.004425 0.007229 0.068645
v 0.004425 0.006940 0.068196
v 0.004425 0.006485 0.067916
v 0.004425 0.005954 0.067862
v 0.004425 0.005452 0.068043
v 0.004425 0.007294 0.075176
v 0.004425 0.008019 0.075616
v 0.004425 0.007783 0.076134
v 0.004133 0.003808 0.066940
v 0.003925 0.003600 0.067200
v 0.003925 0.003600 0.075053
v 0.003925 0.008600 0.075053
v 0.003925 0.008499 0.075757
v 0.003925 0.008203 0.076404
v 0.003925 0.007737 0.076942
v 0.003925 0.007139 0.077327
v 0.003925 0.006456 0.077527
v 0.003925 0.005744 0.077527
v 0.003925 0.005061 0.077327
v 0.003925 0.004463 0.076942
v 0.003925 0.003997 0.076404
v 0.003925 0.003701 0.075757
v 0.003000 0.008600 0.075053
v 0.003000 0.008600 0.082700
v 0.003000 0.008572 0.082327
v 0.003000 0.008352 0.081615
v 0.003000 0.007933 0.081000
v 0.003000 0.008499 0.075757
v 0.003000 0.007350 0.080535
v 0.003000 0.008203 0.076404
v 0.003000 0.003701 0.075757
v 0.003000 0.004034 0.081292
v 0.003000 0.003600 0.075053
v 0.003000 0.003711 0.081963
v 0.003000 0.003600 0.082700
v 0.003000 0.003997 0.076404
v 0.003000 0.005187 0.080373
v 0.003000 0.004541 0.080745
v 0.003000 0.006656 0.080263
v 0.003000 0.007139 0.077327
v 0.003000 0.007737 0.076942
v 0.003000 0.004463 0.076942
v 0.003000 0.005061 0.077327
v 0.003000 0.005913 0.080207
v 0.003000 0.005744 0.077527
v 0.003000 0.006456 0.077527
v -0.003925 0.008600 0.066733
v -0.003750 0.008600 0.066558
v 0.003750 0.008600 0.066553
v -0.003750 0.008600 0.066553
v 0.003750 0.008600 0.066558
v 0.003925 0.008600 0.066733
v -0.004125 0.003600 0.082700
v -0.004125 0.003711 0.081963
v -0.004125 0.008572 0.083073
v -0.004125 0.008572 0.082327
v -0.004125 0.004034 0.081292
v -0.004125 0.004541 0.080745
v -0.004125 0.005187 0.080373
v -0.004125 0.005913 0.080207
v -0.004125 0.006656 0.080263
v -0.004125 0.006903 0.080332
v -0.004125 0.008352 0.081615
v -0.004125 0.007933 0.081000
v -0.004125 0.007350 0.080535
v -0.004125 0.008352 0.083785
v -0.004125 0.007933 0.084400
v -0.004125 0.007350 0.084865
v -0.004125 0.006656 0.085137
v -0.004125 0.005913 0.085193
v -0.004125 0.005187 0.085027
v -0.004125 0.004541 0.084655
v -0.004125 0.004034 0.084108
v -0.004125 0.003711 0.083437
v -0.004425 0.007200 0.080795
v -0.004425 0.007713 0.081204
v -0.004425 0.008082 0.081745
v -0.004425 0.008275 0.082372
v -0.004425 0.008275 0.083028
v -0.004425 0.008082 0.083655
v -0.004425 0.007713 0.084196
v -0.004425 0.007200 0.084605
v -0.004425 0.006590 0.084845
v -0.004425 0.005936 0.084894
v -0.004425 0.005296 0.084748
v -0.004425 0.004728 0.084420
v -0.004425 0.004282 0.083939
v -0.004425 0.003998 0.083348
v -0.004425 0.003900 0.082700
v -0.004425 0.003998 0.082052
v -0.004425 0.004282 0.081461
v -0.004425 0.004728 0.080980
v -0.004425 0.005296 0.080652
v -0.004425 0.005936 0.080506
v -0.004425 0.006590 0.080555
v -0.004425 0.006807 0.080617
v -0.004425 0.005683 0.083931
v -0.004425 0.006219 0.083995
v -0.004425 0.006736 0.083834
v -0.004425 0.007142 0.083477
v -0.004425 0.005243 0.081723
v -0.004425 0.004919 0.082156
v -0.004425 0.004800 0.082683
v -0.004425 0.004906 0.083214
v -0.004425 0.007368 0.082987
v -0.004425 0.007375 0.082446
v -0.004425 0.005218 0.083655
v -0.004425 0.006252 0.081409
v -0.004425 0.005714 0.081459
v -0.004425 0.007161 0.081949
v -0.004425 0.006764 0.081583
v -0.004425 0.006517 0.081469
v 0.000750 0.003399 0.000834
v 0.000807 0.003388 0.000832
v 0.000807 0.003465 0.000409
v 0.000750 0.003476 0.000410
v 0.000807 0.003489 -0.000020
v 0.000750 0.003500 -0.000020
v 0.000807 0.003460 -0.000448
v 0.000750 0.003471 -0.000450
v 0.000807 0.003378 -0.000870
v 0.000750 0.003389 -0.000873
v 0.000807 0.003246 -0.001279
v 0.000750 0.003256 -0.001283
v 0.000807 0.003064 -0.001668
v 0.000750 0.003074 -0.001673
v 0.000807 0.002836 -0.002032
v 0.000750 0.002845 -0.002038
v 0.000807 0.002565 -0.002365
v 0.000750 0.002573 -0.002373
v 0.000807 0.002255 -0.002662
v 0.000750 0.002262 -0.002671
v 0.000807 0.001910 -0.002919
v 0.000750 0.001917 -0.002928
v 0.000807 0.001537 -0.003132
v 0.000750 0.001542 -0.003142
v 0.000807 0.001141 -0.003297
v 0.000750 0.001145 -0.003308
v 0.000807 0.000727 -0.003412
v 0.000750 0.000729 -0.003423
v 0.000807 0.000302 -0.003475
v 0.000750 0.000303 -0.003487
v 0.000807 -0.000127 -0.003486
v 0.000750 -0.000128 -0.003498
v 0.000807 -0.000555 -0.003444
v 0.000750 -0.000556 -0.003455
v 0.000807 -0.000974 -0.003350
v 0.000750 -0.000977 -0.003361
v 0.000807 -0.001378 -0.003205
v 0.000750 -0.001382 -0.003215
v 0.000807 -0.001761 -0.003011
v 0.000750 -0.001767 -0.003021
v 0.000807 -0.002118 -0.002772
v 0.000750 -0.002125 -0.002781
v 0.000807 -0.002443 -0.002491
v 0.000750 -0.002451 -0.002499
v 0.000807 -0.002730 -0.002172
v 0.000750 -0.002739 -0.002179
v 0.000807 -0.002976 -0.001820
v 0.000750 -0.002986 -0.001826
v 0.000807 -0.003177 -0.001440
v 0.000750 -0.003188 -0.001445
v 0.000807 -0.003330 -0.001039
v 0.000750 -0.003341 -0.001042
v 0.000807 -0.003433 -0.000622
v 0.000750 -0.003444 -0.000624
v 0.000807 -0.003483 -0.000195
v 0.000750 -0.003495 -0.000196
v 0.000807 -0.003481 0.000234
v 0.000750 -0.003492 0.000235
v 0.000807 -0.003426 0.000660
v 0.000750 -0.003437 0.000663
v 0.000807 -0.003318 0.001076
v 0.000750 -0.003329 0.001080
v 0.000807 -0.003161 0.001476
v 0.000750 -0.003171 0.001481
v 0.000807 -0.002956 0.001853
v 0.000750 -0.002965 0.001859
v 0.000807 -0.002705 0.002202
v 0.000750 -0.002714 0.002210
v 0.000807 -0.002414 0.002518
v 0.000750 -0.002422 0.002526
v 0.000807 -0.002087 0.002796
v 0.000750 -0.002093 0.002805
v 0.000807 -0.001727 0.003031
v 0.000750 -0.001733 0.003041
v 0.000807 -0.001342 0.003220
v 0.000750 -0.001346 0.003231
v 0.000807 -0.000936 0.003361
v 0.000750 -0.000939 0.003372
v 0.000807 -0.000516 0.003450
v 0.000750 -0.000517 0.003462
v 0.000807 -0.000088 0.003487
v 0.000750 -0.000088 0.003499
v 0.000807 0.000342 0.003472
v 0.000750 0.000343 0.003483
v 0.000807 0.000766 0.003404
v 0.000750 0.000768 0.003415
v 0.000807 0.001178 0.003284
v 0.000750 0.001182 0.003294
v 0.000807 0.001573 0.003114
v 0.000750 0.001578 0.003124
v 0.000807 0.001943 0.002897
v 0.000750 0.001950 0.002907
v 0.000807 0.002285 0.002636
v 0.000750 0.002292 0.002645
v 0.000807 0.002591 0.002336
v 0.000750 0.002600 0.002343
v 0.000807 0.002859 0.001999
v 0.000750 0.002868 0.002006
v 0.000807 0.003083 0.001633
v 0.000750 0.003093 0.001638
v 0.000807 0.003260 0.001242
v 0.000750 0.003271 0.001246
v 0.000856 0.003356 0.000824
v 0.000856 0.003432 0.000405
v 0.000856 0.003456 -0.000020
v 0.000856 0.003427 -0.000444
v 0.000856 0.003347 -0.000862
v 0.000856 0.003216 -0.001267
v 0.000856 0.003036 -0.001652
v 0.000856 0.002809 -0.002013
v 0.000856 0.002541 -0.002343
v 0.000856 0.002234 -0.002637
v 0.000856 0.001893 -0.002892
v 0.000856 0.001523 -0.003102
v 0.000856 0.001130 -0.003266
v 0.000856 0.000720 -0.003380
v 0.000856 0.000299 -0.003443
v 0.000856 -0.000126 -0.003454
v 0.000856 -0.000549 -0.003412
v 0.000856 -0.000965 -0.003319
v 0.000856 -0.001365 -0.003175
v 0.000856 -0.001745 -0.002983
v 0.000856 -0.002098 -0.002746
v 0.000856 -0.002420 -0.002467
v 0.000856 -0.002705 -0.002151
v 0.000856 -0.002949 -0.001803
v 0.000856 -0.003148 -0.001427
v 0.000856 -0.003299 -0.001029
v 0.000856 -0.003401 -0.000616
v 0.000856 -0.003451 -0.000193
v 0.000856 -0.003448 0.000232
v 0.000856 -0.003394 0.000654
v 0.000856 -0.003287 0.001066
v 0.000856 -0.003131 0.001462
v 0.000856 -0.002928 0.001836
v 0.000856 -0.002680 0.002182
v 0.000856 -0.002392 0.002495
v 0.000856 -0.002067 0.002770
v 0.000856 -0.001711 0.003003
v 0.000856 -0.001329 0.003190
v 0.000856 -0.000927 0.003329
v 0.000856 -0.000511 0.003418
v 0.000856 -0.000087 0.003455
v 0.000856 0.000338 0.003439
v 0.000856 0.000758 0.003372
v 0.000856 0.001167 0.003253
v 0.000856 0.001558 0.003085
v 0.000856 0.001925 0.002870
v 0.000856 0.002263 0.002612
v 0.000856 0.002567 0.002314
v 0.000856 0.002832 0.001981
v 0.000856 0.003054 0.001618
v 0.000856 0.003230 0.001230
v 0.000889 0.003309 0.000812
v 0.000889 0.003384 0.000400
v 0.000889 0.003407 -0.000019
v 0.000889 0.003379 -0.000438
v 0.000889 0.003300 -0.000850
v 0.000889 0.003170 -0.001249
v 0.000889 0.002993 -0.001629
v 0.000889 0.002770 -0.001984
v 0.000889 0.002505 -0.002310
v 0.000889 0.002202 -0.002600
v 0.000889 0.001866 -0.002851
v 0.000889 0.001502 -0.003059
v 0.000889 0.001114 -0.003220
v 0.000889 0.000710 -0.003333
v 0.000889 0.000295 -0.003395
v 0.000889 -0.000124 -0.003405
v 0.000889 -0.000542 -0.003364
v 0.000889 -0.000951 -0.003272
v 0.000889 -0.001346 -0.003130
v 0.000889 -0.001720 -0.002941
v 0.000889 -0.002069 -0.002708
v 0.000889 -0.002386 -0.002433
v 0.000889 -0.002667 -0.002121
v 0.000889 -0.002907 -0.001777
v 0.000889 -0.003104 -0.001407
v 0.000889 -0.003253 -0.001015
v 0.000889 -0.003353 -0.000607
v 0.000889 -0.003402 -0.000191
v 0.000889 -0.003400 0.000229
v 0.000889 -0.003346 0.000645
v 0.000889 -0.003241 0.001051
v 0.000889 -0.003087 0.001442
v 0.000889 -0.002887 0.001810
v 0.000889 -0.002643 0.002151
v 0.000889 -0.002358 0.002460
v 0.000889 -0.002038 0.002731
v 0.000889 -0.001687 0.002960
v 0.000889 -0.001310 0.003145
v 0.000889 -0.000914 0.003283
v 0.000889 -0.000504 0.003370
v 0.000889 -0.000086 0.003406
v 0.000889 0.000334 0.003391
v 0.000889 0.000748 0.003324
v 0.000889 0.001151 0.003207
v 0.000889 0.001536 0.003042
v 0.000889 0.001898 0.002830
v 0.000889 0.002232 0.002575
v 0.000889 0.002531 0.002281
v 0.000889 0.002792 0.001953
v 0.000889 0.003011 0.001595
v 0.000889 0.003184 0.001213
v 0.000900 0.003131 0.001192
v 0.000900 0.003242 0.000843
v 0.000900 0.003253 0.000799
v 0.000900 0.003327 0.000393
v 0.000900 0.003350 -0.000019
v 0.000900 0.003322 -0.000430
v 0.000900 0.003244 -0.000835
v 0.000900 0.003117 -0.001228
v 0.000900 0.002942 -0.001602
v 0.000900 0.002723 -0.001951
v 0.000900 0.002463 -0.002271
v 0.000900 0.002165 -0.002556
v 0.000900 0.001835 -0.002803
v 0.000900 0.001476 -0.003007
v 0.000900 0.001095 -0.003166
v 0.000900 0.000698 -0.003276
v 0.000900 0.000290 -0.003337
v 0.000900 -0.000122 -0.003348
v 0.000900 -0.000533 -0.003307
v 0.000900 -0.000935 -0.003217
v 0.000900 -0.001323 -0.003078
v 0.000900 -0.001691 -0.002892
v 0.000900 -0.002034 -0.002662
v 0.000900 -0.002346 -0.002392
v 0.000900 -0.002622 -0.002085
v 0.000900 -0.002858 -0.001747
v 0.000900 -0.003051 -0.001383
v 0.000900 -0.003198 -0.000997
v 0.000900 -0.003296 -0.000597
v 0.000900 -0.003345 -0.000187
v 0.000900 -0.003342 0.000225
v 0.000900 -0.003289 0.000634
v 0.000900 -0.003187 0.001034
v 0.000900 -0.003035 0.001417
v 0.000900 -0.002838 0.001780
v 0.000900 -0.002598 0.002115
v 0.000900 -0.002318 0.002418
v 0.000900 -0.002004 0.002685
v 0.000900 -0.001659 0.002911
v 0.000900 -0.001288 0.003092
v 0.000900 -0.000899 0.003227
v 0.000900 -0.000495 0.003313
v 0.000900 -0.000084 0.003349
v 0.000900 0.000328 0.003334
v 0.000900 0.000735 0.003268
v 0.000900 0.001131 0.003153
v 0.000900 0.001510 0.002990
v 0.000900 0.001866 0.002782
v 0.000900 0.002194 0.002532
v 0.000900 0.002488 0.002243
v 0.000900 0.002745 0.001920
v 0.000900 0.002960 0.001568
v 0.000900 0.001211 0.002816
v 0.000900 0.000673 0.002990
v 0.000900 0.000112 0.003063
v 0.000900 0.002146 0.002188
v 0.000900 0.001707 0.002545
v 0.000900 0.001517 -0.002663
v 0.000900 0.001981 -0.002339
v 0.000900 0.002377 -0.001935
v 0.000900 -0.001517 0.002663
v 0.000900 -0.001981 0.002339
v 0.000900 -0.002377 0.001935
v 0.000900 0.000453 -0.003031
v 0.000900 0.001002 -0.002896
v 0.000900 -0.001211 -0.002816
v 0.000900 -0.000673 -0.002990
v 0.000900 -0.000112 -0.003063
v 0.000900 -0.002792 -0.001265
v 0.000900 -0.002512 -0.001757
v 0.000900 -0.002146 -0.002188
v 0.000900 -0.000453 0.003031
v 0.000900 -0.001002 0.002896
v 0.000900 0.002966 0.000771
v 0.000900 0.002792 0.001265
v 0.000900 0.002512 0.001757
v 0.000900 0.003060 0.000171
v 0.000900 0.002977 0.000731
v 0.000900 0.002915 -0.000946
v 0.000900 0.003040 -0.000394
v 0.000900 -0.001707 -0.002545
v 0.000900 -0.003060 -0.000171
v 0.000900 -0.002977 -0.000731
v 0.000900 0.002692 -0.001465
v 0.000900 -0.002915 0.000946
v 0.000900 -0.003040 0.000394
v 0.000900 -0.002692 0.001465
v 0.000700 0.002977 0.000731
v 0.000700 0.002792 0.001265
v 0.000700 0.002512 0.001757
v 0.000700 0.002146 0.002188
v 0.000700 0.001707 0.002545
v 0.000700 0.001211 0.002816
v 0.000700 0.000673 0.002990
v 0.000700 0.000112 0.003063
v 0.000700 -0.000453 0.003031
v 0.000700 -0.001002 0.002896
v 0.000700 -0.001517 0.002663
v 0.000700 -0.001981 0.002339
v 0.000700 -0.002377 0.001935
v 0.000700 -0.002692 0.001465
v 0.000700 -0.002915 0.000946
v 0.000700 -0.003040 0.000394
v 0.000700 -0.003060 -0.000171
v 0.000700 -0.002977 -0.000731
v 0.000700 -0.002792 -0.001265
v 0.000700 -0.002512 -0.001757
v 0.000700 -0.002146 -0.002188
v 0.000700 -0.001707 -0.002545
v 0.000700 -0.001211 -0.002816
v 0.000700 -0.000673 -0.002990
v 0.000700 -0.000112 -0.003063
v 0.000700 0.000453 -0.003031
v 0.000700 0.001002 -0.002896
v 0.000700 0.001517 -0.002663
v 0.000700 0.001981 -0.002339
v 0.000700 0.002377 -0.001935
v 0.000700 0.002692 -0.001465
v 0.000700 0.002915 -0.000946
v 0.000700 0.003040 -0.000394
v 0.000700 0.003060 0.000171
v 0.000700 0.002027 0.000303
v 0.000700 0.001909 0.000747
v 0.000700 0.001695 0.001153
v 0.000700 0.001396 0.001501
v 0.000700 0.001027 0.001774
v 0.000700 -0.001027 -0.001774
v 0.000700 -0.000607 -0.001958
v 0.000700 -0.000156 -0.002044
v 0.000700 0.000303 -0.002027
v 0.000700 0.000747 -0.001909
v 0.000700 0.001153 -0.001695
v 0.000700 0.000607 0.001958
v 0.000700 0.000156 0.002044
v 0.000700 -0.000303 0.002027
v 0.000700 -0.000747 0.001909
v 0.000700 -0.001153 0.001695
v 0.000700 -0.002027 -0.000303
v 0.000700 -0.001909 -0.000747
v 0.000700 -0.001695 -0.001153
v 0.000700 -0.001396 -0.001501
v 0.000700 0.001501 -0.001396
v 0.000700 0.001774 -0.001027
v 0.000700 0.001958 -0.000607
v 0.000700 0.002044 -0.000156
v 0.000700 -0.001501 0.001396
v 0.000700 -0.001774 0.001027
v 0.000700 -0.001958 0.000607
v 0.000700 -0.002044 0.000156
v 0.000900 0.001909 0.000747
v 0.000900 0.001984 0.000516
v 0.000900 0.002027 0.000303
v 0.000900 0.002044 -0.000156
v 0.000900 0.001958 -0.000607
v 0.000900 0.001774 -0.001027
v 0.000900 0.001501 -0.001396
v 0.000900 0.001153 -0.001695
v 0.000900 0.000747 -0.001909
v 0.000900 0.000303 -0.002027
v 0.000900 -0.000156 -0.002044
v 0.000900 -0.000607 -0.001958
v 0.000900 -0.001027 -0.001774
v 0.000900 -0.001396 -0.001501
v 0.000900 -0.001695 -0.001153
v 0.000900 -0.001909 -0.000747
v 0.000900 -0.002027 -0.000303
v 0.000900 -0.002044 0.000156
v 0.000900 -0.001958 0.000607
v 0.000900 -0.001774 0.001027
v 0.000900 -0.001501 0.001396
v 0.000900 -0.001153 0.001695
v 0.000900 -0.000747 0.001909
v 0.000900 -0.000303 0.002027
v 0.000900 0.000156 0.002044
v 0.000900 0.000607 0.001958
v 0.000900 0.001027 0.001774
v 0.000900 0.001396 0.001501
v 0.000900 0.001695 0.001153
v -0.001950 0.000517 -0.003462
v -0.002007 0.000936 -0.003361
v -0.001950 0.000939 -0.003372
v -0.002007 0.001342 -0.003220
v -0.001950 0.001346 -0.003231
v -0.002007 0.001727 -0.003031
v -0.001950 0.001733 -0.003041
v -0.002007 0.002087 -0.002796
v -0.001950 0.002093 -0.002805
v -0.002007 0.002414 -0.002518
v -0.001950 0.002422 -0.002526
v -0.002007 0.002705 -0.002202
v -0.001950 0.002714 -0.002210
v -0.002007 0.002956 -0.001853
v -0.001950 0.002965 -0.001859
v -0.002007 0.003161 -0.001476
v -0.001950 0.003171 -0.001481
v -0.002007 0.003318 -0.001076
v -0.001950 0.003329 -0.001080
v -0.002007 0.003426 -0.000660
v -0.001950 0.003437 -0.000663
v -0.002007 0.003481 -0.000234
v -0.001950 0.003492 -0.000235
v -0.002007 0.003483 0.000195
v -0.001950 0.003495 0.000196
v -0.002007 0.003433 0.000622
v -0.001950 0.003444 0.000624
v -0.002007 0.003330 0.001039
v -0.001950 0.003341 0.001042
v -0.002007 0.003177 0.001440
v -0.001950 0.003188 0.001445
v -0.002007 0.002976 0.001820
v -0.001950 0.002986 0.001826
v -0.002007 0.002730 0.002172
v -0.001950 0.002739 0.002179
v -0.002007 0.002443 0.002491
v -0.001950 0.002451 0.002499
v -0.002007 0.002118 0.002772
v -0.001950 0.002125 0.002781
v -0.002007 0.001761 0.003011
v -0.001950 0.001767 0.003021
v -0.002007 0.001378 0.003205
v -0.001950 0.001382 0.003215
v -0.002007 0.000974 0.003350
v -0.001950 0.000977 0.003361
v -0.002007 0.000555 0.003444
v -0.001950 0.000556 0.003455
v -0.002007 0.000127 0.003486
v -0.001950 0.000128 0.003498
v -0.002007 -0.000302 0.003475
v -0.001950 -0.000303 0.003487
v -0.002007 -0.000727 0.003412
v -0.001950 -0.000729 0.003423
v -0.002007 -0.001141 0.003297
v -0.001950 -0.001145 0.003308
v -0.002007 -0.001537 0.003132
v -0.001950 -0.001542 0.003142
v -0.002007 -0.001910 0.002919
v -0.001950 -0.001917 0.002929
v -0.002007 -0.002255 0.002662
v -0.001950 -0.002262 0.002671
v -0.002007 -0.002565 0.002365
v -0.001950 -0.002573 0.002373
v -0.002007 -0.002836 0.002032
v -0.001950 -0.002845 0.002038
v -0.002007 -0.003064 0.001668
v -0.001950 -0.003074 0.001673
v -0.002007 -0.003246 0.001279
v -0.001950 -0.003256 0.001283
v -0.002007 -0.003378 0.000870
v -0.001950 -0.003389 0.000873
v -0.002007 -0.003460 0.000448
v -0.001950 -0.003471 0.000450
v -0.002007 -0.003489 0.000020
v -0.001950 -0.003500 0.000020
v -0.002007 -0.003465 -0.000409
v -0.001950 -0.003476 -0.000410
v -0.002007 -0.003388 -0.000832
v -0.001950 -0.003399 -0.000834
v -0.002007 -0.003260 -0.001242
v -0.001950 -0.003271 -0.001246
v -0.002007 -0.003083 -0.001633
v -0.001950 -0.003093 -0.001638
v -0.002007 -0.002859 -0.001999
v -0.001950 -0.002868 -0.002006
v -0.002007 -0.002591 -0.002336
v -0.001950 -0.002600 -0.002343
v -0.002007 -0.002285 -0.002636
v -0.001950 -0.002292 -0.002645
v -0.002007 -0.001943 -0.002897
v -0.001950 -0.001950 -0.002907
v -0.002007 -0.001573 -0.003114
v -0.001950 -0.001578 -0.003124
v -0.002007 -0.001178 -0.003284
v -0.001950 -0.001182 -0.003294
v -0.002007 -0.000766 -0.003404
v -0.001950 -0.000768 -0.003415
v -0.002007 -0.000342 -0.003472
v -0.001950 -0.000343 -0.003483
v -0.002007 0.000088 -0.003487
v -0.001950 0.000088 -0.003499
v -0.002007 0.000516 -0.003450
v -0.002056 0.000927 -0.003329
v -0.002056 0.001329 -0.003190
v -0.002056 0.001711 -0.003003
v -0.002056 0.002067 -0.002770
v -0.002056 0.002392 -0.002495
v -0.002056 0.002680 -0.002182
v -0.002056 0.002928 -0.001836
v -0.002056 0.003131 -0.001462
v -0.002056 0.003287 -0.001066
v -0.002056 0.003394 -0.000654
v -0.002056 0.003448 -0.000232
v -0.002056 0.003451 0.000193
v -0.002056 0.003401 0.000616
v -0.002056 0.003299 0.001029
v -0.002056 0.003148 0.001427
v -0.002056 0.002949 0.001803
v -0.002056 0.002705 0.002151
v -0.002056 0.002420 0.002467
v -0.002056 0.002098 0.002746
v -0.002056 0.001745 0.002983
v -0.002056 0.001365 0.003175
v -0.002056 0.000965 0.003319
v -0.002056 0.000549 0.003412
v -0.002056 0.000126 0.003454
v -0.002056 -0.000299 0.003443
v -0.002056 -0.000720 0.003380
v -0.002056 -0.001130 0.003266
v -0.002056 -0.001523 0.003102
v -0.002056 -0.001893 0.002892
v -0.002056 -0.002234 0.002637
v -0.002056 -0.002541 0.002343
v -0.002056 -0.002809 0.002013
v -0.002056 -0.003036 0.001652
v -0.002056 -0.003216 0.001267
v -0.002056 -0.003347 0.000862
v -0.002056 -0.003427 0.000444
v -0.002056 -0.003456 0.000020
v -0.002056 -0.003432 -0.000405
v -0.002056 -0.003356 -0.000824
v -0.002056 -0.003230 -0.001230
v -0.002056 -0.003054 -0.001618
v -0.002056 -0.002832 -0.001981
v -0.002056 -0.002567 -0.002314
v -0.002056 -0.002263 -0.002612
v -0.002056 -0.001925 -0.002870
v -0.002056 -0.001558 -0.003085
v -0.002056 -0.001167 -0.003253
v -0.002056 -0.000758 -0.003372
v -0.002056 -0.000338 -0.003439
v -0.002056 0.000087 -0.003455
v -0.002056 0.000511 -0.003418
v -0.002089 0.000914 -0.003283
v -0.002089 0.001310 -0.003145
v -0.002089 0.001687 -0.002960
v -0.002089 0.002038 -0.002731
v -0.002089 0.002358 -0.002460
v -0.002089 0.002643 -0.002151
v -0.002089 0.002887 -0.001810
v -0.002089 0.003087 -0.001442
v -0.002089 0.003241 -0.001051
v -0.002089 0.003346 -0.000645
v -0.002089 0.003400 -0.000229
v -0.002089 0.003402 0.000191
v -0.002089 0.003353 0.000607
v -0.002089 0.003253 0.001015
v -0.002089 0.003104 0.001407
v -0.002089 0.002907 0.001777
v -0.002089 0.002667 0.002121
v -0.002089 0.002386 0.002433
v -0.002089 0.002069 0.002707
v -0.002089 0.001720 0.002941
v -0.002089 0.001346 0.003130
v -0.002089 0.000951 0.003272
v -0.002089 0.000542 0.003364
v -0.002089 0.000124 0.003405
v -0.002089 -0.000295 0.003395
v -0.002089 -0.000710 0.003333
v -0.002089 -0.001114 0.003220
v -0.002089 -0.001502 0.003059
v -0.002089 -0.001866 0.002851
v -0.002089 -0.002202 0.002600
v -0.002089 -0.002505 0.002310
v -0.002089 -0.002770 0.001984
v -0.002089 -0.002993 0.001629
v -0.002089 -0.003170 0.001249
v -0.002089 -0.003300 0.000850
v -0.002089 -0.003379 0.000438
v -0.002089 -0.003407 0.000019
v -0.002089 -0.003384 -0.000400
v -0.002089 -0.003309 -0.000812
v -0.002089 -0.003184 -0.001213
v -0.002089 -0.003011 -0.001595
v -0.002089 -0.002792 -0.001953
v -0.002089 -0.002531 -0.002281
v -0.002089 -0.002232 -0.002575
v -0.002089 -0.001898 -0.002830
v -0.002089 -0.001536 -0.003042
v -0.002089 -0.001151 -0.003207
v -0.002089 -0.000748 -0.003324
v -0.002089 -0.000334 -0.003391
v -0.002089 0.000086 -0.003406
v -0.002089 0.000504 -0.003370
v -0.002100 0.000899 -0.003227
v -0.002100 0.001288 -0.003092
v -0.002100 0.001659 -0.002911
v -0.002100 0.002004 -0.002685
v -0.002100 0.002318 -0.002418
v -0.002100 0.002598 -0.002115
v -0.002100 0.002838 -0.001780
v -0.002100 0.003035 -0.001417
v -0.002100 0.003187 -0.001034
v -0.002100 0.003289 -0.000634
v -0.002100 0.003342 -0.000225
v -0.002100 0.003345 0.000187
v -0.002100 0.003296 0.000597
v -0.002100 0.003198 0.000997
v -0.002100 0.003051 0.001383
v -0.002100 0.002858 0.001747
v -0.002100 0.002622 0.002085
v -0.002100 0.002346 0.002392
v -0.002100 0.002034 0.002662
v -0.002100 0.001691 0.002892
v -0.002100 0.001323 0.003078
v -0.002100 0.000935 0.003217
v -0.002100 0.000533 0.003307
v -0.002100 0.000122 0.003348
v -0.002100 -0.000290 0.003337
v -0.002100 -0.000698 0.003276
v -0.002100 -0.001095 0.003166
v -0.002100 -0.001476 0.003007
v -0.002100 -0.001835 0.002803
v -0.002100 -0.002165 0.002556
v -0.002100 -0.002463 0.002271
v -0.002100 -0.002723 0.001951
v -0.002100 -0.002942 0.001602
v -0.002100 -0.003117 0.001228
v -0.002100 -0.003244 0.000835
v -0.002100 -0.003322 0.000430
v -0.002100 -0.003350 0.000019
v -0.002100 -0.003327 -0.000393
v -0.002100 -0.003253 -0.000799
v -0.002100 -0.003131 -0.001192
v -0.002100 -0.002960 -0.001568
v -0.002100 -0.002745 -0.001920
v -0.002100 -0.002488 -0.002243
v -0.002100 -0.002194 -0.002532
v -0.002100 -0.001866 -0.002782
v -0.002100 -0.001510 -0.002990
v -0.002100 -0.001131 -0.003153
v -0.002100 -0.000735 -0.003268
v -0.002100 -0.000328 -0.003334
v -0.002100 0.000084 -0.003349
v -0.002100 0.000495 -0.003313
v -0.002100 0.000112 0.003063
v -0.002100 0.000673 0.002990
v -0.002100 0.001211 0.002816
v -0.002100 -0.001002 0.002896
v -0.002100 -0.000453 0.003031
v -0.002100 0.001517 -0.002663
v -0.002100 0.001981 -0.002339
v -0.002100 -0.001517 0.002663
v -0.002100 -0.002377 0.001935
v -0.002100 -0.001981 0.002339
v -0.002100 -0.000112 -0.003063
v -0.002100 -0.000673 -0.002990
v -0.002100 -0.001211 -0.002816
v -0.002100 -0.001707 -0.002545
v -0.002100 -0.002146 -0.002188
v -0.002100 0.001002 -0.002896
v -0.002100 0.000453 -0.003031
v -0.002100 0.002915 -0.000946
v -0.002100 0.002692 -0.001465
v -0.002100 0.002377 -0.001935
v -0.002100 0.003060 0.000171
v -0.002100 0.003040 -0.000394
v -0.002100 0.002792 0.001265
v -0.002100 0.002977 0.000731
v -0.002100 0.002146 0.002188
v -0.002100 0.002512 0.001757
v -0.002100 0.001707 0.002545
v -0.002100 -0.002915 0.000946
v -0.002100 -0.002692 0.001465
v -0.002100 -0.002512 -0.001757
v -0.002100 -0.002792 -0.001265
v -0.002100 -0.003060 -0.000171
v -0.002100 -0.003040 0.000394
v -0.002100 -0.002977 -0.000731
v -0.002000 -0.000453 0.003031
v -0.002000 0.000112 0.003063
v -0.002000 0.000673 0.002990
v -0.002000 0.001211 0.002816
v -0.002000 0.001707 0.002545
v -0.002000 0.002146 0.002188
v -0.002000 0.002512 0.001757
v -0.002000 0.002792 0.001265
v -0.002000 0.002977 0.000731
v -0.002000 0.003060 0.000171
v -0.002000 0.003040 -0.000394
v -0.002000 0.002915 -0.000946
v -0.002000 0.002692 -0.001465
v -0.002000 0.002377 -0.001935
v -0.002000 0.001981 -0.002339
v -0.002000 0.001517 -0.002663
v -0.002000 0.001002 -0.002896
v -0.002000 0.000453 -0.003031
v -0.002000 -0.000112 -0.003063
v -0.002000 -0.000673 -0.002990
v -0.002000 -0.001211 -0.002816
v -0.002000 -0.001707 -0.002545
v -0.002000 -0.002146 -0.002188
v -0.002000 -0.002512 -0.001757
v -0.002000 -0.002792 -0.001265
v -0.002000 -0.002977 -0.000731
v -0.002000 -0.003060 -0.000171
v -0.002000 -0.003040 0.000394
v -0.002000 -0.002915 0.000946
v -0.002000 -0.002692 0.001465
v -0.002000 -0.002377 0.001935
v -0.002000 -0.001981 0.002339
v -0.002000 -0.001517 0.002663
v -0.002000 -0.001002 0.002896
v -0.002000 -0.000607 -0.001958
v -0.002000 -0.001027 -0.001774
v -0.002000 -0.001396 -0.001501
v -0.002000 -0.001695 -0.001153
v -0.002000 -0.001909 -0.000747
v -0.002000 0.000607 0.001958
v -0.002000 0.001027 0.001774
v -0.002000 0.001396 0.001501
v -0.002000 0.001695 0.001153
v -0.002000 0.001909 0.000747
v -0.002000 -0.001501 0.001396
v -0.002000 -0.001153 0.001695
v -0.002000 -0.000747 0.001909
v -0.002000 -0.000303 0.002027
v -0.002000 0.000156 0.002044
v -0.002000 -0.002027 -0.000303
v -0.002000 -0.002044 0.000156
v -0.002000 -0.001958 0.000607
v -0.002000 -0.001774 0.001027
v -0.002000 0.001501 -0.001396
v -0.002000 0.001153 -0.001695
v -0.002000 0.000747 -0.001909
v -0.002000 0.000303 -0.002027
v -0.002000 -0.000156 -0.002044
v -0.002000 0.002027 0.000303
v -0.002000 0.002044 -0.000156
v -0.002000 0.001958 -0.000607
v -0.002000 0.001774 -0.001027
v -0.002100 -0.000303 0.002027
v -0.002100 0.000156 0.002044
v -0.002100 0.000607 0.001958
v -0.002100 0.001027 0.001774
v -0.002100 0.001396 0.001501
v -0.002100 0.001695 0.001153
v -0.002100 0.001909 0.000747
v -0.002100 0.002027 0.000303
v -0.002100 0.002044 -0.000156
v -0.002100 0.001958 -0.000607
v -0.002100 0.001774 -0.001027
v -0.002100 0.001501 -0.001396
v -0.002100 0.001153 -0.001695
v -0.002100 0.000747 -0.001909
v -0.002100 0.000303 -0.002027
v -0.002100 -0.000156 -0.002044
v -0.002100 -0.000607 -0.001958
v -0.002100 -0.001027 -0.001774
v -0.002100 -0.001396 -0.001501
v -0.002100 -0.001695 -0.001153
v -0.002100 -0.001909 -0.000747
v -0.002100 -0.002027 -0.000303
v -0.002100 -0.002044 0.000156
v -0.002100 -0.001958 0.000607
v -0.002100 -0.001774 0.001027
v -0.002100 -0.001501 0.001396
v -0.002100 -0.001153 0.001695
v -0.002100 -0.000747 0.001909
v -0.002100 -0.000029 0.001650
v -0.002100 -0.000244 0.001632
v -0.002100 0.000399 0.001601
v -0.002100 0.000187 0.001639
v -0.002100 -0.000399 -0.001601
v -0.002100 -0.000981 -0.001326
v -0.002100 -0.000800 -0.001443
v -0.002100 -0.000605 -0.001535
v -0.002100 0.000981 0.001326
v -0.002100 0.000800 0.001443
v -0.002100 0.000605 0.001535
v -0.002100 -0.001601 0.000399
v -0.002100 -0.001291 -0.001027
v -0.002100 -0.001146 -0.001187
v -0.002100 0.000658 -0.001513
v -0.002100 -0.000455 0.001586
v -0.002100 -0.000658 0.001513
v -0.002100 -0.000187 -0.001639
v -0.002100 0.000029 -0.001650
v -0.002100 0.000244 -0.001632
v -0.002100 0.000455 -0.001586
v -0.002100 0.001326 -0.000981
v -0.002100 0.001443 -0.000800
v -0.002100 0.001291 0.001027
v -0.002100 0.001146 0.001187
v -0.002100 -0.000850 0.001414
v -0.002100 -0.001027 0.001291
v -0.002100 -0.001187 0.001146
v -0.002100 -0.001513 -0.000658
v -0.002100 -0.001414 -0.000850
v -0.002100 0.000850 -0.001414
v -0.002100 0.001027 -0.001291
v -0.002100 0.001187 -0.001146
v -0.002100 -0.001326 0.000981
v -0.002100 -0.001443 0.000800
v -0.002100 -0.001535 0.000605
v -0.002100 -0.001639 0.000187
v -0.002100 -0.001650 -0.000029
v -0.002100 -0.001632 -0.000244
v -0.002100 -0.001586 -0.000455
v -0.002100 0.001650 0.000029
v -0.002100 0.001632 0.000244
v -0.002100 0.001586 0.000455
v -0.002100 0.001513 0.000658
v -0.002100 0.001414 0.000850
v -0.002100 0.001535 -0.000605
v -0.002100 0.001601 -0.000399
v -0.002100 0.001639 -0.000187
v -0.002080 0.000434 -0.001514
v -0.002080 0.000628 -0.001444
v -0.002080 0.000811 -0.001350
v -0.002080 0.000980 -0.001233
v -0.002080 0.001133 -0.001094
v -0.002080 0.001266 -0.000937
v -0.002080 0.001378 -0.000764
v -0.002080 0.001465 -0.000577
v -0.002080 0.001528 -0.000381
v -0.002080 0.001565 -0.000178
v -0.002080 0.001575 0.000027
v -0.002080 0.001558 0.000233
v -0.002080 0.001514 0.000434
v -0.002080 0.001444 0.000628
v -0.002080 0.001350 0.000811
v -0.002080 0.001233 0.000980
v -0.002080 0.001094 0.001133
v -0.002080 0.000937 0.001266
v -0.002080 0.000764 0.001378
v -0.002080 0.000577 0.001465
v -0.002080 0.000381 0.001528
v -0.002080 0.000178 0.001565
v -0.002080 -0.000027 0.001575
v -0.002080 -0.000233 0.001558
v -0.002080 -0.000434 0.001514
v -0.002080 -0.000628 0.001444
v -0.002080 -0.000811 0.001350
v -0.002080 -0.000980 0.001233
v -0.002080 -0.001133 0.001094
v -0.002080 -0.001266 0.000937
v -0.002080 -0.001378 0.000764
v -0.002080 -0.001465 0.000577
v -0.002080 -0.001528 0.000381
v -0.002080 -0.001565 0.000178
v -0.002080 -0.001575 -0.000027
v -0.002080 -0.001558 -0.000233
v -0.002080 -0.001514 -0.000434
v -0.002080 -0.001444 -0.000628
v -0.002080 -0.001350 -0.000811
v -0.002080 -0.001233 -0.000980
v -0.002080 -0.001094 -0.001133
v -0.002080 -0.000937 -0.001266
v -0.002080 -0.000764 -0.001378
v -0.002080 -0.000577 -0.001465
v -0.002080 -0.000381 -0.001528
v -0.002080 -0.000178 -0.001565
v -0.002080 0.000027 -0.001575
v -0.002080 0.000233 -0.001558
v -0.002025 0.000419 -0.001461
v -0.002025 0.000606 -0.001394
v -0.002025 0.000783 -0.001303
v -0.002025 0.000946 -0.001190
v -0.002025 0.001093 -0.001056
v -0.002025 0.001222 -0.000904
v -0.002025 0.001329 -0.000737
v -0.002025 0.001414 -0.000557
v -0.002025 0.001475 -0.000368
v -0.002025 0.001510 -0.000172
v -0.002025 0.001520 0.000027
v -0.002025 0.001503 0.000225
v -0.002025 0.001461 0.000419
v -0.002025 0.001394 0.000606
v -0.002025 0.001303 0.000783
v -0.002025 0.001190 0.000946
v -0.002025 0.001056 0.001093
v -0.002025 0.000904 0.001222
v -0.002025 0.000737 0.001329
v -0.002025 0.000557 0.001414
v -0.002025 0.000368 0.001475
v -0.002025 0.000172 0.001510
v -0.002025 -0.000027 0.001520
v -0.002025 -0.000225 0.001503
v -0.002025 -0.000419 0.001461
v -0.002025 -0.000606 0.001394
v -0.002025 -0.000783 0.001303
v -0.002025 -0.000946 0.001190
v -0.002025 -0.001093 0.001056
v -0.002025 -0.001222 0.000904
v -0.002025 -0.001329 0.000737
v -0.002025 -0.001414 0.000557
v -0.002025 -0.001475 0.000368
v -0.002025 -0.001510 0.000172
v -0.002025 -0.001520 -0.000027
v -0.002025 -0.001503 -0.000225
v -0.002025 -0.001461 -0.000419
v -0.002025 -0.001394 -0.000606
v -0.002025 -0.001303 -0.000783
v -0.002025 -0.001190 -0.000946
v -0.002025 -0.001056 -0.001093
v -0.002025 -0.000904 -0.001222
v -0.002025 -0.000737 -0.001329
v -0.002025 -0.000557 -0.001414
v -0.002025 -0.000368 -0.001475
v -0.002025 -0.000172 -0.001510
v -0.002025 0.000027 -0.001520
v -0.002025 0.000225 -0.001503
v -0.001950 0.000413 -0.001442
v -0.001950 0.000598 -0.001376
v -0.001950 0.000773 -0.001286
v -0.001950 0.000934 -0.001174
v -0.001950 0.001079 -0.001042
v -0.001950 0.001206 -0.000892
v -0.001950 0.001312 -0.000727
v -0.001950 0.001396 -0.000550
v -0.001950 0.001455 -0.000363
v -0.001950 0.001490 -0.000170
v -0.001950 0.001500 0.000026
v -0.001950 0.001484 0.000222
v -0.001950 0.001442 0.000413
v -0.001950 0.001376 0.000598
v -0.001950 0.001286 0.000773
v -0.001950 0.001174 0.000934
v -0.001950 0.001042 0.001079
v -0.001950 0.000892 0.001206
v -0.001950 0.000727 0.001312
v -0.001950 0.000550 0.001396
v -0.001950 0.000363 0.001455
v -0.001950 0.000170 0.001490
v -0.001950 -0.000026 0.001500
v -0.001950 -0.000222 0.001484
v -0.001950 -0.000413 0.001442
v -0.001950 -0.000598 0.001376
v -0.001950 -0.000773 0.001286
v -0.001950 -0.000934 0.001174
v -0.001950 -0.001079 0.001042
v -0.001950 -0.001206 0.000892
v -0.001950 -0.001312 0.000727
v -0.001950 -0.001396 0.000550
v -0.001950 -0.001455 0.000363
v -0.001950 -0.001490 0.000170
v -0.001950 -0.001500 -0.000026
v -0.001950 -0.001484 -0.000222
v -0.001950 -0.001442 -0.000413
v -0.001950 -0.001376 -0.000598
v -0.001950 -0.001286 -0.000773
v -0.001950 -0.001174 -0.000934
v -0.001950 -0.001042 -0.001079
v -0.001950 -0.000892 -0.001206
v -0.001950 -0.000727 -0.001312
v -0.001950 -0.000550 -0.001396
v -0.001950 -0.000363 -0.001455
v -0.001950 -0.000170 -0.001490
v -0.001950 0.000026 -0.001500
v -0.001950 0.000222 -0.001484
v 0.000750 0.001174 0.000934
v 0.000750 0.001022 0.001098
v 0.000750 0.000892 0.001206
v 0.000750 0.000809 0.001263
v 0.000750 0.001496 -0.000114
v 0.000750 0.001492 0.000155
v 0.000750 0.001484 0.000222
v 0.000750 0.001440 0.000419
v 0.000750 0.001376 0.000598
v 0.000750 0.001342 0.000669
v 0.000750 0.001201 0.000898
v 0.000750 0.001225 -0.000865
v 0.000750 0.001360 -0.000632
v 0.000750 0.001396 -0.000550
v 0.000750 0.001451 -0.000379
v 0.000750 0.001490 -0.000170
v 0.000750 -0.000892 -0.001206
v 0.000750 -0.000693 -0.001331
v 0.000750 -0.000550 -0.001396
v 0.000750 -0.000444 -0.001433
v 0.000750 -0.000181 -0.001489
v 0.000750 0.000088 -0.001497
v 0.000750 0.000222 -0.001484
v 0.000750 0.000354 -0.001458
v 0.000750 0.000608 -0.001371
v 0.000750 0.000843 -0.001240
v 0.000750 0.000934 -0.001174
v 0.000750 0.001051 -0.001070
v 0.000750 0.001206 -0.000892
v 0.000750 -0.001397 -0.000546
v 0.000750 -0.001376 -0.000598
v 0.000750 -0.001277 -0.000787
v 0.000750 -0.001174 -0.000934
v 0.000750 -0.001116 -0.001002
v 0.000750 -0.000919 -0.001185
v 0.000750 -0.001411 0.000508
v 0.000750 -0.001479 0.000248
v 0.000750 -0.001490 0.000170
v 0.000750 -0.001500 -0.000021
v 0.000750 -0.001484 -0.000222
v 0.000750 -0.001472 -0.000288
v 0.000750 -0.000951 0.001160
v 0.000750 -0.001143 0.000971
v 0.000750 -0.001206 0.000892
v 0.000750 -0.001298 0.000752
v 0.000750 -0.001396 0.000550
v 0.000750 0.000571 0.001387
v 0.000750 0.000550 0.001396
v 0.000750 0.000314 0.001467
v 0.000750 0.000170 0.001490
v 0.000750 0.000047 0.001499
v 0.000750 -0.000222 0.001484
v 0.000750 -0.000483 0.001420
v 0.000750 -0.000598 0.001376
v 0.000750 -0.000729 0.001311
v 0.000750 -0.000934 0.001174
v 0.000900 -0.000244 0.001632
v 0.000880 0.000049 0.001574
v 0.000900 0.000051 0.001649
v 0.000880 0.000329 0.001540
v 0.000900 0.000345 0.001614
v 0.000880 0.000599 0.001457
v 0.000900 0.000628 0.001526
v 0.000880 0.000850 0.001326
v 0.000900 0.000890 0.001389
v 0.000880 0.001073 0.001153
v 0.000900 0.001124 0.001208
v 0.000880 0.001261 0.000943
v 0.000900 0.001321 0.000988
v 0.000880 0.001410 0.000703
v 0.000900 0.001477 0.000736
v 0.000880 0.001512 0.000440
v 0.000900 0.001584 0.000461
v 0.000880 0.001567 0.000163
v 0.000900 0.001641 0.000170
v 0.000880 0.001570 -0.000120
v 0.000900 0.001645 -0.000125
v 0.000880 0.001524 -0.000398
v 0.000900 0.001596 -0.000417
v 0.000880 0.001428 -0.000664
v 0.000900 0.001496 -0.000695
v 0.000880 0.001287 -0.000908
v 0.000900 0.001348 -0.000951
v 0.000880 0.001104 -0.001123
v 0.000900 0.001156 -0.001177
v 0.000880 0.000886 -0.001302
v 0.000900 0.000928 -0.001364
v 0.000880 0.000639 -0.001440
v 0.000900 0.000669 -0.001508
v 0.000880 0.000371 -0.001531
v 0.000900 0.000389 -0.001603
v 0.000880 0.000092 -0.001572
v 0.000900 0.000097 -0.001647
v 0.000880 -0.000190 -0.001563
v 0.000900 -0.000199 -0.001638
v 0.000880 -0.000466 -0.001504
v 0.000900 -0.000488 -0.001576
v 0.000880 -0.000727 -0.001397
v 0.000900 -0.000762 -0.001464
v 0.000880 -0.000965 -0.001245
v 0.000900 -0.001011 -0.001304
v 0.000880 -0.001172 -0.001052
v 0.000900 -0.001228 -0.001103
v 0.000880 -0.001341 -0.000826
v 0.000900 -0.001405 -0.000866
v 0.000880 -0.001467 -0.000574
v 0.000900 -0.001537 -0.000601
v 0.000880 -0.001546 -0.000302
v 0.000900 -0.001619 -0.000317
v 0.000880 -0.001575 -0.000022
v 0.000900 -0.001650 -0.000023
v 0.000880 -0.001553 0.000260
v 0.000900 -0.001627 0.000272
v 0.000880 -0.001482 0.000533
v 0.000900 -0.001553 0.000559
v 0.000880 -0.001363 0.000789
v 0.000900 -0.001428 0.000827
v 0.000880 -0.001200 0.001020
v 0.000900 -0.001257 0.001068
v 0.000880 -0.000999 0.001218
v 0.000900 -0.001046 0.001276
v 0.000880 -0.000765 0.001377
v 0.000900 -0.000802 0.001442
v 0.000880 -0.000507 0.001491
v 0.000900 -0.000531 0.001562
v 0.000880 -0.000233 0.001558
v 0.000825 0.000047 0.001519
v 0.000825 0.000318 0.001486
v 0.000825 0.000578 0.001406
v 0.000825 0.000820 0.001280
v 0.000825 0.001035 0.001113
v 0.000825 0.001217 0.000910
v 0.000825 0.001360 0.000678
v 0.000825 0.001460 0.000424
v 0.000825 0.001512 0.000157
v 0.000825 0.001516 -0.000116
v 0.000825 0.001471 -0.000384
v 0.000825 0.001378 -0.000641
v 0.000825 0.001242 -0.000877
v 0.000825 0.001065 -0.001084
v 0.000825 0.000855 -0.001257
v 0.000825 0.000617 -0.001389
v 0.000825 0.000359 -0.001477
v 0.000825 0.000089 -0.001517
v 0.000825 -0.000183 -0.001509
v 0.000825 -0.000450 -0.001452
v 0.000825 -0.000702 -0.001348
v 0.000825 -0.000931 -0.001201
v 0.000825 -0.001131 -0.001016
v 0.000825 -0.001294 -0.000797
v 0.000825 -0.001416 -0.000554
v 0.000825 -0.001492 -0.000292
v 0.000825 -0.001520 -0.000021
v 0.000825 -0.001499 0.000251
v 0.000825 -0.001430 0.000515
v 0.000825 -0.001315 0.000762
v 0.000825 -0.001158 0.000984
v 0.000825 -0.000964 0.001175
v 0.000825 -0.000739 0.001329
v 0.000825 -0.000489 0.001439
v 0.000825 -0.000225 0.001503
v -0.008363 0.010086 0.063618
v -0.008361 0.010074 0.062925
v -0.008700 0.010087 0.063619
v -0.008697 0.010074 0.062925
v -0.008705 0.010112 0.065006
v -0.008367 0.010112 0.065006
v -0.008702 0.010100 0.064313
v -0.008365 0.010099 0.064312
v 0.008902 0.010060 0.064295
v 0.008565 0.010061 0.064295
v 0.008906 0.010073 0.064988
v 0.008568 0.010074 0.064989
v 0.008323 0.010478 0.064789
v 0.008458 0.010250 0.064202
v 0.008040 0.010849 0.064606
v 0.008179 0.010663 0.063998
v 0.008078 0.010790 0.063936
v 0.007715 0.011186 0.064441
v 0.007759 0.011132 0.063767
v 0.007647 0.011247 0.064411
v 0.007666 0.011218 0.063725
v 0.007260 0.011549 0.064262
v 0.007396 0.011440 0.063616
v 0.007059 0.011679 0.064198
v 0.006988 0.011711 0.063483
v 0.006834 0.011809 0.064134
v 0.006354 0.012035 0.064023
v 0.003163 0.012676 0.063713
v 0.004093 0.012585 0.063756
v 0.004192 0.012561 0.063068
v 0.004487 0.012518 0.063088
v 0.006496 0.011964 0.063358
v 0.006005 0.012157 0.063264
v 0.005753 0.012249 0.063919
v 0.005480 0.012315 0.063187
v 0.005080 0.012420 0.063836
v 0.004902 0.012446 0.063123
v 0.004492 0.012528 0.063783
v 0.004320 0.012554 0.063771
v 0.001686 0.012731 0.062989
v 0.001954 0.012736 0.063686
v 0.002654 0.012695 0.063005
v 0.003443 0.012643 0.063029
v 0.000104 0.012756 0.062980
v 0.000105 0.012762 0.063327
v 0.000105 0.012768 0.063674
v 0.007260 0.011895 0.063391
v -0.008523 0.010427 0.064150
v -0.008120 0.010502 0.064112
v -0.008226 0.010866 0.063933
v -0.007837 0.010872 0.063929
v -0.008123 0.010995 0.063869
v -0.007899 0.011247 0.063744
v 0.008659 0.010494 0.064081
v 0.008376 0.010896 0.063882
v 0.008051 0.011264 0.063701
v 0.007998 0.011316 0.063676
v 0.007833 0.011469 0.063600
v 0.007623 0.011642 0.063515
v 0.007204 0.011929 0.063374
v 0.006742 0.012179 0.063252
v 0.006658 0.012218 0.063232
v 0.006081 0.012446 0.063121
v -0.007717 0.011005 0.063863
v -0.007511 0.011208 0.063762
v -0.007533 0.011585 0.063576
v -0.007444 0.011268 0.063732
v -0.007487 0.011621 0.063557
v -0.007083 0.011908 0.063415
v -0.007057 0.011568 0.063583
v -0.006642 0.012157 0.063291
v -0.006631 0.011826 0.063454
v -0.006165 0.012367 0.063186
v -0.006151 0.012051 0.063342
v -0.006103 0.012391 0.063174
v -0.005707 0.012213 0.063261
v -0.005536 0.012577 0.063081
v -0.005552 0.012262 0.063237
v -0.004934 0.012723 0.063007
v -0.004881 0.012430 0.063152
v -0.004297 0.012837 0.062950
v -0.004124 0.012561 0.063086
v -0.003839 0.012897 0.062919
v -0.003904 0.012590 0.063071
v -0.002947 0.012977 0.062877
v -0.002978 0.012677 0.063026
v -0.001998 0.013022 0.062853
v -0.002077 0.012721 0.063002
v -0.001777 0.012731 0.062997
v 0.005442 0.012632 0.063030
v 0.005318 0.012662 0.063016
v 0.004726 0.012781 0.062958
v 0.004495 0.012819 0.062940
v 0.003986 0.012887 0.062907
v 0.003617 0.012925 0.062889
v 0.002551 0.012998 0.062855
v 0.000928 0.013045 0.062835
v 0.000105 0.013053 0.062833
v -0.000982 0.013045 0.062840
v -0.001463 0.012751 0.063686
v -0.002445 0.012719 0.063704
v -0.003234 0.012669 0.063730
v -0.003460 0.012649 0.063741
v -0.003985 0.012590 0.063771
v -0.004696 0.012477 0.063828
v -0.005275 0.012348 0.063893
v -0.005800 0.012192 0.063971
v -0.006293 0.012001 0.064067
v -0.006788 0.011749 0.064193
v -0.007122 0.011533 0.064300
v -0.007197 0.011478 0.064327
v -0.007561 0.011172 0.064480
v -0.007721 0.011013 0.064559
v -0.007882 0.010831 0.064649
v -0.007985 0.010702 0.064713
v -0.008265 0.010290 0.064917
v 0.007296 0.011883 0.064097
v 0.007699 0.011594 0.064239
v 0.007746 0.011556 0.064258
v 0.008111 0.011215 0.064425
v 0.008331 0.010967 0.064548
v 0.008437 0.010832 0.064614
v 0.008733 0.010391 0.064832
v 0.006855 0.012134 0.063974
v 0.006379 0.012347 0.063869
v 0.006314 0.012372 0.063857
v 0.005748 0.012561 0.063765
v -0.007058 0.011934 0.064102
v -0.008460 0.010545 0.064792
v -0.008174 0.010946 0.064593
v -0.007415 0.011688 0.064224
v -0.007793 0.011365 0.064385
v -0.007847 0.011312 0.064411
v -0.006994 0.011974 0.064082
v -0.006529 0.012221 0.063959
v -0.006445 0.012260 0.063940
v -0.005865 0.012485 0.063827
v -0.005222 0.012669 0.063735
v -0.004503 0.012814 0.063661
v 0.005145 0.012711 0.063692
v 0.004508 0.012827 0.063636
v 0.002208 0.013025 0.063543
v 0.004050 0.012890 0.063605
v 0.003157 0.012975 0.063566
v 0.002665 0.013005 0.063552
v -0.003382 0.012954 0.063589
v -0.002309 0.013022 0.063553
v -0.000689 0.013062 0.063531
v 0.000106 0.013066 0.063527
v 0.001192 0.013053 0.063531
v -0.003780 0.012915 0.063610
v -0.004265 0.012852 0.063642
v 0.008910 0.010086 0.065682
v 0.008572 0.010087 0.065683
v 0.008914 0.010099 0.066376
v 0.008576 0.010099 0.066376
v 0.000106 0.012787 0.064715
v 0.000106 0.012781 0.064368
v -0.001679 0.012759 0.064383
v 0.000107 0.012794 0.065062
v -0.001645 0.012772 0.065076
v -0.002055 0.012759 0.065083
v -0.002054 0.012747 0.064389
v -0.002880 0.012718 0.065105
v -0.002905 0.012705 0.064412
v -0.003823 0.012632 0.065150
v -0.003844 0.012619 0.064457
v -0.004068 0.012600 0.065166
v -0.004082 0.012588 0.064472
v -0.004838 0.012470 0.065232
v -0.004848 0.012457 0.064538
v -0.005519 0.012301 0.065317
v -0.005526 0.012289 0.064623
v -0.005694 0.012247 0.065344
v -0.005691 0.012238 0.064648
v -0.006127 0.012091 0.065422
v -0.006132 0.012079 0.064728
v -0.006608 0.011869 0.065533
v -0.006613 0.011856 0.064839
v -0.007042 0.011599 0.064968
v -0.007039 0.011611 0.065661
v -0.007433 0.011300 0.065116
v -0.007431 0.011312 0.065810
v -0.007509 0.011232 0.065150
v -0.007507 0.011245 0.065844
v -0.007712 0.011034 0.065249
v -0.007716 0.011042 0.065945
v -0.007836 0.010910 0.066010
v -0.007836 0.010897 0.065316
v -0.008123 0.010540 0.066194
v -0.008122 0.010528 0.065500
v -0.008370 0.010124 0.065700
v -0.008372 0.010137 0.066393
v 0.001682 0.012769 0.065070
v 0.008522 0.010196 0.066328
v 0.008512 0.010194 0.065629
v 0.008248 0.010617 0.066121
v 0.008239 0.010614 0.065422
v 0.007936 0.010994 0.065935
v 0.007926 0.010990 0.065237
v 0.007672 0.011250 0.065809
v 0.007667 0.011242 0.065113
v 0.007608 0.011306 0.065782
v 0.007600 0.011300 0.065084
v 0.007227 0.011594 0.065640
v 0.007219 0.011588 0.064943
v 0.006806 0.011845 0.065517
v 0.006799 0.011838 0.064820
v 0.006547 0.011972 0.065454
v 0.006541 0.011965 0.064758
v 0.006047 0.012173 0.065356
v 0.006041 0.012165 0.064660
v 0.005514 0.012337 0.065276
v 0.005569 0.012312 0.064588
v 0.005508 0.012328 0.064580
v 0.004949 0.012468 0.065212
v 0.004943 0.012459 0.064517
v 0.004233 0.012589 0.065154
v 0.004231 0.012578 0.064460
v 0.003416 0.012668 0.064417
v 0.001696 0.012756 0.064377
v 0.002555 0.012724 0.064391
v 0.002556 0.012736 0.065085
v 0.003417 0.012679 0.065111
v -0.008539 0.010432 0.065548
v -0.008707 0.010125 0.065700
v -0.008241 0.010873 0.065329
v -0.008130 0.011012 0.065260
v -0.007913 0.011255 0.065139
v -0.007546 0.011595 0.064971
v 0.008665 0.010520 0.065468
v 0.008379 0.010921 0.065270
v 0.008053 0.011288 0.065089
v 0.007998 0.011343 0.065062
v 0.007620 0.011668 0.064902
v 0.005422 0.012658 0.064418
v 0.004701 0.012807 0.064345
v 0.004456 0.012846 0.064326
v -0.005540 0.012595 0.064472
v -0.006108 0.012409 0.064565
v -0.006175 0.012383 0.064578
v -0.006652 0.012171 0.064684
v -0.007094 0.011922 0.064808
v -0.007499 0.011634 0.064951
v 0.007270 0.011910 0.064783
v 0.007198 0.011955 0.064761
v 0.006733 0.012204 0.064639
v 0.006649 0.012243 0.064620
v 0.006067 0.012471 0.064508
v 0.003568 0.012953 0.064276
v 0.002668 0.013016 0.064246
v 0.002488 0.013025 0.064242
v -0.004937 0.012743 0.064397
v -0.004299 0.012857 0.064339
v -0.003839 0.012919 0.064308
v -0.002945 0.013000 0.064266
v -0.001995 0.013046 0.064241
v 0.000873 0.013071 0.064223
v 0.000106 0.013078 0.064221
v -0.000979 0.013071 0.064227
v -0.008710 0.010138 0.066394
v -0.008547 0.010434 0.066247
v 0.008668 0.010532 0.066162
v 0.008381 0.010933 0.065964
v 0.008054 0.011300 0.065783
v 0.007997 0.011356 0.065756
v 0.007618 0.011681 0.065596
v -0.008248 0.010876 0.066028
v -0.008134 0.011020 0.065956
v -0.007920 0.011260 0.065837
v -0.007553 0.011600 0.065668
v -0.007504 0.011640 0.065648
v -0.007099 0.011929 0.065505
v -0.006657 0.012179 0.065380
v 0.006644 0.012256 0.065314
v 0.006729 0.012217 0.065333
v 0.007195 0.011968 0.065455
v 0.007275 0.011918 0.065479
v -0.006180 0.012391 0.065274
v -0.006110 0.012418 0.065261
v -0.005542 0.012605 0.065167
v 0.000845 0.013085 0.064916
v 0.002457 0.013039 0.064935
v 0.002671 0.013028 0.064940
v 0.003544 0.012966 0.064969
v 0.004437 0.012860 0.065020
v 0.004689 0.012820 0.065039
v 0.005413 0.012670 0.065111
v 0.006060 0.012484 0.065202
v -0.004938 0.012753 0.065092
v -0.004299 0.012868 0.065034
v -0.003840 0.012929 0.065003
v -0.002945 0.013011 0.064960
v -0.001994 0.013059 0.064935
v -0.000978 0.013083 0.064921
v 0.000107 0.013091 0.064914
v 0.000108 0.012813 0.066102
v 0.000107 0.012806 0.065755
v -0.001483 0.012789 0.065767
v 0.000108 0.012819 0.066449
v -0.001544 0.012800 0.066462
v -0.002047 0.012784 0.066471
v -0.002242 0.012764 0.065781
v -0.002803 0.012746 0.066491
v -0.003128 0.012711 0.065809
v -0.003761 0.012661 0.066535
v -0.003427 0.012686 0.065823
v -0.004105 0.012617 0.066558
v -0.003966 0.012625 0.065854
v -0.004874 0.012483 0.066626
v -0.004580 0.012530 0.065902
v -0.005142 0.012412 0.065962
v -0.005555 0.012310 0.066713
v -0.005674 0.012264 0.066036
v -0.005689 0.012269 0.066733
v -0.006107 0.012119 0.066809
v -0.006174 0.012081 0.066127
v -0.006589 0.011899 0.066918
v -0.006641 0.011861 0.066237
v -0.006805 0.011769 0.066283
v -0.007024 0.011642 0.067046
v -0.007212 0.011499 0.066418
v -0.007419 0.011345 0.067194
v -0.007577 0.011191 0.066570
v -0.007504 0.011270 0.067231
v -0.007713 0.011057 0.066637
v -0.007716 0.011065 0.067333
v -0.007836 0.010935 0.067398
v -0.007915 0.010829 0.066750
v -0.008125 0.010566 0.067581
v -0.008208 0.010428 0.066949
v -0.008374 0.010150 0.067087
v -0.008376 0.010163 0.067781
v 0.001683 0.012795 0.066458
v 0.008583 0.010125 0.067764
v 0.008579 0.010112 0.067070
v 0.008419 0.010401 0.067627
v 0.008331 0.010516 0.066871
v 0.008127 0.010803 0.067429
v 0.008163 0.010743 0.066759
v 0.007789 0.011168 0.067250
v 0.008044 0.010887 0.066688
v 0.007715 0.011223 0.066522
v 0.007673 0.011273 0.067198
v 0.007630 0.011298 0.066485
v 0.007423 0.011477 0.067097
v 0.007238 0.011598 0.066338
v 0.007016 0.011749 0.066963
v 0.007051 0.011718 0.066279
v 0.006857 0.011839 0.066919
v 0.006805 0.011856 0.066211
v 0.006390 0.012062 0.066810
v 0.006325 0.012079 0.066102
v 0.005889 0.012247 0.066720
v 0.005775 0.012273 0.066007
v 0.005357 0.012398 0.066646
v 0.003044 0.012720 0.065792
v 0.003344 0.012708 0.066497
v 0.003997 0.012630 0.065834
v 0.004183 0.012617 0.066540
v 0.004795 0.012519 0.066587
v 0.005098 0.012448 0.065922
v 0.004473 0.012575 0.066561
v 0.004469 0.012564 0.065866
v 0.004332 0.012585 0.065856
v 0.001793 0.012779 0.065765
v 0.002457 0.012765 0.066471
v 0.008918 0.010111 0.067070
v 0.008921 0.010124 0.067763
v 0.006875 0.012156 0.066063
v 0.007316 0.011903 0.066187
v -0.008712 0.010151 0.067088
v -0.008464 0.010583 0.066873
v -0.008175 0.010983 0.066675
v -0.007845 0.011348 0.066493
v -0.007787 0.011405 0.066465
v -0.007405 0.011728 0.066305
v -0.007069 0.011958 0.066190
v -0.006980 0.012012 0.066163
v -0.006511 0.012259 0.066040
v 0.008464 0.010842 0.066709
v 0.008761 0.010397 0.066929
v 0.007721 0.011612 0.066330
v 0.007771 0.011571 0.066350
v 0.008137 0.011228 0.066519
v 0.008346 0.010992 0.066635
v 0.004055 0.012923 0.065689
v 0.004515 0.012859 0.065720
v 0.003160 0.013009 0.065648
v 0.002674 0.013040 0.065634
v 0.006398 0.012371 0.065957
v 0.006326 0.012399 0.065944
v 0.005758 0.012589 0.065851
v 0.005154 0.012740 0.065777
v 0.002208 0.013062 0.065625
v 0.001192 0.013091 0.065612
v -0.003304 0.012995 0.065669
v -0.002209 0.013063 0.065633
v -0.003788 0.012946 0.065694
v -0.004202 0.012893 0.065722
v -0.004461 0.012853 0.065742
v -0.005189 0.012707 0.065816
v -0.005840 0.012523 0.065908
v -0.006427 0.012298 0.066021
v -0.000603 0.013101 0.065611
v 0.000108 0.013104 0.065608
v -0.008715 0.010163 0.067781
v -0.008563 0.010438 0.067645
v -0.008263 0.010883 0.067424
v -0.008141 0.011037 0.067348
v -0.007935 0.011268 0.067233
v -0.007567 0.011610 0.067063
v -0.007516 0.011652 0.067042
v -0.007110 0.011942 0.066898
v -0.006668 0.012193 0.066773
v 0.008674 0.010557 0.067550
v 0.008385 0.010958 0.067352
v 0.008056 0.011325 0.067171
v 0.007996 0.011383 0.067143
v 0.007614 0.011707 0.066983
v 0.007286 0.011934 0.066872
v 0.007188 0.011994 0.066842
v 0.006720 0.012242 0.066720
v 0.006635 0.012281 0.066701
v 0.006046 0.012510 0.066590
v 0.005393 0.012696 0.066499
v 0.004663 0.012845 0.066426
v -0.006190 0.012407 0.066666
v -0.006115 0.012436 0.066652
v -0.005546 0.012624 0.066558
v -0.004941 0.012773 0.066483
v -0.004301 0.012889 0.066424
v -0.003841 0.012951 0.066392
v -0.002944 0.013035 0.066349
v -0.001991 0.013084 0.066323
v -0.000975 0.013109 0.066308
v 0.004397 0.012887 0.066406
v 0.003494 0.012994 0.066356
v 0.002677 0.013052 0.066328
v 0.002392 0.013066 0.066322
v 0.000791 0.013111 0.066303
v 0.000109 0.013117 0.066302
v -0.008720 0.010189 0.069169
v -0.008380 0.010188 0.069168
v -0.008717 0.010176 0.068475
v -0.008378 0.010175 0.068475
v 0.008590 0.010150 0.069151
v 0.008586 0.010137 0.068457
v 0.008338 0.010554 0.068952
v 0.008336 0.010541 0.068258
v 0.008048 0.010925 0.068769
v 0.008047 0.010912 0.068075
v 0.007715 0.011248 0.067910
v 0.007226 0.011629 0.067723
v 0.007224 0.011641 0.068417
v 0.007622 0.011330 0.067870
v 0.007622 0.011343 0.068563
v 0.007715 0.011261 0.068604
v 0.005754 0.012300 0.067394
v 0.005561 0.012366 0.068062
v 0.005748 0.012312 0.068088
v 0.006308 0.012106 0.067488
v 0.006304 0.012118 0.068182
v 0.006346 0.012091 0.067496
v 0.006351 0.012099 0.068192
v 0.006789 0.011886 0.067596
v 0.006786 0.011898 0.068290
v 0.007054 0.011749 0.068364
v 0.005060 0.012488 0.068003
v 0.005069 0.012475 0.067309
v 0.004465 0.012598 0.067949
v 0.004461 0.012587 0.067254
v 0.004283 0.012625 0.067936
v 0.004295 0.012613 0.067242
v 0.003918 0.012673 0.067913
v 0.003938 0.012660 0.067220
v 0.002945 0.012762 0.067871
v 0.001560 0.012811 0.067150
v 0.000109 0.012832 0.067143
v 0.000109 0.012838 0.067490
v 0.002971 0.012748 0.067178
v 0.001535 0.012824 0.067844
v 0.000110 0.012845 0.067836
v 0.008925 0.010137 0.068457
v 0.008929 0.010149 0.069151
v -0.007844 0.011372 0.067882
v -0.007616 0.011177 0.067977
v -0.007783 0.011431 0.067852
v -0.007253 0.011489 0.067822
v 0.008482 0.010849 0.068106
v 0.008780 0.010401 0.068327
v -0.008176 0.011007 0.068063
v -0.007936 0.010829 0.068150
v -0.007717 0.011076 0.068028
v -0.008467 0.010608 0.068261
v -0.008307 0.010298 0.068414
v -0.008188 0.010487 0.068320
v -0.008026 0.010715 0.068207
v -0.005166 0.012733 0.067203
v -0.005108 0.012440 0.067347
v -0.004432 0.012878 0.067129
v -0.004426 0.012578 0.067278
v -0.004160 0.012920 0.067108
v -0.005822 0.012549 0.067295
v -0.006414 0.012323 0.067408
v -0.006356 0.012022 0.067557
v -0.006499 0.012285 0.067427
v -0.006457 0.011975 0.067581
v -0.006970 0.012038 0.067550
v -0.006845 0.011766 0.067685
v -0.007076 0.011974 0.067582
v -0.007398 0.011754 0.067692
v 0.001192 0.013117 0.067000
v 0.004059 0.012944 0.067079
v -0.005868 0.012218 0.067459
v -0.005686 0.012280 0.067428
v -0.005346 0.012380 0.067378
v 0.004520 0.012880 0.067110
v -0.003793 0.012968 0.067084
v -0.003703 0.012679 0.067226
v -0.003250 0.013022 0.067056
v -0.002941 0.012748 0.067190
v -0.002141 0.013090 0.067020
v 0.008356 0.011009 0.068027
v 0.008154 0.011237 0.067915
v 0.007788 0.011581 0.067745
v 0.007735 0.011625 0.067724
v 0.007330 0.011916 0.067580
v 0.006888 0.012170 0.067456
v 0.006411 0.012386 0.067350
v 0.006333 0.012417 0.067335
v 0.005764 0.012608 0.067242
v 0.005159 0.012760 0.067167
v 0.003161 0.013033 0.067037
v 0.002681 0.013064 0.067023
v 0.002208 0.013087 0.067012
v -0.002141 0.012792 0.067167
v -0.001476 0.012814 0.067155
v -0.000546 0.013127 0.066998
v 0.000109 0.013129 0.066996
v -0.005876 0.012225 0.068155
v -0.006364 0.012028 0.068254
v -0.006461 0.011983 0.068277
v -0.001459 0.012827 0.067848
v -0.002140 0.012805 0.067861
v -0.002940 0.012760 0.067885
v -0.003702 0.012690 0.067921
v -0.004425 0.012588 0.067973
v -0.005107 0.012450 0.068042
v -0.005354 0.012387 0.068074
v -0.005689 0.012288 0.068124
v -0.006856 0.011770 0.068383
v -0.007263 0.011492 0.068521
v -0.007626 0.011179 0.068676
v -0.007946 0.010830 0.068850
v -0.008036 0.010715 0.068907
v -0.008317 0.010297 0.069114
v 0.008790 0.010403 0.069026
v -0.008176 0.011020 0.068757
v -0.007844 0.011384 0.068576
v -0.007780 0.011445 0.068545
v -0.007395 0.011767 0.068385
v 0.007796 0.011586 0.068443
v 0.007868 0.011525 0.068473
v -0.008468 0.010621 0.068955
v 0.008491 0.010852 0.068804
v 0.008163 0.011241 0.068613
v -0.005154 0.012746 0.067897
v -0.005813 0.012562 0.067989
v -0.006408 0.012336 0.068102
v -0.006493 0.012297 0.068121
v -0.006965 0.012051 0.068244
v -0.007080 0.011982 0.068278
v 0.007742 0.011631 0.068421
v 0.007337 0.011923 0.068277
v 0.006895 0.012178 0.068152
v 0.006671 0.012286 0.068099
v 0.006417 0.012394 0.068046
v 0.006337 0.012426 0.068030
v 0.005768 0.012617 0.067937
v 0.005162 0.012770 0.067863
v 0.004522 0.012890 0.067805
v 0.004061 0.012955 0.067773
v 0.003162 0.013044 0.067731
v 0.002208 0.013099 0.067706
v -0.002107 0.013104 0.067713
v -0.004418 0.012891 0.067823
v -0.004138 0.012934 0.067801
v -0.003223 0.013036 0.067749
v -0.002464 0.013087 0.067722
v -0.000518 0.013140 0.067692
v 0.000110 0.013142 0.067689
v 0.001192 0.013129 0.067693
v 0.008049 0.010937 0.069463
v 0.008340 0.010567 0.069646
v 0.008500 0.010856 0.069502
v 0.008799 0.010405 0.069725
v 0.008593 0.010163 0.069845
v 0.008933 0.010162 0.069845
v 0.008366 0.011026 0.069419
v 0.008172 0.011245 0.069311
v 0.007715 0.011273 0.069297
v 0.007873 0.011533 0.069169
v 0.007614 0.011361 0.069254
v -0.008722 0.010201 0.069862
v -0.008382 0.010201 0.069862
v -0.008469 0.010633 0.069648
v -0.008133 0.010596 0.069666
v -0.008176 0.011032 0.069450
v -0.008064 0.010691 0.069619
v -0.007843 0.011396 0.069270
v -0.007755 0.011060 0.069436
v -0.007778 0.011458 0.069239
v -0.007406 0.011388 0.069273
v -0.007391 0.011780 0.069079
v -0.007135 0.011597 0.069169
v -0.007084 0.011990 0.068975
v -0.007012 0.011681 0.069127
v -0.006961 0.011715 0.069110
v 0.007805 0.011591 0.069140
v 0.007749 0.011637 0.069118
v 0.007212 0.011660 0.069107
v 0.007344 0.011930 0.068974
v 0.006770 0.011917 0.068981
v 0.006902 0.012185 0.068848
v 0.006342 0.012113 0.068885
v 0.006424 0.012402 0.068742
v -0.003196 0.013050 0.068442
v -0.004116 0.012948 0.068494
v -0.004281 0.012622 0.068656
v -0.004403 0.012904 0.068516
v -0.004954 0.012496 0.068720
v -0.005142 0.012758 0.068590
v -0.005550 0.012342 0.068797
v -0.005804 0.012574 0.068683
v -0.006055 0.012169 0.068884
v -0.006401 0.012349 0.068796
v -0.006525 0.011961 0.068988
v -0.006487 0.012310 0.068815
v -0.006960 0.012064 0.068937
v 0.004063 0.012966 0.068468
v 0.003163 0.013056 0.068425
v 0.002681 0.012790 0.068558
v 0.002208 0.013111 0.068400
v 0.001207 0.012845 0.068534
v 0.001192 0.013142 0.068387
v 0.000110 0.012857 0.068530
v 0.003706 0.012708 0.068596
v 0.004128 0.012658 0.068620
v 0.004524 0.012900 0.068499
v 0.004453 0.012610 0.068643
v 0.005165 0.012780 0.068558
v 0.004932 0.012525 0.068685
v 0.005771 0.012627 0.068632
v 0.005643 0.012353 0.068768
v 0.006341 0.012435 0.068726
v 0.006214 0.012164 0.068860
v 0.006278 0.012139 0.068872
v -0.003571 0.012716 0.068608
v -0.002824 0.012780 0.068575
v -0.002466 0.013099 0.068416
v -0.002073 0.013117 0.068406
v -0.002040 0.012821 0.068553
v -0.001449 0.012840 0.068542
v -0.000490 0.013153 0.068385
v 0.000111 0.013155 0.068383
v 0.008937 0.010175 0.070538
v 0.008597 0.010176 0.070539
v 0.007633 0.011357 0.069956
v 0.007980 0.011027 0.070119
v 0.008176 0.010801 0.070230
v 0.008288 0.010655 0.070302
v 0.008357 0.010559 0.070349
v 0.007240 0.011653 0.069811
v 0.007186 0.011688 0.069793
v 0.006752 0.011937 0.069671
v 0.006348 0.012122 0.069581
v 0.006282 0.012148 0.069568
v 0.005778 0.012324 0.069482
v 0.001656 0.012847 0.069232
v 0.002261 0.012824 0.069242
v 0.003045 0.012778 0.069263
v 0.003792 0.012710 0.069295
v 0.004457 0.012620 0.069338
v 0.004502 0.012613 0.069342
v 0.005174 0.012483 0.069404
v 0.005555 0.012389 0.069450
v 0.000111 0.012864 0.068877
v 0.000111 0.012870 0.069224
v -0.002432 0.012815 0.069256
v -0.000962 0.012863 0.069230
v -0.003464 0.012738 0.069297
v -0.003895 0.012688 0.069322
v -0.004703 0.012558 0.069388
v -0.005417 0.012390 0.069473
v -0.006548 0.011959 0.069688
v -0.006053 0.012179 0.069579
v -0.005990 0.012203 0.069567
v -0.005720 0.012298 0.069519
v -0.007138 0.011605 0.069865
v -0.006992 0.011704 0.069815
v -0.007396 0.011408 0.069963
v -0.007498 0.011320 0.070007
v -0.007741 0.011086 0.070123
v -0.007835 0.010985 0.070173
v -0.008129 0.010616 0.070356
v -0.008384 0.010213 0.070556
v -0.008724 0.010214 0.070556
v 0.008685 0.010608 0.070325
v -0.005553 0.012661 0.069339
v -0.004946 0.012813 0.069263
v 0.008392 0.011008 0.070128
v 0.008059 0.011373 0.069948
v 0.007993 0.011436 0.069916
v 0.007606 0.011760 0.069757
v 0.007306 0.011965 0.069656
v 0.007174 0.012046 0.069617
v -0.007964 0.011285 0.070025
v -0.008294 0.010896 0.070218
v -0.008559 0.010507 0.070411
v -0.008595 0.010446 0.070441
v 0.006701 0.012293 0.069495
v 0.006614 0.012332 0.069476
v 0.004611 0.012897 0.069201
v 0.005352 0.012748 0.069273
v 0.006016 0.012561 0.069364
v -0.007133 0.011969 0.069685
v -0.006689 0.012222 0.069559
v -0.006462 0.012331 0.069504
v -0.006210 0.012438 0.069451
v -0.006124 0.012472 0.069434
v -0.004304 0.012931 0.069203
v -0.003842 0.012995 0.069171
v 0.004316 0.012943 0.069179
v 0.003391 0.013049 0.069129
v -0.002941 0.013081 0.069126
v -0.001985 0.013133 0.069098
v -0.000969 0.013160 0.069083
v -0.007539 0.011677 0.069830
v -0.007596 0.011631 0.069853
v 0.002690 0.013099 0.069105
v 0.002261 0.013121 0.069095
v 0.000685 0.013163 0.069078
v 0.000111 0.013167 0.069077
v -0.002321 0.012845 0.070642
v -0.000849 0.012890 0.070616
v -0.001433 0.012866 0.069929
v 0.000112 0.012895 0.070611
v 0.000112 0.012894 0.070523
v 0.000112 0.012883 0.069918
v 0.000112 0.012887 0.070176
v 0.000112 0.012892 0.070435
v -0.001940 0.012850 0.069938
v -0.002679 0.012813 0.069958
v -0.003376 0.012769 0.070681
v -0.003387 0.012757 0.069987
v -0.003837 0.012717 0.070708
v -0.004063 0.012676 0.070029
v -0.004657 0.012588 0.070774
v -0.004706 0.012568 0.070083
v -0.006529 0.011989 0.071074
v -0.006029 0.012208 0.070964
v -0.006016 0.012204 0.070266
v -0.005961 0.012234 0.070951
v -0.005891 0.012250 0.070243
v -0.005706 0.012323 0.070907
v -0.005315 0.012428 0.070154
v -0.005381 0.012420 0.070858
v -0.004791 0.012561 0.070787
v -0.006486 0.012000 0.070368
v -0.006922 0.011759 0.070488
v -0.006977 0.011735 0.071200
v -0.007127 0.011624 0.070556
v -0.007131 0.011632 0.071252
v -0.007384 0.011439 0.071348
v -0.007362 0.011446 0.070644
v -0.007495 0.011345 0.071394
v -0.007725 0.011115 0.070809
v -0.007737 0.011115 0.071509
v -0.007834 0.011011 0.071560
v -0.008045 0.010744 0.070993
v -0.008130 0.010642 0.071744
v -0.008386 0.010226 0.071250
v -0.008388 0.010239 0.071943
v -0.008328 0.010326 0.071200
v -0.008206 0.010518 0.071105
v 0.001643 0.012872 0.070620
v 0.007585 0.011421 0.071325
v 0.007947 0.011088 0.071489
v 0.008051 0.010963 0.070851
v 0.008180 0.010825 0.071618
v 0.008345 0.010592 0.071033
v 0.008266 0.010715 0.071672
v 0.008600 0.010188 0.071232
v 0.008548 0.010296 0.071879
v 0.008604 0.010201 0.071926
v 0.007715 0.011298 0.070685
v 0.007605 0.011393 0.070639
v 0.007143 0.011738 0.071169
v 0.007200 0.011691 0.070492
v 0.006708 0.011981 0.071050
v 0.006754 0.011947 0.070366
v 0.006344 0.012144 0.070970
v 0.006339 0.012136 0.070274
v 0.006237 0.012187 0.070949
v 0.006256 0.012169 0.070258
v 0.006118 0.012231 0.070927
v 0.006188 0.012195 0.070245
v 0.005543 0.012413 0.070839
v 0.005610 0.012384 0.070153
v 0.004933 0.012556 0.070769
v 0.004889 0.012554 0.070070
v 0.004289 0.012668 0.070715
v 0.001096 0.012873 0.069920
v 0.002574 0.012820 0.069943
v 0.002164 0.012853 0.070628
v 0.003028 0.012791 0.069957
v 0.002905 0.012812 0.070647
v 0.003622 0.012740 0.069981
v 0.003613 0.012752 0.070675
v 0.004074 0.012687 0.070006
v 0.004445 0.012633 0.070032
v 0.008941 0.010187 0.071232
v 0.008945 0.010200 0.071926
v -0.008472 0.010658 0.071036
v -0.008727 0.010227 0.071250
v -0.008177 0.011057 0.070838
v -0.007842 0.011420 0.070658
v -0.007774 0.011485 0.070626
v -0.007384 0.011807 0.070466
v -0.007091 0.012005 0.070367
v -0.006950 0.012091 0.070324
v -0.006474 0.012336 0.070202
v -0.006388 0.012374 0.070183
v -0.005786 0.012600 0.070070
v -0.005118 0.012784 0.069977
v 0.008819 0.010409 0.071123
v 0.008778 0.010478 0.071089
v 0.008518 0.010862 0.070899
v 0.008189 0.011253 0.070707
v 0.007822 0.011601 0.070535
v 0.007764 0.011649 0.070512
v 0.007358 0.011943 0.070367
v 0.006916 0.012199 0.070241
v 0.006437 0.012418 0.070134
v 0.006349 0.012453 0.070117
v -0.004374 0.012930 0.069904
v -0.003140 0.013077 0.069828
v -0.003804 0.013010 0.069863
v -0.004071 0.012976 0.069881
v 0.005777 0.012646 0.070023
v 0.005171 0.012800 0.069948
v 0.004529 0.012921 0.069889
v 0.004066 0.012988 0.069857
v 0.003165 0.013079 0.069814
v -0.002003 0.013145 0.069793
v 0.002694 0.013111 0.069799
v 0.002208 0.013136 0.069788
v 0.001192 0.013168 0.069774
v -0.000435 0.013179 0.069772
v 0.000112 0.013180 0.069771
v -0.008729 0.010240 0.071944
v 0.007317 0.011981 0.071048
v 0.007167 0.012072 0.071004
v 0.008690 0.010633 0.071712
v 0.008396 0.011032 0.071515
v 0.007601 0.011787 0.071144
v 0.007991 0.011463 0.071303
v 0.008061 0.011397 0.071336
v 0.006691 0.012319 0.070883
v 0.006604 0.012358 0.070863
v 0.006001 0.012587 0.070752
v 0.005331 0.012774 0.070660
v 0.004583 0.012923 0.070588
v 0.004273 0.012971 0.070565
v -0.006129 0.012490 0.070825
v -0.005557 0.012680 0.070730
v -0.007144 0.011982 0.071078
v -0.006700 0.012237 0.070951
v -0.006220 0.012454 0.070843
v -0.004949 0.012833 0.070653
v -0.007550 0.011689 0.071224
v -0.007610 0.011640 0.071248
v -0.007979 0.011293 0.071421
v -0.008162 0.011088 0.071523
v -0.008309 0.010903 0.071615
v -0.008566 0.010525 0.071802
v -0.008612 0.010449 0.071840
v -0.004306 0.012952 0.070593
v -0.003843 0.013016 0.070560
v -0.002940 0.013104 0.070514
v -0.001983 0.013158 0.070486
v -0.000966 0.013185 0.070470
v 0.003338 0.013077 0.070515
v 0.002697 0.013123 0.070493
v 0.002194 0.013149 0.070482
v 0.000633 0.013189 0.070465
v 0.000113 0.013193 0.070464
v -0.008734 0.010265 0.073331
v -0.008392 0.010264 0.073331
v -0.008732 0.010252 0.072637
v -0.008390 0.010252 0.072637
v 0.008607 0.010214 0.072620
v 0.008611 0.010226 0.073314
v 0.008949 0.010213 0.072619
v 0.008952 0.010226 0.073313
v 0.000114 0.012914 0.071652
v 0.000114 0.012921 0.071999
v 0.000969 0.012913 0.072001
v 0.008352 0.010630 0.073114
v 0.008399 0.010547 0.072455
v 0.008183 0.010850 0.073006
v 0.008098 0.010937 0.072263
v 0.007378 0.011591 0.071941
v 0.007185 0.011734 0.072571
v 0.007673 0.011360 0.072055
v 0.007595 0.011437 0.072717
v 0.007761 0.011282 0.072093
v 0.007715 0.011336 0.072767
v 0.008054 0.011001 0.072932
v 0.006901 0.011891 0.071794
v 0.006442 0.012113 0.071685
v 0.006340 0.012167 0.072359
v 0.007324 0.011629 0.071922
v 0.006733 0.011990 0.072445
v 0.004292 0.012679 0.071410
v 0.004443 0.012666 0.072116
v 0.004963 0.012561 0.071467
v 0.004837 0.012597 0.072149
v 0.005597 0.012408 0.071541
v 0.005571 0.012426 0.072232
v 0.005950 0.012300 0.071593
v 0.006157 0.012238 0.072324
v 0.006230 0.012210 0.072337
v 0.000113 0.012908 0.071305
v 0.001646 0.012885 0.071314
v 0.002067 0.012869 0.071320
v 0.002435 0.012864 0.072022
v 0.002844 0.012828 0.071339
v 0.003024 0.012827 0.072039
v 0.003585 0.012766 0.071368
v 0.003514 0.012785 0.072059
v 0.004007 0.012729 0.072085
v 0.008693 0.010645 0.072406
v -0.007148 0.011630 0.071953
v -0.006965 0.011753 0.071891
v -0.007149 0.011989 0.071775
v -0.008620 0.010451 0.072539
v -0.008223 0.010522 0.072503
v -0.008570 0.010535 0.072497
v -0.007099 0.012021 0.071759
v -0.006514 0.012007 0.071765
v -0.006705 0.012244 0.071648
v 0.008398 0.011045 0.072209
v 0.008062 0.011409 0.072030
v 0.007990 0.011477 0.071996
v -0.008317 0.010906 0.072313
v -0.008131 0.010654 0.072437
v -0.007986 0.011297 0.072119
v -0.007833 0.011023 0.072254
v -0.007617 0.011645 0.071946
v -0.007494 0.011357 0.072088
v -0.007375 0.011458 0.072038
v -0.007556 0.011695 0.071921
v 0.005993 0.012600 0.071445
v 0.005320 0.012787 0.071354
v 0.007599 0.011800 0.071837
v 0.007322 0.011989 0.071744
v 0.007163 0.012085 0.071697
v 0.006686 0.012332 0.071576
v 0.006598 0.012371 0.071557
v -0.006225 0.012462 0.071539
v -0.006011 0.012225 0.071656
v -0.006131 0.012499 0.071521
v -0.005937 0.012253 0.071642
v -0.005558 0.012690 0.071425
v -0.005352 0.012438 0.071549
v -0.004950 0.012843 0.071348
v -0.004817 0.012566 0.071485
v -0.004621 0.012605 0.071465
v 0.004570 0.012936 0.071282
v 0.004252 0.012985 0.071258
v 0.003311 0.013090 0.071208
v 0.002700 0.013135 0.071187
v 0.002161 0.013163 0.071175
v 0.000607 0.013202 0.071159
v 0.000114 0.013205 0.071158
v -0.000763 0.012904 0.071309
v -0.000964 0.013198 0.071164
v -0.002238 0.012861 0.071333
v -0.001981 0.013170 0.071180
v -0.003311 0.012787 0.071372
v -0.002939 0.013116 0.071209
v -0.003793 0.012734 0.071400
v -0.003843 0.013027 0.071255
v -0.004307 0.012962 0.071288
v -0.001407 0.012904 0.072010
v -0.001840 0.012890 0.072018
v -0.002618 0.012852 0.072039
v -0.003361 0.012793 0.072069
v -0.004069 0.012708 0.072113
v -0.004741 0.012592 0.072172
v -0.004820 0.012576 0.072180
v -0.005377 0.012441 0.072248
v -0.005724 0.012336 0.072300
v -0.006218 0.012152 0.072393
v -0.006678 0.011931 0.072503
v -0.007103 0.011671 0.072632
v -0.007159 0.011632 0.072652
v -0.007544 0.011324 0.072805
v -0.007755 0.011119 0.072907
v -0.007883 0.010980 0.072976
v -0.008185 0.010591 0.073169
v -0.008236 0.010516 0.073206
v 0.008848 0.010414 0.073220
v 0.008545 0.010871 0.072995
v 0.008216 0.011265 0.072801
v 0.007898 0.011572 0.072649
v 0.007848 0.011616 0.072628
v -0.005758 0.012639 0.072151
v -0.006367 0.012413 0.072264
v -0.006455 0.012374 0.072283
v -0.006934 0.012130 0.072405
v -0.007102 0.012029 0.072455
v -0.007372 0.011847 0.072546
v -0.007767 0.011525 0.072706
v -0.007840 0.011457 0.072740
v -0.008178 0.011094 0.072920
v -0.008476 0.010696 0.073117
v 0.006457 0.012441 0.072223
v 0.006360 0.012480 0.072204
v 0.006703 0.012335 0.072275
v 0.006936 0.012221 0.072331
v 0.007380 0.011963 0.072457
v 0.007785 0.011667 0.072603
v -0.005081 0.012823 0.072058
v 0.005787 0.012674 0.072109
v 0.005179 0.012830 0.072033
v 0.004536 0.012953 0.071974
v 0.004071 0.013020 0.071941
v 0.003167 0.013114 0.071897
v -0.004328 0.012969 0.071984
v -0.004002 0.013017 0.071960
v -0.003055 0.013119 0.071908
v -0.002475 0.013158 0.071887
v -0.001899 0.013186 0.071872
v 0.002208 0.013173 0.071870
v 0.001191 0.013206 0.071856
v 0.000114 0.013218 0.071852
v -0.000353 0.013217 0.071853
v -0.008394 0.010277 0.074025
v -0.008736 0.010278 0.074025
v -0.008396 0.010290 0.074718
v -0.008739 0.010290 0.074719
v 0.008617 0.010252 0.074701
v 0.008614 0.010239 0.074007
v 0.008356 0.010656 0.074502
v 0.008354 0.010643 0.073808
v 0.008187 0.010874 0.074394
v 0.008182 0.010866 0.073698
v 0.008056 0.011026 0.074319
v 0.008055 0.011013 0.073626
v 0.007714 0.011361 0.074154
v 0.007714 0.011348 0.073461
v 0.007586 0.011468 0.074101
v 0.007587 0.011456 0.073408
v 0.007172 0.011765 0.073956
v 0.007174 0.011752 0.073262
v 0.006716 0.012019 0.073831
v 0.006720 0.012007 0.073137
v 0.006337 0.012189 0.073748
v 0.006332 0.012181 0.073052
v 0.006208 0.012240 0.073723
v 0.006130 0.012268 0.073709
v 0.006213 0.012227 0.073029
v 0.006134 0.012256 0.073015
v 0.005537 0.012456 0.073617
v 0.005544 0.012444 0.072923
v 0.004793 0.012626 0.073535
v 0.004802 0.012614 0.072841
v 0.004436 0.012689 0.073504
v 0.004432 0.012679 0.072809
v 0.003951 0.012759 0.073471
v 0.003964 0.012746 0.072777
v 0.003426 0.012816 0.073443
v 0.003449 0.012803 0.072750
v 0.003016 0.012851 0.073427
v 0.003013 0.012840 0.072733
v 0.002322 0.012895 0.073407
v 0.002352 0.012881 0.072714
v 0.000864 0.012940 0.073388
v 0.000886 0.012927 0.072694
v 0.000115 0.012934 0.072693
v 0.000115 0.012946 0.073386
v 0.008956 0.010238 0.074007
v 0.008960 0.010251 0.074701
v 0.008857 0.010416 0.073919
v -0.008477 0.010709 0.073811
v -0.007106 0.012037 0.073151
v -0.006880 0.011826 0.073255
v -0.006929 0.012143 0.073098
v -0.006431 0.012066 0.073135
v -0.006448 0.012387 0.072977
v 0.008555 0.010874 0.073693
v 0.008395 0.011076 0.073594
v 0.008225 0.011269 0.073499
v -0.008217 0.010559 0.073884
v -0.008124 0.010691 0.073819
v -0.008178 0.011106 0.073614
v -0.008030 0.010815 0.073758
v -0.007839 0.011469 0.073434
v -0.007740 0.011147 0.073593
v -0.007711 0.011176 0.073578
v -0.007764 0.011539 0.073399
v -0.007368 0.011860 0.073239
v -0.007351 0.011499 0.073418
v -0.007132 0.011662 0.073337
v -0.006945 0.011786 0.073275
v 0.007903 0.011580 0.073345
v 0.007856 0.011620 0.073326
v 0.007793 0.011673 0.073300
v 0.007387 0.011970 0.073154
v 0.006943 0.012228 0.073027
v 0.006463 0.012449 0.072919
v 0.006364 0.012489 0.072899
v -0.006360 0.012426 0.072957
v -0.005946 0.012269 0.073034
v -0.005748 0.012652 0.072844
v -0.005427 0.012437 0.072950
v -0.005069 0.012836 0.072752
v -0.004778 0.012595 0.072870
v -0.004312 0.012982 0.072678
v -0.004077 0.012717 0.072808
v -0.003979 0.013031 0.072653
v 0.001191 0.013219 0.072549
v 0.002209 0.013186 0.072563
v 0.003168 0.013126 0.072591
v -0.003027 0.013132 0.072601
v -0.003337 0.012807 0.072763
v -0.002476 0.013170 0.072581
v -0.002559 0.012868 0.072731
v -0.001864 0.013199 0.072565
v 0.004073 0.013031 0.072636
v 0.004538 0.012963 0.072669
v 0.005182 0.012840 0.072728
v 0.005790 0.012683 0.072804
v -0.001742 0.012906 0.072710
v -0.001410 0.012917 0.072704
v -0.000325 0.013230 0.072547
v 0.000115 0.013231 0.072546
v -0.001398 0.012930 0.073398
v -0.001741 0.012919 0.073404
v -0.002558 0.012879 0.073425
v -0.003337 0.012818 0.073457
v -0.004078 0.012728 0.073503
v -0.004780 0.012605 0.073566
v -0.005430 0.012447 0.073645
v -0.005949 0.012278 0.073730
v -0.006434 0.012075 0.073831
v -0.006884 0.011834 0.073951
v -0.006951 0.011792 0.073972
v -0.007135 0.011670 0.074033
v -0.007717 0.011182 0.074276
v -0.007357 0.011505 0.074115
v -0.008037 0.010820 0.074455
v -0.008132 0.010694 0.074518
v 0.008867 0.010417 0.074619
v 0.008564 0.010877 0.074392
v -0.008478 0.010721 0.074505
v -0.008178 0.011119 0.074308
v -0.007839 0.011481 0.074128
v -0.007762 0.011552 0.074092
v -0.007364 0.011873 0.073933
v -0.006924 0.012156 0.073792
v 0.008400 0.011085 0.074290
v 0.008234 0.011273 0.074197
v 0.007865 0.011625 0.074023
v 0.007800 0.011679 0.073997
v 0.007394 0.011976 0.073851
v 0.006950 0.012235 0.073723
v 0.006470 0.012457 0.073615
v 0.006367 0.012498 0.073595
v -0.006484 0.012381 0.073680
v -0.006442 0.012400 0.073670
v -0.006353 0.012439 0.073651
v -0.005739 0.012665 0.073538
v -0.005056 0.012850 0.073445
v 0.005794 0.012693 0.073500
v 0.005184 0.012850 0.073423
v 0.004540 0.012974 0.073363
v 0.004075 0.013042 0.073331
v 0.003169 0.013137 0.073285
v -0.004296 0.012996 0.073371
v -0.003955 0.013045 0.073346
v -0.002998 0.013146 0.073294
v -0.002478 0.013182 0.073275
v -0.001703 0.013218 0.073256
v -0.000144 0.013244 0.073240
v 0.000116 0.013244 0.073239
v 0.001191 0.013231 0.073243
v 0.002209 0.013198 0.073257
v 0.002710 0.013171 0.073270
v 0.008540 0.010536 0.061443
v 0.008842 0.010008 0.061679
v 0.008749 0.009879 0.061514
v 0.008153 0.011112 0.061420
v 0.008365 0.010861 0.061530
v 0.008536 0.010626 0.061632
v 0.008708 0.010353 0.061753
v 0.008846 0.010101 0.061864
v 0.007036 0.011992 0.061037
v 0.007168 0.011915 0.061071
v 0.007187 0.011842 0.060860
v 0.007745 0.011504 0.061250
v 0.007709 0.011468 0.061027
v 0.008165 0.011026 0.061223
v 0.006618 0.012202 0.060944
v 0.006622 0.012140 0.060726
v 0.006194 0.012372 0.060867
v 0.006027 0.012372 0.060620
v 0.006013 0.012435 0.060839
v 0.005426 0.012545 0.060541
v 0.005206 0.012653 0.060739
v 0.004825 0.012672 0.060482
v 0.004816 0.012730 0.060703
v 0.003620 0.012832 0.060407
v 0.003912 0.012859 0.060643
v 0.000103 0.013012 0.060576
v 0.002379 0.012966 0.060594
v 0.000102 0.012953 0.060350
v 0.002419 0.012908 0.060372
v 0.000101 0.012768 0.060156
v 0.000101 0.012772 0.060158
v 0.002415 0.012724 0.060176
v 0.000102 0.012945 0.060336
v 0.000100 0.012290 0.060137
v 0.000101 0.012534 0.060086
v 0.000947 0.012282 0.060140
v 0.002406 0.012466 0.060104
v 0.006497 0.011728 0.060458
v 0.005804 0.011755 0.060390
v 0.005931 0.011947 0.060352
v 0.005295 0.011898 0.060320
v 0.005353 0.012112 0.060272
v 0.004678 0.012025 0.060258
v 0.004770 0.012235 0.060213
v 0.003569 0.012169 0.060189
v 0.003592 0.012391 0.060138
v 0.003178 0.012201 0.060175
v 0.002396 0.012243 0.060155
v 0.006908 0.011265 0.060629
v 0.006622 0.011423 0.060552
v 0.006399 0.011530 0.060500
v 0.007943 0.010694 0.060961
v 0.007343 0.010964 0.060778
v 0.007518 0.011102 0.060762
v 0.007029 0.011449 0.060594
v 0.008120 0.010125 0.061191
v 0.007909 0.010408 0.061052
v 0.007781 0.010556 0.060979
v 0.008295 0.010240 0.061182
v 0.008583 0.009750 0.061424
v 0.008398 0.009655 0.061423
v 0.008456 0.010393 0.061270
v 0.008091 0.010872 0.061046
v 0.008139 0.010956 0.061127
v 0.007648 0.011303 0.060844
v 0.007689 0.011395 0.060927
v 0.007139 0.011670 0.060673
v 0.007172 0.011767 0.060757
v 0.006585 0.011963 0.060535
v 0.006611 0.012064 0.060621
v 0.005999 0.012192 0.060427
v 0.006019 0.012296 0.060513
v 0.005405 0.012363 0.060346
v 0.005421 0.012468 0.060433
v 0.004809 0.012489 0.060286
v 0.004821 0.012595 0.060373
v 0.003612 0.012648 0.060211
v 0.003618 0.012755 0.060299
v 0.001268 0.013244 0.074009
v 0.000117 0.013258 0.074006
v 0.000117 0.013240 0.074147
v 0.008041 0.011172 0.075251
v 0.008200 0.010752 0.075470
v 0.008404 0.010716 0.075457
v 0.008556 0.010171 0.075735
v 0.006588 0.012213 0.074779
v 0.006962 0.011877 0.074955
v 0.007122 0.011929 0.074908
v 0.007509 0.011493 0.075131
v 0.007609 0.011582 0.075065
v 0.007628 0.011390 0.075178
v 0.007923 0.011095 0.075313
v 0.000117 0.013083 0.074394
v 0.000117 0.012966 0.074469
v 0.001260 0.013070 0.074398
v 0.002345 0.012913 0.074489
v 0.002461 0.013024 0.074417
v 0.003885 0.012783 0.074546
v 0.003661 0.012927 0.074459
v 0.004829 0.012634 0.074612
v 0.004858 0.012748 0.074538
v 0.005183 0.012558 0.074647
v 0.005447 0.012614 0.074598
v 0.005975 0.012329 0.074750
v 0.006025 0.012440 0.074677
v 0.006154 0.012264 0.074779
v 0.006524 0.012107 0.074851
v 0.008844 0.010247 0.075574
v 0.008948 0.010234 0.075429
v 0.008632 0.010756 0.075206
v 0.001266 0.013227 0.074150
v 0.002476 0.013180 0.074169
v 0.002480 0.013198 0.074028
v 0.003690 0.013083 0.074212
v 0.003699 0.013100 0.074071
v 0.004910 0.012900 0.074291
v 0.004926 0.012916 0.074150
v 0.005515 0.012762 0.074351
v 0.005535 0.012776 0.074210
v 0.006113 0.012582 0.074430
v 0.006140 0.012593 0.074288
v 0.006702 0.012345 0.074532
v 0.006735 0.012351 0.074389
v 0.007265 0.012046 0.074660
v 0.007305 0.012045 0.074516
v 0.007783 0.011678 0.074816
v 0.007829 0.011667 0.074670
v 0.008245 0.011241 0.075000
v 0.008295 0.011219 0.074852
v 0.008684 0.010722 0.075054
v 0.009000 0.010190 0.075274
v 0.008703 0.010223 0.075682
v 0.008534 0.010755 0.075349
v 0.008156 0.011226 0.075141
v 0.007706 0.011649 0.074955
v 0.007201 0.012006 0.074797
v 0.006651 0.012298 0.074668
v 0.006074 0.012529 0.074566
v 0.005484 0.012707 0.074487
v 0.004887 0.012843 0.074427
v 0.003677 0.013023 0.074347
v 0.002469 0.013120 0.074305
v 0.001264 0.013167 0.074286
v 0.000117 0.013180 0.074282
v 0.000117 0.013180 0.074282
v -0.001083 0.013231 0.074153
v -0.001077 0.013074 0.074401
v -0.000877 0.012961 0.074474
v -0.002271 0.013032 0.074423
v -0.002263 0.012915 0.074497
v -0.003020 0.012864 0.074523
v -0.003464 0.012939 0.074468
v -0.003448 0.012823 0.074542
v -0.004422 0.012687 0.074607
v -0.004654 0.012764 0.074551
v -0.004692 0.012636 0.074631
v -0.005239 0.012632 0.074612
v -0.005201 0.012519 0.074685
v -0.005666 0.012382 0.074749
v -0.005814 0.012459 0.074692
v -0.005764 0.012349 0.074765
v -0.006374 0.012235 0.074796
v -0.006501 0.012035 0.074910
v -0.006904 0.011953 0.074926
v -0.006823 0.011853 0.074994
v -0.007389 0.011609 0.075083
v -0.007237 0.011562 0.075129
v -0.007820 0.011203 0.075269
v -0.007701 0.011124 0.075331
v -0.008479 0.010261 0.075699
v -0.008333 0.010209 0.075753
v -0.008047 0.010685 0.075533
v -0.008621 0.010286 0.075592
v -0.008181 0.010751 0.075476
v -0.007820 0.010987 0.075394
v -0.008778 0.010230 0.075292
v -0.008409 0.010791 0.075224
v -0.008462 0.010758 0.075073
v -0.008023 0.011272 0.075019
v -0.008074 0.011250 0.074871
v -0.007563 0.011705 0.074834
v -0.007610 0.011694 0.074689
v -0.007048 0.012070 0.074678
v -0.007089 0.012069 0.074534
v -0.006489 0.012367 0.074549
v -0.006523 0.012373 0.074406
v -0.005903 0.012601 0.074445
v -0.005930 0.012612 0.074304
v -0.005308 0.012780 0.074365
v -0.005329 0.012794 0.074224
v -0.004707 0.012916 0.074304
v -0.004723 0.012931 0.074163
v -0.001080 0.013171 0.074289
v -0.002279 0.013129 0.074311
v -0.003480 0.013035 0.074356
v -0.004683 0.012858 0.074439
v -0.005277 0.012724 0.074501
v -0.005863 0.012549 0.074581
v -0.006438 0.012320 0.074685
v -0.006984 0.012030 0.074815
v -0.007486 0.011676 0.074973
v -0.007934 0.011256 0.075160
v -0.008311 0.010790 0.075367
v -0.008725 0.010274 0.075447
v -0.002286 0.013188 0.074175
v -0.003494 0.013095 0.074221
v -0.003821 0.013075 0.074097
v -0.003503 0.013112 0.074080
v -0.002290 0.013206 0.074034
v -0.001085 0.013248 0.074012
v -0.009123 0.009271 0.075040
v -0.009131 0.009240 0.074851
v -0.009043 0.009005 0.074856
v -0.008840 0.010107 0.075329
v -0.008799 0.010122 0.075503
v -0.009007 0.009730 0.075271
v -0.009036 0.009655 0.075222
v -0.009059 0.009474 0.075350
v -0.009099 0.009352 0.075211
v -0.009009 0.009148 0.075314
v -0.009035 0.009044 0.075097
v -0.008924 0.009061 0.075348
v -0.008948 0.008952 0.075116
v -0.008822 0.008996 0.075366
v -0.008845 0.008885 0.075126
v -0.008635 0.008793 0.074862
v -0.008629 0.008832 0.075121
v -0.008927 0.009919 0.075332
v -0.009005 0.009624 0.075451
v -0.008966 0.009302 0.075489
v -0.008883 0.009225 0.075536
v -0.008786 0.009163 0.075563
v -0.008616 0.009829 0.075810
v -0.008445 0.009750 0.075843
v -0.008416 0.009874 0.075840
v -0.008697 0.010104 0.075665
v -0.008549 0.010054 0.075779
v -0.008389 0.009985 0.075825
v -0.008679 0.009597 0.075787
v -0.008767 0.009647 0.075746
v -0.008772 0.009905 0.075698
v -0.008844 0.009698 0.075682
v -0.008872 0.009958 0.075525
v -0.008498 0.009515 0.075805
v -0.008510 0.009458 0.075787
v -0.008639 0.009324 0.075717
v -0.008544 0.009291 0.075709
v -0.008683 0.009119 0.075569
v -0.008583 0.009092 0.075558
v -0.008715 0.008954 0.075369
v -0.008619 0.008894 0.075283
v -0.009104 0.009461 0.074847
v -0.009091 0.009504 0.075035
v -0.009080 0.009538 0.075095
v -0.008737 0.009370 0.075705
v -0.008830 0.009427 0.075670
v -0.008910 0.009492 0.075614
v -0.008942 0.009790 0.075509
v -0.008956 0.008910 0.074858
v -0.008852 0.008843 0.074860
v -0.008774 0.008629 0.063267
v -0.008560 0.008580 0.063269
v -0.009036 0.009232 0.063254
v -0.009055 0.009013 0.063258
v -0.008963 0.008785 0.063263
v -0.008556 0.009918 0.061531
v -0.008390 0.009788 0.061441
v -0.008484 0.009547 0.061571
v -0.009048 0.009028 0.063008
v -0.008651 0.010140 0.061882
v -0.008748 0.009831 0.061808
v -0.008745 0.009948 0.061984
v -0.008832 0.009630 0.061950
v -0.008824 0.009770 0.062110
v -0.008901 0.009450 0.062119
v -0.008890 0.009613 0.062260
v -0.008957 0.009295 0.062315
v -0.008943 0.009477 0.062432
v -0.008999 0.009171 0.062532
v -0.008983 0.009369 0.062621
v -0.009029 0.009081 0.062765
v -0.009011 0.009290 0.062825
v -0.009029 0.009244 0.063037
v -0.008648 0.010047 0.061697
v -0.008656 0.009683 0.061653
v -0.008740 0.009463 0.061808
v -0.008809 0.009266 0.061995
v -0.008865 0.009095 0.062212
v -0.008907 0.008959 0.062453
v -0.008937 0.008860 0.062713
v -0.008956 0.008802 0.062984
v -0.008563 0.009322 0.061736
v -0.008628 0.009120 0.061933
v -0.008681 0.008946 0.062163
v -0.008721 0.008806 0.062416
v -0.008750 0.008705 0.062689
v -0.008767 0.008645 0.062975
v -0.008554 0.008596 0.062980
v -0.008538 0.008653 0.062697
v -0.008511 0.008750 0.062425
v -0.008473 0.008883 0.062173
v -0.008424 0.009050 0.061943
v -0.008364 0.009244 0.061744
v -0.008292 0.009460 0.061575
v -0.008206 0.009692 0.061440
v -0.008103 0.010270 0.061202
v -0.007873 0.010237 0.061170
v -0.007753 0.010721 0.060980
v -0.007592 0.010583 0.060998
v -0.007321 0.010851 0.060865
v -0.007329 0.011127 0.060781
v -0.007187 0.010965 0.060808
v -0.006848 0.011468 0.060613
v -0.006674 0.011318 0.060632
v -0.006317 0.011746 0.060476
v -0.006220 0.011549 0.060517
v -0.005884 0.011685 0.060449
v -0.005758 0.011963 0.060368
v -0.005682 0.011756 0.060414
v -0.005184 0.012127 0.060286
v -0.004938 0.011957 0.060313
v -0.004601 0.012249 0.060225
v -0.004558 0.012032 0.060275
v -0.003421 0.012402 0.060147
v -0.003680 0.012154 0.060212
v -0.002244 0.012473 0.060109
v -0.002171 0.012254 0.060160
v -0.008513 0.010392 0.061770
v -0.007974 0.011052 0.061240
v -0.007962 0.011140 0.061440
v -0.007520 0.011491 0.061043
v -0.007543 0.011540 0.061265
v -0.008348 0.010566 0.061459
v -0.008343 0.010658 0.061652
v -0.008136 0.010937 0.061529
v -0.007900 0.010897 0.061064
v -0.007500 0.011418 0.060943
v -0.007459 0.011327 0.060862
v -0.006990 0.011784 0.060774
v -0.006957 0.011688 0.060691
v -0.006431 0.012081 0.060635
v -0.006405 0.011980 0.060551
v -0.005846 0.012310 0.060527
v -0.005257 0.012558 0.060551
v -0.005853 0.012387 0.060633
v -0.006442 0.012157 0.060740
v -0.007005 0.011860 0.060876
v -0.008263 0.010423 0.061289
v -0.007042 0.011900 0.061106
v -0.002255 0.012914 0.060374
v -0.002252 0.012730 0.060180
v -0.003448 0.012842 0.060412
v -0.003441 0.012658 0.060218
v -0.004655 0.012685 0.060490
v -0.004640 0.012502 0.060297
v -0.005236 0.012376 0.060359
v -0.005826 0.012207 0.060442
v -0.001815 0.012987 0.060593
v -0.006986 0.011935 0.061090
v -0.006798 0.012042 0.061042
v -0.006424 0.012227 0.060959
v -0.005966 0.012409 0.060875
v -0.005024 0.012671 0.060752
v -0.004645 0.012745 0.060716
v -0.003666 0.012880 0.060649
v -0.002253 0.012973 0.060600
v 0.000113 0.013199 0.070811
v 0.000110 0.013148 0.068036
v 0.000108 0.013097 0.065261
v 0.000106 0.013072 0.063874
v 0.000105 0.013047 0.062486
v 0.000104 0.013040 0.062140
v -0.000748 0.013036 0.062144
v -0.008457 0.010520 0.063404
v -0.008455 0.010508 0.062710
v -0.008173 0.010921 0.063205
v -0.007847 0.011288 0.063023
v -0.007796 0.011338 0.062998
v -0.007421 0.011662 0.062837
v -0.006457 0.012234 0.062552
v -0.006541 0.012196 0.062571
v -0.007003 0.011948 0.062695
v -0.007050 0.011919 0.062709
v -0.005882 0.012460 0.062439
v -0.005244 0.012643 0.062347
v -0.004531 0.012789 0.062274
v -0.005106 0.012676 0.062331
v -0.002375 0.012996 0.062167
v -0.003434 0.012927 0.062203
v -0.003774 0.012893 0.062220
v -0.004307 0.012825 0.062256
v 0.000109 0.013123 0.066649
v 0.000112 0.013174 0.069424
v 0.000115 0.013225 0.072199
v 0.000116 0.013251 0.073622
v -0.008937 0.009501 0.062680
v -0.009020 0.009691 0.075090
v -0.008172 0.010909 0.062511
v -0.008116 0.010978 0.062477
v -0.007848 0.011276 0.062329
v -0.007798 0.011325 0.062305
v -0.007424 0.011649 0.062143
v -0.007046 0.011911 0.062013
v -0.007007 0.011935 0.062001
v -0.006547 0.012183 0.061878
v -0.006463 0.012222 0.061858
v -0.005890 0.012447 0.061745
v -0.005255 0.012630 0.061654
v -0.005103 0.012666 0.061636
v -0.004545 0.012776 0.061580
v -0.004327 0.012811 0.061562
v -0.002408 0.012982 0.061474
v -0.003459 0.012914 0.061510
v -0.003771 0.012883 0.061526
v 0.000103 0.013028 0.061446
v 0.000103 0.013020 0.061011
v -0.000779 0.013022 0.061450
v -0.007626 0.011075 0.062428
v -0.007267 0.011393 0.062270
v -0.008116 0.010480 0.062723
v -0.007832 0.010853 0.062538
v -0.007722 0.010976 0.062477
v 0.004242 0.012533 0.061682
v 0.004929 0.012419 0.061736
v 0.005137 0.012681 0.061607
v 0.005738 0.012533 0.061679
v 0.005576 0.012269 0.061810
v 0.005650 0.012248 0.061820
v 0.006360 0.012323 0.061781
v 0.006157 0.012082 0.061901
v 0.006835 0.012112 0.061884
v 0.006631 0.011880 0.061999
v 0.007275 0.011863 0.062007
v 0.008558 0.010036 0.062908
v 0.008894 0.010035 0.062907
v 0.008482 0.010173 0.062840
v 0.008705 0.010384 0.062735
v 0.008210 0.010591 0.062634
v 0.008411 0.010822 0.062519
v 0.008145 0.010678 0.062591
v 0.008316 0.010941 0.062460
v 0.007836 0.011031 0.062417
v 0.008085 0.011202 0.062332
v 0.007665 0.011194 0.062337
v 0.007721 0.011540 0.062165
v 0.007485 0.011347 0.062262
v 0.007678 0.011575 0.062148
v 0.007089 0.011628 0.062123
v 0.007056 0.011648 0.062113
v -0.003508 0.012611 0.061660
v -0.004352 0.012506 0.061713
v -0.004494 0.012482 0.061725
v -0.004820 0.012422 0.061756
v -0.005187 0.012340 0.061797
v -0.005806 0.012161 0.061887
v -0.006363 0.011940 0.061998
v -0.006427 0.011909 0.062013
v -0.006484 0.011882 0.062026
v -0.006868 0.011671 0.062132
v 0.004501 0.012796 0.061551
v 0.004044 0.012858 0.061521
v 0.003516 0.012613 0.061643
v 0.003154 0.012940 0.061483
v 0.002754 0.012666 0.061619
v 0.001670 0.012706 0.061601
v 0.002208 0.012988 0.061461
v 0.001192 0.013015 0.061450
v 0.000103 0.012730 0.061593
v -0.000898 0.012723 0.061598
v -0.002489 0.012681 0.061623
v 0.008561 0.010048 0.063601
v 0.008491 0.010176 0.063538
v 0.008218 0.010595 0.063332
v 0.008152 0.010683 0.063289
v 0.007843 0.011036 0.063114
v 0.007670 0.011202 0.063033
v 0.007492 0.011353 0.062958
v 0.007095 0.011635 0.062820
v 0.007061 0.011656 0.062809
v 0.006635 0.011889 0.062695
v 0.006160 0.012091 0.062596
v 0.005653 0.012257 0.062515
v 0.005579 0.012278 0.062505
v 0.004932 0.012429 0.062431
v 0.004244 0.012543 0.062377
v 0.003518 0.012625 0.062338
v 0.002755 0.012678 0.062313
v 0.000103 0.012737 0.061940
v 0.001658 0.012719 0.062295
v 0.000104 0.012743 0.062287
v -0.002547 0.012690 0.062318
v -0.001451 0.012726 0.062298
v -0.004037 0.012562 0.062385
v -0.003311 0.012640 0.062345
v -0.004726 0.012451 0.062441
v -0.005374 0.012302 0.062516
v -0.005447 0.012282 0.062526
v -0.006430 0.011918 0.062708
v -0.006487 0.011890 0.062722
v -0.005955 0.012118 0.062609
v -0.005727 0.012197 0.062569
v -0.006892 0.011666 0.062834
v -0.007131 0.011506 0.062914
v -0.007289 0.011386 0.062973
v -0.007642 0.011071 0.063130
v -0.007952 0.010719 0.063305
v -0.008018 0.010631 0.063348
v -0.008292 0.010214 0.063555
v 0.008898 0.010048 0.063601
v 0.008656 0.010482 0.063387
v 0.008374 0.010884 0.063188
v 0.008050 0.011252 0.063007
v 0.007999 0.011303 0.062982
v 0.007625 0.011629 0.062822
v 0.007254 0.011887 0.062695
v 0.007207 0.011916 0.062681
v 0.006746 0.012166 0.062558
v 0.006663 0.012205 0.062539
v 0.006088 0.012433 0.062427
v 0.005451 0.012619 0.062336
v 0.005313 0.012652 0.062320
v 0.004514 0.012805 0.062247
v 0.004738 0.012768 0.062264
v 0.000957 0.013032 0.062142
v 0.002583 0.012984 0.062162
v 0.003642 0.012912 0.062196
v 0.003982 0.012876 0.062213
v 0.009204 0.009250 0.062804
v 0.009175 0.009329 0.062601
v 0.009130 0.009462 0.062661
v 0.009017 0.009733 0.062091
v 0.008939 0.009910 0.061965
v 0.009122 0.009939 0.075319
v 0.009057 0.010077 0.075309
v 0.009306 0.009474 0.075037
v 0.009317 0.009441 0.074957
v 0.009228 0.009681 0.075074
v 0.009180 0.009806 0.075299
v 0.009227 0.009689 0.075252
v 0.009267 0.009584 0.075179
v 0.009135 0.009438 0.062412
v 0.009083 0.009573 0.062241
v 0.009322 0.009420 0.074829
v 0.009229 0.009191 0.063236
v 0.009222 0.009204 0.063017
v 0.009062 0.010068 0.075310
v 0.009155 0.008745 0.063245
v 0.008965 0.008589 0.063249
v 0.008958 0.008606 0.062954
v 0.008940 0.009793 0.061790
v 0.009240 0.008988 0.062988
v 0.009221 0.009041 0.062744
v 0.009190 0.009132 0.062511
v 0.009148 0.009256 0.062294
v 0.009093 0.009410 0.062100
v 0.009024 0.009592 0.061930
v 0.009247 0.008972 0.063240
v 0.009147 0.008762 0.062964
v 0.009128 0.008821 0.062692
v 0.009098 0.008920 0.062432
v 0.009055 0.009057 0.062191
v 0.009000 0.009227 0.061976
v 0.008931 0.009426 0.061788
v 0.008848 0.009645 0.061634
v 0.008939 0.008666 0.062668
v 0.008911 0.008768 0.062396
v 0.008870 0.008908 0.062142
v 0.008818 0.009082 0.061915
v 0.008753 0.009285 0.061716
v 0.008675 0.009510 0.061552
v 0.008482 0.009424 0.061557
v 0.008554 0.009208 0.061725
v 0.008614 0.009013 0.061925
v 0.008663 0.008847 0.062153
v 0.008700 0.008713 0.062405
v 0.008727 0.008615 0.062676
v 0.008744 0.008558 0.062960
v 0.008751 0.008541 0.063252
v 0.009348 0.009199 0.074832
v 0.008850 0.008754 0.074845
v 0.009067 0.008803 0.074842
v 0.009172 0.008870 0.074840
v 0.009259 0.008964 0.074837
v 0.009094 0.009918 0.075507
v 0.008994 0.009866 0.075680
v 0.009163 0.009749 0.075490
v 0.009065 0.009658 0.075664
v 0.009225 0.009583 0.075432
v 0.009130 0.009451 0.075595
v 0.009278 0.009433 0.075331
v 0.009185 0.009261 0.075471
v 0.009317 0.009310 0.075191
v 0.009226 0.009106 0.075294
v 0.009341 0.009230 0.075020
v 0.009251 0.009003 0.075077
v 0.008660 0.009740 0.075827
v 0.008718 0.009476 0.075787
v 0.008900 0.009558 0.075769
v 0.008771 0.010016 0.075761
v 0.008919 0.010065 0.075647
v 0.009021 0.010082 0.075485
v 0.008612 0.009948 0.075808
v 0.008730 0.009418 0.075768
v 0.008753 0.009302 0.075719
v 0.008858 0.009284 0.075699
v 0.008791 0.009107 0.075590
v 0.008901 0.009079 0.075550
v 0.008828 0.008895 0.075339
v 0.008932 0.008914 0.075349
v 0.008837 0.008843 0.075241
v 0.008636 0.009848 0.075822
v 0.008837 0.009790 0.075792
v 0.008988 0.009607 0.075727
v 0.008956 0.009330 0.075687
v 0.009050 0.009387 0.075652
v 0.009004 0.009123 0.075544
v 0.009102 0.009185 0.075518
v 0.009039 0.008955 0.075347
v 0.009141 0.009020 0.075328
v 0.009061 0.008845 0.075106
v 0.009165 0.008911 0.075096
v 0.008845 0.008793 0.075102
v 0.007859 0.010173 0.075736
v 0.008001 0.009949 0.075808
v 0.008115 0.009742 0.075827
v 0.008225 0.009511 0.075797
v 0.008293 0.009349 0.075741
v 0.008369 0.009148 0.075622
v 0.008402 0.009052 0.075538
v 0.008404 0.009046 0.075533
v 0.008487 0.008754 0.074845
v 0.008484 0.008775 0.075028
v 0.008473 0.008817 0.075175
v 0.008464 0.008850 0.075253
v 0.008450 0.008901 0.075348
v 0.000100 0.012006 0.060278
v 0.000916 0.011998 0.060280
v 0.000105 0.012099 0.065363
v 0.002561 0.011952 0.060299
v 0.000111 0.012192 0.070448
v 0.007727 0.010027 0.061240
v 0.007703 0.010385 0.075639
v 0.007472 0.010364 0.061074
v 0.007407 0.010715 0.075488
v 0.007246 0.010603 0.060956
v 0.007066 0.011009 0.075354
v 0.006908 0.010883 0.060819
v 0.006743 0.011228 0.075254
v 0.006527 0.011125 0.060700
v 0.006329 0.011449 0.075153
v 0.006222 0.011278 0.060625
v 0.005880 0.011635 0.075069
v 0.005689 0.011484 0.060524
v 0.005355 0.011801 0.074994
v 0.005087 0.011650 0.060443
v 0.004750 0.011943 0.074930
v 0.004416 0.011779 0.060381
v 0.004107 0.012053 0.074881
v 0.003586 0.011882 0.060332
v 0.003428 0.012135 0.074844
v 0.002748 0.011943 0.060303
v 0.002477 0.012210 0.074812
v 0.001337 0.012256 0.074793
v 0.000115 0.012272 0.074788
v 0.008075 0.009378 0.061590
v 0.007944 0.009656 0.061423
v 0.008246 0.008929 0.062033
v 0.008300 0.008766 0.062297
v 0.008278 0.008848 0.062514
v 0.008340 0.008637 0.062608
v 0.008363 0.008565 0.062914
v 0.008374 0.008542 0.063252
v 0.008431 0.008648 0.069049
v 0.008168 0.009147 0.061783
v 0.008446 0.008904 0.075192
v -0.007636 0.010208 0.075752
v -0.007479 0.010419 0.075655
v -0.007181 0.010748 0.075503
v -0.005126 0.011824 0.075004
v -0.005651 0.011661 0.075080
v -0.006101 0.011477 0.075166
v -0.006516 0.011258 0.075267
v -0.006839 0.011040 0.075368
v -0.002247 0.012220 0.074817
v -0.003198 0.012150 0.074851
v -0.003877 0.012071 0.074889
v -0.004521 0.011964 0.074939
v -0.001106 0.012262 0.074795
v -0.008272 0.008792 0.074862
v -0.008265 0.008824 0.075097
v -0.008259 0.008850 0.075180
v -0.008228 0.008955 0.075392
v -0.008212 0.009004 0.075460
v -0.008186 0.009084 0.075550
v -0.008156 0.009170 0.075627
v -0.008132 0.009235 0.075675
v -0.008049 0.009445 0.075782
v -0.008015 0.009523 0.075807
v -0.007904 0.009756 0.075843
v -0.007858 0.009844 0.075842
v -0.007720 0.010080 0.075800
vn -0.0000 -0.9907 -0.1362
vn -0.0000 -0.9172 -0.3984
vn -0.0000 -0.7757 -0.6311
vn -0.0000 -0.5767 -0.8170
vn -0.0000 -0.3349 -0.9423
vn -0.0000 -0.0682 -0.9977
vn -0.0000 0.2035 -0.9791
vn -0.0000 0.4601 -0.8879
vn -0.0000 0.4600 -0.8879
vn -0.0000 0.6825 -0.7308
vn -0.0000 0.6826 -0.7308
vn -0.0000 0.8544 -0.5196
vn -0.0000 0.9629 -0.2698
vn -0.0000 1.0000 -0.0000
vn -0.0000 0.9629 0.2698
vn -0.0000 0.8544 0.5196
vn -0.0000 0.6826 0.7308
vn -0.0000 0.4601 0.8879
vn -0.0000 0.2035 0.9791
vn -0.0000 -0.0682 0.9977
vn -0.0000 -0.3349 0.9423
vn -0.0000 -0.5767 0.8170
vn -0.0000 -0.7757 0.6311
vn -0.0000 -0.9172 0.3984
vn -0.0000 -0.9907 0.1362
vn 1.0000 -0.0000 -0.0000
vn -0.0000 0.9927 -0.1205
vn -0.0000 0.9350 -0.3546
vn -0.0000 0.8230 -0.5681
vn -0.0000 0.6631 -0.7485
vn -0.0000 0.4647 -0.8855
vn -0.0000 0.2393 -0.9709
vn -0.0000 -0.0000 -1.0000
vn -0.0000 -0.2393 -0.9709
vn -0.0000 -0.4647 -0.8855
vn -0.0000 -0.6631 -0.7485
vn -0.0000 -0.8230 -0.5681
vn -0.0000 -0.9350 -0.3546
vn -0.0000 -0.9927 -0.1205
vn -1.0000 -0.0000 -0.0000
vn -0.0000 -1.0000 -0.0000
vn 0.7071 0.7071 -0.0000
vn -0.7071 0.7071 -0.0000
vn 0.7071 -0.7071 -0.0000
vn 0.7145 -0.4023 0.5724
vn 0.7164 -0.3982 0.5730
vn 0.7196 -0.2864 0.6326
vn 0.7074 -0.2040 0.6768
vn 0.7218 -0.1655 0.6720
vn 0.7123 -0.0420 0.7006
vn 0.7121 -0.0434 0.7008
vn 0.7151 0.0723 0.6953
vn 0.7187 0.0841 0.6902
vn 0.6964 0.2107 0.6860
vn 0.6959 0.2081 0.6873
vn 0.7036 0.2905 0.6485
vn 0.6964 0.3174 0.6437
vn 0.5470 0.3503 0.7603
vn 0.4259 -0.5267 0.7357
vn 0.1964 -0.5745 0.7946
vn 0.2011 -0.5731 0.7944
vn 0.1937 -0.3085 0.9313
vn 0.2014 0.2784 0.9391
vn 0.1831 0.2820 0.9418
vn 0.1997 0.0715 0.9773
vn 0.3522 -0.0043 0.9359
vn 0.1939 -0.0783 0.9779
vn 0.2030 -0.3096 0.9289
vn 0.3599 0.2357 0.9027
vn 0.5430 0.2670 0.7961
vn 0.5600 0.0684 0.8257
vn 0.4231 0.0001 0.9061
vn 0.5606 -0.0630 0.8257
vn 0.5651 -0.2477 0.7869
vn 0.5589 -0.2476 0.7914
vn 0.5658 -0.4716 0.6764
vn 0.5973 -0.4636 0.6544
vn 0.1899 0.4255 0.8848
vn 0.1904 0.4244 0.8852
vn 0.1898 0.4275 0.8839
vn 0.5421 0.4055 0.7360
vn 0.5419 0.4021 0.7380
vn 0.1885 0.5978 0.7791
vn 0.1104 0.5901 0.7998
vn 0.9004 0.4222 0.1047
vn 0.8806 0.4501 0.1482
vn 0.9203 0.3826 0.0819
vn 0.9024 0.4168 0.1096
vn 0.7212 0.6108 0.3268
vn 0.7431 0.5485 0.3833
vn 0.7021 0.5697 0.4273
vn 0.1404 0.9135 0.3819
vn 0.1719 0.9090 0.3797
vn 0.4864 0.8210 0.2988
vn 0.1261 0.7780 0.6155
vn 0.1804 0.7750 0.6056
vn 0.4898 0.7292 0.4779
vn 0.4597 0.8318 0.3111
vn 0.7543 0.6307 0.1827
vn 0.9277 0.3698 0.0506
vn 0.9163 0.3959 0.0604
vn 0.7346 0.6492 0.1974
vn 0.7521 0.5903 0.2930
vn 0.4460 0.7381 0.5062
vn 0.4906 0.6103 0.6220
vn 0.4279 0.6191 0.6585
vn 0.9287 0.3706 0.0082
vn 0.9244 0.3814 0.0086
vn 0.7518 0.6573 0.0523
vn 0.7438 0.6664 0.0525
vn 0.4779 0.8737 0.0912
vn 0.4700 0.8780 0.0910
vn 0.1612 0.9799 0.1178
vn 0.1516 0.9815 0.1174
vn 0.1894 0.9817 -0.0197
vn 0.4798 0.8771 -0.0207
vn 0.9288 0.3703 -0.0158
vn 0.9286 0.3708 -0.0158
vn 0.9342 0.3564 -0.0155
vn 0.7531 0.6577 -0.0191
vn 0.6762 0.7364 -0.0205
vn 0.8295 0.5582 -0.0181
vn 0.1614 0.9867 -0.0196
vn 0.1775 0.9839 -0.0195
vn 0.4834 0.8752 -0.0208
vn -0.0000 0.9998 -0.0183
vn 0.6912 0.3690 0.6213
vn 0.6557 0.4392 0.6141
vn 0.6554 0.4233 0.6256
vn 0.6581 0.4327 0.6162
vn 0.6931 0.3991 0.6003
vn 0.6874 0.4013 0.6054
vn 0.6712 0.3964 0.6264
vn 0.6384 0.3925 0.6621
vn 0.6607 0.4268 0.6175
vn 0.6512 0.4225 0.6305
vn 0.6557 0.4391 0.6142
vn 0.6578 0.4369 0.6135
vn 0.6545 0.4332 0.6197
vn 0.6458 0.4602 0.6093
vn 0.6484 0.4626 0.6046
vn 0.6235 0.5091 0.5933
vn 0.5837 0.4966 0.6424
vn 0.6182 0.5591 0.5525
vn 0.6185 0.5592 0.5520
vn 0.4867 0.6098 0.6255
vn 0.6426 0.6728 0.3666
vn 0.3801 0.6568 0.6512
vn 0.0229 0.9996 -0.0183
vn 0.9490 0.3150 -0.0139
vn 0.9150 0.4034 -0.0057
vn 0.9566 0.2910 -0.0137
vn 0.9499 0.3123 -0.0146
vn 0.9366 0.3501 -0.0119
vn 0.9132 0.4076 -0.0027
vn 0.9549 0.2968 -0.0097
vn 0.9513 0.3082 0.0019
vn 0.9513 0.3082 0.0021
vn 0.9238 0.3825 -0.0188
vn 0.9370 0.3491 -0.0133
vn 0.8689 0.4948 -0.0118
vn 0.8423 0.5389 -0.0135
vn 0.7638 0.6454 -0.0110
vn 0.7372 0.6756 -0.0123
vn 0.6594 0.7517 -0.0126
vn 0.6029 0.7977 -0.0141
vn 0.5437 0.8392 -0.0117
vn 0.4625 0.8865 -0.0136
vn 0.3257 0.9454 -0.0117
vn 0.3697 0.9290 -0.0154
vn 0.1988 0.9800 -0.0131
vn 0.2291 0.9733 -0.0153
vn 0.0999 0.9949 -0.0156
vn 0.0756 0.9970 -0.0190
vn 0.1360 0.9906 -0.0149
vn 0.0234 0.9996 -0.0183
vn 0.0233 0.9996 -0.0183
vn 0.0395 0.5396 0.8410
vn 0.1896 0.4299 0.8828
vn 0.4600 0.5444 0.7015
vn 0.4103 0.5624 0.7179
vn 0.4766 0.5071 0.7181
vn 0.4252 0.4889 0.7617
vn 0.4963 0.4708 0.7294
vn 0.5567 0.4230 0.7150
vn 0.5388 0.4274 0.7260
vn 0.2042 0.4386 0.8752
vn 0.1835 0.4348 0.8816
vn 0.1791 0.4543 0.8727
vn 0.1977 0.4604 0.8654
vn 0.1602 0.4685 0.8688
vn 0.1616 0.4837 0.8602
vn 0.1480 0.4819 0.8636
vn 0.1326 0.5042 0.8534
vn 0.1166 0.4982 0.8592
vn 0.1047 0.5289 0.8422
vn 0.0929 0.5212 0.8484
vn 0.0049 0.5441 0.8390
vn 0.0156 0.5433 0.8394
vn 0.0210 0.5598 0.8283
vn 0.0232 0.5426 0.8396
vn 0.0395 0.5398 0.8409
vn 0.0045 0.5760 0.8175
vn 0.0041 0.5807 0.8141
vn 0.0322 0.7362 0.6760
vn 0.0292 0.6125 0.7900
vn 0.0576 0.7272 0.6840
vn 0.0690 0.6294 0.7740
vn 0.0656 0.6167 0.7845
vn 0.2141 0.7797 0.5884
vn 0.4623 0.6036 0.6496
vn 0.3088 0.6181 0.7229
vn 0.3566 0.6290 0.6908
vn 0.2951 0.6950 0.6556
vn 0.2453 0.6644 0.7060
vn 0.1735 0.6959 0.6968
vn 0.0694 0.5348 0.8422
vn 0.0684 0.5338 0.8428
vn -0.3555 0.6290 0.6914
vn -0.2886 0.7008 0.6523
vn -0.2584 0.6572 0.7080
vn -0.1732 0.6957 0.6972
vn -0.2125 0.7773 0.5921
vn -0.0657 0.6169 0.7843
vn -0.0293 0.6133 0.7893
vn -0.0574 0.7260 0.6853
vn -0.0688 0.6293 0.7741
vn -0.0015 0.5293 0.8484
vn -0.0164 0.6867 0.7267
vn -0.0310 0.6856 0.7273
vn -0.1639 0.4632 0.8709
vn -0.1527 0.4878 0.8595
vn -0.1231 0.4685 0.8748
vn -0.1529 0.5276 0.8356
vn -0.1253 0.4997 0.8571
vn -0.0960 0.5264 0.8448
vn -0.0846 0.5077 0.8574
vn -0.0720 0.5459 0.8347
vn -0.0673 0.5314 0.8444
vn -0.0433 0.5403 0.8403
vn -0.0484 0.5664 0.8227
vn -0.0178 0.5255 0.8506
vn -0.0184 0.5424 0.8399
vn -0.0095 0.5431 0.8396
vn -0.0043 0.5777 0.8162
vn -0.0041 0.5760 0.8175
vn -0.1790 0.4502 0.8748
vn -0.1825 0.4348 0.8818
vn -0.1879 0.4358 0.8802
vn -0.2125 0.4632 0.8604
vn -0.4603 0.4909 0.7397
vn -0.5667 0.4216 0.7079
vn -0.5130 0.4342 0.7405
vn -0.5407 0.4053 0.7371
vn -0.3860 0.6348 0.6694
vn -0.4186 0.5776 0.7009
vn -0.4038 0.5615 0.7223
vn -0.4743 0.5456 0.6909
vn -0.4508 0.4887 0.7469
vn -0.0181 0.9997 -0.0183
vn -0.9555 0.2949 -0.0067
vn -0.9409 0.3380 -0.0232
vn -0.9000 0.4356 0.0176
vn -0.9514 0.3079 -0.0021
vn -0.9566 0.2910 -0.0137
vn -0.9150 0.4034 -0.0057
vn -0.0108 0.9998 -0.0183
vn -0.0142 0.9997 -0.0191
vn -0.0469 0.9988 -0.0169
vn -0.0581 0.9982 -0.0173
vn -0.0879 0.9960 -0.0162
vn -0.1230 0.9923 -0.0162
vn -0.1360 0.9906 -0.0152
vn -0.2336 0.9722 -0.0145
vn -0.2291 0.9733 -0.0149
vn -0.3822 0.9240 -0.0126
vn -0.3695 0.9291 -0.0136
vn -0.5148 0.8572 -0.0129
vn -0.5437 0.8392 -0.0117
vn -0.6546 0.7558 -0.0140
vn -0.6624 0.7490 -0.0136
vn -0.7863 0.6178 -0.0107
vn -0.7688 0.6394 -0.0121
vn -0.8626 0.5058 -0.0123
vn -0.8704 0.4923 -0.0118
vn -0.9369 0.3492 -0.0132
vn -0.9339 0.3572 -0.0145
vn -0.1634 0.9864 -0.0196
vn -0.9335 0.3584 -0.0155
vn -0.4816 0.8762 -0.0207
vn -0.1547 0.9878 -0.0195
vn -0.1600 0.9869 -0.0196
vn -0.3448 0.9385 -0.0204
vn -0.5029 0.8641 -0.0208
vn -0.9280 0.3723 -0.0159
vn -0.9278 0.3726 -0.0159
vn -0.7518 0.6592 -0.0190
vn -0.8310 0.5560 -0.0188
vn -0.6919 0.7217 -0.0198
vn -0.1518 0.9814 0.1179
vn -0.1633 0.9798 0.1158
vn -0.9245 0.3810 0.0096
vn -0.9280 0.3726 0.0073
vn -0.9168 0.3943 0.0628
vn -0.9276 0.3707 0.0474
vn -0.7544 0.6297 0.1852
vn -0.7441 0.6660 0.0531
vn -0.7506 0.6588 0.0508
vn -0.1795 0.7799 0.5996
vn -0.1280 0.7751 0.6187
vn -0.4443 0.7428 0.5009
vn -0.1716 0.9110 0.3750
vn -0.1413 0.9126 0.3836
vn -0.4590 0.8338 0.3067
vn -0.4904 0.7261 0.4819
vn -0.7197 0.6150 0.3224
vn -0.9037 0.4132 0.1126
vn -0.9196 0.3851 0.0776
vn -0.7529 0.5873 0.2971
vn -0.7341 0.6509 0.1935
vn -0.4865 0.8202 0.3011
vn -0.4703 0.8778 0.0914
vn -0.4797 0.8729 0.0891
vn -0.8823 0.4457 0.1514
vn -0.8989 0.4264 0.1006
vn -0.7029 0.5646 0.4327
vn -0.7415 0.5543 0.3780
vn -0.4266 0.6127 0.6653
vn -0.4887 0.6178 0.6160
vn -0.1110 0.5827 0.8051
vn -0.1866 0.6059 0.7733
vn -0.4336 0.5990 0.6732
vn -0.0042 0.5604 0.8282
vn -0.0127 0.5600 0.8284
vn -0.0320 0.6857 0.7272
vn -0.0246 0.5590 0.8288
vn -0.0375 0.5566 0.8299
vn -0.0270 0.5190 0.8543
vn -0.1341 0.6509 0.7472
vn -0.0718 0.5506 0.8317
vn -0.0947 0.5358 0.8390
vn -0.3648 0.7101 0.6022
vn -0.1186 0.5266 0.8418
vn -0.1368 0.5045 0.8525
vn -0.1463 0.5090 0.8482
vn -0.0172 0.9926 0.1206
vn -0.0133 0.9190 0.3941
vn -0.0172 0.9925 0.1210
vn -0.0913 0.9883 0.1223
vn -0.0915 0.9889 0.1168
vn -0.2307 0.9644 0.1296
vn -0.2323 0.9660 0.1136
vn -0.4000 0.9055 0.1420
vn -0.4086 0.9075 0.0976
vn -0.5541 0.8199 0.1440
vn -0.4113 0.7281 0.5484
vn -0.6811 0.7244 0.1066
vn -0.7569 0.6358 0.1515
vn -0.0083 0.7679 0.6405
vn -0.0133 0.9189 0.3943
vn -0.0708 0.9159 0.3951
vn -0.0712 0.9175 0.3913
vn -0.1786 0.8983 0.4013
vn -0.1817 0.9025 0.3905
vn -0.3107 0.8566 0.4120
vn -0.3233 0.8653 0.3830
vn -0.4834 0.7604 0.4338
vn -0.5149 0.7669 0.3830
vn -0.6409 0.6155 0.4586
vn -0.6239 0.6158 0.4812
vn -0.8455 0.5219 0.1129
vn -0.6760 0.6158 0.4046
vn -0.4068 0.5912 0.6964
vn -0.3274 0.6874 0.6483
vn -0.3042 0.6756 0.6716
vn -0.2035 0.7413 0.6396
vn -0.1942 0.7314 0.6537
vn -0.1135 0.7598 0.6402
vn -0.1116 0.7560 0.6450
vn -0.0445 0.7681 0.6387
vn -0.0441 0.7663 0.6410
vn -0.0034 0.5865 0.8099
vn -0.0018 0.5607 0.8280
vn 0.1110 0.5380 0.8356
vn 0.1355 0.5046 0.8526
vn 0.1284 0.6442 0.7540
vn 0.0797 0.5456 0.8342
vn 0.1019 0.5312 0.8411
vn 0.0661 0.6403 0.7653
vn 0.0427 0.5564 0.8298
vn 0.0608 0.5502 0.8328
vn 0.0027 0.5606 0.8281
vn 0.0029 0.5260 0.8505
vn 0.0516 0.8200 0.5701
vn 0.0181 0.5603 0.8281
vn 0.0315 0.5578 0.8294
vn 0.0168 0.9926 0.1206
vn 0.6793 0.6131 0.4034
vn 0.0168 0.9925 0.1211
vn 0.0891 0.9885 0.1223
vn 0.0895 0.9891 0.1170
vn 0.2272 0.9652 0.1294
vn 0.2301 0.9665 0.1138
vn 0.3956 0.9075 0.1415
vn 0.4078 0.9078 0.0981
vn 0.6116 0.7742 0.1630
vn 0.6406 0.7632 0.0847
vn 0.7967 0.5777 0.1776
vn 0.8284 0.5520 0.0956
vn 0.4387 0.5983 0.6705
vn 0.6386 0.6188 0.4574
vn 0.5119 0.7697 0.3814
vn 0.4848 0.7591 0.4345
vn 0.3199 0.8668 0.3825
vn 0.3102 0.8567 0.4121
vn 0.1789 0.9030 0.3905
vn 0.1772 0.8987 0.4011
vn 0.0695 0.9177 0.3913
vn 0.0693 0.9160 0.3951
vn 0.0130 0.9189 0.3943
vn 0.0130 0.9190 0.3940
vn 0.1492 0.5095 0.8474
vn 0.4051 0.5930 0.6958
vn 0.3253 0.6890 0.6477
vn 0.3050 0.6748 0.6720
vn 0.2012 0.7421 0.6393
vn 0.1940 0.7316 0.6536
vn 0.1118 0.7601 0.6401
vn 0.1104 0.7558 0.6454
vn 0.0433 0.7678 0.6393
vn 0.0432 0.7662 0.6412
vn 0.0081 0.7678 0.6407
vn 0.0081 0.7679 0.6405
vn -0.0166 -0.9997 0.0183
vn -0.0129 0.9997 -0.0183
vn -0.1757 0.9843 -0.0180
vn -0.5142 0.8575 -0.0157
vn -0.8746 0.4847 -0.0089
vn -0.9849 0.1731 -0.0032
vn -0.9995 0.0305 -0.0006
vn -1.0000 0.0060 -0.0001
vn -0.9995 -0.0329 0.0006
vn -0.9987 -0.0507 0.0018
vn -0.9923 -0.1235 0.0023
vn -0.9570 -0.2901 0.0053
vn -0.7488 -0.6627 0.0121
vn -0.3969 -0.9177 0.0168
vn -0.2132 -0.9768 0.0178
vn -0.1227 -0.9923 0.0191
vn -0.0996 -0.9949 0.0182
vn 0.0231 -0.9996 0.0183
vn 0.0949 -0.9953 0.0182
vn 0.1497 -0.9886 0.0181
vn 0.2398 -0.9706 0.0189
vn 0.2828 -0.9590 0.0175
vn 0.6123 -0.7905 0.0144
vn 0.9264 -0.3765 0.0069
vn 0.9879 -0.1552 0.0028
vn 0.9938 -0.1112 0.0031
vn 0.9982 -0.0606 0.0011
vn 1.0000 -0.0048 0.0001
vn 1.0000 0.0064 -0.0001
vn 0.9995 0.0304 -0.0006
vn 0.9754 0.2206 -0.0040
vn 0.8287 0.5596 -0.0102
vn 0.4517 0.8920 -0.0163
vn 0.1700 0.9853 -0.0180
vn 0.0179 0.9997 -0.0183
vn -0.0000 -0.0183 -0.9998
vn -0.0000 -0.0182 -0.9998
vn -0.0000 0.9768 -0.2139
vn -0.0556 0.9808 -0.1867
vn 0.0378 0.8654 -0.4997
vn -0.0772 0.8180 -0.5700
vn 0.0121 0.7174 -0.6965
vn -0.0001 0.6774 -0.7356
vn -0.0001 0.5209 -0.8536
vn -0.1402 0.5826 -0.8006
vn 0.1265 0.2949 -0.9471
vn 0.0194 0.3631 -0.9315
vn -0.0130 0.1142 -0.9934
vn 0.0667 0.0344 -0.9972
vn 0.0372 -0.0103 -0.9993
vn -0.0372 -0.1419 -0.9892
vn -0.0006 -0.1984 -0.9801
vn -0.0007 -0.3310 -0.9436
vn 0.0216 -0.3602 -0.9326
vn -0.0489 -0.5699 -0.8203
vn 0.0044 -0.5977 -0.8017
vn -0.0046 -0.8292 -0.5589
vn -0.0417 -0.8405 -0.5403
vn 0.0069 -0.9319 -0.3627
vn -0.0540 -0.9872 -0.1503
vn -0.0000 -0.9842 -0.1772
vn -0.0000 -0.9998 0.0183
vn -0.0382 -0.8824 -0.4689
vn 0.0457 -0.9833 -0.1759
vn -0.0000 -0.9887 -0.1499
vn 0.1972 -0.6661 -0.7194
vn -0.1324 -0.5657 -0.8139
vn 0.0759 -0.8398 -0.5375
vn 0.0001 -0.1286 -0.9917
vn 0.0928 -0.2116 -0.9730
vn 0.0159 -0.3018 -0.9532
vn -0.0154 -0.4576 -0.8890
vn 0.1876 0.9820 -0.0218
vn 0.1885 0.9818 -0.0218
vn 0.5497 0.8349 -0.0265
vn 0.5517 0.8336 -0.0265
vn 0.8366 0.5471 -0.0272
vn 0.8387 0.5439 -0.0271
vn 0.9826 0.1844 -0.0235
vn 0.0028 -0.5583 -0.8297
vn 0.1363 -0.0232 -0.9904
vn 0.2590 -0.0386 -0.9651
vn 0.1815 -0.0380 -0.9826
vn 0.1799 -0.0504 -0.9824
vn 0.1296 -0.0456 -0.9905
vn 0.2235 -0.0850 -0.9710
vn 0.1732 -0.0775 -0.9818
vn 0.1643 -0.1003 -0.9813
vn 0.1440 -0.0921 -0.9853
vn 0.1645 -0.1590 -0.9735
vn 0.1383 -0.1399 -0.9805
vn 0.1092 -0.1656 -0.9801
vn 0.1660 -0.2670 -0.9493
vn 0.0895 -0.1786 -0.9798
vn 0.0654 -0.1905 -0.9795
vn 0.0540 -0.1665 -0.9846
vn 0.0378 -0.2440 -0.9690
vn 0.0343 -0.2270 -0.9733
vn 0.0069 -0.1874 -0.9823
vn 0.0080 -0.2016 -0.9794
vn 0.0009 -0.2017 -0.9795
vn 0.0009 -0.2012 -0.9795
vn 0.8317 -0.0304 -0.5545
vn 0.0050 -0.9849 -0.1731
vn 0.0397 -0.9841 -0.1730
vn 0.0397 -0.9844 -0.1716
vn 0.1618 -0.9718 -0.1714
vn 0.1619 -0.9719 -0.1709
vn 0.3482 -0.9214 -0.1722
vn 0.3482 -0.9213 -0.1732
vn 0.5438 -0.8209 -0.1745
vn 0.5435 -0.8207 -0.1762
vn 0.7447 -0.6429 -0.1794
vn 0.7442 -0.6427 -0.1819
vn 0.8771 -0.4427 -0.1861
vn 0.8766 -0.4427 -0.1887
vn 0.9389 -0.2857 -0.1920
vn 0.9385 -0.2858 -0.1940
vn 0.9643 -0.1779 -0.1961
vn 0.9639 -0.1780 -0.1982
vn 0.9764 -0.0827 -0.1997
vn 0.9756 -0.0828 -0.2031
vn 0.9785 -0.0279 -0.2043
vn 0.9791 -0.0278 -0.2013
vn 0.0050 -0.9848 -0.1735
vn 0.0042 -0.8428 -0.5383
vn 0.0337 -0.8422 -0.5381
vn 0.0337 -0.8428 -0.5372
vn 0.1375 -0.8326 -0.5365
vn 0.1375 -0.8334 -0.5354
vn 0.2958 -0.7900 -0.5371
vn 0.2957 -0.7899 -0.5373
vn 0.4623 -0.7051 -0.5376
vn 0.4621 -0.7048 -0.5383
vn 0.6331 -0.5538 -0.5409
vn 0.6323 -0.5528 -0.5428
vn 0.7443 -0.3830 -0.5471
vn 0.7434 -0.3823 -0.5488
vn 0.7956 -0.2494 -0.5521
vn 0.7947 -0.2489 -0.5536
vn 0.8163 -0.1578 -0.5557
vn 0.8155 -0.1576 -0.5570
vn 0.8261 -0.0772 -0.5581
vn 0.8245 -0.0770 -0.5606
vn 0.8267 -0.0308 -0.5617
vn 0.5459 -0.0285 -0.8374
vn 0.0042 -0.8425 -0.5387
vn 0.0028 -0.5583 -0.8296
vn 0.0220 -0.5581 -0.8295
vn 0.0220 -0.5589 -0.8290
vn 0.0898 -0.5528 -0.8285
vn 0.0899 -0.5536 -0.8279
vn 0.1932 -0.5248 -0.8290
vn 0.3023 -0.4700 -0.8293
vn 0.3023 -0.4699 -0.8293
vn 0.4143 -0.3711 -0.8310
vn 0.4135 -0.3703 -0.8318
vn 0.4865 -0.2589 -0.8344
vn 0.4852 -0.2582 -0.8354
vn 0.5189 -0.1713 -0.8375
vn 0.5183 -0.1710 -0.8379
vn 0.5320 -0.1116 -0.8393
vn 0.5311 -0.1113 -0.8400
vn 0.5382 -0.0590 -0.8407
vn 0.5370 -0.0588 -0.8415
vn 0.5383 -0.0288 -0.8423
vn 0.1864 -0.0223 -0.9822
vn 0.9315 -0.1568 -0.3283
vn 0.9907 -0.0261 -0.1332
vn 0.9782 -0.0523 -0.2007
vn 0.8267 -0.1265 -0.5483
vn 0.8257 -0.1271 -0.5496
vn 0.5384 -0.1837 -0.8224
vn 0.5363 -0.1845 -0.8236
vn 0.1822 -0.5603 -0.8080
vn 0.1830 -0.2107 -0.9603
vn 0.1804 -0.2113 -0.9606
vn 0.9855 -0.0939 -0.1414
vn 0.8262 -0.3188 -0.4644
vn 0.8264 -0.3187 -0.4642
vn 0.5378 -0.4794 -0.6936
vn 0.5372 -0.4795 -0.6939
vn 0.1812 -0.5606 -0.8081
vn 0.1847 -0.8251 -0.5340
vn 0.1804 -0.8262 -0.5336
vn 0.5377 -0.7051 -0.4623
vn 0.5402 -0.7040 -0.4610
vn 0.8277 -0.4658 -0.3128
vn 0.8283 -0.4653 -0.3123
vn 0.9813 -0.1545 -0.1149
vn 0.9553 -0.2304 -0.1853
vn 0.9802 -0.1903 -0.0556
vn 0.9777 -0.2025 -0.0560
vn 0.8296 -0.5464 -0.1148
vn 0.8313 -0.5438 -0.1149
vn 0.5393 -0.8269 -0.1595
vn 0.5433 -0.8241 -0.1600
vn 0.1803 -0.9675 -0.1775
vn 0.1868 -0.9660 -0.1787
vn 0.1878 -0.9821 0.0140
vn 0.1884 -0.9820 0.0140
vn 0.5501 -0.8351 0.0037
vn 0.5517 -0.8340 0.0036
vn 0.8367 -0.5476 -0.0076
vn 0.8384 -0.5450 -0.0077
vn 0.9817 -0.1897 -0.0172
vn 0.9819 -0.1884 -0.0173
vn 0.5409 -0.8258 -0.1595
vn 0.9694 -0.2400 -0.0510
vn 0.9866 -0.1297 -0.0992
vn 0.9795 -0.1670 -0.1127
vn 0.9790 -0.1109 -0.1711
vn 0.9823 -0.0982 -0.1594
vn 0.9753 -0.0478 -0.2155
vn 0.9858 -0.0249 -0.1662
vn 0.9705 0.0348 -0.2387
vn 0.9882 0.0411 -0.1474
vn 0.9693 0.1208 -0.2142
vn 0.9919 0.0924 -0.0868
vn 0.9611 0.1919 -0.1986
vn 0.9806 0.1834 -0.0693
vn 0.9885 0.1428 -0.0503
vn 0.8293 0.5417 -0.1374
vn 0.1890 0.9588 -0.2123
vn 0.1812 0.8053 -0.5646
vn 0.1879 0.8049 -0.5629
vn 0.1814 0.5290 -0.8290
vn 0.1860 0.5292 -0.8279
vn 0.1868 -0.0106 -0.9823
vn 0.2261 0.1710 -0.9590
vn 0.4786 0.0979 -0.8725
vn 0.1858 0.2898 -0.9389
vn 0.9805 -0.1889 -0.0532
vn 0.8329 -0.5414 -0.1145
vn 0.8293 -0.4638 -0.3116
vn 0.8305 -0.4626 -0.3103
vn 0.8283 -0.3147 -0.4636
vn 0.8291 -0.3143 -0.4624
vn 0.8285 -0.1196 -0.5470
vn 0.8286 -0.1196 -0.5469
vn 0.8297 0.0922 -0.5506
vn 0.8289 0.0926 -0.5516
vn 0.8314 0.2898 -0.4741
vn 0.8301 0.2913 -0.4754
vn 0.8338 0.4440 -0.3281
vn 0.8324 0.4462 -0.3288
vn 0.8365 0.5318 -0.1322
vn 0.5388 0.8203 -0.1917
vn 0.8314 -0.5438 -0.1143
vn 0.5449 -0.8231 -0.1601
vn 0.5394 -0.7043 -0.4615
vn 0.5425 -0.7030 -0.4598
vn 0.5392 -0.4770 -0.6941
vn 0.5408 -0.4767 -0.6931
vn 0.5396 -0.1792 -0.8226
vn 0.5395 -0.1791 -0.8227
vn 0.5411 0.1447 -0.8284
vn 0.5394 0.1453 -0.8294
vn 0.5432 0.4468 -0.7108
vn 0.5402 0.4486 -0.7121
vn 0.5457 0.6819 -0.4871
vn 0.5416 0.6847 -0.4877
vn 0.5481 0.8150 -0.1882
vn 0.1801 0.9600 -0.2142
vn 0.1849 -0.1390 -0.9729
vn 0.3926 -0.1955 -0.8987
vn 0.1864 -0.3246 -0.9273
vn 0.1841 -0.5591 -0.8084
vn 0.1818 -0.5597 -0.8085
vn 0.1856 -0.8252 -0.5335
vn 0.1811 -0.8264 -0.5331
vn 0.1875 -0.9658 -0.1791
vn 0.1809 -0.9673 -0.1779
vn 0.0006 0.1624 -0.9867
vn 0.0006 0.2964 -0.9551
vn -0.0216 0.3259 -0.9452
vn 0.0489 0.5393 -0.8407
vn -0.0042 0.5678 -0.8232
vn 0.0044 0.8081 -0.5890
vn 0.0423 0.8201 -0.5707
vn -0.0070 0.9180 -0.3966
vn 0.0545 0.9810 -0.1863
vn -0.0000 0.9770 -0.2130
vn 0.0314 0.1144 -0.9929
vn -0.0279 -0.0099 -0.9996
vn -0.0625 -0.0704 -0.9956
vn 0.0142 -0.1411 -0.9899
vn 0.0004 -0.2490 -0.9685
vn 0.0004 -0.3307 -0.9438
vn -0.0590 -0.4081 -0.9110
vn 0.1395 -0.6124 -0.7782
vn 0.0374 -0.5694 -0.8212
vn -0.0120 -0.7423 -0.6699
vn 0.0766 -0.8385 -0.5395
vn -0.0375 -0.8830 -0.4679
vn 0.0474 -0.9828 -0.1787
vn 0.0379 -0.5000 -0.8652
vn -0.0455 -0.2123 -0.9761
vn -0.0000 -0.1858 -0.9826
vn -0.1994 -0.7447 -0.6369
vn 0.1329 -0.8326 -0.5378
vn -0.0759 -0.5692 -0.8187
vn -0.0000 -0.9957 -0.0925
vn -0.0935 -0.9802 -0.1746
vn -0.0200 -0.9648 -0.2622
vn 0.0193 -0.9068 -0.4211
vn 0.0001 -0.0183 -0.9998
vn -0.0001 -0.0182 -0.9998
vn -0.0001 -0.0183 -0.9998
vn 0.0001 -0.0182 -0.9998
vn -0.0001 -0.0184 -0.9998
vn -0.0000 -0.0184 -0.9998
vn 0.0001 -0.0184 -0.9998
vn -0.5458 -0.0290 -0.8374
vn -0.0181 -0.8529 -0.5217
vn -0.0063 -0.9848 -0.1736
vn -0.0023 -0.2012 -0.9795
vn -0.0060 -0.2970 -0.9549
vn -0.0111 -0.2010 -0.9795
vn -0.0269 -0.1998 -0.9795
vn -0.0372 -0.2525 -0.9669
vn -0.0455 -0.1955 -0.9796
vn -0.0626 -0.1909 -0.9796
vn -0.0481 -0.1386 -0.9892
vn -0.1519 -0.2561 -0.9547
vn -0.1049 -0.1688 -0.9801
vn -0.1333 -0.1447 -0.9805
vn -0.1978 -0.1943 -0.9608
vn -0.1483 -0.1245 -0.9811
vn -0.1632 -0.1024 -0.9813
vn -0.1232 -0.0778 -0.9893
vn -0.2146 -0.0841 -0.9731
vn -0.1752 -0.0683 -0.9822
vn -0.1793 -0.0512 -0.9825
vn -0.1545 -0.0446 -0.9870
vn -0.2220 -0.0362 -0.9744
vn -0.1809 -0.0314 -0.9830
vn -0.1813 -0.0222 -0.9832
vn -0.1864 -0.0226 -0.9822
vn -0.0429 -0.9842 -0.1718
vn -0.1538 -0.9731 -0.1715
vn -0.1538 -0.9732 -0.1710
vn -0.3342 -0.9266 -0.1723
vn -0.3342 -0.9265 -0.1731
vn -0.5274 -0.8315 -0.1743
vn -0.5274 -0.8312 -0.1760
vn -0.7319 -0.6574 -0.1790
vn -0.7318 -0.6569 -0.1815
vn -0.8711 -0.4547 -0.1857
vn -0.8707 -0.4543 -0.1884
vn -0.9367 -0.2931 -0.1917
vn -0.9363 -0.2928 -0.1939
vn -0.9635 -0.1822 -0.1961
vn -0.9631 -0.1820 -0.1981
vn -0.9762 -0.0846 -0.1997
vn -0.9755 -0.0844 -0.2033
vn -0.9785 -0.0280 -0.2046
vn -0.9791 -0.0281 -0.2014
vn -0.8268 -0.0305 -0.5617
vn -0.8243 -0.0786 -0.5607
vn -0.8260 -0.0785 -0.5582
vn -0.8147 -0.1612 -0.5570
vn -0.8157 -0.1612 -0.5556
vn -0.7928 -0.2552 -0.5535
vn -0.7937 -0.2553 -0.5521
vn -0.7381 -0.3924 -0.5488
vn -0.7394 -0.3929 -0.5467
vn -0.6214 -0.5653 -0.5425
vn -0.6224 -0.5658 -0.5409
vn -0.4481 -0.7136 -0.5385
vn -0.4484 -0.7139 -0.5378
vn -0.2839 -0.7940 -0.5375
vn -0.2839 -0.7942 -0.5373
vn -0.1307 -0.8342 -0.5358
vn -0.1306 -0.8335 -0.5368
vn -0.0179 -0.8433 -0.5372
vn -0.0179 -0.8424 -0.5386
vn -0.8317 -0.0309 -0.5544
vn -0.5377 -0.0285 -0.8426
vn -0.5363 -0.0598 -0.8419
vn -0.5378 -0.0598 -0.8409
vn -0.5303 -0.1137 -0.8401
vn -0.5311 -0.1137 -0.8397
vn -0.5164 -0.1749 -0.8383
vn -0.5174 -0.1751 -0.8376
vn -0.4817 -0.2647 -0.8354
vn -0.4829 -0.2652 -0.8345
vn -0.4061 -0.3783 -0.8319
vn -0.4071 -0.3788 -0.8311
vn -0.2930 -0.4753 -0.8296
vn -0.2931 -0.4755 -0.8295
vn -0.1854 -0.5272 -0.8292
vn -0.1852 -0.5271 -0.8294
vn -0.0854 -0.5536 -0.8284
vn -0.0852 -0.5527 -0.8290
vn -0.0117 -0.5587 -0.8293
vn -0.0116 -0.5582 -0.8296
vn -0.9320 -0.3267 -0.1569
vn -0.9927 -0.1174 -0.0286
vn -0.9795 -0.1937 -0.0549
vn -0.8312 -0.5443 -0.1136
vn -0.8262 -0.5512 -0.1164
vn -0.5432 -0.8245 -0.1583
vn -0.5361 -0.8287 -0.1606
vn -0.1805 -0.8262 -0.5337
vn -0.1868 -0.9663 -0.1768
vn -0.1791 -0.9675 -0.1784
vn -0.9862 -0.1317 -0.1002
vn -0.8276 -0.4663 -0.3124
vn -0.8282 -0.4655 -0.3121
vn -0.5379 -0.7056 -0.4612
vn -0.5403 -0.7040 -0.4609
vn -0.1847 -0.8260 -0.5326
vn -0.1812 -0.5611 -0.8077
vn -0.1822 -0.5611 -0.8074
vn -0.5376 -0.4799 -0.6933
vn -0.5374 -0.4800 -0.6934
vn -0.8261 -0.3193 -0.4642
vn -0.8263 -0.3191 -0.4641
vn -0.9804 -0.1097 -0.1639
vn -0.9548 -0.1815 -0.2355
vn -0.9781 -0.0541 -0.2008
vn -0.9756 -0.0549 -0.2126
vn -0.8257 -0.1271 -0.5497
vn -0.8266 -0.1271 -0.5483
vn -0.5365 -0.1844 -0.8235
vn -0.5382 -0.1846 -0.8223
vn -0.1802 -0.2112 -0.9607
vn -0.1829 -0.2116 -0.9601
vn -0.1884 -0.9820 0.0140
vn -0.1867 -0.9823 0.0140
vn -0.5516 -0.8341 0.0036
vn -0.5470 -0.8371 0.0037
vn -0.8383 -0.5452 -0.0077
vn -0.8334 -0.5526 -0.0075
vn -0.9819 -0.1885 -0.0172
vn -0.9810 -0.1931 -0.0171
vn -0.1867 0.5100 -0.8397
vn -0.1873 -0.9662 -0.1769
vn -0.1808 -0.9672 -0.1783
vn -0.1856 -0.8257 -0.5327
vn -0.1810 -0.8260 -0.5339
vn -0.5393 -0.7048 -0.4609
vn -0.5448 -0.8235 -0.1583
vn -0.5407 -0.8259 -0.1597
vn -0.5397 -0.1801 -0.8224
vn -0.5406 -0.4771 -0.6929
vn -0.8283 -0.3154 -0.4631
vn -0.8305 -0.4623 -0.3107
vn -0.1837 -0.5603 -0.8077
vn -0.1816 -0.5602 -0.8082
vn -0.5390 -0.4780 -0.6935
vn -0.5423 -0.7027 -0.4605
vn -0.8293 -0.4641 -0.3113
vn -0.8328 -0.5418 -0.1135
vn -0.8312 -0.5440 -0.1145
vn -0.2160 0.1104 -0.9701
vn -0.1869 -0.0109 -0.9823
vn -0.1825 -0.2100 -0.9605
vn -0.4914 -0.1246 -0.8620
vn -0.1859 -0.3251 -0.9272
vn -0.1861 0.2896 -0.9389
vn -0.3925 0.1591 -0.9059
vn -0.5411 0.1442 -0.8285
vn -0.5395 -0.1802 -0.8225
vn -0.8284 -0.1203 -0.5471
vn -0.8290 -0.3146 -0.4624
vn -0.9678 -0.1383 -0.2102
vn -0.9908 -0.1057 -0.0839
vn -0.9594 -0.2079 -0.1905
vn -0.9869 -0.1543 -0.0469
vn -0.9800 -0.1891 -0.0615
vn -0.1875 0.6636 -0.7242
vn -0.2769 0.5150 -0.8113
vn -0.5430 0.4468 -0.7110
vn -0.5391 0.1439 -0.8299
vn -0.8294 0.0918 -0.5510
vn -0.9699 -0.0529 -0.2379
vn -0.9878 -0.0560 -0.1455
vn -0.9809 0.1539 -0.1185
vn -0.9878 0.1163 -0.1034
vn -0.8321 0.4461 -0.3296
vn -0.9832 0.0829 -0.1628
vn -0.9799 0.0953 -0.1752
vn -0.8301 0.2905 -0.4761
vn -0.8336 0.4445 -0.3277
vn -0.5414 0.6842 -0.4886
vn -0.1813 0.8059 -0.5635
vn -0.1876 0.8042 -0.5640
vn -0.5455 0.6826 -0.4863
vn -0.5399 0.4473 -0.7131
vn -0.8313 0.2899 -0.4743
vn -0.8288 0.0917 -0.5520
vn -0.9756 0.0306 -0.2173
vn -0.9859 0.0094 -0.1672
vn -0.1802 0.9602 -0.2134
vn -0.1890 0.9582 -0.2148
vn -0.5389 0.8206 -0.1901
vn -0.5481 0.8142 -0.1913
vn -0.8295 0.5419 -0.1350
vn -0.8365 0.5310 -0.1356
vn -0.9812 0.1838 -0.0596
vn -0.9710 0.2315 -0.0592
vn -0.1884 0.9818 -0.0218
vn -0.1876 0.9820 -0.0218
vn -0.5518 0.8336 -0.0265
vn -0.5498 0.8349 -0.0265
vn -0.8388 0.5438 -0.0271
vn -0.8366 0.5471 -0.0271
vn -0.9826 0.1843 -0.0235
vn -0.9825 0.1845 -0.0235
vn 0.0133 0.9770 -0.2128
vn 0.0299 0.1637 -0.9861
vn 0.0137 0.1652 -0.9862
vn 0.0125 0.2193 -0.9756
vn 0.0034 0.1338 -0.9910
vn 0.0022 0.1771 -0.9842
vn 0.0427 0.2241 -0.9736
vn 0.0508 0.1189 -0.9916
vn 0.0452 0.0990 -0.9941
vn 0.1428 0.2127 -0.9666
vn 0.1031 0.1348 -0.9855
vn 0.1295 0.1135 -0.9851
vn 0.1918 0.1652 -0.9674
vn 0.1445 0.0944 -0.9850
vn 0.1608 0.0722 -0.9843
vn 0.1187 0.0440 -0.9920
vn 0.2183 0.0549 -0.9743
vn 0.1748 0.0358 -0.9840
vn 0.1794 0.0173 -0.9836
vn 0.1622 0.0125 -0.9867
vn 0.2097 -0.0004 -0.9778
vn 0.1813 -0.0040 -0.9834
vn 0.1814 -0.0143 -0.9833
vn 0.1818 -0.0143 -0.9832
vn 0.5373 -0.0047 -0.8434
vn 0.8264 0.0062 -0.5630
vn 0.5385 -0.0046 -0.8426
vn 0.5370 0.0293 -0.8431
vn 0.5390 0.0294 -0.8418
vn 0.5302 0.0889 -0.8432
vn 0.5312 0.0890 -0.8426
vn 0.5140 0.1559 -0.8435
vn 0.5153 0.1561 -0.8427
vn 0.4743 0.2510 -0.8438
vn 0.4756 0.2516 -0.8429
vn 0.3954 0.3614 -0.8444
vn 0.3960 0.3619 -0.8439
vn 0.2878 0.4491 -0.8459
vn 0.2880 0.4493 -0.8457
vn 0.1899 0.4963 -0.8471
vn 0.1897 0.4961 -0.8473
vn 0.0951 0.5227 -0.8472
vn 0.0947 0.5212 -0.8481
vn 0.0285 0.5280 -0.8488
vn 0.0285 0.5275 -0.8491
vn 0.0074 0.5281 -0.8492
vn 0.0083 0.5403 -0.8415
vn 0.0117 0.8211 -0.5707
vn 0.0118 0.8233 -0.5675
vn 0.0437 0.8223 -0.5673
vn 0.0438 0.8233 -0.5659
vn 0.1452 0.8123 -0.5649
vn 0.1454 0.8132 -0.5636
vn 0.2906 0.7731 -0.5637
vn 0.2906 0.7733 -0.5636
vn 0.4406 0.7005 -0.5614
vn 0.4405 0.7004 -0.5616
vn 0.6057 0.5667 -0.5585
vn 0.6047 0.5660 -0.5604
vn 0.7280 0.3984 -0.5579
vn 0.7266 0.3979 -0.5602
vn 0.7901 0.2529 -0.5584
vn 0.7885 0.2526 -0.5608
vn 0.8153 0.1500 -0.5593
vn 0.8143 0.1499 -0.5608
vn 0.8273 0.0585 -0.5587
vn 0.8252 0.0584 -0.5618
vn 0.8277 0.0064 -0.5611
vn 0.0136 0.9784 -0.2064
vn 0.0516 0.9771 -0.2062
vn 0.0515 0.9775 -0.2044
vn 0.1710 0.9640 -0.2038
vn 0.1709 0.9643 -0.2021
vn 0.3419 0.9178 -0.2017
vn 0.3418 0.9178 -0.2020
vn 0.5178 0.8318 -0.2000
vn 0.5177 0.8315 -0.2013
vn 0.7113 0.6743 -0.1981
vn 0.7111 0.6738 -0.2007
vn 0.8562 0.4774 -0.1974
vn 0.8558 0.4768 -0.2008
vn 0.9310 0.3067 -0.1981
vn 0.9305 0.3062 -0.2010
vn 0.9623 0.1856 -0.1990
vn 0.9618 0.1853 -0.2017
vn 0.9758 0.0882 -0.1999
vn 0.9178 0.0691 -0.3910
vn 0.9782 0.0397 -0.2037
vn 0.9790 0.0159 -0.2032
vn 0.9739 0.0163 -0.2265
vn 0.9786 0.0056 -0.2058
vn 0.0002 -0.0182 -0.9998
vn -0.0116 0.8234 -0.5674
vn -0.0135 0.9770 -0.2128
vn -0.1692 0.1475 -0.9745
vn -0.1273 0.0584 -0.9902
vn -0.1597 0.0739 -0.9844
vn -0.0511 0.2792 -0.9589
vn -0.0417 0.1092 -0.9931
vn -0.0627 0.1558 -0.9858
vn -0.0814 0.1472 -0.9858
vn -0.1281 0.1941 -0.9726
vn -0.0996 0.1373 -0.9855
vn -0.1293 0.1139 -0.9850
vn -0.0022 0.1771 -0.9842
vn -0.0039 0.1162 -0.9932
vn -0.0106 0.1885 -0.9820
vn -0.0161 0.1651 -0.9861
vn -0.0275 0.1640 -0.9861
vn -0.0075 0.5403 -0.8414
vn -0.0080 0.5280 -0.8492
vn -0.0280 0.5275 -0.8491
vn -0.0280 0.5284 -0.8485
vn -0.0925 0.5220 -0.8479
vn -0.0926 0.5232 -0.8472
vn -0.1852 0.4979 -0.8472
vn -0.2828 0.4523 -0.8458
vn -0.2828 0.4523 -0.8459
vn -0.3913 0.3670 -0.8439
vn -0.3910 0.3665 -0.8443
vn -0.4732 0.2570 -0.8426
vn -0.4717 0.2560 -0.8438
vn -0.5142 0.1600 -0.8426
vn -0.0429 0.8225 -0.5672
vn -0.0429 0.8233 -0.5660
vn -0.1417 0.8128 -0.5650
vn -0.1418 0.8138 -0.5636
vn -0.2837 0.7758 -0.5636
vn -0.2837 0.7760 -0.5633
vn -0.4328 0.7055 -0.5612
vn -0.4327 0.7052 -0.5617
vn -0.5982 0.5744 -0.5587
vn -0.5974 0.5735 -0.5605
vn -0.7236 0.4064 -0.5579
vn -0.7223 0.4055 -0.5603
vn -0.7881 0.2587 -0.5585
vn -0.7867 0.2579 -0.5608
vn -0.8147 0.1530 -0.5593
vn -0.9758 0.0893 -0.1998
vn -0.9611 0.1888 -0.2016
vn -0.9616 0.1888 -0.1993
vn -0.9282 0.3130 -0.2013
vn -0.9289 0.3130 -0.1980
vn -0.8505 0.4861 -0.2007
vn -0.8512 0.4863 -0.1974
vn -0.7025 0.6828 -0.2007
vn -0.7029 0.6831 -0.1981
vn -0.5085 0.8372 -0.2012
vn -0.5087 0.8374 -0.2000
vn -0.3336 0.9208 -0.2020
vn -0.3336 0.9208 -0.2018
vn -0.1667 0.9650 -0.2023
vn -0.1667 0.9647 -0.2038
vn -0.0505 0.9776 -0.2044
vn -0.0505 0.9772 -0.2062
vn -0.0132 0.9784 -0.2063
vn -0.0118 0.8211 -0.5707
vn -0.1808 0.0048 -0.9835
vn -0.2688 0.0051 -0.9632
vn -0.5372 0.0299 -0.8429
vn -0.1225 0.0110 -0.9924
vn -0.1789 0.0179 -0.9837
vn -0.5300 0.0907 -0.8431
vn -0.5390 0.0302 -0.8417
vn -0.8252 0.0593 -0.5617
vn -0.9783 0.0399 -0.2035
vn -0.9180 0.0704 -0.3904
vn -0.8272 0.0597 -0.5587
vn -0.8137 0.1526 -0.5608
vn -0.5307 0.0909 -0.8427
vn -0.5127 0.1593 -0.8436
vn -0.2291 0.0604 -0.9715
vn -0.1707 0.0491 -0.9841
vn -0.9784 0.0160 -0.2060
vn -0.9790 0.0160 -0.2031
vn -0.8265 0.0064 -0.5629
vn -0.8277 0.0064 -0.5612
vn -0.5376 -0.0045 -0.8432
vn -0.5386 -0.0046 -0.8426
vn -0.1816 -0.0143 -0.9833
vn -0.1239 -0.0134 -0.9922
vn -0.9322 0.1402 -0.3336
vn -0.9910 0.0159 -0.1328
vn -0.9776 0.0415 -0.2063
vn -0.8271 0.1014 -0.5528
vn -0.8208 0.1050 -0.5615
vn -0.5385 0.1501 -0.8292
vn -0.5287 0.1533 -0.8348
vn -0.1817 -0.0123 -0.9833
vn -0.1802 -0.0029 -0.9836
vn -0.1310 0.1748 -0.9759
vn -0.1828 0.1837 -0.9658
vn -0.1832 0.5297 -0.8282
vn -0.9860 0.0839 -0.1441
vn -0.8276 0.2981 -0.4756
vn -0.8275 0.2981 -0.4758
vn -0.5392 0.4517 -0.7108
vn -0.5380 0.4518 -0.7116
vn -0.1812 0.5303 -0.8282
vn -0.1856 0.8046 -0.5640
vn -0.1805 0.8060 -0.5637
vn -0.5390 0.6864 -0.4882
vn -0.5418 0.6852 -0.4867
vn -0.8291 0.4513 -0.3299
vn -0.8299 0.4505 -0.3290
vn -0.9820 0.1460 -0.1200
vn -0.9564 0.2193 -0.1931
vn -0.9811 0.1835 -0.0619
vn -0.9785 0.1963 -0.0627
vn -0.8317 0.5387 -0.1344
vn -0.8330 0.5367 -0.1344
vn -0.5411 0.8193 -0.1896
vn -0.5449 0.8167 -0.1900
vn -0.1810 0.9602 -0.2128
vn -0.1875 0.9587 -0.2139
vn 0.0002 -0.0147 -0.9999
vn -0.0000 -0.0122 -0.9999
vn -0.0000 -0.0049 -1.0000
vn 0.0001 -0.0053 -1.0000
vn -0.0000 0.1861 -0.9825
vn -0.0000 0.9928 -0.1197
vn 0.0954 0.9730 -0.2102
vn -0.0689 0.9221 -0.3808
vn 0.0885 0.8186 -0.5676
vn -0.0553 0.7451 -0.6647
vn 0.0677 0.5395 -0.8393
vn -0.0273 0.4842 -0.8745
vn 0.0338 0.1677 -0.9853
vn -0.7964 -0.6048 0.0043
vn -0.9998 -0.0042 -0.0201
vn -0.9998 -0.0053 -0.0208
vn -0.9998 -0.0052 -0.0206
vn -0.9998 -0.0049 -0.0205
vn -0.9998 -0.0047 -0.0203
vn -0.9998 -0.0044 -0.0202
vn -0.9997 0.0084 -0.0217
vn -0.9998 0.0061 -0.0194
vn -0.9996 0.0083 -0.0258
vn -0.9998 0.0048 -0.0214
vn -0.9998 0.0035 -0.0206
vn -0.9914 0.0836 -0.1007
vn -0.9998 0.0053 -0.0205
vn -0.9998 -0.0020 -0.0194
vn -0.9998 -0.0043 -0.0201
vn -0.9998 -0.0041 -0.0200
vn -0.9997 -0.0101 -0.0210
vn -0.9997 -0.0115 -0.0208
vn -0.9997 -0.0130 -0.0208
vn -0.9997 -0.0142 -0.0220
vn -0.9997 -0.0128 -0.0213
vn -0.9997 -0.0118 -0.0215
vn -0.9997 -0.0122 -0.0211
vn -0.9997 -0.0094 -0.0209
vn -0.9997 -0.0099 -0.0214
vn -0.9997 -0.0090 -0.0211
vn -0.9997 -0.0111 -0.0222
vn -0.9997 -0.0105 -0.0229
vn -0.9997 -0.0140 -0.0183
vn -0.9997 -0.0074 -0.0217
vn -0.9997 -0.0083 -0.0211
vn -0.9998 -0.0062 -0.0208
vn -0.9998 -0.0058 -0.0208
vn -0.9982 -0.0584 -0.0122
vn -0.9957 -0.0907 -0.0159
vn -0.9995 -0.0272 -0.0178
vn -0.9930 -0.1178 -0.0128
vn -0.9876 -0.1568 -0.0112
vn -0.9781 -0.2078 -0.0078
vn -0.9706 -0.2405 -0.0091
vn -0.9447 -0.3278 -0.0042
vn -0.8845 -0.4665 -0.0035
vn -0.9166 -0.3997 0.0017
vn -0.8267 -0.5626 0.0016
vn -0.6817 -0.7316 0.0079
vn -0.7070 -0.7072 0.0095
vn -0.5309 -0.8474 0.0105
vn -0.5414 -0.8407 0.0110
vn -0.3854 -0.9226 0.0155
vn -0.4025 -0.9153 0.0164
vn -0.2704 -0.9626 0.0147
vn -0.1047 -0.9944 0.0144
vn -0.1718 -0.9851 0.0081
vn -0.1124 -0.9935 0.0196
vn -0.2769 -0.9608 0.0150
vn -0.0079 -0.9999 0.0148
vn -0.0472 -0.9987 0.0180
vn -0.0071 -0.9999 0.0144
vn -0.0059 -0.9999 0.0148
vn -0.9998 0.0083 -0.0195
vn -0.9996 0.0219 -0.0196
vn -0.9999 -0.0021 -0.0150
vn -0.9975 0.0682 -0.0194
vn -0.9993 0.0353 -0.0146
vn -0.9893 0.1455 -0.0141
vn -0.9630 0.2683 -0.0258
vn -0.3458 0.9383 -0.0085
vn -0.4823 0.8759 -0.0137
vn -0.5678 0.8231 -0.0123
vn -0.5953 0.8034 -0.0132
vn -0.7110 0.7031 -0.0115
vn -0.7498 0.6615 -0.0146
vn -0.8242 0.5663 -0.0117
vn -0.8523 0.5229 -0.0123
vn -0.9035 0.4283 -0.0113
vn -0.9293 0.3690 -0.0152
vn -0.9867 0.1622 -0.0061
vn -0.4185 0.9081 -0.0166
vn -0.2783 0.9604 -0.0131
vn -0.1825 0.9831 -0.0165
vn -0.1620 0.9867 -0.0145
vn -0.0869 0.9961 -0.0159
vn -0.0569 0.9983 -0.0149
vn -0.0141 0.9997 -0.0206
vn -0.0221 0.9996 -0.0183
vn -0.9126 0.3595 -0.1948
vn -0.8284 -0.0125 -0.5600
vn -0.2719 -0.9470 -0.1711
vn -0.0010 -0.8889 -0.4580
vn -0.0079 -0.9986 -0.0520
vn -0.0035 0.2624 -0.9649
vn -0.0488 0.9505 -0.3070
vn -0.0220 0.9946 -0.1014
vn -0.0068 0.9672 -0.2540
vn -0.0007 -0.7772 -0.6293
vn -0.0062 -0.8448 -0.5351
vn -0.0301 -0.8444 -0.5349
vn -0.0303 -0.8451 -0.5338
vn -0.1123 -0.8379 -0.5341
vn -0.1124 -0.8380 -0.5339
vn -0.2218 -0.8162 -0.5336
vn -0.9678 -0.1572 -0.1968
vn -0.9731 -0.1190 -0.1975
vn -0.9399 -0.0734 -0.3336
vn -0.8284 -0.0185 -0.5599
vn -0.8292 -0.0184 -0.5586
vn -0.8274 -0.0696 -0.5572
vn -0.8294 -0.0693 -0.5544
vn -0.8143 -0.1774 -0.5527
vn -0.8154 -0.1772 -0.5511
vn -0.7735 -0.3196 -0.5473
vn -0.7754 -0.3197 -0.5446
vn -0.6906 -0.4772 -0.5435
vn -0.6915 -0.4772 -0.5422
vn -0.5918 -0.5987 -0.5398
vn -0.9184 -0.2337 -0.3194
vn -0.9789 -0.2012 -0.0350
vn -0.8551 -0.3799 -0.3527
vn -0.9111 -0.3676 -0.1865
vn -0.8109 -0.5556 -0.1838
vn -0.8146 -0.5537 -0.1731
vn -0.6923 -0.6965 -0.1888
vn -0.6963 -0.6953 -0.1778
vn -0.5314 -0.8289 -0.1750
vn -0.8311 0.0421 -0.5545
vn -0.0159 0.7639 -0.6451
vn -0.0033 0.8259 -0.5638
vn -0.0428 0.8249 -0.5636
vn -0.0426 0.8260 -0.5621
vn -0.1291 0.8169 -0.5621
vn -0.1290 0.8174 -0.5615
vn -0.2403 0.7926 -0.5603
vn -0.2403 0.7930 -0.5599
vn -0.4250 0.7140 -0.5564
vn -0.8161 0.1546 -0.5569
vn -0.8174 0.1554 -0.5547
vn -0.7739 0.3028 -0.5562
vn -0.8289 0.0415 -0.5579
vn -0.8302 -0.0123 -0.5574
vn -0.9736 -0.0069 -0.2280
vn -0.9776 -0.0081 -0.2103
vn -0.8366 0.5103 -0.1992
vn -0.7228 0.5943 -0.3528
vn -0.6463 0.5275 -0.5515
vn -0.4250 0.7141 -0.5563
vn -0.7334 0.6438 -0.2181
vn -0.5857 0.7877 -0.1912
vn -0.4701 0.7936 -0.3863
vn -0.4633 0.8367 -0.2920
vn -0.2864 0.9556 -0.0696
vn -0.3116 0.8377 -0.4486
vn -0.1538 0.9876 0.0317
vn -0.1794 0.9628 -0.2020
vn -0.0855 0.9755 -0.2027
vn -0.9761 -0.0056 -0.2175
vn -0.9871 0.0324 -0.1567
vn -0.9375 0.0524 -0.3440
vn -0.9863 0.1616 -0.0326
vn -0.9568 0.1892 -0.2209
vn -0.9162 0.3678 -0.1590
vn -0.7757 0.3043 -0.5529
vn -0.6452 0.5257 -0.5544
vn -0.2093 -0.0048 -0.9779
vn -0.1797 -0.0171 -0.9836
vn -0.1909 -0.0184 -0.9814
vn -0.1983 0.0624 -0.9781
vn -0.1756 0.0469 -0.9833
vn -0.1835 0.0192 -0.9828
vn -0.1981 0.0252 -0.9799
vn -0.1723 -0.0031 -0.9850
vn -0.1827 0.1340 -0.9740
vn -0.1513 0.0943 -0.9840
vn -0.1658 0.0688 -0.9838
vn -0.0098 0.0804 -0.9967
vn -0.0040 0.1494 -0.9888
vn -0.0106 0.1892 -0.9819
vn -0.0179 0.1663 -0.9859
vn -0.0299 0.1738 -0.9843
vn -0.0303 0.1676 -0.9854
vn -0.0540 0.1626 -0.9852
vn -0.0542 0.1647 -0.9849
vn -0.0944 0.1432 -0.9852
vn -0.0955 0.1463 -0.9846
vn -0.1280 0.1195 -0.9846
vn -0.2054 -0.0998 -0.9736
vn -0.0003 -0.2535 -0.9673
vn 0.0059 -0.2051 -0.9787
vn -0.0067 -0.2051 -0.9787
vn -0.0068 -0.2053 -0.9787
vn -0.0292 -0.2033 -0.9787
vn -0.0220 -0.1801 -0.9834
vn -0.0665 -0.2329 -0.9702
vn -0.0498 -0.1993 -0.9787
vn -0.0825 -0.1868 -0.9789
vn -0.1165 -0.2238 -0.9677
vn -0.1087 -0.1705 -0.9793
vn -0.1427 -0.1425 -0.9795
vn -0.0059 -0.6018 -0.7987
vn -0.0009 -0.5633 -0.8263
vn -0.0197 -0.5631 -0.8261
vn -0.0199 -0.5640 -0.8255
vn -0.0738 -0.5592 -0.8257
vn -0.0739 -0.5594 -0.8256
vn -0.1457 -0.5455 -0.8254
vn -0.1459 -0.5457 -0.8252
vn -0.2721 -0.4962 -0.8245
vn -0.0010 -0.9710 -0.2390
vn -0.0091 -0.9937 -0.1119
vn -0.0345 -0.9602 -0.2771
vn -0.1124 -0.9935 0.0175
vn -0.1332 -0.9837 -0.1209
vn -0.2574 -0.9396 -0.2256
vn -0.2218 -0.8163 -0.5334
vn -0.4131 -0.7389 -0.5323
vn -0.2726 -0.4967 -0.8240
vn -0.4284 -0.3678 -0.8254
vn -0.1682 -0.1564 -0.9733
vn -0.1576 -0.0966 -0.9828
vn -0.1853 -0.0188 -0.9825
vn -0.1845 -0.0194 -0.9826
vn -0.1894 -0.0198 -0.9817
vn -0.1854 -0.0203 -0.9824
vn -0.1852 -0.0312 -0.9822
vn -0.2100 -0.0305 -0.9772
vn -0.1624 -0.0513 -0.9854
vn -0.1836 -0.0522 -0.9816
vn -0.1766 -0.0771 -0.9813
vn -0.9678 -0.0611 -0.2443
vn -0.9823 -0.0170 -0.1868
vn -0.9741 -0.0137 -0.2257
vn -0.9787 -0.0114 -0.2049
vn -0.9786 -0.0086 -0.2057
vn -0.0115 0.4860 -0.8739
vn -0.0062 0.5337 -0.8456
vn -0.0281 0.5333 -0.8455
vn -0.0280 0.5344 -0.8448
vn -0.0848 0.5283 -0.8448
vn -0.0848 0.5287 -0.8446
vn -0.1581 0.5128 -0.8438
vn -0.1581 0.5135 -0.8434
vn -0.2802 0.4625 -0.8411
vn -0.2804 0.4631 -0.8408
vn -0.4275 0.3402 -0.8376
vn -0.4263 0.3386 -0.8388
vn -0.5112 0.1918 -0.8378
vn -0.5091 0.1903 -0.8394
vn -0.5370 0.0934 -0.8384
vn -0.5357 0.0928 -0.8393
vn -0.5458 0.0190 -0.8377
vn -0.5436 0.0186 -0.8391
vn -0.5443 -0.0167 -0.8387
vn -0.5427 -0.0168 -0.8398
vn -0.5427 -0.0207 -0.8397
vn -0.5434 -0.0207 -0.8392
vn -0.5425 -0.0542 -0.8383
vn -0.5443 -0.0541 -0.8371
vn -0.5343 -0.1250 -0.8360
vn -0.5355 -0.1249 -0.8353
vn -0.5086 -0.2186 -0.8328
vn -0.5105 -0.2189 -0.8315
vn -0.4538 -0.3222 -0.8308
vn -0.2708 -0.2865 -0.9190
vn -0.5926 -0.5988 -0.5387
vn -0.4550 -0.8096 -0.3707
vn -0.3951 -0.9023 -0.1724
vn -0.0011 -0.9998 0.0183
vn -0.0185 -0.9997 0.0174
vn -0.0360 -0.9992 0.0183
vn -0.1554 -0.9877 0.0180
vn -0.2955 -0.9552 0.0174
vn -0.3694 -0.9291 0.0158
vn -0.4387 -0.8985 0.0164
vn -0.5802 -0.8143 0.0149
vn -0.7050 -0.7091 0.0115
vn -0.7532 -0.6576 0.0120
vn -0.8946 -0.4467 0.0082
vn -0.9482 -0.3176 0.0058
vn -0.9751 -0.2216 0.0028
vn -0.9831 -0.1832 0.0033
vn -0.9982 -0.0602 0.0011
vn -0.9993 -0.0383 -0.0002
vn -0.9999 -0.0128 0.0002
vn -1.0000 -0.0080 0.0001
vn -1.0000 -0.0048 0.0001
vn -1.0000 0.0050 -0.0001
vn -0.9963 0.0862 -0.0016
vn -0.9771 0.2127 -0.0039
vn -0.9599 0.2803 -0.0064
vn -0.9381 0.3462 -0.0063
vn -0.8862 0.4632 -0.0085
vn -0.8259 0.5637 -0.0110
vn -0.8032 0.5956 -0.0109
vn -0.6816 0.7316 -0.0134
vn -0.5456 0.8379 -0.0165
vn -0.5027 0.8643 -0.0158
vn -0.2843 0.9586 -0.0175
vn -0.2280 0.9735 -0.0191
vn -0.1612 0.9868 -0.0180
vn -0.0966 0.9952 -0.0182
vn -0.0967 0.9952 -0.0182
vn -0.0237 0.9996 -0.0183
vn 0.0136 -0.9997 0.0183
vn 0.0165 0.9997 -0.0183
vn 0.0719 0.9972 -0.0182
vn 0.1157 0.9931 -0.0193
vn 0.1591 0.9871 -0.0180
vn 0.2928 0.9560 -0.0175
vn 0.3356 0.9418 -0.0182
vn 0.4267 0.9043 -0.0165
vn 0.5553 0.8315 -0.0152
vn 0.6518 0.7582 -0.0155
vn 0.7276 0.6859 -0.0125
vn 0.8378 0.5459 -0.0100
vn 0.9059 0.4234 -0.0088
vn 0.9246 0.3809 -0.0070
vn 0.9791 0.2032 -0.0037
vn 0.9889 0.1485 -0.0041
vn 0.9954 0.0956 -0.0017
vn 0.9996 0.0300 -0.0005
vn 1.0000 0.0034 -0.0006
vn 1.0000 -0.0025 -0.0000
vn 0.9999 -0.0119 0.0002
vn 0.9972 -0.0751 0.0014
vn 0.9954 -0.0957 0.0011
vn 0.9892 -0.1465 0.0027
vn 0.9587 -0.2842 0.0052
vn 0.8236 -0.5670 0.0104
vn 0.8012 -0.5984 0.0100
vn 0.6745 -0.7382 0.0135
vn 0.5255 -0.8506 0.0155
vn 0.4622 -0.8867 0.0148
vn 0.3547 -0.9348 0.0171
vn 0.2546 -0.9669 0.0177
vn 0.1648 -0.9862 0.0169
vn 0.1325 -0.9910 0.0181
vn 0.0034 0.2625 -0.9649
vn 0.0009 -0.7772 -0.6293
vn 0.0012 -0.9986 -0.0520
vn 0.0069 0.9672 -0.2540
vn 0.0093 0.0804 -0.9967
vn 0.0029 0.1578 -0.9875
vn 0.0107 0.1906 -0.9816
vn 0.0132 0.1658 -0.9861
vn 0.0285 0.1641 -0.9860
vn 0.0286 0.1599 -0.9867
vn 0.0547 0.1652 -0.9847
vn 0.0541 0.1589 -0.9858
vn 0.0788 0.1489 -0.9857
vn 0.1153 0.1802 -0.9768
vn 0.1026 0.1358 -0.9854
vn 0.1349 0.1092 -0.9848
vn 0.1801 0.1334 -0.9746
vn 0.1540 0.0824 -0.9846
vn 0.1714 0.0524 -0.9838
vn 0.1722 0.0530 -0.9836
vn 0.1783 0.0188 -0.9838
vn 0.1792 0.0192 -0.9836
vn 0.1820 -0.0005 -0.9833
vn 0.2199 -0.0034 -0.9755
vn 0.1820 -0.0125 -0.9832
vn 0.1821 -0.0184 -0.9831
vn 0.1811 -0.0184 -0.9833
vn 0.1821 -0.0197 -0.9831
vn 0.1730 -0.0200 -0.9847
vn 0.2048 -0.0301 -0.9783
vn 0.1819 -0.0317 -0.9828
vn 0.1797 -0.0495 -0.9825
vn 0.2100 -0.0489 -0.9765
vn 0.1335 -0.0634 -0.9890
vn 0.1771 -0.0705 -0.9817
vn 0.1524 -0.1231 -0.9806
vn 0.1535 -0.1236 -0.9804
vn -0.0047 -0.2535 -0.9673
vn 0.0022 -0.1801 -0.9837
vn 0.0086 -0.2223 -0.9749
vn 0.0220 -0.1821 -0.9830
vn 0.0282 -0.1999 -0.9794
vn 0.0468 -0.1958 -0.9795
vn 0.0654 -0.2226 -0.9727
vn 0.0652 -0.1899 -0.9796
vn 0.1038 -0.1723 -0.9796
vn 0.1247 -0.2196 -0.9676
vn 0.1237 -0.1533 -0.9804
vn 0.0118 0.9785 -0.2060
vn 0.0504 0.9773 -0.2059
vn 0.0502 0.9777 -0.2037
vn 0.1521 0.9672 -0.2036
vn 0.1520 0.9674 -0.2028
vn 0.2820 0.9379 -0.2020
vn 0.2820 0.9380 -0.2018
vn 0.4955 0.8455 -0.1992
vn 0.4955 0.8451 -0.2004
vn 0.7528 0.6285 -0.1957
vn 0.7064 0.6197 -0.3421
vn 0.8380 0.5076 -0.2004
vn 0.9083 0.3694 -0.1963
vn 0.8511 0.3759 -0.3664
vn 0.9354 0.2915 -0.2001
vn 0.9607 0.1945 -0.1979
vn 0.9263 0.2075 -0.3145
vn 0.9679 0.1514 -0.2005
vn 0.9783 0.0603 -0.1984
vn 0.9558 0.0658 -0.2866
vn 0.9792 0.0126 -0.2026
vn 0.9793 -0.0032 -0.2023
vn 0.9731 -0.0066 -0.2301
vn 0.9784 -0.0084 -0.2065
vn 0.9784 -0.0129 -0.2064
vn 0.9787 -0.0128 -0.2048
vn 0.9785 -0.0268 -0.2045
vn 0.9571 -0.0620 -0.2829
vn 0.9772 -0.0722 -0.1997
vn 0.9649 -0.1729 -0.1979
vn 0.9654 -0.1725 -0.1957
vn 0.9280 -0.3189 -0.1926
vn 0.9287 -0.3185 -0.1897
vn 0.8069 -0.5613 -0.1838
vn 0.8079 -0.5611 -0.1800
vn 0.5488 -0.8174 -0.1751
vn 0.5493 -0.8175 -0.1731
vn 0.2995 -0.9384 -0.1723
vn 0.2997 -0.9385 -0.1716
vn 0.1504 -0.9736 -0.1715
vn 0.1504 -0.9736 -0.1716
vn 0.0413 -0.9844 -0.1713
vn 0.0412 -0.9841 -0.1728
vn 0.0052 -0.9849 -0.1729
vn 0.0011 -0.9710 -0.2390
vn 0.0054 0.7640 -0.6452
vn 0.0139 0.8237 -0.5669
vn 0.0426 0.8229 -0.5666
vn 0.0428 0.8239 -0.5651
vn 0.1291 0.8149 -0.5651
vn 0.1293 0.8152 -0.5645
vn 0.2397 0.7906 -0.5634
vn 0.2399 0.7909 -0.5630
vn 0.4220 0.7133 -0.5596
vn 0.4221 0.7133 -0.5595
vn 0.6424 0.5291 -0.5545
vn 0.6405 0.5283 -0.5574
vn 0.7725 0.3069 -0.5559
vn 0.7702 0.3067 -0.5592
vn 0.8149 0.1577 -0.5577
vn 0.8134 0.1579 -0.5599
vn 0.8290 0.0439 -0.5575
vn 0.8267 0.0441 -0.5609
vn 0.8281 -0.0123 -0.5604
vn 0.8263 -0.0122 -0.5630
vn 0.8263 -0.0179 -0.5629
vn 0.8270 -0.0180 -0.5619
vn 0.8258 -0.0592 -0.5608
vn 0.8276 -0.0596 -0.5581
vn 0.8165 -0.1530 -0.5567
vn 0.8174 -0.1535 -0.5552
vn 0.7866 -0.2768 -0.5520
vn 0.7878 -0.2777 -0.5497
vn 0.6865 -0.4837 -0.5430
vn 0.6879 -0.4854 -0.5396
vn 0.4675 -0.7035 -0.5353
vn 0.4675 -0.7036 -0.5351
vn 0.2545 -0.8048 -0.5361
vn 0.2545 -0.8047 -0.5364
vn 0.1277 -0.8340 -0.5368
vn 0.1277 -0.8339 -0.5370
vn 0.0349 -0.8431 -0.5366
vn 0.0350 -0.8422 -0.5380
vn 0.0062 -0.8428 -0.5382
vn 0.0010 -0.8890 -0.4580
vn 0.0060 0.4861 -0.8739
vn 0.0105 0.5285 -0.8489
vn 0.0278 0.5282 -0.8487
vn 0.0279 0.5293 -0.8480
vn 0.0843 0.5232 -0.8480
vn 0.0844 0.5235 -0.8478
vn 0.1565 0.5079 -0.8471
vn 0.1568 0.5085 -0.8467
vn 0.2763 0.4588 -0.8445
vn 0.2767 0.4592 -0.8441
vn 0.4220 0.3388 -0.8409
vn 0.4204 0.3379 -0.8421
vn 0.5057 0.1919 -0.8411
vn 0.5033 0.1915 -0.8426
vn 0.5318 0.0942 -0.8416
vn 0.5304 0.0942 -0.8425
vn 0.5408 0.0199 -0.8409
vn 0.5386 0.0200 -0.8423
vn 0.5393 -0.0167 -0.8420
vn 0.5378 -0.0166 -0.8429
vn 0.5377 -0.0204 -0.8429
vn 0.5384 -0.0204 -0.8425
vn 0.5378 -0.0472 -0.8418
vn 0.5394 -0.0475 -0.8407
vn 0.5321 -0.1084 -0.8397
vn 0.5329 -0.1088 -0.8391
vn 0.5133 -0.1892 -0.8371
vn 0.5148 -0.1900 -0.8360
vn 0.4500 -0.3254 -0.8316
vn 0.4516 -0.3271 -0.8301
vn 0.3067 -0.4708 -0.8272
vn 0.3064 -0.4703 -0.8276
vn 0.1662 -0.5350 -0.8283
vn 0.1662 -0.5346 -0.8286
vn 0.0833 -0.5531 -0.8289
vn 0.0833 -0.5529 -0.8291
vn 0.0227 -0.5591 -0.8288
vn 0.0228 -0.5582 -0.8294
vn 0.0047 -0.5584 -0.8296
vn 0.0007 -0.6018 -0.7987
vn 0.0011 -0.9999 0.0148
vn 0.0059 -0.9999 0.0148
vn 0.0036 -0.9999 0.0156
vn 0.0475 -0.9988 0.0152
vn 0.0420 -0.9990 0.0161
vn 0.1045 -0.9944 0.0170
vn 0.1532 -0.9881 0.0164
vn 0.1707 -0.9852 0.0178
vn 0.2688 -0.9631 0.0156
vn 0.3051 -0.9522 0.0133
vn 0.3834 -0.9234 0.0162
vn 0.5290 -0.8485 0.0099
vn 0.5591 -0.8290 0.0070
vn 0.6230 -0.7822 0.0086
vn 0.7132 -0.7009 0.0079
vn 0.8227 -0.5685 -0.0002
vn 0.7952 -0.6063 -0.0027
vn 0.9468 -0.3216 -0.0070
vn 0.9442 -0.3293 -0.0061
vn 0.8838 -0.4679 0.0014
vn 0.9974 -0.0701 -0.0165
vn 0.9957 -0.0916 -0.0130
vn 0.9849 -0.1728 -0.0114
vn 0.9852 -0.1709 -0.0116
vn 0.9714 -0.2374 -0.0073
vn 0.9998 -0.0054 -0.0207
vn 0.9998 -0.0055 -0.0207
vn 0.9997 -0.0096 -0.0212
vn 0.9997 -0.0101 -0.0234
vn 0.9997 -0.0235 -0.0055
vn 0.9997 -0.0085 -0.0230
vn 0.9997 -0.0077 -0.0240
vn 0.9997 -0.0107 -0.0225
vn 0.9997 -0.0117 -0.0215
vn 0.9997 -0.0153 -0.0181
vn 0.9995 -0.0223 -0.0207
vn 0.9995 -0.0229 -0.0224
vn 0.9997 -0.0102 -0.0216
vn 0.9997 -0.0104 -0.0219
vn 0.9994 -0.0236 -0.0251
vn 0.9985 -0.0287 -0.0469
vn 0.9988 -0.0279 -0.0411
vn 0.9997 -0.0119 -0.0192
vn 0.9995 -0.0148 -0.0270
vn 0.9998 0.0032 -0.0206
vn 0.9998 0.0068 -0.0205
vn 0.9998 0.0056 -0.0201
vn 0.9998 0.0040 -0.0201
vn 0.9997 0.0080 -0.0213
vn 0.9998 0.0062 -0.0195
vn 0.9998 0.0084 -0.0195
vn 0.9998 0.0037 -0.0208
vn 0.9998 0.0034 -0.0204
vn 0.9998 -0.0034 -0.0199
vn 0.9998 -0.0043 -0.0201
vn 0.9998 -0.0040 -0.0200
vn 0.9998 -0.0041 -0.0201
vn 0.9998 -0.0044 -0.0202
vn 0.9998 -0.0052 -0.0207
vn 0.9998 -0.0046 -0.0208
vn 0.9998 -0.0050 -0.0207
vn 0.9998 0.0090 -0.0195
vn 0.9998 -0.0000 -0.0194
vn 0.9996 0.0220 -0.0161
vn 0.9997 0.0161 -0.0159
vn 0.9975 0.0682 -0.0162
vn 0.9972 0.0734 -0.0166
vn 0.9894 0.1449 -0.0123
vn 0.9874 0.1577 -0.0128
vn 0.9632 0.2684 -0.0135
vn 0.9746 0.2236 -0.0091
vn 0.9537 0.3004 -0.0119
vn 0.9032 0.4290 -0.0129
vn 0.9124 0.4091 -0.0112
vn 0.8539 0.5203 -0.0122
vn 0.8236 0.5670 -0.0118
vn 0.7489 0.6625 -0.0152
vn 0.7104 0.7037 -0.0118
vn 0.5042 0.8635 -0.0136
vn 0.2779 0.9605 -0.0156
vn 0.4181 0.9083 -0.0116
vn 0.5672 0.8233 -0.0204
vn 0.0120 0.9998 -0.0183
vn 0.2870 0.9578 -0.0148
vn 0.1547 0.9879 -0.0138
vn 0.1616 0.9867 -0.0145
vn 0.0512 0.9986 -0.0166
vn 0.0567 0.9982 -0.0174
vn 0.0130 0.9998 -0.0179
vn 0.0141 0.9997 -0.0183
vn -0.0000 -0.0114 -0.9999
vn -0.0000 -0.0045 -1.0000
vn -0.0000 -0.0053 -1.0000
vn 0.0001 0.1013 -0.9949
vn -0.0853 0.1856 -0.9789
vn -0.1974 0.6397 -0.7428
vn 0.0153 0.4248 -0.9052
vn -0.0161 0.2667 -0.9636
vn 0.1330 0.5351 -0.8343
vn -0.0761 0.8197 -0.5677
vn 0.0384 0.8647 -0.5009
vn -0.0459 0.9763 -0.2117
vn -0.0000 0.9826 -0.1859
vn 0.9810 0.0987 -0.1668
vn 0.9557 0.1685 -0.2414
vn 0.9868 0.1236 -0.1044
vn 0.9337 0.3162 -0.1679
vn 0.9932 0.1121 -0.0322
vn 0.5409 0.8193 -0.1901
vn 0.8316 0.5388 -0.1346
vn 0.5449 0.8170 -0.1888
vn 0.5390 0.6871 -0.4871
vn 0.5419 0.6852 -0.4867
vn 0.5381 0.4526 -0.7111
vn 0.5391 0.4520 -0.7106
vn 0.9812 0.1836 -0.0599
vn 0.8330 0.5369 -0.1338
vn 0.8292 0.4517 -0.3293
vn 0.8299 0.4507 -0.3289
vn 0.8274 0.2986 -0.4756
vn 0.8276 0.2984 -0.4755
vn 0.1278 0.1855 -0.9743
vn 0.1803 -0.0033 -0.9836
vn 0.1813 -0.0100 -0.9834
vn 0.9775 0.0425 -0.2064
vn 0.9761 0.0427 -0.2130
vn 0.8210 0.1032 -0.5615
vn 0.8271 0.1037 -0.5523
vn 0.5287 0.1514 -0.8352
vn 0.5386 0.1526 -0.8286
vn 0.1826 0.1742 -0.9676
vn 0.1835 0.5307 -0.8275
vn 0.1812 0.5306 -0.8280
vn 0.1856 0.8056 -0.5626
vn 0.1805 0.8059 -0.5639
vn 0.1875 0.9591 -0.2123
vn 0.1811 0.9600 -0.2136
vn 0.9739 0.2262 -0.0197
vn 0.9978 0.0637 -0.0177
vn 0.9998 -0.0067 -0.0208
vn 0.9998 -0.0050 -0.0196
vn 0.9998 0.0021 -0.0205
vn 0.9998 0.0072 -0.0206
vn 0.9998 0.0031 -0.0207
vn 0.9998 -0.0005 -0.0208
vn 0.9998 -0.0043 -0.0204
vn 0.9998 -0.0047 -0.0201
vn 0.9997 -0.0110 -0.0202
vn 0.9996 -0.0210 -0.0204
vn 0.9997 -0.0141 -0.0208
vn 0.9998 -0.0070 -0.0211
vn 0.9998 0.0028 -0.0220
vn 0.9998 -0.0068 -0.0210
vn 0.9998 -0.0051 -0.0190
vn 0.9998 -0.0077 -0.0205
vn 0.9998 -0.0056 -0.0207
vn 0.9998 -0.0042 -0.0208
vn 0.9998 -0.0055 -0.0209
vn 0.9998 -0.0060 -0.0215
vn 0.9998 -0.0066 -0.0206
vn 0.9990 -0.0404 -0.0206
vn 0.9980 -0.0592 -0.0222
vn 0.9995 -0.0249 -0.0183
vn 0.9967 -0.0799 -0.0174
vn 0.9966 -0.0810 -0.0174
vn 0.9934 -0.1138 -0.0140
vn 0.9840 -0.1781 -0.0107
vn 0.9844 -0.1756 -0.0110
vn 0.9683 -0.2497 -0.0078
vn 0.9373 -0.3485 -0.0105
vn 0.8941 -0.4478 0.0048
vn 0.9576 -0.2880 -0.0077
vn 0.8772 -0.4802 0.0001
vn 0.7778 -0.6285 0.0049
vn 0.7586 -0.6515 0.0041
vn 0.6175 -0.7865 0.0112
vn 0.5538 -0.8326 0.0096
vn 0.4590 -0.8883 0.0142
vn 0.3776 -0.9259 0.0141
vn 0.3546 -0.9349 0.0137
vn 0.3041 -0.9525 0.0162
vn 0.2240 -0.9744 0.0162
vn 0.1648 -0.9862 0.0144
vn 0.0086 -0.9999 0.0148
vn 0.0382 -0.9993 0.0004
vn 0.1701 -0.9853 0.0140
vn 0.0999 -0.9948 0.0176
vn 0.0404 -0.9991 0.0155
vn 0.0206 -0.9996 0.0170
vn 0.0051 -0.9999 0.0148
vn 0.9998 0.0042 -0.0205
vn 0.9998 0.0071 -0.0205
vn 0.9996 0.0198 -0.0198
vn 0.9998 0.0092 -0.0195
vn 0.9991 0.0371 -0.0200
vn 0.9996 0.0205 -0.0193
vn 0.9989 0.0432 -0.0182
vn 0.9985 0.0527 -0.0178
vn 0.9956 0.0936 -0.0007
vn 0.9716 0.2361 -0.0136
vn 0.9895 0.1438 -0.0170
vn 0.9934 0.1144 -0.0116
vn 0.9890 0.1464 -0.0235
vn 0.9868 0.1607 -0.0188
vn 0.9945 0.1036 -0.0171
vn 0.9989 0.0439 -0.0164
vn 0.9956 0.0917 -0.0179
vn 0.9968 0.0778 -0.0176
vn 0.9631 0.2676 -0.0289
vn 0.9812 0.1929 -0.0024
vn 0.9352 0.3533 -0.0216
vn 0.9487 0.3159 -0.0108
vn 0.8719 0.4894 -0.0137
vn 0.8540 0.5203 -0.0051
vn 0.7240 0.6895 -0.0189
vn 0.6627 0.7488 0.0007
vn 0.5269 0.8496 -0.0221
vn 0.3477 0.9375 0.0162
vn 0.4336 0.9006 -0.0314
vn 0.1739 0.9848 0.0021
vn 0.2514 0.9659 -0.0619
vn 0.0524 0.9985 0.0175
vn 0.0971 0.9948 -0.0318
vn 0.0139 0.9998 -0.0143
vn 0.0182 0.9997 -0.0183
vn 0.1412 -0.3019 0.9428
vn 0.7199 -0.4912 0.4904
vn 0.7230 -0.4872 0.4898
vn 0.7172 -0.4991 0.4863
vn 0.7158 -0.5026 0.4848
vn 0.7154 -0.5041 0.4838
vn 0.7153 -0.5045 0.4836
vn 0.7156 -0.5031 0.4846
vn 0.7161 -0.5024 0.4846
vn 0.7104 -0.4886 0.5065
vn 0.7131 -0.4816 0.5095
vn 0.7091 -0.4465 0.5458
vn 0.7126 -0.4407 0.5459
vn 0.7089 -0.3958 0.5837
vn 0.6983 -0.3743 0.6101
vn 0.7132 -0.3447 0.6103
vn 0.7071 -0.3084 0.6363
vn 0.7007 -0.2805 0.6560
vn 0.7131 -0.2595 0.6513
vn 0.7049 -0.2156 0.6758
vn 0.7054 -0.2128 0.6761
vn 0.7086 -0.1745 0.6837
vn 0.7326 -0.1308 0.6680
vn 0.6926 -0.1651 0.7022
vn 0.7046 -0.1130 0.7005
vn 0.7003 -0.0832 0.7089
vn 0.6975 -0.0866 0.7114
vn 0.7035 -0.0564 0.7084
vn 0.6965 -0.0653 0.7146
vn 0.6959 -0.0494 0.7164
vn 0.6849 -0.0592 0.7262
vn 0.6815 -0.0646 0.7289
vn 0.6802 -0.0680 0.7299
vn 0.6279 -0.0927 0.7728
vn 0.6644 -0.1013 0.7405
vn 0.6099 -0.1302 0.7817
vn 0.5716 -0.1688 0.8030
vn 0.5512 -0.1630 0.8183
vn 0.4908 -0.2125 0.8449
vn 0.4875 -0.2118 0.8470
vn 0.4380 -0.2221 0.8711
vn 0.4099 -0.2200 0.8852
vn 0.3823 -0.2543 0.8883
vn 0.3012 -0.2541 0.9191
vn 0.3109 -0.2597 0.9143
vn 0.2393 -0.2859 0.9279
vn 0.2415 -0.2867 0.9271
vn 0.1423 -0.2991 0.9435
vn 0.0313 -0.3478 0.9370
vn 0.0113 -0.2802 0.9599
vn 0.0538 -0.3404 0.9387
vn 0.1995 -0.6901 0.6957
vn 0.0582 -0.6650 0.7446
vn 0.1552 -0.6838 0.7130
vn 0.4309 -0.6438 0.6323
vn 0.3617 -0.6563 0.6622
vn 0.6023 -0.5637 0.5653
vn 0.5822 -0.5706 0.5792
vn 0.7089 -0.4975 0.5000
vn -0.0000 -0.7039 0.7103
vn 0.0033 -0.7052 0.7090
vn 0.1072 -0.9942 0.0022
vn 0.2256 -0.9742 -0.0018
vn 0.2908 -0.9568 0.0036
vn 0.4474 -0.8943 0.0102
vn 0.5795 -0.8149 0.0092
vn 0.6600 -0.7511 0.0167
vn 0.7593 -0.6506 0.0150
vn 0.8714 -0.4902 0.0197
vn 0.9970 -0.0750 0.0206
vn 0.9845 -0.1740 0.0237
vn 0.9654 -0.2602 0.0188
vn 0.8747 -0.4842 0.0193
vn -0.9980 0.0625 -0.0011
vn -0.9980 0.0636 -0.0009
vn -0.9996 0.0266 -0.0017
vn -1.0000 -0.0076 0.0062
vn -1.0000 -0.0016 -0.0000
vn -1.0000 0.0082 0.0047
vn -0.9999 -0.0076 -0.0098
vn -0.9998 0.0172 0.0108
vn -0.9999 -0.0012 -0.0131
vn -0.9995 0.0292 0.0085
vn -0.9991 0.0397 0.0179
vn -0.9887 0.1461 0.0337
vn -0.9897 0.1402 0.0278
vn -0.9955 0.0950 -0.0018
vn -0.6303 0.7762 -0.0140
vn -0.7421 0.6690 0.0406
vn -0.6515 0.7584 -0.0187
vn -0.8117 0.5840 -0.0091
vn -0.8071 0.5903 -0.0105
vn -0.8929 0.4502 -0.0086
vn -0.8885 0.4587 -0.0132
vn -0.9517 0.3069 -0.0019
vn -0.9497 0.3131 -0.0054
vn -0.9720 0.2349 -0.0044
vn -0.9823 0.1875 0.0065
vn -0.4492 0.8933 -0.0164
vn -0.3680 0.9298 0.0007
vn -0.3269 0.9450 -0.0117
vn -0.1411 0.9900 -0.0046
vn -0.1858 0.9824 -0.0181
vn -0.2623 0.9648 -0.0175
vn -0.0235 0.9996 -0.0183
vn -0.0086 1.0000 -0.0040
vn -0.0249 0.9996 -0.0111
vn -0.0470 0.9987 -0.0183
vn -0.1003 0.9948 -0.0181
vn 0.4386 0.8985 -0.0164
vn 0.0192 0.9996 -0.0183
vn 0.0968 0.9952 -0.0174
vn 0.0915 0.9956 -0.0199
vn 0.0175 0.9997 -0.0168
vn 0.3308 0.9435 -0.0174
vn 0.3473 0.9377 -0.0116
vn 0.1985 0.9798 -0.0226
vn 0.2314 0.9728 -0.0103
vn 0.1670 0.9858 -0.0183
vn 0.4863 0.8737 -0.0129
vn 0.5964 0.8026 0.0079
vn 0.6289 0.7774 -0.0058
vn 0.9966 0.0820 0.0125
vn 0.9957 0.0930 0.0043
vn 0.9892 0.1462 -0.0058
vn 0.9851 0.1717 0.0026
vn 0.9812 0.1930 -0.0034
vn 0.9627 0.2705 -0.0055
vn 0.9599 0.2802 -0.0121
vn 0.8761 0.4821 0.0040
vn 0.8740 0.4860 0.0010
vn 0.7637 0.6455 -0.0129
vn 1.0000 -0.0078 0.0001
vn 1.0000 -0.0028 0.0001
vn 1.0000 0.0024 0.0020
vn 1.0000 -0.0020 0.0001
vn 0.9999 0.0142 -0.0003
vn 0.9996 0.0263 0.0061
vn 0.9998 0.0221 0.0025
vn 0.9988 0.0491 -0.0026
vn 0.9978 0.0664 0.0043
vn 0.5423 -0.8401 0.0065
vn 0.7593 -0.6506 0.0124
vn 0.6867 -0.7268 0.0125
vn 0.5795 -0.8148 0.0169
vn 0.5401 -0.8414 0.0158
vn 0.2156 -0.9148 0.3416
vn 0.1361 -0.5819 0.8018
vn 0.2296 -0.9619 0.1483
vn 0.2371 -0.9674 0.0892
vn 0.2505 -0.9676 0.0316
vn 0.3110 -0.9502 0.0215
vn 0.3387 -0.9407 0.0191
vn 0.3951 -0.9185 0.0165
vn 0.9972 -0.0754 0.0014
vn 0.9992 -0.0390 0.0017
vn 0.9993 -0.0365 0.0007
vn 0.9655 -0.2605 0.0060
vn 0.9808 -0.1948 0.0038
vn 0.9931 -0.1173 0.0019
vn 0.7867 -0.6173 0.0113
vn 0.8414 -0.5403 0.0100
vn 0.8748 -0.4844 0.0101
vn 0.9036 -0.4284 0.0076
vn 0.9574 -0.2887 0.0056
vn 0.0165 -0.6815 0.7316
vn 0.0903 -0.7529 0.6519
vn 0.2349 -0.8466 0.4777
vn 0.1492 -0.7938 0.5896
vn 0.0533 -0.7283 0.6831
vn 0.5024 -0.8614 0.0754
vn 0.5127 -0.8579 0.0352
vn 0.4838 -0.8673 0.1172
vn 0.3770 -0.8828 0.2802
vn 0.3760 -0.8826 0.2823
vn 0.2609 -0.8538 0.4505
vn -0.0002 -0.9978 0.0664
vn 0.0295 -0.7616 0.6473
vn 0.0002 -0.6892 0.7246
vn 0.0115 -0.7847 0.6197
vn -0.0238 -0.7399 0.6723
vn 0.0236 -0.9505 0.3098
vn -0.0322 -0.9159 0.4002
vn 0.0167 -0.9976 0.0665
vn -0.0005 -0.9924 0.1228
vn -0.0038 -0.8452 0.5344
vn 0.0015 -0.9219 0.3873
vn 0.0214 -0.9505 0.3099
vn 0.0049 -0.9690 0.2469
vn -0.0032 -0.9964 0.0845
vn -0.0015 -0.6668 0.7453
vn -0.0010 -0.8031 0.5958
vn 0.0001 -0.6455 0.7638
vn -0.0000 -0.6381 0.7700
vn -0.0000 -0.9775 0.2111
vn -0.0007 -0.9788 0.2046
vn 0.0007 -0.8128 0.5826
vn 0.8822 -0.4603 0.0992
vn 0.1830 -0.6346 0.7509
vn 0.2512 -0.3887 0.8865
vn 0.4966 -0.6706 0.5512
vn 0.5990 -0.5375 0.5936
vn 0.7806 -0.4743 0.4070
vn 0.7858 -0.4860 0.3826
vn 0.8866 -0.3749 0.2707
vn 0.9297 -0.3342 0.1548
vn 0.9726 -0.2166 0.0844
vn 0.6258 -0.7600 0.1753
vn 0.5559 -0.8239 0.1103
vn 0.2648 -0.9601 0.0896
vn 0.3331 -0.9326 0.1391
vn 0.1027 -0.9717 0.2127
vn 0.0795 -0.9757 0.2040
vn 0.7677 -0.6333 0.0981
vn 0.6863 -0.6844 0.2461
vn 0.6772 -0.6925 0.2488
vn 0.4570 -0.7625 0.4580
vn 0.4569 -0.7626 0.4580
vn 0.1605 -0.8022 0.5750
vn 0.9981 -0.0612 -0.0000
vn 0.9761 -0.2173 0.0009
vn 0.9483 -0.3174 -0.0007
vn 0.8866 -0.4626 -0.0000
vn 0.8478 -0.5303 -0.0000
vn 0.7713 -0.6364 0.0004
vn 0.6817 -0.7317 -0.0012
vn 0.0811 -0.9967 -0.0000
vn 0.2445 -0.9697 -0.0013
vn 0.3364 -0.9417 0.0002
vn 0.4870 -0.8734 -0.0000
vn 0.5593 -0.8290 -0.0000
vn 0.6359 -0.7718 -0.0006
vn 0.4556 -0.8902 0.0004
vn 0.9952 -0.0983 -0.0000
vn 0.7736 -0.6337 0.0011
vn 0.8524 -0.5228 0.0001
vn 0.9694 -0.2454 -0.0003
vn 0.9017 -0.4322 0.0078
vn 0.9576 -0.2879 0.0030
vn 0.6169 -0.7870 0.0063
vn 0.8017 -0.5977 -0.0054
vn 0.6357 -0.7719 -0.0006
vn 0.0604 -0.9982 -0.0000
vn 0.0671 -0.9977 -0.0001
vn 0.2349 -0.9720 0.0001
vn 0.2599 -0.9656 -0.0004
vn 0.4496 -0.8932 0.0003
vn -0.0305 -0.9994 0.0183
vn -0.0278 -0.9995 0.0165
vn -0.0178 -0.9997 0.0183
vn -0.0215 -0.9996 0.0164
vn -0.0242 -0.9995 0.0183
vn 0.0305 -0.9994 0.0183
vn 0.0178 -0.9997 0.0183
vn 0.0214 -0.9996 0.0165
vn -0.0000 -0.9999 0.0164
vn 0.0006 -0.9999 0.0164
vn -0.0000 -0.9999 0.0165
vn 0.1679 -0.9857 0.0162
vn 0.1104 -0.9937 0.0163
vn 0.1443 -0.9894 0.0155
vn 0.4847 -0.8745 0.0156
vn 0.3802 -0.9248 0.0140
vn 0.7469 -0.6648 0.0122
vn 0.6649 -0.7468 0.0111
vn 0.9249 -0.3801 0.0075
vn 0.8747 -0.4847 0.0067
vn 0.9998 -0.0200 0.0003
vn 0.9822 -0.1875 0.0036
vn 0.9939 -0.1104 0.0016
vn 0.9998 -0.0198 0.0003
vn 0.1305 -0.9909 -0.0338
vn 0.3827 -0.9233 -0.0315
vn 0.7071 -0.7067 -0.0241
vn 0.9659 -0.2587 -0.0088
vn -0.0000 -0.9994 -0.0341
vn 0.9778 -0.2092 0.0121
vn 0.0733 -0.9968 -0.0329
vn 0.5630 -0.8263 -0.0195
vn 0.4164 -0.9089 -0.0244
vn 0.9306 -0.3661 0.0018
vn 0.8558 -0.5173 -0.0043
vn 0.8055 -0.5926 -0.0044
vn 0.8936 -0.4488 0.0021
vn 0.2550 -0.9665 -0.0280
vn 0.9563 -0.2915 0.0222
vn 0.9567 -0.2911 0.0083
vn 0.9590 -0.2834 0.0081
vn 0.9590 -0.2833 0.0071
vn 0.9635 -0.2675 0.0067
vn 0.9635 -0.2675 0.0065
vn 0.9931 -0.1145 -0.0266
vn 0.7464 -0.6654 -0.0136
vn 0.7035 -0.7102 -0.0265
vn 0.7033 -0.7108 -0.0120
vn 0.6963 -0.7176 -0.0129
vn 0.6963 -0.7177 -0.0113
vn 0.6928 -0.7210 -0.0117
vn 0.6327 -0.7744 0.0054
vn 0.6928 -0.7211 -0.0104
vn 0.2524 -0.9672 -0.0287
vn 0.2524 -0.9672 -0.0282
vn 0.2539 -0.9668 -0.0282
vn 0.2539 -0.9668 -0.0285
vn 0.2571 -0.9660 -0.0286
vn 0.2573 -0.9654 -0.0434
vn 0.2394 -0.9701 -0.0409
vn 0.9998 0.0047 0.0196
vn 0.0192 0.9997 -0.0148
vn 0.0011 0.9999 -0.0148
vn 0.0069 0.9999 -0.0155
vn 0.0114 0.9998 -0.0165
vn 0.0447 0.9989 -0.0162
vn 0.1287 0.9915 -0.0162
vn 0.1985 0.9799 -0.0172
vn 0.2367 0.9714 -0.0164
vn 0.3308 0.9436 -0.0159
vn 0.3689 0.9293 -0.0143
vn 0.5173 0.8557 -0.0130
vn 0.5966 0.8024 -0.0131
vn 0.6681 0.7441 -0.0086
vn 0.7923 0.6101 -0.0043
vn 0.8762 0.4820 -0.0018
vn 0.8816 0.4720 -0.0011
vn 0.9558 0.2939 0.0065
vn 0.9627 0.2707 0.0067
vn 0.9870 0.1605 0.0114
vn 0.9851 0.1718 0.0113
vn 0.9960 0.0878 0.0144
vn 0.9965 0.0820 0.0144
vn 0.9994 0.0303 0.0193
vn 0.9996 0.0224 0.0195
vn 0.9997 0.0093 0.0209
vn 0.9997 0.0083 0.0209
vn 0.9998 0.0069 0.0210
vn 0.9998 -0.0016 0.0207
vn 0.9998 0.0055 0.0196
vn 0.9997 -0.0110 0.0209
vn 0.9998 -0.0018 0.0207
vn 0.9999 -0.0058 0.0154
vn 0.9998 -0.0093 0.0165
vn 0.9992 -0.0355 0.0175
vn 0.9999 -0.0004 0.0173
vn 0.9992 -0.0353 0.0183
vn 0.9995 -0.0275 0.0182
vn -0.9998 -0.0070 0.0207
vn -0.9783 0.2072 0.0058
vn -0.9413 0.3376 0.0053
vn -0.8885 0.4589 -0.0000
vn -0.8795 0.4759 -0.0003
vn -0.8071 0.5904 -0.0034
vn -0.7835 0.6214 -0.0038
vn -0.6515 0.7586 -0.0104
vn -0.6206 0.7840 -0.0104
vn -0.5244 0.8514 -0.0121
vn -0.3681 0.9297 -0.0156
vn -0.4253 0.9049 -0.0175
vn -0.2605 0.9654 -0.0154
vn -0.1412 0.9898 -0.0184
vn -0.1260 0.9919 -0.0175
vn -0.0485 0.9987 -0.0163
vn -0.0013 0.9999 -0.0148
vn -0.0235 0.9996 -0.0148
vn -0.0140 0.9998 -0.0171
vn -0.0036 0.9999 -0.0148
vn -0.0205 0.9995 -0.0223
vn -0.0046 0.9999 -0.0155
vn -0.9496 0.3133 0.0079
vn -0.9893 0.1457 0.0100
vn -0.9946 0.1025 0.0146
vn -0.9979 0.0629 0.0165
vn -0.9997 0.0169 0.0195
vn -0.9994 0.0270 0.0201
vn -0.9997 0.0087 0.0209
vn -0.9998 -0.0006 0.0211
vn -0.9998 0.0069 0.0206
vn -0.9998 -0.0053 0.0208
vn -0.9998 0.0055 0.0204
vn -0.9996 -0.0195 0.0196
vn -0.9998 0.0046 0.0177
vn -0.9990 -0.0402 0.0184
vn -0.9998 -0.0037 0.0176
vn -0.1010 -0.9949 0.0021
vn -0.1679 -0.9858 0.0069
vn -0.3537 -0.9353 0.0042
vn -0.4163 -0.9092 0.0086
vn -0.5630 -0.8264 0.0116
vn -0.9933 -0.1134 0.0206
vn -0.9711 -0.2383 0.0134
vn -0.9305 -0.3656 0.0209
vn -0.8769 -0.4804 0.0181
vn -0.8559 -0.5169 0.0177
vn -0.7521 -0.6589 0.0143
vn -0.7469 -0.6648 0.0148
vn -0.5990 -0.8007 0.0125
vn -0.5414 -0.8407 0.0122
vn -0.4724 -0.8813 0.0142
vn -0.5070 -0.8582 0.0810
vn -0.5383 -0.8427 0.0133
vn -0.5354 -0.8443 0.0224
vn -0.4687 -0.8832 0.0153
vn -0.5990 -0.8006 0.0146
vn -0.7483 -0.6633 0.0120
vn -0.8556 -0.5172 0.0207
vn -0.9935 -0.1138 0.0020
vn -0.9654 -0.2607 0.0086
vn -0.9711 -0.2383 0.0093
vn -0.9935 -0.1138 0.0021
vn -0.7521 -0.6589 0.0119
vn -0.8770 -0.4805 0.0088
vn -0.9029 -0.4298 0.0073
vn -0.9453 -0.3260 0.0076
vn -0.1106 -0.9922 0.0573
vn -0.1066 -0.9898 0.0950
vn -0.1016 -0.9565 0.2736
vn -0.4013 -0.9156 0.0227
vn -0.3805 -0.9244 0.0263
vn -0.5406 -0.8409 -0.0245
vn -0.3112 -0.9499 0.0288
vn -0.3537 -0.9353 0.0040
vn -0.1270 -0.9917 0.0213
vn -0.1150 -0.9925 0.0416
vn -0.2456 -0.8388 0.4859
vn -0.3624 -0.9068 0.2154
vn -0.3411 -0.9189 0.1980
vn -0.0188 -0.6838 0.7294
vn -0.2385 -0.8569 0.4570
vn -0.2786 -0.8657 0.4158
vn -0.1044 -0.7630 0.6379
vn -0.0898 -0.7539 0.6509
vn -0.4009 -0.8856 0.2344
vn -0.5904 -0.7941 0.1443
vn -0.4026 -0.8645 0.3009
vn -0.0958 -0.7492 0.6554
vn -0.0660 -0.7274 0.6830
vn -0.6479 -0.7168 0.2577
vn -0.7903 -0.6067 0.0859
vn -0.7977 -0.5938 0.1051
vn -0.6240 -0.7623 0.1718
vn -0.5382 -0.8071 0.2427
vn -0.4485 -0.8281 0.3362
vn -0.7508 -0.6546 0.0883
vn -0.2857 -0.8070 0.5169
vn -0.5427 -0.7581 0.3616
vn -0.3501 -0.7948 0.4957
vn -0.1025 -0.7445 0.6597
vn 0.1580 -0.6817 0.7143
vn -0.0120 -0.7460 0.6658
vn 0.5774 -0.6319 0.5170
vn 0.5449 -0.6210 0.5635
vn 0.3049 -0.7325 0.6086
vn 0.3478 -0.7020 0.6215
vn 0.1386 -0.7945 0.5913
vn 0.0239 -0.7843 0.6199
vn -0.2685 -0.8093 0.5225
vn -0.4915 -0.7408 0.4578
vn -0.3542 -0.7834 0.5107
vn -0.1561 -0.7915 0.5909
vn -0.8599 -0.4402 0.2586
vn -0.9432 -0.3283 0.0509
vn -0.8417 -0.5317 0.0939
vn -0.8204 -0.5530 0.1453
vn -0.6762 -0.6702 0.3060
vn -0.6604 -0.6811 0.3162
vn -0.5639 -0.7234 0.3983
vn -0.5110 -0.7439 0.4308
vn -0.2912 -0.7446 0.6006
vn -0.3504 -0.7943 0.4963
vn -0.0998 -0.7491 0.6549
vn -0.0998 -0.7502 0.6537
vn 0.5643 -0.5883 0.5792
vn 0.3611 -0.6888 0.6286
vn 0.3028 -0.7256 0.6180
vn 0.1638 -0.7554 0.6345
vn -0.0419 -0.8223 0.5676
vn 0.3520 -0.6641 0.6596
vn 0.1754 -0.7332 0.6569
vn 0.1590 -0.7424 0.6509
vn -0.0001 -0.7720 0.6356
vn -0.0544 -0.7899 0.6108
vn -0.2780 -0.7752 0.5672
vn -0.2807 -0.7762 0.5645
vn -0.4815 -0.7584 0.4393
vn -0.4872 -0.7429 0.4591
vn -0.6685 -0.6596 0.3436
vn -0.6758 -0.6562 0.3356
vn -0.8663 -0.4675 0.1757
vn -0.9094 -0.4108 0.0650
vn -0.9881 -0.1512 0.0266
vn 0.5722 -0.6065 0.5521
vn 0.5881 -0.5887 0.5545
vn -0.9549 -0.2633 0.1371
vn -0.9163 -0.3493 0.1958
vn -0.8616 -0.4236 0.2796
vn -0.7588 -0.5378 0.3674
vn -0.6895 -0.5808 0.4327
vn -0.5002 -0.6936 0.5184
vn -0.5133 -0.6865 0.5150
vn -0.3646 -0.7296 0.5786
vn -0.2057 -0.7654 0.6098
vn -0.1613 -0.7643 0.6243
vn 0.1301 -0.7554 0.6422
vn 0.1163 -0.7552 0.6450
vn 0.3485 -0.7036 0.6192
vn 0.4049 -0.6875 0.6029
vn 0.6274 -0.5543 0.5469
vn 0.6279 -0.5621 0.5383
vn 0.1153 -0.8343 0.5391
vn 0.5389 -0.6092 0.5818
vn 0.5678 -0.6747 0.4715
vn 0.2949 -0.6058 0.7389
vn 0.4050 -0.6661 0.6263
vn 0.2482 -0.7013 0.6683
vn -0.0023 -0.7007 0.7135
vn -0.9913 -0.0989 0.0864
vn -0.9706 -0.2243 0.0867
vn -0.9205 -0.2624 0.2895
vn -0.7980 -0.4759 0.3699
vn -0.7632 -0.4653 0.4483
vn -0.4649 -0.6539 0.5968
vn -0.5122 -0.6977 0.5008
vn -0.2068 -0.6759 0.7074
vn -0.0153 0.8562 0.5165
vn -0.3862 0.5174 0.7636
vn -0.5155 0.1092 0.8499
vn -0.7710 -0.3875 0.5053
vn 0.0082 0.5897 0.8076
vn 0.0310 -0.3254 0.9451
vn -0.0054 0.9781 0.2079
vn -0.0078 0.9832 0.1823
vn -0.5284 -0.5203 0.6709
vn -0.5330 -0.5189 0.6683
vn -0.5305 -0.3991 0.7479
vn -0.5288 -0.6017 0.5986
vn -0.4651 -0.6310 0.6209
vn -0.7715 -0.4539 0.4459
vn -0.7994 -0.4273 0.4223
vn -0.9747 -0.1619 0.1538
vn -0.9637 -0.1908 0.1867
vn -0.9668 -0.1504 0.2067
vn -0.7749 -0.3849 0.5013
vn -0.7729 -0.2910 0.5639
vn -0.5374 -0.3975 0.7438
vn -0.5316 -0.2454 0.8107
vn -0.7800 -0.1644 0.6038
vn -0.4765 0.3114 0.8222
vn -0.9228 0.0287 0.3842
vn -0.5386 -0.0742 0.8393
vn -0.7701 -0.0220 0.6375
vn -0.7767 -0.0211 0.6296
vn -0.9264 0.0311 0.3753
vn -0.9092 0.1631 0.3830
vn -0.9670 -0.1501 0.2061
vn -0.9660 -0.1046 0.2366
vn -0.7783 -0.2883 0.5578
vn -0.7737 -0.1664 0.6114
vn -0.5403 -0.2441 0.8053
vn -0.5288 -0.0750 0.8454
vn -0.9804 -0.0823 0.1789
vn -0.9680 -0.0808 0.2376
vn -0.9658 -0.0372 0.2567
vn -0.9811 -0.0244 0.1919
vn -0.9228 0.0292 0.3843
vn -0.9913 0.0300 0.1283
vn -0.9928 0.0795 0.0896
vn -0.9898 0.0772 0.1197
vn -0.9778 0.1680 0.1251
vn -0.2148 0.6833 0.6978
vn 0.0260 0.7178 0.6958
vn 0.0029 0.7768 0.6298
vn 0.0038 0.7702 0.6378
vn 0.0093 0.7703 0.6376
vn 0.0076 0.7752 0.6317
vn 0.0004 0.7747 0.6324
vn 0.0272 0.7011 0.7125
vn 0.0348 0.7022 0.7111
vn -0.0537 0.8645 0.4998
vn -0.0435 0.8520 0.5218
vn -0.4707 0.3111 0.8256
vn -0.7135 0.3401 0.6127
vn -0.7032 0.3407 0.6241
vn -0.8602 0.3374 0.3824
vn -0.7652 0.5621 0.3138
vn -0.8574 0.4928 0.1486
vn -0.4032 0.9097 0.0991
vn -0.1637 0.6578 0.7352
vn -0.4029 0.7716 0.4922
vn -0.3414 0.7566 0.5577
vn -0.4928 0.7942 0.3555
vn -0.2794 0.9251 0.2570
vn -0.4931 0.7648 -0.4147
vn -0.2877 0.9526 0.0986
vn -0.8861 0.4055 -0.2246
vn -0.7756 0.6208 0.1142
vn -0.7272 0.6813 0.0842
vn -0.3535 0.5110 0.7835
vn -0.6108 0.5633 0.5565
vn -0.5716 0.5634 0.5966
vn -0.7341 0.5644 0.3777
vn -0.5423 0.7991 0.2594
vn -0.7213 0.6253 -0.2980
vn -0.5992 0.7977 0.0687
vn -0.1772 0.9783 0.1070
vn -0.1230 0.9651 0.2310
vn -0.0771 0.9814 0.1760
vn -0.0670 0.9754 0.2101
vn -0.0317 0.9792 0.2005
vn -0.0303 0.9778 0.2074
vn -0.0157 0.9783 0.2068
vn 0.4526 0.0306 0.8912
vn 0.4941 0.0570 0.8675
vn 0.4880 0.0606 0.8708
vn 0.4718 0.0484 0.8804
vn 0.4173 0.0701 0.9060
vn 0.0174 -0.0705 0.9974
vn 0.0308 -0.2731 0.9615
vn 0.0726 -0.0503 0.9961
vn 0.1408 -0.2719 0.9520
vn 0.1474 -0.0784 0.9860
vn 0.2150 -0.0688 0.9742
vn 0.2331 0.0548 0.9709
vn 0.2739 -0.0460 0.9607
vn 0.3715 -0.0179 0.9283
vn 0.3190 0.0859 0.9438
vn 0.4053 0.0026 0.9142
vn 0.6244 -0.3908 0.6763
vn 0.7751 -0.4546 0.4388
vn 0.5388 -0.5973 0.5940
vn 0.7318 -0.3360 0.5929
vn 0.6070 -0.4434 0.6595
vn 0.6513 -0.4734 0.5931
vn 0.6186 -0.4923 0.6124
vn 0.6187 -0.5392 0.5714
vn 0.6603 -0.2693 0.7011
vn 0.6155 -0.2834 0.7354
vn 0.6144 -0.3386 0.7126
vn 0.5552 -0.1718 0.8138
vn 0.6150 -0.1670 0.7707
vn 0.6121 -0.2265 0.7576
vn 0.6056 -0.0632 0.7933
vn 0.3887 -0.0423 0.9204
vn 0.3728 -0.1686 0.9125
vn 0.3857 -0.1701 0.9068
vn 0.3759 -0.3118 0.8726
vn 0.3853 -0.3117 0.8686
vn 0.3799 -0.4551 0.8054
vn 0.3864 -0.4544 0.8026
vn 0.3848 -0.5726 0.7239
vn 0.3891 -0.5718 0.7222
vn 0.3885 -0.6569 0.6461
vn 0.2474 -0.6944 0.6757
vn 0.0128 0.3820 0.9241
vn 0.0149 0.3571 0.9339
vn 0.0492 0.3581 0.9324
vn 0.0469 0.3688 0.9283
vn 0.0923 0.3719 0.9237
vn 0.0879 0.3864 0.9181
vn 0.1478 0.3950 0.9067
vn 0.1407 0.4105 0.9010
vn 0.1668 0.4181 0.8930
vn 0.2260 0.3225 0.9192
vn 0.2218 0.3200 0.9211
vn 0.2065 0.3342 0.9196
vn 0.1614 0.2782 0.9469
vn 0.1596 0.2792 0.9469
vn 0.1128 0.1650 0.9798
vn 0.1238 0.1625 0.9789
vn 0.0895 0.0102 0.9959
vn 0.1033 0.0090 0.9946
vn 0.0830 -0.1534 0.9847
vn 0.0965 -0.1534 0.9834
vn 0.0852 -0.3217 0.9430
vn 0.0953 -0.3211 0.9422
vn 0.0894 -0.4841 0.8705
vn 0.0966 -0.4834 0.8701
vn 0.0943 -0.6157 0.7823
vn 0.0993 -0.6151 0.7822
vn 0.0987 -0.7088 0.6985
vn 0.2971 -0.6801 0.6702
vn 0.6135 -0.0278 0.7892
vn 0.4993 0.0582 0.8645
vn 0.4968 0.0519 0.8663
vn 0.5210 0.0147 0.8534
vn 0.3914 0.0352 0.9196
vn 0.3743 -0.0384 0.9265
vn 0.6881 -0.0984 0.7189
vn 0.6281 -0.1025 0.7713
vn -0.9785 0.1425 -0.1491
vn -0.9733 0.1935 0.1231
vn -0.9612 0.2498 0.1167
vn -0.5219 0.1095 0.8459
vn -0.7557 0.1440 0.6389
vn -0.7582 0.1440 0.6360
vn -0.9095 0.1632 0.3823
vn -0.8691 0.3376 0.3616
vn -0.9588 0.2691 -0.0911
vn -0.9426 0.3238 0.0818
vn -0.2320 0.9694 0.0807
vn -0.2156 0.9255 0.3114
vn -0.2524 0.9123 0.3226
vn -0.1374 0.8393 0.5260
vn -0.1705 0.8607 0.4797
vn -0.0124 0.7065 0.7077
vn -0.0389 0.7330 0.6791
vn 0.1000 0.5479 0.8305
vn 0.0313 0.5070 0.8614
vn -0.0029 0.5314 0.8471
vn -0.0985 0.4120 0.9059
vn -0.1164 0.4181 0.9009
vn -0.1850 0.2496 0.9505
vn -0.1823 0.2492 0.9511
vn -0.2241 0.0625 0.9726
vn -0.2133 0.0617 0.9750
vn -0.2361 -0.1208 0.9642
vn -0.2244 -0.1212 0.9669
vn -0.2364 -0.2994 0.9244
vn -0.2258 -0.2998 0.9269
vn -0.2324 -0.4663 0.8536
vn -0.2246 -0.4667 0.8554
vn -0.2274 -0.6000 0.7670
vn -0.2223 -0.6004 0.7682
vn -0.2229 -0.6960 0.6826
vn -0.0022 -0.7099 0.7043
vn -0.4932 0.0567 0.8680
vn 0.9935 0.0080 0.1135
vn 0.0631 0.9791 0.1935
vn -0.6274 -0.5527 0.5485
vn 0.7635 -0.4621 0.4512
vn 0.7713 -0.4550 0.4450
vn 0.7709 -0.3938 0.5006
vn 0.9914 -0.0953 0.0896
vn 1.0000 0.0019 0.0026
vn -0.0175 -0.0705 0.9974
vn -0.0147 0.3820 0.9241
vn -0.0134 0.3572 0.9339
vn -0.0082 0.5898 0.8075
vn -0.0038 0.7701 0.6379
vn -0.0029 0.7768 0.6298
vn 0.1873 0.2415 0.9522
vn 0.1848 0.2405 0.9529
vn 0.2252 0.0538 0.9728
vn 0.2148 0.0510 0.9753
vn 0.2366 -0.1304 0.9628
vn 0.2246 -0.1331 0.9653
vn 0.2357 -0.3100 0.9211
vn 0.2265 -0.3120 0.9227
vn 0.2321 -0.4768 0.8478
vn 0.2247 -0.4784 0.8489
vn 0.2270 -0.6080 0.7608
vn 0.2221 -0.6091 0.7614
vn 0.2225 -0.6962 0.6825
vn 0.2076 -0.6990 0.6843
vn -0.6881 -0.1015 0.7185
vn -0.5539 -0.0526 0.8309
vn -0.1117 0.1593 0.9809
vn -0.1223 0.1550 0.9803
vn -0.0893 0.0029 0.9960
vn -0.1030 -0.0007 0.9947
vn -0.0834 -0.1623 0.9832
vn -0.0962 -0.1643 0.9817
vn -0.0855 -0.3319 0.9394
vn -0.0953 -0.3329 0.9381
vn -0.0897 -0.4944 0.8646
vn -0.0969 -0.4948 0.8636
vn -0.0947 -0.6236 0.7760
vn -0.0994 -0.6237 0.7753
vn -0.0991 -0.7103 0.6969
vn -0.1157 -0.7095 0.6951
vn -0.6098 -0.4932 0.6205
vn -0.6238 -0.4063 0.6677
vn -0.6965 -0.3687 0.6156
vn -0.5257 -0.3351 0.7819
vn -0.7359 -0.2554 0.6270
vn -0.2298 -0.1976 0.9530
vn -0.6041 -0.1773 0.7769
vn -0.6114 -0.1219 0.7819
vn -0.6338 -0.1094 0.7657
vn 0.0052 0.5313 0.8472
vn -0.4937 0.0568 0.8678
vn -0.1589 0.2749 0.9483
vn -0.1580 0.2756 0.9482
vn 0.1040 0.4051 0.9083
vn 0.1192 0.4133 0.9027
vn -0.4273 0.0154 0.9040
vn -0.4019 0.0002 0.9157
vn -0.4743 0.0782 0.8769
vn -0.4837 0.0601 0.8732
vn -0.4745 0.0483 0.8790
vn -0.0245 0.5030 0.8639
vn -0.2058 0.3345 0.9197
vn -0.2185 0.3191 0.9222
vn -0.4274 0.0697 0.9014
vn -0.4299 0.0641 0.9006
vn -0.1596 0.0570 0.9855
vn -0.0870 -0.0504 0.9949
vn -0.0525 -0.1173 0.9917
vn -0.0207 -0.1182 0.9928
vn -0.0159 0.3931 0.9194
vn -0.0046 -0.3256 0.9455
vn 0.7300 0.6055 -0.3169
vn 0.5732 0.8086 0.1328
vn 0.2082 0.9755 0.0717
vn 0.3053 0.9466 0.1032
vn 0.4965 0.7705 -0.3998
vn 0.4730 0.8733 -0.1164
vn 0.4512 0.8893 0.0747
vn -0.2439 0.0832 0.9662
vn -0.1640 -0.2693 0.9490
vn -0.1073 0.2658 0.9580
vn -0.0838 0.3715 0.9247
vn -0.0710 0.4982 0.8641
vn -0.0079 0.7753 0.6316
vn -0.0799 -0.2209 0.9720
vn -0.0479 0.3582 0.9324
vn -0.0486 0.3690 0.9281
vn -0.0082 0.7703 0.6377
vn -0.0086 0.7753 0.6315
vn 0.1409 0.8384 0.5265
vn 0.0721 0.8601 0.5051
vn 0.0033 0.7824 0.6228
vn -0.0072 0.7839 0.6208
vn 0.0561 0.9510 0.3041
vn 0.0342 0.9843 0.1730
vn 0.0094 0.9663 0.2573
vn 0.0073 0.9781 0.2079
vn 0.9788 0.1621 0.1256
vn 0.9476 0.2997 0.1108
vn 0.9425 0.3052 0.1360
vn 0.8603 0.5038 0.0781
vn 0.8362 0.5271 0.1515
vn 0.7332 0.6748 0.0836
vn 0.9664 0.1758 -0.1874
vn 0.9818 0.1435 0.1244
vn 0.9904 0.0702 0.1193
vn 0.9949 0.0857 0.0540
vn 0.9919 0.0383 0.1211
vn 0.9838 -0.0587 0.1692
vn 0.9310 -0.2100 0.2985
vn 0.9651 -0.1572 0.2095
vn 0.9652 -0.1910 0.1786
vn 0.9210 -0.2789 0.2720
vn -0.2563 -0.0507 0.9653
vn -0.1811 0.2765 0.9438
vn -0.1780 0.2913 0.9399
vn -0.1113 0.5041 0.8564
vn -0.1066 0.5209 0.8469
vn -0.0255 0.7181 0.6955
vn 0.0145 0.7061 0.7080
vn 0.1750 0.8602 0.4790
vn 0.3551 0.7474 0.5616
vn 0.4070 0.7704 0.4907
vn 0.5809 0.5506 0.5995
vn 0.6149 0.5577 0.5575
vn 0.7073 0.3298 0.6252
vn 0.7160 0.3315 0.6144
vn 0.7598 0.1351 0.6360
vn 0.7570 0.1343 0.6395
vn 0.7773 -0.0292 0.6285
vn 0.7706 -0.0321 0.6365
vn 0.7800 -0.1722 0.6016
vn 0.7736 -0.1759 0.6088
vn 0.7781 -0.2958 0.5542
vn 0.1160 0.9721 0.2037
vn 0.2153 0.9759 0.0347
vn 0.1281 0.9508 0.2820
vn 0.2525 0.9126 0.3217
vn 0.2887 0.9219 0.2582
vn 0.4954 0.7930 0.3547
vn 0.5565 0.7879 0.2637
vn 0.7385 0.5590 0.3769
vn 0.7738 0.5480 0.3177
vn 0.8632 0.3298 0.3822
vn 0.8724 0.3269 0.3633
vn 0.9111 0.1553 0.3819
vn 0.9103 0.1553 0.3837
vn 0.9268 0.0234 0.3747
vn 0.9231 0.0224 0.3840
vn 0.9297 -0.0645 0.3627
vn 0.9658 -0.0420 0.2557
vn 0.9682 -0.1045 0.2273
vn 0.7729 -0.2997 0.5593
vn 0.7748 -0.3904 0.4972
vn -0.5177 0.0154 0.8554
vn -0.5263 0.0096 0.8502
vn -0.3652 -0.0795 0.9275
vn -0.3734 -0.0460 0.9265
vn -0.3887 -0.0474 0.9202
vn -0.3727 -0.1778 0.9108
vn -0.3855 -0.1771 0.9055
vn -0.3760 -0.3221 0.8688
vn -0.3849 -0.3206 0.8655
vn -0.3803 -0.4652 0.7993
vn -0.3863 -0.4637 0.7974
vn -0.3848 -0.5804 0.7177
vn -0.5575 -0.5119 0.6536
vn -0.4402 -0.6411 0.6286
vn -0.4044 -0.6548 0.6385
vn 0.5167 -0.6121 0.5986
vn 0.5284 -0.6066 0.5941
vn 0.5278 -0.5284 0.6650
vn 0.5326 -0.5261 0.6630
vn 0.5304 -0.4099 0.7421
vn 0.5369 -0.4071 0.7389
vn 0.5315 -0.2569 0.8071
vn 0.5401 -0.2538 0.8024
vn 0.5293 -0.0865 0.8440
vn 0.5388 -0.0837 0.8383
vn 0.5166 0.0984 0.8505
vn 0.5230 0.1001 0.8465
vn 0.4788 0.3023 0.8242
vn 0.4743 0.3011 0.8273
vn 0.3900 0.5120 0.7653
vn 0.3618 0.5009 0.7863
vn 0.2187 0.6829 0.6970
vn 0.1743 0.6513 0.7386
vn 0.0420 0.7332 0.6788
vn -0.0989 0.5483 0.8304
vn -0.1130 0.5229 0.8449
vn -0.2272 0.3244 0.9182
vn -0.2344 0.3078 0.9221
vn -0.3369 0.0812 0.9380
vn -0.3504 -0.0235 0.9363
vn -0.6274 -0.5627 0.5383
vn -0.5582 -0.5001 0.6621
vn -0.5325 -0.6121 0.5847
vn -0.4045 -0.6771 0.6148
vn -0.1158 -0.6961 0.7085
vn -0.0881 -0.6718 0.7355
vn 0.2070 -0.7401 0.6398
vn 0.2582 -0.7020 0.6637
vn 0.4773 -0.6391 0.6032
vn 0.5161 -0.6503 0.5574
vn 0.6170 -0.5732 0.5393
vn 0.7635 -0.4710 0.4418
vn 0.7835 -0.4268 0.4516
vn 0.9205 -0.3041 0.2452
vn 0.9331 -0.2644 0.2438
vn 0.9914 -0.0983 0.0864
vn 0.9913 -0.0989 0.0864
vn 0.9476 -0.3105 0.0758
vn -0.6297 -0.5686 0.5294
vn -0.6422 -0.5557 0.5280
vn -0.4207 -0.7029 0.5735
vn -0.5326 -0.6207 0.5755
vn -0.0890 -0.7638 0.6393
vn -0.1521 -0.7679 0.6223
vn 0.4752 -0.6936 0.5414
vn 0.4621 -0.6962 0.5494
vn 0.2570 -0.7568 0.6011
vn 0.2343 -0.7585 0.6080
vn 0.0891 -0.7676 0.6348
vn 0.9907 -0.1216 0.0605
vn 0.6137 -0.6343 0.4701
vn 0.7805 -0.5108 0.3603
vn 0.7253 -0.5724 0.3825
vn 0.9305 -0.3109 0.1935
vn 0.8687 -0.4283 0.2488
vn 0.9926 -0.1153 0.0369
vn 0.9688 -0.2351 0.0791
vn 0.9403 -0.3383 0.0377
vn -0.1566 -0.7883 0.5950
vn -0.4119 -0.6638 0.6243
vn 0.2740 -0.7874 0.5522
vn -0.5298 -0.6555 0.5382
vn -0.3594 -0.6942 0.6236
vn -0.3697 -0.7227 0.5840
vn -0.2912 -0.6535 0.6987
vn 0.3785 -0.7507 0.5415
vn 0.5120 -0.7431 0.4309
vn 0.5659 -0.7222 0.3977
vn 0.8134 -0.5674 0.1282
vn -0.2805 -0.6664 0.6908
vn -0.0155 -0.8069 0.5905
vn 0.0135 -0.7462 0.6655
vn 0.0692 -0.7388 0.6704
vn 0.0801 -0.7809 0.6196
vn -0.6214 -0.5323 0.5749
vn -0.3105 -0.7616 0.5688
vn -0.2900 -0.6916 0.6615
vn -0.0782 -0.7874 0.6115
vn 0.0529 -0.7991 0.5989
vn 0.7136 -0.6303 0.3059
vn 0.6709 -0.6540 0.3496
vn 0.6764 -0.6719 0.3018
vn 0.6623 -0.6776 0.3199
vn 0.8465 -0.5213 0.1078
vn 0.8678 -0.4638 0.1783
vn 0.8608 -0.4712 0.1924
vn 0.2680 -0.8147 0.5142
vn 0.0875 -0.7760 0.6247
vn 0.2278 -0.7926 0.5655
vn -0.4626 -0.6120 0.6415
vn -0.1744 -0.7907 0.5869
vn -0.1438 -0.7088 0.6906
vn 0.0565 -0.7896 0.6110
vn 0.2799 -0.7745 0.5672
vn 0.2828 -0.7756 0.5644
vn 0.4825 -0.7577 0.4394
vn 0.4829 -0.7565 0.4409
vn 0.4503 -0.7601 0.4686
vn 0.7033 -0.7000 0.1243
vn 0.6506 -0.7567 0.0648
vn 0.6090 -0.7773 0.1582
vn 0.4491 -0.8279 0.3360
vn 0.0955 -0.7488 0.6558
vn 0.7894 -0.6076 0.0871
vn 0.7883 -0.6085 0.0914
vn 0.6502 -0.7151 0.2569
vn 0.7544 -0.6508 0.0852
vn 0.5300 -0.7780 0.3374
vn 0.2977 -0.7966 0.5261
vn 0.3520 -0.7942 0.4953
vn 0.0764 -0.7353 0.6734
vn 0.1060 -0.7381 0.6663
vn -0.0034 -0.7052 0.7090
vn -0.0000 -0.7040 0.7102
vn -0.0451 -0.7043 0.7085
vn -0.1997 -0.6823 0.7033
vn -0.2521 -0.6838 0.6848
vn -0.6616 -0.5290 0.5314
vn -0.5397 -0.5839 0.6064
vn -0.4349 -0.6341 0.6393
vn -0.4311 -0.6356 0.6405
vn -0.6021 -0.5640 0.5652
vn -0.7333 -0.4900 0.4714
vn -0.7175 -0.4944 0.4906
vn -0.7152 -0.5045 0.4836
vn -0.7154 -0.5044 0.4836
vn -0.7199 -0.4895 0.4921
vn -0.7217 -0.4898 0.4891
vn -0.7172 -0.4993 0.4862
vn -0.7158 -0.5026 0.4848
vn -0.7155 -0.4852 0.5027
vn -0.7067 -0.4480 0.5476
vn -0.7125 -0.4380 0.5482
vn -0.7058 -0.3709 0.6035
vn -0.7059 -0.3708 0.6035
vn -0.7094 -0.2779 0.6477
vn -0.7000 -0.2908 0.6523
vn -0.7120 -0.1909 0.6758
vn -0.7162 -0.1861 0.6727
vn -0.7010 -0.1295 0.7013
vn -0.7012 -0.1289 0.7012
vn -0.6439 -0.1144 0.7565
vn -0.6455 -0.1072 0.7562
vn -0.6737 -0.0616 0.7365
vn -0.6742 -0.0830 0.7339
vn -0.6891 -0.0450 0.7232
vn -0.6966 -0.0703 0.7140
vn -0.6962 -0.0533 0.7159
vn -0.7009 -0.0663 0.7102
vn -0.6993 -0.0831 0.7100
vn -0.7035 -0.0896 0.7051
vn -0.7036 -0.1177 0.7008
vn -0.4827 -0.2172 0.8484
vn -0.5220 -0.1884 0.8319
vn -0.5716 -0.1682 0.8031
vn -0.5714 -0.1691 0.8031
vn -0.6130 -0.1271 0.7798
vn -0.4887 -0.2054 0.8479
vn -0.4389 -0.2254 0.8698
vn -0.4048 -0.2285 0.8854
vn -0.3827 -0.2549 0.8880
vn -0.3082 -0.2525 0.9172
vn -0.3021 -0.2600 0.9171
vn -0.2396 -0.2875 0.9273
vn -0.1962 -0.2733 0.9417
vn -0.1434 -0.3380 0.9302
vn -0.0992 -0.3077 0.9463
vn -0.0579 -0.3456 0.9366
vn -0.0540 -0.3503 0.9351
vn -0.0290 -0.3338 0.9422
vn -0.0117 -0.3542 0.9351
vn -0.0046 -0.3480 0.9375
vn -0.9955 0.0947 -0.0012
vn -0.9985 0.0526 -0.0178
vn -0.9998 -0.0040 -0.0203
vn -0.0086 -0.9999 0.0148
vn -0.0064 -0.9999 0.0150
vn -0.0388 -0.9991 0.0160
vn -0.0436 -0.9989 0.0158
vn -0.0999 -0.9948 0.0175
vn -0.1701 -0.9853 0.0135
vn -0.1567 -0.9875 0.0148
vn -0.2242 -0.9744 0.0165
vn -0.3043 -0.9524 0.0160
vn -0.3404 -0.9402 0.0140
vn -0.3778 -0.9258 0.0144
vn -0.4591 -0.8883 0.0141
vn -0.5373 -0.8434 0.0098
vn -0.6179 -0.7862 0.0114
vn -0.7773 -0.6292 0.0021
vn -0.7458 -0.6662 0.0069
vn -0.8772 -0.4800 -0.0003
vn -0.8879 -0.4600 -0.0021
vn -0.9380 -0.3465 -0.0033
vn -0.9682 -0.2501 -0.0110
vn -0.9554 -0.2953 -0.0056
vn -0.9832 -0.1824 -0.0109
vn -0.9844 -0.1755 -0.0108
vn -0.9964 -0.0828 -0.0157
vn -0.9934 -0.1134 -0.0182
vn -0.9996 -0.0250 -0.0158
vn -0.9998 -0.0054 -0.0196
vn -0.9998 -0.0039 -0.0208
vn -0.9998 -0.0040 -0.0208
vn -0.9998 -0.0065 -0.0210
vn -0.9998 -0.0061 -0.0207
vn -0.9998 -0.0067 -0.0206
vn -0.9997 -0.0092 -0.0204
vn -0.9998 0.0026 -0.0217
vn -0.9972 -0.0708 -0.0231
vn -0.9990 -0.0404 -0.0206
vn -0.9997 -0.0130 -0.0203
vn -0.9996 -0.0208 -0.0207
vn -0.9998 -0.0070 -0.0210
vn -0.9998 -0.0039 -0.0204
vn -0.9998 -0.0052 -0.0192
vn -0.9998 -0.0039 -0.0203
vn -0.9998 -0.0045 -0.0211
vn -0.9998 -0.0052 -0.0203
vn -0.9998 -0.0012 -0.0208
vn -0.9998 0.0024 -0.0207
vn -0.9998 0.0072 -0.0206
vn -0.9998 0.0029 -0.0205
vn -0.9998 0.0056 -0.0205
vn -0.9998 0.0080 -0.0204
vn -0.9996 0.0198 -0.0198
vn -0.9992 0.0361 -0.0186
vn -0.9989 0.0432 -0.0182
vn -0.9868 0.1607 -0.0188
vn -0.9978 0.0637 -0.0177
vn -0.9968 0.0778 -0.0176
vn -0.9989 0.0441 -0.0167
vn -0.9956 0.0920 -0.0169
vn -0.9945 0.1036 -0.0171
vn -0.9716 0.2361 -0.0136
vn -0.9895 0.1439 -0.0170
vn -0.9934 0.1144 -0.0116
vn -0.9890 0.1463 -0.0234
vn -0.9738 0.2267 -0.0193
vn -0.9630 0.2679 -0.0282
vn -0.9805 0.1962 -0.0033
vn -0.9464 0.3224 -0.0170
vn -0.9334 0.3586 -0.0120
vn -0.8771 0.4801 -0.0126
vn -0.8667 0.4986 -0.0174
vn -0.8039 0.5947 -0.0110
vn -0.7153 0.6986 -0.0176
vn -0.7145 0.6994 -0.0173
vn -0.5955 0.8033 -0.0108
vn -0.5175 0.8554 -0.0216
vn -0.4308 0.9024 -0.0008
vn -0.3395 0.9404 -0.0206
vn -0.2485 0.9686 -0.0063
vn -0.1696 0.9851 -0.0299
vn -0.0978 0.9952 0.0004
vn -0.0514 0.9984 -0.0226
vn -0.0186 0.9997 -0.0149
vn -0.0138 0.9997 -0.0183
vn -0.6555 0.4233 0.6254
vn -0.6584 0.4340 0.6149
vn -0.6536 0.4322 0.6213
vn -0.6547 0.4392 0.6152
vn -0.6559 0.4391 0.6140
vn -0.6571 0.4377 0.6137
vn -0.6559 0.4393 0.6138
vn -0.6510 0.4225 0.6306
vn -0.6607 0.4268 0.6175
vn -0.6384 0.3925 0.6621
vn -0.6712 0.3964 0.6264
vn -0.6914 0.3682 0.6217
vn -0.6910 0.3717 0.6200
vn -0.6922 0.4027 0.5989
vn -0.6797 0.4076 0.6099
vn -0.6334 0.4844 0.6035
vn -0.6207 0.4876 0.6139
vn -0.5996 0.5553 0.5763
vn -0.5889 0.5569 0.5857
vn -0.5445 0.6055 0.5804
vn -0.6307 0.6662 0.3980
vn -0.2943 0.5895 0.7522
vn -0.6981 0.2917 0.6539
vn -0.7049 0.3153 0.6354
vn -0.6963 0.2108 0.6861
vn -0.6971 0.2081 0.6861
vn -0.7200 0.0729 0.6901
vn -0.7149 0.0839 0.6941
vn -0.7122 -0.0422 0.7007
vn -0.7125 -0.0432 0.7004
vn -0.7223 -0.1984 0.6625
vn -0.7142 -0.3995 0.5748
vn -0.7160 -0.4013 0.5712
vn -0.7196 -0.2864 0.6326
vn -0.7012 -0.1724 0.6918
vn -0.4261 -0.5267 0.7355
vn -0.1969 -0.5737 0.7951
vn -0.2011 -0.5739 0.7939
vn -0.1937 -0.3102 0.9307
vn -0.5469 0.3507 0.7602
vn -0.1835 0.2786 0.9427
vn -0.2010 0.2826 0.9379
vn -0.4268 0.2772 0.8608
vn -0.5484 0.2272 0.8047
vn -0.5608 0.0095 0.8279
vn -0.2860 0.0581 0.9565
vn -0.5605 -0.0632 0.8257
vn -0.5652 -0.2459 0.7875
vn -0.5967 -0.4639 0.6548
vn -0.5657 -0.4717 0.6764
vn -0.5591 -0.2490 0.7909
vn -0.2030 -0.3073 0.9297
vn -0.1896 -0.0132 0.9818
vn -0.4569 -0.0586 0.8876
vn -0.1996 0.0718 0.9772
vn -0.0000 -0.5058 0.8627
vn -0.0000 -0.6669 0.7451
vn -0.0231 -0.6260 0.7795
vn -0.0456 -0.5870 0.8083
vn 0.0037 -0.0635 0.9980
vn -0.0002 -0.0883 0.9961
vn 0.0002 -0.2814 0.9596
vn -0.0079 -0.3214 0.9469
vn 0.0089 -0.5316 0.8469
vn -0.0792 -0.6168 0.7832
vn -0.0000 0.2366 0.9716
vn 0.0633 0.4086 0.9105
vn 0.0636 0.4079 0.9108
vn 0.0131 0.2709 0.9625
vn -0.0017 0.0625 0.9980
vn 0.9792 -0.1027 0.1752
vn 0.7838 -0.3141 0.5357
vn 0.8924 -0.2283 0.3894
vn 0.9658 -0.1167 0.2317
vn 0.9655 -0.0733 0.2498
vn 0.9655 -0.0165 0.2598
vn 0.2567 -0.4888 0.8338
vn 0.5964 -0.4060 0.6924
vn 0.9647 0.0623 0.2558
vn 0.7879 0.1457 0.5984
vn 0.7053 -0.3394 0.6224
vn 0.7049 -0.1996 0.6806
vn 0.7049 -0.0450 0.7079
vn 0.7050 -0.0450 0.7078
vn 0.7020 0.1534 0.6955
vn 0.6015 0.1890 0.7762
vn 0.2566 -0.4889 0.8338
vn 0.2573 -0.2719 0.9273
vn 0.2573 -0.2720 0.9273
vn 0.2573 -0.0613 0.9644
vn 0.2574 -0.0613 0.9644
vn 0.2545 0.2289 0.9396
vn 0.2544 0.2289 0.9396
vn 0.9808 0.0814 0.1773
vn 0.9659 0.0999 0.2390
vn 0.8314 0.2373 0.5024
vn 0.7934 0.2540 0.5532
vn 0.5555 0.3470 0.7556
vn 0.6087 0.3392 0.7172
vn 0.1950 0.3984 0.8962
vn 0.2589 0.4030 0.8778
vn 0.5784 -0.7618 0.2917
vn 0.0723 -0.9911 0.1114
vn 0.2767 -0.0832 0.9573
vn 0.0482 -0.1578 0.9863
vn 0.1568 0.2337 0.9596
vn 0.1752 0.3397 0.9241
vn 0.2556 0.2614 0.9308
vn 0.1678 0.3964 0.9026
vn 0.1950 0.3790 0.9046
vn 0.0522 0.1990 0.9786
vn 0.1554 -0.3108 0.9377
vn 0.2320 -0.3702 0.8995
vn 0.3405 -0.1790 0.9231
vn 0.4934 -0.0730 0.8667
vn 0.4907 -0.1899 0.8504
vn 0.1165 0.2345 0.9651
vn 0.1914 0.2130 0.9581
vn 0.3520 -0.0037 0.9360
vn 0.4534 0.0988 0.8858
vn 0.4304 0.1326 0.8928
vn 0.7606 -0.1296 0.6362
vn 0.6928 -0.2313 0.6830
vn 0.7953 -0.6026 0.0666
vn 0.7656 -0.5922 0.2512
vn 0.8917 -0.4189 0.1715
vn 0.8829 -0.4316 0.1851
vn 0.9739 -0.0266 0.2254
vn 0.9917 -0.0021 0.1286
vn 0.9502 -0.2145 0.2261
vn 0.9717 -0.1910 0.1387
vn 0.9315 -0.3084 0.1930
vn 0.2464 -0.9667 -0.0689
vn 0.2150 -0.9133 0.3459
vn 0.2215 -0.9069 0.3584
vn 0.2019 -0.9691 0.1419
vn 0.4752 -0.8749 0.0932
vn 0.2105 -0.7914 0.5739
vn 0.5711 -0.6452 0.5076
vn 0.5888 -0.5874 0.5553
vn 0.7638 -0.4263 0.4847
vn 0.0859 -0.4087 0.9086
vn 0.0880 -0.4593 0.8839
vn 0.1998 -0.6338 0.7472
vn 0.2068 -0.7980 0.5661
vn 0.8282 0.1501 0.5400
vn 0.8621 0.1717 0.4767
vn 0.8268 -0.0129 0.5623
vn 0.8634 0.0061 0.5044
vn 0.7691 -0.2127 0.6027
vn 0.8620 -0.2383 0.4473
vn 0.7755 -0.3724 0.5099
vn 0.7892 -0.5457 0.2818
vn 0.6107 -0.7074 0.3557
vn 0.5768 -0.8009 0.1607
vn 0.5652 -0.8159 -0.1215
vn 0.5527 0.2525 0.7942
vn 0.6891 0.2483 0.6808
vn 0.4441 0.1633 0.8810
vn 0.6574 0.1501 0.7385
vn 0.5826 -0.0220 0.8124
vn 0.7833 -0.1648 0.5994
vn 0.5838 -0.0959 0.8062
vn 0.6913 -0.2761 0.6677
vn 0.5780 -0.3877 0.7181
vn 0.5103 -0.3603 0.7809
vn 0.4478 -0.5215 0.7263
vn 0.2801 -0.5901 0.7572
vn 0.2424 -0.3663 0.8983
vn 0.2365 -0.3787 0.8948
vn 0.1772 -0.1244 0.9763
vn 0.1746 -0.1329 0.9756
vn 0.0964 0.1410 0.9853
vn 0.0512 0.1790 0.9825
vn -0.0000 0.3548 0.9349
vn -0.0066 0.1469 0.9891
vn -0.0034 0.1793 0.9838
vn -0.0000 -0.0346 0.9994
vn -0.0000 -0.3146 0.9492
vn -0.0000 -0.7102 0.7040
vn 0.0085 -0.6469 0.7626
vn -0.0046 -0.8623 0.5064
vn -0.0000 -0.9937 0.1117
vn 0.0070 -0.9688 0.2476
vn -0.0000 -0.9352 0.3542
vn -0.0000 -0.8156 0.5786
vn 0.9751 -0.0525 0.2155
vn 0.9173 -0.1960 0.3468
vn 0.8749 -0.1960 0.4428
vn 0.8383 -0.1434 0.5261
vn 0.8171 -0.0525 0.5741
vn 0.9036 0.0953 0.4176
vn 0.1254 0.3430 0.9309
vn 0.3113 0.3472 0.8846
vn 0.2507 0.1020 0.9627
vn 0.2303 0.2081 0.9506
vn 0.8284 0.0960 0.5519
vn 0.7302 0.2379 0.6405
vn 0.8170 0.0525 0.5742
vn 0.7197 -0.0651 0.6912
vn 0.8277 0.0752 0.5561
vn 0.9278 0.0759 0.3654
vn 0.9753 -0.1256 0.1816
vn 0.9590 -0.1880 0.2119
vn 0.9580 0.0232 0.2860
vn 0.9539 -0.1435 0.2635
vn 0.8049 -0.5506 0.2214
vn 0.6114 -0.7128 0.3436
vn 0.2134 -0.9082 0.3600
vn 0.0972 -0.9643 0.2464
vn 0.2570 -0.9591 -0.1189
vn 0.3777 -0.5376 0.7539
vn 0.0056 -0.7102 0.7040
vn 0.1018 -0.8578 0.5037
vn 0.1800 0.1445 0.9730
vn 0.1817 -0.0340 0.9828
vn 0.2113 -0.2111 0.9544
vn 0.5752 -0.8174 0.0319
vn 0.4037 -0.8146 0.4164
vn 0.4038 -0.8146 0.4164
vn 0.2511 -0.5964 0.7624
vn 0.2514 -0.5964 0.7623
vn 0.1741 -0.2602 0.9497
vn -0.6547 -0.2378 0.7175
vn 0.9997 0.0204 0.0107
vn 0.9944 -0.1049 0.0107
vn 0.9892 -0.1310 -0.0660
vn 0.9515 -0.2900 0.1023
vn 0.9218 -0.3827 0.0612
vn 0.8250 -0.5248 0.2098
vn 0.8035 -0.5541 0.2176
vn 0.6911 -0.5523 0.4661
vn 0.6910 -0.5524 0.4662
vn 0.5876 -0.4043 0.7009
vn 0.5877 -0.4044 0.7008
vn 0.5280 -0.1479 0.8363
vn 0.5280 0.1480 0.8362
vn 0.5280 0.1479 0.8362
vn 0.5640 0.2789 0.7772
vn 0.5540 0.4146 0.7220
vn 0.9913 -0.1313 -0.0000
vn 0.9659 -0.2588 -0.0029
vn 0.9236 -0.3834 -0.0000
vn 0.8254 -0.5646 -0.0000
vn 0.7071 -0.7071 -0.0024
vn 0.6511 -0.7590 -0.0000
vn 0.2588 -0.9659 -0.0000
vn 0.9998 0.0076 0.0166
vn 0.9309 0.1525 0.3321
vn 0.9804 0.1073 0.1653
vn 0.9526 0.2427 0.1836
vn 0.9933 0.0613 0.0980
vn 0.9072 0.1755 0.3823
vn 0.8302 0.2811 0.4813
vn 0.8368 0.2924 0.4629
vn 0.3118 0.3963 0.8636
vn 0.5555 0.3468 0.7557
vn 0.5556 0.3470 0.7556
vn 0.7312 0.2847 0.6199
vn 0.7682 0.2820 0.5747
vn 0.1247 0.5212 0.8443
vn 0.1950 0.4172 0.8876
vn -0.0000 0.4173 0.9088
vn 0.5763 -0.7580 0.3054
vn 0.0715 -0.9891 0.1287
vn 0.4857 -0.1884 0.8536
vn 0.2024 -0.2476 0.9475
vn 0.1559 0.2340 0.9596
vn 0.1734 0.3406 0.9241
vn 0.2578 0.2583 0.9310
vn 0.1666 0.3967 0.9027
vn 0.1947 0.3786 0.9048
vn 0.3411 -0.1904 0.9205
vn 0.3199 -0.1861 0.9290
vn 0.4882 -0.0714 0.8698
vn 0.0949 0.1431 0.9851
vn 0.0518 0.2003 0.9784
vn 0.1146 0.2357 0.9650
vn 0.1883 0.2145 0.9584
vn 0.3485 -0.0022 0.9373
vn 0.4501 0.0996 0.8874
vn 0.4282 0.1319 0.8940
vn 0.7571 -0.1283 0.6406
vn 0.6881 -0.2309 0.6879
vn 0.7946 -0.6020 0.0790
vn 0.7629 -0.5918 0.2603
vn 0.8896 -0.4192 0.1810
vn 0.8820 -0.4301 0.1926
vn 0.9739 -0.0270 0.2256
vn 0.9913 -0.0020 0.1317
vn 0.9494 -0.2145 0.2293
vn 0.9708 -0.1910 0.1450
vn 0.9296 -0.3097 0.2000
vn 0.2464 -0.9678 -0.0522
vn 0.2135 -0.9083 0.3599
vn 0.2195 -0.9020 0.3717
vn 0.2013 -0.9668 0.1573
vn 0.4759 -0.8727 0.1090
vn 0.2081 -0.7849 0.5837
vn 0.5671 -0.6403 0.5181
vn 0.5834 -0.5850 0.5634
vn 0.7601 -0.4235 0.4928
vn 0.2048 -0.7909 0.5767
vn 0.1970 -0.6263 0.7543
vn 0.0866 -0.4511 0.8882
vn 0.0892 -0.5305 0.8430
vn 0.0751 -0.3040 0.9497
vn 0.8282 0.1499 0.5401
vn 0.8610 0.1715 0.4787
vn 0.8254 -0.0131 0.5644
vn 0.8610 0.0056 0.5086
vn 0.7658 -0.2130 0.6068
vn 0.8587 -0.2376 0.4541
vn 0.7711 -0.3721 0.5168
vn 0.7871 -0.5432 0.2922
vn 0.6063 -0.7059 0.3663
vn 0.5750 -0.7998 0.1726
vn 0.5663 -0.8164 -0.1126
vn 0.5527 0.2519 0.7944
vn 0.6875 0.2485 0.6823
vn 0.4417 0.1620 0.8824
vn 0.6549 0.1499 0.7407
vn 0.5796 -0.0221 0.8146
vn 0.7808 -0.1645 0.6027
vn 0.5792 -0.0948 0.8096
vn 0.6867 -0.2737 0.6734
vn 0.5733 -0.3847 0.7234
vn 0.5040 -0.3564 0.7868
vn 0.4433 -0.5159 0.7330
vn 0.2768 -0.5835 0.7635
vn 0.2164 -0.2526 0.9431
vn 0.0455 -0.2860 0.9572
vn 0.0497 0.1814 0.9822
vn -0.0000 0.1816 0.9834
vn -0.0001 -0.1738 0.9848
vn -0.0490 -0.3045 0.9512
vn 0.0015 -0.4102 0.9120
vn -0.0000 -0.5326 0.8464
vn -0.0000 -0.6388 0.7693
vn 0.0507 -0.7226 0.6894
vn -0.0000 -0.9916 0.1290
vn 0.0503 -0.9636 0.2627
vn -0.0000 -0.9297 0.3684
vn 0.0001 -0.8080 0.5892
vn -0.5734 -0.3846 0.7234
vn -0.0126 0.1816 0.9833
vn -0.0768 0.2133 0.9740
vn -0.1948 0.3644 0.9106
vn -0.7668 0.1290 0.6288
vn -0.5900 0.2518 0.7671
vn -0.5381 0.1191 0.8344
vn -0.5443 0.0809 0.8350
vn -0.4502 -0.0539 0.8913
vn -0.5528 0.2519 0.7943
vn -0.2646 0.3593 0.8949
vn -0.1833 0.3336 0.9247
vn -0.1749 0.2946 0.9395
vn -0.4176 0.0661 0.9062
vn -0.3114 -0.0376 0.9495
vn -0.3299 -0.0559 0.9423
vn -0.5276 -0.8123 0.2486
vn -0.4778 -0.8489 0.2260
vn -0.3300 -0.9087 0.2555
vn -0.5973 -0.3940 0.6985
vn -0.4392 -0.4991 0.7470
vn -0.4583 -0.5085 0.7290
vn -0.9891 -0.0671 0.1314
vn -0.9682 -0.2495 -0.0173
vn -0.9500 -0.3021 0.0789
vn -0.8489 -0.5001 0.1708
vn -0.8439 -0.5341 0.0505
vn -0.9204 0.0041 0.3909
vn -0.7932 -0.2997 0.5302
vn -0.8278 -0.3372 0.4483
vn -0.6349 -0.5448 0.5478
vn -0.6587 -0.5522 0.5110
vn -0.4826 -0.6693 0.5649
vn -0.5032 -0.6767 0.5375
vn -0.6854 -0.7006 0.1982
vn -0.7360 -0.6683 0.1083
vn -0.6583 -0.6671 0.3488
vn -0.8578 -0.4500 0.2485
vn -0.8400 -0.4121 0.3529
vn -0.9741 -0.0925 0.2063
vn -0.9434 -0.0451 0.3286
vn -0.1750 0.2945 0.9395
vn -0.1397 0.2594 0.9556
vn -0.1221 0.2645 0.9566
vn -0.0720 0.1436 0.9870
vn -0.1117 -0.1455 0.9830
vn -0.1244 -0.1725 0.9771
vn -0.1714 -0.4939 0.8524
vn -0.0849 -0.4087 0.9087
vn -0.0917 -0.6301 0.7710
vn -0.1974 -0.7093 0.6767
vn -0.0962 -0.8094 0.5793
vn -0.1231 -0.9575 0.2610
vn -0.8714 0.0437 0.4887
vn -0.8188 0.1043 0.5646
vn -0.7175 -0.1452 0.6813
vn -0.6755 -0.0228 0.7370
vn -0.6867 -0.2738 0.6734
vn -0.5790 -0.0947 0.8098
vn -0.4857 -0.1881 0.8536
vn -0.4699 -0.3538 0.8087
vn -0.3811 -0.3020 0.8738
vn -0.2387 -0.3609 0.9016
vn -0.2767 -0.5834 0.7636
vn -0.2892 -0.5910 0.7530
vn -0.3022 -0.7597 0.5757
vn -0.3164 -0.7661 0.5595
vn -0.2955 -0.9252 0.2382
vn -0.1120 -0.9605 0.2546
vn -0.9796 -0.2009 0.0018
vn -0.9792 -0.2030 0.0016
vn -0.0983 -0.9950 0.0182
vn -0.2506 -0.9679 0.0204
vn -0.8315 -0.5555 0.0101
vn -0.6341 -0.7731 0.0141
vn -0.6020 -0.7984 0.0153
vn -0.4729 -0.8810 0.0157
vn -0.2918 -0.9563 0.0190
vn -0.7829 -0.6221 0.0086
vn -0.8980 -0.4399 0.0083
vn -0.9365 -0.3506 0.0064
vn -0.9854 -0.1705 0.0035
vn -0.9869 -0.1616 0.0030
vn -0.9902 -0.1397 -0.0000
vn -0.9659 -0.2588 -0.0029
vn -0.9203 -0.3912 -0.0000
vn -0.7071 -0.7071 -0.0000
vn -0.4497 -0.8932 -0.0000
vn -0.2588 -0.9659 -0.0020
vn -0.2032 -0.9791 -0.0000
vn -0.0983 -0.9952 -0.0000
vn -0.2453 -0.9694 0.0024
vn -0.9982 -0.0604 -0.0000
vn -0.9927 -0.1203 -0.0006
vn -0.9720 -0.2350 0.0005
vn -0.9505 -0.3107 -0.0002
vn -0.8902 -0.4556 0.0003
vn -0.8309 -0.5564 -0.0016
vn -0.7718 -0.6358 -0.0000
vn -0.6341 -0.7732 -0.0000
vn -0.5976 -0.8018 0.0008
vn -0.4701 -0.8826 -0.0004
vn -0.2887 -0.9574 0.0013
vn -0.4569 -0.7625 0.4580
vn -0.6262 -0.7597 0.1755
vn -0.5558 -0.8240 0.1103
vn -0.3348 -0.9375 0.0953
vn -0.9733 -0.2167 0.0762
vn -0.9290 -0.3365 0.1538
vn -0.8076 -0.4105 0.4233
vn -0.8199 -0.4690 0.3285
vn -0.5349 -0.5272 0.6602
vn -0.5521 -0.5981 0.5809
vn -0.1949 -0.6335 0.7488
vn -0.1861 -0.5977 0.7798
vn -0.1628 -0.7899 0.5912
vn -0.1873 -0.8021 0.5671
vn -0.1366 -0.8993 0.4155
vn -0.1012 -0.9738 0.2035
vn -0.8823 -0.4601 0.0993
vn -0.7676 -0.6334 0.0981
vn -0.6864 -0.6844 0.2460
vn -0.6771 -0.6925 0.2488
vn -0.4570 -0.7626 0.4579
vn -0.2998 -0.9420 0.1507
vn -0.0792 -0.9724 0.2194
vn -0.0611 -0.9981 -0.0000
vn -0.0812 -0.9967 0.0001
vn -0.3173 -0.9483 -0.0004
vn -0.3364 -0.9417 -0.0000
vn -0.5593 -0.8290 -0.0000
vn -0.5302 -0.8479 0.0002
vn -0.6359 -0.7717 -0.0002
vn -0.7316 -0.6817 -0.0010
vn -0.7713 -0.6365 -0.0000
vn -0.8867 -0.4624 -0.0000
vn -0.8732 -0.4873 0.0001
vn -0.9761 -0.2173 -0.0007
vn -0.9696 -0.2445 -0.0000
vn -0.0000 -1.0000 -0.0001
vn -0.0001 -1.0000 -0.0000
vn 0.0001 -1.0000 -0.0000
vn 0.0020 -0.8452 0.5344
vn -0.0251 -0.7370 0.6755
vn -0.0069 -0.7830 0.6219
vn 0.0620 -0.8496 0.5238
vn -0.0032 -0.7135 0.7006
vn 0.0013 -0.9270 0.3750
vn 0.0204 -0.9873 0.1576
vn 0.0008 -0.9747 0.2233
vn 0.0001 -0.9996 0.0299
vn -0.0041 -0.9961 0.0879
vn -0.0317 -0.9611 0.2742
vn 0.0008 -0.8041 0.5945
vn -0.0004 -0.7067 0.7075
vn -0.0004 -0.6328 0.7743
vn -0.0000 -0.6392 0.7690
vn -0.0001 -0.6458 0.7635
vn 0.0008 -0.6646 0.7472
vn -0.0005 -0.6892 0.7245
vn 0.0002 -0.6662 0.7458
vn -0.0000 -0.9788 0.2046
vn 0.0006 -0.9776 0.2106
vn -0.0000 -0.9078 0.4195
vn 0.0014 -0.8006 0.5992
vn 0.0017 0.0622 0.9981
vn -0.0095 0.2708 0.9626
vn -0.0008 0.2454 0.9694
vn -0.0000 0.4134 0.9106
vn -0.0000 0.4156 0.9096
vn -0.0071 -0.0888 0.9960
vn -0.0132 -0.1167 0.9931
vn 0.0097 -0.3216 0.9468
vn 0.0443 -0.6253 0.7791
vn -0.0000 -0.6640 0.7478
vn 0.0267 -0.6198 0.7843
vn 0.0470 -0.5870 0.8082
vn -0.0000 -0.5407 0.8412
vn -0.0147 -0.4634 0.8860
vn -0.0000 0.4172 0.9088
vn -0.0001 0.4468 0.8946
vn -0.7655 0.1190 0.6323
vn -0.8834 0.1956 0.4259
vn -0.9808 0.0814 0.1773
vn -0.9477 -0.0199 0.3184
vn -0.9958 0.0384 0.0836
vn -0.8315 0.2319 0.5049
vn -0.6971 0.2992 0.6515
vn -0.5555 0.3668 0.7462
vn -0.1758 0.4108 0.8946
vn -0.1949 0.4358 0.8787
vn -0.3642 0.3886 0.8464
vn -0.5437 0.3502 0.7627
vn -0.1923 -0.0506 0.9800
vn -0.9798 0.0399 0.1961
vn -0.5642 -0.5644 -0.6026
vn -0.6373 -0.7624 0.1118
vn -0.8226 0.0971 0.5602
vn -0.8266 0.1062 0.5526
vn -0.6862 0.1375 0.7143
vn -0.5308 0.1446 0.8351
vn -0.5456 0.1600 0.8226
vn -0.3558 0.1811 0.9168
vn -0.1913 0.1771 0.9654
vn -0.1711 0.1937 0.9660
vn -0.4451 -0.8840 0.1433
vn -0.1955 -0.9419 0.2731
vn -0.2546 -0.9527 0.1662
vn -0.0495 -0.9677 0.2473
vn -0.0894 -0.8643 0.4949
vn -0.9736 -0.1374 0.1822
vn -0.9626 -0.1755 0.2063
vn -0.8094 -0.2475 0.5325
vn -0.5318 -0.2870 0.7967
vn -0.5317 -0.2871 0.7968
vn -0.2039 -0.2858 0.9364
vn -0.1687 -0.3101 0.9356
vn -0.9141 -0.3886 0.1158
vn -0.8310 -0.5261 0.1806
vn -0.7177 -0.6162 0.3242
vn -0.7177 -0.6162 0.3243
vn -0.4253 -0.7146 0.5554
vn -0.4255 -0.7145 0.5554
vn -0.1457 -0.7173 0.6814
vn -0.1768 -0.7063 0.6855
vn -0.0000 0.1966 0.9805
vn 0.0018 0.1793 0.9838
vn -0.0000 -0.0516 0.9987
vn -0.0000 -0.1791 0.9838
vn -0.0070 -0.3146 0.9492
vn -0.0000 -0.4171 0.9089
vn -0.0000 -0.7176 0.6964
vn 0.0021 -0.7313 0.6820
vn -0.0000 -0.8678 0.4969
vn -0.0000 -0.9689 0.2476
vn -0.5780 -0.3876 0.7181
vn -0.0126 0.1792 0.9837
vn -0.0776 0.2105 0.9745
vn -0.1950 0.3644 0.9106
vn -0.7669 0.1301 0.6284
vn -0.5921 0.2521 0.7654
vn -0.5410 0.1200 0.8324
vn -0.5475 0.0803 0.8330
vn -0.4538 -0.0550 0.8894
vn -0.5528 0.2525 0.7942
vn -0.2685 0.3587 0.8940
vn -0.1848 0.3336 0.9244
vn -0.1758 0.2952 0.9391
vn -0.4209 0.0653 0.9047
vn -0.3146 -0.0392 0.9484
vn -0.3341 -0.0583 0.9407
vn -0.5283 -0.8157 0.2358
vn -0.4787 -0.8519 0.2126
vn -0.3289 -0.9136 0.2389
vn -0.6030 -0.3973 0.6918
vn -0.4438 -0.5040 0.7409
vn -0.4637 -0.5137 0.7219
vn -0.9927 -0.0332 0.1161
vn -0.9623 -0.2680 -0.0465
vn -0.9609 -0.2707 0.0579
vn -0.8508 -0.4993 0.1638
vn -0.8438 -0.5352 0.0384
vn -0.9222 0.0031 0.3868
vn -0.7964 -0.2995 0.5255
vn -0.8317 -0.3389 0.4398
vn -0.6393 -0.5478 0.5397
vn -0.6636 -0.5554 0.5011
vn -0.4865 -0.6742 0.5557
vn -0.5080 -0.6816 0.5267
vn -0.6883 -0.7017 0.1843
vn -0.7367 -0.6694 0.0960
vn -0.6613 -0.6694 0.3385
vn -0.8599 -0.4515 0.2380
vn -0.8426 -0.4118 0.3470
vn -0.9751 -0.0937 0.2011
vn -0.9437 -0.0435 0.3280
vn -0.1763 0.2942 0.9394
vn -0.1407 0.2586 0.9557
vn -0.1241 0.2636 0.9566
vn -0.0727 0.1459 0.9866
vn -0.1133 -0.1497 0.9822
vn -0.1265 -0.1777 0.9759
vn -0.1735 -0.4995 0.8487
vn -0.0864 -0.4155 0.9055
vn -0.0930 -0.6380 0.7644
vn -0.2008 -0.7164 0.6681
vn -0.0967 -0.8168 0.5687
vn -0.1243 -0.9614 0.2456
vn -0.8716 0.0450 0.4882
vn -0.8209 0.1039 0.5616
vn -0.7211 -0.1440 0.6777
vn -0.6805 -0.0248 0.7323
vn -0.6912 -0.2760 0.6679
vn -0.5839 -0.0961 0.8061
vn -0.4907 -0.1902 0.8503
vn -0.4742 -0.3568 0.8048
vn -0.3861 -0.3064 0.8701
vn -0.2422 -0.3665 0.8983
vn -0.2799 -0.5901 0.7572
vn -0.2930 -0.5981 0.7459
vn -0.3051 -0.7661 0.5657
vn -0.3199 -0.7726 0.5484
vn -0.2960 -0.9289 0.2226
vn -0.1129 -0.9644 0.2391
vn -0.9808 0.0753 0.1801
vn -0.9587 0.1187 0.2584
vn -0.8314 0.2257 0.5077
vn -0.7750 0.2637 0.5743
vn -0.5555 0.3470 0.7557
vn -0.5556 0.3469 0.7556
vn -0.1951 0.4092 0.8913
vn -0.1952 0.4092 0.8913
vn -0.9801 0.0487 0.1922
vn -0.9802 0.0486 0.1921
vn -0.8271 0.1379 0.5449
vn -0.5490 0.2051 0.8103
vn -0.5492 0.2051 0.8101
vn -0.1920 0.2409 0.9514
vn -0.1921 0.2409 0.9514
vn -0.9802 -0.0231 0.1969
vn -0.9802 -0.0231 0.1968
vn -0.8271 -0.0656 0.5583
vn -0.8271 -0.0656 0.5582
vn -0.5491 -0.0975 0.8300
vn -0.1921 -0.1145 0.9747
vn -0.1919 -0.1146 0.9747
vn -0.9802 -0.0919 0.1756
vn -0.9801 -0.0919 0.1757
vn -0.8271 -0.2605 0.4980
vn -0.8272 -0.2605 0.4979
vn -0.5491 -0.3874 0.7406
vn -0.5492 -0.3873 0.7405
vn -0.1919 -0.4549 0.8696
vn -0.0009 -0.4489 0.8936
vn -0.0000 -0.4184 0.9083
vn -0.0000 -0.2220 0.9750
vn -0.0000 -0.2204 0.9754
vn -0.0000 -0.0001 1.0000
vn 0.0026 0.0918 0.9958
vn -0.0007 0.2394 0.9709
vn -0.0000 0.3261 0.9453
vn -0.0000 0.4648 0.8854
vn 0.0017 0.5153 0.8570
vn -0.0009 0.6631 0.7485
vn -0.0000 0.7055 0.7087
vn -0.0000 0.8230 0.5681
vn 0.0008 0.8374 0.5466
vn -0.0006 0.9350 0.3546
vn -0.0000 0.9439 0.3304
vn -0.0000 0.9927 0.1205
vn -0.0002 0.9919 0.1269
vn 0.0002 0.9927 -0.1205
vn -0.0000 0.9935 -0.1142
vn -0.0011 0.9480 -0.3183
vn 0.0015 0.8230 -0.5681
vn -0.0000 0.8443 -0.5358
vn -0.0000 0.6632 -0.7485
vn -0.0021 0.7145 -0.6996
vn 0.0033 0.4647 -0.8854
vn -0.0000 0.5262 -0.8504
vn -0.0030 0.3379 -0.9412
vn 0.0026 0.1173 -0.9931
vn -0.0004 -0.0000 -1.0000
vn -0.0000 -0.1065 -0.9943
vn -0.0000 -0.2394 -0.9709
vn 0.0022 -0.3106 -0.9505
vn -0.0008 -0.4648 -0.8854
vn -0.0000 -0.5291 -0.8486
vn 0.0012 -0.6939 -0.7201
vn -0.0008 -0.8230 -0.5681
vn -0.0000 -0.8461 -0.5330
vn 0.0003 -0.9384 -0.3455
vn -0.0003 -0.9927 -0.1205
vn -0.0000 -0.9938 -0.1109
vn -0.0000 -0.9927 0.1205
vn -0.0007 -0.9952 0.0982
vn 0.0008 -0.9350 0.3546
vn -0.0000 -0.9428 0.3335
vn -0.0000 -0.8230 0.5681
vn -0.0016 -0.8528 0.5222
vn 0.0023 -0.6631 0.7485
vn -0.0000 -0.7031 0.7111
vn -0.0000 -0.5399 0.8417
vn 0.7045 -0.4706 0.5312
vn 0.7045 -0.5840 0.4032
vn 0.7045 -0.5841 0.4031
vn 0.7045 -0.6636 0.2517
vn 0.7045 -0.7045 0.0855
vn 0.7045 -0.7045 0.0856
vn 0.7045 -0.7045 -0.0855
vn 0.7045 -0.7045 -0.0856
vn 0.7045 -0.6636 -0.2516
vn 0.7045 -0.5841 -0.4032
vn 0.7045 -0.4706 -0.5313
vn 0.7045 -0.4706 -0.5312
vn 0.7045 -0.3298 -0.6284
vn 0.7045 -0.1699 -0.6891
vn 0.7045 -0.0000 -0.7097
vn 0.7045 0.1698 -0.6891
vn 0.7045 0.1699 -0.6891
vn 0.7045 0.3298 -0.6284
vn 0.7045 0.4707 -0.5312
vn 0.7045 0.4706 -0.5312
vn 0.7045 0.5840 -0.4032
vn 0.7045 0.6636 -0.2516
vn 0.7045 0.7045 -0.0856
vn 0.7045 0.7045 0.0855
vn 0.7045 0.7045 0.0856
vn 0.7045 0.6636 0.2517
vn 0.7045 0.5841 0.4032
vn 0.7045 0.5840 0.4031
vn 0.7045 0.4706 0.5312
vn 0.7045 0.3298 0.6284
vn 0.7045 0.1699 0.6891
vn 0.7045 0.1698 0.6891
vn 0.7045 -0.0000 0.7097
vn 0.7052 -0.1574 0.6913
vn 0.7037 -0.3189 0.6349
vn 0.7037 -0.3190 0.6349
vn 1.0000 0.0001 -0.0000
vn 0.7054 0.2924 -0.6457
vn 0.7066 0.1926 -0.6809
vn 0.7031 0.0531 -0.7091
vn 0.7031 -0.1582 -0.6933
vn 0.7031 -0.3555 -0.6158
vn 0.7031 -0.5213 -0.4837
vn 0.7031 -0.5212 -0.4837
vn 0.7031 -0.6406 -0.3085
vn 0.7031 -0.7031 -0.1060
vn 0.7031 -0.7031 0.1060
vn 0.7031 -0.6407 0.3085
vn 0.7031 -0.6406 0.3085
vn 0.7031 -0.5213 0.4837
vn 0.7031 -0.5212 0.4837
vn 0.7031 -0.3555 0.6158
vn 0.7070 -0.2429 0.6641
vn 0.7070 -0.2429 0.6642
vn 0.7043 -0.1417 0.6957
vn 0.7043 -0.1416 0.6956
vn 0.7031 0.0531 0.7091
vn 0.7031 0.2598 0.6619
vn 0.7031 0.4433 0.5559
vn 0.7031 0.4434 0.5559
vn 0.7031 0.5875 0.4006
vn 0.7031 0.6795 0.2096
vn 0.7031 0.7111 -0.0000
vn 0.7031 0.6795 -0.2096
vn 0.7031 0.5875 -0.4006
vn 0.7031 0.4433 -0.5559
vn -0.7035 -0.7035 0.1011
vn -0.7035 -0.6465 0.2952
vn -0.7035 -0.5371 0.4654
vn -0.7035 -0.3843 0.5979
vn -0.7035 -0.3842 0.5979
vn -0.7035 -0.2003 0.6819
vn -0.7035 -0.2002 0.6819
vn -0.7035 -0.0000 0.7107
vn -0.7035 0.2002 0.6819
vn -0.7035 0.2003 0.6819
vn -0.7035 0.3842 0.5979
vn -0.7035 0.5371 0.4654
vn -0.7035 0.6465 0.2952
vn -0.7035 0.7035 0.1011
vn -1.0000 -0.0003 -0.0000
vn -1.0000 0.0001 -0.0000
vn 0.7035 0.7035 0.1011
vn 0.7035 0.6465 0.2952
vn 0.7035 0.5371 0.4654
vn 0.7035 0.3842 0.5979
vn 0.7035 0.2002 0.6819
vn 0.7035 -0.0000 0.7107
vn 0.7035 -0.2002 0.6819
vn 0.7035 -0.3842 0.5979
vn 0.7035 -0.5371 0.4654
vn 0.7035 -0.6465 0.2952
vn 0.7035 -0.7035 0.1011
vn 1.0000 -0.0001 -0.0000
vn -0.0000 0.9898 0.1423
vn -0.0000 0.9096 0.4154
vn -0.0000 0.7557 0.6549
vn -0.0000 0.5406 0.8413
vn -0.0000 0.5407 0.8412
vn -0.0000 0.2817 0.9595
vn -0.0000 -0.0000 1.0000
vn -0.0000 -0.2817 0.9595
vn -0.0000 -0.2818 0.9595
vn -0.0000 -0.5406 0.8413
vn -0.0000 -0.7557 0.6549
vn -0.0000 -0.9096 0.4154
vn -0.0000 -0.9898 0.1423
vn -0.0000 -0.5406 0.8412
vn -0.0000 1.0000 0.0004
vn -0.0000 1.0000 -0.0001
vn -0.0000 -0.9888 -0.1490
vn -0.0000 0.9972 0.0747
vn 0.0494 0.9960 -0.0746
vn -0.0248 0.9997 -0.0000
vn -0.0000 0.9556 -0.2948
vn -0.0000 0.8262 -0.5633
vn -0.0000 0.6235 -0.7818
vn -0.0000 0.4126 -0.9109
vn -0.0224 0.3653 -0.9306
vn -0.0000 -0.9010 -0.4339
vn -0.0000 -0.7331 -0.6802
vn -0.0000 -0.7330 -0.6802
vn -0.0000 -0.5000 -0.8660
vn -0.0000 -0.2225 -0.9749
vn -0.0000 0.0747 -0.9972
vn -0.0000 0.2722 -0.9622
vn 0.0223 0.3653 -0.9306
vn -0.0000 0.9972 -0.0747
vn -0.0000 0.4125 -0.9109
vn -0.0000 0.9556 0.2948
vn -0.0000 0.9556 0.2947
vn -0.0000 0.8262 0.5633
vn -0.0000 0.6235 0.7818
vn -0.0000 0.3653 0.9309
vn -0.0000 0.3654 0.9309
vn -0.0000 0.0748 0.9972
vn -0.0000 0.0747 0.9972
vn -0.0000 -0.1995 0.9799
vn -0.0018 -0.2225 0.9749
vn -0.0000 -0.3434 0.9392
vn -0.0000 -0.5000 0.8660
vn -0.0000 -0.7331 0.6802
vn -0.0000 -0.7330 0.6802
vn -0.0000 -0.9010 0.4339
vn -0.0000 -0.9888 0.1490
vn -0.7054 0.2924 -0.6457
vn -0.7031 0.4433 -0.5559
vn -0.7031 0.4434 -0.5559
vn -0.7031 0.5875 -0.4006
vn -0.7031 0.6795 -0.2096
vn -0.7031 0.7111 -0.0000
vn -0.7031 0.6795 0.2096
vn -0.7031 0.5875 0.4006
vn -0.7031 0.4434 0.5559
vn -0.7031 0.4433 0.5559
vn -0.7031 0.2598 0.6619
vn -0.7031 0.2598 0.6620
vn -0.7031 0.0531 0.7091
vn -0.7031 0.0532 0.7091
vn -0.7031 -0.1583 0.6933
vn -0.7031 -0.1582 0.6932
vn -0.7031 -0.3555 0.6158
vn -0.7031 -0.5212 0.4836
vn -0.7031 -0.5213 0.4836
vn -0.7031 -0.6407 0.3085
vn -0.7031 -0.6406 0.3085
vn -0.7031 -0.7031 0.1060
vn -0.7031 -0.7031 -0.1060
vn -0.7031 -0.6406 -0.3085
vn -0.7031 -0.6407 -0.3085
vn -0.7031 -0.5213 -0.4837
vn -0.7031 -0.5213 -0.4836
vn -0.7031 -0.3555 -0.6158
vn -0.7031 -0.1582 -0.6933
vn -0.7031 -0.1582 -0.6932
vn -0.7031 0.0531 -0.7091
vn -0.7066 0.1926 -0.6809
vn -0.6909 0.3695 -0.6214
vn -0.7005 0.3755 -0.6069
vn -0.7067 0.5055 -0.4950
vn -0.6791 0.5993 -0.4238
vn -0.7026 0.6008 -0.3813
vn -0.7059 0.6715 -0.2254
vn -0.6725 0.7258 -0.1446
vn -0.7042 0.7053 -0.0811
vn -0.6993 0.6973 0.1576
vn -0.6352 0.7661 0.0980
vn -0.7055 0.6689 0.2342
vn -0.6992 0.5729 0.4276
vn -0.6590 0.6298 0.4111
vn -0.7064 0.4994 0.5016
vn -0.6992 0.3495 0.6236
vn -0.6806 0.3775 0.6279
vn -0.7069 0.2307 0.6686
vn -0.6993 0.0656 0.7119
vn -0.6992 0.0656 0.7119
vn -0.7051 -0.1562 0.6916
vn -0.7051 -0.1563 0.6916
vn -0.7051 -0.2967 0.6440
vn -0.7051 -0.2966 0.6440
vn -0.7069 -0.3819 0.5954
vn -0.6844 -0.4948 0.5356
vn -0.7016 -0.5010 0.5067
vn -0.7063 -0.6037 0.3697
vn -0.6752 -0.6777 0.2914
vn -0.7034 -0.6701 0.2370
vn -0.7054 -0.7054 0.0696
vn -0.6712 -0.7412 -0.0095
vn -0.7049 -0.7049 -0.0786
vn -0.6993 -0.6493 -0.2991
vn -0.6474 -0.7152 -0.2633
vn -0.7060 -0.5992 -0.3775
vn -0.6992 -0.4715 -0.5373
vn -0.6701 -0.5151 -0.5345
vn -0.7067 -0.3743 -0.6004
vn -0.6992 -0.2122 -0.6827
vn -0.6907 -0.2246 -0.6874
vn -0.7071 -0.0752 -0.7031
vn -0.6993 0.0838 -0.7099
vn -0.7070 0.2390 -0.6655
vn 0.1947 0.9652 0.1748
vn 0.1947 0.9793 0.0548
vn 0.1947 0.9786 -0.0659
vn 0.1948 0.9786 -0.0659
vn 0.1948 0.9631 -0.1857
vn 0.1947 0.9631 -0.1857
vn 0.1947 0.9330 -0.3026
vn 0.1948 0.9330 -0.3026
vn 0.1948 0.8887 -0.4150
vn 0.1948 0.8310 -0.5211
vn 0.1948 0.7607 -0.6192
vn 0.1949 0.6788 -0.7080
vn 0.1949 0.5867 -0.7860
vn 0.1946 0.5867 -0.7861
vn 0.1946 0.4856 -0.8522
vn 0.1945 0.4856 -0.8523
vn 0.1945 0.3772 -0.9055
vn 0.1949 0.3772 -0.9054
vn 0.1949 0.2631 -0.9449
vn 0.1950 0.1449 -0.9700
vn 0.1947 0.1449 -0.9701
vn 0.1947 0.0247 -0.9806
vn 0.1946 0.0247 -0.9806
vn 0.1946 -0.0960 -0.9762
vn 0.1948 -0.0960 -0.9761
vn 0.1948 -0.2153 -0.9569
vn 0.1947 -0.2153 -0.9569
vn 0.1947 -0.3312 -0.9232
vn 0.1947 -0.4422 -0.8755
vn 0.1946 -0.4422 -0.8756
vn 0.1946 -0.5464 -0.8146
vn 0.1949 -0.5464 -0.8146
vn 0.1948 -0.6424 -0.7412
vn 0.1948 -0.7286 -0.6567
vn 0.1950 -0.7285 -0.6567
vn 0.1950 -0.8037 -0.5622
vn 0.1947 -0.8038 -0.5622
vn 0.1947 -0.8668 -0.4591
vn 0.1948 -0.8667 -0.4591
vn 0.1948 -0.9166 -0.3492
vn 0.1946 -0.9166 -0.3491
vn 0.1946 -0.9526 -0.2339
vn 0.1947 -0.9526 -0.2339
vn 0.1947 -0.9741 -0.1150
vn 0.1947 -0.9808 0.0055
vn 0.1947 -0.9727 0.1260
vn 0.1947 -0.9499 0.2446
vn 0.1946 -0.9499 0.2446
vn 0.1946 -0.9126 0.3595
vn 0.1948 -0.9126 0.3595
vn 0.1948 -0.8615 0.4689
vn 0.1949 -0.8615 0.4689
vn 0.1949 -0.7973 0.5712
vn 0.1948 -0.7973 0.5712
vn 0.1948 -0.7211 0.6649
vn 0.1948 -0.6339 0.7485
vn 0.1948 -0.5371 0.8207
vn 0.1947 -0.5371 0.8207
vn 0.1947 -0.4322 0.8805
vn 0.1948 -0.4322 0.8805
vn 0.1948 -0.3208 0.9269
vn 0.1946 -0.3207 0.9270
vn 0.1946 -0.2044 0.9593
vn 0.1949 -0.2045 0.9593
vn 0.1949 -0.0849 0.9771
vn 0.1950 -0.0849 0.9771
vn 0.1949 0.0357 0.9802
vn 0.1944 0.0358 0.9803
vn 0.1944 0.1560 0.9684
vn 0.1948 0.1559 0.9684
vn 0.1948 0.2738 0.9419
vn 0.1950 0.2737 0.9418
vn 0.1950 0.3874 0.9011
vn 0.1947 0.3875 0.9011
vn 0.1948 0.4952 0.8467
vn 0.1945 0.4953 0.8467
vn 0.1945 0.5955 0.7794
vn 0.1948 0.5955 0.7794
vn 0.1948 0.6868 0.7003
vn 0.1947 0.6868 0.7003
vn 0.1947 0.7676 0.6106
vn 0.1948 0.7676 0.6106
vn 0.1948 0.8368 0.5116
vn 0.1949 0.8368 0.5116
vn 0.1948 0.8934 0.4049
vn 0.1946 0.8934 0.4049
vn 0.5548 0.8187 0.1482
vn 0.5548 0.8186 0.1482
vn 0.5548 0.8307 0.0465
vn 0.5548 0.8301 -0.0559
vn 0.5548 0.8169 -0.1575
vn 0.5549 0.8169 -0.1575
vn 0.5549 0.7914 -0.2567
vn 0.5548 0.7914 -0.2567
vn 0.5548 0.7539 -0.3520
vn 0.5547 0.7539 -0.3520
vn 0.5547 0.7049 -0.4420
vn 0.5548 0.7049 -0.4420
vn 0.5548 0.6452 -0.5252
vn 0.5547 0.6453 -0.5253
vn 0.5547 0.5758 -0.6006
vn 0.5549 0.5757 -0.6005
vn 0.5549 0.4976 -0.6667
vn 0.5548 0.4976 -0.6667
vn 0.5548 0.4119 -0.7229
vn 0.5548 0.3199 -0.7680
vn 0.5548 0.2232 -0.8015
vn 0.5547 0.2232 -0.8015
vn 0.5547 0.1229 -0.8229
vn 0.5548 0.1229 -0.8228
vn 0.5548 0.0209 -0.8317
vn 0.5551 0.0210 -0.8315
vn 0.5551 -0.0814 -0.8278
vn 0.5548 -0.0814 -0.8280
vn 0.5548 -0.1826 -0.8117
vn 0.5550 -0.1826 -0.8116
vn 0.5550 -0.2809 -0.7830
vn 0.5548 -0.2810 -0.7831
vn 0.5548 -0.3750 -0.7427
vn 0.5546 -0.3751 -0.7428
vn 0.5546 -0.4636 -0.6910
vn 0.5549 -0.4634 -0.6909
vn 0.5549 -0.5448 -0.6287
vn 0.5549 -0.6180 -0.5570
vn 0.5549 -0.6817 -0.4768
vn 0.5549 -0.7351 -0.3894
vn 0.5547 -0.7353 -0.3895
vn 0.5547 -0.7775 -0.2962
vn 0.5549 -0.7774 -0.2961
vn 0.5549 -0.8079 -0.1983
vn 0.5548 -0.8080 -0.1983
vn 0.5548 -0.8262 -0.0976
vn 0.5548 -0.8319 0.0047
vn 0.5549 -0.8319 0.0047
vn 0.5548 -0.8251 0.1069
vn 0.5549 -0.8057 0.2075
vn 0.5548 -0.8057 0.2075
vn 0.5548 -0.7741 0.3049
vn 0.5549 -0.7740 0.3049
vn 0.5549 -0.7307 0.3977
vn 0.5548 -0.7307 0.3977
vn 0.5548 -0.6763 0.4845
vn 0.5548 -0.6117 0.5640
vn 0.5548 -0.5377 0.6349
vn 0.5549 -0.5377 0.6348
vn 0.5549 -0.4556 0.6961
vn 0.5549 -0.3666 0.7468
vn 0.5549 -0.2721 0.7862
vn 0.5548 -0.2721 0.7863
vn 0.5547 -0.1734 0.8138
vn 0.5549 -0.1734 0.8137
vn 0.5549 -0.0721 0.8288
vn 0.5549 0.0303 0.8314
vn 0.5550 0.0303 0.8313
vn 0.5550 0.1322 0.8213
vn 0.5547 0.1323 0.8215
vn 0.5547 0.2322 0.7990
vn 0.5547 0.3287 0.7644
vn 0.5548 0.3286 0.7643
vn 0.5548 0.4200 0.7181
vn 0.5549 0.4200 0.7181
vn 0.5549 0.5051 0.6610
vn 0.5549 0.5825 0.5940
vn 0.5548 0.5825 0.5940
vn 0.5548 0.6511 0.5179
vn 0.5548 0.7098 0.4340
vn 0.5548 0.7578 0.3435
vn 0.5549 0.7577 0.3434
vn 0.8310 0.5474 0.0991
vn 0.8309 0.5474 0.0991
vn 0.8309 0.5555 0.0311
vn 0.8310 0.5554 0.0311
vn 0.8310 0.5550 -0.0374
vn 0.8310 0.5551 -0.0374
vn 0.8310 0.5463 -0.1053
vn 0.8310 0.5292 -0.1717
vn 0.8310 0.5291 -0.1716
vn 0.8310 0.5040 -0.2353
vn 0.8311 0.5039 -0.2353
vn 0.8311 0.4712 -0.2954
vn 0.8309 0.4714 -0.2956
vn 0.8309 0.4315 -0.3513
vn 0.8311 0.4313 -0.3511
vn 0.8311 0.3849 -0.4014
vn 0.8309 0.3850 -0.4016
vn 0.8309 0.3328 -0.4459
vn 0.8310 0.3327 -0.4458
vn 0.8310 0.2754 -0.4833
vn 0.8310 0.2139 -0.5135
vn 0.8309 0.2140 -0.5137
vn 0.8308 0.1493 -0.5361
vn 0.8309 0.1493 -0.5360
vn 0.8309 0.0822 -0.5503
vn 0.8310 0.0822 -0.5502
vn 0.8310 0.0140 -0.5561
vn 0.8309 0.0140 -0.5562
vn 0.8309 -0.0545 -0.5537
vn 0.8311 -0.0544 -0.5535
vn 0.8311 -0.1220 -0.5426
vn 0.8308 -0.1222 -0.5430
vn 0.8308 -0.1880 -0.5239
vn 0.8310 -0.1878 -0.5236
vn 0.8310 -0.2507 -0.4965
vn 0.8310 -0.3098 -0.4619
vn 0.8308 -0.3100 -0.4621
vn 0.8308 -0.3645 -0.4205
vn 0.8309 -0.3644 -0.4205
vn 0.8309 -0.4134 -0.3725
vn 0.8310 -0.4132 -0.3724
vn 0.8310 -0.4559 -0.3189
vn 0.8309 -0.4560 -0.3189
vn 0.8309 -0.4917 -0.2604
vn 0.8311 -0.4914 -0.2604
vn 0.8311 -0.5197 -0.1980
vn 0.8310 -0.5198 -0.1980
vn 0.8310 -0.5402 -0.1326
vn 0.8310 -0.5403 -0.1326
vn 0.8310 -0.5525 -0.0652
vn 0.8310 -0.5524 -0.0652
vn 0.8310 -0.5563 0.0031
vn 0.8309 -0.5564 0.0032
vn 0.8309 -0.5517 0.0715
vn 0.8310 -0.5517 0.0715
vn 0.8310 -0.5387 0.1387
vn 0.8310 -0.5387 0.1388
vn 0.8310 -0.5176 0.2039
vn 0.8310 -0.4886 0.2660
vn 0.8310 -0.4522 0.3240
vn 0.8310 -0.4090 0.3771
vn 0.8310 -0.3595 0.4245
vn 0.8310 -0.3596 0.4245
vn 0.8309 -0.3047 0.4655
vn 0.8310 -0.3047 0.4655
vn 0.8309 -0.2452 0.4994
vn 0.8310 -0.2452 0.4994
vn 0.8310 -0.1819 0.5257
vn 0.8310 -0.1159 0.5441
vn 0.8310 -0.0482 0.5542
vn 0.8310 0.0203 0.5560
vn 0.8310 0.0203 0.5559
vn 0.8310 0.0884 0.5492
vn 0.8310 0.1553 0.5342
vn 0.8310 0.2197 0.5111
vn 0.8310 0.2809 0.4802
vn 0.8310 0.3377 0.4420
vn 0.8310 0.3378 0.4421
vn 0.8310 0.3895 0.3972
vn 0.8310 0.4354 0.3463
vn 0.8310 0.4746 0.2902
vn 0.8310 0.5067 0.2297
vn 0.9788 0.1953 0.0624
vn 0.9808 0.1891 0.0479
vn 0.9807 0.1923 0.0348
vn 0.9807 0.1922 0.0348
vn 0.9807 0.1950 0.0109
vn 0.9807 0.1949 -0.0131
vn 0.9807 0.1918 -0.0370
vn 0.9807 0.1919 -0.0370
vn 0.9807 0.1859 -0.0603
vn 0.9807 0.1860 -0.0604
vn 0.9807 0.1772 -0.0827
vn 0.9807 0.1657 -0.1039
vn 0.9807 0.1656 -0.1038
vn 0.9807 0.1516 -0.1234
vn 0.9807 0.1353 -0.1411
vn 0.9807 0.1354 -0.1412
vn 0.9807 0.1170 -0.1568
vn 0.9807 0.1169 -0.1566
vn 0.9807 0.0968 -0.1698
vn 0.9807 0.0752 -0.1804
vn 0.9807 0.0751 -0.1803
vn 0.9807 0.0524 -0.1881
vn 0.9807 0.0289 -0.1931
vn 0.9807 0.0289 -0.1934
vn 0.9807 0.0049 -0.1954
vn 0.9807 0.0049 -0.1953
vn 0.9807 -0.0191 -0.1944
vn 0.9807 -0.0191 -0.1945
vn 0.9807 -0.0429 -0.1906
vn 0.9807 -0.0429 -0.1907
vn 0.9807 -0.0660 -0.1839
vn 0.9807 -0.0881 -0.1744
vn 0.9807 -0.0880 -0.1744
vn 0.9807 -0.1088 -0.1622
vn 0.9807 -0.1089 -0.1623
vn 0.9807 -0.1280 -0.1477
vn 0.9807 -0.1452 -0.1308
vn 0.9807 -0.1453 -0.1310
vn 0.9807 -0.1603 -0.1121
vn 0.9807 -0.1601 -0.1120
vn 0.9807 -0.1727 -0.0915
vn 0.9807 -0.1728 -0.0915
vn 0.9807 -0.1827 -0.0696
vn 0.9807 -0.1898 -0.0466
vn 0.9807 -0.1941 -0.0229
vn 0.9807 -0.1954 0.0011
vn 0.9807 -0.1938 0.0251
vn 0.9807 -0.1893 0.0487
vn 0.9807 -0.1818 0.0716
vn 0.9807 -0.1716 0.0934
vn 0.9807 -0.1589 0.1138
vn 0.9807 -0.1437 0.1325
vn 0.9807 -0.1263 0.1491
vn 0.9807 -0.1263 0.1492
vn 0.9807 -0.1070 0.1636
vn 0.9807 -0.1070 0.1635
vn 0.9807 -0.0861 0.1755
vn 0.9807 -0.0861 0.1754
vn 0.9807 -0.0639 0.1846
vn 0.9807 -0.0639 0.1847
vn 0.9807 -0.0407 0.1912
vn 0.9807 -0.0169 0.1947
vn 0.9807 0.0071 0.1953
vn 0.9807 0.0311 0.1929
vn 0.9807 0.0311 0.1930
vn 0.9807 0.0546 0.1877
vn 0.9807 0.0545 0.1876
vn 0.9807 0.0772 0.1795
vn 0.9807 0.0987 0.1687
vn 0.9807 0.1186 0.1553
vn 0.9807 0.1187 0.1553
vn 0.9807 0.1368 0.1395
vn 0.9807 0.1369 0.1396
vn 0.9807 0.1531 0.1217
vn 0.9807 0.1529 0.1217
vn 0.9807 0.1667 0.1019
vn 0.9807 0.1780 0.0807
vn 0.9807 0.1866 0.0582
vn 0.8310 0.5311 0.1656
vn 0.5549 0.7942 0.2477
vn 0.5548 0.7942 0.2477
vn 0.1947 0.9364 0.2921
vn 1.0000 -0.0000 0.0001
vn -0.0000 -0.9890 -0.1478
vn -0.0000 -0.9695 -0.2449
vn 0.0178 -0.9449 -0.3270
vn -0.0000 -0.9428 -0.3334
vn -0.0001 -0.8688 -0.4951
vn -0.0000 -0.8688 -0.4951
vn -0.0000 -0.7631 -0.6463
vn -0.0000 -0.6313 -0.7755
vn -0.0000 -0.4781 -0.8783
vn -0.0000 -0.3085 -0.9512
vn -0.0000 -0.3086 -0.9512
vn -0.0000 -0.1285 -0.9917
vn -0.0000 0.0559 -0.9984
vn -0.0000 0.2384 -0.9712
vn -0.0000 0.4128 -0.9108
vn -0.0000 0.5732 -0.8194
vn -0.0000 0.7140 -0.7002
vn -0.0000 0.8304 -0.5571
vn -0.0001 0.8305 -0.5571
vn -0.0001 0.9187 -0.3950
vn -0.0000 0.9187 -0.3950
vn -0.0000 0.9756 -0.2195
vn -0.0000 0.9756 -0.2194
vn -0.0000 0.9993 -0.0364
vn -0.0000 0.9993 -0.0365
vn -0.0000 0.9890 0.1478
vn -0.0000 0.9450 0.3270
vn -0.0000 0.8688 0.4951
vn -0.0000 0.7631 0.6463
vn -0.0000 0.6313 0.7755
vn -0.0000 0.4781 0.8783
vn -0.0000 0.3086 0.9512
vn -0.0000 0.3085 0.9512
vn -0.0000 0.1285 0.9917
vn -0.0000 -0.0559 0.9984
vn -0.0000 -0.2384 0.9712
vn -0.0000 -0.4128 0.9108
vn -0.0000 -0.5732 0.8195
vn -0.0000 -0.7140 0.7002
vn -0.0000 -0.8305 0.5571
vn 0.0001 -0.8304 0.5571
vn 0.0001 -0.9187 0.3950
vn -0.0000 -0.9187 0.3950
vn -0.0000 -0.9756 0.2195
vn -0.0000 -0.9993 0.0364
vn -0.1206 0.9443 0.3061
vn -0.0000 0.9798 0.2000
vn -0.0000 0.9993 0.0361
vn -0.0000 0.9823 -0.1871
vn -0.0000 0.9161 -0.4010
vn -0.0001 0.9161 -0.4011
vn -0.0001 0.8038 -0.5948
vn -0.0001 0.6513 -0.7588
vn -0.0000 0.6513 -0.7588
vn -0.0000 0.4662 -0.8847
vn -0.0000 0.2576 -0.9662
vn -0.0000 0.0361 -0.9993
vn -0.0000 -0.1871 -0.9823
vn -0.0000 -0.4011 -0.9161
vn -0.0000 -0.5948 -0.8039
vn -0.0000 -0.5948 -0.8038
vn -0.0000 -0.7588 -0.6513
vn -0.0000 -0.8847 -0.4662
vn -0.0000 -0.9662 -0.2576
vn -0.0000 -0.9993 -0.0361
vn -0.0000 -0.9823 0.1872
vn -0.0000 -0.9823 0.1871
vn 0.0001 -0.9161 0.4010
vn -0.0000 -0.9161 0.4011
vn -0.0000 -0.8038 0.5948
vn -0.0000 -0.6513 0.7588
vn -0.0000 -0.4662 0.8847
vn -0.0000 -0.2576 0.9663
vn 0.0001 -0.2576 0.9662
vn 0.0001 -0.0362 0.9993
vn -0.0000 -0.0361 0.9993
vn -0.0000 0.1872 0.9823
vn 0.0001 0.1871 0.9823
vn 0.0001 0.4010 0.9161
vn -0.0000 0.4010 0.9161
vn -0.0000 0.5948 0.8038
vn -0.0000 0.7588 0.6513
vn -0.0000 0.8847 0.4662
vn -0.0000 0.9662 0.2576
vn -0.1950 0.2044 -0.9593
vn -0.1950 0.3207 -0.9269
vn -0.1948 0.3208 -0.9269
vn -0.1948 0.4322 -0.8805
vn -0.1947 0.4322 -0.8805
vn -0.1947 0.5372 -0.8207
vn -0.1948 0.5371 -0.8207
vn -0.1948 0.6339 -0.7485
vn -0.1948 0.7211 -0.6649
vn -0.1948 0.7973 -0.5712
vn -0.1949 0.7973 -0.5712
vn -0.1949 0.8615 -0.4689
vn -0.1948 0.8615 -0.4689
vn -0.1948 0.9126 -0.3595
vn -0.1948 0.9499 -0.2446
vn -0.1947 0.9499 -0.2446
vn -0.1947 0.9727 -0.1260
vn -0.1948 0.9727 -0.1260
vn -0.1947 0.9808 -0.0055
vn -0.1947 0.9808 -0.0056
vn -0.1948 0.9741 0.1150
vn -0.1947 0.9741 0.1150
vn -0.1947 0.9526 0.2339
vn -0.1948 0.9526 0.2339
vn -0.1948 0.9166 0.3491
vn -0.1946 0.9166 0.3492
vn -0.1946 0.8668 0.4591
vn -0.1947 0.8668 0.4591
vn -0.1947 0.8038 0.5622
vn -0.1947 0.7286 0.6567
vn -0.1948 0.7286 0.6567
vn -0.1948 0.6424 0.7412
vn -0.1945 0.6424 0.7413
vn -0.1945 0.5464 0.8146
vn -0.1946 0.5464 0.8146
vn -0.1946 0.4422 0.8756
vn -0.1947 0.4422 0.8755
vn -0.1947 0.3312 0.9232
vn -0.1947 0.2152 0.9570
vn -0.1948 0.2152 0.9569
vn -0.1948 0.0961 0.9761
vn -0.1946 0.0961 0.9762
vn -0.1946 -0.0247 0.9806
vn -0.1947 -0.0247 0.9805
vn -0.1947 -0.1449 0.9701
vn -0.1945 -0.1450 0.9701
vn -0.1945 -0.2631 0.9450
vn -0.1949 -0.2630 0.9449
vn -0.1949 -0.3772 0.9054
vn -0.1945 -0.3773 0.9054
vn -0.1945 -0.4856 0.8523
vn -0.1946 -0.4856 0.8522
vn -0.1946 -0.5867 0.7861
vn -0.1949 -0.5866 0.7861
vn -0.1949 -0.6788 0.7080
vn -0.1945 -0.6789 0.7080
vn -0.1945 -0.7607 0.6192
vn -0.1948 -0.7607 0.6192
vn -0.1948 -0.8310 0.5211
vn -0.1948 -0.8887 0.4150
vn -0.1947 -0.8887 0.4150
vn -0.1947 -0.9330 0.3026
vn -0.1947 -0.9631 0.1857
vn -0.1948 -0.9631 0.1857
vn -0.1948 -0.9786 0.0659
vn -0.1947 -0.9786 0.0659
vn -0.1947 -0.9793 -0.0548
vn -0.1947 -0.9652 -0.1748
vn -0.1948 -0.9364 -0.2921
vn -0.1947 -0.9364 -0.2921
vn -0.1947 -0.8934 -0.4049
vn -0.1947 -0.8369 -0.5116
vn -0.1946 -0.8369 -0.5116
vn -0.1946 -0.7677 -0.6106
vn -0.1947 -0.7677 -0.6106
vn -0.1947 -0.6868 -0.7003
vn -0.1947 -0.5955 -0.7794
vn -0.1948 -0.5955 -0.7794
vn -0.1948 -0.4952 -0.8466
vn -0.1944 -0.4952 -0.8467
vn -0.1943 -0.3875 -0.9012
vn -0.1946 -0.3875 -0.9011
vn -0.1945 -0.2738 -0.9419
vn -0.1944 -0.2738 -0.9419
vn -0.1944 -0.1559 -0.9684
vn -0.1948 -0.1560 -0.9684
vn -0.1948 -0.0358 -0.9802
vn -0.1945 -0.0357 -0.9802
vn -0.1945 0.0850 -0.9772
vn -0.1949 0.0849 -0.9771
vn -0.1949 0.2044 -0.9593
vn -0.5547 0.1734 -0.8137
vn -0.5548 0.2721 -0.7863
vn -0.5547 0.2721 -0.7863
vn -0.5547 0.3667 -0.7469
vn -0.5547 0.4557 -0.6962
vn -0.5549 0.4556 -0.6961
vn -0.5549 0.5377 -0.6348
vn -0.5548 0.5377 -0.6349
vn -0.5548 0.6117 -0.5640
vn -0.5548 0.6763 -0.4845
vn -0.5548 0.7307 -0.3977
vn -0.5548 0.7308 -0.3978
vn -0.5548 0.7741 -0.3049
vn -0.5548 0.8057 -0.2075
vn -0.5549 0.8250 -0.1069
vn -0.5549 0.8319 -0.0047
vn -0.5548 0.8319 -0.0047
vn -0.5548 0.8262 0.0976
vn -0.5548 0.8080 0.1984
vn -0.5548 0.7775 0.2962
vn -0.5549 0.7774 0.2961
vn -0.5549 0.7351 0.3894
vn -0.5549 0.6817 0.4768
vn -0.5549 0.6180 0.5570
vn -0.5549 0.5448 0.6287
vn -0.5549 0.4634 0.6909
vn -0.5550 0.4634 0.6908
vn -0.5550 0.3750 0.7425
vn -0.5548 0.3751 0.7427
vn -0.5548 0.2809 0.7831
vn -0.5550 0.2809 0.7830
vn -0.5550 0.1825 0.8116
vn -0.5548 0.1825 0.8117
vn -0.5548 0.0815 0.8280
vn -0.5551 0.0815 0.8278
vn -0.5551 -0.0209 0.8315
vn -0.5548 -0.0210 0.8317
vn -0.5548 -0.1229 0.8228
vn -0.5547 -0.1229 0.8229
vn -0.5547 -0.2232 0.8015
vn -0.5548 -0.2232 0.8015
vn -0.5548 -0.3199 0.7680
vn -0.5548 -0.4120 0.7228
vn -0.5552 -0.4118 0.7226
vn -0.5552 -0.4975 0.6666
vn -0.5549 -0.4976 0.6667
vn -0.5549 -0.5757 0.6005
vn -0.5550 -0.5757 0.6005
vn -0.5550 -0.6451 0.5252
vn -0.5548 -0.6452 0.5252
vn -0.5548 -0.7049 0.4420
vn -0.5547 -0.7049 0.4420
vn -0.5547 -0.7539 0.3520
vn -0.5548 -0.7539 0.3520
vn -0.5548 -0.7914 0.2567
vn -0.5549 -0.7913 0.2567
vn -0.5549 -0.8169 0.1575
vn -0.5548 -0.8169 0.1575
vn -0.5548 -0.8301 0.0559
vn -0.5549 -0.8300 0.0559
vn -0.5549 -0.8306 -0.0465
vn -0.5548 -0.8306 -0.0465
vn -0.5548 -0.8186 -0.1482
vn -0.5548 -0.7942 -0.2477
vn -0.5549 -0.7577 -0.3434
vn -0.5549 -0.7578 -0.3434
vn -0.5548 -0.7098 -0.4340
vn -0.5549 -0.7098 -0.4339
vn -0.5549 -0.6511 -0.5178
vn -0.5548 -0.6511 -0.5179
vn -0.5548 -0.5825 -0.5940
vn -0.5549 -0.5825 -0.5940
vn -0.5549 -0.5051 -0.6610
vn -0.5549 -0.4200 -0.7181
vn -0.5549 -0.3286 -0.7643
vn -0.5550 -0.3286 -0.7642
vn -0.5550 -0.2322 -0.7988
vn -0.5549 -0.2322 -0.7988
vn -0.5550 -0.1322 -0.8213
vn -0.5550 -0.0304 -0.8313
vn -0.5548 -0.0303 -0.8314
vn -0.5548 0.0721 -0.8288
vn -0.5549 0.0721 -0.8288
vn -0.5549 0.1734 -0.8137
vn -0.8310 0.1159 -0.5441
vn -0.8310 0.1819 -0.5257
vn -0.8310 0.1819 -0.5256
vn -0.8310 0.2451 -0.4993
vn -0.8310 0.3046 -0.4654
vn -0.8309 0.3047 -0.4655
vn -0.8309 0.3596 -0.4245
vn -0.8310 0.3595 -0.4245
vn -0.8310 0.4090 -0.3771
vn -0.8310 0.4522 -0.3240
vn -0.8310 0.4886 -0.2660
vn -0.8310 0.4886 -0.2659
vn -0.8310 0.5176 -0.2039
vn -0.8310 0.5387 -0.1387
vn -0.8310 0.5517 -0.0715
vn -0.8310 0.5563 -0.0032
vn -0.8309 0.5564 -0.0031
vn -0.8309 0.5526 0.0653
vn -0.8310 0.5525 0.0652
vn -0.8310 0.5403 0.1326
vn -0.8310 0.5402 0.1326
vn -0.8310 0.5199 0.1980
vn -0.8309 0.5199 0.1981
vn -0.8309 0.4917 0.2604
vn -0.8309 0.4917 0.2605
vn -0.8309 0.4560 0.3189
vn -0.8310 0.4559 0.3188
vn -0.8310 0.4132 0.3724
vn -0.8309 0.4133 0.3725
vn -0.8309 0.3644 0.4205
vn -0.8310 0.3643 0.4203
vn -0.8310 0.3099 0.4619
vn -0.8308 0.3100 0.4622
vn -0.8308 0.2509 0.4968
vn -0.8310 0.2508 0.4965
vn -0.8310 0.1878 0.5236
vn -0.8310 0.1878 0.5235
vn -0.8310 0.1221 0.5427
vn -0.8309 0.1221 0.5429
vn -0.8309 0.0545 0.5538
vn -0.8309 0.0545 0.5537
vn -0.8309 -0.0140 0.5562
vn -0.8310 -0.0140 0.5561
vn -0.8310 -0.0822 0.5502
vn -0.8312 -0.0822 0.5499
vn -0.8311 -0.1491 0.5357
vn -0.8311 -0.1492 0.5358
vn -0.8311 -0.2139 0.5134
vn -0.8310 -0.2139 0.5135
vn -0.8310 -0.2754 0.4833
vn -0.8308 -0.2756 0.4836
vn -0.8308 -0.3329 0.4460
vn -0.8309 -0.3328 0.4459
vn -0.8309 -0.3850 0.4016
vn -0.8309 -0.3851 0.4016
vn -0.8309 -0.4315 0.3513
vn -0.8309 -0.4714 0.2956
vn -0.8311 -0.4712 0.2955
vn -0.8311 -0.5039 0.2353
vn -0.8310 -0.5040 0.2353
vn -0.8310 -0.5291 0.1716
vn -0.8310 -0.5292 0.1717
vn -0.8310 -0.5463 0.1053
vn -0.8310 -0.5551 0.0374
vn -0.8309 -0.5551 0.0374
vn -0.8309 -0.5555 -0.0311
vn -0.8310 -0.5554 -0.0311
vn -0.8310 -0.5474 -0.0991
vn -0.8310 -0.5310 -0.1656
vn -0.8310 -0.5311 -0.1656
vn -0.8310 -0.5067 -0.2297
vn -0.8310 -0.5067 -0.2296
vn -0.8310 -0.4746 -0.2902
vn -0.8310 -0.4354 -0.3463
vn -0.8310 -0.3895 -0.3972
vn -0.8310 -0.3378 -0.4420
vn -0.8310 -0.3378 -0.4421
vn -0.8309 -0.2809 -0.4802
vn -0.8310 -0.2809 -0.4802
vn -0.8310 -0.2197 -0.5111
vn -0.8310 -0.1553 -0.5342
vn -0.8310 -0.0884 -0.5492
vn -0.8310 -0.0203 -0.5560
vn -0.8310 -0.0203 -0.5559
vn -0.8310 0.0482 -0.5541
vn -0.8310 0.0482 -0.5542
vn -0.9807 0.0407 -0.1912
vn -0.9807 0.0639 -0.1847
vn -0.9807 0.0861 -0.1754
vn -0.9807 0.0862 -0.1755
vn -0.9807 0.1071 -0.1636
vn -0.9807 0.1070 -0.1636
vn -0.9807 0.1263 -0.1492
vn -0.9807 0.1263 -0.1491
vn -0.9807 0.1437 -0.1325
vn -0.9807 0.1436 -0.1324
vn -0.9807 0.1588 -0.1138
vn -0.9807 0.1589 -0.1138
vn -0.9807 0.1716 -0.0934
vn -0.9807 0.1818 -0.0716
vn -0.9807 0.1819 -0.0716
vn -0.9807 0.1893 -0.0487
vn -0.9807 0.1938 -0.0251
vn -0.9807 0.1939 -0.0251
vn -0.9807 0.1955 -0.0011
vn -0.9807 0.1954 -0.0011
vn -0.9807 0.1941 0.0229
vn -0.9807 0.1898 0.0466
vn -0.9807 0.1826 0.0696
vn -0.9807 0.1827 0.0696
vn -0.9807 0.1728 0.0915
vn -0.9807 0.1727 0.0915
vn -0.9807 0.1601 0.1120
vn -0.9807 0.1452 0.1308
vn -0.9807 0.1280 0.1477
vn -0.9807 0.1089 0.1623
vn -0.9807 0.1088 0.1622
vn -0.9807 0.0881 0.1744
vn -0.9807 0.0660 0.1839
vn -0.9807 0.0661 0.1842
vn -0.9807 0.0429 0.1909
vn -0.9807 0.0429 0.1906
vn -0.9807 0.0191 0.1945
vn -0.9807 -0.0049 0.1953
vn -0.9807 -0.0049 0.1954
vn -0.9807 -0.0289 0.1934
vn -0.9807 -0.0524 0.1883
vn -0.9807 -0.0525 0.1884
vn -0.9807 -0.0752 0.1805
vn -0.9807 -0.0968 0.1698
vn -0.9808 -0.0966 0.1696
vn -0.9808 -0.1168 0.1565
vn -0.9807 -0.1169 0.1566
vn -0.9807 -0.1352 0.1411
vn -0.9807 -0.1353 0.1411
vn -0.9807 -0.1516 0.1234
vn -0.9807 -0.1656 0.1038
vn -0.9807 -0.1657 0.1039
vn -0.9807 -0.1772 0.0827
vn -0.9807 -0.1860 0.0603
vn -0.9807 -0.1859 0.0603
vn -0.9807 -0.1919 0.0370
vn -0.9807 -0.1950 0.0131
vn -0.9807 -0.1949 0.0131
vn -0.9807 -0.1950 -0.0109
vn -0.9807 -0.1952 -0.0109
vn -0.9807 -0.1924 -0.0348
vn -0.9807 -0.1867 -0.0582
vn -0.9807 -0.1866 -0.0582
vn -0.9807 -0.1780 -0.0807
vn -0.9807 -0.1667 -0.1019
vn -0.9807 -0.1529 -0.1216
vn -0.9807 -0.1529 -0.1217
vn -0.9807 -0.1368 -0.1395
vn -0.9807 -0.1369 -0.1395
vn -0.9807 -0.1187 -0.1553
vn -0.9807 -0.0987 -0.1687
vn -0.9807 -0.0772 -0.1796
vn -0.9807 -0.0772 -0.1795
vn -0.9807 -0.0545 -0.1876
vn -0.9807 -0.0311 -0.1929
vn -0.9807 -0.0071 -0.1953
vn -0.9807 0.0169 -0.1947
vn -0.9807 0.0407 -0.1911
vn -0.0000 -0.9450 -0.3270
vn 0.0001 -0.8305 0.5571
vn 0.0002 -0.7139 0.7002
vn -0.0000 -0.5731 0.8195
vn -0.0000 -0.5732 0.8194
vn 0.0002 0.3085 0.9512
vn 0.0002 0.4781 0.8783
vn -0.0001 0.9756 -0.2194
vn -0.0000 0.8305 -0.5571
vn 0.0003 -0.0361 0.9993
vn 0.0003 0.1871 0.9823
vn -0.0000 0.4011 0.9161
vn 0.0002 0.4010 0.9161
vn 0.0002 0.5948 0.8039
vn -0.0000 0.9663 0.2576
vn 0.0001 0.9662 0.2576
vn -0.0001 0.9160 -0.4011
vn -0.0002 0.8038 -0.5948
vn -0.0000 0.8039 -0.5948
vn -0.0000 -0.9160 0.4011
vn 0.0003 -0.2576 0.9662
vn -0.9658 -0.0550 0.2534
vn -0.9658 -0.0876 0.2441
vn -0.9658 -0.1188 0.2306
vn -0.9658 -0.1479 0.2132
vn -0.9657 -0.1479 0.2132
vn -0.9657 -0.1745 0.1920
vn -0.9658 -0.1743 0.1919
vn -0.9658 -0.1979 0.1676
vn -0.9658 -0.2181 0.1403
vn -0.9658 -0.2346 0.1106
vn -0.9658 -0.2345 0.1106
vn -0.9658 -0.2470 0.0790
vn -0.9658 -0.2552 0.0461
vn -0.9658 -0.2551 0.0461
vn -0.9658 -0.2590 0.0125
vn -0.9658 -0.2591 0.0124
vn -0.9658 -0.2585 -0.0215
vn -0.9658 -0.2584 -0.0215
vn -0.9658 -0.2534 -0.0550
vn -0.9658 -0.2441 -0.0876
vn -0.9658 -0.2441 -0.0877
vn -0.9658 -0.2306 -0.1188
vn -0.9658 -0.2306 -0.1187
vn -0.9658 -0.2131 -0.1478
vn -0.9658 -0.2130 -0.1478
vn -0.9658 -0.1920 -0.1743
vn -0.9658 -0.1920 -0.1744
vn -0.9658 -0.1676 -0.1979
vn -0.9658 -0.1403 -0.2181
vn -0.9658 -0.1106 -0.2345
vn -0.9658 -0.1106 -0.2346
vn -0.9658 -0.0791 -0.2470
vn -0.9658 -0.0461 -0.2552
vn -0.9658 -0.0462 -0.2552
vn -0.9658 -0.0124 -0.2590
vn -0.9658 -0.0125 -0.2590
vn -0.9658 0.0215 -0.2584
vn -0.9658 0.0215 -0.2585
vn -0.9658 0.0550 -0.2534
vn -0.9658 0.0876 -0.2441
vn -0.9658 0.1187 -0.2305
vn -0.9658 0.1478 -0.2131
vn -0.9658 0.1744 -0.1920
vn -0.9658 0.1980 -0.1676
vn -0.9658 0.1979 -0.1675
vn -0.9658 0.2180 -0.1403
vn -0.9658 0.2181 -0.1403
vn -0.9658 0.2346 -0.1106
vn -0.9658 0.2345 -0.1106
vn -0.9658 0.2469 -0.0790
vn -0.9658 0.2470 -0.0790
vn -0.9658 0.2552 -0.0462
vn -0.9658 0.2590 -0.0124
vn -0.9658 0.2584 0.0215
vn -0.9658 0.2534 0.0550
vn -0.9658 0.2440 0.0876
vn -0.9658 0.2441 0.0877
vn -0.9658 0.2306 0.1188
vn -0.9658 0.2305 0.1188
vn -0.9658 0.2131 0.1478
vn -0.9658 0.2132 0.1479
vn -0.9658 0.1920 0.1745
vn -0.9658 0.1919 0.1743
vn -0.9658 0.1675 0.1979
vn -0.9658 0.1675 0.1978
vn -0.9658 0.1402 0.2180
vn -0.9658 0.1403 0.2181
vn -0.9658 0.1106 0.2345
vn -0.9658 0.1106 0.2346
vn -0.9658 0.0790 0.2471
vn -0.9658 0.0790 0.2469
vn -0.9658 0.0461 0.2551
vn -0.9658 0.0125 0.2589
vn -0.9658 0.0124 0.2591
vn -0.9658 -0.0215 0.2586
vn -0.9658 -0.0215 0.2584
vn -0.7063 -0.1502 0.6918
vn -0.7063 -0.2392 0.6662
vn -0.7065 -0.2391 0.6661
vn -0.7065 -0.3240 0.6292
vn -0.7064 -0.3241 0.6293
vn -0.7064 -0.4035 0.5816
vn -0.7064 -0.4760 0.5240
vn -0.7063 -0.4760 0.5240
vn -0.7063 -0.5403 0.4574
vn -0.7064 -0.5402 0.4574
vn -0.7064 -0.5953 0.3829
vn -0.7064 -0.6402 0.3019
vn -0.7064 -0.6741 0.2158
vn -0.7063 -0.6742 0.2158
vn -0.7063 -0.6966 0.1259
vn -0.7063 -0.6966 0.1260
vn -0.7064 -0.7070 0.0340
vn -0.7064 -0.7054 -0.0586
vn -0.7063 -0.7055 -0.0586
vn -0.7063 -0.6918 -0.1502
vn -0.7064 -0.6917 -0.1502
vn -0.7064 -0.6662 -0.2392
vn -0.7063 -0.6662 -0.2392
vn -0.7063 -0.6293 -0.3241
vn -0.7063 -0.5816 -0.4035
vn -0.7064 -0.5816 -0.4035
vn -0.7064 -0.5240 -0.4759
vn -0.7063 -0.5240 -0.4760
vn -0.7063 -0.4574 -0.5403
vn -0.7063 -0.3830 -0.5954
vn -0.7064 -0.3829 -0.5953
vn -0.7064 -0.3019 -0.6402
vn -0.7063 -0.3019 -0.6403
vn -0.7063 -0.2158 -0.6742
vn -0.7063 -0.1260 -0.6966
vn -0.7063 -0.0339 -0.7071
vn -0.7064 -0.0340 -0.7070
vn -0.7064 0.0586 -0.7054
vn -0.7063 0.0586 -0.7054
vn -0.7063 0.1502 -0.6918
vn -0.7063 0.2392 -0.6662
vn -0.7063 0.2392 -0.6663
vn -0.7063 0.3241 -0.6294
vn -0.7063 0.3241 -0.6293
vn -0.7063 0.4035 -0.5816
vn -0.7064 0.4759 -0.5240
vn -0.7063 0.4760 -0.5240
vn -0.7063 0.5403 -0.4574
vn -0.7064 0.5403 -0.4574
vn -0.7063 0.5953 -0.3829
vn -0.7063 0.5954 -0.3829
vn -0.7063 0.6402 -0.3020
vn -0.7064 0.6402 -0.3020
vn -0.7064 0.6742 -0.2158
vn -0.7063 0.6966 -0.1260
vn -0.7063 0.7071 -0.0340
vn -0.7063 0.7054 0.0586
vn -0.7064 0.7054 0.0586
vn -0.7064 0.6917 0.1502
vn -0.7063 0.6918 0.1502
vn -0.7063 0.6662 0.2392
vn -0.7064 0.6662 0.2391
vn -0.7064 0.6292 0.3241
vn -0.7063 0.6293 0.3242
vn -0.7063 0.5817 0.4035
vn -0.7064 0.5816 0.4034
vn -0.7064 0.5239 0.4759
vn -0.7063 0.5240 0.4760
vn -0.7063 0.4574 0.5402
vn -0.7062 0.4575 0.5404
vn -0.7062 0.3830 0.5955
vn -0.7064 0.3830 0.5953
vn -0.7064 0.3019 0.6402
vn -0.7066 0.3019 0.6400
vn -0.7066 0.2158 0.6740
vn -0.7063 0.2157 0.6742
vn -0.7063 0.1260 0.6966
vn -0.7062 0.1260 0.6967
vn -0.7062 0.0339 0.7072
vn -0.7064 0.0340 0.7070
vn -0.7064 -0.0586 0.7054
vn -0.7063 -0.0587 0.7054
vn -0.2583 -0.2050 0.9441
vn -0.2583 -0.3264 0.9093
vn -0.2581 -0.3265 0.9093
vn -0.2581 -0.4425 0.8589
vn -0.2585 -0.4422 0.8588
vn -0.2585 -0.5506 0.7938
vn -0.2584 -0.5506 0.7938
vn -0.2584 -0.6495 0.7151
vn -0.2582 -0.6496 0.7151
vn -0.2582 -0.7374 0.6242
vn -0.2583 -0.7373 0.6242
vn -0.2583 -0.8125 0.5227
vn -0.2582 -0.8125 0.5227
vn -0.2582 -0.8738 0.4121
vn -0.2583 -0.8738 0.4121
vn -0.2583 -0.9201 0.2945
vn -0.2584 -0.9200 0.2945
vn -0.2584 -0.9506 0.1719
vn -0.2583 -0.9507 0.1719
vn -0.2583 -0.9650 0.0464
vn -0.2583 -0.9628 -0.0800
vn -0.2583 -0.9627 -0.0800
vn -0.2583 -0.9441 -0.2050
vn -0.2583 -0.9092 -0.3265
vn -0.2583 -0.9092 -0.3264
vn -0.2583 -0.8588 -0.4423
vn -0.2584 -0.8588 -0.4423
vn -0.2584 -0.7938 -0.5506
vn -0.2583 -0.7938 -0.5506
vn -0.2583 -0.7151 -0.6495
vn -0.2582 -0.7151 -0.6496
vn -0.2582 -0.6242 -0.7374
vn -0.2584 -0.6242 -0.7373
vn -0.2584 -0.5226 -0.8125
vn -0.2583 -0.5226 -0.8125
vn -0.2583 -0.4121 -0.8738
vn -0.2582 -0.2946 -0.9201
vn -0.2582 -0.1719 -0.9507
vn -0.2583 -0.1720 -0.9506
vn -0.2583 -0.0463 -0.9650
vn -0.2584 -0.0463 -0.9649
vn -0.2584 0.0800 -0.9627
vn -0.2584 0.2049 -0.9441
vn -0.2583 0.2050 -0.9441
vn -0.2583 0.3265 -0.9092
vn -0.2584 0.3265 -0.9092
vn -0.2584 0.4423 -0.8588
vn -0.2584 0.5506 -0.7938
vn -0.2581 0.5507 -0.7938
vn -0.2581 0.6496 -0.7151
vn -0.2585 0.6495 -0.7151
vn -0.2584 0.7373 -0.6242
vn -0.2583 0.7373 -0.6242
vn -0.2583 0.8125 -0.5226
vn -0.2584 0.8125 -0.5226
vn -0.2584 0.8737 -0.4121
vn -0.2583 0.8738 -0.4121
vn -0.2583 0.9201 -0.2945
vn -0.2582 0.9201 -0.2945
vn -0.2583 0.9507 -0.1719
vn -0.2583 0.9506 -0.1719
vn -0.2583 0.9649 -0.0464
vn -0.2583 0.9627 0.0800
vn -0.2583 0.9628 0.0800
vn -0.2583 0.9441 0.2050
vn -0.2583 0.9441 0.2049
vn -0.2583 0.9092 0.3265
vn -0.2583 0.9092 0.3264
vn -0.2584 0.8589 0.4423
vn -0.2582 0.8589 0.4423
vn -0.2582 0.7938 0.5507
vn -0.2584 0.7938 0.5506
vn -0.2584 0.7151 0.6495
vn -0.2582 0.7151 0.6496
vn -0.2582 0.6242 0.7374
vn -0.2585 0.6242 0.7373
vn -0.2585 0.5226 0.8125
vn -0.2583 0.5226 0.8125
vn -0.2583 0.4121 0.8738
vn -0.2583 0.2946 0.9201
vn -0.2582 0.2946 0.9201
vn -0.2582 0.1719 0.9507
vn -0.2584 0.1720 0.9506
vn -0.2584 0.0464 0.9649
vn -0.2580 0.0463 0.9650
vn -0.2580 -0.0800 0.9628
vn -0.2580 -0.2051 0.9441
vn -0.0000 -0.7403 -0.6723
vn -0.0007 -0.7339 -0.6792
vn 0.0006 -0.6461 -0.7633
vn -0.0000 -0.6389 -0.7693
vn -0.0000 -0.5410 -0.8410
vn 0.0023 -0.5674 -0.8234
vn -0.0034 -0.4266 -0.9044
vn 0.0010 -0.9988 0.0480
vn -0.0022 -0.9999 -0.0137
vn 0.0011 -0.9966 -0.0828
vn -0.0000 -0.9921 -0.1256
vn -0.0000 -0.9772 -0.2122
vn -0.0001 -0.9768 -0.2140
vn 0.0001 -0.9412 -0.3379
vn -0.0000 -0.9405 -0.3397
vn -0.0000 -0.8890 -0.4579
vn 0.0029 -0.9063 -0.4225
vn -0.0046 -0.8217 -0.5700
vn 0.0017 -0.8513 -0.5246
vn -0.0000 -0.7918 -0.6107
vn 0.0007 -0.8410 0.5410
vn -0.0021 -0.8654 0.5011
vn 0.0012 -0.9045 0.4266
vn -0.0000 -0.9190 0.3942
vn -0.0000 -0.9524 0.3049
vn 0.0004 -0.9507 0.3102
vn -0.0004 -0.9840 0.1780
vn -0.0000 -0.9830 0.1835
vn -0.0000 -0.9955 0.0946
vn -0.0000 0.5410 0.8410
vn -0.0009 0.5299 0.8480
vn 0.0008 0.4266 0.9045
vn -0.0000 0.4147 0.9100
vn -0.0000 0.3049 0.9524
vn 0.0020 0.3316 0.9434
vn -0.0029 0.1780 0.9840
vn 0.0004 0.2091 0.9779
vn -0.0003 0.0480 0.9988
vn -0.0016 0.0312 0.9995
vn 0.0010 -0.0828 0.9966
vn -0.0000 -0.1034 0.9946
vn -0.0000 -0.2123 0.9772
vn 0.0015 -0.1920 0.9814
vn -0.0020 -0.3378 0.9412
vn -0.0004 -0.3220 0.9467
vn 0.0002 -0.4580 0.8890
vn -0.0019 -0.4858 0.8741
vn 0.0012 -0.5699 0.8217
vn -0.0000 -0.5928 0.8053
vn -0.0000 -0.6723 0.7402
vn 0.0009 -0.6627 0.7489
vn -0.0011 -0.7632 0.6461
vn -0.0000 -0.7547 0.6561
vn -0.0000 -0.8104 0.5859
vn 0.0010 0.9412 0.3379
vn -0.0000 0.9244 0.3815
vn -0.0000 0.8890 0.4578
vn -0.0004 0.8865 0.4628
vn 0.0004 0.8216 0.5700
vn -0.0000 0.8184 0.5746
vn -0.0000 0.7403 0.6723
vn 0.0026 0.7636 0.6456
vn -0.0040 0.6461 0.7632
vn 0.0013 0.6811 0.7322
vn -0.0000 0.6037 0.7972
vn 0.0008 0.9524 -0.3049
vn -0.0022 0.9675 -0.2528
vn 0.0011 0.9840 -0.1780
vn -0.0000 0.9903 -0.1392
vn -0.0000 0.9988 -0.0480
vn 0.0001 0.9988 -0.0499
vn -0.0001 0.9966 0.0828
vn -0.0000 0.9967 0.0809
vn -0.0000 0.9772 0.2122
vn 0.0031 0.9854 0.1700
vn -0.0022 0.9602 0.2792
vn 0.0005 0.6724 -0.7402
vn -0.0020 0.7009 -0.7132
vn 0.0012 0.7632 -0.6462
vn -0.0000 0.7833 -0.6216
vn -0.0000 0.8411 -0.5410
vn 0.0007 0.8359 -0.5488
vn -0.0008 0.9044 -0.4266
vn -0.0000 0.9004 -0.4350
vn -0.0000 0.9358 -0.3525
vn 0.0008 -0.4618 -0.8870
vn -0.0000 -0.3728 -0.9279
vn -0.0000 -0.3049 -0.9524
vn -0.0012 -0.2888 -0.9574
vn 0.0009 -0.1780 -0.9840
vn -0.0000 -0.1614 -0.9869
vn -0.0000 -0.0479 -0.9989
vn 0.0018 -0.0722 -0.9974
vn -0.0024 0.0828 -0.9966
vn -0.0000 0.0586 -0.9983
vn -0.0000 0.2121 -0.9772
vn -0.0018 0.2358 -0.9718
vn 0.0011 0.3380 -0.9412
vn -0.0000 0.3608 -0.9326
vn -0.0000 0.4578 -0.8890
vn 0.0012 0.4427 -0.8967
vn -0.0015 0.5699 -0.8217
vn -0.0000 0.5561 -0.8311
vn -0.0000 0.6286 -0.7777
vn 0.9657 0.0152 -0.2594
vn 0.9657 -0.0314 -0.2579
vn 0.9657 -0.0769 -0.2482
vn 0.9656 -0.0769 -0.2482
vn 0.9656 -0.1200 -0.2305
vn 0.9656 -0.1593 -0.2054
vn 0.9657 -0.1591 -0.2053
vn 0.9657 -0.1933 -0.1736
vn 0.9657 -0.1932 -0.1735
vn 0.9657 -0.2211 -0.1362
vn 0.9657 -0.2212 -0.1363
vn 0.9657 -0.2419 -0.0946
vn 0.9657 -0.2549 -0.0499
vn 0.9657 -0.2550 -0.0499
vn 0.9657 -0.2598 -0.0035
vn 0.9657 -0.2597 -0.0036
vn 0.9657 -0.2562 0.0429
vn 0.9657 -0.2563 0.0429
vn 0.9657 -0.2445 0.0880
vn 0.9657 -0.2249 0.1302
vn 0.9657 -0.1980 0.1682
vn 0.9657 -0.1980 0.1683
vn 0.9657 -0.1648 0.2009
vn 0.9657 -0.1262 0.2271
vn 0.9657 -0.0837 0.2460
vn 0.9657 -0.0384 0.2570
vn 0.9657 0.0081 0.2597
vn 0.9657 0.0544 0.2541
vn 0.9657 0.0543 0.2540
vn 0.9657 0.0988 0.2402
vn 0.9657 0.0988 0.2403
vn 0.9657 0.1402 0.2188
vn 0.9657 0.1401 0.2188
vn 0.9657 0.1769 0.1902
vn 0.9657 0.2081 0.1556
vn 0.9657 0.2325 0.1159
vn 0.9657 0.2495 0.0726
vn 0.9657 0.2494 0.0726
vn 0.9657 0.2584 0.0268
vn 0.9657 0.2591 -0.0198
vn 0.9657 0.2590 -0.0197
vn 0.9657 0.2513 -0.0657
vn 0.9657 0.2514 -0.0657
vn 0.9657 0.2356 -0.1095
vn 0.9657 0.2123 -0.1498
vn 0.9656 0.2123 -0.1498
vn 0.9656 0.1821 -0.1854
vn 0.9657 0.1821 -0.1853
vn 0.9657 0.1461 -0.2149
vn 0.9657 0.1461 -0.2148
vn 0.9657 0.1054 -0.2374
vn 0.9657 0.1054 -0.2375
vn 0.9657 0.0613 -0.2525
vn 0.9657 0.0152 -0.2593
vn 0.7056 0.0415 -0.7074
vn 0.7056 -0.0855 -0.7034
vn 0.7055 -0.0855 -0.7035
vn 0.7055 -0.2098 -0.6769
vn 0.7057 -0.2096 -0.6768
vn 0.7057 -0.3271 -0.6284
vn 0.7057 -0.3272 -0.6285
vn 0.7057 -0.4342 -0.5599
vn 0.7057 -0.5271 -0.4734
vn 0.7057 -0.6032 -0.3717
vn 0.7056 -0.6033 -0.3718
vn 0.7056 -0.6600 -0.2580
vn 0.7057 -0.6598 -0.2580
vn 0.7057 -0.6953 -0.1361
vn 0.7057 -0.6954 -0.1361
vn 0.7057 -0.7085 -0.0097
vn 0.7057 -0.6988 0.1169
vn 0.7057 -0.6667 0.2399
vn 0.7057 -0.6667 0.2398
vn 0.7057 -0.6132 0.3550
vn 0.7057 -0.6132 0.3551
vn 0.7056 -0.5399 0.4588
vn 0.7057 -0.5399 0.4588
vn 0.7057 -0.4493 0.5478
vn 0.7056 -0.4493 0.5479
vn 0.7056 -0.3443 0.6193
vn 0.7057 -0.3443 0.6192
vn 0.7057 -0.2282 0.6707
vn 0.7056 -0.2282 0.6709
vn 0.7056 -0.1047 0.7008
vn 0.7057 -0.1047 0.7007
vn 0.7057 0.0221 0.7081
vn 0.7056 0.0221 0.7083
vn 0.7056 0.1482 0.6930
vn 0.7057 0.1481 0.6929
vn 0.7057 0.2695 0.6553
vn 0.7057 0.2696 0.6553
vn 0.7057 0.3822 0.5966
vn 0.7056 0.3822 0.5967
vn 0.7056 0.4826 0.5188
vn 0.7057 0.4826 0.5188
vn 0.7057 0.5674 0.4243
vn 0.7057 0.6341 0.3161
vn 0.7057 0.6803 0.1978
vn 0.7057 0.7047 0.0732
vn 0.7057 0.7048 0.0732
vn 0.7057 0.7065 -0.0538
vn 0.7056 0.7065 -0.0539
vn 0.7056 0.6856 -0.1792
vn 0.7057 0.6855 -0.1791
vn 0.7057 0.6425 -0.2986
vn 0.7056 0.6426 -0.2987
vn 0.7056 0.5789 -0.4087
vn 0.7058 0.5788 -0.4085
vn 0.7058 0.4965 -0.5053
vn 0.7057 0.4966 -0.5054
vn 0.7056 0.3984 -0.5860
vn 0.7057 0.3984 -0.5859
vn 0.7057 0.2874 -0.6476
vn 0.7058 0.2874 -0.6475
vn 0.7058 0.1671 -0.6885
vn 0.7057 0.1671 -0.6886
vn 0.7057 0.0415 -0.7073
vn 0.1176 0.4396 -0.8904
vn 0.2576 0.3919 -0.8832
vn 0.2578 0.5373 -0.8030
vn 0.2354 0.5464 -0.8037
vn 0.2589 0.6072 -0.7512
vn 0.2579 0.6772 -0.6891
vn 0.2587 0.9565 -0.1344
vn 0.2579 0.9348 -0.2443
vn 0.2578 0.9348 -0.2443
vn 0.2587 0.9040 -0.3405
vn 0.2168 0.8853 -0.4114
vn 0.2582 0.8699 -0.4203
vn 0.2580 0.7893 -0.5572
vn 0.1437 0.8273 -0.5431
vn 0.2587 0.7567 -0.6004
vn 0.1698 0.9843 -0.0491
vn 0.2579 0.9634 -0.0734
vn 0.2583 0.9629 0.0782
vn 0.2022 0.9741 0.1011
vn 0.2588 0.9519 0.1642
vn 0.2579 0.9277 0.2698
vn 0.2579 0.9278 0.2698
vn 0.2589 0.5832 0.7700
vn 0.2579 0.6581 0.7074
vn 0.2578 0.6581 0.7074
vn 0.2587 0.7377 0.6237
vn 0.1916 0.7860 0.5877
vn 0.2583 0.7907 0.5551
vn 0.2578 0.8647 0.4311
vn 0.1955 0.8693 0.4539
vn 0.2588 0.8929 0.3685
vn 0.2209 0.5169 0.8271
vn 0.2578 0.5211 0.8136
vn 0.2584 0.4006 0.8791
vn 0.1854 0.3738 0.9088
vn 0.2587 0.3203 0.9113
vn 0.2579 0.2021 0.9448
vn 0.2581 0.2020 0.9448
vn 0.2581 0.0301 0.9657
vn 0.2577 0.0302 0.9658
vn 0.2584 -0.0999 0.9609
vn 0.1834 -0.1452 0.9723
vn 0.2588 -0.1855 0.9479
vn 0.2581 -0.3112 0.9146
vn 0.2579 -0.3111 0.9147
vn 0.2579 -0.4694 0.8445
vn 0.2588 -0.8877 0.3808
vn 0.2579 -0.8361 0.4841
vn 0.2588 -0.7828 0.5659
vn 0.2257 -0.7423 0.6309
vn 0.2581 -0.7291 0.6339
vn 0.2579 -0.6127 0.7470
vn 0.1306 -0.6570 0.7425
vn 0.2587 -0.5727 0.7779
vn 0.1568 -0.9389 0.3064
vn 0.2578 -0.9092 0.3271
vn 0.2582 -0.9497 0.1773
vn 0.2090 -0.9645 0.1614
vn 0.2588 -0.9616 0.0914
vn 0.2578 -0.9661 -0.0132
vn 0.2587 -0.7649 -0.5899
vn 0.2578 -0.8226 -0.5069
vn 0.2578 -0.8225 -0.5069
vn 0.2587 -0.8755 -0.4081
vn 0.1965 -0.9132 -0.3571
vn 0.2583 -0.9086 -0.3281
vn 0.2578 -0.9482 -0.1855
vn 0.1827 -0.9604 -0.2104
vn 0.2587 -0.9583 -0.1213
vn 0.2081 -0.7179 -0.6644
vn 0.2577 -0.7189 -0.6456
vn 0.2582 -0.6172 -0.7432
vn 0.1880 -0.6018 -0.7762
vn 0.2588 -0.5481 -0.7954
vn 0.2580 -0.4461 -0.8570
vn 0.2577 -0.4462 -0.8570
vn 0.2585 0.3486 -0.9009
vn 0.2577 0.2278 -0.9390
vn 0.2579 0.2279 -0.9389
vn 0.2579 0.0566 -0.9645
vn 0.2587 -0.0697 -0.9634
vn 0.1838 -0.1186 -0.9758
vn 0.2587 -0.1559 -0.9533
vn 0.2580 -0.2860 -0.9228
vn 0.2334 -0.2808 -0.9309
vn 0.2587 -0.3600 -0.8964
vn 0.0022 0.9998 -0.0183
vn 0.8582 0.5131 -0.0139
vn 0.8690 0.4947 0.0070
vn 0.8046 0.5921 -0.0455
vn 0.8249 0.5651 0.0153
vn 0.7852 0.6192 -0.0103
vn 0.7241 0.6894 -0.0200
vn 0.7329 0.6803 -0.0065
vn 0.6722 0.7403 -0.0152
vn 0.6808 0.7324 -0.0123
vn 0.6186 0.7856 -0.0163
vn 0.6334 0.7739 0.0021
vn 0.5509 0.8342 -0.0254
vn 0.5588 0.8291 -0.0188
vn 0.5000 0.8659 -0.0114
vn 0.4331 0.9008 -0.0325
vn 0.0983 0.9950 -0.0204
vn 0.1447 0.9894 -0.0135
vn 0.4566 0.8897 0.0018
vn 0.3694 0.9290 -0.0211
vn 0.3346 0.9424 -0.0030
vn 0.2912 0.9564 -0.0217
vn 0.2476 0.9688 -0.0044
vn 0.2229 0.9746 -0.0205
vn 0.1820 0.9832 -0.0100
vn 0.1736 0.9847 -0.0154
vn 0.1504 0.9885 -0.0153
vn 0.1355 0.9906 -0.0190
vn 0.0376 0.9991 -0.0212
vn 0.0496 0.9987 -0.0087
vn 0.0673 0.9975 -0.0214
vn 0.1081 0.9941 -0.0046
vn 0.0154 0.9998 -0.0127
vn 0.0176 0.9997 -0.0183
vn 0.0019 0.4433 0.8964
vn 0.0019 0.4434 0.8963
vn 0.0018 0.4434 0.8963
vn 0.0019 0.4433 0.8963
vn 0.0018 0.4433 0.8964
vn 0.0018 0.4433 0.8963
vn 0.0016 0.4434 0.8963
vn 0.0020 0.4433 0.8964
vn 0.0020 0.4433 0.8963
vn -0.0133 0.9997 -0.0183
vn -0.0110 0.9998 -0.0183
vn -0.0123 0.9996 -0.0239
vn -0.0335 0.9993 -0.0143
vn -0.0316 0.9994 -0.0124
vn -0.0639 0.9975 -0.0294
vn -0.0500 0.9987 -0.0072
vn -0.0889 0.9958 -0.0214
vn -0.0947 0.9952 -0.0253
vn -0.1120 0.9936 -0.0137
vn -0.1315 0.9912 -0.0160
vn -0.1577 0.9874 -0.0105
vn -0.1719 0.9849 -0.0217
vn -0.2181 0.9759 -0.0084
vn -0.2464 0.9689 -0.0242
vn -0.2855 0.9584 -0.0063
vn -0.2979 0.9545 -0.0108
vn -0.3455 0.9383 -0.0176
vn -0.3633 0.9317 -0.0061
vn -0.4283 0.9034 -0.0208
vn -0.4542 0.8909 -0.0029
vn -0.5232 0.8519 -0.0217
vn -0.5446 0.8386 -0.0084
vn -0.5927 0.8053 -0.0143
vn -0.6180 0.7859 -0.0214
vn -0.6641 0.7476 0.0113
vn -0.6449 0.7643 -0.0074
vn -0.7054 0.7086 -0.0144
vn -0.7103 0.7038 -0.0119
vn -0.7461 0.6657 -0.0116
vn -0.7507 0.6606 -0.0096
vn -0.7973 0.6034 -0.0159
vn -0.7871 0.6162 -0.0282
vn -0.8270 0.5622 -0.0013
vn -0.8587 0.5122 -0.0202
vn -0.8707 0.4917 -0.0117
vn -0.0019 -0.4433 -0.8964
vn -0.0021 -0.4433 -0.8964
vn -0.0018 -0.4433 -0.8964
vn -0.0019 -0.4433 -0.8963
vn -0.0019 -0.4434 -0.8963
vn -0.0020 -0.4434 -0.8963
vn -0.0020 -0.4433 -0.8964
vn -0.0018 -0.4434 -0.8963
vn -0.0019 -0.4432 -0.8964
vn -0.0128 0.9998 -0.0183
vn -0.0126 0.9998 -0.0183
vn -0.0127 0.9997 -0.0187
vn -0.0318 0.9993 -0.0178
vn -0.0315 0.9993 -0.0176
vn -0.0503 0.9986 -0.0177
vn -0.0500 0.9986 -0.0173
vn -0.0914 0.9957 -0.0157
vn -0.0920 0.9956 -0.0165
vn -0.1287 0.9916 -0.0153
vn -0.1292 0.9915 -0.0154
vn -0.1688 0.9855 -0.0146
vn -0.1693 0.9855 -0.0150
vn -0.2417 0.9702 -0.0137
vn -0.2425 0.9700 -0.0144
vn -0.2957 0.9552 -0.0135
vn -0.2958 0.9552 -0.0135
vn -0.3420 0.9396 -0.0136
vn -0.3421 0.9396 -0.0136
vn -0.4216 0.9067 -0.0125
vn -0.4229 0.9061 -0.0134
vn -0.5163 0.8563 -0.0119
vn -0.5152 0.8569 -0.0131
vn -0.6109 0.7916 -0.0115
vn -0.6098 0.7925 -0.0128
vn -0.6660 0.7458 -0.0118
vn -0.6647 0.7470 -0.0121
vn -0.7014 0.7127 -0.0114
vn -0.7006 0.7134 -0.0119
vn -0.7421 0.6702 -0.0116
vn -0.7430 0.6692 -0.0119
vn -0.7924 0.6099 -0.0108
vn -0.7940 0.6078 -0.0122
vn -0.8545 0.5193 -0.0107
vn -0.8537 0.5206 -0.0122
vn 0.0156 0.9997 -0.0183
vn 0.8757 0.4827 -0.0134
vn 0.8761 0.4820 -0.0132
vn 0.8411 0.5407 -0.0129
vn 0.8408 0.5411 -0.0134
vn 0.7728 0.6346 -0.0129
vn 0.7723 0.6351 -0.0135
vn 0.7002 0.7138 -0.0129
vn 0.7000 0.7141 -0.0132
vn 0.6589 0.7521 -0.0133
vn 0.6587 0.7523 -0.0134
vn 0.6067 0.7948 -0.0131
vn 0.6062 0.7952 -0.0137
vn 0.5151 0.8570 -0.0133
vn 0.5144 0.8574 -0.0139
vn 0.4438 0.8960 -0.0135
vn 0.4431 0.8964 -0.0139
vn 0.3753 0.9268 -0.0136
vn 0.3746 0.9271 -0.0142
vn 0.2956 0.9552 -0.0139
vn 0.2985 0.9544 -0.0112
vn 0.2629 0.9647 -0.0145
vn 0.2276 0.9737 -0.0143
vn 0.2268 0.9738 -0.0151
vn 0.1668 0.9859 -0.0148
vn 0.1660 0.9860 -0.0156
vn 0.1105 0.9938 -0.0156
vn 0.0157 0.9997 -0.0183
vn 0.0156 0.9997 -0.0184
vn 0.0375 0.9991 -0.0180
vn 0.0379 0.9991 -0.0174
vn 0.0660 0.9977 -0.0174
vn 0.0667 0.9976 -0.0165
vn 0.1113 0.9937 -0.0165
vn 0.0020 0.4434 0.8963
vn 0.0019 0.4435 0.8962
vn 0.0017 0.4433 0.8963
vn 0.0021 0.4433 0.8964
vn -0.0017 -0.4434 -0.8963
vn -0.0017 -0.4433 -0.8964
vn -0.0016 -0.4433 -0.8964
vn -0.0020 -0.4435 -0.8963
vn -0.0114 0.9998 -0.0183
vn -0.0120 0.9998 -0.0183
vn -0.0117 0.9998 -0.0169
vn -0.0317 0.9993 -0.0187
vn -0.0330 0.9993 -0.0197
vn -0.0502 0.9986 -0.0148
vn -0.0596 0.9980 -0.0223
vn -0.0887 0.9960 -0.0084
vn -0.0867 0.9962 -0.0066
vn -0.1300 0.9911 -0.0271
vn -0.1123 0.9936 -0.0106
vn -0.1738 0.9845 -0.0228
vn -0.1530 0.9882 0.0023
vn -0.2076 0.9780 -0.0205
vn -0.2457 0.9693 -0.0041
vn -0.2708 0.9625 -0.0188
vn -0.2983 0.9544 -0.0134
vn -0.3401 0.9403 -0.0142
vn -0.3450 0.9384 -0.0173
vn -0.4168 0.9090 -0.0086
vn -0.4297 0.9028 -0.0168
vn -0.4910 0.8711 -0.0103
vn -0.5081 0.8613 -0.0025
vn -0.5583 0.8293 -0.0222
vn -0.6023 0.7982 -0.0019
vn -0.6492 0.7603 -0.0219
vn -0.6618 0.7495 -0.0160
vn -0.7063 0.7079 -0.0062
vn -0.6981 0.7159 -0.0119
vn -0.7395 0.6730 -0.0116
vn -0.7515 0.6596 -0.0157
vn -0.7883 0.6153 -0.0040
vn -0.8124 0.5828 -0.0204
vn -0.8584 0.5130 0.0008
vn -0.8515 0.5242 -0.0122
vn 0.8624 0.5060 -0.0137
vn 0.8563 0.5161 -0.0207
vn 0.8104 0.5859 -0.0047
vn 0.8064 0.5913 -0.0090
vn 0.7381 0.6744 -0.0202
vn 0.7637 0.6451 0.0248
vn 0.7199 0.6938 -0.0196
vn 0.6783 0.7347 -0.0122
vn 0.6657 0.7461 -0.0139
vn 0.6343 0.7730 -0.0110
vn 0.6120 0.7905 -0.0236
vn 0.5568 0.8306 -0.0037
vn 0.5415 0.8406 -0.0116
vn 0.4954 0.8685 -0.0152
vn 0.4946 0.8690 -0.0155
vn 0.4325 0.9016 -0.0102
vn 0.4235 0.9057 -0.0179
vn 0.3483 0.9373 -0.0103
vn 0.3360 0.9416 -0.0201
vn 0.2742 0.9616 -0.0095
vn 0.0944 0.9952 -0.0243
vn 0.1085 0.9940 -0.0103
vn 0.2151 0.9753 -0.0508
vn 0.2490 0.9685 0.0095
vn 0.1717 0.9848 -0.0275
vn 0.1836 0.9829 -0.0155
vn 0.1467 0.9891 -0.0153
vn 0.1514 0.9884 -0.0133
vn 0.1343 0.9908 -0.0171
vn 0.0166 0.9997 -0.0183
vn 0.0162 0.9997 -0.0203
vn 0.0474 0.9988 -0.0153
vn 0.0380 0.9987 -0.0345
vn 0.0645 0.9978 -0.0116
vn 0.0021 0.4434 0.8963
vn 0.0018 0.4432 0.8964
vn 0.0019 0.4435 0.8963
vn -0.0021 -0.4434 -0.8963
vn 0.8516 0.5240 -0.0139
vn 0.8524 0.5228 -0.0124
vn 0.7904 0.6125 -0.0139
vn 0.7913 0.6113 -0.0125
vn 0.7158 0.6982 -0.0139
vn 0.6049 0.7962 -0.0128
vn 0.6038 0.7970 -0.0141
vn 0.6618 0.7496 -0.0131
vn 0.6605 0.7507 -0.0135
vn 0.7141 0.7000 -0.0126
vn 0.2784 0.9604 -0.0145
vn 0.3320 0.9432 -0.0137
vn 0.3312 0.9434 -0.0145
vn 0.3786 0.9254 -0.0139
vn 0.3783 0.9256 -0.0139
vn 0.4222 0.9064 -0.0140
vn 0.4219 0.9065 -0.0142
vn 0.5107 0.8597 -0.0130
vn 0.4938 0.8690 -0.0305
vn 0.5381 0.8428 -0.0138
vn 0.2387 0.9707 -0.0270
vn 0.2493 0.9683 -0.0142
vn 0.1831 0.9830 -0.0153
vn 0.1828 0.9830 -0.0155
vn 0.1512 0.9884 -0.0154
vn 0.1509 0.9884 -0.0154
vn 0.1315 0.9912 -0.0158
vn 0.1320 0.9911 -0.0155
vn 0.0913 0.9957 -0.0168
vn 0.0148 0.9997 -0.0183
vn 0.0918 0.9956 -0.0160
vn 0.0445 0.9988 -0.0179
vn 0.0444 0.9989 -0.0176
vn 0.0147 0.9997 -0.0187
vn 0.0146 0.9997 -0.0183
vn 0.0017 0.4433 0.8964
vn 0.0022 0.4434 0.8963
vn 0.0022 0.4432 0.8964
vn -0.0115 0.9998 -0.0183
vn -0.3766 0.9263 -0.0126
vn -0.4272 0.9040 -0.0130
vn -0.4281 0.9036 -0.0129
vn -0.0114 0.9998 -0.0185
vn -0.0331 0.9993 -0.0179
vn -0.0327 0.9993 -0.0176
vn -0.0560 0.9983 -0.0175
vn -0.0553 0.9983 -0.0167
vn -0.0925 0.9956 -0.0166
vn -0.0917 0.9957 -0.0158
vn -0.1405 0.9900 -0.0156
vn -0.1398 0.9901 -0.0150
vn -0.1994 0.9798 -0.0148
vn -0.1988 0.9799 -0.0143
vn -0.2486 0.9685 -0.0141
vn -0.2477 0.9687 -0.0138
vn -0.2855 0.9583 -0.0141
vn -0.2844 0.9586 -0.0135
vn -0.3220 0.9466 -0.0136
vn -0.3209 0.9470 -0.0133
vn -0.3755 0.9267 -0.0137
vn -0.4775 0.8785 -0.0128
vn -0.4763 0.8792 -0.0120
vn -0.5659 0.8244 -0.0130
vn -0.5640 0.8257 -0.0116
vn -0.6546 0.7559 -0.0126
vn -0.6558 0.7549 -0.0113
vn -0.7106 0.7035 -0.0120
vn -0.7484 0.6633 -0.0003
vn -0.7402 0.6723 -0.0111
vn -0.7880 0.6156 -0.0117
vn -0.7889 0.6144 -0.0114
vn -0.8175 0.5759 -0.0118
vn -0.8437 0.5367 0.0101
vn -0.8323 0.5543 -0.0110
vn -0.8688 0.4951 -0.0116
vn -0.8686 0.4954 -0.0117
vn -0.0020 -0.4433 -0.8963
vn -0.0018 -0.4433 -0.8963
vn 0.6954 0.7182 -0.0251
vn 0.7581 0.6521 -0.0095
vn 0.7910 0.6115 -0.0222
vn 0.7963 0.6046 -0.0180
vn 0.8483 0.5295 -0.0038
vn 0.8244 0.5632 -0.0560
vn 0.8508 0.5253 -0.0139
vn 0.7099 0.7043 -0.0010
vn 0.6582 0.7527 -0.0137
vn 0.6041 0.7968 -0.0119
vn 0.6007 0.7993 -0.0156
vn 0.5526 0.8333 -0.0133
vn 0.5008 0.8654 -0.0166
vn 0.5054 0.8628 -0.0117
vn 0.4176 0.9085 -0.0153
vn 0.4191 0.9078 -0.0140
vn 0.3756 0.9267 -0.0139
vn 0.3177 0.9480 -0.0208
vn 0.3309 0.9436 -0.0104
vn 0.3645 0.9311 -0.0140
vn 0.3751 0.9269 -0.0140
vn 0.0379 0.9989 -0.0260
vn 0.0381 0.9989 -0.0256
vn 0.0579 0.9982 -0.0134
vn 0.0804 0.9964 -0.0250
vn 0.0915 0.9957 -0.0140
vn 0.1200 0.9926 -0.0174
vn 0.1344 0.9909 -0.0101
vn 0.1456 0.9892 -0.0154
vn 0.1604 0.9869 -0.0154
vn 0.1774 0.9840 -0.0166
vn 0.1902 0.9817 -0.0079
vn 0.2367 0.9713 -0.0242
vn 0.2441 0.9696 -0.0183
vn 0.2801 0.9599 -0.0132
vn 0.0109 0.9999 -0.0088
vn 0.0153 0.9997 -0.0183
vn -0.0330 0.9994 -0.0098
vn -0.0064 0.9996 -0.0286
vn -0.0109 0.9998 -0.0183
vn -0.0332 0.9994 -0.0100
vn -0.0530 0.9984 -0.0211
vn -0.0749 0.9972 -0.0084
vn -0.0865 0.9961 -0.0188
vn -0.1150 0.9933 -0.0143
vn -0.1317 0.9910 -0.0219
vn -0.1591 0.9872 -0.0056
vn -0.1866 0.9822 -0.0218
vn -0.2298 0.9732 -0.0047
vn -0.2529 0.9673 -0.0198
vn -0.4082 0.9128 -0.0129
vn -0.3594 0.9331 -0.0133
vn -0.3264 0.9451 -0.0170
vn -0.3347 0.9421 -0.0222
vn -0.2918 0.9564 -0.0113
vn -0.5649 0.8251 -0.0123
vn -0.4061 0.9138 -0.0113
vn -0.4955 0.8685 -0.0143
vn -0.5000 0.8660 -0.0100
vn -0.5476 0.8366 -0.0125
vn -0.5672 0.8235 -0.0115
vn -0.6114 0.7912 -0.0122
vn -0.6133 0.7897 -0.0131
vn -0.6533 0.7570 -0.0116
vn -0.6899 0.7236 -0.0193
vn -0.6965 0.7174 -0.0136
vn -0.7373 0.6754 -0.0112
vn -0.7709 0.6367 -0.0188
vn -0.7835 0.6214 -0.0054
vn -0.8125 0.5828 -0.0118
vn -0.8482 0.5295 -0.0100
vn -0.8470 0.5314 -0.0122
vn -0.0022 -0.4434 -0.8963
vn -0.0017 -0.4432 -0.8964
vn -0.0015 -0.4433 -0.8963
vn -0.0311 0.9995 -0.0090
vn -0.0054 0.9998 -0.0183
vn -0.0095 0.9996 -0.0273
vn -0.0327 0.9994 -0.0110
vn -0.0503 0.9985 -0.0206
vn -0.0720 0.9974 -0.0091
vn -0.0796 0.9967 -0.0164
vn -0.1120 0.9936 -0.0159
vn -0.1193 0.9926 -0.0205
vn -0.1566 0.9876 -0.0078
vn -0.1672 0.9858 -0.0165
vn -0.4042 0.9146 -0.0140
vn -0.3551 0.9347 -0.0132
vn -0.3485 0.9372 -0.0138
vn -0.3301 0.9439 -0.0118
vn -0.2990 0.9540 -0.0216
vn -0.2898 0.9570 -0.0164
vn -0.2251 0.9743 -0.0102
vn -0.2348 0.9719 -0.0191
vn -0.1964 0.9804 -0.0143
vn -0.3985 0.9171 -0.0097
vn -0.4867 0.8734 -0.0157
vn -0.4950 0.8688 -0.0082
vn -0.5555 0.8314 -0.0142
vn -0.5609 0.8278 -0.0123
vn -0.6075 0.7942 -0.0122
vn -0.6049 0.7962 -0.0109
vn -0.6499 0.7599 -0.0127
vn -0.6793 0.7336 -0.0215
vn -0.6927 0.7211 -0.0113
vn -0.7344 0.6786 -0.0120
vn -0.7628 0.6463 -0.0206
vn -0.7806 0.6250 -0.0040
vn -0.8660 0.5000 -0.0117
vn -0.8433 0.5374 -0.0054
vn -0.8451 0.5345 -0.0031
vn -0.8167 0.5769 -0.0146
vn 0.6843 0.7285 -0.0322
vn 0.7511 0.6602 -0.0079
vn 0.7884 0.6147 -0.0222
vn 0.7912 0.6113 -0.0201
vn 0.8450 0.5348 0.0012
vn 0.8347 0.5501 -0.0249
vn 0.8673 0.4975 -0.0134
vn 0.7051 0.7091 0.0071
vn 0.6543 0.7562 -0.0123
vn 0.5866 0.8097 -0.0165
vn 0.5940 0.8044 -0.0067
vn 0.4908 0.8711 -0.0200
vn 0.5002 0.8659 -0.0090
vn 0.4125 0.9108 -0.0171
vn 0.4163 0.9091 -0.0140
vn 0.3711 0.9285 -0.0139
vn 0.3724 0.9280 -0.0137
vn 0.3530 0.9355 -0.0144
vn 0.3600 0.9329 -0.0127
vn 0.3037 0.9526 -0.0195
vn 0.3119 0.9501 -0.0097
vn 0.2311 0.9727 -0.0186
vn 0.2324 0.9725 -0.0172
vn 0.1721 0.9850 -0.0135
vn 0.0153 0.9997 -0.0184
vn 0.0100 0.9998 -0.0183
vn 0.0143 0.9998 -0.0101
vn 0.0360 0.9990 -0.0270
vn 0.0376 0.9990 -0.0249
vn 0.0636 0.9979 -0.0093
vn 0.0554 0.9983 -0.0198
vn 0.0872 0.9961 -0.0140
vn 0.0848 0.9963 -0.0166
vn 0.1168 0.9930 -0.0161
vn 0.1240 0.9922 -0.0110
vn 0.1447 0.9893 -0.0174
vn 0.1757 0.9844 -0.0101
vn 0.0015 0.4433 0.8964
vn -0.0018 -0.4432 -0.8964
vn 0.0089 0.9998 -0.0183
vn 0.8449 0.5348 -0.0140
vn 0.8492 0.5280 -0.0059
vn 0.7981 0.6022 -0.0189
vn 0.7965 0.6043 -0.0207
vn 0.6154 0.7882 0.0104
vn 0.5920 0.8056 -0.0244
vn 0.6644 0.7474 -0.0091
vn 0.6500 0.7597 -0.0160
vn 0.7169 0.6972 -0.0064
vn 0.7076 0.7063 -0.0207
vn 0.7616 0.6479 -0.0116
vn 0.4370 0.8994 -0.0046
vn 0.5792 0.8151 -0.0068
vn 0.5305 0.8474 -0.0225
vn 0.4933 0.8699 -0.0043
vn 0.4161 0.9088 -0.0300
vn 0.1745 0.9844 -0.0200
vn 0.1755 0.9843 -0.0192
vn 0.2350 0.9720 -0.0076
vn 0.2283 0.9735 -0.0163
vn 0.2946 0.9555 -0.0133
vn 0.3065 0.9519 -0.0056
vn 0.3578 0.9336 -0.0217
vn 0.3564 0.9341 -0.0224
vn 0.3702 0.9288 -0.0171
vn 0.0154 0.9997 -0.0183
vn 0.0131 0.9995 -0.0287
vn 0.0364 0.9993 -0.0057
vn 0.0335 0.9994 -0.0104
vn 0.0536 0.9983 -0.0210
vn 0.0633 0.9979 -0.0152
vn 0.0836 0.9963 -0.0204
vn 0.0865 0.9961 -0.0179
vn 0.1241 0.9922 -0.0139
vn 0.1139 0.9931 -0.0262
vn 0.1437 0.9895 -0.0134
vn 0.0015 0.4432 0.8964
vn 0.0017 0.4435 0.8963
vn 0.0020 0.4432 0.8964
vn -0.0047 0.9998 -0.0183
vn -0.0086 0.9999 -0.0083
vn -0.0326 0.9990 -0.0304
vn -0.0296 0.9992 -0.0257
vn -0.0497 0.9987 -0.0140
vn -0.0804 0.9963 -0.0306
vn -0.0698 0.9975 -0.0143
vn -0.1095 0.9938 -0.0171
vn -0.1203 0.9927 -0.0100
vn -0.1553 0.9876 -0.0237
vn -0.1703 0.9853 -0.0106
vn -0.1966 0.9804 -0.0152
vn -0.2028 0.9791 -0.0145
vn -0.2364 0.9715 -0.0145
vn -0.2342 0.9721 -0.0128
vn -0.2911 0.9566 -0.0147
vn -0.3054 0.9520 -0.0224
vn -0.3507 0.9365 -0.0058
vn -0.3511 0.9363 -0.0056
vn -0.4026 0.9151 -0.0222
vn -0.4330 0.9014 -0.0047
vn -0.4946 0.8689 -0.0218
vn -0.5226 0.8525 -0.0039
vn -0.5612 0.8276 -0.0139
vn -0.5769 0.8167 -0.0122
vn -0.6076 0.7942 -0.0126
vn -0.6427 0.7661 0.0077
vn -0.6273 0.7788 -0.0076
vn -0.7052 0.7088 -0.0163
vn -0.7008 0.7130 -0.0209
vn -0.7398 0.6727 -0.0103
vn -0.7822 0.6229 -0.0162
vn -0.7905 0.6124 -0.0060
vn -0.8247 0.5655 -0.0126
vn -0.8303 0.5572 -0.0114
vn -0.8529 0.5220 -0.0121
vn -0.8530 0.5218 -0.0120
vn -0.0016 -0.4434 -0.8963
vn 0.8426 0.5384 -0.0140
vn 0.8434 0.5371 -0.0125
vn 0.7945 0.6071 -0.0136
vn 0.7952 0.6062 -0.0130
vn 0.7594 0.6505 -0.0133
vn 0.7602 0.6495 -0.0129
vn 0.7033 0.7108 -0.0140
vn 0.7043 0.7098 -0.0126
vn 0.6458 0.7634 -0.0136
vn 0.6471 0.7623 -0.0131
vn 0.5851 0.8109 -0.0141
vn 0.5862 0.8101 -0.0128
vn 0.4908 0.8712 -0.0142
vn 0.4918 0.8706 -0.0130
vn 0.4106 0.9117 -0.0142
vn 0.4109 0.9116 -0.0140
vn 0.3672 0.9300 -0.0139
vn 0.3514 0.9361 -0.0174
vn 0.3671 0.9301 -0.0118
vn 0.3518 0.9360 -0.0140
vn 0.3037 0.9527 -0.0146
vn 0.3043 0.9525 -0.0139
vn 0.2248 0.9743 -0.0151
vn 0.2252 0.9742 -0.0145
vn 0.1742 0.9846 -0.0154
vn 0.1739 0.9846 -0.0155
vn 0.1429 0.9896 -0.0154
vn 0.1426 0.9897 -0.0156
vn 0.1105 0.9937 -0.0163
vn 0.1109 0.9937 -0.0160
vn 0.0855 0.9962 -0.0169
vn 0.0853 0.9962 -0.0170
vn 0.0627 0.9979 -0.0169
vn 0.0624 0.9979 -0.0172
vn 0.0315 0.9993 -0.0186
vn 0.0318 0.9993 -0.0178
vn 0.0082 0.9998 -0.0185
vn 0.0080 0.9998 -0.0183
vn 0.0022 0.4433 0.8964
vn 0.0021 0.4435 0.8963
vn 0.0021 0.4432 0.8964
vn -0.0111 0.9998 -0.0184
vn -0.0318 0.9993 -0.0180
vn -0.0316 0.9993 -0.0179
vn -0.0487 0.9987 -0.0179
vn -0.0480 0.9987 -0.0171
vn -0.0787 0.9968 -0.0171
vn -0.0795 0.9967 -0.0162
vn -0.1217 0.9924 -0.0162
vn -0.1209 0.9926 -0.0153
vn -0.1739 0.9846 -0.0153
vn -0.1731 0.9848 -0.0145
vn -0.2382 0.9711 -0.0145
vn -0.2375 0.9713 -0.0139
vn -0.3108 0.9504 -0.0138
vn -0.3102 0.9506 -0.0134
vn -0.3880 0.9216 -0.0133
vn -0.3883 0.9214 -0.0129
vn -0.4747 0.8801 -0.0128
vn -0.4749 0.8800 -0.0126
vn -0.5277 0.8493 -0.0125
vn -0.5282 0.8490 -0.0124
vn -0.5557 0.8313 -0.0125
vn -0.5560 0.8311 -0.0123
vn -0.6701 0.7422 -0.0117
vn -0.6016 0.7987 -0.0122
vn -0.6012 0.7990 -0.0120
vn -0.6697 0.7425 -0.0121
vn -0.7158 0.6982 -0.0118
vn -0.7547 0.6561 -0.0084
vn -0.7524 0.6586 -0.0115
vn -0.7994 0.6007 -0.0116
vn -0.7997 0.6003 -0.0115
vn -0.8203 0.5719 -0.0116
vn -0.8470 0.5315 0.0006
vn -0.8401 0.5423 -0.0123
vn -0.0020 -0.4432 -0.8964
vn 0.7876 0.1867 -0.5873
vn 0.7869 0.5160 -0.3385
vn 0.8316 0.5091 -0.2222
vn 0.8868 0.4252 -0.1809
vn 0.8582 0.4004 -0.3213
vn 0.8940 0.3921 -0.2167
vn 0.5323 0.8132 -0.2352
vn 0.6096 0.7640 -0.2114
vn 0.6133 0.7581 -0.2218
vn 0.7221 0.6551 -0.2224
vn 0.7270 0.6441 -0.2378
vn 0.8184 0.5431 -0.1881
vn 0.4804 0.8272 -0.2913
vn 0.4968 0.8379 -0.2259
vn 0.4001 0.8843 -0.2408
vn 0.3907 0.8816 -0.2647
vn 0.3495 0.9065 -0.2370
vn 0.2977 0.9227 -0.2451
vn 0.2789 0.9388 -0.2022
vn 0.2240 0.9385 -0.2629
vn 0.2100 0.9474 -0.2415
vn 0.1423 0.9585 -0.2470
vn 0.1537 0.9419 -0.2988
vn 0.0214 0.9675 -0.2519
vn 0.0213 0.9679 -0.2506
vn 0.0175 0.5207 -0.8535
vn 0.0202 0.7158 -0.6980
vn 0.0008 -0.2063 -0.9785
vn 0.0016 -0.2035 -0.9791
vn 0.0857 -0.2472 -0.9652
vn 0.0663 -0.2353 -0.9696
vn 0.0665 -0.2370 -0.9692
vn 0.0492 -0.2329 -0.9713
vn 0.0493 -0.2339 -0.9710
vn 0.0311 -0.2264 -0.9735
vn 0.0312 -0.2284 -0.9731
vn 0.0185 -0.2272 -0.9737
vn 0.0146 -0.2192 -0.9756
vn 0.0117 -0.2271 -0.9738
vn 0.0047 -0.2268 -0.9739
vn 0.1256 -0.2446 -0.9615
vn 0.1035 -0.2537 -0.9617
vn 0.0858 -0.2458 -0.9655
vn 0.1533 -0.2988 -0.9419
vn 0.1338 -0.2752 -0.9520
vn 0.1342 -0.2740 -0.9523
vn 0.1089 -0.2588 -0.9598
vn 0.1891 -0.3167 -0.9295
vn 0.1673 -0.3155 -0.9341
vn 0.1529 -0.2997 -0.9417
vn 0.1682 -0.3238 -0.9310
vn 0.1828 -0.3454 -0.9205
vn 0.1817 -0.3466 -0.9202
vn 0.7116 0.2306 -0.6636
vn 0.6320 0.3180 -0.7067
vn 0.6383 0.3400 -0.6906
vn 0.5441 0.4166 -0.7283
vn 0.5472 0.4346 -0.7153
vn 0.4478 0.4946 -0.7449
vn 0.4486 0.5073 -0.7358
vn 0.3542 0.5496 -0.7566
vn 0.3540 0.5579 -0.7506
vn 0.2726 0.5849 -0.7640
vn 0.2721 0.5898 -0.7603
vn 0.2052 0.6062 -0.7684
vn 0.2049 0.6086 -0.7665
vn 0.1308 0.6215 -0.7724
vn 0.1306 0.6234 -0.7709
vn 0.0624 0.6299 -0.7741
vn 0.0507 0.7282 -0.6835
vn 0.0225 0.7292 -0.6839
vn 0.0218 0.8747 -0.4842
vn 0.0753 0.9676 -0.2408
vn 0.0676 0.9781 -0.1966
vn 0.0683 0.8146 -0.5759
vn 0.1424 0.8075 -0.5725
vn 0.1426 0.8056 -0.5750
vn 0.2230 0.7919 -0.5685
vn 0.2237 0.7893 -0.5718
vn 0.2963 0.7715 -0.5631
vn 0.2974 0.7667 -0.5689
vn 0.3859 0.7373 -0.5545
vn 0.3872 0.7291 -0.5643
vn 0.4901 0.6830 -0.5416
vn 0.4913 0.6700 -0.5566
vn 0.5998 0.6044 -0.5243
vn 0.5999 0.5854 -0.5453
vn 0.7033 0.5014 -0.5040
vn 0.7010 0.4775 -0.5297
vn 0.7854 0.3853 -0.4844
vn 0.7553 0.2725 -0.5960
vn 0.8066 0.1959 -0.5577
vn 0.5312 -0.0956 -0.8418
vn 0.5431 -0.0916 -0.8347
vn 0.4987 -0.0267 -0.8664
vn 0.5143 -0.0198 -0.8574
vn 0.4524 0.0479 -0.8905
vn 0.4663 0.0560 -0.8829
vn 0.3910 0.1171 -0.9129
vn 0.4015 0.1250 -0.9073
vn 0.3231 0.1722 -0.9306
vn 0.3299 0.1785 -0.9270
vn 0.2564 0.2113 -0.9432
vn 0.2604 0.2158 -0.9411
vn 0.1978 0.2365 -0.9513
vn 0.1999 0.2392 -0.9502
vn 0.1491 0.2516 -0.9563
vn 0.1503 0.2533 -0.9556
vn 0.0950 0.2631 -0.9601
vn 0.0954 0.2643 -0.9597
vn 0.0451 0.2690 -0.9621
vn 0.0136 0.2703 -0.9627
vn 0.0159 0.2871 -0.9578
vn 0.0111 0.9922 0.1240
vn 0.1375 0.4979 0.8563
vn 0.1349 0.4798 0.8669
vn 0.0792 0.5302 0.8442
vn 0.0873 0.5137 0.8535
vn 0.0956 0.5189 0.8495
vn 0.1050 0.5111 0.8531
vn 0.1192 0.5113 0.8511
vn 0.1162 0.5069 0.8541
vn 0.1266 0.4954 0.8594
vn 0.0035 0.5394 0.8421
vn 0.0050 0.5276 0.8495
vn 0.0076 0.5408 0.8411
vn 0.0142 0.5358 0.8442
vn 0.0132 0.5314 0.8470
vn 0.0275 0.5474 0.8364
vn 0.0245 0.5383 0.8424
vn 0.0340 0.5364 0.8433
vn 0.0372 0.5404 0.8406
vn 0.0414 0.5274 0.8486
vn 0.0466 0.5346 0.8438
vn 0.0544 0.5319 0.8450
vn 0.0627 0.5362 0.8418
vn 0.0621 0.5308 0.8452
vn 0.0735 0.5256 0.8476
vn 0.6765 0.5955 0.4333
vn 0.0362 0.9916 0.1242
vn 0.0752 0.9893 0.1251
vn 0.0753 0.9894 0.1245
vn 0.1385 0.9821 0.1276
vn 0.1393 0.9825 0.1233
vn 0.2078 0.9696 0.1295
vn 0.2096 0.9698 0.1247
vn 0.2707 0.9536 0.1319
vn 0.2740 0.9538 0.1234
vn 0.3488 0.9274 0.1352
vn 0.3546 0.9271 0.1215
vn 0.4407 0.8867 0.1397
vn 0.4503 0.8850 0.1189
vn 0.5435 0.8267 0.1453
vn 0.5574 0.8219 0.1171
vn 0.6466 0.7477 0.1510
vn 0.6641 0.7384 0.1171
vn 0.7392 0.6554 0.1552
vn 0.7574 0.6418 0.1202
vn 0.8130 0.5605 0.1575
vn 0.8294 0.5445 0.1251
vn 0.4333 0.5728 0.6958
vn 0.6573 0.6020 0.4534
vn 0.6082 0.6734 0.4203
vn 0.5970 0.6659 0.4474
vn 0.5278 0.7426 0.4123
vn 0.5191 0.7340 0.4379
vn 0.4391 0.8006 0.4076
vn 0.4339 0.7925 0.4285
vn 0.3526 0.8433 0.4056
vn 0.3501 0.8369 0.4207
vn 0.2768 0.8713 0.4053
vn 0.2761 0.8669 0.4151
vn 0.2137 0.8888 0.4053
vn 0.2137 0.8861 0.4114
vn 0.1636 0.8994 0.4054
vn 0.1638 0.8978 0.4088
vn 0.1090 0.9083 0.4038
vn 0.1090 0.9071 0.4066
vn 0.0593 0.9127 0.4043
vn 0.0593 0.9125 0.4047
vn 0.0288 0.9143 0.4041
vn 0.0288 0.9143 0.4040
vn 0.0093 0.9148 0.4038
vn 0.0093 0.9148 0.4039
vn 0.1473 0.4817 0.8639
vn 0.4193 0.5733 0.7039
vn 0.3881 0.6187 0.6830
vn 0.3792 0.6108 0.6951
vn 0.3355 0.6591 0.6730
vn 0.3284 0.6506 0.6847
vn 0.2782 0.6924 0.6657
vn 0.2736 0.6847 0.6755
vn 0.2226 0.7165 0.6611
vn 0.2205 0.7106 0.6681
vn 0.1746 0.7321 0.6585
vn 0.1737 0.7280 0.6632
vn 0.1347 0.7417 0.6571
vn 0.1345 0.7392 0.6599
vn 0.1032 0.7474 0.6563
vn 0.1032 0.7461 0.6578
vn 0.0690 0.7528 0.6547
vn 0.0689 0.7515 0.6562
vn 0.0379 0.7549 0.6547
vn 0.0379 0.7548 0.6549
vn 0.0188 0.7559 0.6545
vn 0.0188 0.7558 0.6545
vn 0.0066 0.7561 0.6544
vn -0.0048 0.9148 0.4039
vn 0.0008 0.5415 0.8407
vn -0.0035 0.5361 0.8441
vn -0.0033 0.5393 0.8421
vn -0.0086 0.5390 0.8422
vn -0.0109 0.5464 0.8375
vn -0.0128 0.5386 0.8425
vn -0.0193 0.5379 0.8428
vn -0.0222 0.5458 0.8376
vn -0.0266 0.5365 0.8435
vn -0.0327 0.5377 0.8425
vn -0.0327 0.5365 0.8433
vn -0.0414 0.5342 0.8443
vn -0.0443 0.5378 0.8419
vn -0.0476 0.5333 0.8446
vn -0.0559 0.5303 0.8459
vn -0.0541 0.5223 0.8511
vn -0.0768 0.5321 0.8432
vn -0.0754 0.5256 0.8474
vn -0.0897 0.5167 0.8515
vn -0.0934 0.5238 0.8467
vn -0.1037 0.5025 0.8584
vn -0.1098 0.5103 0.8530
vn -0.1428 0.4832 0.8638
vn -0.4275 0.5781 0.6951
vn -0.1394 0.4805 0.8658
vn -0.1289 0.4957 0.8589
vn -0.1374 0.4980 0.8562
vn -0.1199 0.4991 0.8582
vn -0.8153 0.5558 0.1625
vn -0.7493 0.6515 0.1183
vn -0.7427 0.6503 0.1598
vn -0.6560 0.7459 0.1156
vn -0.6509 0.7432 0.1548
vn -0.5503 0.8268 0.1163
vn -0.5475 0.8236 0.1481
vn -0.4444 0.8880 0.1185
vn -0.4435 0.8850 0.1417
vn -0.3501 0.9288 0.1215
vn -0.3503 0.9266 0.1365
vn -0.2704 0.9548 0.1236
vn -0.2709 0.9534 0.1328
vn -0.2064 0.9704 0.1250
vn -0.2069 0.9697 0.1301
vn 0.0005 0.5394 0.8421
vn -0.0022 0.7561 0.6544
vn -0.0147 0.7559 0.6546
vn -0.0339 0.7548 0.6551
vn -0.0340 0.7550 0.6548
vn -0.0651 0.7517 0.6563
vn -0.0656 0.7529 0.6549
vn -0.0993 0.7464 0.6580
vn -0.1002 0.7475 0.6566
vn -0.1303 0.7396 0.6603
vn -0.1323 0.7416 0.6576
vn -0.1691 0.7288 0.6636
vn -0.1728 0.7318 0.6592
vn -0.2152 0.7120 0.6683
vn -0.2215 0.7158 0.6623
vn -0.2677 0.6871 0.6755
vn -0.2772 0.6911 0.6674
vn -0.3218 0.6541 0.6845
vn -0.3347 0.6573 0.6752
vn -0.3726 0.6154 0.6946
vn -0.3869 0.6168 0.6855
vn -0.4177 0.5716 0.7062
vn -0.6696 0.6043 0.4318
vn -0.0022 0.7562 0.6544
vn -0.0249 0.9144 0.4041
vn -0.0249 0.9144 0.4040
vn -0.0556 0.9127 0.4048
vn -0.0557 0.9129 0.4044
vn -0.1055 0.9074 0.4069
vn -0.1062 0.9086 0.4040
vn -0.1600 0.8983 0.4091
vn -0.1615 0.8996 0.4058
vn -0.2095 0.8869 0.4117
vn -0.2125 0.8888 0.4061
vn -0.2713 0.8682 0.4155
vn -0.2767 0.8708 0.4063
vn -0.3442 0.8393 0.4208
vn -0.3534 0.8421 0.4074
vn -0.4268 0.7965 0.4284
vn -0.4407 0.7984 0.4102
vn -0.5112 0.7399 0.4372
vn -0.5294 0.7395 0.4158
vn -0.5892 0.6736 0.4462
vn -0.6091 0.6699 0.4246
vn -0.6578 0.5985 0.4572
vn -0.8222 0.5557 0.1232
vn -0.1469 0.9813 0.1246
vn -0.1305 0.9733 0.1888
vn -0.1078 0.9861 0.1266
vn -0.0722 0.9896 0.1247
vn -0.0722 0.9895 0.1254
vn -0.0327 0.9917 0.1244
vn -0.0327 0.9917 0.1243
vn -0.0069 0.9923 0.1240
vn -0.9329 -0.3478 0.0940
vn -0.8610 0.4825 0.1608
vn -0.9499 0.2495 0.1884
vn -0.9746 0.1960 0.1085
vn -0.8911 -0.1825 0.4155
vn -0.9265 -0.2834 0.2474
vn -0.7316 -0.5766 0.3638
vn -0.7175 -0.5969 0.3590
vn -0.5461 -0.7333 0.4050
vn -0.5252 -0.7522 0.3979
vn -0.2332 -0.9608 0.1497
vn -0.9247 0.3246 0.1991
vn -0.9593 0.2394 0.1497
vn -0.8557 -0.0419 0.5158
vn -0.9075 -0.1810 0.3792
vn -0.7134 -0.4309 0.5526
vn -0.6925 -0.4640 0.5524
vn -0.5345 -0.5773 0.6173
vn -0.5030 -0.6098 0.6125
vn -0.1628 0.0588 0.9849
vn -0.8633 0.4790 0.1588
vn -0.6949 0.5217 0.4949
vn -0.7234 0.4969 0.4794
vn -0.4218 0.4864 0.7652
vn -0.4890 0.4508 0.7468
vn -0.0994 0.3856 0.9173
vn -0.2090 0.3483 0.9138
vn -0.4152 0.0226 0.9095
vn -0.5299 0.1442 0.8357
vn -0.5726 0.1383 0.8081
vn -0.8058 0.2395 0.5417
vn -0.8898 0.4225 0.1725
vn -0.7322 0.4029 0.5491
vn -0.7652 0.3753 0.5230
vn -0.4514 0.3080 0.8375
vn -0.5266 0.2695 0.8063
vn -0.1896 0.1912 0.9631
vn -0.1999 0.1834 0.9625
vn -0.2354 -0.1051 0.9662
vn -0.1266 -0.0646 0.9898
vn -0.2102 -0.2585 0.9429
vn -0.2222 -0.2731 0.9360
vn -0.0702 -0.4066 0.9109
vn -0.1322 -0.5607 0.8174
vn -0.0715 -0.5954 0.8002
vn -0.1315 -0.7553 0.6421
vn 0.0115 -0.8120 0.5836
vn -0.9919 0.1200 0.0423
vn -0.9904 0.1371 0.0174
vn -0.9842 0.1383 0.1108
vn -0.4756 -0.4194 0.7732
vn -0.5149 -0.3762 0.7703
vn -0.6600 -0.2872 0.6941
vn -0.6860 -0.2456 0.6849
vn -0.8793 -0.0499 0.4736
vn -0.8152 0.1125 0.5682
vn -0.9400 0.3078 0.1471
vn -0.9695 0.1934 0.1508
vn -0.9865 0.1467 0.0728
vn -0.9178 -0.2902 0.2709
vn -0.9351 -0.3435 0.0868
vn -0.7378 -0.6620 0.1319
vn -0.7330 -0.6678 0.1290
vn -0.5476 -0.8234 0.1484
vn -0.5408 -0.8285 0.1451
vn -0.2235 -0.9618 0.1578
vn -0.8921 0.4190 0.1694
vn -0.9139 0.3600 0.1876
vn -0.7734 0.2639 0.5763
vn -0.8446 0.0948 0.5269
vn -0.6518 -0.0438 0.7572
vn -0.6231 -0.0873 0.7772
vn -0.4899 -0.1530 0.8583
vn -0.4456 -0.2018 0.8722
vn -0.2419 -0.2746 0.9307
vn -0.3252 -0.4824 0.8134
vn -0.2735 -0.5233 0.8070
vn -0.3344 -0.6862 0.6460
vn -0.2935 -0.7146 0.6350
vn -0.3379 -0.8415 0.4216
vn -0.2262 -0.8978 0.3780
vn -0.2154 -0.9065 0.3630
vn -0.2213 -0.9751 0.0165
vn -0.9928 0.1192 -0.0082
vn -0.9962 0.0871 -0.0082
vn -0.9364 -0.3510 0.0007
vn -0.9280 -0.3727 0.0007
vn -0.7377 -0.6750 0.0077
vn -0.6384 -0.7697 0.0087
vn -0.5448 -0.8385 0.0118
vn -0.2249 -0.9742 0.0165
vn -0.5852 -0.1967 -0.7867
vn -0.9265 -0.3731 -0.0485
vn -0.9173 0.3373 -0.2116
vn -0.9458 0.2763 -0.1704
vn -0.9396 0.2778 -0.2000
vn -0.9621 0.2256 -0.1531
vn -0.9576 0.2237 -0.1817
vn -0.9743 0.1822 -0.1324
vn -0.9714 0.1771 -0.1580
vn -0.9833 0.1463 -0.1086
vn -0.9818 0.1393 -0.1293
vn -0.9896 0.1185 -0.0821
vn -0.9891 0.1112 -0.0967
vn -0.9936 0.0993 -0.0540
vn -0.9937 0.0937 -0.0620
vn -0.9958 0.0888 -0.0235
vn -0.9959 0.0868 -0.0256
vn -0.9249 0.3330 -0.1836
vn -0.8195 0.0868 -0.5664
vn -0.8604 0.0020 -0.5097
vn -0.8569 -0.0348 -0.5142
vn -0.8825 -0.0944 -0.4607
vn -0.8786 -0.1282 -0.4600
vn -0.8994 -0.1803 -0.3981
vn -0.8951 -0.2095 -0.3935
vn -0.9118 -0.2532 -0.3234
vn -0.9076 -0.2762 -0.3162
vn -0.9202 -0.3104 -0.2385
vn -0.9166 -0.3264 -0.2308
vn -0.9253 -0.3498 -0.1465
vn -0.9228 -0.3588 -0.1405
vn -0.9276 -0.3708 -0.0459
vn -0.6363 -0.7690 -0.0615
vn -0.8424 0.0832 -0.5324
vn -0.5419 -0.1917 -0.8183
vn -0.5935 -0.3002 -0.7468
vn -0.5758 -0.3421 -0.7425
vn -0.6102 -0.4222 -0.6704
vn -0.5933 -0.4578 -0.6621
vn -0.6224 -0.5307 -0.5753
vn -0.6070 -0.5593 -0.5646
vn -0.6309 -0.6223 -0.4634
vn -0.6177 -0.6434 -0.4522
vn -0.6361 -0.6936 -0.3381
vn -0.6259 -0.7075 -0.3281
vn -0.6387 -0.7420 -0.2036
vn -0.6320 -0.7497 -0.1964
vn -0.6390 -0.7670 -0.0585
vn -0.2202 -0.9736 -0.0604
vn -0.2242 -0.9728 -0.0574
vn -0.2159 -0.9528 -0.2132
vn -0.2269 -0.9520 -0.2055
vn -0.2110 -0.9091 -0.3593
vn -0.2291 -0.9093 -0.3475
vn -0.2049 -0.8434 -0.4967
vn -0.2306 -0.8455 -0.4815
vn -0.1974 -0.7580 -0.6217
vn -0.2316 -0.7625 -0.6040
vn -0.1889 -0.6559 -0.7308
vn -0.2312 -0.6631 -0.7119
vn -0.1785 -0.5404 -0.8223
vn -0.2296 -0.5496 -0.8032
vn -0.1673 -0.4164 -0.8937
vn -0.2268 -0.4268 -0.8754
vn -0.1851 -0.3459 -0.9199
vn -0.1788 -0.3473 -0.9206
vn -0.1762 -0.3200 -0.9309
vn -0.1741 -0.3206 -0.9311
vn -0.1596 -0.3047 -0.9390
vn -0.1646 -0.2911 -0.9424
vn -0.1516 -0.2913 -0.9445
vn -0.1350 -0.2778 -0.9511
vn -0.1341 -0.2784 -0.9511
vn -0.1143 -0.2565 -0.9598
vn -0.1125 -0.2579 -0.9596
vn -0.0942 -0.2498 -0.9637
vn -0.0929 -0.2395 -0.9664
vn -0.0836 -0.2437 -0.9662
vn -0.0697 -0.2391 -0.9685
vn -0.0652 -0.2448 -0.9674
vn -0.0542 -0.2296 -0.9718
vn -0.0509 -0.2332 -0.9711
vn -0.0345 -0.2303 -0.9725
vn -0.0392 -0.2167 -0.9754
vn -0.0166 -0.2391 -0.9708
vn -0.0186 -0.2306 -0.9729
vn -0.8928 0.3959 -0.2148
vn -0.7269 0.6435 -0.2400
vn -0.7202 0.6580 -0.2197
vn -0.8838 0.3987 -0.2448
vn -0.8646 0.4609 -0.1999
vn -0.8187 0.5253 -0.2319
vn -0.8262 0.4965 -0.2661
vn -0.7856 0.5822 -0.2094
vn -0.6411 0.3330 -0.6914
vn -0.5409 0.4144 -0.7319
vn -0.5509 0.4274 -0.7168
vn -0.4463 0.4906 -0.7485
vn -0.4526 0.5006 -0.7380
vn -0.3539 0.5448 -0.7602
vn -0.2973 0.7621 -0.5752
vn -0.3897 0.7313 -0.5597
vn -0.3863 0.7249 -0.5704
vn -0.4946 0.6762 -0.5460
vn -0.4890 0.6665 -0.5627
vn -0.6043 0.5968 -0.5279
vn -0.7936 0.1802 -0.5811
vn -0.7994 0.2029 -0.5656
vn -0.7441 0.2831 -0.6051
vn -0.7481 0.3114 -0.5859
vn -0.6840 0.3822 -0.6213
vn -0.7026 0.4976 -0.5086
vn -0.5959 0.5838 -0.5514
vn -0.6144 0.7547 -0.2301
vn -0.6159 0.7522 -0.2342
vn -0.0655 0.7222 -0.6885
vn -0.0656 0.7221 -0.6886
vn -0.1378 0.7154 -0.6850
vn -0.1383 0.7133 -0.6870
vn -0.2165 0.7000 -0.6805
vn -0.2178 0.6971 -0.6831
vn -0.2614 0.6869 -0.6781
vn -0.2744 0.5793 -0.7675
vn -0.3576 0.5517 -0.7535
vn -0.0192 0.7159 -0.6980
vn -0.0205 0.7240 -0.6895
vn -0.0192 0.8748 -0.4842
vn -0.0185 0.9594 -0.2814
vn -0.0146 0.9677 -0.2518
vn -0.5529 0.8002 -0.2324
vn -0.5278 0.8148 -0.2397
vn -0.5010 0.8195 -0.2782
vn -0.4712 0.8512 -0.2310
vn -0.3908 0.8863 -0.2487
vn -0.3966 0.8798 -0.2620
vn -0.2969 0.9291 -0.2203
vn -0.2870 0.9380 -0.1945
vn -0.2243 0.9372 -0.2670
vn -0.2093 0.9466 -0.2453
vn -0.1412 0.9576 -0.2512
vn -0.1496 0.9458 -0.2882
vn -0.0657 0.9742 -0.2159
vn -0.0722 0.9655 -0.2503
vn -0.0349 0.9673 -0.2512
vn -0.0064 -0.2063 -0.9785
vn -0.0039 -0.2259 -0.9741
vn -0.0170 0.2871 -0.9577
vn -0.0172 0.5206 -0.8536
vn -0.0142 0.2660 -0.9639
vn -0.0467 0.2647 -0.9632
vn -0.0971 0.2601 -0.9607
vn -0.0973 0.2588 -0.9610
vn -0.1519 0.2492 -0.9565
vn -0.1525 0.2470 -0.9569
vn -0.2011 0.2352 -0.9509
vn -0.2017 0.2317 -0.9516
vn -0.2605 0.2123 -0.9418
vn -0.2610 0.2061 -0.9431
vn -0.3285 0.1760 -0.9280
vn -0.3282 0.1662 -0.9299
vn -0.3983 0.1240 -0.9089
vn -0.3962 0.1104 -0.9115
vn -0.4619 0.0572 -0.8851
vn -0.4570 0.0407 -0.8885
vn -0.5097 -0.0168 -0.8602
vn -0.5022 -0.0336 -0.8641
vn -0.5404 -0.0893 -0.8366
vn -0.5357 -0.0975 -0.8388
vn -0.0071 0.9998 -0.0183
vn -0.0033 0.9998 -0.0183
vn -0.0073 0.9998 -0.0183
vn -0.0050 0.9998 -0.0183
vn -0.2427 0.9691 -0.0431
vn -0.0056 0.9998 -0.0183
vn -0.8679 0.4968 -0.0033
vn -0.8568 0.5156 -0.0043
vn -0.8985 0.4389 -0.0110
vn -0.9064 0.4218 -0.0238
vn -0.8941 0.4477 -0.0140
vn -0.8606 0.5092 -0.0122
vn -0.8986 0.4385 -0.0111
vn -0.8989 0.4380 -0.0112
vn -0.8987 0.4384 -0.0111
vn -0.8762 0.4818 -0.0119
vn -0.8616 0.5075 -0.0025
vn -0.8584 0.5129 -0.0051
vn -0.8990 0.4377 -0.0112
vn -0.8667 0.4987 -0.0122
vn -0.8996 0.4366 -0.0112
vn -0.8747 0.4846 -0.0121
vn -0.9003 0.4352 -0.0113
vn -0.8999 0.4360 -0.0113
vn -0.8727 0.4881 -0.0121
vn -0.8770 0.4804 -0.0058
vn -0.8951 0.4456 0.0139
vn -0.8771 0.4799 -0.0197
vn -0.9148 0.4038 -0.0075
vn -0.9114 0.4113 -0.0109
vn -0.8812 0.4723 -0.0195
vn -0.8288 0.5595 -0.0040
vn -0.8198 0.5725 -0.0165
vn -0.7854 0.6189 -0.0105
vn -0.7508 0.6603 -0.0177
vn -0.7519 0.6591 -0.0163
vn -0.6799 0.7333 -0.0069
vn -0.6997 0.7143 0.0146
vn -0.6369 0.7700 -0.0379
vn -0.6580 0.7528 -0.0176
vn -0.5803 0.8144 -0.0070
vn -0.4222 0.9065 -0.0099
vn -0.4770 0.8787 -0.0191
vn -0.4920 0.8706 -0.0071
vn -0.5257 0.8506 -0.0120
vn -0.5717 0.8203 -0.0146
vn -0.4049 0.9144 -0.0047
vn -0.3625 0.9316 -0.0279
vn -0.3687 0.9292 -0.0237
vn -0.3119 0.9501 -0.0046
vn -0.2793 0.9599 -0.0240
vn -0.2375 0.9714 -0.0063
vn -0.1757 0.9844 -0.0086
vn -0.1950 0.9806 -0.0195
vn -0.2300 0.9731 -0.0100
vn -0.0074 0.9998 -0.0183
vn -0.0066 0.9999 -0.0158
vn -0.0231 0.9995 -0.0213
vn -0.0249 0.9994 -0.0245
vn -0.0479 0.9988 -0.0119
vn -0.0651 0.9975 -0.0257
vn -0.0894 0.9960 -0.0081
vn -0.1005 0.9948 -0.0144
vn -0.1318 0.9911 -0.0173
vn -0.1291 0.9915 -0.0153
vn -0.1580 0.9873 -0.0149
vn -0.8808 0.4731 -0.0213
vn -0.8293 0.5589 -0.0030
vn -0.8178 0.5752 -0.0176
vn -0.7853 0.6190 -0.0103
vn -0.7506 0.6606 -0.0167
vn -0.7498 0.6614 -0.0175
vn -0.6809 0.7324 -0.0057
vn -0.6978 0.7162 0.0116
vn -0.6374 0.7698 -0.0349
vn -0.6552 0.7553 -0.0188
vn -0.5811 0.8138 -0.0059
vn -0.3128 0.9498 -0.0044
vn -0.3664 0.9301 -0.0241
vn -0.3633 0.9313 -0.0261
vn -0.4175 0.9087 0.0012
vn -0.4066 0.9136 -0.0063
vn -0.4744 0.8801 -0.0200
vn -0.4931 0.8700 -0.0061
vn -0.5246 0.8513 -0.0118
vn -0.5704 0.8212 -0.0147
vn -0.1770 0.9842 -0.0090
vn -0.2009 0.9793 -0.0235
vn -0.2730 0.9620 0.0095
vn -0.0064 0.9999 -0.0152
vn -0.0240 0.9995 -0.0226
vn -0.0246 0.9994 -0.0237
vn -0.0494 0.9987 -0.0124
vn -0.0641 0.9976 -0.0255
vn -0.0909 0.9958 -0.0081
vn -0.1006 0.9948 -0.0144
vn -0.1332 0.9909 -0.0171
vn -0.1291 0.9915 -0.0142
vn -0.1564 0.9876 -0.0154
vn -0.8335 0.5521 -0.0210
vn -0.8115 0.5844 -0.0042
vn -0.7858 0.6183 -0.0127
vn -0.7486 0.6630 -0.0082
vn -0.7433 0.6690 -0.0046
vn -0.6848 0.7285 -0.0194
vn -0.7042 0.7093 -0.0321
vn -0.6465 0.7629 -0.0020
vn -0.6318 0.7751 -0.0079
vn -0.5704 0.8210 -0.0233
vn -0.5823 0.8129 -0.0090
vn -0.5231 0.8522 -0.0133
vn -0.4966 0.8677 -0.0201
vn -0.4672 0.8842 -0.0045
vn -0.4099 0.9119 -0.0205
vn -0.4182 0.9080 -0.0248
vn -0.3601 0.9329 -0.0025
vn -0.3593 0.9332 -0.0021
vn -0.3159 0.9485 -0.0227
vn -0.2719 0.9623 -0.0035
vn -0.2409 0.9703 -0.0216
vn -0.1767 0.9843 0.0015
vn -0.0042 0.9998 -0.0183
vn -0.0061 0.9997 -0.0222
vn -0.0238 0.9996 -0.0126
vn -0.0242 0.9996 -0.0133
vn -0.0627 0.9977 -0.0252
vn -0.0499 0.9988 -0.0022
vn -0.1016 0.9944 -0.0285
vn -0.0921 0.9956 -0.0175
vn -0.1291 0.9915 -0.0146
vn -0.1339 0.9909 -0.0170
vn -0.1539 0.9880 -0.0141
vn -0.1989 0.9797 -0.0246
vn -0.8786 0.4775 -0.0119
vn -0.8993 0.4372 -0.0112
vn -0.8992 0.4374 -0.0112
vn -0.8778 0.4789 -0.0119
vn -0.8658 0.5004 -0.0029
vn -0.8343 0.5509 -0.0217
vn -0.8091 0.5877 -0.0035
vn -0.7858 0.6184 -0.0127
vn -0.7489 0.6627 -0.0090
vn -0.7407 0.6718 -0.0038
vn -0.6863 0.7271 -0.0203
vn -0.7009 0.7126 -0.0294
vn -0.6433 0.7656 -0.0017
vn -0.6327 0.7744 -0.0065
vn -0.5695 0.8216 -0.0254
vn -0.5833 0.8122 -0.0086
vn -0.5220 0.8528 -0.0135
vn -0.4981 0.8669 -0.0208
vn -0.4643 0.8857 -0.0039
vn -0.4115 0.9112 -0.0211
vn -0.4154 0.9094 -0.0229
vn -0.3615 0.9324 -0.0041
vn -0.3569 0.9341 -0.0020
vn -0.3168 0.9482 -0.0227
vn -0.2700 0.9629 -0.0036
vn -0.2420 0.9700 -0.0213
vn -0.1782 0.9840 -0.0006
vn -0.1972 0.9801 -0.0225
vn -0.1523 0.9882 -0.0140
vn -0.1353 0.9906 -0.0176
vn -0.1292 0.9915 -0.0148
vn -0.0936 0.9955 -0.0173
vn -0.1016 0.9945 -0.0267
vn -0.0514 0.9987 -0.0049
vn -0.0617 0.9978 -0.0226
vn -0.0250 0.9996 -0.0147
vn -0.0233 0.9997 -0.0119
vn -0.0036 0.9997 -0.0241
vn -0.8654 0.5010 -0.0107
vn -0.8088 0.5879 -0.0122
vn -0.8096 0.5868 -0.0108
vn -0.7416 0.6707 -0.0123
vn -0.7401 0.6724 -0.0111
vn -0.6955 0.7184 -0.0119
vn -0.6941 0.7198 -0.0117
vn -0.6444 0.7646 -0.0127
vn -0.6425 0.7662 -0.0113
vn -0.5661 0.8242 -0.0128
vn -0.5654 0.8247 -0.0124
vn -0.5206 0.8537 -0.0125
vn -0.5211 0.8534 -0.0123
vn -0.4634 0.8860 -0.0133
vn -0.4646 0.8854 -0.0121
vn -0.4110 0.9115 -0.0131
vn -0.4122 0.9110 -0.0129
vn -0.3565 0.9342 -0.0138
vn -0.3575 0.9338 -0.0126
vn -0.2694 0.9629 -0.0143
vn -0.0030 0.9998 -0.0183
vn -0.0032 0.9998 -0.0186
vn -0.0227 0.9996 -0.0178
vn -0.0230 0.9996 -0.0185
vn -0.0467 0.9988 -0.0173
vn -0.0464 0.9988 -0.0172
vn -0.0681 0.9975 -0.0172
vn -0.0679 0.9975 -0.0170
vn -0.1109 0.9937 -0.0153
vn -0.1117 0.9936 -0.0162
vn -0.1508 0.9885 -0.0149
vn -0.1516 0.9883 -0.0152
vn -0.1950 0.9807 -0.0141
vn -0.1958 0.9805 -0.0149
vn -0.2702 0.9627 -0.0133
vn -0.8309 0.5560 -0.0194
vn -0.8044 0.5941 -0.0025
vn -0.7678 0.6403 -0.0213
vn -0.7358 0.6772 -0.0026
vn -0.6892 0.7242 -0.0217
vn -0.6943 0.7192 -0.0245
vn -0.6335 0.7737 -0.0002
vn -0.6371 0.7708 -0.0020
vn -0.5883 0.8084 -0.0216
vn -0.5635 0.8260 -0.0100
vn -0.5198 0.8542 -0.0141
vn -0.5009 0.8652 -0.0216
vn -0.4586 0.8886 -0.0032
vn -0.4347 0.9005 -0.0133
vn -0.4084 0.9127 -0.0129
vn -0.1811 0.9834 -0.0046
vn -0.2442 0.9695 -0.0203
vn -0.2662 0.9639 -0.0043
vn -0.3186 0.9476 -0.0223
vn -0.3522 0.9359 -0.0021
vn -0.3643 0.9313 -0.0069
vn -0.3931 0.9194 -0.0150
vn -0.1940 0.9808 -0.0186
vn -0.1492 0.9887 -0.0142
vn -0.1382 0.9902 -0.0181
vn -0.1292 0.9915 -0.0152
vn -0.0966 0.9952 -0.0170
vn -0.1018 0.9945 -0.0232
vn -0.0545 0.9985 -0.0098
vn -0.0598 0.9980 -0.0182
vn -0.0266 0.9995 -0.0174
vn -0.0219 0.9997 -0.0106
vn -0.0025 0.9997 -0.0256
vn -0.8985 0.4388 -0.0111
vn -0.8986 0.4386 -0.0111
vn -0.8750 0.4839 -0.0119
vn -0.8753 0.4834 -0.0116
vn -0.8592 0.5115 -0.0115
vn -0.8594 0.5112 -0.0114
vn -0.8288 0.5594 -0.0119
vn -0.8289 0.5592 -0.0117
vn -0.7669 0.6417 -0.0114
vn -0.7802 0.6254 0.0099
vn -0.7497 0.6617 -0.0118
vn -0.6888 0.7249 -0.0115
vn -0.6883 0.7253 -0.0122
vn -0.6381 0.7699 -0.0120
vn -0.6375 0.7703 -0.0121
vn -0.5877 0.8090 -0.0120
vn -0.5873 0.8093 -0.0125
vn -0.5391 0.8422 -0.0124
vn -0.5011 0.8652 -0.0162
vn -0.4959 0.8683 -0.0128
vn -0.4144 0.9100 -0.0127
vn -0.4153 0.9096 -0.0133
vn -0.3671 0.9301 -0.0132
vn -0.3665 0.9303 -0.0132
vn -0.3186 0.9478 -0.0133
vn -0.3183 0.9479 -0.0137
vn -0.2451 0.9694 -0.0138
vn -0.0070 0.9998 -0.0183
vn -0.0070 0.9998 -0.0184
vn -0.0277 0.9994 -0.0183
vn -0.0273 0.9995 -0.0178
vn -0.0569 0.9982 -0.0177
vn -0.0561 0.9983 -0.0167
vn -0.0988 0.9950 -0.0166
vn -0.0980 0.9951 -0.0156
vn -0.1401 0.9900 -0.0156
vn -0.1394 0.9901 -0.0151
vn -0.1840 0.9828 -0.0150
vn -0.1833 0.9830 -0.0144
vn -0.2446 0.9695 -0.0143
vn -0.8593 0.5114 -0.0108
vn -0.8021 0.5970 -0.0123
vn -0.8030 0.5959 -0.0109
vn -0.7346 0.6784 -0.0123
vn -0.7331 0.6800 -0.0111
vn -0.6873 0.7263 -0.0120
vn -0.6858 0.7276 -0.0117
vn -0.6349 0.7725 -0.0128
vn -0.6330 0.7740 -0.0113
vn -0.5622 0.8269 -0.0127
vn -0.5615 0.8274 -0.0124
vn -0.5170 0.8559 -0.0125
vn -0.5176 0.8555 -0.0123
vn -0.4551 0.8903 -0.0134
vn -0.4563 0.8898 -0.0122
vn -0.4034 0.9149 -0.0131
vn -0.4046 0.9144 -0.0129
vn -0.3494 0.9369 -0.0139
vn -0.3504 0.9365 -0.0127
vn -0.2637 0.9645 -0.0144
vn -0.0203 0.9996 -0.0178
vn -0.0207 0.9996 -0.0187
vn -0.0479 0.9987 -0.0174
vn -0.0477 0.9987 -0.0172
vn -0.0693 0.9974 -0.0172
vn -0.0691 0.9975 -0.0171
vn -0.1064 0.9942 -0.0155
vn -0.1072 0.9941 -0.0164
vn -0.1462 0.9891 -0.0150
vn -0.1470 0.9890 -0.0154
vn -0.1907 0.9815 -0.0142
vn -0.1915 0.9814 -0.0150
vn -0.2645 0.9643 -0.0134
vn -0.0014 0.9998 -0.0185
vn -0.0016 0.9998 -0.0183
vn -0.8593 0.5113 -0.0079
vn -0.7890 0.6142 -0.0165
vn -0.7967 0.6044 0.0062
vn -0.7346 0.6781 -0.0224
vn -0.6904 0.7234 0.0057
vn -0.6818 0.7315 -0.0009
vn -0.5909 0.8057 -0.0416
vn -0.6210 0.7832 0.0305
vn -0.5448 0.8383 -0.0223
vn -0.4736 0.8808 -0.0014
vn -0.4578 0.8890 -0.0146
vn -0.1164 0.9930 -0.0181
vn -0.1453 0.9893 -0.0128
vn -0.1573 0.9875 -0.0047
vn -0.1908 0.9814 -0.0233
vn -0.2221 0.9750 -0.0080
vn -0.2638 0.9643 -0.0234
vn -0.2904 0.9569 -0.0062
vn -0.3496 0.9366 -0.0223
vn -0.3747 0.9272 -0.0036
vn -0.4017 0.9157 -0.0106
vn -0.4130 0.9107 -0.0121
vn -0.0354 0.9993 -0.0117
vn -0.0462 0.9987 -0.0198
vn -0.0779 0.9969 -0.0119
vn -0.0689 0.9976 -0.0004
vn -0.1062 0.9940 -0.0245
vn -0.0078 0.9994 -0.0342
vn -0.0144 0.9997 -0.0183
vn -0.0167 0.9998 -0.0068
vn 0.0002 0.9998 -0.0183
vn -0.9252 0.3796 -0.0033
vn -0.9375 0.3478 -0.0130
vn -0.9434 0.3316 -0.0113
vn -0.9441 0.3296 -0.0063
vn -0.9442 0.3293 -0.0067
vn -0.9457 0.3248 -0.0103
vn -0.9468 0.3217 -0.0120
vn -0.9196 0.3925 -0.0160
vn -0.9333 0.3587 -0.0199
vn -0.9333 0.3588 -0.0142
vn -0.9289 0.3701 -0.0105
vn -0.9098 0.4148 -0.0118
vn -0.9310 0.3648 -0.0114
vn -0.9212 0.3890 -0.0122
vn -0.9355 0.3533 -0.0117
vn -0.9337 0.3578 -0.0166
vn -0.8468 0.5318 -0.0140
vn -0.8182 0.5748 -0.0048
vn -0.8054 0.5927 -0.0126
vn -0.7811 0.6243 -0.0108
vn -0.7615 0.6480 -0.0122
vn -0.7440 0.6682 -0.0064
vn -0.6949 0.7188 -0.0205
vn -0.7118 0.7018 -0.0295
vn -0.6565 0.7543 -0.0051
vn -0.5884 0.8083 -0.0210
vn -0.5717 0.8204 -0.0119
vn -0.5264 0.8502 -0.0120
vn -0.5242 0.8515 -0.0122
vn -0.4768 0.8790 -0.0111
vn -0.4961 0.8683 0.0031
vn -0.4452 0.8953 -0.0168
vn -0.4241 0.9055 -0.0135
vn -0.3678 0.9298 -0.0109
vn -0.3701 0.9290 -0.0091
vn -0.2708 0.9624 -0.0192
vn -0.2809 0.9593 -0.0288
vn -0.2306 0.9729 -0.0153
vn -0.1939 0.9810 -0.0120
vn -0.1943 0.9809 -0.0122
vn -0.1590 0.9871 -0.0165
vn -0.1378 0.9901 -0.0247
vn -0.0654 0.9976 -0.0218
vn -0.0665 0.9975 -0.0232
vn -0.1004 0.9948 -0.0150
vn -0.1293 0.9914 -0.0184
vn -0.0059 0.9998 -0.0183
vn -0.0253 0.9990 -0.0379
vn -0.0129 0.9999 -0.0032
vn -0.0317 0.9994 -0.0158
vn 0.0017 0.4434 0.8963
vn 0.0021 0.4433 0.8963
vn 0.8781 0.4784 -0.0134
vn 0.8784 0.4777 -0.0132
vn 0.8413 0.5404 -0.0130
vn 0.8411 0.5406 -0.0133
vn 0.8010 0.5985 -0.0131
vn 0.8008 0.5987 -0.0131
vn 0.7562 0.6543 -0.0131
vn 0.7560 0.6544 -0.0133
vn 0.6938 0.7200 -0.0132
vn 0.6937 0.7201 -0.0132
vn 0.6501 0.7597 -0.0134
vn 0.6500 0.7598 -0.0134
vn 0.5823 0.8129 -0.0132
vn 0.5819 0.8132 -0.0136
vn 0.5313 0.8471 -0.0135
vn 0.5309 0.8473 -0.0135
vn 0.4818 0.8762 -0.0135
vn 0.4815 0.8763 -0.0137
vn 0.3941 0.9190 -0.0137
vn 0.3939 0.9191 -0.0140
vn 0.3136 0.9494 -0.0140
vn 0.3132 0.9496 -0.0143
vn 0.2724 0.9621 -0.0143
vn 0.2718 0.9622 -0.0144
vn 0.2294 0.9732 -0.0143
vn 0.2288 0.9734 -0.0149
vn 0.1645 0.9863 -0.0148
vn 0.1638 0.9864 -0.0156
vn 0.1121 0.9936 -0.0155
vn 0.1113 0.9936 -0.0163
vn 0.0704 0.9974 -0.0163
vn 0.0152 0.9997 -0.0183
vn 0.0696 0.9974 -0.0172
vn 0.0375 0.9992 -0.0172
vn 0.0380 0.9991 -0.0180
vn 0.0152 0.9997 -0.0184
vn -0.0338 0.9990 -0.0308
vn -0.0068 0.9998 -0.0183
vn -0.0092 0.9999 -0.0114
vn -0.1074 0.9942 -0.0110
vn -0.0662 0.9975 -0.0231
vn -0.0691 0.9974 -0.0189
vn -0.0271 0.9995 -0.0154
vn -0.1253 0.9918 -0.0242
vn -0.1617 0.9868 -0.0067
vn -0.1596 0.9871 -0.0082
vn -0.1834 0.9829 -0.0161
vn -0.2247 0.9744 -0.0100
vn -0.2178 0.9760 -0.0048
vn -0.2687 0.9630 -0.0187
vn -0.2817 0.9592 -0.0236
vn -0.4387 0.8985 -0.0129
vn -0.4391 0.8984 -0.0128
vn -0.4269 0.9042 -0.0129
vn -0.3893 0.9211 -0.0088
vn -0.3728 0.9277 -0.0217
vn -0.3298 0.9440 -0.0119
vn -0.2927 0.9561 -0.0169
vn -0.4876 0.8730 -0.0128
vn -0.4845 0.8747 -0.0108
vn -0.5598 0.8285 -0.0136
vn -0.5761 0.8171 -0.0215
vn -0.6059 0.7955 -0.0114
vn -0.6660 0.7458 -0.0138
vn -0.6689 0.7433 -0.0106
vn -0.7223 0.6915 -0.0121
vn -0.7471 0.6647 -0.0051
vn -0.7510 0.6603 -0.0022
vn -0.8000 0.5996 -0.0205
vn -0.8003 0.5992 -0.0203
vn -0.8369 0.5474 -0.0020
vn -0.8604 0.5092 -0.0193
vn -0.8759 0.4823 -0.0116
vn -0.0022 -0.4433 -0.8964
vn 0.3712 0.9284 -0.0145
vn 0.2400 0.9707 0.0136
vn 0.4990 0.8665 -0.0106
vn 0.5002 0.8658 -0.0104
vn 0.2708 0.9625 -0.0149
vn 0.9455 0.3255 -0.0082
vn 0.9166 0.3997 -0.0094
vn 0.8838 0.4675 -0.0200
vn 0.8987 0.4383 -0.0131
vn 0.8993 0.4371 -0.0131
vn 0.8739 0.4860 -0.0139
vn 0.8996 0.4365 -0.0131
vn 0.8998 0.4362 -0.0132
vn 0.9000 0.4358 -0.0132
vn 0.8758 0.4824 -0.0139
vn 0.8765 0.4812 -0.0124
vn 0.8213 0.5703 -0.0138
vn 0.8724 0.4883 -0.0217
vn 0.8795 0.4757 -0.0137
vn 0.8988 0.4382 -0.0131
vn 0.8989 0.4379 -0.0131
vn 0.8992 0.4374 -0.0131
vn 0.8803 0.4743 -0.0137
vn 0.8743 0.4850 -0.0211
vn 0.8982 0.4394 -0.0130
vn 0.8980 0.4397 -0.0130
vn 0.8981 0.4396 -0.0130
vn 0.8638 0.5036 -0.0140
vn 0.8646 0.5024 -0.0125
vn 0.8081 0.5889 -0.0139
vn 0.8609 0.5088 -0.0065
vn 0.8956 0.4445 -0.0157
vn 0.8990 0.4380 0.0028
vn 0.8799 0.4751 -0.0123
vn 0.8327 0.5535 -0.0149
vn 0.8452 0.5344 0.0017
vn 0.7906 0.6119 -0.0231
vn 0.8098 0.5867 -0.0084
vn 0.7532 0.6575 -0.0175
vn 0.7660 0.6428 -0.0068
vn 0.6849 0.7283 -0.0212
vn 0.6949 0.7190 -0.0100
vn 0.6334 0.7737 -0.0138
vn 0.5840 0.8115 -0.0204
vn 0.5859 0.8101 -0.0218
vn 0.5039 0.8637 -0.0094
vn 0.4942 0.8693 -0.0063
vn 0.4120 0.9106 -0.0316
vn 0.4474 0.8943 0.0078
vn 0.3767 0.9261 -0.0186
vn 0.3199 0.9474 -0.0071
vn 0.3264 0.9452 -0.0030
vn 0.2435 0.9693 -0.0330
vn 0.2622 0.9650 -0.0102
vn 0.1794 0.9836 -0.0175
vn 0.1948 0.9808 -0.0037
vn 0.1353 0.9905 -0.0265
vn 0.1421 0.9897 -0.0200
vn 0.0925 0.9956 -0.0126
vn 0.0119 0.9998 -0.0183
vn 0.0516 0.9974 -0.0496
vn 0.0700 0.9975 -0.0113
vn 0.0267 0.9994 -0.0199
vn 0.0203 0.9994 -0.0288
vn 0.9340 0.3566 -0.0222
vn 0.9149 0.4028 -0.0276
vn 0.9243 0.3815 -0.0137
vn 0.9313 0.3640 -0.0128
vn 0.9341 0.3564 -0.0208
vn 0.9131 0.4074 -0.0128
vn 0.9116 0.4110 -0.0136
vn 0.9323 0.3614 -0.0130
vn 0.9198 0.3921 -0.0142
vn 0.9448 0.3275 -0.0132
vn 0.9389 0.3438 -0.0149
vn 0.9268 0.3756 -0.0052
vn 0.9348 0.3547 -0.0177
vn 0.9359 0.3521 -0.0145
vn 0.9477 0.3190 -0.0131
vn 0.9471 0.3208 -0.0122
vn 0.9456 0.3253 -0.0086
vn 0.8690 0.4944 0.0190
vn 0.8404 0.5414 -0.0259
vn 0.7872 0.6167 0.0013
vn 0.7853 0.6191 -0.0015
vn 0.7535 0.6572 -0.0166
vn 0.6941 0.7198 -0.0059
vn 0.6928 0.7211 -0.0081
vn 0.6434 0.7654 -0.0137
vn 0.5863 0.8100 -0.0105
vn 0.5908 0.8068 -0.0039
vn 0.5082 0.8610 -0.0206
vn 0.4743 0.8803 -0.0007
vn 0.4229 0.9059 -0.0217
vn 0.3755 0.9268 -0.0026
vn 0.3714 0.9285 -0.0050
vn 0.3254 0.9453 -0.0224
vn 0.2916 0.9565 -0.0062
vn 0.2259 0.9736 -0.0321
vn 0.2493 0.9684 0.0010
vn 0.1907 0.9814 -0.0210
vn 0.1483 0.9889 0.0004
vn 0.1457 0.9893 -0.0028
vn 0.1057 0.9941 -0.0235
vn 0.0804 0.9967 -0.0063
vn 0.0117 0.9998 -0.0183
vn 0.0725 0.9973 -0.0136
vn 0.0550 0.9983 -0.0190
vn 0.0386 0.9992 -0.0132
vn 0.0332 0.9992 -0.0200
vn 0.0113 0.9998 -0.0178
vn 0.9007 0.4340 -0.0196
vn 0.9062 0.4223 -0.0240
vn 0.8980 0.4399 -0.0130
vn 0.8980 0.4398 -0.0130
vn 0.8764 0.4815 -0.0136
vn 0.8767 0.4808 -0.0134
vn 0.8374 0.5465 -0.0130
vn 0.8371 0.5468 -0.0134
vn 0.6430 0.7657 -0.0148
vn 0.6553 0.7553 -0.0133
vn 0.6982 0.7158 -0.0132
vn 0.6984 0.7156 -0.0130
vn 0.7703 0.6376 -0.0135
vn 0.7572 0.6523 -0.0334
vn 0.7880 0.6155 -0.0131
vn 0.3237 0.9460 -0.0140
vn 0.3233 0.9462 -0.0144
vn 0.2500 0.9681 -0.0143
vn 0.6545 0.7559 -0.0114
vn 0.6421 0.7665 -0.0134
vn 0.5924 0.8056 -0.0132
vn 0.5919 0.8059 -0.0136
vn 0.5061 0.8624 -0.0133
vn 0.5055 0.8627 -0.0139
vn 0.4207 0.9071 -0.0135
vn 0.4378 0.8991 0.0033
vn 0.3741 0.9270 -0.0253
vn 0.3987 0.9171 -0.0095
vn 0.3718 0.9282 -0.0140
vn 0.0114 0.9998 -0.0183
vn 0.0114 0.9998 -0.0184
vn 0.0325 0.9993 -0.0184
vn 0.0328 0.9993 -0.0179
vn 0.0620 0.9979 -0.0178
vn 0.0627 0.9979 -0.0168
vn 0.1039 0.9944 -0.0168
vn 0.1046 0.9944 -0.0158
vn 0.1452 0.9893 -0.0159
vn 0.1459 0.9892 -0.0154
vn 0.1890 0.9819 -0.0154
vn 0.1895 0.9818 -0.0148
vn 0.2506 0.9680 -0.0149
vn 0.3569 0.9340 -0.0134
vn 0.3559 0.9344 -0.0146
vn 0.4112 0.9114 -0.0137
vn 0.4100 0.9120 -0.0139
vn 0.4630 0.8863 -0.0131
vn 0.4618 0.8868 -0.0143
vn 0.5225 0.8525 -0.0133
vn 0.5220 0.8529 -0.0135
vn 0.5671 0.8235 -0.0135
vn 0.5665 0.8239 -0.0139
vn 0.6411 0.7673 -0.0126
vn 0.6399 0.7683 -0.0141
vn 0.6932 0.7206 -0.0131
vn 0.6919 0.7219 -0.0134
vn 0.7396 0.6729 -0.0126
vn 0.7388 0.6738 -0.0138
vn 0.8067 0.5909 -0.0125
vn 0.0063 0.9998 -0.0183
vn 0.0066 0.9998 -0.0183
vn 0.0065 0.9998 -0.0185
vn 0.0260 0.9995 -0.0178
vn 0.0256 0.9995 -0.0187
vn 0.0518 0.9985 -0.0175
vn 0.0520 0.9985 -0.0173
vn 0.0732 0.9972 -0.0174
vn 0.0733 0.9972 -0.0172
vn 0.1130 0.9935 -0.0156
vn 0.1124 0.9935 -0.0166
vn 0.1529 0.9881 -0.0153
vn 0.1521 0.9882 -0.0156
vn 0.1972 0.9803 -0.0146
vn 0.1966 0.9804 -0.0154
vn 0.2697 0.9628 -0.0139
vn 0.8644 0.5022 -0.0258
vn 0.8683 0.4956 -0.0211
vn 0.8299 0.5579 -0.0058
vn 0.7771 0.6272 -0.0519
vn 0.8006 0.5987 0.0267
vn 0.7442 0.6676 -0.0223
vn 0.6885 0.7253 -0.0036
vn 0.6928 0.7212 -0.0002
vn 0.6431 0.7653 -0.0257
vn 0.6467 0.7624 -0.0233
vn 0.5882 0.8087 -0.0042
vn 0.5689 0.8222 -0.0161
vn 0.5027 0.8644 -0.0099
vn 0.5196 0.8544 0.0054
vn 0.4234 0.9047 -0.0468
vn 0.4597 0.8879 0.0169
vn 0.3721 0.9278 -0.0270
vn 0.4114 0.9115 -0.0006
vn 0.3259 0.9445 -0.0423
vn 0.3556 0.9346 0.0090
vn 0.2738 0.9615 -0.0242
vn 0.2476 0.9688 -0.0083
vn 0.0115 0.9998 -0.0183
vn 0.1879 0.9819 -0.0253
vn 0.1983 0.9801 -0.0109
vn 0.1432 0.9895 -0.0178
vn 0.1539 0.9880 -0.0087
vn 0.1022 0.9944 -0.0281
vn 0.1141 0.9935 -0.0065
vn 0.0688 0.9974 -0.0216
vn 0.0728 0.9972 -0.0174
vn 0.0512 0.9985 -0.0173
vn 0.0513 0.9985 -0.0172
vn 0.0314 0.9993 -0.0188
vn 0.0269 0.9993 -0.0259
vn 0.0071 0.9999 -0.0116
vn 0.8779 0.4786 -0.0136
vn 0.8983 0.4392 -0.0130
vn 0.8985 0.4388 -0.0131
vn 0.8787 0.4772 -0.0137
vn 0.8790 0.4766 -0.0133
vn 0.8355 0.5494 -0.0129
vn 0.8352 0.5497 -0.0134
vn 0.6397 0.7685 -0.0158
vn 0.6534 0.7569 -0.0133
vn 0.6968 0.7172 -0.0132
vn 0.6970 0.7170 -0.0130
vn 0.7676 0.6408 -0.0134
vn 0.7563 0.6535 -0.0303
vn 0.7882 0.6153 -0.0131
vn 0.3211 0.9470 -0.0139
vn 0.3207 0.9471 -0.0144
vn 0.2466 0.9690 -0.0143
vn 0.6527 0.7575 -0.0115
vn 0.6386 0.7694 -0.0134
vn 0.5892 0.8079 -0.0132
vn 0.5888 0.8082 -0.0137
vn 0.5022 0.8647 -0.0133
vn 0.5016 0.8650 -0.0139
vn 0.4162 0.9092 -0.0135
vn 0.4341 0.9009 0.0039
vn 0.3707 0.9284 -0.0255
vn 0.3950 0.9186 -0.0103
vn 0.3683 0.9296 -0.0140
vn 0.0116 0.9998 -0.0183
vn 0.0116 0.9998 -0.0184
vn 0.0302 0.9994 -0.0184
vn 0.0306 0.9994 -0.0178
vn 0.0576 0.9982 -0.0178
vn 0.0583 0.9982 -0.0168
vn 0.0994 0.9949 -0.0168
vn 0.1002 0.9948 -0.0158
vn 0.1410 0.9899 -0.0158
vn 0.1417 0.9898 -0.0154
vn 0.1851 0.9826 -0.0154
vn 0.1857 0.9825 -0.0148
vn 0.2472 0.9688 -0.0148
vn 0.5715 0.8204 -0.0160
vn 0.5864 0.8100 -0.0053
vn 0.6527 0.7573 -0.0220
vn 0.6418 0.7662 -0.0306
vn 0.6970 0.7170 0.0047
vn 0.6862 0.7274 -0.0050
vn 0.7485 0.6628 -0.0210
vn 0.7532 0.6576 -0.0165
vn 0.8135 0.5815 -0.0082
vn 0.7947 0.6055 -0.0433
vn 0.8327 0.5538 -0.0031
vn 0.5212 0.8534 0.0089
vn 0.4731 0.8807 -0.0225
vn 0.4134 0.9105 -0.0058
vn 0.4170 0.9089 -0.0037
vn 0.3692 0.9291 -0.0234
vn 0.3248 0.9446 -0.0479
vn 0.3593 0.9331 0.0147
vn 0.2778 0.9603 -0.0247
vn 0.2453 0.9694 -0.0073
vn 0.1856 0.9822 -0.0294
vn 0.2008 0.9796 -0.0069
vn 0.1406 0.9899 -0.0201
vn 0.1568 0.9876 -0.0047
vn 0.0995 0.9945 -0.0342
vn 0.1167 0.9932 -0.0000
vn 0.0656 0.9975 -0.0252
vn 0.0720 0.9973 -0.0174
vn 0.0483 0.9987 -0.0173
vn 0.0503 0.9986 -0.0159
vn 0.0299 0.9993 -0.0213
vn 0.0281 0.9993 -0.0245
vn 0.0083 0.9999 -0.0131
vn 0.5728 0.8196 -0.0159
vn 0.5855 0.8106 -0.0061
vn 0.6556 0.7548 -0.0211
vn 0.6413 0.7666 -0.0333
vn 0.6990 0.7151 0.0073
vn 0.6851 0.7284 -0.0060
vn 0.7507 0.6604 -0.0201
vn 0.7533 0.6574 -0.0173
vn 0.8155 0.5788 -0.0072
vn 0.7952 0.6045 -0.0459
vn 0.8322 0.5545 -0.0038
vn 0.5220 0.8529 0.0107
vn 0.4757 0.8793 -0.0218
vn 0.4120 0.9112 -0.0064
vn 0.4192 0.9079 -0.0017
vn 0.3684 0.9293 -0.0251
vn 0.3243 0.9446 -0.0508
vn 0.3612 0.9323 0.0177
vn 0.2797 0.9598 -0.0247
vn 0.2441 0.9697 -0.0070
vn 0.1845 0.9823 -0.0315
vn 0.2020 0.9794 -0.0048
vn 0.1392 0.9900 -0.0214
vn 0.1582 0.9874 -0.0025
vn 0.0981 0.9945 -0.0374
vn 0.1181 0.9930 0.0036
vn 0.0640 0.9976 -0.0273
vn 0.0716 0.9973 -0.0174
vn 0.0468 0.9988 -0.0173
vn 0.0498 0.9986 -0.0152
vn 0.0292 0.9993 -0.0227
vn 0.0286 0.9993 -0.0237
vn 0.0089 0.9999 -0.0139
vn 0.8792 0.4765 -0.0023
vn 0.8351 0.5496 -0.0219
vn 0.8165 0.5774 -0.0067
vn 0.7886 0.6148 -0.0142
vn 0.7492 0.6623 -0.0086
vn 0.7508 0.6605 -0.0067
vn 0.7060 0.7080 -0.0159
vn 0.6872 0.7261 -0.0228
vn 0.6531 0.7572 -0.0040
vn 0.6344 0.7730 -0.0104
vn 0.5748 0.8180 -0.0225
vn 0.5850 0.8110 -0.0105
vn 0.5280 0.8491 -0.0142
vn 0.4776 0.8782 -0.0247
vn 0.4951 0.8689 -0.0011
vn 0.4235 0.9057 -0.0181
vn 0.4126 0.9106 -0.0224
vn 0.3658 0.9307 -0.0028
vn 0.3633 0.9317 -0.0042
vn 0.3192 0.9474 -0.0233
vn 0.0092 0.9998 -0.0183
vn 0.0118 0.9998 -0.0183
vn 0.0107 0.9997 -0.0218
vn 0.0279 0.9995 -0.0138
vn 0.0287 0.9995 -0.0123
vn 0.0445 0.9988 -0.0186
vn 0.0496 0.9986 -0.0173
vn 0.0613 0.9980 -0.0173
vn 0.0711 0.9974 -0.0102
vn 0.0952 0.9952 -0.0242
vn 0.1195 0.9928 -0.0066
vn 0.1368 0.9905 -0.0166
vn 0.1599 0.9870 -0.0147
vn 0.1817 0.9831 -0.0208
vn 0.2028 0.9792 -0.0058
vn 0.2822 0.9586 -0.0376
vn 0.7536 0.6572 -0.0125
vn 0.7527 0.6582 -0.0138
vn 0.8199 0.5723 -0.0125
vn 0.4267 0.9043 -0.0137
vn 0.4254 0.9049 -0.0139
vn 0.4795 0.8775 -0.0130
vn 0.4783 0.8781 -0.0142
vn 0.5296 0.8481 -0.0135
vn 0.5290 0.8485 -0.0135
vn 0.5748 0.8182 -0.0135
vn 0.5743 0.8185 -0.0140
vn 0.6598 0.7513 -0.0125
vn 0.6425 0.7655 -0.0337
vn 0.7065 0.7077 -0.0010
vn 0.6834 0.7298 -0.0175
vn 0.7081 0.7060 -0.0133
vn 0.0097 0.9998 -0.0183
vn 0.0099 0.9998 -0.0187
vn 0.0293 0.9994 -0.0178
vn 0.0291 0.9994 -0.0183
vn 0.0692 0.9975 -0.0164
vn 0.0687 0.9975 -0.0172
vn 0.1050 0.9944 -0.0158
vn 0.1050 0.9943 -0.0158
vn 0.1335 0.9909 -0.0159
vn 0.1624 0.9866 -0.0150
vn 0.1616 0.9867 -0.0153
vn 0.1988 0.9799 -0.0145
vn 0.1989 0.9799 -0.0145
vn 0.2348 0.9719 -0.0147
vn 0.2822 0.9593 -0.0138
vn 0.2814 0.9595 -0.0148
vn 0.3699 0.9290 -0.0133
vn 0.6328 -0.7719 -0.0610
vn 0.8317 0.1016 -0.5458
vn 0.9960 0.0846 -0.0278
vn 0.9944 0.0885 -0.0575
vn 0.9933 0.0967 -0.0625
vn 0.9906 0.1041 -0.0887
vn 0.9884 0.1188 -0.0945
vn 0.9845 0.1294 -0.1183
vn 0.9810 0.1499 -0.1229
vn 0.9756 0.1643 -0.1458
vn 0.9709 0.1890 -0.1474
vn 0.9632 0.2081 -0.1700
vn 0.9574 0.2353 -0.1672
vn 0.9467 0.2603 -0.1895
vn 0.9403 0.2874 -0.1825
vn 0.9253 0.3196 -0.2041
vn 0.9186 0.3446 -0.1933
vn 0.9963 0.0824 -0.0260
vn 0.9258 -0.3745 -0.0512
vn 0.9201 -0.3617 -0.1503
vn 0.9238 -0.3557 -0.1415
vn 0.9127 -0.3264 -0.2458
vn 0.9195 -0.3187 -0.2302
vn 0.9024 -0.2727 -0.3336
vn 0.9125 -0.2652 -0.3116
vn 0.8884 -0.2019 -0.4123
vn 0.9018 -0.1963 -0.3850
vn 0.8701 -0.1168 -0.4789
vn 0.8870 -0.1140 -0.4475
vn 0.8470 -0.0203 -0.5312
vn 0.8671 -0.0210 -0.4976
vn 0.8290 0.0641 -0.5556
vn 0.5698 -0.1719 -0.8036
vn 0.9248 -0.3773 -0.0487
vn 0.6354 -0.7695 -0.0640
vn 0.6274 -0.7509 -0.2063
vn 0.6354 -0.7465 -0.1975
vn 0.6200 -0.7054 -0.3436
vn 0.6336 -0.7002 -0.3289
vn 0.6104 -0.6375 -0.4701
vn 0.6299 -0.6331 -0.4500
vn 0.5978 -0.5486 -0.5845
vn 0.6233 -0.5460 -0.5598
vn 0.5820 -0.4422 -0.6825
vn 0.6137 -0.4422 -0.6541
vn 0.5627 -0.3223 -0.7613
vn 0.6003 -0.3252 -0.7307
vn 0.5521 -0.2187 -0.8046
vn 0.2080 -0.3984 -0.8933
vn 0.1765 -0.4447 -0.8781
vn 0.2145 -0.5267 -0.8225
vn 0.1847 -0.5644 -0.8046
vn 0.2191 -0.6450 -0.7321
vn 0.1914 -0.6743 -0.7132
vn 0.2215 -0.7499 -0.6233
vn 0.1976 -0.7710 -0.6053
vn 0.2229 -0.8378 -0.4985
vn 0.2030 -0.8519 -0.4827
vn 0.2227 -0.9052 -0.3620
vn 0.2075 -0.9136 -0.3497
vn 0.2217 -0.9512 -0.2145
vn 0.2119 -0.9552 -0.2065
vn 0.2197 -0.9736 -0.0622
vn 0.2157 -0.9747 -0.0590
vn 0.9965 0.0827 -0.0096
vn 0.9933 0.1147 -0.0109
vn 0.9263 -0.3768 -0.0007
vn 0.2206 -0.9752 0.0160
vn 0.2170 -0.9760 0.0161
vn 0.5411 -0.8409 0.0107
vn 0.6350 -0.7725 0.0074
vn 0.7348 -0.6783 0.0062
vn 0.9348 -0.3552 -0.0017
vn 0.7948 0.2709 0.5430
vn 0.7918 0.2277 0.5667
vn 0.8342 0.1257 0.5369
vn 0.8314 0.0781 0.5502
vn 0.8713 -0.0250 0.4900
vn 0.8680 -0.0707 0.4914
vn 0.9024 -0.1658 0.3976
vn 0.8985 -0.2024 0.3894
vn 0.9242 -0.2792 0.2606
vn 0.9205 -0.3010 0.2492
vn 0.9337 -0.3461 0.0916
vn 0.9320 -0.3522 0.0861
vn 0.1494 -0.1142 0.9822
vn 0.5075 0.3200 0.8000
vn 0.7507 0.3697 0.5474
vn 0.7548 0.4043 0.5165
vn 0.1301 0.3334 0.9338
vn 0.1138 -0.3715 0.9214
vn 0.0684 -0.5420 0.8376
vn 0.1456 -0.5586 0.8166
vn 0.0342 -0.7595 0.6496
vn 0.0776 -0.7649 0.6394
vn 0.1143 -0.8763 0.4680
vn 0.1668 0.0782 0.9829
vn 0.2011 -0.0451 0.9785
vn 0.4171 0.0202 0.9086
vn 0.5004 -0.1816 0.8465
vn 0.4355 -0.1794 0.8821
vn 0.5215 -0.3991 0.7542
vn 0.4676 -0.4030 0.7867
vn 0.5371 -0.5930 0.5999
vn 0.4968 -0.6013 0.6258
vn 0.5449 -0.7423 0.3899
vn 0.5211 -0.7510 0.4055
vn 0.5443 -0.8264 0.1441
vn 0.5370 -0.8304 0.1485
vn 0.2109 -0.2598 0.9424
vn 0.2227 -0.2742 0.9355
vn 0.2424 -0.2758 0.9301
vn 0.3326 -0.5055 0.7962
vn 0.2651 -0.5044 0.8218
vn 0.3374 -0.7014 0.6279
vn 0.2872 -0.7042 0.6494
vn 0.3510 -0.8956 0.2731
vn 0.2582 -0.8688 0.4225
vn 0.2137 -0.9128 0.3480
vn 0.2287 -0.9606 0.1579
vn 0.2197 -0.9640 0.1501
vn 0.9932 0.1152 0.0184
vn 0.9925 0.1199 0.0230
vn 0.9882 0.1345 0.0739
vn 0.9878 0.1366 0.0751
vn 0.9769 0.1773 0.1190
vn 0.9745 0.1895 0.1205
vn 0.9607 0.2273 0.1592
vn 0.9544 0.2531 0.1582
vn 0.9397 0.2907 0.1801
vn 0.9344 0.3112 0.1735
vn 0.9161 0.3557 0.1852
vn 0.9122 0.3702 0.1758
vn 0.8905 0.4189 0.1779
vn 0.8881 0.4273 0.1691
vn 0.8751 0.4554 0.1638
vn 0.1859 0.4045 0.8955
vn 0.4473 0.4452 0.7757
vn 0.4738 0.4913 0.7309
vn 0.7109 0.4958 0.4988
vn 0.7159 0.5179 0.4683
vn 0.8646 0.4761 0.1609
vn 0.8635 0.4799 0.1549
vn 0.2007 0.1875 0.9615
vn 0.1958 0.1914 0.9618
vn 0.4795 0.2574 0.8389
vn 0.5324 0.1411 0.8346
vn 0.5751 0.1351 0.8068
vn 0.6611 -0.0700 0.7470
vn 0.6143 -0.0691 0.7860
vn 0.6920 -0.2677 0.6704
vn 0.6526 -0.2740 0.7064
vn 0.7158 -0.4467 0.5367
vn 0.6871 -0.4577 0.5643
vn 0.7309 -0.5862 0.3496
vn 0.7139 -0.5972 0.3657
vn 0.7351 -0.6659 0.1274
vn 0.7300 -0.6707 0.1317
vn 0.0016 0.3071 0.9517
vn 0.0018 0.3076 0.9515
vn 0.0015 0.1443 0.9895
vn -0.0080 0.0855 0.9963
vn 0.0012 0.0407 0.9992
vn 0.0006 -0.1294 0.9916
vn 0.0094 -0.1458 0.9893
vn -0.0031 -0.3071 0.9517
vn -0.0073 -0.3284 0.9445
vn 0.0043 -0.3929 0.9196
vn -0.0107 -0.5122 0.8588
vn 0.0110 -0.5510 0.8345
vn -0.0054 -0.6567 0.7542
vn 0.0074 -0.7044 0.7098
vn 0.0250 -0.7604 0.6489
vn -0.0021 -0.9939 0.1104
vn 0.0181 -0.9885 0.1500
vn -0.0089 -0.9614 0.2751
vn 0.0063 -0.9384 0.3454
vn -0.0025 -0.9219 0.3875
vn 0.0006 -0.8862 0.4633
vn -0.0028 -0.8804 0.4743
vn 0.0019 -0.7859 0.6183
vn -0.0100 -0.9998 0.0183
vn -0.0281 -0.9995 0.0154
vn -0.0221 -0.9996 0.0183
vn -0.8014 -0.5980 0.0135
vn -0.7468 -0.6649 0.0128
vn -0.7282 -0.6853 0.0134
vn -0.6550 -0.7555 0.0131
vn -0.6416 -0.7669 0.0136
vn -0.5648 -0.8251 0.0132
vn -0.5391 -0.8421 0.0140
vn -0.4742 -0.8803 0.0133
vn -0.4510 -0.8924 0.0138
vn -0.3840 -0.9233 0.0137
vn -0.3626 -0.9318 0.0144
vn -0.3029 -0.9529 0.0139
vn -0.2680 -0.9633 0.0149
vn -0.2303 -0.9730 0.0143
vn -0.1900 -0.9817 0.0154
vn -0.1694 -0.9854 0.0150
vn -0.1241 -0.9921 0.0161
vn -0.1216 -0.9925 0.0160
vn -0.0728 -0.9972 0.0166
vn -0.0786 -0.9968 0.0169
vn -0.0497 -0.9986 0.0175
vn -0.0408 -0.9990 0.0175
vn -0.0172 -0.9997 0.0195
vn -0.0129 -0.9997 0.0183
vn -0.9193 -0.3933 0.0134
vn -0.9016 -0.4324 0.0136
vn -0.9079 -0.4189 0.0133
vn -0.8771 -0.4801 0.0133
vn -0.8663 -0.4994 0.0136
vn -0.8469 -0.5316 0.0131
vn -0.8084 -0.5885 0.0133
vn -0.9571 -0.2892 0.0154
vn -0.9608 -0.2769 0.0104
vn -0.9606 -0.2779 0.0081
vn -0.9621 -0.2725 0.0123
vn -0.9634 -0.2678 0.0144
vn -0.9476 -0.3192 0.0124
vn -0.9441 -0.3295 0.0077
vn -0.9418 -0.3354 0.0233
vn -0.9489 -0.3153 0.0140
vn -0.9541 -0.2991 0.0174
vn -0.9541 -0.2989 0.0162
vn -0.9536 -0.3008 0.0144
vn -0.9327 -0.3604 0.0137
vn -0.9309 -0.3651 0.0136
vn -0.9421 -0.3352 0.0137
vn -0.9548 -0.2968 0.0142
vn -0.9475 -0.3193 0.0156
vn -0.9554 -0.2948 0.0146
vn -0.9546 -0.2974 0.0158
vn 0.0019 0.4173 0.9088
vn 0.0019 0.4173 0.9087
vn 0.0018 0.4173 0.9088
vn 0.0018 0.4172 0.9088
vn 0.0018 0.4174 0.9087
vn -0.0020 -0.9888 0.1490
vn -0.0109 -0.9905 0.1372
vn 0.0050 -0.9333 0.3590
vn -0.0316 -0.9543 0.2972
vn 0.0658 -0.8136 0.5776
vn -0.1264 -0.8810 0.4560
vn -0.0369 -0.8084 0.5875
vn -0.0027 -0.7487 0.6629
vn 0.0027 -0.6062 0.7953
vn -0.0449 -0.6563 0.7532
vn -0.0111 -0.5864 0.8100
vn 0.0187 -0.4227 0.9061
vn -0.0036 -0.4531 0.8915
vn 0.0012 -0.3063 0.9519
vn 0.0010 -0.3077 0.9515
vn -0.0017 -0.1604 0.9871
vn 0.0844 0.0013 0.9964
vn -0.0357 -0.1353 0.9902
vn -0.0021 0.0108 0.9999
vn 0.0049 0.1377 0.9905
vn 0.0126 0.1660 0.9860
vn -0.0089 0.3095 0.9509
vn 0.0017 0.3542 0.9352
s 0
usemtl black_metal
f 1//1 2//1 3//1
f 3//1 2//1 4//1
f 3//2 4//2 5//2
f 5//2 4//2 6//2
f 5//3 6//3 7//3
f 7//3 6//3 8//3
f 7//4 8//4 9//4
f 9//4 8//4 10//4
f 9//5 10//5 11//5
f 11//5 10//5 12//5
f 11//6 12//6 13//6
f 13//6 12//6 14//6
f 13//7 14//7 15//7
f 15//7 14//7 16//7
f 15//8 16//8 17//8
f 17//9 16//9 18//9
f 17//10 18//10 19//10
f 19//11 18//11 20//11
f 19//12 20//12 21//12
f 21//12 20//12 22//12
f 21//13 22//13 23//13
f 23//13 22//13 24//13
f 23//14 24//14 25//14
f 25//14 24//14 26//14
f 25//15 26//15 27//15
f 27//15 26//15 28//15
f 27//16 28//16 29//16
f 29//16 28//16 30//16
f 29//17 30//17 31//17
f 31//17 30//17 32//17
f 31//18 32//18 33//18
f 33//18 32//18 34//18
f 33//19 34//19 35//19
f 35//19 34//19 36//19
f 35//20 36//20 37//20
f 37//20 36//20 38//20
f 37//21 38//21 39//21
f 39//21 38//21 40//21
f 39//22 40//22 41//22
f 41//22 40//22 42//22
f 41//23 42//23 43//23
f 43//23 42//23 44//23
f 43//24 44//24 45//24
f 45//24 44//24 46//24
f 45//25 46//25 1//25
f 1//25 46//25 2//25
f 40//26 38//26 47//26
f 48//26 20//26 18//26
f 18//26 16//26 48//26
f 48//26 16//26 14//26
f 48//26 14//26 49//26
f 14//26 12//26 49//26
f 49//26 12//26 10//26
f 49//26 10//26 8//26
f 47//26 38//26 50//26
f 50//26 38//26 36//26
f 50//26 36//26 51//26
f 51//26 36//26 34//26
f 51//26 34//26 52//26
f 52//26 34//26 32//26
f 52//26 32//26 53//26
f 53//26 32//26 30//26
f 53//26 30//26 54//26
f 54//26 30//26 28//26
f 54//26 28//26 55//26
f 55//26 28//26 26//26
f 55//26 26//26 56//26
f 56//26 26//26 24//26
f 56//26 24//26 48//26
f 48//26 24//26 22//26
f 48//26 22//26 20//26
f 8//26 6//26 49//26
f 49//26 6//26 4//26
f 49//26 4//26 57//26
f 57//26 4//26 2//26
f 57//26 2//26 58//26
f 58//26 2//26 46//26
f 58//26 46//26 59//26
f 59//26 46//26 44//26
f 59//26 44//26 60//26
f 60//26 44//26 42//26
f 60//26 42//26 61//26
f 61//26 42//26 40//26
f 61//26 40//26 62//26
f 62//26 40//26 47//26
f 63//27 57//27 58//27
f 63//27 58//27 64//27
f 64//28 58//28 59//28
f 64//28 59//28 65//28
f 65//29 59//29 60//29
f 65//29 60//29 66//29
f 66//30 60//30 61//30
f 66//30 61//30 67//30
f 67//31 61//31 62//31
f 67//31 62//31 68//31
f 68//32 62//32 47//32
f 68//32 47//32 69//32
f 69//33 47//33 50//33
f 69//33 50//33 70//33
f 70//34 50//34 51//34
f 70//34 51//34 71//34
f 71//35 51//35 52//35
f 71//35 52//35 72//35
f 72//36 52//36 53//36
f 72//36 53//36 73//36
f 73//37 53//37 54//37
f 73//37 54//37 74//37
f 74//38 54//38 55//38
f 74//38 55//38 75//38
f 75//39 55//39 56//39
f 75//39 56//39 76//39
f 77//14 49//14 63//14
f 63//14 49//14 57//14
f 78//40 79//40 77//40
f 77//40 79//40 80//40
f 80//40 79//40 81//40
f 80//40 81//40 82//40
f 83//40 69//40 84//40
f 84//40 69//40 70//40
f 84//40 70//40 85//40
f 85//40 70//40 71//40
f 85//40 71//40 86//40
f 86//40 71//40 72//40
f 86//40 72//40 87//40
f 72//40 73//40 87//40
f 87//40 73//40 74//40
f 87//40 74//40 88//40
f 88//40 74//40 75//40
f 88//40 75//40 89//40
f 89//40 75//40 76//40
f 89//40 76//40 90//40
f 90//40 76//40 80//40
f 90//40 80//40 91//40
f 91//40 80//40 82//40
f 92//40 65//40 93//40
f 93//40 65//40 66//40
f 93//40 66//40 94//40
f 94//40 66//40 67//40
f 94//40 67//40 83//40
f 83//40 67//40 68//40
f 83//40 68//40 69//40
f 95//40 96//40 77//40
f 77//40 96//40 97//40
f 77//40 97//40 78//40
f 95//40 77//40 98//40
f 98//40 77//40 63//40
f 98//40 63//40 92//40
f 92//40 63//40 64//40
f 92//40 64//40 65//40
f 76//41 56//41 80//41
f 80//41 56//41 48//41
f 99//14 100//14 101//14
f 101//14 100//14 102//14
f 103//14 101//14 104//14
f 104//14 101//14 102//14
f 104//14 102//14 105//14
f 105//14 102//14 106//14
f 105//14 106//14 107//14
f 108//14 109//14 106//14
f 106//14 109//14 110//14
f 106//14 110//14 107//14
f 111//14 112//14 113//14
f 113//14 112//14 103//14
f 113//14 103//14 114//14
f 114//14 103//14 104//14
f 115//26 116//26 117//26
f 117//26 116//26 118//26
f 115//41 117//41 119//41
f 120//41 121//41 122//41
f 122//41 121//41 123//41
f 124//41 125//41 121//41
f 121//41 125//41 126//41
f 121//41 126//41 127//41
f 119//41 123//41 115//41
f 115//41 123//41 121//41
f 115//41 121//41 128//41
f 128//41 121//41 127//41
f 128//41 127//41 129//41
f 130//41 131//41 122//41
f 122//41 131//41 132//41
f 122//41 132//41 120//41
f 119//40 133//40 123//40
f 123//40 133//40 134//40
f 135//26 136//26 137//26
f 137//26 136//26 138//26
f 137//26 138//26 139//26
f 139//26 138//26 140//26
f 140//42 138//42 141//42
f 141//42 138//42 142//42
f 141//14 142//14 143//14
f 143//14 142//14 144//14
f 143//43 144//43 145//43
f 145//43 144//43 146//43
f 147//40 148//40 149//40
f 150//40 145//40 149//40
f 149//40 145//40 146//40
f 149//40 146//40 147//40
f 151//41 148//41 147//41
f 136//41 135//41 152//41
f 153//41 154//41 152//41
f 152//41 154//41 151//41
f 152//41 151//41 136//41
f 136//41 151//41 147//41
f 49//33 138//33 48//33
f 48//33 138//33 136//33
f 48//33 136//33 80//33
f 80//33 136//33 147//33
f 80//33 147//33 77//33
f 147//33 146//33 77//33
f 77//33 146//33 100//33
f 77//33 100//33 49//33
f 49//33 100//33 99//33
f 49//33 99//33 138//33
f 138//33 99//33 133//33
f 138//33 133//33 142//33
f 142//33 133//33 119//33
f 142//33 119//33 144//33
f 144//33 119//33 117//33
f 144//33 117//33 146//33
f 146//33 117//33 118//33
f 146//33 118//33 100//33
f 116//44 102//44 118//44
f 118//44 102//44 100//44
f 166//58 169//58 170//58
f 171//59 172//59 173//59
f 174//60 172//60 175//60
f 175//61 172//61 171//61
f 175//62 171//62 176//62
f 170//63 177//63 178//63
f 170//64 178//64 179//64
f 179//65 178//65 180//65
f 179//66 180//66 176//66
f 176//67 180//67 181//67
f 176//68 181//68 175//68
f 166//69 170//69 164//69
f 164//70 170//70 179//70
f 164//71 179//71 162//71
f 162//72 179//72 176//72
f 162//73 176//73 160//73
f 160//74 176//74 171//74
f 160//75 171//75 155//75
f 155//76 171//76 173//76
f 155//77 173//77 156//77
f 182//78 177//78 170//78
f 183//79 184//79 182//79
f 182//80 170//80 183//80
f 183//81 170//81 169//81
f 183//82 169//82 185//82
f 186//83 187//83 188//83
f 188//84 187//84 189//84
f 198//92 199//92 200//92
f 200//93 199//93 201//93
f 200//94 201//94 202//94
f 188//95 198//95 186//95
f 186//96 198//96 200//96
f 186//97 200//97 203//97
f 203//98 200//98 202//98
f 203//104 196//104 186//104
f 186//105 196//105 197//105
f 186//106 197//106 187//106
f 208//111 202//111 209//111
f 209//112 202//112 201//112
f 209//113 201//113 210//113
f 210//114 201//114 199//114
f 214//116 208//116 209//116
f 210//123 211//123 209//123
f 210//126 222//126 211//126
f 211//126 222//126 219//126
f 225//131 185//131 220//131
f 225//140 220//140 226//140
f 226//141 220//141 227//141
f 226//142 227//142 228//142
f 228//143 227//143 229//143
f 228//144 229//144 230//144
f 230//145 229//145 231//145
f 230//146 231//146 232//146
f 232//147 231//147 233//147
f 232//148 233//148 234//148
f 238//151 219//151 239//151
f 239//152 219//152 222//152
f 240//153 241//153 239//153
f 239//154 241//154 242//154
f 239//155 242//155 238//155
f 222//156 243//156 239//156
f 239//157 243//157 244//157
f 239//158 244//158 240//158
f 231//162 238//162 245//162
f 233//164 245//164 246//164
f 234//166 246//166 247//166
f 254//176 256//176 257//176
f 259//178 260//178 261//178
f 262//179 184//179 183//179
f 263//180 228//180 230//180
f 263//181 230//181 264//181
f 228//182 263//182 226//182
f 226//183 263//183 265//183
f 226//184 265//184 225//184
f 225//185 265//185 183//185
f 225//186 183//186 185//186
f 262//187 183//187 266//187
f 266//188 183//188 265//188
f 266//189 265//189 267//189
f 267//190 265//190 263//190
f 267//191 263//191 268//191
f 268//192 263//192 264//192
f 268//193 264//193 269//193
f 269//194 264//194 270//194
f 269//195 270//195 271//195
f 271//196 270//196 272//196
f 271//197 272//197 273//197
f 274//198 275//198 276//198
f 276//199 275//199 277//199
f 276//200 277//200 261//200
f 261//201 277//201 278//201
f 261//202 278//202 259//202
f 236//203 274//203 237//203
f 237//204 274//204 276//204
f 237//205 276//205 255//205
f 255//206 276//206 261//206
f 255//207 261//207 253//207
f 253//208 261//208 251//208
f 251//209 261//209 260//209
f 251//210 260//210 248//210
f 230//211 232//211 264//211
f 264//212 232//212 234//212
f 264//213 234//213 270//213
f 270//214 234//214 248//214
f 270//215 248//215 272//215
f 272//216 248//216 260//216
f 272//217 260//217 273//217
f 273//218 260//218 259//218
f 279//219 280//219 281//219
f 281//220 280//220 282//220
f 281//221 282//221 283//221
f 283//222 282//222 284//222
f 283//223 284//223 285//223
f 285//224 284//224 286//224
f 287//225 288//225 286//225
f 286//226 288//226 289//226
f 286//227 289//227 285//227
f 236//228 290//228 287//228
f 287//229 290//229 291//229
f 287//230 291//230 288//230
f 292//231 293//231 294//231
f 294//232 293//232 295//232
f 294//233 295//233 279//233
f 279//234 295//234 296//234
f 279//235 296//235 280//235
f 280//236 296//236 297//236
f 280//237 297//237 282//237
f 282//238 297//238 298//238
f 282//239 298//239 284//239
f 284//240 298//240 299//240
f 284//241 299//241 286//241
f 286//242 299//242 300//242
f 286//243 300//243 287//243
f 287//244 300//244 301//244
f 287//245 301//245 236//245
f 236//246 301//246 274//246
f 292//247 302//247 303//247
f 303//248 302//248 304//248
f 303//249 304//249 305//249
f 292//250 294//250 302//250
f 302//251 294//251 306//251
f 302//252 306//252 304//252
f 304//253 306//253 307//253
f 304//254 307//254 308//254
f 281//255 309//255 279//255
f 279//256 309//256 310//256
f 279//257 310//257 294//257
f 294//258 310//258 311//258
f 294//259 311//259 306//259
f 257//260 256//260 312//260
f 313//261 314//261 315//261
f 313//262 316//262 317//262
f 317//263 316//263 318//263
f 313//264 315//264 316//264
f 316//265 315//265 319//265
f 316//266 319//266 318//266
f 257//260 312//260 258//260
f 289//274 321//274 322//274
f 283//278 323//278 324//278
f 281//280 324//280 325//280
f 326//282 325//282 327//282
f 328//284 327//284 318//284
f 333//126 319//126 334//126
f 334//126 319//126 315//126
f 333//288 334//288 335//288
f 346//300 335//300 347//300
f 347//301 335//301 334//301
f 353//309 354//309 355//309
f 355//310 354//310 356//310
f 347//312 353//312 346//312
f 346//313 353//313 355//313
f 364//330 356//330 365//330
f 365//331 356//331 354//331
f 367//333 368//333 369//333
f 368//334 367//334 370//334
f 370//335 367//335 371//335
f 370//336 371//336 372//336
f 372//337 371//337 373//337
f 372//338 373//338 374//338
f 374//339 373//339 375//339
f 374//340 375//340 376//340
f 376//341 375//341 377//341
f 377//342 375//342 366//342
f 377//343 366//343 378//343
f 378//344 366//344 364//344
f 378//345 364//345 365//345
f 394//382 367//382 369//382
f 394//383 369//383 400//383
f 401//384 402//384 403//384
f 403//385 402//385 189//385
f 404//386 405//386 401//386
f 401//387 405//387 406//387
f 401//388 406//388 402//388
f 404//390 408//390 409//390
f 404//391 409//391 405//391
f 394//392 400//392 410//392
f 410//393 400//393 411//393
f 410//394 411//394 407//394
f 407//395 411//395 412//395
f 407//396 412//396 408//396
f 187//410 197//410 423//410
f 189//422 187//422 403//422
f 403//423 187//423 423//423
f 403//424 423//424 401//424
f 401//425 423//425 424//425
f 428//434 429//434 430//434
f 431//435 432//435 433//435
f 431//435 433//435 434//435
f 434//436 433//436 435//436
f 434//436 435//436 436//436
f 436//437 435//437 437//437
f 436//437 437//437 438//437
f 438//438 437//438 439//438
f 438//438 439//438 440//438
f 440//439 439//439 441//439
f 440//439 441//439 442//439
f 442//440 441//440 443//440
f 442//440 443//440 444//440
f 444//441 443//441 445//441
f 444//441 445//441 446//441
f 446//442 445//442 447//442
f 446//443 447//443 448//443
f 447//444 449//444 448//444
f 448//445 449//445 450//445
f 448//445 450//445 451//445
f 451//446 450//446 452//446
f 451//446 452//446 453//446
f 453//447 452//447 454//447
f 453//447 454//447 455//447
f 455//448 454//448 456//448
f 455//449 456//449 430//449
f 430//450 456//450 457//450
f 430//434 457//434 428//434
f 429//451 428//451 458//451
f 429//451 458//451 459//451
f 459//452 458//452 460//452
f 459//452 460//452 461//452
f 461//453 460//453 462//453
f 461//454 462//454 463//454
f 462//455 464//455 463//455
f 463//456 464//456 465//456
f 463//456 465//456 466//456
f 466//457 465//457 467//457
f 466//457 467//457 468//457
f 468//458 467//458 469//458
f 468//459 469//459 470//459
f 469//460 471//460 470//460
f 470//461 471//461 472//461
f 470//461 472//461 473//461
f 473//462 472//462 474//462
f 473//462 474//462 475//462
f 475//463 474//463 476//463
f 475//463 476//463 477//463
f 477//464 476//464 478//464
f 477//464 478//464 479//464
f 479//465 478//465 480//465
f 479//465 480//465 481//465
f 481//466 480//466 482//466
f 481//466 482//466 483//466
f 483//467 482//467 484//467
f 483//467 484//467 485//467
f 485//468 484//468 432//468
f 485//468 432//468 431//468
f 473//469 486//469 470//469
f 470//469 486//469 487//469
f 470//469 487//469 468//469
f 468//469 487//469 488//469
f 468//470 488//470 466//470
f 479//469 489//469 477//469
f 477//469 489//469 490//469
f 477//469 490//469 475//469
f 475//469 490//469 491//469
f 475//469 491//469 473//469
f 473//469 491//469 492//469
f 473//469 492//469 486//469
f 493//469 494//469 440//469
f 440//469 494//469 438//469
f 438//469 494//469 495//469
f 438//469 495//469 436//469
f 436//469 495//469 496//469
f 436//469 496//469 434//469
f 434//469 496//469 497//469
f 434//469 497//469 431//469
f 431//469 497//469 498//469
f 431//469 498//469 485//469
f 485//469 498//469 499//469
f 485//469 499//469 483//469
f 483//469 499//469 500//469
f 483//469 500//469 481//469
f 481//469 500//469 501//469
f 481//469 501//469 479//469
f 479//469 501//469 502//469
f 479//469 502//469 489//469
f 493//469 440//469 503//469
f 503//469 440//469 442//469
f 503//469 442//469 444//469
f 488//469 504//469 466//469
f 466//469 504//469 505//469
f 466//469 505//469 463//469
f 463//470 505//470 506//470
f 463//470 506//470 461//470
f 461//469 506//469 507//469
f 461//469 507//469 459//469
f 459//469 507//469 508//469
f 459//469 508//469 429//469
f 429//470 508//470 509//470
f 429//470 509//470 430//470
f 430//469 509//469 510//469
f 430//469 510//469 455//469
f 455//469 510//469 511//469
f 455//469 511//469 453//469
f 453//469 511//469 512//469
f 453//469 512//469 451//469
f 451//469 512//469 513//469
f 451//469 513//469 448//469
f 448//469 513//469 514//469
f 448//469 514//469 446//469
f 446//469 514//469 515//469
f 446//469 515//469 444//469
f 444//469 515//469 516//469
f 444//469 516//469 503//469
f 692//718 677//718 676//718
f 692//719 676//719 698//719
f 698//721 688//721 699//721
f 729//1173 727//1173 1019//1173
f 525//1174 523//1174 1020//1174
f 1021//1175 532//1175 1022//1175
f 1022//1176 532//1176 530//1176
f 1022//1177 530//1177 1020//1177
f 1020//1178 530//1178 528//1178
f 1020//1179 528//1179 525//1179
f 1013//1180 1023//1180 1014//1180
f 1014//1181 1023//1181 1017//1181
f 1014//1182 1017//1182 1018//1182
f 1016//1183 1017//1183 1015//1183
f 1015//1184 1017//1184 1023//1184
f 1015//1184 1023//1184 519//1184
f 519//1185 1023//1185 1013//1185
f 519//1186 1013//1186 517//1186
f 517//1187 1013//1187 1020//1187
f 517//1188 1020//1188 522//1188
f 522//1189 1020//1189 523//1189
f 547//1190 1024//1190 550//1190
f 550//1191 1024//1191 556//1191
f 1025//1192 553//1192 1024//1192
f 1024//1193 553//1193 555//1193
f 1024//1194 555//1194 556//1194
f 542//1195 1025//1195 543//1195
f 543//1196 1025//1196 1024//1196
f 543//1197 1024//1197 545//1197
f 545//1198 1024//1198 547//1198
f 545//1199 547//1199 549//1199
f 542//1200 540//1200 1025//1200
f 1025//1201 540//1201 539//1201
f 1025//1202 539//1202 1026//1202
f 1026//1203 539//1203 537//1203
f 1026//1204 537//1204 1021//1204
f 1021//1205 537//1205 535//1205
f 1021//1206 535//1206 532//1206
f 1027//1207 721//1207 1025//1207
f 1025//1208 721//1208 719//1208
f 1025//1209 719//1209 553//1209
f 1027//1210 1028//1210 721//1210
f 721//1211 1028//1211 1029//1211
f 721//1212 1029//1212 723//1212
f 723//1213 1029//1213 1030//1213
f 723//1214 1030//1214 725//1214
f 725//1215 1030//1215 727//1215
f 727//1216 1030//1216 1031//1216
f 727//1217 1031//1217 1019//1217
f 729//1218 1019//1218 731//1218
f 731//1219 1019//1219 1032//1219
f 731//1220 1032//1220 733//1220
f 733//1221 1032//1221 1033//1221
f 733//1222 1033//1222 735//1222
f 735//1223 1033//1223 1034//1223
f 735//1224 1034//1224 744//1224
f 747//1225 745//1225 1035//1225
f 1035//1226 745//1226 744//1226
f 1035//1227 744//1227 1036//1227
f 1036//1228 744//1228 1034//1228
f 1035//1229 1037//1229 1038//1229
f 747//1230 1035//1230 749//1230
f 749//1231 1035//1231 1038//1231
f 749//1232 1038//1232 750//1232
f 1013//1233 926//1233 1020//1233
f 1020//1234 926//1234 928//1234
f 1020//1235 928//1235 1039//1235
f 1039//1236 928//1236 929//1236
f 1039//1237 929//1237 1040//1237
f 1040//1238 929//1238 923//1238
f 1040//1239 923//1239 922//1239
f 1041//1240 1042//1240 915//1240
f 915//1241 1042//1241 1043//1241
f 915//1242 1043//1242 914//1242
f 914//1243 1043//1243 1044//1243
f 914//1244 1044//1244 918//1244
f 918//1245 1044//1245 1045//1245
f 918//1246 1045//1246 919//1246
f 919//1247 1045//1247 1046//1247
f 919//1248 1046//1248 922//1248
f 922//1249 1046//1249 1047//1249
f 922//1250 1047//1250 1040//1250
f 915//1251 917//1251 1041//1251
f 1041//1252 917//1252 939//1252
f 1041//1253 939//1253 1048//1253
f 1048//1254 939//1254 938//1254
f 1048//1255 938//1255 1049//1255
f 1049//1256 938//1256 944//1256
f 944//1257 950//1257 1049//1257
f 1049//1258 950//1258 1050//1258
f 1049//1258 1050//1258 1051//1258
f 1047//1259 1046//1259 1052//1259
f 1053//1260 1054//1260 1055//1260
f 1036//1261 1034//1261 1056//1261
f 1057//1262 1058//1262 1059//1262
f 1060//1263 1037//1263 1035//1263
f 1061//1264 1062//1264 1063//1264
f 1064//1265 1049//1265 1065//1265
f 1065//1266 1049//1266 1051//1266
f 1065//1267 1051//1267 1066//1267
f 1067//1268 1057//1268 1068//1268
f 1068//1269 1057//1269 1059//1269
f 1068//1270 1059//1270 1069//1270
f 1069//1271 1059//1271 1070//1271
f 1069//1272 1070//1272 1071//1272
f 1071//1273 1070//1273 1072//1273
f 1071//1274 1072//1274 1073//1274
f 1029//1275 1028//1275 1074//1275
f 1074//1276 1028//1276 1027//1276
f 1074//1277 1027//1277 1075//1277
f 1055//1278 1054//1278 1075//1278
f 1075//1279 1054//1279 1076//1279
f 1075//1280 1076//1280 1074//1280
f 1074//1281 1076//1281 1077//1281
f 1074//1282 1077//1282 1078//1282
f 1078//1283 1077//1283 1079//1283
f 1078//1284 1079//1284 1080//1284
f 1080//1285 1079//1285 1081//1285
f 1080//1286 1081//1286 1082//1286
f 1082//1287 1081//1287 1083//1287
f 1082//1288 1083//1288 1084//1288
f 1029//1289 1074//1289 1030//1289
f 1030//1290 1074//1290 1078//1290
f 1030//1291 1078//1291 1031//1291
f 1031//1292 1078//1292 1080//1292
f 1031//1293 1080//1293 1019//1293
f 1019//1294 1080//1294 1082//1294
f 1019//1295 1082//1295 1032//1295
f 1032//1296 1082//1296 1084//1296
f 1032//1297 1084//1297 1033//1297
f 1085//1298 1086//1298 1087//1298
f 1066//1299 1088//1299 1065//1299
f 1065//1300 1088//1300 1089//1300
f 1065//1301 1089//1301 1064//1301
f 1064//1302 1089//1302 1090//1302
f 1064//1303 1090//1303 1091//1303
f 1091//1304 1090//1304 1092//1304
f 1091//1305 1092//1305 1093//1305
f 1093//1306 1092//1306 1094//1306
f 1093//1307 1094//1307 1095//1307
f 1087//1308 1086//1308 1096//1308
f 1096//1309 1086//1309 1097//1309
f 1096//1310 1097//1310 1098//1310
f 1087//1311 1053//1311 1085//1311
f 1085//1312 1053//1312 1055//1312
f 1085//1313 1055//1313 1020//1313
f 1020//1314 1055//1314 1022//1314
f 1046//1315 1045//1315 1052//1315
f 1052//1316 1045//1316 1095//1316
f 1052//1317 1095//1317 1099//1317
f 1099//1318 1095//1318 1094//1318
f 1045//1319 1044//1319 1095//1319
f 1095//1320 1044//1320 1043//1320
f 1095//1321 1043//1321 1093//1321
f 1093//1322 1043//1322 1042//1322
f 1093//1323 1042//1323 1091//1323
f 1091//1324 1042//1324 1041//1324
f 1091//1325 1041//1325 1064//1325
f 1064//1326 1041//1326 1048//1326
f 1064//1327 1048//1327 1049//1327
f 1020//1328 1039//1328 1085//1328
f 1085//1329 1039//1329 1040//1329
f 1085//1330 1040//1330 1086//1330
f 1086//1331 1040//1331 1047//1331
f 1086//1332 1047//1332 1097//1332
f 1097//1333 1047//1333 1052//1333
f 1097//1334 1052//1334 1098//1334
f 1098//1335 1052//1335 1099//1335
f 1100//1336 1101//1336 1102//1336
f 1102//1337 1101//1337 1103//1337
f 1102//1338 1103//1338 1104//1338
f 1105//1339 1106//1339 1107//1339
f 1107//1340 1106//1340 1108//1340
f 1107//1341 1108//1341 1100//1341
f 1100//1342 1108//1342 1109//1342
f 1100//1343 1109//1343 1101//1343
f 1110//1344 1111//1344 1105//1344
f 1105//1345 1111//1345 1112//1345
f 1105//1346 1112//1346 1106//1346
f 1063//1347 1113//1347 1061//1347
f 1061//1348 1113//1348 1114//1348
f 1061//1349 1114//1349 1115//1349
f 1115//1350 1114//1350 1116//1350
f 1115//1351 1116//1351 1117//1351
f 1117//1352 1116//1352 1118//1352
f 1117//1353 1118//1353 1119//1353
f 1119//1354 1118//1354 1120//1354
f 1119//1355 1120//1355 1110//1355
f 1110//1356 1120//1356 1121//1356
f 1110//1357 1121//1357 1111//1357
f 1122//1358 1123//1358 1124//1358
f 1125//1359 1126//1359 1127//1359
f 1127//1360 1126//1360 1128//1360
f 1127//1361 1128//1361 1129//1361
f 1129//1362 1128//1362 1130//1362
f 1129//1363 1130//1363 1131//1363
f 1131//1364 1130//1364 1132//1364
f 1131//1365 1132//1365 1133//1365
f 1133//1366 1132//1366 1134//1366
f 1133//1367 1134//1367 1135//1367
f 1135//1368 1134//1368 1136//1368
f 1135//1369 1136//1369 1137//1369
f 1137//1370 1136//1370 1138//1370
f 1126//1371 1067//1371 1128//1371
f 1128//1372 1067//1372 1068//1372
f 1128//1373 1068//1373 1130//1373
f 1130//1374 1068//1374 1069//1374
f 1130//1375 1069//1375 1132//1375
f 1132//1376 1069//1376 1071//1376
f 1132//1377 1071//1377 1134//1377
f 1134//1378 1071//1378 1073//1378
f 1134//1379 1073//1379 1136//1379
f 1058//1380 1060//1380 1059//1380
f 1059//1381 1060//1381 1035//1381
f 1059//1382 1035//1382 1070//1382
f 1070//1383 1035//1383 1036//1383
f 1070//1384 1036//1384 1072//1384
f 1072//1385 1036//1385 1056//1385
f 1072//1386 1056//1386 1073//1386
f 1073//1387 1056//1387 1139//1387
f 1073//1388 1139//1388 1136//1388
f 1136//1389 1139//1389 1123//1389
f 1136//1390 1123//1390 1138//1390
f 1138//1391 1123//1391 1122//1391
f 1103//1392 1140//1392 1104//1392
f 1104//1393 1140//1393 1141//1393
f 1104//1394 1141//1394 1142//1394
f 1142//1395 1141//1395 1143//1395
f 1142//1396 1143//1396 1144//1396
f 1144//1397 1143//1397 1145//1397
f 1144//1398 1145//1398 1124//1398
f 1124//1399 1145//1399 1146//1399
f 1124//1400 1146//1400 1122//1400
f 1027//1401 1025//1401 1075//1401
f 1075//1402 1025//1402 1026//1402
f 1075//1403 1026//1403 1055//1403
f 1055//1404 1026//1404 1021//1404
f 1055//1405 1021//1405 1022//1405
f 1088//1406 1062//1406 1089//1406
f 1089//1407 1062//1407 1061//1407
f 1089//1408 1061//1408 1090//1408
f 1090//1409 1061//1409 1115//1409
f 1090//1410 1115//1410 1092//1410
f 1092//1411 1115//1411 1117//1411
f 1092//1412 1117//1412 1094//1412
f 1094//1413 1117//1413 1119//1413
f 1094//1414 1119//1414 1099//1414
f 1099//1415 1119//1415 1110//1415
f 1099//1416 1110//1416 1098//1416
f 1098//1417 1110//1417 1105//1417
f 1098//1418 1105//1418 1096//1418
f 1096//1419 1105//1419 1107//1419
f 1096//1420 1107//1420 1087//1420
f 1087//1421 1107//1421 1100//1421
f 1087//1422 1100//1422 1053//1422
f 1053//1423 1100//1423 1102//1423
f 1053//1424 1102//1424 1054//1424
f 1054//1425 1102//1425 1104//1425
f 1054//1426 1104//1426 1076//1426
f 1076//1427 1104//1427 1142//1427
f 1076//1428 1142//1428 1077//1428
f 1077//1429 1142//1429 1144//1429
f 1077//1430 1144//1430 1079//1430
f 1079//1431 1144//1431 1124//1431
f 1079//1432 1124//1432 1081//1432
f 1081//1433 1124//1433 1123//1433
f 1081//1434 1123//1434 1083//1434
f 1083//1435 1123//1435 1139//1435
f 1083//1436 1139//1436 1084//1436
f 1084//1387 1139//1387 1056//1387
f 1084//1437 1056//1437 1033//1437
f 1033//1438 1056//1438 1034//1438
f 1125//1439 1127//1439 498//1439
f 498//1440 1127//1440 499//1440
f 1127//1441 1129//1441 499//1441
f 499//1442 1129//1442 1131//1442
f 499//1442 1131//1442 500//1442
f 500//1443 1131//1443 1133//1443
f 500//1444 1133//1444 501//1444
f 1133//1445 1135//1445 501//1445
f 501//1446 1135//1446 1137//1446
f 501//1447 1137//1447 502//1447
f 1137//1448 1138//1448 502//1448
f 502//1449 1138//1449 1122//1449
f 502//1449 1122//1449 489//1449
f 489//1450 1122//1450 1146//1450
f 489//1451 1146//1451 490//1451
f 1146//1452 1145//1452 490//1452
f 490//1453 1145//1453 1143//1453
f 490//1454 1143//1454 491//1454
f 1143//1455 1141//1455 491//1455
f 491//1456 1141//1456 1140//1456
f 491//1456 1140//1456 492//1456
f 492//1457 1140//1457 1103//1457
f 492//1457 1103//1457 486//1457
f 486//1458 1103//1458 1101//1458
f 486//1458 1101//1458 487//1458
f 487//1459 1101//1459 1109//1459
f 487//1459 1109//1459 488//1459
f 488//1460 1109//1460 1108//1460
f 488//1461 1108//1461 504//1461
f 1108//1462 1106//1462 504//1462
f 504//1463 1106//1463 1112//1463
f 504//1464 1112//1464 505//1464
f 1112//1465 1111//1465 505//1465
f 505//1466 1111//1466 1121//1466
f 505//1467 1121//1467 506//1467
f 1121//1468 1120//1468 506//1468
f 506//1469 1120//1469 1118//1469
f 506//1470 1118//1470 507//1470
f 1118//1471 1116//1471 507//1471
f 507//1472 1116//1472 1114//1472
f 507//1473 1114//1473 508//1473
f 508//1474 1114//1474 1113//1474
f 508//1474 1113//1474 509//1474
f 1125//1475 498//1475 497//1475
f 509//1476 1113//1476 1147//1476
f 509//1476 1147//1476 510//1476
f 510//1477 1147//1477 1148//1477
f 510//1478 1148//1478 511//1478
f 1148//1479 1149//1479 511//1479
f 511//1480 1149//1480 1150//1480
f 511//1481 1150//1481 512//1481
f 1150//1482 1151//1482 512//1482
f 512//1483 1151//1483 1152//1483
f 512//1484 1152//1484 513//1484
f 1152//1485 1153//1485 513//1485
f 513//1486 1153//1486 1154//1486
f 513//1487 1154//1487 514//1487
f 1154//1488 1155//1488 514//1488
f 514//1489 1155//1489 1156//1489
f 514//1490 1156//1490 515//1490
f 1156//1491 1157//1491 515//1491
f 515//1492 1157//1492 1158//1492
f 515//1493 1158//1493 516//1493
f 1158//1494 1159//1494 516//1494
f 516//1495 1159//1495 1160//1495
f 516//1495 1160//1495 503//1495
f 503//1496 1160//1496 1161//1496
f 503//1497 1161//1497 493//1497
f 1161//1498 1162//1498 493//1498
f 493//1499 1162//1499 1163//1499
f 493//1499 1163//1499 494//1499
f 494//1500 1163//1500 1164//1500
f 494//1501 1164//1501 495//1501
f 1164//1502 1165//1502 495//1502
f 495//1503 1165//1503 1166//1503
f 495//1504 1166//1504 496//1504
f 1166//1505 1167//1505 496//1505
f 496//1506 1167//1506 1168//1506
f 496//1507 1168//1507 497//1507
f 497//1508 1168//1508 1169//1508
f 497//1475 1169//1475 1125//1475
f 1063//1509 1062//1509 1170//1509
f 1057//1510 1067//1510 1171//1510
f 1172//1511 1037//1511 1060//1511
f 1173//1512 1066//1512 1051//1512
f 1063//1513 1170//1513 1113//1513
f 1113//1514 1170//1514 1147//1514
f 1147//1515 1170//1515 1174//1515
f 1147//1516 1174//1516 1148//1516
f 1148//1517 1174//1517 1175//1517
f 1148//1518 1175//1518 1149//1518
f 1149//1519 1175//1519 1176//1519
f 1149//1520 1176//1520 1150//1520
f 1150//1521 1176//1521 1151//1521
f 1151//1522 1176//1522 1177//1522
f 1151//1523 1177//1523 1152//1523
f 1152//1524 1177//1524 1153//1524
f 1153//1525 1177//1525 1178//1525
f 1153//1526 1178//1526 1154//1526
f 1154//1527 1178//1527 1179//1527
f 1154//1528 1179//1528 1155//1528
f 1155//1529 1179//1529 1180//1529
f 1155//1530 1180//1530 1156//1530
f 1156//1531 1180//1531 1157//1531
f 1157//1532 1180//1532 1181//1532
f 1157//1533 1181//1533 1158//1533
f 1158//1534 1181//1534 1182//1534
f 1158//1535 1182//1535 1159//1535
f 1159//1536 1182//1536 1183//1536
f 1159//1537 1183//1537 1160//1537
f 1160//1538 1183//1538 1184//1538
f 1160//1539 1184//1539 1161//1539
f 1161//1540 1184//1540 1185//1540
f 1161//1541 1185//1541 1162//1541
f 1162//1542 1185//1542 1186//1542
f 1162//1543 1186//1543 1163//1543
f 1163//1544 1186//1544 1187//1544
f 1163//1545 1187//1545 1164//1545
f 1126//1546 1125//1546 1188//1546
f 1188//1547 1125//1547 1169//1547
f 1188//1548 1169//1548 1189//1548
f 1189//1549 1169//1549 1168//1549
f 1189//1550 1168//1550 1190//1550
f 1190//1551 1168//1551 1167//1551
f 1190//1552 1167//1552 1191//1552
f 1191//1553 1167//1553 1166//1553
f 1191//1554 1166//1554 1187//1554
f 1187//1555 1166//1555 1165//1555
f 1187//1556 1165//1556 1164//1556
f 1051//1557 1192//1557 1173//1557
f 1173//1558 1192//1558 1193//1558
f 1173//1559 1193//1559 1194//1559
f 1194//1560 1193//1560 1195//1560
f 1194//1561 1195//1561 1196//1561
f 1196//1562 1195//1562 1197//1562
f 1196//1563 1197//1563 1198//1563
f 1198//1564 1197//1564 1199//1564
f 1198//1565 1199//1565 1200//1565
f 1200//1566 1199//1566 1201//1566
f 1199//1567 1202//1567 1201//1567
f 1201//1568 1202//1568 1203//1568
f 1201//1569 1203//1569 1204//1569
f 1203//1570 1205//1570 1204//1570
f 1204//1571 1205//1571 1206//1571
f 1204//1572 1206//1572 1207//1572
f 1206//1573 1208//1573 1207//1573
f 1207//1574 1208//1574 1209//1574
f 1207//1575 1209//1575 1210//1575
f 1210//1576 1209//1576 1211//1576
f 1211//1577 1212//1577 1210//1577
f 1210//1578 1212//1578 1213//1578
f 1210//1579 1213//1579 1214//1579
f 1213//1580 1215//1580 1214//1580
f 1214//1581 1215//1581 1216//1581
f 1214//1582 1216//1582 1217//1582
f 1217//1583 1216//1583 1218//1583
f 1217//1584 1218//1584 1219//1584
f 1218//1585 1220//1585 1219//1585
f 1219//1586 1220//1586 1221//1586
f 1219//1587 1221//1587 1222//1587
f 1222//1588 1221//1588 1223//1588
f 1222//1589 1223//1589 1224//1589
f 1224//1590 1223//1590 1225//1590
f 1224//1591 1225//1591 1226//1591
f 1226//1592 1225//1592 1227//1592
f 1226//1593 1227//1593 1228//1593
f 1228//1594 1227//1594 1229//1594
f 1228//1595 1229//1595 1230//1595
f 1230//1596 1229//1596 1231//1596
f 1230//1597 1231//1597 1232//1597
f 1232//1598 1231//1598 1172//1598
f 1232//1599 1172//1599 1233//1599
f 1233//1600 1172//1600 1060//1600
f 1233//1601 1060//1601 1058//1601
f 1088//1602 1066//1602 1234//1602
f 1234//1603 1066//1603 1173//1603
f 1234//1604 1173//1604 1235//1604
f 1235//1605 1173//1605 1194//1605
f 1235//1606 1194//1606 1236//1606
f 1236//1607 1194//1607 1196//1607
f 1236//1608 1196//1608 1237//1608
f 1237//1609 1196//1609 1198//1609
f 1237//1610 1198//1610 1238//1610
f 1238//1611 1198//1611 1200//1611
f 1238//1612 1200//1612 1239//1612
f 1239//1613 1200//1613 1201//1613
f 1239//1614 1201//1614 1240//1614
f 1240//1615 1201//1615 1204//1615
f 1240//1616 1204//1616 1241//1616
f 1241//1617 1204//1617 1207//1617
f 1241//1618 1207//1618 1242//1618
f 1242//1619 1207//1619 1210//1619
f 1242//1620 1210//1620 1243//1620
f 1243//1621 1210//1621 1214//1621
f 1243//1622 1214//1622 1244//1622
f 1244//1623 1214//1623 1217//1623
f 1244//1624 1217//1624 1245//1624
f 1245//1625 1217//1625 1219//1625
f 1245//1626 1219//1626 1246//1626
f 1246//1627 1219//1627 1222//1627
f 1246//1628 1222//1628 1247//1628
f 1247//1629 1222//1629 1224//1629
f 1247//1630 1224//1630 1248//1630
f 1248//1631 1224//1631 1226//1631
f 1248//1632 1226//1632 1249//1632
f 1249//1633 1226//1633 1228//1633
f 1249//1634 1228//1634 1250//1634
f 1250//1635 1228//1635 1230//1635
f 1250//1636 1230//1636 1251//1636
f 1251//1637 1230//1637 1232//1637
f 1251//1638 1232//1638 1171//1638
f 1171//1639 1232//1639 1233//1639
f 1171//1640 1233//1640 1057//1640
f 1057//1641 1233//1641 1058//1641
f 1062//1642 1088//1642 1170//1642
f 1170//1643 1088//1643 1234//1643
f 1170//1644 1234//1644 1174//1644
f 1174//1645 1234//1645 1235//1645
f 1174//1646 1235//1646 1175//1646
f 1175//1647 1235//1647 1236//1647
f 1175//1648 1236//1648 1176//1648
f 1176//1649 1236//1649 1237//1649
f 1176//1650 1237//1650 1177//1650
f 1177//1651 1237//1651 1238//1651
f 1177//1652 1238//1652 1178//1652
f 1178//1653 1238//1653 1239//1653
f 1178//1654 1239//1654 1179//1654
f 1179//1655 1239//1655 1240//1655
f 1179//1656 1240//1656 1180//1656
f 1180//1657 1240//1657 1241//1657
f 1180//1658 1241//1658 1181//1658
f 1181//1659 1241//1659 1242//1659
f 1181//1660 1242//1660 1182//1660
f 1182//1661 1242//1661 1243//1661
f 1182//1662 1243//1662 1183//1662
f 1183//1663 1243//1663 1244//1663
f 1183//1664 1244//1664 1184//1664
f 1184//1665 1244//1665 1245//1665
f 1184//1666 1245//1666 1185//1666
f 1185//1667 1245//1667 1246//1667
f 1185//1668 1246//1668 1186//1668
f 1186//1669 1246//1669 1247//1669
f 1186//1670 1247//1670 1187//1670
f 1187//1671 1247//1671 1248//1671
f 1187//1672 1248//1672 1191//1672
f 1191//1673 1248//1673 1249//1673
f 1191//1674 1249//1674 1190//1674
f 1190//1675 1249//1675 1250//1675
f 1190//1676 1250//1676 1189//1676
f 1189//1677 1250//1677 1251//1677
f 1189//1678 1251//1678 1188//1678
f 1188//1679 1251//1679 1171//1679
f 1188//1680 1171//1680 1126//1680
f 1126//1681 1171//1681 1067//1681
f 1038//1682 1037//1682 1172//1682
f 750//1683 1038//1683 751//1683
f 751//1684 1038//1684 1172//1684
f 751//1685 1172//1685 752//1685
f 752//1686 1172//1686 1231//1686
f 752//1687 1231//1687 742//1687
f 742//1688 1231//1688 1229//1688
f 742//1689 1229//1689 743//1689
f 743//1690 1229//1690 737//1690
f 737//1691 1229//1691 1227//1691
f 737//1692 1227//1692 738//1692
f 738//1693 1227//1693 739//1693
f 739//1694 1227//1694 1225//1694
f 739//1695 1225//1695 740//1695
f 740//1696 1225//1696 741//1696
f 741//1697 1225//1697 1223//1697
f 741//1698 1223//1698 712//1698
f 1221//1699 717//1699 1223//1699
f 1223//1700 717//1700 713//1700
f 1223//1701 713//1701 712//1701
f 1218//1702 714//1702 1220//1702
f 1220//1703 714//1703 715//1703
f 1220//1704 715//1704 1221//1704
f 1221//1705 715//1705 716//1705
f 1221//1706 716//1706 717//1706
f 692//1707 698//1707 1215//1707
f 1215//1708 698//1708 699//1708
f 1215//1709 699//1709 1216//1709
f 702//1710 1218//1710 701//1710
f 701//1711 1218//1711 1216//1711
f 701//1712 1216//1712 700//1712
f 700//1713 1216//1713 699//1713
f 702//1714 703//1714 1218//1714
f 1218//1715 703//1715 704//1715
f 1218//1716 704//1716 714//1716
f 714//1717 704//1717 705//1717
f 714//1718 705//1718 710//1718
f 706//1719 1252//1719 709//1719
f 709//1720 1252//1720 711//1720
f 710//1721 711//1721 714//1721
f 714//1722 711//1722 1252//1722
f 714//1723 1252//1723 708//1723
f 708//1724 1252//1724 706//1724
f 1253//1726 1254//1726 557//1726
f 1255//1727 1256//1727 1257//1727
f 1257//1728 1256//1728 1258//1728
f 1257//1729 1258//1729 1253//1729
f 1255//1730 1257//1730 1259//1730
f 1259//1731 1257//1731 1213//1731
f 1259//1732 1213//1732 1260//1732
f 1253//1733 557//1733 1257//1733
f 1257//1734 557//1734 559//1734
f 1257//1735 559//1735 1213//1735
f 1213//1736 559//1736 697//1736
f 1213//1737 697//1737 696//1737
f 696//1738 695//1738 1213//1738
f 1213//1739 695//1739 694//1739
f 1213//1740 694//1740 1215//1740
f 1215//1741 694//1741 693//1741
f 1215//1742 693//1742 692//1742
f 1260//1743 1213//1743 930//1743
f 930//1744 1213//1744 1212//1744
f 930//1745 1212//1745 931//1745
f 931//1746 1212//1746 1211//1746
f 931//1747 1211//1747 932//1747
f 932//1748 1211//1748 1209//1748
f 932//1749 1209//1749 933//1749
f 933//1750 1209//1750 1208//1750
f 933//1751 1208//1751 934//1751
f 1208//1752 1206//1752 934//1752
f 934//1753 1206//1753 1205//1753
f 934//1754 1205//1754 935//1754
f 1205//1755 1203//1755 935//1755
f 935//1756 1203//1756 1202//1756
f 935//1757 1202//1757 936//1757
f 936//1758 1202//1758 1199//1758
f 936//1759 1199//1759 937//1759
f 937//1760 1199//1760 1197//1760
f 947//1761 946//1761 1197//1761
f 1197//1762 946//1762 945//1762
f 1197//1763 945//1763 937//1763
f 1192//1764 1051//1764 1050//1764
f 1197//1765 1195//1765 947//1765
f 947//1766 1195//1766 1193//1766
f 947//1767 1193//1767 948//1767
f 948//1768 1193//1768 1192//1768
f 948//1769 1192//1769 949//1769
f 949//1770 1192//1770 1050//1770
f 949//1771 1050//1771 950//1771
f 1259//1774 1261//1774 1262//1774
f 172//1958 174//1958 1331//1958
f 1331//1959 1332//1959 172//1959
f 172//1960 1332//1960 1333//1960
f 172//1961 1333//1961 173//1961
f 173//1962 1333//1962 1334//1962
f 173//1963 1334//1963 156//1963
f 156//1964 1334//1964 1335//1964
f 156//1965 1335//1965 1304//1965
f 1336//1966 174//1966 1337//1966
f 174//1967 1336//1967 1331//1967
f 1338//41 1339//41 1340//41
f 1340//41 1339//41 1341//41
f 1342//41 1339//41 1343//41
f 1343//41 1339//41 1338//41
f 1343//41 1338//41 1344//41
f 1344//41 1338//41 1345//41
f 1344//41 1345//41 1346//41
f 1346//41 1347//41 1344//41
f 1344//41 1347//41 1348//41
f 1344//41 1348//41 1349//41
f 1350//41 1351//41 1352//41
f 1352//41 1351//41 1344//41
f 1352//41 1344//41 1353//41
f 1353//41 1344//41 1349//41
f 1350//1968 1352//1968 1354//1968
f 1354//1969 1352//1969 1355//1969
f 1354//1970 1355//1970 1356//1970
f 1356//1971 1355//1971 1357//1971
f 1357//1972 1355//1972 1358//1972
f 1357//1973 1358//1973 1359//1973
f 1359//1974 1358//1974 1360//1974
f 1359//1975 1360//1975 1361//1975
f 1362//1976 1363//1976 1364//1976
f 1364//1977 1363//1977 1361//1977
f 1364//1978 1361//1978 1365//1978
f 1365//1979 1361//1979 1360//1979
f 1366//1980 1367//1980 1368//1980
f 1368//1981 1367//1981 1369//1981
f 1368//1982 1369//1982 1370//1982
f 1371//1983 1372//1983 1373//1983
f 1373//1984 1372//1984 1374//1984
f 1373//1985 1374//1985 1375//1985
f 1375//1986 1374//1986 1376//1986
f 1375//1987 1376//1987 1377//1987
f 1377//1988 1376//1988 1370//1988
f 1377//1989 1370//1989 1378//1989
f 1378//1990 1370//1990 1369//1990
f 1379//1991 1380//1991 1366//1991
f 1366//1992 1380//1992 1381//1992
f 1366//1993 1381//1993 1367//1993
f 1382//1994 1383//1994 1384//1994
f 1384//1995 1383//1995 1385//1995
f 1384//1996 1385//1996 1386//1996
f 1386//1997 1385//1997 1387//1997
f 1386//1998 1387//1998 1388//1998
f 1388//1999 1387//1999 1389//1999
f 1388//2000 1389//2000 1390//2000
f 1390//2001 1389//2001 1391//2001
f 1390//2002 1391//2002 1379//2002
f 1379//2003 1391//2003 1392//2003
f 1379//2004 1392//2004 1380//2004
f 1382//2005 1384//2005 1393//2005
f 1393//2006 1384//2006 1394//2006
f 1393//2007 1394//2007 1395//2007
f 1396//2008 1397//2008 1394//2008
f 1394//2009 1397//2009 1398//2009
f 1394//2010 1398//2010 1395//2010
f 1399//2011 1400//2011 1396//2011
f 1396//2012 1400//2012 1401//2012
f 1401//2013 1402//2013 1396//2013
f 1396//2014 1402//2014 1403//2014
f 1396//2015 1403//2015 1397//2015
f 1404//2016 1405//2016 1406//2016
f 1400//2017 1399//2017 1407//2017
f 1408//2018 1409//2018 1407//2018
f 1407//2019 1409//2019 1410//2019
f 1407//2020 1410//2020 1400//2020
f 1406//2021 1405//2021 1411//2021
f 1411//2022 1405//2022 1412//2022
f 1411//2023 1412//2023 1408//2023
f 1408//2024 1412//2024 1413//2024
f 1408//2025 1413//2025 1409//2025
f 1404//2026 1406//2026 1414//2026
f 1414//2027 1406//2027 1415//2027
f 1414//2028 1415//2028 1416//2028
f 1417//2029 1418//2029 1419//2029
f 1419//2030 1420//2030 1417//2030
f 1417//2031 1420//2031 1421//2031
f 1417//2032 1421//2032 1422//2032
f 1422//2033 1421//2033 1423//2033
f 1422//2034 1423//2034 1424//2034
f 1424//2035 1423//2035 1425//2035
f 1424//2036 1425//2036 1415//2036
f 1415//2037 1425//2037 1426//2037
f 1415//2038 1426//2038 1416//2038
f 1362//2039 1427//2039 1428//2039
f 1428//2040 1429//2040 1362//2040
f 1362//2041 1429//2041 1430//2041
f 1362//2042 1430//2042 1431//2042
f 1430//2043 1432//2043 1431//2043
f 1431//2044 1432//2044 1433//2044
f 1431//2045 1433//2045 1418//2045
f 1418//2046 1433//2046 1434//2046
f 1418//2047 1434//2047 1419//2047
f 1340//2048 1435//2048 1436//2048
f 1360//2049 1358//2049 1437//2049
f 1437//2050 1358//2050 1436//2050
f 1436//2051 1358//2051 1355//2051
f 1436//2052 1355//2052 1340//2052
f 1349//2053 1355//2053 1353//2053
f 1353//2054 1355//2054 1352//2054
f 1349//2055 1348//2055 1355//2055
f 1355//2056 1348//2056 1347//2056
f 1355//2057 1347//2057 1346//2057
f 1346//2058 1345//2058 1355//2058
f 1355//2059 1345//2059 1338//2059
f 1355//2060 1338//2060 1340//2060
f 1362//2061 1364//2061 1427//2061
f 1427//2062 1364//2062 1438//2062
f 1427//2063 1438//2063 1439//2063
f 1365//2064 1440//2064 1364//2064
f 1364//2065 1440//2065 1441//2065
f 1364//2066 1441//2066 1438//2066
f 1437//2067 1442//2067 1360//2067
f 1360//2068 1442//2068 1443//2068
f 1360//2069 1443//2069 1365//2069
f 1365//2070 1443//2070 1444//2070
f 1365//2071 1444//2071 1440//2071
f 1445//2072 1446//2072 1447//2072
f 1447//2073 1446//2073 1448//2073
f 1449//2074 1450//2074 1448//2074
f 1448//2075 1450//2075 1451//2075
f 1448//2076 1451//2076 1447//2076
f 1452//2077 1436//2077 1435//2077
f 1435//2078 1453//2078 1452//2078
f 1452//2079 1453//2079 1454//2079
f 1452//2080 1454//2080 1449//2080
f 1449//2081 1454//2081 1455//2081
f 1449//2082 1455//2082 1450//2082
f 1341//2083 1339//2083 1456//2083
f 1451//2084 1450//2084 1457//2084
f 1458//2085 1451//2085 1459//2085
f 1459//2086 1451//2086 1457//2086
f 1459//2087 1457//2087 1460//2087
f 1460//2088 1457//2088 1456//2088
f 1460//2089 1456//2089 1461//2089
f 1461//2090 1456//2090 1339//2090
f 1461//2091 1339//2091 1342//2091
f 1450//2092 1455//2092 1457//2092
f 1457//2093 1455//2093 1454//2093
f 1457//2094 1454//2094 1456//2094
f 1456//2095 1454//2095 1453//2095
f 1456//2096 1453//2096 1341//2096
f 1462//2097 1458//2097 1459//2097
f 1463//2098 1464//2098 1459//2098
f 1459//2099 1464//2099 1465//2099
f 1459//2100 1465//2100 1462//2100
f 1343//2101 1344//2101 1463//2101
f 1463//2102 1344//2102 1466//2102
f 1463//2103 1466//2103 1464//2103
f 1467//2104 1468//2104 1469//2104
f 1465//2105 1464//2105 1470//2105
f 1465//2106 1470//2106 1471//2106
f 1471//2107 1470//2107 1472//2107
f 1471//2108 1472//2108 1473//2108
f 1473//2109 1472//2109 1474//2109
f 1474//2110 1472//2110 1469//2110
f 1474//2111 1469//2111 1475//2111
f 1475//2112 1469//2112 1468//2112
f 1475//2113 1468//2113 1476//2113
f 1477//2114 1478//2114 1479//2114
f 1478//2115 1477//2115 1480//2115
f 1480//2116 1477//2116 1481//2116
f 1480//2117 1481//2117 1482//2117
f 1482//2118 1481//2118 1466//2118
f 1482//2119 1466//2119 1344//2119
f 1467//2120 1469//2120 1479//2120
f 1479//2121 1469//2121 1472//2121
f 1479//2122 1472//2122 1477//2122
f 1477//2123 1472//2123 1470//2123
f 1477//2124 1470//2124 1481//2124
f 1481//2125 1470//2125 1464//2125
f 1481//2125 1464//2125 1466//2125
f 1483//2126 1476//2126 1484//2126
f 1484//2127 1476//2127 1468//2127
f 1484//2128 1468//2128 1485//2128
f 1485//2129 1468//2129 1467//2129
f 1485//2130 1467//2130 1486//2130
f 1486//2131 1467//2131 1479//2131
f 1486//2132 1479//2132 1487//2132
f 1344//2133 1351//2133 1482//2133
f 1482//2134 1351//2134 1488//2134
f 1482//2135 1488//2135 1480//2135
f 1480//2136 1488//2136 1487//2136
f 1480//2137 1487//2137 1478//2137
f 1478//2138 1487//2138 1479//2138
f 1489//2139 1490//2139 1491//2139
f 1492//2140 1493//2140 1494//2140
f 1495//2141 1496//2141 1497//2141
f 1497//2142 1496//2142 1498//2142
f 1497//2143 1498//2143 1494//2143
f 1494//2144 1498//2144 1499//2144
f 1494//2145 1499//2145 1492//2145
f 1495//2146 1497//2146 1491//2146
f 1491//2147 1497//2147 1500//2147
f 1491//2148 1500//2148 1489//2148
f 1501//2149 1502//2149 1503//2149
f 1503//2150 1502//2150 1504//2150
f 1503//2151 1504//2151 1490//2151
f 1490//2152 1504//2152 1505//2152
f 1490//2153 1505//2153 1491//2153
f 1506//2154 1507//2154 1508//2154
f 1506//2155 1508//2155 1509//2155
f 1510//2156 1511//2156 1512//2156
f 1512//2157 1511//2157 1509//2157
f 1512//2158 1509//2158 1513//2158
f 1513//2158 1509//2158 1508//2158
f 1508//2159 1507//2159 1514//2159
f 1515//2160 1510//2160 1512//2160
f 1515//2161 1512//2161 1514//2161
f 1514//2159 1512//2159 1513//2159
f 1514//2159 1513//2159 1508//2159
f 1516//2162 1515//2162 1517//2162
f 1517//2163 1515//2163 1514//2163
f 1517//2164 1514//2164 1518//2164
f 1517//2165 1518//2165 1519//2165
f 1520//2166 1516//2166 1517//2166
f 1517//2167 1519//2167 1520//2167
f 1520//2168 1519//2168 1521//2168
f 1520//2169 1521//2169 1522//2169
f 1522//2170 1521//2170 1523//2170
f 1522//2171 1523//2171 1524//2171
f 1524//2172 1523//2172 1525//2172
f 1524//2173 1525//2173 1526//2173
f 1527//2174 1528//2174 462//2174
f 1526//2175 1525//2175 462//2175
f 462//2176 1525//2176 1529//2176
f 462//2177 1529//2177 1527//2177
f 1527//26 1529//26 1494//26
f 1528//26 1527//26 1530//26
f 1530//26 1527//26 1494//26
f 1530//26 1494//26 1531//26
f 1531//26 1494//26 1493//26
f 1531//26 1493//26 1483//26
f 1483//26 1493//26 1532//26
f 1483//26 1532//26 1533//26
f 1533//26 1534//26 1483//26
f 1483//26 1534//26 1535//26
f 1483//26 1535//26 1476//26
f 1536//2178 1537//2178 1538//2178
f 1538//2178 1537//2178 1539//2178
f 1538//2179 1539//2179 1540//2179
f 1539//2179 1541//2179 1540//2179
f 1540//2180 1541//2180 1542//2180
f 1540//2180 1542//2180 1543//2180
f 1543//2181 1542//2181 1530//2181
f 1543//2181 1530//2181 1531//2181
f 1544//2182 1545//2182 1536//2182
f 1536//2182 1545//2182 1546//2182
f 1536//2182 1546//2182 1537//2182
f 1537//2182 1546//2182 1547//2182
f 1537//2182 1547//2182 1548//2182
f 1549//2183 1550//2183 1551//2183
f 469//2184 1548//2184 1547//2184
f 1552//2185 1553//2185 1554//2185
f 1554//2186 1553//2186 1555//2186
f 1556//2187 1557//2187 1558//2187
f 1558//2188 1557//2188 1559//2188
f 1560//2189 1561//2189 1562//2189
f 1562//2190 1561//2190 1549//2190
f 1545//2191 1544//2191 1563//2191
f 1549//2192 1551//2192 1562//2192
f 1562//2193 1551//2193 1564//2193
f 1562//2194 1564//2194 1565//2194
f 1565//2195 1564//2195 1566//2195
f 1565//2196 1566//2196 1558//2196
f 1558//2197 1566//2197 1567//2197
f 1558//2198 1567//2198 1556//2198
f 1559//2199 1552//2199 1558//2199
f 1558//2200 1552//2200 1554//2200
f 1558//2201 1554//2201 1565//2201
f 1565//2202 1554//2202 1568//2202
f 1565//2203 1568//2203 1562//2203
f 1562//2204 1568//2204 1569//2204
f 1560//2205 1562//2205 1563//2205
f 1563//2206 1562//2206 1569//2206
f 1563//2207 1569//2207 1545//2207
f 1545//2208 1569//2208 1568//2208
f 1545//2209 1568//2209 1546//2209
f 1546//2210 1568//2210 1554//2210
f 1546//2211 1554//2211 1547//2211
f 1547//2212 1554//2212 1555//2212
f 1547//2213 1555//2213 469//2213
f 1570//2214 1571//2214 1572//2214
f 1399//2215 1573//2215 1407//2215
f 1407//2215 1573//2215 1574//2215
f 1575//2216 1576//2216 1577//2216
f 1575//2216 1577//2216 1574//2216
f 1574//2217 1577//2217 1578//2217
f 1574//2218 1578//2218 1407//2218
f 1407//2219 1578//2219 1579//2219
f 1407//2018 1579//2018 1408//2018
f 1408//2220 1579//2220 1580//2220
f 1408//2221 1580//2221 1411//2221
f 1411//2222 1580//2222 1581//2222
f 1411//2223 1581//2223 1406//2223
f 1581//2224 1582//2224 1406//2224
f 1406//2225 1582//2225 1583//2225
f 1406//2226 1583//2226 1415//2226
f 1583//2227 1584//2227 1415//2227
f 1415//2228 1584//2228 1585//2228
f 1415//2229 1585//2229 1424//2229
f 1585//2230 1586//2230 1424//2230
f 1424//2231 1586//2231 1587//2231
f 1424//2232 1587//2232 1422//2232
f 1422//2233 1587//2233 1588//2233
f 1422//2234 1588//2234 1417//2234
f 1417//2235 1588//2235 1589//2235
f 1417//2236 1589//2236 1418//2236
f 1418//2237 1589//2237 1590//2237
f 1418//2238 1590//2238 1431//2238
f 1431//2239 1590//2239 1591//2239
f 1591//2240 1592//2240 1431//2240
f 1431//2241 1592//2241 1593//2241
f 1431//2242 1593//2242 1362//2242
f 1571//2243 1570//2243 1593//2243
f 1593//2244 1570//2244 1363//2244
f 1593//2245 1363//2245 1362//2245
f 1594//2246 1567//2246 1566//2246
f 1566//2247 1564//2247 1594//2247
f 1594//2248 1564//2248 1551//2248
f 1594//2249 1551//2249 1572//2249
f 1572//2250 1551//2250 1550//2250
f 1572//2251 1550//2251 1570//2251
f 1376//2252 1374//2252 1595//2252
f 1596//2253 1597//2253 1390//2253
f 1390//2254 1597//2254 1598//2254
f 1390//2255 1598//2255 1388//2255
f 1388//2256 1598//2256 1599//2256
f 1388//2257 1599//2257 1386//2257
f 1386//2258 1599//2258 1600//2258
f 1386//2259 1600//2259 1384//2259
f 1600//2260 1601//2260 1384//2260
f 1384//2261 1601//2261 1602//2261
f 1384//2262 1602//2262 1394//2262
f 1602//2263 1603//2263 1394//2263
f 1394//2264 1603//2264 1604//2264
f 1394//2265 1604//2265 1396//2265
f 1396//2266 1604//2266 1605//2266
f 1396//2267 1605//2267 1606//2267
f 1607//2268 1576//2268 1575//2268
f 1573//2269 1399//2269 1396//2269
f 1573//2269 1396//2269 1574//2269
f 1574//2270 1396//2270 1606//2270
f 1574//2271 1606//2271 1575//2271
f 1575//2272 1606//2272 1608//2272
f 1575//2273 1608//2273 1607//2273
f 1390//2274 1379//2274 1596//2274
f 1596//2275 1379//2275 1366//2275
f 1596//2276 1366//2276 1609//2276
f 1609//2277 1366//2277 1368//2277
f 1609//2278 1368//2278 1610//2278
f 1610//2279 1368//2279 1370//2279
f 1610//2280 1370//2280 1611//2280
f 1611//2281 1370//2281 1376//2281
f 1611//2282 1376//2282 1612//2282
f 1612//2283 1376//2283 1595//2283
f 1612//2284 1595//2284 1613//2284
f 1613//2285 1595//2285 1614//2285
f 1613//2286 1614//2286 1615//2286
f 1615//2287 1614//2287 1616//2287
f 1615//2288 1616//2288 1617//2288
f 1618//2289 1619//2289 1620//2289
f 1620//2290 1619//2290 1621//2290
f 1620//2291 1621//2291 1622//2291
f 1622//2292 1621//2292 1623//2292
f 1622//2293 1623//2293 1624//2293
f 1595//2294 1374//2294 1625//2294
f 1625//2295 1374//2295 1626//2295
f 1625//2296 1626//2296 1627//2296
f 1627//2297 1626//2297 1628//2297
f 1627//2298 1628//2298 1629//2298
f 1629//2299 1628//2299 1630//2299
f 1629//2300 1630//2300 1624//2300
f 1624//2301 1630//2301 1631//2301
f 1624//2302 1631//2302 1622//2302
f 1632//2303 1633//2303 1634//2303
f 1632//2304 1634//2304 1635//2304
f 1635//2305 1634//2305 1636//2305
f 1635//2306 1636//2306 1637//2306
f 1637//2307 1631//2307 1635//2307
f 1635//2308 1631//2308 1630//2308
f 1635//2309 1630//2309 1638//2309
f 1638//2310 1630//2310 1639//2310
f 1372//2311 1640//2311 1641//2311
f 1642//2312 1626//2312 1641//2312
f 1641//2313 1626//2313 1374//2313
f 1641//2314 1374//2314 1372//2314
f 1630//2315 1628//2315 1639//2315
f 1639//2316 1628//2316 1626//2316
f 1639//2317 1626//2317 1643//2317
f 1643//2318 1626//2318 1642//2318
f 1644//2319 1645//2319 1620//2319
f 1620//2320 1645//2320 1646//2320
f 1620//2321 1646//2321 1618//2321
f 1637//2322 1647//2322 1631//2322
f 1631//2323 1647//2323 1648//2323
f 1631//2324 1648//2324 1622//2324
f 1622//2325 1648//2325 1649//2325
f 1622//2326 1649//2326 1620//2326
f 1620//2327 1649//2327 1650//2327
f 1620//2328 1650//2328 1644//2328
f 1651//2329 1652//2329 1653//2329
f 1632//2330 1651//2330 1633//2330
f 1633//2331 1651//2331 1654//2331
f 1337//2332 1655//2332 1656//2332
f 1654//2333 1651//2333 1657//2333
f 1657//2334 1651//2334 1653//2334
f 1657//2335 1653//2335 1656//2335
f 1656//2336 1653//2336 1337//2336
f 1632//2337 1635//2337 1651//2337
f 1651//2338 1635//2338 1658//2338
f 1651//2339 1658//2339 1652//2339
f 1336//2340 1337//2340 1653//2340
f 1336//2341 1653//2341 1331//2341
f 1659//2342 1660//2342 1661//2342
f 1661//2343 1660//2343 1638//2343
f 1661//2344 1638//2344 1639//2344
f 1635//2345 1638//2345 1658//2345
f 1658//2346 1638//2346 1660//2346
f 1658//2347 1660//2347 1652//2347
f 1652//2348 1660//2348 1659//2348
f 1652//2349 1659//2349 1653//2349
f 1653//2350 1659//2350 1662//2350
f 1653//2351 1662//2351 1663//2351
f 1653//2352 1663//2352 1331//2352
f 1664//2353 1333//2353 1332//2353
f 1664//2354 1332//2354 1665//2354
f 1666//2355 1304//2355 1335//2355
f 1335//2356 1667//2356 1666//2356
f 1666//2357 1667//2357 1668//2357
f 1666//2358 1668//2358 1669//2358
f 1669//2359 1668//2359 1670//2359
f 1670//2360 1668//2360 1671//2360
f 1670//2361 1671//2361 1672//2361
f 1673//2362 1674//2362 1672//2362
f 1672//2363 1674//2363 1675//2363
f 1672//2364 1675//2364 1670//2364
f 1676//2365 1642//2365 1677//2365
f 1677//2366 1642//2366 1641//2366
f 1643//2367 1678//2367 1639//2367
f 1639//2368 1678//2368 1661//2368
f 1661//2369 1678//2369 1659//2369
f 1659//2370 1678//2370 1679//2370
f 1659//2371 1679//2371 1662//2371
f 1679//2372 1680//2372 1662//2372
f 1662//2373 1680//2373 1665//2373
f 1662//2374 1665//2374 1663//2374
f 1663//2375 1665//2375 1332//2375
f 1663//2376 1332//2376 1331//2376
f 1335//2377 1334//2377 1667//2377
f 1667//2378 1334//2378 1681//2378
f 1667//2379 1681//2379 1668//2379
f 1668//2380 1681//2380 1682//2380
f 1668//2381 1682//2381 1671//2381
f 1334//2382 1333//2382 1681//2382
f 1681//2383 1333//2383 1664//2383
f 1681//2384 1664//2384 1682//2384
f 1682//2385 1664//2385 1665//2385
f 1682//2386 1665//2386 1671//2386
f 1671//2387 1665//2387 1680//2387
f 1671//2388 1680//2388 1672//2388
f 1672//2389 1680//2389 1679//2389
f 1672//2390 1679//2390 1673//2390
f 1673//2391 1679//2391 1678//2391
f 1673//2392 1678//2392 1676//2392
f 1676//2393 1678//2393 1643//2393
f 1676//2394 1643//2394 1642//2394
f 1641//2395 1640//2395 1683//2395
f 1305//2396 1304//2396 1666//2396
f 1305//2397 1666//2397 1306//2397
f 1641//2398 1683//2398 1677//2398
f 1677//2399 1683//2399 1684//2399
f 1677//2400 1684//2400 1676//2400
f 1676//2401 1684//2401 1685//2401
f 1676//2402 1685//2402 1673//2402
f 1673//2403 1685//2403 1674//2403
f 1674//2404 1685//2404 1686//2404
f 1674//2405 1686//2405 1675//2405
f 1675//2406 1686//2406 1687//2406
f 1675//2407 1687//2407 1670//2407
f 1670//2408 1687//2408 1669//2408
f 1669//2409 1687//2409 1688//2409
f 1669//2410 1688//2410 1666//2410
f 1666//2411 1688//2411 1689//2411
f 1666//2412 1689//2412 1306//2412
f 1307//2413 1306//2413 1689//2413
f 1688//2414 1687//2414 1690//2414
f 1308//2415 1307//2415 1691//2415
f 1691//2416 1307//2416 1689//2416
f 1691//2417 1689//2417 1692//2417
f 1692//2418 1689//2418 1688//2418
f 1692//2419 1688//2419 1693//2419
f 1693//2420 1688//2420 1690//2420
f 1640//2421 1371//2421 1683//2421
f 1683//2422 1371//2422 1694//2422
f 1683//2423 1694//2423 1684//2423
f 1684//2424 1694//2424 1695//2424
f 1684//2425 1695//2425 1685//2425
f 1685//2426 1695//2426 1690//2426
f 1685//2427 1690//2427 1686//2427
f 1686//2428 1690//2428 1687//2428
f 1696//2429 1697//2429 1698//2429
f 1699//2430 1700//2430 1701//2430
f 1702//2431 1703//2431 1704//2431
f 1705//2432 1706//2432 1707//2432
f 1708//2433 1709//2433 1710//2433
f 1711//2434 1330//2434 1303//2434
f 1400//2435 1712//2435 1401//2435
f 1401//2436 1712//2436 1713//2436
f 1714//2437 1706//2437 1715//2437
f 1715//2438 1706//2438 1705//2438
f 1715//2439 1705//2439 1716//2439
f 1714//2440 1690//2440 1706//2440
f 1706//2441 1690//2441 1695//2441
f 1706//2442 1695//2442 1707//2442
f 1707//2443 1695//2443 1694//2443
f 1707//2444 1694//2444 1371//2444
f 1371//2445 1373//2445 1707//2445
f 1707//2446 1373//2446 1717//2446
f 1707//2447 1717//2447 1705//2447
f 1705//2448 1717//2448 1718//2448
f 1705//2449 1718//2449 1716//2449
f 1716//2450 1718//2450 1719//2450
f 1720//2451 1721//2451 1722//2451
f 1700//2452 1702//2452 1723//2452
f 1721//2453 1724//2453 1725//2453
f 1703//2454 1722//2454 1704//2454
f 1704//2455 1722//2455 1721//2455
f 1704//2456 1721//2456 1726//2456
f 1726//2457 1721//2457 1725//2457
f 1726//2458 1725//2458 1727//2458
f 1373//2459 1375//2459 1717//2459
f 1717//2460 1375//2460 1720//2460
f 1717//2461 1720//2461 1718//2461
f 1718//2462 1720//2462 1722//2462
f 1718//2463 1722//2463 1719//2463
f 1719//2464 1722//2464 1703//2464
f 1375//2465 1377//2465 1720//2465
f 1720//2466 1377//2466 1378//2466
f 1720//2467 1378//2467 1721//2467
f 1721//2468 1378//2468 1369//2468
f 1721//2469 1369//2469 1724//2469
f 1724//2470 1369//2470 1367//2470
f 1724//2471 1367//2471 1725//2471
f 1725//2472 1367//2472 1381//2472
f 1725//2473 1381//2473 1727//2473
f 1728//2474 1699//2474 1729//2474
f 1730//2475 1731//2475 1732//2475
f 1712//2476 1708//2476 1713//2476
f 1713//2477 1708//2477 1710//2477
f 1713//2478 1710//2478 1698//2478
f 1698//2479 1710//2479 1733//2479
f 1698//2480 1733//2480 1696//2480
f 1696//2481 1733//2481 1730//2481
f 1730//2482 1732//2482 1696//2482
f 1696//2483 1732//2483 1734//2483
f 1696//2484 1734//2484 1697//2484
f 1700//2485 1723//2485 1701//2485
f 1701//2486 1723//2486 1735//2486
f 1701//2487 1735//2487 1736//2487
f 1736//2488 1735//2488 1737//2488
f 1736//2489 1737//2489 1738//2489
f 1737//2490 1389//2490 1387//2490
f 1739//2491 1382//2491 1393//2491
f 1728//2492 1729//2492 1740//2492
f 1740//2493 1729//2493 1741//2493
f 1740//2494 1741//2494 1742//2494
f 1742//2495 1741//2495 1739//2495
f 1742//2496 1739//2496 1743//2496
f 1743//2497 1739//2497 1393//2497
f 1743//2498 1393//2498 1395//2498
f 1737//2499 1387//2499 1738//2499
f 1738//2500 1387//2500 1385//2500
f 1738//2501 1385//2501 1383//2501
f 1699//2502 1701//2502 1729//2502
f 1729//2503 1701//2503 1736//2503
f 1729//2504 1736//2504 1741//2504
f 1741//2505 1736//2505 1738//2505
f 1741//2506 1738//2506 1739//2506
f 1739//2507 1738//2507 1383//2507
f 1739//2508 1383//2508 1382//2508
f 1734//2509 1398//2509 1697//2509
f 1697//2510 1398//2510 1397//2510
f 1697//2511 1397//2511 1698//2511
f 1698//2512 1397//2512 1403//2512
f 1698//2513 1403//2513 1713//2513
f 1713//2514 1403//2514 1402//2514
f 1713//2515 1402//2515 1401//2515
f 1744//2516 1745//2516 1325//2516
f 1322//2517 1746//2517 1323//2517
f 1323//2518 1746//2518 1744//2518
f 1323//2519 1744//2519 1324//2519
f 1324//2520 1744//2520 1325//2520
f 1747//2521 1711//2521 1748//2521
f 1748//2522 1711//2522 1303//2522
f 1748//2523 1303//2523 1749//2523
f 1749//2524 1303//2524 1329//2524
f 1749//2525 1329//2525 1750//2525
f 1750//2526 1329//2526 1328//2526
f 1750//2527 1328//2527 1751//2527
f 1751//2528 1328//2528 1327//2528
f 1751//2529 1327//2529 1745//2529
f 1745//2530 1327//2530 1326//2530
f 1745//2531 1326//2531 1325//2531
f 1752//2532 1753//2532 1313//2532
f 1309//2533 1308//2533 1754//2533
f 1754//2534 1308//2534 1691//2534
f 1313//2535 1312//2535 1752//2535
f 1752//2536 1312//2536 1311//2536
f 1752//2537 1311//2537 1754//2537
f 1754//2538 1311//2538 1310//2538
f 1754//2539 1310//2539 1309//2539
f 1755//2540 1315//2540 1753//2540
f 1753//2541 1315//2541 1314//2541
f 1753//2542 1314//2542 1313//2542
f 1756//2543 1317//2543 1755//2543
f 1755//2544 1317//2544 1316//2544
f 1755//2545 1316//2545 1315//2545
f 1757//2546 1319//2546 1318//2546
f 1758//2547 1756//2547 1759//2547
f 1759//2548 1756//2548 1755//2548
f 1759//2549 1755//2549 1760//2549
f 1760//2550 1755//2550 1753//2550
f 1760//2551 1753//2551 1761//2551
f 1761//2552 1753//2552 1752//2552
f 1761//2553 1752//2553 1762//2553
f 1762//2554 1752//2554 1754//2554
f 1762//2555 1754//2555 1763//2555
f 1763//2556 1754//2556 1691//2556
f 1692//2557 1693//2557 1764//2557
f 1709//2558 1747//2558 1710//2558
f 1710//2559 1747//2559 1748//2559
f 1710//2560 1748//2560 1733//2560
f 1733//2561 1748//2561 1749//2561
f 1733//2562 1749//2562 1730//2562
f 1730//2563 1749//2563 1750//2563
f 1730//2564 1750//2564 1731//2564
f 1731//2565 1750//2565 1751//2565
f 1731//2566 1751//2566 1765//2566
f 1765//2567 1751//2567 1745//2567
f 1765//2568 1745//2568 1766//2568
f 1766//2569 1745//2569 1744//2569
f 1766//2570 1744//2570 1767//2570
f 1767//2571 1744//2571 1746//2571
f 1767//2572 1746//2572 1768//2572
f 1768//2573 1746//2573 1758//2573
f 1768//2574 1758//2574 1769//2574
f 1769//2575 1758//2575 1759//2575
f 1769//2576 1759//2576 1770//2576
f 1770//2577 1759//2577 1760//2577
f 1770//2578 1760//2578 1771//2578
f 1771//2579 1760//2579 1761//2579
f 1771//2580 1761//2580 1772//2580
f 1772//2581 1761//2581 1762//2581
f 1772//2582 1762//2582 1764//2582
f 1764//2583 1762//2583 1763//2583
f 1764//2584 1763//2584 1692//2584
f 1692//2585 1763//2585 1691//2585
f 1319//2586 1757//2586 1320//2586
f 1322//2587 1321//2587 1746//2587
f 1746//2588 1321//2588 1320//2588
f 1746//2589 1320//2589 1758//2589
f 1758//2590 1320//2590 1757//2590
f 1758//2591 1757//2591 1756//2591
f 1756//2592 1757//2592 1318//2592
f 1756//2593 1318//2593 1317//2593
f 1381//2594 1380//2594 1727//2594
f 1727//2595 1380//2595 1392//2595
f 1727//2596 1392//2596 1391//2596
f 1702//2597 1704//2597 1723//2597
f 1723//2598 1704//2598 1726//2598
f 1723//2599 1726//2599 1735//2599
f 1735//2600 1726//2600 1727//2600
f 1735//2601 1727//2601 1737//2601
f 1737//2602 1727//2602 1391//2602
f 1737//2603 1391//2603 1389//2603
f 1395//2604 1398//2604 1743//2604
f 1743//2605 1398//2605 1734//2605
f 1743//2606 1734//2606 1742//2606
f 1742//2607 1734//2607 1732//2607
f 1742//2608 1732//2608 1740//2608
f 1740//2609 1732//2609 1731//2609
f 1740//2610 1731//2610 1728//2610
f 1728//2611 1731//2611 1765//2611
f 1728//2612 1765//2612 1699//2612
f 1699//2613 1765//2613 1766//2613
f 1699//2614 1766//2614 1700//2614
f 1700//2615 1766//2615 1767//2615
f 1700//2616 1767//2616 1702//2616
f 1702//2617 1767//2617 1768//2617
f 1702//2618 1768//2618 1703//2618
f 1703//2619 1768//2619 1769//2619
f 1703//2620 1769//2620 1719//2620
f 1719//2621 1769//2621 1770//2621
f 1719//2622 1770//2622 1716//2622
f 1716//2623 1770//2623 1771//2623
f 1716//2624 1771//2624 1715//2624
f 1715//2625 1771//2625 1772//2625
f 1715//2626 1772//2626 1714//2626
f 1714//2627 1772//2627 1764//2627
f 1714//2628 1764//2628 1690//2628
f 1690//2629 1764//2629 1693//2629
f 1773//2630 1774//2630 1775//2630
f 1776//2631 1434//2631 1433//2631
f 1410//2632 1409//2632 1777//2632
f 1778//2633 1779//2633 1780//2633
f 1781//2634 1782//2634 1783//2634
f 1783//2635 1782//2635 1784//2635
f 1783//2636 1784//2636 1785//2636
f 1428//2637 1786//2637 1429//2637
f 1429//2638 1786//2638 1430//2638
f 1711//2639 1747//2639 1787//2639
f 1787//2640 1747//2640 1709//2640
f 1787//2641 1709//2641 1788//2641
f 1788//2642 1709//2642 1708//2642
f 1788//2643 1708//2643 1789//2643
f 1789//2644 1708//2644 1712//2644
f 1790//2645 1791//2645 1792//2645
f 1792//2646 1791//2646 1793//2646
f 1792//2647 1793//2647 1794//2647
f 1794//2648 1793//2648 1795//2648
f 1794//2649 1795//2649 1796//2649
f 1796//2650 1795//2650 1797//2650
f 1796//2651 1797//2651 1798//2651
f 1798//2652 1797//2652 1799//2652
f 1798//2653 1799//2653 1800//2653
f 1800//2654 1799//2654 1801//2654
f 1800//2655 1801//2655 1802//2655
f 1802//2656 1801//2656 1803//2656
f 1802//2657 1803//2657 1804//2657
f 1804//2658 1803//2658 1805//2658
f 1806//2659 1807//2659 1808//2659
f 1808//2660 1807//2660 1809//2660
f 1775//2661 1790//2661 1810//2661
f 1810//2662 1790//2662 1792//2662
f 1810//2663 1792//2663 1811//2663
f 1811//2664 1792//2664 1794//2664
f 1811//2665 1794//2665 1812//2665
f 1812//2666 1794//2666 1796//2666
f 1812//2667 1796//2667 1813//2667
f 1813//2668 1796//2668 1798//2668
f 1813//2669 1798//2669 1814//2669
f 1814//2670 1798//2670 1800//2670
f 1814//2671 1800//2671 1815//2671
f 1815//2672 1800//2672 1802//2672
f 1815//2673 1802//2673 1816//2673
f 1816//2674 1802//2674 1804//2674
f 1780//2675 1817//2675 1818//2675
f 1818//2676 1817//2676 1819//2676
f 1818//2677 1819//2677 1820//2677
f 1820//2678 1819//2678 1821//2678
f 1820//2679 1821//2679 1822//2679
f 1822//2680 1821//2680 1823//2680
f 1822//2681 1823//2681 1806//2681
f 1806//2682 1823//2682 1824//2682
f 1806//2683 1824//2683 1807//2683
f 1825//2684 1826//2684 1827//2684
f 1774//2685 1828//2685 1775//2685
f 1775//2686 1828//2686 1827//2686
f 1775//2687 1827//2687 1790//2687
f 1790//2688 1827//2688 1826//2688
f 1790//2689 1826//2689 1791//2689
f 1829//2690 1830//2690 1831//2690
f 1831//2691 1830//2691 1832//2691
f 1774//2692 1833//2692 1828//2692
f 1828//2693 1833//2693 1834//2693
f 1828//2694 1834//2694 1835//2694
f 1825//2695 1827//2695 1836//2695
f 1836//2696 1827//2696 1828//2696
f 1836//2697 1828//2697 1831//2697
f 1831//2698 1828//2698 1835//2698
f 1831//2699 1835//2699 1829//2699
f 1837//2700 1838//2700 1839//2700
f 1838//2701 1840//2701 1787//2701
f 1787//2702 1840//2702 1841//2702
f 1787//2703 1841//2703 1711//2703
f 1711//2704 1841//2704 1842//2704
f 1711//2705 1842//2705 1330//2705
f 1843//2706 1844//2706 1416//2706
f 1416//2707 1844//2707 1414//2707
f 1413//2708 1412//2708 1845//2708
f 1845//2709 1412//2709 1405//2709
f 1845//2710 1405//2710 1844//2710
f 1844//2711 1405//2711 1404//2711
f 1844//2712 1404//2712 1414//2712
f 1846//2713 1837//2713 1847//2713
f 1847//2714 1837//2714 1839//2714
f 1847//2715 1839//2715 1848//2715
f 1848//2716 1839//2716 1849//2716
f 1848//2717 1849//2717 1850//2717
f 1850//2718 1849//2718 1851//2718
f 1838//2719 1787//2719 1839//2719
f 1839//2720 1787//2720 1788//2720
f 1839//2721 1788//2721 1849//2721
f 1849//2722 1788//2722 1789//2722
f 1849//2723 1789//2723 1851//2723
f 1852//2724 1853//2724 1854//2724
f 1854//2725 1853//2725 1850//2725
f 1854//2726 1850//2726 1777//2726
f 1777//2727 1850//2727 1851//2727
f 1777//2728 1851//2728 1410//2728
f 1410//2729 1851//2729 1789//2729
f 1410//2730 1789//2730 1400//2730
f 1400//2731 1789//2731 1712//2731
f 1855//2732 1856//2732 1423//2732
f 1423//2733 1856//2733 1857//2733
f 1423//2734 1857//2734 1425//2734
f 1425//2735 1857//2735 1843//2735
f 1425//2736 1843//2736 1426//2736
f 1426//2737 1843//2737 1416//2737
f 1423//2738 1421//2738 1855//2738
f 1855//2739 1421//2739 1420//2739
f 1855//2740 1420//2740 1776//2740
f 1776//2741 1420//2741 1419//2741
f 1776//2742 1419//2742 1434//2742
f 1433//2743 1432//2743 1785//2743
f 1785//2744 1432//2744 1430//2744
f 1785//2745 1430//2745 1783//2745
f 1783//2746 1430//2746 1786//2746
f 1783//2747 1786//2747 1781//2747
f 1846//2748 1847//2748 1858//2748
f 1858//2749 1847//2749 1848//2749
f 1858//2750 1848//2750 1859//2750
f 1859//2751 1848//2751 1850//2751
f 1859//2752 1850//2752 1860//2752
f 1860//2753 1850//2753 1853//2753
f 1860//2754 1853//2754 1861//2754
f 1861//2755 1853//2755 1852//2755
f 1861//2756 1852//2756 1862//2756
f 1862//2757 1852//2757 1863//2757
f 1862//2758 1863//2758 1864//2758
f 1864//2759 1863//2759 1865//2759
f 1864//2760 1865//2760 1866//2760
f 1866//2761 1865//2761 1867//2761
f 1866//2762 1867//2762 1868//2762
f 1868//2763 1867//2763 1869//2763
f 1868//2764 1869//2764 1870//2764
f 1870//2765 1869//2765 1871//2765
f 1870//2766 1871//2766 1872//2766
f 1872//2767 1871//2767 1873//2767
f 1872//2768 1873//2768 1874//2768
f 1409//2769 1413//2769 1777//2769
f 1777//2770 1413//2770 1845//2770
f 1777//2771 1845//2771 1854//2771
f 1854//2772 1845//2772 1844//2772
f 1854//2773 1844//2773 1852//2773
f 1852//2774 1844//2774 1843//2774
f 1852//2775 1843//2775 1863//2775
f 1863//2776 1843//2776 1857//2776
f 1863//2777 1857//2777 1865//2777
f 1865//2778 1857//2778 1856//2778
f 1865//2779 1856//2779 1867//2779
f 1867//2780 1856//2780 1855//2780
f 1867//2781 1855//2781 1869//2781
f 1869//2782 1855//2782 1776//2782
f 1869//2783 1776//2783 1871//2783
f 1871//2784 1776//2784 1433//2784
f 1871//2785 1433//2785 1873//2785
f 1873//2786 1433//2786 1785//2786
f 1873//2787 1785//2787 1874//2787
f 1874//2788 1785//2788 1784//2788
f 1773//2789 1775//2789 1809//2789
f 1809//2790 1775//2790 1810//2790
f 1809//2791 1810//2791 1808//2791
f 1808//2792 1810//2792 1811//2792
f 1808//2793 1811//2793 1806//2793
f 1806//2794 1811//2794 1812//2794
f 1806//2795 1812//2795 1822//2795
f 1822//2796 1812//2796 1813//2796
f 1822//2797 1813//2797 1820//2797
f 1820//2798 1813//2798 1814//2798
f 1820//2799 1814//2799 1818//2799
f 1818//2800 1814//2800 1815//2800
f 1818//2801 1815//2801 1780//2801
f 1780//2802 1815//2802 1816//2802
f 1780//2803 1816//2803 1778//2803
f 1782//2804 1805//2804 1784//2804
f 1784//2805 1805//2805 1803//2805
f 1784//2806 1803//2806 1874//2806
f 1874//2807 1803//2807 1801//2807
f 1874//2808 1801//2808 1872//2808
f 1872//2809 1801//2809 1799//2809
f 1872//2810 1799//2810 1870//2810
f 1870//2811 1799//2811 1797//2811
f 1870//2812 1797//2812 1868//2812
f 1868//2813 1797//2813 1795//2813
f 1868//2814 1795//2814 1866//2814
f 1866//2815 1795//2815 1793//2815
f 1866//2816 1793//2816 1864//2816
f 1864//2817 1793//2817 1791//2817
f 1864//2818 1791//2818 1862//2818
f 1862//2819 1791//2819 1826//2819
f 1862//2820 1826//2820 1861//2820
f 1861//2821 1826//2821 1825//2821
f 1861//2822 1825//2822 1860//2822
f 1860//2823 1825//2823 1836//2823
f 1860//2824 1836//2824 1859//2824
f 1859//2825 1836//2825 1831//2825
f 1859//2826 1831//2826 1858//2826
f 1858//2827 1831//2827 1832//2827
f 1858//2828 1832//2828 1846//2828
f 1779//2829 1778//2829 1875//2829
f 1875//2830 1778//2830 1876//2830
f 1875//2831 1876//2831 1877//2831
f 1778//2832 1816//2832 1876//2832
f 1876//2833 1816//2833 1804//2833
f 1876//2834 1804//2834 1878//2834
f 1878//2835 1804//2835 1805//2835
f 1878//2836 1805//2836 1879//2836
f 1879//2837 1805//2837 1880//2837
f 1880//2838 1805//2838 1782//2838
f 1880//2839 1782//2839 1881//2839
f 1881//2840 1782//2840 1781//2840
f 1881//2841 1781//2841 1882//2841
f 1882//2842 1781//2842 1786//2842
f 1882//2843 1786//2843 1883//2843
f 1883//2844 1786//2844 1428//2844
f 1883//2845 1428//2845 1439//2845
f 1441//2846 1440//2846 1884//2846
f 1885//2847 1886//2847 1887//2847
f 1887//2848 1886//2848 1877//2848
f 1887//2849 1877//2849 1888//2849
f 1877//2850 1876//2850 1888//2850
f 1888//2851 1876//2851 1878//2851
f 1888//2852 1878//2852 1889//2852
f 1880//2853 1890//2853 1879//2853
f 1879//2854 1890//2854 1891//2854
f 1879//2855 1891//2855 1878//2855
f 1878//2856 1891//2856 1892//2856
f 1878//2857 1892//2857 1889//2857
f 1883//2858 1439//2858 1438//2858
f 1880//2859 1881//2859 1890//2859
f 1890//2860 1881//2860 1882//2860
f 1890//2861 1882//2861 1893//2861
f 1893//2862 1882//2862 1883//2862
f 1893//2863 1883//2863 1884//2863
f 1884//2864 1883//2864 1438//2864
f 1884//2865 1438//2865 1441//2865
f 1884//2866 1440//2866 1444//2866
f 1894//2867 1888//2867 1889//2867
f 1888//2868 1894//2868 1887//2868
f 1895//2869 1896//2869 1897//2869
f 1898//2870 1899//2870 1885//2870
f 1900//2871 1901//2871 1902//2871
f 1902//2872 1901//2872 1899//2872
f 1903//2873 1904//2873 1900//2873
f 1895//2874 1897//2874 1905//2874
f 1905//2875 1897//2875 1906//2875
f 1905//2876 1906//2876 1907//2876
f 1444//2877 1443//2877 1908//2877
f 1900//2878 1902//2878 1903//2878
f 1903//2879 1902//2879 1896//2879
f 1903//2880 1896//2880 1904//2880
f 1904//2881 1896//2881 1895//2881
f 1904//2882 1895//2882 1909//2882
f 1885//2883 1887//2883 1898//2883
f 1898//2884 1887//2884 1894//2884
f 1898//2885 1894//2885 1910//2885
f 1910//2886 1894//2886 1889//2886
f 1910//2887 1889//2887 1911//2887
f 1893//2888 1912//2888 1890//2888
f 1890//2889 1912//2889 1906//2889
f 1907//2890 1906//2890 1908//2890
f 1908//2891 1906//2891 1912//2891
f 1908//2892 1912//2892 1444//2892
f 1444//2893 1912//2893 1893//2893
f 1444//2894 1893//2894 1884//2894
f 1911//2895 1889//2895 1913//2895
f 1913//2896 1889//2896 1892//2896
f 1913//2897 1892//2897 1891//2897
f 1899//2898 1898//2898 1902//2898
f 1902//2899 1898//2899 1910//2899
f 1902//2900 1910//2900 1896//2900
f 1896//2901 1910//2901 1911//2901
f 1896//2902 1911//2902 1897//2902
f 1897//2903 1911//2903 1913//2903
f 1897//2904 1913//2904 1906//2904
f 1906//2905 1913//2905 1891//2905
f 1906//2906 1891//2906 1890//2906
f 1442//2907 1437//2907 1914//2907
f 1437//2908 1436//2908 1914//2908
f 1914//2909 1436//2909 1452//2909
f 1914//2910 1452//2910 1449//2910
f 1448//2911 1446//2911 1915//2911
f 1443//2912 1442//2912 1908//2912
f 1908//2913 1442//2913 1914//2913
f 1908//2914 1914//2914 1907//2914
f 1907//2915 1914//2915 1449//2915
f 1907//2916 1449//2916 1905//2916
f 1905//2917 1449//2917 1448//2917
f 1905//2918 1448//2918 1895//2918
f 1895//2919 1448//2919 1915//2919
f 1895//2920 1915//2920 1909//2920
f 1915//2921 1916//2921 1909//2921
f 1916//2922 1915//2922 1446//2922
f 1909//2923 1916//2923 1904//2923
f 1904//2924 1916//2924 1917//2924
f 1904//2925 1917//2925 1900//2925
f 1885//2926 1899//2926 1918//2926
f 1918//2927 1899//2927 1901//2927
f 1900//2928 1917//2928 1901//2928
f 1901//2929 1917//2929 1919//2929
f 1901//2930 1919//2930 1918//2930
f 330//3081 307//3081 306//3081
f 330//3082 306//3082 329//3082
f 329//3083 306//3083 311//3083
f 329//3084 311//3084 328//3084
f 311//3085 310//3085 328//3085
f 328//3086 310//3086 309//3086
f 328//3087 309//3087 326//3087
f 326//3088 309//3088 281//3088
f 1919//3102 1917//3102 1958//3102
f 1917//3103 1916//3103 1958//3103
f 1958//3104 1916//3104 1959//3104
f 1958//3105 1959//3105 1960//3105
f 1961//3106 1952//3106 1953//3106
f 1962//3107 1963//3107 1964//3107
f 1964//3108 1963//3108 1961//3108
f 1961//3109 1953//3109 1964//3109
f 1964//3110 1953//3110 1954//3110
f 1964//3111 1954//3111 1965//3111
f 1954//3112 1955//3112 1965//3112
f 1965//3113 1955//3113 1956//3113
f 1965//3114 1956//3114 1957//3114
f 1918//3115 1919//3115 1957//3115
f 1957//3116 1919//3116 1958//3116
f 1957//3117 1958//3117 1965//3117
f 1965//3118 1958//3118 1960//3118
f 1965//3119 1960//3119 1964//3119
f 1964//3120 1960//3120 1966//3120
f 1964//3121 1966//3121 1962//3121
f 1462//3122 1465//3122 1967//3122
f 1446//3123 1445//3123 1916//3123
f 1916//3124 1445//3124 1968//3124
f 1916//3125 1968//3125 1959//3125
f 1969//3126 1966//3126 1970//3126
f 1970//3127 1966//3127 1960//3127
f 1970//3128 1960//3128 1967//3128
f 1967//3129 1960//3129 1959//3129
f 1967//3130 1959//3130 1462//3130
f 1462//3131 1959//3131 1968//3131
f 1971//3132 305//3132 1969//3132
f 1969//3133 305//3133 1972//3133
f 1972//3134 1963//3134 1969//3134
f 1969//3135 1963//3135 1962//3135
f 1969//3136 1962//3136 1966//3136
f 1475//3137 1476//3137 1535//3137
f 1473//3138 1474//3138 1973//3138
f 1973//3139 1474//3139 1475//3139
f 1475//3140 1535//3140 1973//3140
f 1973//3141 1535//3141 1534//3141
f 1973//3141 1534//3141 1974//3141
f 1974//3142 1534//3142 1533//3142
f 1974//3142 1533//3142 1975//3142
f 1465//3143 1471//3143 1976//3143
f 1976//3144 1471//3144 1473//3144
f 1533//3145 1532//3145 1975//3145
f 1975//3145 1532//3145 1977//3145
f 1975//3146 1977//3146 1978//3146
f 1473//3147 1973//3147 1976//3147
f 1976//3148 1973//3148 1974//3148
f 1976//3148 1974//3148 1979//3148
f 1979//3149 1974//3149 1975//3149
f 1979//3150 1975//3150 1980//3150
f 1980//3151 1975//3151 1978//3151
f 1980//3152 1978//3152 1981//3152
f 1465//3153 1976//3153 1967//3153
f 1967//3154 1976//3154 1979//3154
f 1967//3155 1979//3155 1970//3155
f 1970//3156 1979//3156 1980//3156
f 1970//3157 1980//3157 1969//3157
f 1969//3158 1980//3158 1981//3158
f 1969//3159 1981//3159 1971//3159
f 1532//3160 1493//3160 1982//3160
f 1532//3161 1982//3161 1977//3161
f 1977//3162 1982//3162 1983//3162
f 1977//3163 1983//3163 1978//3163
f 1978//3164 1983//3164 1984//3164
f 1978//3165 1984//3165 1981//3165
f 1981//3166 1984//3166 1985//3166
f 1981//3167 1985//3167 1971//3167
f 1986//3168 1987//3168 1988//3168
f 1504//3169 1502//3169 1989//3169
f 1990//3170 1991//3170 1992//3170
f 1993//3171 1994//3171 1995//3171
f 1996//3172 1997//3172 1998//3172
f 1998//3173 1997//3173 1999//3173
f 1998//3174 1999//3174 2000//3174
f 2000//3175 1999//3175 1985//3175
f 2000//3176 1985//3176 1984//3176
f 2001//3177 1996//3177 1991//3177
f 1993//3178 1995//3178 2002//3178
f 1990//3179 1992//3179 2003//3179
f 2003//3180 1992//3180 2004//3180
f 2004//3181 1992//3181 2005//3181
f 2004//3182 2005//3182 2006//3182
f 1991//3183 1996//3183 1992//3183
f 1992//3184 1996//3184 1998//3184
f 1992//3185 1998//3185 2005//3185
f 2005//3186 1998//3186 2000//3186
f 2005//3187 2000//3187 2007//3187
f 2008//3188 2009//3188 2010//3188
f 2010//3189 2009//3189 2011//3189
f 1495//3190 2012//3190 1496//3190
f 1496//3191 2012//3191 2013//3191
f 1496//3192 2013//3192 1498//3192
f 1498//3193 2013//3193 2014//3193
f 1982//3194 1493//3194 2015//3194
f 2015//3195 1493//3195 1492//3195
f 2015//3196 1492//3196 2014//3196
f 2014//3197 1492//3197 1499//3197
f 2014//3198 1499//3198 1498//3198
f 1504//3199 1989//3199 1505//3199
f 2016//3200 1987//3200 1989//3200
f 1989//3201 1987//3201 1986//3201
f 1989//3202 1986//3202 1505//3202
f 1505//3203 1986//3203 1491//3203
f 2016//3204 2017//3204 1987//3204
f 1987//3205 2017//3205 2011//3205
f 1987//3206 2011//3206 1988//3206
f 1988//3207 2011//3207 2009//3207
f 1995//3208 2018//3208 2002//3208
f 2002//3209 2018//3209 2017//3209
f 2002//3210 2017//3210 2019//3210
f 2019//3211 2017//3211 2016//3211
f 1983//3212 1982//3212 2020//3212
f 2020//3213 1982//3213 2015//3213
f 2020//3214 2015//3214 2008//3214
f 2008//3215 2015//3215 2014//3215
f 2008//3216 2014//3216 2009//3216
f 2009//3217 2014//3217 2013//3217
f 2009//3218 2013//3218 1988//3218
f 1988//3219 2013//3219 2012//3219
f 1988//3220 2012//3220 1986//3220
f 1986//3221 2012//3221 1495//3221
f 1986//3222 1495//3222 1491//3222
f 1984//3223 1983//3223 2000//3223
f 2000//3224 1983//3224 2020//3224
f 2000//3225 2020//3225 2007//3225
f 2007//3226 2020//3226 2008//3226
f 2007//3227 2008//3227 2005//3227
f 2005//3228 2008//3228 2010//3228
f 2005//3229 2010//3229 2006//3229
f 2006//3230 2010//3230 2011//3230
f 2006//3231 2011//3231 2004//3231
f 2004//3232 2011//3232 2017//3232
f 2004//3233 2017//3233 2003//3233
f 2003//3234 2017//3234 2018//3234
f 2003//3235 2018//3235 1990//3235
f 1990//3236 2018//3236 1995//3236
f 1990//3237 1995//3237 1991//3237
f 1991//3238 1995//3238 1994//3238
f 1991//3239 1994//3239 2001//3239
f 2001//3240 1994//3240 1993//3240
f 2021//3241 2022//3241 2001//3241
f 2021//3242 2001//3242 2023//3242
f 2023//3243 2001//3243 1993//3243
f 2023//3244 1993//3244 2024//3244
f 2024//3245 1993//3245 2002//3245
f 2024//3245 2002//3245 2025//3245
f 2025//3246 2002//3246 2026//3246
f 2026//3247 2002//3247 2019//3247
f 2026//3248 2019//3248 2027//3248
f 1502//3249 2028//3249 1989//3249
f 1989//3250 2028//3250 2027//3250
f 1989//3251 2027//3251 2016//3251
f 2016//3252 2027//3252 2019//3252
f 2029//3253 2030//3253 2031//3253
f 2032//3254 2033//3254 2031//3254
f 2032//3255 2031//3255 2034//3255
f 2035//3256 2034//3256 2031//3256
f 2036//3257 2035//3257 2031//3257
f 2037//3258 2038//3258 2031//3258
f 2022//3241 2021//3241 2039//3241
f 2039//3259 2021//3259 2040//3259
f 2041//3260 2040//3260 2042//3260
f 2042//3261 2040//3261 2021//3261
f 2042//3262 2021//3262 2043//3262
f 2031//3263 2044//3263 2045//3263
f 2045//3264 2044//3264 2046//3264
f 2036//3265 2031//3265 2045//3265
f 2047//3266 2044//3266 2031//3266
f 2038//3267 2047//3267 2031//3267
f 2048//3268 2037//3268 2031//3268
f 2049//3269 2050//3269 2030//3269
f 2030//3270 2050//3270 2031//3270
f 2048//3271 2031//3271 2050//3271
f 2033//3272 2029//3272 2031//3272
f 2051//3273 2052//3273 2053//3273
f 2054//3274 2055//3274 2052//3274
f 2056//3275 2027//3275 2054//3275
f 2054//3276 2027//3276 2028//3276
f 2054//3277 2028//3277 2055//3277
f 2057//3278 2025//3278 2056//3278
f 2056//3279 2025//3279 2026//3279
f 2056//3280 2026//3280 2027//3280
f 2021//3281 2023//3281 2043//3281
f 2043//3282 2023//3282 2024//3282
f 2043//3283 2024//3283 2058//3283
f 2052//3284 2051//3284 2054//3284
f 2054//3285 2051//3285 2059//3285
f 2054//3286 2059//3286 2056//3286
f 2056//3287 2059//3287 2058//3287
f 2056//3288 2058//3288 2057//3288
f 2057//3289 2058//3289 2024//3289
f 2057//3290 2024//3290 2025//3290
f 2049//3291 2030//3291 2060//3291
f 2060//3292 2030//3292 2029//3292
f 2060//3293 2029//3293 2061//3293
f 2061//3294 2029//3294 2033//3294
f 2061//3295 2033//3295 2053//3295
f 2053//3296 2033//3296 2032//3296
f 2053//3297 2032//3297 2051//3297
f 2051//3298 2032//3298 2034//3298
f 2051//3299 2034//3299 2059//3299
f 2059//3300 2034//3300 2035//3300
f 2059//3301 2035//3301 2058//3301
f 2058//3302 2035//3302 2036//3302
f 2058//3302 2036//3302 2043//3302
f 2043//3303 2036//3303 2045//3303
f 2043//3304 2045//3304 2042//3304
f 2042//3305 2045//3305 2046//3305
f 2042//3306 2046//3306 2041//3306
f 2060//3307 2061//3307 2062//3307
f 2062//3308 2061//3308 2063//3308
f 2061//3309 2053//3309 2063//3309
f 2063//3310 2053//3310 2052//3310
f 2063//3311 2052//3311 2064//3311
f 2052//3312 2055//3312 2064//3312
f 2064//3313 2055//3313 2028//3313
f 2064//3313 2028//3313 2065//3313
f 2066//26 2060//26 2062//26
f 2049//3314 2060//3314 2066//3314
f 2067//3315 2037//3315 2048//3315
f 2067//3316 2048//3316 2066//3316
f 2066//3317 2048//3317 2050//3317
f 2066//3318 2050//3318 2049//3318
f 2037//3319 2067//3319 2038//3319
f 2038//3320 2067//3320 2068//3320
f 2038//3321 2068//3321 2047//3321
f 2040//3322 2041//3322 2069//3322
f 2069//3323 2041//3323 2046//3323
f 2069//3324 2046//3324 2068//3324
f 2068//3325 2046//3325 2044//3325
f 2068//3326 2044//3326 2047//3326
f 2040//3327 2069//3327 2039//3327
f 2039//3328 2069//3328 2070//3328
f 2039//3329 2070//3329 2022//3329
f 2071//3330 2072//3330 2073//3330
f 2074//3331 2075//3331 2076//3331
f 2077//3332 2078//3332 2079//3332
f 2080//3333 2081//3333 2082//3333
f 2083//3334 2084//3334 2085//3334
f 2085//3335 2084//3335 2086//3335
f 2085//3336 2086//3336 2087//3336
f 2087//3337 2086//3337 2070//3337
f 2087//3338 2070//3338 2069//3338
f 2082//3339 2081//3339 2079//3339
f 2079//3340 2081//3340 2088//3340
f 2079//3341 2088//3341 2077//3341
f 2080//3342 2089//3342 2081//3342
f 2081//3343 2089//3343 2083//3343
f 2081//3344 2083//3344 2088//3344
f 2088//3345 2083//3345 2085//3345
f 2088//3346 2085//3346 2077//3346
f 2077//3347 2085//3347 2087//3347
f 2077//3348 2087//3348 2090//3348
f 2091//3349 2092//3349 2093//3349
f 2093//3350 2092//3350 2094//3350
f 2095//3351 2096//3351 2097//3351
f 2097//3352 2096//3352 2098//3352
f 2097//3353 2098//3353 2099//3353
f 2099//3354 2098//3354 2100//3354
f 2067//3355 2066//3355 2101//3355
f 2101//3356 2066//3356 2102//3356
f 2101//3357 2102//3357 2100//3357
f 2100//3358 2102//3358 2103//3358
f 2100//3359 2103//3359 2099//3359
f 2074//3360 2076//3360 2104//3360
f 2105//3361 2072//3361 2076//3361
f 2076//3362 2072//3362 2071//3362
f 2076//3363 2071//3363 2104//3363
f 2104//3364 2071//3364 2106//3364
f 2105//3365 2107//3365 2072//3365
f 2072//3366 2107//3366 2094//3366
f 2072//3367 2094//3367 2073//3367
f 2073//3368 2094//3368 2092//3368
f 2105//3369 2108//3369 2107//3369
f 2107//3370 2108//3370 2109//3370
f 2107//3371 2109//3371 2110//3371
f 2110//3372 2109//3372 2111//3372
f 2110//3373 2111//3373 2112//3373
f 2068//3374 2067//3374 2113//3374
f 2113//3375 2067//3375 2101//3375
f 2113//3376 2101//3376 2091//3376
f 2091//3377 2101//3377 2100//3377
f 2091//3378 2100//3378 2092//3378
f 2092//3379 2100//3379 2098//3379
f 2092//3380 2098//3380 2073//3380
f 2073//3381 2098//3381 2096//3381
f 2073//3382 2096//3382 2071//3382
f 2071//3383 2096//3383 2095//3383
f 2071//3384 2095//3384 2106//3384
f 2069//3385 2068//3385 2087//3385
f 2087//3386 2068//3386 2113//3386
f 2087//3387 2113//3387 2090//3387
f 2090//3388 2113//3388 2091//3388
f 2090//3389 2091//3389 2077//3389
f 2077//3390 2091//3390 2093//3390
f 2077//3391 2093//3391 2078//3391
f 2078//3392 2093//3392 2094//3392
f 2078//3393 2094//3393 2079//3393
f 2079//3394 2094//3394 2107//3394
f 2079//3395 2107//3395 2082//3395
f 2082//3396 2107//3396 2110//3396
f 2082//3397 2110//3397 2080//3397
f 2080//3398 2110//3398 2112//3398
f 2080//3399 2112//3399 2089//3399
f 2089//3400 2112//3400 2114//3400
f 2114//3400 2112//3400 2115//3400
f 2115//3401 2112//3401 2116//3401
f 2116//3402 2112//3402 2111//3402
f 2116//3403 2111//3403 2117//3403
f 2111//3404 2109//3404 2117//3404
f 2117//3405 2109//3405 2108//3405
f 2117//3406 2108//3406 2118//3406
f 2075//3407 2119//3407 2076//3407
f 2076//3408 2119//3408 2118//3408
f 2076//3409 2118//3409 2105//3409
f 2105//3410 2118//3410 2108//3410
f 2120//3411 2121//3411 2122//3411
f 2123//3412 2114//3412 2115//3412
f 2123//3413 2115//3413 2124//3413
f 2125//3414 2126//3414 2127//3414
f 2128//3415 2129//3415 2130//3415
f 2130//3416 2129//3416 2131//3416
f 2130//3417 2131//3417 2132//3417
f 2132//3418 2131//3418 2133//3418
f 2132//3419 2133//3419 2134//3419
f 2129//3420 2125//3420 2131//3420
f 2131//3421 2125//3421 2127//3421
f 2131//3422 2127//3422 2133//3422
f 2133//3423 2127//3423 2135//3423
f 2133//3424 2135//3424 2134//3424
f 2134//3425 2135//3425 2136//3425
f 2134//3426 2136//3426 2137//3426
f 2138//3427 2139//3427 2140//3427
f 2140//3428 2139//3428 2141//3428
f 2140//3429 2141//3429 2142//3429
f 2120//3430 2122//3430 2143//3430
f 2143//3431 2122//3431 2144//3431
f 2143//3432 2144//3432 2145//3432
f 2146//3433 2147//3433 2148//3433
f 2148//3434 2147//3434 2149//3434
f 2148//3435 2149//3435 2150//3435
f 2150//3436 2149//3436 2151//3436
f 2150//3437 2151//3437 2152//3437
f 2153//3438 2154//3438 2155//3438
f 2155//3439 2154//3439 2120//3439
f 2155//3440 2120//3440 2156//3440
f 2156//3441 2120//3441 2143//3441
f 2156//3442 2143//3442 2139//3442
f 2139//3443 2143//3443 2145//3443
f 2139//3444 2145//3444 2141//3444
f 2138//3445 2152//3445 2139//3445
f 2139//3446 2152//3446 2151//3446
f 2139//3447 2151//3447 2156//3447
f 2156//3448 2151//3448 2149//3448
f 2156//3449 2149//3449 2155//3449
f 2155//3450 2149//3450 2147//3450
f 2155//3451 2147//3451 2153//3451
f 2127//3452 2157//3452 2135//3452
f 2135//3453 2157//3453 2124//3453
f 2135//3454 2124//3454 2136//3454
f 2136//3455 2124//3455 2115//3455
f 2136//3456 2115//3456 2137//3456
f 2137//3457 2115//3457 2116//3457
f 2137//3458 2116//3458 2158//3458
f 2158//3459 2116//3459 2117//3459
f 2158//3460 2117//3460 2159//3460
f 2159//3461 2117//3461 2118//3461
f 2159//3462 2118//3462 2160//3462
f 2160//3463 2118//3463 2119//3463
f 2153//3464 2128//3464 2154//3464
f 2154//3465 2128//3465 2130//3465
f 2154//3466 2130//3466 2120//3466
f 2120//3467 2130//3467 2132//3467
f 2120//3468 2132//3468 2121//3468
f 2121//3469 2132//3469 2134//3469
f 2121//3470 2134//3470 2122//3470
f 2122//3471 2134//3471 2137//3471
f 2122//3472 2137//3472 2144//3472
f 2144//3473 2137//3473 2158//3473
f 2144//3474 2158//3474 2145//3474
f 2145//3475 2158//3475 2159//3475
f 2145//3476 2159//3476 2141//3476
f 2141//3477 2159//3477 2160//3477
f 2141//3478 2160//3478 2142//3478
f 2142//3479 2160//3479 2119//3479
f 2161//3480 2162//3480 2163//3480
f 2163//3481 2162//3481 2164//3481
f 2119//3482 2165//3482 2142//3482
f 2142//3483 2165//3483 2166//3483
f 2150//3484 2152//3484 2167//3484
f 2167//3485 2152//3485 2138//3485
f 2167//3486 2138//3486 2166//3486
f 2166//3487 2138//3487 2140//3487
f 2166//3488 2140//3488 2142//3488
f 2167//3489 2168//3489 2150//3489
f 2150//3490 2168//3490 2163//3490
f 2150//3491 2163//3491 2148//3491
f 2148//3492 2163//3492 2164//3492
f 2148//3493 2164//3493 2146//3493
f 2146//40 2164//40 2169//40
f 2169//3494 2164//3494 2170//3494
f 2170//3495 2164//3495 2171//3495
f 2170//3496 2171//3496 2172//3496
f 2172//3497 2171//3497 2173//3497
f 2172//3497 2173//3497 2174//3497
f 2174//3498 2173//3498 2175//3498
f 2175//3499 2173//3499 2176//3499
f 2175//3500 2176//3500 2177//3500
f 2178//41 2179//41 2180//41
f 2181//41 2177//41 2180//41
f 2180//41 2177//41 2176//41
f 2180//41 2176//41 2178//41
f 2181//3501 2180//3501 2182//3501
f 2182//3502 2180//3502 2183//3502
f 2184//3503 2185//3503 2186//3503
f 2186//3504 2185//3504 2187//3504
f 2186//3505 2187//3505 2188//3505
f 2188//3506 2187//3506 2189//3506
f 2188//3507 2189//3507 2190//3507
f 2190//3508 2189//3508 2191//3508
f 2190//3509 2191//3509 2192//3509
f 2192//3510 2191//3510 2193//3510
f 2192//3511 2193//3511 2183//3511
f 2183//3512 2193//3512 2194//3512
f 2183//3513 2194//3513 2182//3513
f 2184//40 2195//40 2196//40
f 2197//40 2198//40 2199//40
f 2200//40 2195//40 2201//40
f 2201//40 2195//40 2184//40
f 2201//40 2184//40 2202//40
f 2203//40 2197//40 2204//40
f 2204//40 2197//40 2199//40
f 2204//40 2199//40 2196//40
f 2196//40 2199//40 2185//40
f 2196//40 2185//40 2184//40
f 2205//3514 2206//3514 2207//3514
f 2208//3515 2209//3515 2210//3515
f 2210//3516 2209//3516 2211//3516
f 2210//3517 2211//3517 2212//3517
f 2213//3518 2203//3518 2214//3518
f 2214//3519 2215//3519 2213//3519
f 2213//3520 2215//3520 2207//3520
f 2213//3521 2207//3521 2216//3521
f 2216//3522 2207//3522 2206//3522
f 2216//3523 2206//3523 2217//3523
f 2218//3524 2217//3524 2219//3524
f 2219//3525 2217//3525 2206//3525
f 2219//3526 2206//3526 2220//3526
f 2220//3527 2206//3527 2205//3527
f 2220//3528 2205//3528 2221//3528
f 2221//3529 2205//3529 2222//3529
f 2214//3530 2223//3530 2215//3530
f 2215//3531 2223//3531 2208//3531
f 2215//3532 2208//3532 2207//3532
f 2207//3533 2208//3533 2210//3533
f 2207//3534 2210//3534 2205//3534
f 2205//3535 2210//3535 2212//3535
f 2205//3536 2212//3536 2222//3536
f 2224//3537 2222//3537 2225//3537
f 2225//3538 2222//3538 2212//3538
f 2225//3539 2212//3539 2226//3539
f 2212//3540 2211//3540 2226//3540
f 2226//3541 2211//3541 2209//3541
f 2226//3542 2209//3542 2227//3542
f 2227//3543 2209//3543 2208//3543
f 2227//3544 2208//3544 2228//3544
f 2208//3545 2223//3545 2228//3545
f 2228//3546 2223//3546 2214//3546
f 2228//3547 2214//3547 2229//3547
f 2229//3548 2214//3548 2203//3548
f 2229//3549 2203//3549 2204//3549
f 1637//41 1636//41 2230//41
f 2224//41 1619//41 2222//41
f 2222//41 1619//41 1618//41
f 1648//41 1647//41 2222//41
f 2222//41 1647//41 1637//41
f 2222//41 1637//41 2231//41
f 2231//41 1637//41 2230//41
f 2231//3550 2230//3550 2232//3550
f 1644//41 1650//41 2222//41
f 2222//41 1650//41 1649//41
f 2222//41 1649//41 1648//41
f 1618//3551 1646//3551 2222//3551
f 2222//41 1646//41 1645//41
f 2222//3552 1645//3552 1644//3552
f 2233//3553 1654//3553 1657//3553
f 1657//3554 2234//3554 2233//3554
f 2233//3555 2234//3555 2235//3555
f 2233//3556 2235//3556 2236//3556
f 2236//3557 2235//3557 2237//3557
f 2233//3558 2238//3558 1654//3558
f 1654//3559 2238//3559 2232//3559
f 1654//3560 2232//3560 2230//3560
f 1636//3561 1634//3561 2230//3561
f 2230//3562 1634//3562 1633//3562
f 2230//3563 1633//3563 1654//3563
f 2239//3564 2237//3564 2219//3564
f 2235//3565 2234//3565 2240//3565
f 2241//3566 2242//3566 2237//3566
f 2237//3567 2242//3567 2218//3567
f 2237//3568 2218//3568 2219//3568
f 2235//3569 2240//3569 2237//3569
f 2237//3570 2240//3570 2243//3570
f 2237//3571 2243//3571 2241//3571
f 2222//3572 2231//3572 2221//3572
f 2221//3573 2231//3573 2239//3573
f 2221//3574 2239//3574 2220//3574
f 2220//3575 2239//3575 2219//3575
f 180//3576 178//3576 2244//3576
f 2244//3577 178//3577 177//3577
f 2244//3578 177//3578 2245//3578
f 2245//3579 177//3579 182//3579
f 2245//3580 182//3580 184//3580
f 180//3581 2244//3581 181//3581
f 181//3582 2244//3582 2246//3582
f 181//3583 2246//3583 175//3583
f 1655//3584 1337//3584 2247//3584
f 2247//3585 1337//3585 174//3585
f 2247//3586 174//3586 2242//3586
f 2242//3587 174//3587 175//3587
f 2242//3588 175//3588 2218//3588
f 2218//3589 175//3589 2246//3589
f 299//3329 298//3329 2086//3329
f 2086//3590 298//3590 2070//3590
f 1999//3590 292//3590 1985//3590
f 1985//3329 292//3329 303//3329
f 1985//3329 303//3329 1971//3329
f 1971//3329 303//3329 305//3329
f 1997//3329 295//3329 1999//3329
f 1999//3329 295//3329 293//3329
f 1999//3329 293//3329 292//3329
f 2114//3329 2123//3329 274//3329
f 274//3329 2123//3329 275//3329
f 2022//3329 2070//3329 2001//3329
f 2001//3329 2070//3329 298//3329
f 2001//3329 298//3329 1996//3329
f 1996//3329 298//3329 297//3329
f 1996//3329 297//3329 1997//3329
f 1997//3329 297//3329 296//3329
f 1997//3329 296//3329 295//3329
f 299//3329 2086//3329 300//3329
f 300//3329 2086//3329 2084//3329
f 300//3329 2084//3329 301//3329
f 301//3329 2084//3329 2083//3329
f 301//3329 2083//3329 274//3329
f 274//3329 2083//3329 2089//3329
f 274//3329 2089//3329 2114//3329
f 266//3329 267//3329 2248//3329
f 2248//3329 267//3329 268//3329
f 2248//3329 268//3329 2249//3329
f 2249//3329 268//3329 269//3329
f 2249//3329 269//3329 2250//3329
f 266//3329 2248//3329 262//3329
f 262//3329 2248//3329 2245//3329
f 262//3590 2245//3590 184//3590
f 2251//3329 2252//3329 2126//3329
f 2126//3591 2252//3591 2253//3591
f 2126//3329 2253//3329 2127//3329
f 2123//3329 2124//3329 275//3329
f 275//3329 2124//3329 2157//3329
f 275//3329 2157//3329 277//3329
f 277//3590 2157//3590 2127//3590
f 277//3329 2127//3329 278//3329
f 278//3329 2127//3329 2253//3329
f 278//3329 2253//3329 259//3329
f 259//3329 2253//3329 2254//3329
f 259//3329 2254//3329 273//3329
f 273//3329 2254//3329 2250//3329
f 273//3329 2250//3329 271//3329
f 271//3329 2250//3329 269//3329
f 2129//3592 2128//3592 2255//3592
f 2255//3593 2128//3593 2153//3593
f 2255//3594 2153//3594 2169//3594
f 2169//3595 2153//3595 2147//3595
f 2169//3596 2147//3596 2146//3596
f 2255//3597 2256//3597 2129//3597
f 2129//3598 2256//3598 2257//3598
f 2129//3599 2257//3599 2125//3599
f 2251//3600 2126//3600 2258//3600
f 2258//3601 2126//3601 2125//3601
f 2258//3602 2125//3602 2259//3602
f 2259//3603 2125//3603 2257//3603
f 2260//3604 2261//3604 2262//3604
f 2169//3605 2263//3605 2255//3605
f 2174//3606 2264//3606 2172//3606
f 2264//3607 2174//3607 2265//3607
f 2255//3608 2263//3608 2256//3608
f 2256//3609 2263//3609 2266//3609
f 2256//3610 2266//3610 2257//3610
f 2257//3611 2266//3611 2259//3611
f 2259//3612 2266//3612 2262//3612
f 2259//3613 2262//3613 2258//3613
f 2258//3614 2262//3614 2261//3614
f 2258//3615 2261//3615 2251//3615
f 2174//3616 2175//3616 2265//3616
f 2265//3617 2175//3617 2177//3617
f 2265//3618 2177//3618 2267//3618
f 2267//3619 2177//3619 2268//3619
f 2267//3620 2268//3620 2269//3620
f 2169//3621 2170//3621 2263//3621
f 2263//3622 2170//3622 2270//3622
f 2263//3623 2270//3623 2266//3623
f 2266//3623 2270//3623 2271//3623
f 2266//3624 2271//3624 2262//3624
f 2262//3625 2271//3625 2272//3625
f 2262//3626 2272//3626 2260//3626
f 2260//3627 2272//3627 2273//3627
f 2170//3628 2172//3628 2270//3628
f 2270//3629 2172//3629 2264//3629
f 2270//3630 2264//3630 2271//3630
f 2271//3631 2264//3631 2265//3631
f 2271//3632 2265//3632 2272//3632
f 2272//3633 2265//3633 2267//3633
f 2272//3634 2267//3634 2273//3634
f 2273//3635 2267//3635 2269//3635
f 2252//3636 2251//3636 2261//3636
f 2252//3637 2261//3637 2274//3637
f 2274//3638 2261//3638 2260//3638
f 2274//3639 2260//3639 2275//3639
f 2275//3640 2260//3640 2273//3640
f 2275//3641 2273//3641 2276//3641
f 2276//3642 2273//3642 2269//3642
f 2276//3643 2269//3643 2277//3643
f 2269//3644 2268//3644 2277//3644
f 2277//3645 2268//3645 2177//3645
f 2277//3645 2177//3645 2181//3645
f 2278//3646 2279//3646 2280//3646
f 2253//3647 2252//3647 2274//3647
f 2253//3648 2274//3648 2254//3648
f 2281//3649 2248//3649 2249//3649
f 2282//3650 2283//3650 2284//3650
f 2284//3651 2283//3651 2285//3651
f 2284//3652 2285//3652 2286//3652
f 2286//3653 2285//3653 2287//3653
f 2286//3654 2287//3654 2288//3654
f 2283//3655 2281//3655 2285//3655
f 2285//3656 2281//3656 2249//3656
f 2285//3657 2249//3657 2287//3657
f 2287//3658 2249//3658 2289//3658
f 2287//3659 2289//3659 2288//3659
f 2288//3660 2289//3660 2290//3660
f 2288//3661 2290//3661 2291//3661
f 2193//3662 2292//3662 2194//3662
f 2194//3663 2292//3663 2293//3663
f 2194//3664 2293//3664 2182//3664
f 2278//3665 2280//3665 2294//3665
f 2294//3666 2280//3666 2295//3666
f 2294//3667 2295//3667 2296//3667
f 2185//3668 2297//3668 2187//3668
f 2187//3669 2297//3669 2298//3669
f 2187//3670 2298//3670 2189//3670
f 2189//3671 2298//3671 2299//3671
f 2189//3672 2299//3672 2191//3672
f 2300//3673 2301//3673 2302//3673
f 2302//3674 2301//3674 2278//3674
f 2302//3675 2278//3675 2303//3675
f 2303//3676 2278//3676 2294//3676
f 2303//3677 2294//3677 2292//3677
f 2292//3678 2294//3678 2296//3678
f 2292//3679 2296//3679 2293//3679
f 2193//3680 2191//3680 2292//3680
f 2292//3681 2191//3681 2299//3681
f 2292//3682 2299//3682 2303//3682
f 2303//3683 2299//3683 2298//3683
f 2303//3684 2298//3684 2302//3684
f 2302//3685 2298//3685 2297//3685
f 2302//3686 2297//3686 2300//3686
f 2249//3687 2250//3687 2289//3687
f 2289//3688 2250//3688 2254//3688
f 2289//3689 2254//3689 2290//3689
f 2290//3690 2254//3690 2274//3690
f 2290//3691 2274//3691 2291//3691
f 2291//3692 2274//3692 2275//3692
f 2291//3693 2275//3693 2304//3693
f 2304//3694 2275//3694 2276//3694
f 2304//3695 2276//3695 2305//3695
f 2305//3696 2276//3696 2277//3696
f 2305//3697 2277//3697 2306//3697
f 2306//3698 2277//3698 2181//3698
f 2300//3699 2282//3699 2301//3699
f 2301//3700 2282//3700 2284//3700
f 2301//3701 2284//3701 2278//3701
f 2278//3702 2284//3702 2286//3702
f 2278//3703 2286//3703 2279//3703
f 2279//3704 2286//3704 2288//3704
f 2279//3705 2288//3705 2280//3705
f 2280//3706 2288//3706 2291//3706
f 2280//3707 2291//3707 2295//3707
f 2295//3708 2291//3708 2304//3708
f 2295//3709 2304//3709 2296//3709
f 2296//3710 2304//3710 2305//3710
f 2296//3711 2305//3711 2293//3711
f 2293//3712 2305//3712 2306//3712
f 2293//3713 2306//3713 2182//3713
f 2182//3714 2306//3714 2181//3714
f 2185//3596 2199//3596 2297//3596
f 2297//3715 2199//3715 2307//3715
f 2297//3716 2307//3716 2300//3716
f 2300//3593 2307//3593 2282//3593
f 2282//3717 2307//3717 2308//3717
f 2282//3718 2308//3718 2283//3718
f 2283//3719 2308//3719 2309//3719
f 2283//3720 2309//3720 2281//3720
f 2281//3721 2309//3721 2245//3721
f 2281//3722 2245//3722 2248//3722
f 2199//3723 2198//3723 2307//3723
f 2307//3724 2198//3724 2310//3724
f 2307//3725 2310//3725 2308//3725
f 2308//3725 2310//3725 2311//3725
f 2308//3726 2311//3726 2309//3726
f 2309//3727 2311//3727 2312//3727
f 2309//3728 2312//3728 2245//3728
f 2245//3729 2312//3729 2244//3729
f 2198//3730 2197//3730 2310//3730
f 2310//3731 2197//3731 2313//3731
f 2310//3732 2313//3732 2311//3732
f 2311//3733 2313//3733 2314//3733
f 2311//3734 2314//3734 2312//3734
f 2312//3734 2314//3734 2315//3734
f 2312//3735 2315//3735 2244//3735
f 2244//3736 2315//3736 2246//3736
f 2197//3737 2203//3737 2313//3737
f 2313//3738 2203//3738 2213//3738
f 2313//3739 2213//3739 2314//3739
f 2314//3740 2213//3740 2216//3740
f 2314//3741 2216//3741 2315//3741
f 2315//3742 2216//3742 2217//3742
f 2315//3743 2217//3743 2246//3743
f 2246//3743 2217//3743 2218//3743
f 2316//3744 2317//3744 2318//3744
f 2318//3745 2317//3745 2319//3745
f 2318//3746 2319//3746 2320//3746
f 2320//3747 2319//3747 2321//3747
f 2320//3748 2321//3748 2322//3748
f 2322//3749 2321//3749 2323//3749
f 2322//3750 2323//3750 2324//3750
f 2324//3751 2323//3751 2325//3751
f 2324//3752 2325//3752 2326//3752
f 2326//3753 2325//3753 2327//3753
f 2326//3754 2327//3754 2328//3754
f 2328//3755 2327//3755 2329//3755
f 2328//3756 2329//3756 2330//3756
f 2330//3757 2329//3757 2331//3757
f 2330//3758 2331//3758 2332//3758
f 2332//3759 2331//3759 2333//3759
f 2332//3760 2333//3760 2334//3760
f 2334//3761 2333//3761 2335//3761
f 2334//3762 2335//3762 2336//3762
f 2336//3763 2335//3763 2337//3763
f 2336//28 2337//28 2338//28
f 2338//3764 2337//3764 2339//3764
f 2338//3765 2339//3765 2340//3765
f 2340//3766 2339//3766 2341//3766
f 2340//3767 2341//3767 2342//3767
f 2342//3768 2341//3768 2343//3768
f 2342//3769 2343//3769 2344//3769
f 2344//3770 2343//3770 2345//3770
f 2344//32 2345//32 2346//32
f 2345//3771 2347//3771 2346//3771
f 2346//3772 2347//3772 2348//3772
f 2346//3773 2348//3773 2349//3773
f 2349//3774 2348//3774 2350//3774
f 2349//3775 2350//3775 2351//3775
f 2351//3776 2350//3776 2352//3776
f 2351//3777 2352//3777 2353//3777
f 2353//3778 2352//3778 2354//3778
f 2353//36 2354//36 2355//36
f 2355//3779 2354//3779 2356//3779
f 2355//3780 2356//3780 2357//3780
f 2357//3781 2356//3781 2358//3781
f 2357//38 2358//38 2359//38
f 2359//3782 2358//3782 2360//3782
f 2359//3783 2360//3783 2361//3783
f 2361//3784 2360//3784 2362//3784
f 2361//3785 2362//3785 2363//3785
f 2363//3786 2362//3786 2364//3786
f 2363//3787 2364//3787 2365//3787
f 2365//3788 2364//3788 2366//3788
f 2365//3789 2366//3789 2367//3789
f 2367//3790 2366//3790 2368//3790
f 2367//3791 2368//3791 2316//3791
f 2316//3792 2368//3792 2369//3792
f 2316//3793 2369//3793 2317//3793
f 2316//3794 2370//3794 2367//3794
f 2367//3794 2370//3794 2371//3794
f 2367//3795 2371//3795 2365//3795
f 2365//3796 2371//3796 2372//3796
f 2365//3797 2372//3797 2363//3797
f 2363//3797 2372//3797 2373//3797
f 2363//3798 2373//3798 2361//3798
f 2361//3799 2373//3799 2374//3799
f 2361//3800 2374//3800 2359//3800
f 2359//3801 2374//3801 2375//3801
f 2359//3802 2375//3802 2357//3802
f 2357//3802 2375//3802 2376//3802
f 2357//3803 2376//3803 2355//3803
f 2355//3803 2376//3803 2377//3803
f 2355//3804 2377//3804 2353//3804
f 2353//3805 2377//3805 2378//3805
f 2353//3806 2378//3806 2351//3806
f 2351//3806 2378//3806 2379//3806
f 2351//3807 2379//3807 2349//3807
f 2349//3807 2379//3807 2380//3807
f 2349//3808 2380//3808 2346//3808
f 2346//3808 2380//3808 2381//3808
f 2346//3809 2381//3809 2344//3809
f 2344//3810 2381//3810 2382//3810
f 2344//3811 2382//3811 2342//3811
f 2342//3811 2382//3811 2383//3811
f 2342//3812 2383//3812 2340//3812
f 2340//3813 2383//3813 2384//3813
f 2340//3814 2384//3814 2338//3814
f 2338//3814 2384//3814 2385//3814
f 2338//3815 2385//3815 2336//3815
f 2336//3815 2385//3815 2386//3815
f 2336//3816 2386//3816 2334//3816
f 2334//3816 2386//3816 2387//3816
f 2334//3817 2387//3817 2332//3817
f 2332//3818 2387//3818 2388//3818
f 2332//3819 2388//3819 2330//3819
f 2330//3819 2388//3819 2389//3819
f 2330//3820 2389//3820 2328//3820
f 2328//3821 2389//3821 2390//3821
f 2328//3822 2390//3822 2326//3822
f 2326//3822 2390//3822 2391//3822
f 2326//3823 2391//3823 2324//3823
f 2324//3823 2391//3823 2392//3823
f 2324//3824 2392//3824 2322//3824
f 2322//3825 2392//3825 2393//3825
f 2322//3826 2393//3826 2320//3826
f 2320//3826 2393//3826 2394//3826
f 2320//3827 2394//3827 2318//3827
f 2318//3827 2394//3827 2395//3827
f 2318//3828 2395//3828 2316//3828
f 2316//3829 2395//3829 2370//3829
f 2396//26 2397//26 2381//26
f 2381//26 2397//26 2398//26
f 2381//26 2398//26 2382//26
f 2382//3830 2398//3830 2399//3830
f 2382//26 2399//26 2383//26
f 2383//26 2399//26 2400//26
f 2383//26 2400//26 2384//26
f 2384//26 2400//26 2401//26
f 2381//26 2380//26 2396//26
f 2396//26 2380//26 2379//26
f 2396//26 2379//26 2402//26
f 2402//26 2379//26 2378//26
f 2402//26 2378//26 2403//26
f 2403//26 2378//26 2377//26
f 2403//26 2377//26 2404//26
f 2404//26 2377//26 2376//26
f 2404//26 2376//26 2405//26
f 2405//26 2376//26 2375//26
f 2405//26 2375//26 2406//26
f 2407//26 2389//26 2408//26
f 2408//26 2389//26 2388//26
f 2408//26 2388//26 2409//26
f 2409//26 2388//26 2387//26
f 2409//26 2387//26 2410//26
f 2410//26 2387//26 2386//26
f 2410//26 2386//26 2401//26
f 2401//26 2386//26 2385//26
f 2401//26 2385//26 2384//26
f 2375//26 2374//26 2406//26
f 2406//26 2374//26 2373//26
f 2406//26 2373//26 2411//26
f 2411//26 2373//26 2372//26
f 2411//26 2372//26 2412//26
f 2412//26 2372//26 2371//26
f 2412//26 2371//26 2413//26
f 2413//26 2371//26 2370//26
f 2413//26 2370//26 2414//26
f 2414//26 2370//26 2395//26
f 2414//26 2395//26 2415//26
f 2415//26 2395//26 2394//26
f 2415//26 2394//26 2416//26
f 2416//26 2394//26 2393//26
f 2416//26 2393//26 2417//26
f 2417//26 2393//26 2392//26
f 2417//26 2392//26 2418//26
f 2418//26 2392//26 2391//26
f 2418//26 2391//26 2407//26
f 2407//26 2391//26 2390//26
f 2407//26 2390//26 2389//26
f 2413//3831 2414//3831 2419//3831
f 2419//3832 2414//3832 2420//3832
f 2414//3832 2415//3832 2420//3832
f 2420//3833 2415//3833 2416//3833
f 2420//3833 2416//3833 2421//3833
f 2421//3834 2416//3834 2417//3834
f 2421//3834 2417//3834 2422//3834
f 2422//3835 2417//3835 2418//3835
f 2422//3835 2418//3835 2423//3835
f 2423//3836 2418//3836 2407//3836
f 2423//3837 2407//3837 2424//3837
f 2424//3838 2407//3838 2408//3838
f 2424//3838 2408//3838 2425//3838
f 2425//3839 2408//3839 2409//3839
f 2425//3839 2409//3839 2426//3839
f 2426//3840 2409//3840 2410//3840
f 2426//3840 2410//3840 2427//3840
f 2427//3841 2410//3841 2401//3841
f 2427//3842 2401//3842 2428//3842
f 2428//3843 2401//3843 2400//3843
f 2428//3844 2400//3844 2429//3844
f 2429//3845 2400//3845 2399//3845
f 2429//3845 2399//3845 2430//3845
f 2430//3846 2399//3846 2398//3846
f 2430//3847 2398//3847 2431//3847
f 2431//3848 2398//3848 2397//3848
f 2431//3849 2397//3849 2432//3849
f 2432//3850 2397//3850 2396//3850
f 2432//3850 2396//3850 2433//3850
f 2433//3851 2396//3851 2402//3851
f 2433//3851 2402//3851 2434//3851
f 2434//3852 2402//3852 2403//3852
f 2434//3853 2403//3853 2435//3853
f 2435//3854 2403//3854 2404//3854
f 2435//3854 2404//3854 2436//3854
f 2436//3855 2404//3855 2405//3855
f 2436//3855 2405//3855 2437//3855
f 2437//3856 2405//3856 2406//3856
f 2437//3856 2406//3856 2438//3856
f 2438//3857 2406//3857 2411//3857
f 2438//3857 2411//3857 2439//3857
f 2439//3858 2411//3858 2412//3858
f 2439//3858 2412//3858 2440//3858
f 2440//3859 2412//3859 2413//3859
f 2440//3859 2413//3859 2441//3859
f 2441//3831 2413//3831 2419//3831
f 2442//40 2443//40 2444//40
f 2445//40 2446//40 2447//40
f 2447//40 2446//40 2448//40
f 2447//40 2448//40 2449//40
f 2446//40 2450//40 2448//40
f 2448//40 2450//40 2451//40
f 2448//40 2451//40 2452//40
f 2452//40 2451//40 2453//40
f 2454//40 2455//40 2456//40
f 2456//40 2455//40 2457//40
f 2456//40 2457//40 2458//40
f 2458//40 2457//40 2459//40
f 2458//40 2459//40 2460//40
f 2443//40 2442//40 2461//40
f 2461//40 2442//40 2454//40
f 2461//40 2454//40 2462//40
f 2444//40 2463//40 2442//40
f 2442//40 2463//40 2464//40
f 2442//40 2464//40 2465//40
f 2465//40 2464//40 2466//40
f 2465//40 2466//40 2467//40
f 2468//40 2469//40 2453//40
f 2453//40 2469//40 2470//40
f 2453//40 2470//40 2452//40
f 2459//40 2471//40 2460//40
f 2460//40 2471//40 2472//40
f 2460//40 2472//40 2473//40
f 2473//40 2472//40 2474//40
f 2473//40 2474//40 2468//40
f 2468//40 2474//40 2475//40
f 2468//40 2475//40 2469//40
f 2445//40 2447//40 2476//40
f 2476//40 2447//40 2477//40
f 2476//40 2477//40 2462//40
f 2467//40 2478//40 2465//40
f 2465//40 2478//40 2479//40
f 2465//40 2479//40 2448//40
f 2448//40 2479//40 2480//40
f 2448//40 2480//40 2449//40
f 2456//40 2481//40 2454//40
f 2454//40 2481//40 2482//40
f 2454//40 2482//40 2462//40
f 2462//40 2482//40 2483//40
f 2462//40 2483//40 2476//40
f 2454//3860 2484//3860 2485//3860
f 2454//3860 2485//3860 2455//3860
f 2455//3861 2485//3861 2486//3861
f 2455//3861 2486//3861 2457//3861
f 2457//3862 2486//3862 2487//3862
f 2457//3862 2487//3862 2459//3862
f 2459//3863 2487//3863 2488//3863
f 2459//3864 2488//3864 2471//3864
f 2471//3865 2488//3865 2489//3865
f 2471//3866 2489//3866 2472//3866
f 2472//3867 2489//3867 2490//3867
f 2472//3867 2490//3867 2474//3867
f 2474//3868 2490//3868 2491//3868
f 2474//3869 2491//3869 2475//3869
f 2475//3870 2491//3870 2492//3870
f 2475//3870 2492//3870 2469//3870
f 2469//3871 2492//3871 2493//3871
f 2469//3871 2493//3871 2470//3871
f 2470//3872 2493//3872 2494//3872
f 2470//3872 2494//3872 2452//3872
f 2452//3873 2494//3873 2495//3873
f 2452//3873 2495//3873 2448//3873
f 2484//3497 2454//3497 2496//3497
f 2496//3497 2454//3497 2442//3497
f 2496//3497 2442//3497 2497//3497
f 2498//3874 2499//3874 2500//3874
f 2500//40 2499//40 2501//40
f 2502//40 2503//40 2504//40
f 2504//40 2503//40 2505//40
f 2504//40 2505//40 2506//40
f 2501//40 2499//40 2507//40
f 2507//3875 2499//3875 2508//3875
f 2507//40 2508//40 2509//40
f 2510//40 2511//40 2512//40
f 2512//40 2511//40 2513//40
f 2512//40 2513//40 2514//40
f 2514//40 2513//40 2515//40
f 2514//40 2515//40 2516//40
f 2508//40 2517//40 2509//40
f 2509//40 2517//40 2518//40
f 2509//40 2518//40 2510//40
f 2510//40 2518//40 2519//40
f 2510//40 2519//40 2511//40
f 2505//40 2520//40 2506//40
f 2506//40 2520//40 2514//40
f 2506//40 2514//40 2521//40
f 2521//40 2514//40 2516//40
f 2522//26 2523//26 2524//26
f 2524//26 2523//26 2525//26
f 2526//26 2527//26 2528//26
f 2528//26 2527//26 2529//26
f 2528//26 2529//26 2530//26
f 2530//26 2529//26 2531//26
f 2530//26 2531//26 2532//26
f 2532//26 2531//26 2524//26
f 2532//26 2524//26 2533//26
f 2533//26 2524//26 2525//26
f 2533//26 2525//26 2534//26
f 2535//26 2536//26 2537//26
f 2537//26 2536//26 2538//26
f 2537//26 2538//26 2526//26
f 2526//26 2538//26 2539//26
f 2526//26 2539//26 2527//26
f 2525//26 2540//26 2534//26
f 2534//26 2540//26 2541//26
f 2534//26 2541//26 2542//26
f 2542//26 2541//26 2543//26
f 2542//26 2543//26 2544//26
f 2544//26 2543//26 2545//26
f 2546//26 2547//26 2548//26
f 2548//26 2547//26 2549//26
f 2548//26 2549//26 2535//26
f 2535//26 2549//26 2550//26
f 2535//26 2550//26 2536//26
f 2551//26 2552//26 2553//26
f 2553//26 2552//26 2554//26
f 2553//26 2554//26 2555//26
f 2555//26 2554//26 2556//26
f 2555//26 2556//26 2557//26
f 2557//26 2558//26 2555//26
f 2555//26 2558//26 2559//26
f 2555//26 2559//26 2524//26
f 2524//26 2559//26 2560//26
f 2524//26 2560//26 2522//26
f 2543//26 2551//26 2545//26
f 2545//26 2551//26 2553//26
f 2545//26 2553//26 2561//26
f 2561//26 2553//26 2562//26
f 2561//26 2562//26 2546//26
f 2546//26 2562//26 2563//26
f 2546//26 2563//26 2547//26
f 2564//44 2524//44 2565//44
f 2565//44 2524//44 2531//44
f 2565//44 2531//44 2566//44
f 2553//3876 2567//3876 2568//3876
f 2553//3876 2568//3876 2562//3876
f 2562//3877 2568//3877 2569//3877
f 2562//3877 2569//3877 2563//3877
f 2563//3878 2569//3878 2570//3878
f 2563//3878 2570//3878 2547//3878
f 2547//3879 2570//3879 2571//3879
f 2547//3879 2571//3879 2549//3879
f 2549//3880 2571//3880 2572//3880
f 2549//3880 2572//3880 2550//3880
f 2550//3881 2572//3881 2573//3881
f 2550//3881 2573//3881 2536//3881
f 2536//3882 2573//3882 2574//3882
f 2536//3882 2574//3882 2538//3882
f 2538//3883 2574//3883 2575//3883
f 2538//3883 2575//3883 2539//3883
f 2539//3884 2575//3884 2576//3884
f 2539//3884 2576//3884 2527//3884
f 2527//3885 2576//3885 2577//3885
f 2527//3885 2577//3885 2529//3885
f 2529//3886 2577//3886 2566//3886
f 2529//3886 2566//3886 2531//3886
f 2578//3887 2579//3887 2580//3887
f 2580//26 2581//26 2578//26
f 2578//26 2581//26 2582//26
f 2578//3887 2582//3887 2583//3887
f 2583//26 2582//26 2584//26
f 2583//26 2584//26 2585//26
f 2586//26 2587//26 2588//26
f 2588//26 2587//26 2589//26
f 2588//26 2589//26 2590//26
f 2591//26 2592//26 2586//26
f 2586//26 2592//26 2593//26
f 2586//26 2593//26 2587//26
f 2594//26 2595//26 2584//26
f 2584//26 2595//26 2596//26
f 2584//26 2596//26 2585//26
f 2591//26 2597//26 2592//26
f 2592//26 2597//26 2598//26
f 2592//26 2598//26 2599//26
f 2599//26 2598//26 2600//26
f 2599//26 2600//26 2594//26
f 2594//26 2600//26 2601//26
f 2594//26 2601//26 2595//26
f 2567//3888 2578//3888 2583//3888
f 2567//3888 2583//3888 2568//3888
f 2568//3889 2583//3889 2585//3889
f 2568//3889 2585//3889 2569//3889
f 2569//3890 2585//3890 2596//3890
f 2569//3890 2596//3890 2570//3890
f 2570//3891 2596//3891 2595//3891
f 2570//3892 2595//3892 2571//3892
f 2571//3893 2595//3893 2601//3893
f 2571//3893 2601//3893 2572//3893
f 2572//3894 2601//3894 2600//3894
f 2572//3894 2600//3894 2573//3894
f 2573//3895 2600//3895 2598//3895
f 2573//3896 2598//3896 2574//3896
f 2574//3897 2598//3897 2597//3897
f 2574//3897 2597//3897 2575//3897
f 2575//3898 2597//3898 2591//3898
f 2575//3898 2591//3898 2576//3898
f 2576//3899 2591//3899 2586//3899
f 2576//3899 2586//3899 2577//3899
f 2577//3900 2586//3900 2588//3900
f 2577//3900 2588//3900 2566//3900
f 2504//41 2484//41 2496//41
f 2565//41 2566//41 2588//41
f 2590//41 2502//41 2588//41
f 2588//41 2502//41 2504//41
f 2588//41 2504//41 2565//41
f 2565//41 2504//41 2496//41
f 2499//3888 2495//3888 2494//3888
f 2499//3888 2494//3888 2508//3888
f 2508//3889 2494//3889 2493//3889
f 2508//3889 2493//3889 2517//3889
f 2517//3890 2493//3890 2492//3890
f 2517//3890 2492//3890 2518//3890
f 2518//3891 2492//3891 2491//3891
f 2518//3891 2491//3891 2519//3891
f 2519//3893 2491//3893 2490//3893
f 2519//3893 2490//3893 2511//3893
f 2511//3894 2490//3894 2489//3894
f 2511//3894 2489//3894 2513//3894
f 2513//3896 2489//3896 2488//3896
f 2513//3895 2488//3895 2515//3895
f 2515//3897 2488//3897 2487//3897
f 2515//3901 2487//3901 2516//3901
f 2516//3898 2487//3898 2486//3898
f 2516//3898 2486//3898 2521//3898
f 2521//3899 2486//3899 2485//3899
f 2521//3899 2485//3899 2506//3899
f 2506//3900 2485//3900 2484//3900
f 2506//3900 2484//3900 2504//3900
f 2602//14 2495//14 2499//14
f 2498//14 2579//14 2499//14
f 2499//14 2579//14 2578//14
f 2499//14 2578//14 2602//14
f 2602//14 2578//14 2603//14
f 2604//3902 2605//3902 2606//3902
f 2606//3903 2605//3903 2603//3903
f 2606//14 2603//14 2607//14
f 2607//14 2603//14 2578//14
f 2607//14 2578//14 2567//14
f 2502//3904 2608//3904 2609//3904
f 2579//3905 2498//3905 2610//3905
f 2580//3906 2579//3906 2437//3906
f 2610//3907 2498//3907 2611//3907
f 2437//14 2438//14 2580//14
f 2580//3908 2438//3908 2439//3908
f 2580//3908 2439//3908 2581//3908
f 2581//3909 2439//3909 2440//3909
f 2581//3909 2440//3909 2582//3909
f 2582//3910 2440//3910 2441//3910
f 2582//3910 2441//3910 2584//3910
f 2584//3911 2441//3911 2419//3911
f 2584//3912 2419//3912 2594//3912
f 2502//3904 2609//3904 2503//3904
f 2503//3913 2609//3913 2612//3913
f 2503//3913 2612//3913 2505//3913
f 2505//3914 2612//3914 2613//3914
f 2505//3915 2613//3915 2520//3915
f 2520//3916 2613//3916 2614//3916
f 2520//3916 2614//3916 2514//3916
f 2514//3917 2614//3917 2615//3917
f 2514//3917 2615//3917 2512//3917
f 2512//3918 2615//3918 2616//3918
f 2512//3918 2616//3918 2510//3918
f 2510//3919 2616//3919 2617//3919
f 2510//3920 2617//3920 2509//3920
f 2498//3921 2500//3921 2611//3921
f 2611//3908 2500//3908 2501//3908
f 2611//3908 2501//3908 2618//3908
f 2618//3909 2501//3909 2507//3909
f 2618//3909 2507//3909 2619//3909
f 2619//3910 2507//3910 2509//3910
f 2619//3910 2509//3910 2620//3910
f 2620//3922 2509//3922 2617//3922
f 2579//3905 2610//3905 2437//3905
f 2437//3923 2610//3923 2621//3923
f 2437//3924 2621//3924 2436//3924
f 2436//3925 2621//3925 2622//3925
f 2436//3925 2622//3925 2435//3925
f 2435//3926 2622//3926 2623//3926
f 2435//3926 2623//3926 2434//3926
f 2434//3927 2623//3927 2624//3927
f 2434//3928 2624//3928 2433//3928
f 2433//3929 2624//3929 2625//3929
f 2433//3930 2625//3930 2432//3930
f 2432//3931 2625//3931 2431//3931
f 2431//3932 2625//3932 2626//3932
f 2431//3933 2626//3933 2430//3933
f 2430//3934 2626//3934 2627//3934
f 2430//3934 2627//3934 2429//3934
f 2429//3935 2627//3935 2628//3935
f 2429//3936 2628//3936 2428//3936
f 2428//3937 2628//3937 2629//3937
f 2428//3937 2629//3937 2427//3937
f 2419//3919 2420//3919 2594//3919
f 2594//3918 2420//3918 2421//3918
f 2594//3918 2421//3918 2599//3918
f 2599//3917 2421//3917 2422//3917
f 2599//3917 2422//3917 2592//3917
f 2592//3916 2422//3916 2423//3916
f 2592//3916 2423//3916 2593//3916
f 2593//3915 2423//3915 2424//3915
f 2593//3914 2424//3914 2587//3914
f 2587//3913 2424//3913 2425//3913
f 2587//3913 2425//3913 2589//3913
f 2589//3904 2425//3904 2426//3904
f 2589//3904 2426//3904 2590//3904
f 2590//3938 2426//3938 2427//3938
f 2590//3938 2427//3938 2502//3938
f 2502//3938 2427//3938 2629//3938
f 2502//3938 2629//3938 2608//3938
f 2617//3939 2630//3939 2620//3939
f 2620//3940 2630//3940 2631//3940
f 2620//3941 2631//3941 2619//3941
f 2619//3942 2631//3942 2632//3942
f 2619//3942 2632//3942 2618//3942
f 2618//3943 2632//3943 2633//3943
f 2618//3943 2633//3943 2611//3943
f 2611//3944 2633//3944 2634//3944
f 2611//3944 2634//3944 2610//3944
f 2610//3945 2634//3945 2635//3945
f 2610//3945 2635//3945 2621//3945
f 2621//3946 2635//3946 2636//3946
f 2621//3946 2636//3946 2622//3946
f 2622//3947 2636//3947 2637//3947
f 2622//3948 2637//3948 2623//3948
f 2623//3949 2637//3949 2638//3949
f 2623//3950 2638//3950 2624//3950
f 2624//3951 2638//3951 2639//3951
f 2624//3952 2639//3952 2625//3952
f 2625//3953 2639//3953 2640//3953
f 2625//3954 2640//3954 2626//3954
f 2626//3955 2640//3955 2641//3955
f 2626//3955 2641//3955 2627//3955
f 2627//3956 2641//3956 2642//3956
f 2627//3957 2642//3957 2628//3957
f 2628//3958 2642//3958 2643//3958
f 2628//3959 2643//3959 2629//3959
f 2629//3960 2643//3960 2644//3960
f 2629//3960 2644//3960 2608//3960
f 2608//3961 2644//3961 2645//3961
f 2608//3961 2645//3961 2609//3961
f 2609//3962 2645//3962 2646//3962
f 2609//3963 2646//3963 2612//3963
f 2612//3964 2646//3964 2647//3964
f 2612//3965 2647//3965 2613//3965
f 2613//3966 2647//3966 2648//3966
f 2613//3966 2648//3966 2614//3966
f 2614//3967 2648//3967 2649//3967
f 2614//3968 2649//3968 2615//3968
f 2615//3969 2649//3969 2650//3969
f 2615//3969 2650//3969 2616//3969
f 2616//3970 2650//3970 2651//3970
f 2616//3970 2651//3970 2617//3970
f 2617//3939 2651//3939 2630//3939
f 2652//40 2639//40 2653//40
f 2653//40 2639//40 2638//40
f 2653//40 2638//40 2654//40
f 2654//40 2638//40 2637//40
f 2654//40 2637//40 2655//40
f 2656//40 2646//40 2657//40
f 2657//40 2646//40 2645//40
f 2657//40 2645//40 2658//40
f 2658//40 2645//40 2644//40
f 2658//40 2644//40 2659//40
f 2637//40 2636//40 2655//40
f 2655//40 2636//40 2635//40
f 2655//40 2635//40 2660//40
f 2660//40 2635//40 2634//40
f 2660//40 2634//40 2661//40
f 2644//40 2643//40 2659//40
f 2659//40 2643//40 2642//40
f 2659//40 2642//40 2662//40
f 2662//40 2642//40 2641//40
f 2662//40 2641//40 2652//40
f 2652//40 2641//40 2640//40
f 2652//40 2640//40 2639//40
f 2663//40 2649//40 2664//40
f 2664//40 2649//40 2648//40
f 2664//40 2648//40 2656//40
f 2656//40 2648//40 2647//40
f 2656//40 2647//40 2646//40
f 2634//40 2633//40 2661//40
f 2661//40 2633//40 2632//40
f 2661//40 2632//40 2665//40
f 2665//40 2632//40 2631//40
f 2665//40 2631//40 2666//40
f 2666//40 2631//40 2630//40
f 2666//40 2630//40 2667//40
f 2667//40 2630//40 2651//40
f 2667//40 2651//40 2663//40
f 2663//40 2651//40 2650//40
f 2663//40 2650//40 2649//40
f 2662//3971 2652//3971 2345//3971
f 2345//3972 2343//3972 2662//3972
f 2662//3973 2343//3973 2341//3973
f 2662//3974 2341//3974 2659//3974
f 2341//3975 2339//3975 2659//3975
f 2659//3976 2339//3976 2337//3976
f 2659//3977 2337//3977 2658//3977
f 2658//3978 2337//3978 2335//3978
f 2658//3979 2335//3979 2657//3979
f 2335//3980 2333//3980 2657//3980
f 2657//3981 2333//3981 2331//3981
f 2657//3982 2331//3982 2656//3982
f 2331//3983 2329//3983 2656//3983
f 2656//3984 2329//3984 2327//3984
f 2656//3985 2327//3985 2664//3985
f 2327//3986 2325//3986 2664//3986
f 2664//3987 2325//3987 2323//3987
f 2664//3988 2323//3988 2663//3988
f 2663//3989 2323//3989 2321//3989
f 2663//3990 2321//3990 2667//3990
f 2667//3991 2321//3991 2319//3991
f 2667//3992 2319//3992 2666//3992
f 2319//3993 2317//3993 2666//3993
f 2666//3994 2317//3994 2369//3994
f 2666//3995 2369//3995 2665//3995
f 2369//3996 2368//3996 2665//3996
f 2665//3997 2368//3997 2366//3997
f 2665//3998 2366//3998 2661//3998
f 2366//3999 2364//3999 2661//3999
f 2661//4000 2364//4000 2362//4000
f 2661//4001 2362//4001 2660//4001
f 2660//4002 2362//4002 2360//4002
f 2660//4003 2360//4003 2655//4003
f 2360//4004 2358//4004 2655//4004
f 2655//4005 2358//4005 2356//4005
f 2655//4006 2356//4006 2654//4006
f 2356//4007 2354//4007 2654//4007
f 2654//4008 2354//4008 2352//4008
f 2654//4009 2352//4009 2653//4009
f 2352//4010 2350//4010 2653//4010
f 2653//4011 2350//4011 2348//4011
f 2653//4012 2348//4012 2652//4012
f 2652//4012 2348//4012 2347//4012
f 2652//4013 2347//4013 2345//4013
f 2668//4014 2669//4014 2670//4014
f 2668//4014 2670//4014 2671//4014
f 2671//4015 2670//4015 2672//4015
f 2671//4015 2672//4015 2673//4015
f 2673//4016 2672//4016 2674//4016
f 2673//4017 2674//4017 2675//4017
f 2675//4018 2674//4018 2676//4018
f 2675//4019 2676//4019 2677//4019
f 2677//4020 2676//4020 2678//4020
f 2677//4021 2678//4021 2679//4021
f 2679//4022 2678//4022 2680//4022
f 2679//4022 2680//4022 2681//4022
f 2681//4023 2680//4023 2682//4023
f 2681//4023 2682//4023 2683//4023
f 2683//4024 2682//4024 2684//4024
f 2683//4024 2684//4024 2685//4024
f 2685//4025 2684//4025 2686//4025
f 2685//4025 2686//4025 2687//4025
f 2687//4026 2686//4026 2688//4026
f 2687//4027 2688//4027 2689//4027
f 2689//4028 2688//4028 2690//4028
f 2689//4029 2690//4029 2691//4029
f 2691//4030 2690//4030 2692//4030
f 2691//4031 2692//4031 2693//4031
f 2693//4032 2692//4032 2694//4032
f 2693//4032 2694//4032 2695//4032
f 2695//4033 2694//4033 2696//4033
f 2695//4034 2696//4034 2697//4034
f 2697//4035 2696//4035 2698//4035
f 2697//4036 2698//4036 2699//4036
f 2699//4037 2698//4037 2700//4037
f 2699//4038 2700//4038 2701//4038
f 2701//4039 2700//4039 2702//4039
f 2701//4040 2702//4040 2703//4040
f 2703//4041 2702//4041 2704//4041
f 2703//4041 2704//4041 2705//4041
f 2705//4042 2704//4042 2706//4042
f 2705//4043 2706//4043 2707//4043
f 2707//4044 2706//4044 2708//4044
f 2707//4045 2708//4045 2709//4045
f 2709//4046 2708//4046 2710//4046
f 2709//4046 2710//4046 2711//4046
f 2711//4047 2710//4047 2712//4047
f 2711//4048 2712//4048 2713//4048
f 2713//4049 2712//4049 2714//4049
f 2713//4050 2714//4050 2715//4050
f 2715//4051 2714//4051 2716//4051
f 2715//4052 2716//4052 2717//4052
f 2717//4053 2716//4053 2718//4053
f 2717//4054 2718//4054 2719//4054
f 2719//4055 2718//4055 2720//4055
f 2719//4056 2720//4056 2721//4056
f 2721//4057 2720//4057 2722//4057
f 2721//4057 2722//4057 2723//4057
f 2723//4058 2722//4058 2724//4058
f 2723//4058 2724//4058 2725//4058
f 2725//4059 2724//4059 2726//4059
f 2725//4059 2726//4059 2727//4059
f 2727//4060 2726//4060 2728//4060
f 2727//4061 2728//4061 2729//4061
f 2729//4062 2728//4062 2730//4062
f 2729//4063 2730//4063 2731//4063
f 2731//4064 2730//4064 2732//4064
f 2731//4065 2732//4065 2733//4065
f 2733//4066 2732//4066 2734//4066
f 2733//4067 2734//4067 2735//4067
f 2735//4068 2734//4068 2736//4068
f 2735//4068 2736//4068 2737//4068
f 2737//4069 2736//4069 2738//4069
f 2737//4069 2738//4069 2739//4069
f 2739//4070 2738//4070 2740//4070
f 2739//4071 2740//4071 2741//4071
f 2741//4072 2740//4072 2742//4072
f 2741//4073 2742//4073 2743//4073
f 2743//4074 2742//4074 2744//4074
f 2743//4075 2744//4075 2745//4075
f 2745//4076 2744//4076 2746//4076
f 2745//4077 2746//4077 2747//4077
f 2747//4078 2746//4078 2748//4078
f 2747//4079 2748//4079 2749//4079
f 2749//4080 2748//4080 2750//4080
f 2749//4081 2750//4081 2751//4081
f 2751//4082 2750//4082 2752//4082
f 2751//4083 2752//4083 2753//4083
f 2753//4084 2752//4084 2754//4084
f 2753//4085 2754//4085 2755//4085
f 2755//4086 2754//4086 2756//4086
f 2755//4087 2756//4087 2757//4087
f 2757//4088 2756//4088 2758//4088
f 2757//4089 2758//4089 2759//4089
f 2759//4090 2758//4090 2760//4090
f 2759//4091 2760//4091 2761//4091
f 2761//4092 2760//4092 2762//4092
f 2761//4093 2762//4093 2763//4093
f 2763//4094 2762//4094 2764//4094
f 2763//4095 2764//4095 2765//4095
f 2765//4096 2764//4096 2766//4096
f 2765//4097 2766//4097 2767//4097
f 2767//4098 2766//4098 2768//4098
f 2767//4099 2768//4099 2769//4099
f 2669//4100 2770//4100 2771//4100
f 2669//4101 2771//4101 2670//4101
f 2670//4102 2771//4102 2772//4102
f 2670//4102 2772//4102 2672//4102
f 2672//4103 2772//4103 2773//4103
f 2672//4103 2773//4103 2674//4103
f 2674//4104 2773//4104 2774//4104
f 2674//4105 2774//4105 2676//4105
f 2676//4106 2774//4106 2775//4106
f 2676//4107 2775//4107 2678//4107
f 2678//4108 2775//4108 2776//4108
f 2678//4109 2776//4109 2680//4109
f 2680//4110 2776//4110 2777//4110
f 2680//4111 2777//4111 2682//4111
f 2682//4112 2777//4112 2778//4112
f 2682//4113 2778//4113 2684//4113
f 2684//4114 2778//4114 2779//4114
f 2684//4115 2779//4115 2686//4115
f 2686//4116 2779//4116 2780//4116
f 2686//4117 2780//4117 2688//4117
f 2688//4118 2780//4118 2781//4118
f 2688//4118 2781//4118 2690//4118
f 2690//4119 2781//4119 2782//4119
f 2690//4119 2782//4119 2692//4119
f 2692//4120 2782//4120 2783//4120
f 2692//4121 2783//4121 2694//4121
f 2694//4122 2783//4122 2784//4122
f 2694//4123 2784//4123 2696//4123
f 2696//4124 2784//4124 2785//4124
f 2696//4125 2785//4125 2698//4125
f 2698//4126 2785//4126 2786//4126
f 2698//4127 2786//4127 2700//4127
f 2700//4128 2786//4128 2787//4128
f 2700//4129 2787//4129 2702//4129
f 2702//4130 2787//4130 2788//4130
f 2702//4131 2788//4131 2704//4131
f 2704//4132 2788//4132 2789//4132
f 2704//4133 2789//4133 2706//4133
f 2706//4134 2789//4134 2790//4134
f 2706//4135 2790//4135 2708//4135
f 2708//4136 2790//4136 2791//4136
f 2708//4136 2791//4136 2710//4136
f 2710//4137 2791//4137 2792//4137
f 2710//4137 2792//4137 2712//4137
f 2712//4138 2792//4138 2793//4138
f 2712//4138 2793//4138 2714//4138
f 2714//4139 2793//4139 2794//4139
f 2714//4140 2794//4140 2716//4140
f 2716//4141 2794//4141 2795//4141
f 2716//4142 2795//4142 2718//4142
f 2718//4143 2795//4143 2796//4143
f 2718//4144 2796//4144 2720//4144
f 2720//4145 2796//4145 2797//4145
f 2720//4145 2797//4145 2722//4145
f 2722//4146 2797//4146 2798//4146
f 2722//4147 2798//4147 2724//4147
f 2724//4148 2798//4148 2799//4148
f 2724//4148 2799//4148 2726//4148
f 2726//4149 2799//4149 2800//4149
f 2726//4150 2800//4150 2728//4150
f 2728//4151 2800//4151 2801//4151
f 2728//4152 2801//4152 2730//4152
f 2730//4153 2801//4153 2802//4153
f 2730//4154 2802//4154 2732//4154
f 2732//4155 2802//4155 2803//4155
f 2732//4155 2803//4155 2734//4155
f 2734//4156 2803//4156 2804//4156
f 2734//4156 2804//4156 2736//4156
f 2736//4157 2804//4157 2805//4157
f 2736//4158 2805//4158 2738//4158
f 2738//4159 2805//4159 2806//4159
f 2738//4159 2806//4159 2740//4159
f 2740//4160 2806//4160 2807//4160
f 2740//4160 2807//4160 2742//4160
f 2742//4161 2807//4161 2808//4161
f 2742//4162 2808//4162 2744//4162
f 2744//4163 2808//4163 2809//4163
f 2744//4164 2809//4164 2746//4164
f 2746//4165 2809//4165 2810//4165
f 2746//4165 2810//4165 2748//4165
f 2748//4166 2810//4166 2811//4166
f 2748//4167 2811//4167 2750//4167
f 2750//4168 2811//4168 2812//4168
f 2750//4169 2812//4169 2752//4169
f 2752//4170 2812//4170 2813//4170
f 2752//4170 2813//4170 2754//4170
f 2754//4171 2813//4171 2814//4171
f 2754//4172 2814//4172 2756//4172
f 2756//4173 2814//4173 2815//4173
f 2756//4174 2815//4174 2758//4174
f 2758//4175 2815//4175 2816//4175
f 2758//4175 2816//4175 2760//4175
f 2760//4176 2816//4176 2817//4176
f 2760//4177 2817//4177 2762//4177
f 2762//4178 2817//4178 2818//4178
f 2762//4178 2818//4178 2764//4178
f 2764//4179 2818//4179 2819//4179
f 2764//4179 2819//4179 2766//4179
f 2766//4180 2819//4180 2820//4180
f 2766//4181 2820//4181 2768//4181
f 2770//4182 2821//4182 2822//4182
f 2770//4183 2822//4183 2771//4183
f 2771//4184 2822//4184 2823//4184
f 2771//4185 2823//4185 2772//4185
f 2772//4186 2823//4186 2824//4186
f 2772//4187 2824//4187 2773//4187
f 2773//4188 2824//4188 2825//4188
f 2773//4188 2825//4188 2774//4188
f 2774//4189 2825//4189 2826//4189
f 2774//4190 2826//4190 2775//4190
f 2775//4191 2826//4191 2827//4191
f 2775//4192 2827//4192 2776//4192
f 2776//4193 2827//4193 2828//4193
f 2776//4194 2828//4194 2777//4194
f 2777//4195 2828//4195 2829//4195
f 2777//4196 2829//4196 2778//4196
f 2778//4197 2829//4197 2830//4197
f 2778//4198 2830//4198 2779//4198
f 2779//4199 2830//4199 2831//4199
f 2779//4200 2831//4200 2780//4200
f 2780//4201 2831//4201 2832//4201
f 2780//4201 2832//4201 2781//4201
f 2781//4202 2832//4202 2833//4202
f 2781//4203 2833//4203 2782//4203
f 2782//4204 2833//4204 2834//4204
f 2782//4205 2834//4205 2783//4205
f 2783//4206 2834//4206 2835//4206
f 2783//4207 2835//4207 2784//4207
f 2784//4208 2835//4208 2836//4208
f 2784//4209 2836//4209 2785//4209
f 2785//4210 2836//4210 2837//4210
f 2785//4211 2837//4211 2786//4211
f 2786//4212 2837//4212 2838//4212
f 2786//4213 2838//4213 2787//4213
f 2787//4214 2838//4214 2839//4214
f 2787//4215 2839//4215 2788//4215
f 2788//4216 2839//4216 2840//4216
f 2788//4216 2840//4216 2789//4216
f 2789//4217 2840//4217 2841//4217
f 2789//4218 2841//4218 2790//4218
f 2790//4219 2841//4219 2842//4219
f 2790//4220 2842//4220 2791//4220
f 2791//4221 2842//4221 2843//4221
f 2791//4222 2843//4222 2792//4222
f 2792//4223 2843//4223 2844//4223
f 2792//4224 2844//4224 2793//4224
f 2793//4225 2844//4225 2845//4225
f 2793//4226 2845//4226 2794//4226
f 2794//4227 2845//4227 2846//4227
f 2794//4228 2846//4228 2795//4228
f 2795//4229 2846//4229 2847//4229
f 2795//4230 2847//4230 2796//4230
f 2796//4231 2847//4231 2848//4231
f 2796//4232 2848//4232 2797//4232
f 2797//4233 2848//4233 2849//4233
f 2797//4234 2849//4234 2798//4234
f 2798//4235 2849//4235 2850//4235
f 2798//4236 2850//4236 2799//4236
f 2799//4237 2850//4237 2851//4237
f 2799//4238 2851//4238 2800//4238
f 2800//4239 2851//4239 2852//4239
f 2800//4239 2852//4239 2801//4239
f 2801//4240 2852//4240 2853//4240
f 2801//4240 2853//4240 2802//4240
f 2802//4241 2853//4241 2854//4241
f 2802//4241 2854//4241 2803//4241
f 2803//4242 2854//4242 2855//4242
f 2803//4242 2855//4242 2804//4242
f 2804//4243 2855//4243 2856//4243
f 2804//4244 2856//4244 2805//4244
f 2805//4245 2856//4245 2857//4245
f 2805//4246 2857//4246 2806//4246
f 2806//4247 2857//4247 2858//4247
f 2806//4248 2858//4248 2807//4248
f 2807//4249 2858//4249 2859//4249
f 2807//4249 2859//4249 2808//4249
f 2808//4250 2859//4250 2860//4250
f 2808//4250 2860//4250 2809//4250
f 2809//4251 2860//4251 2861//4251
f 2809//4251 2861//4251 2810//4251
f 2810//4252 2861//4252 2862//4252
f 2810//4253 2862//4253 2811//4253
f 2811//4254 2862//4254 2863//4254
f 2811//4254 2863//4254 2812//4254
f 2812//4255 2863//4255 2864//4255
f 2812//4255 2864//4255 2813//4255
f 2813//4256 2864//4256 2865//4256
f 2813//4256 2865//4256 2814//4256
f 2814//4257 2865//4257 2866//4257
f 2814//4257 2866//4257 2815//4257
f 2815//4258 2866//4258 2867//4258
f 2815//4259 2867//4259 2816//4259
f 2816//4260 2867//4260 2868//4260
f 2816//4260 2868//4260 2817//4260
f 2817//4261 2868//4261 2869//4261
f 2817//4261 2869//4261 2818//4261
f 2818//4262 2869//4262 2870//4262
f 2818//4262 2870//4262 2819//4262
f 2819//4263 2870//4263 2871//4263
f 2819//4263 2871//4263 2820//4263
f 2872//4264 2873//4264 2821//4264
f 2873//4265 2874//4265 2821//4265
f 2821//4266 2874//4266 2875//4266
f 2821//4267 2875//4267 2822//4267
f 2822//4268 2875//4268 2876//4268
f 2822//4268 2876//4268 2823//4268
f 2823//4269 2876//4269 2877//4269
f 2823//4269 2877//4269 2824//4269
f 2824//4270 2877//4270 2878//4270
f 2824//4271 2878//4271 2825//4271
f 2825//4272 2878//4272 2879//4272
f 2825//4273 2879//4273 2826//4273
f 2826//4274 2879//4274 2880//4274
f 2826//4274 2880//4274 2827//4274
f 2827//4275 2880//4275 2881//4275
f 2827//4276 2881//4276 2828//4276
f 2828//4277 2881//4277 2882//4277
f 2828//4277 2882//4277 2829//4277
f 2829//4278 2882//4278 2883//4278
f 2829//4279 2883//4279 2830//4279
f 2830//4280 2883//4280 2884//4280
f 2830//4281 2884//4281 2831//4281
f 2831//4282 2884//4282 2885//4282
f 2831//4282 2885//4282 2832//4282
f 2832//4283 2885//4283 2886//4283
f 2832//4284 2886//4284 2833//4284
f 2833//4285 2886//4285 2887//4285
f 2833//4285 2887//4285 2834//4285
f 2834//4286 2887//4286 2888//4286
f 2834//4287 2888//4287 2835//4287
f 2835//4288 2888//4288 2889//4288
f 2835//4289 2889//4289 2836//4289
f 2836//4290 2889//4290 2890//4290
f 2836//4291 2890//4291 2837//4291
f 2837//4292 2890//4292 2891//4292
f 2837//4293 2891//4293 2838//4293
f 2838//4294 2891//4294 2892//4294
f 2838//4294 2892//4294 2839//4294
f 2839//4295 2892//4295 2893//4295
f 2839//4296 2893//4296 2840//4296
f 2840//4297 2893//4297 2894//4297
f 2840//4298 2894//4298 2841//4298
f 2841//4299 2894//4299 2895//4299
f 2841//4299 2895//4299 2842//4299
f 2842//4300 2895//4300 2896//4300
f 2842//4301 2896//4301 2843//4301
f 2843//4302 2896//4302 2897//4302
f 2843//4303 2897//4303 2844//4303
f 2844//4304 2897//4304 2898//4304
f 2844//4305 2898//4305 2845//4305
f 2845//4306 2898//4306 2899//4306
f 2845//4306 2899//4306 2846//4306
f 2846//4307 2899//4307 2900//4307
f 2846//4307 2900//4307 2847//4307
f 2847//4308 2900//4308 2901//4308
f 2847//4308 2901//4308 2848//4308
f 2848//4309 2901//4309 2902//4309
f 2848//4309 2902//4309 2849//4309
f 2849//4310 2902//4310 2903//4310
f 2849//4310 2903//4310 2850//4310
f 2850//4311 2903//4311 2904//4311
f 2850//4311 2904//4311 2851//4311
f 2851//4312 2904//4312 2905//4312
f 2851//4312 2905//4312 2852//4312
f 2852//4313 2905//4313 2906//4313
f 2852//4313 2906//4313 2853//4313
f 2853//4314 2906//4314 2907//4314
f 2853//4314 2907//4314 2854//4314
f 2854//4315 2907//4315 2908//4315
f 2854//4315 2908//4315 2855//4315
f 2855//4316 2908//4316 2909//4316
f 2855//4317 2909//4317 2856//4317
f 2856//4318 2909//4318 2910//4318
f 2856//4319 2910//4319 2857//4319
f 2857//4320 2910//4320 2911//4320
f 2857//4321 2911//4321 2858//4321
f 2858//4322 2911//4322 2912//4322
f 2858//4323 2912//4323 2859//4323
f 2859//4324 2912//4324 2913//4324
f 2859//4324 2913//4324 2860//4324
f 2860//4325 2913//4325 2914//4325
f 2860//4325 2914//4325 2861//4325
f 2861//4326 2914//4326 2915//4326
f 2861//4326 2915//4326 2862//4326
f 2862//4327 2915//4327 2916//4327
f 2862//4328 2916//4328 2863//4328
f 2863//4329 2916//4329 2917//4329
f 2863//4330 2917//4330 2864//4330
f 2864//4331 2917//4331 2918//4331
f 2864//4331 2918//4331 2865//4331
f 2865//4332 2918//4332 2919//4332
f 2865//4332 2919//4332 2866//4332
f 2866//4333 2919//4333 2920//4333
f 2866//4334 2920//4334 2867//4334
f 2867//4335 2920//4335 2921//4335
f 2867//4336 2921//4336 2868//4336
f 2868//4337 2921//4337 2922//4337
f 2868//4338 2922//4338 2869//4338
f 2869//4339 2922//4339 2923//4339
f 2869//4339 2923//4339 2870//4339
f 2870//4340 2923//4340 2872//4340
f 2870//4340 2872//4340 2871//4340
f 2871//4341 2872//4341 2821//4341
f 2871//4342 2821//4342 2820//4342
f 2820//4342 2821//4342 2770//4342
f 2820//4343 2770//4343 2768//4343
f 2768//4344 2770//4344 2669//4344
f 2768//4345 2669//4345 2769//4345
f 2769//4345 2669//4345 2668//4345
f 2924//26 2917//26 2925//26
f 2925//26 2917//26 2916//26
f 2925//26 2916//26 2926//26
f 2927//26 2920//26 2928//26
f 2928//26 2920//26 2919//26
f 2928//26 2919//26 2924//26
f 2924//26 2919//26 2918//26
f 2924//26 2918//26 2917//26
f 2929//26 2884//26 2930//26
f 2930//26 2884//26 2883//26
f 2930//26 2883//26 2931//26
f 2932//26 2909//26 2933//26
f 2933//26 2909//26 2908//26
f 2933//26 2908//26 2934//26
f 2935//26 2887//26 2936//26
f 2936//26 2887//26 2886//26
f 2936//26 2886//26 2929//26
f 2929//26 2886//26 2885//26
f 2929//26 2885//26 2884//26
f 2937//26 2891//26 2938//26
f 2938//26 2891//26 2890//26
f 2938//26 2890//26 2939//26
f 2939//26 2890//26 2889//26
f 2939//26 2889//26 2935//26
f 2935//26 2889//26 2888//26
f 2935//26 2888//26 2887//26
f 2940//26 2897//26 2941//26
f 2941//26 2897//26 2896//26
f 2941//26 2896//26 2942//26
f 2943//26 2912//26 2944//26
f 2944//26 2912//26 2911//26
f 2944//26 2911//26 2932//26
f 2932//26 2911//26 2910//26
f 2932//26 2910//26 2909//26
f 2945//26 2872//26 2946//26
f 2946//26 2872//26 2923//26
f 2946//26 2923//26 2947//26
f 2947//26 2923//26 2922//26
f 2947//26 2922//26 2927//26
f 2927//26 2922//26 2921//26
f 2927//26 2921//26 2920//26
f 2948//26 2875//26 2949//26
f 2949//26 2875//26 2874//26
f 2949//4346 2874//4346 2945//4346
f 2945//4346 2874//4346 2873//4346
f 2945//26 2873//26 2872//26
f 2950//26 2878//26 2951//26
f 2951//26 2878//26 2877//26
f 2951//26 2877//26 2948//26
f 2948//26 2877//26 2876//26
f 2948//26 2876//26 2875//26
f 2896//26 2895//26 2942//26
f 2942//26 2895//26 2894//26
f 2942//26 2894//26 2952//26
f 2952//26 2894//26 2893//26
f 2952//26 2893//26 2937//26
f 2937//26 2893//26 2892//26
f 2937//26 2892//26 2891//26
f 2953//26 2900//26 2954//26
f 2954//26 2900//26 2899//26
f 2954//26 2899//26 2940//26
f 2940//26 2899//26 2898//26
f 2940//26 2898//26 2897//26
f 2916//26 2915//26 2926//26
f 2926//26 2915//26 2914//26
f 2926//26 2914//26 2943//26
f 2943//26 2914//26 2913//26
f 2943//26 2913//26 2912//26
f 2883//26 2882//26 2931//26
f 2931//26 2882//26 2881//26
f 2931//26 2881//26 2955//26
f 2955//26 2881//26 2880//26
f 2955//26 2880//26 2950//26
f 2950//26 2880//26 2879//26
f 2950//26 2879//26 2878//26
f 2956//26 2903//26 2957//26
f 2957//26 2903//26 2902//26
f 2957//26 2902//26 2953//26
f 2953//26 2902//26 2901//26
f 2953//26 2901//26 2900//26
f 2908//26 2907//26 2934//26
f 2934//26 2907//26 2906//26
f 2934//26 2906//26 2958//26
f 2958//26 2906//26 2905//26
f 2958//26 2905//26 2956//26
f 2956//26 2905//26 2904//26
f 2956//26 2904//26 2903//26
f 2948//4347 2949//4347 2959//4347
f 2959//4348 2949//4348 2945//4348
f 2959//4349 2945//4349 2960//4349
f 2960//4350 2945//4350 2946//4350
f 2960//4351 2946//4351 2961//4351
f 2961//4352 2946//4352 2947//4352
f 2961//4353 2947//4353 2962//4353
f 2962//4353 2947//4353 2927//4353
f 2962//4354 2927//4354 2963//4354
f 2963//4354 2927//4354 2928//4354
f 2963//4355 2928//4355 2964//4355
f 2964//4355 2928//4355 2924//4355
f 2964//4356 2924//4356 2965//4356
f 2965//4357 2924//4357 2925//4357
f 2965//4358 2925//4358 2966//4358
f 2966//4358 2925//4358 2926//4358
f 2966//4359 2926//4359 2967//4359
f 2967//4359 2926//4359 2943//4359
f 2967//4360 2943//4360 2968//4360
f 2968//4360 2943//4360 2944//4360
f 2968//4361 2944//4361 2969//4361
f 2969//4361 2944//4361 2932//4361
f 2969//4362 2932//4362 2970//4362
f 2970//4362 2932//4362 2933//4362
f 2970//4363 2933//4363 2971//4363
f 2971//4363 2933//4363 2934//4363
f 2971//4364 2934//4364 2972//4364
f 2972//4365 2934//4365 2958//4365
f 2972//4366 2958//4366 2973//4366
f 2973//4367 2958//4367 2956//4367
f 2973//4368 2956//4368 2974//4368
f 2974//4369 2956//4369 2957//4369
f 2974//4370 2957//4370 2975//4370
f 2975//4371 2957//4371 2953//4371
f 2975//4372 2953//4372 2976//4372
f 2976//4372 2953//4372 2954//4372
f 2976//4373 2954//4373 2977//4373
f 2977//4373 2954//4373 2940//4373
f 2977//4374 2940//4374 2978//4374
f 2978//4374 2940//4374 2941//4374
f 2978//4375 2941//4375 2979//4375
f 2979//4375 2941//4375 2942//4375
f 2979//4376 2942//4376 2980//4376
f 2980//4376 2942//4376 2952//4376
f 2980//4377 2952//4377 2981//4377
f 2981//4377 2952//4377 2937//4377
f 2981//4378 2937//4378 2982//4378
f 2982//4379 2937//4379 2938//4379
f 2982//4380 2938//4380 2983//4380
f 2983//4380 2938//4380 2939//4380
f 2983//4381 2939//4381 2984//4381
f 2984//4381 2939//4381 2935//4381
f 2984//4382 2935//4382 2985//4382
f 2985//4382 2935//4382 2936//4382
f 2985//4383 2936//4383 2986//4383
f 2986//4383 2936//4383 2929//4383
f 2986//4384 2929//4384 2987//4384
f 2987//4384 2929//4384 2930//4384
f 2987//4385 2930//4385 2988//4385
f 2988//4385 2930//4385 2931//4385
f 2988//4386 2931//4386 2989//4386
f 2989//4387 2931//4387 2955//4387
f 2989//4388 2955//4388 2990//4388
f 2990//4389 2955//4389 2950//4389
f 2990//4390 2950//4390 2991//4390
f 2991//4390 2950//4390 2951//4390
f 2991//4391 2951//4391 2992//4391
f 2992//4391 2951//4391 2948//4391
f 2992//4347 2948//4347 2959//4347
f 2993//26 2959//26 2994//26
f 2994//26 2959//26 2960//26
f 2994//26 2960//26 2995//26
f 2995//26 2960//26 2961//26
f 2995//26 2961//26 2996//26
f 2996//26 2961//26 2962//26
f 2996//26 2962//26 2997//26
f 2998//26 2981//26 2999//26
f 2999//26 2981//26 2982//26
f 2999//26 2982//26 3000//26
f 3000//26 2982//26 2983//26
f 3000//26 2983//26 3001//26
f 3001//26 2983//26 2984//26
f 3001//26 2984//26 3002//26
f 3002//26 2984//26 2985//26
f 3002//26 2985//26 3003//26
f 2962//26 2963//26 2997//26
f 2997//26 2963//26 2964//26
f 2997//26 2964//26 3004//26
f 3004//26 2964//26 2965//26
f 3004//26 2965//26 3005//26
f 3005//26 2965//26 2966//26
f 3005//26 2966//26 3006//26
f 3006//26 2966//26 2967//26
f 3006//26 2967//26 3007//26
f 3007//26 2967//26 2968//26
f 3007//26 2968//26 3008//26
f 3009//26 2976//26 3010//26
f 3010//26 2976//26 2977//26
f 3010//26 2977//26 3011//26
f 3011//26 2977//26 2978//26
f 3011//26 2978//26 3012//26
f 3012//26 2978//26 2979//26
f 3012//26 2979//26 2998//26
f 2998//26 2979//26 2980//26
f 2998//26 2980//26 2981//26
f 2985//26 2986//26 3003//26
f 3003//26 2986//26 2987//26
f 3003//26 2987//26 3013//26
f 3013//26 2987//26 2988//26
f 3013//26 2988//26 3014//26
f 3014//26 2988//26 2989//26
f 3014//26 2989//26 3015//26
f 3015//26 2989//26 2990//26
f 3015//26 2990//26 3016//26
f 3016//26 2990//26 2991//26
f 3016//26 2991//26 2993//26
f 2993//26 2991//26 2992//26
f 2993//26 2992//26 2959//26
f 2968//26 2969//26 3008//26
f 3008//26 2969//26 2970//26
f 3008//26 2970//26 3017//26
f 3017//26 2970//26 2971//26
f 3017//26 2971//26 3018//26
f 3018//26 2971//26 2972//26
f 3018//26 2972//26 3019//26
f 3019//26 2972//26 2973//26
f 3019//26 2973//26 3020//26
f 3020//26 2973//26 2974//26
f 3020//26 2974//26 3009//26
f 3009//26 2974//26 2975//26
f 3009//26 2975//26 2976//26
f 3021//4392 3022//4392 2993//4392
f 3022//4393 3023//4393 2993//4393
f 2993//4394 3023//4394 3024//4394
f 2993//4394 3024//4394 3016//4394
f 3016//4395 3024//4395 3025//4395
f 3016//4395 3025//4395 3015//4395
f 3015//4396 3025//4396 3026//4396
f 3015//4397 3026//4397 3014//4397
f 3014//4398 3026//4398 3027//4398
f 3014//4398 3027//4398 3013//4398
f 3013//4399 3027//4399 3028//4399
f 3013//4400 3028//4400 3003//4400
f 3003//4401 3028//4401 3029//4401
f 3003//4401 3029//4401 3002//4401
f 3002//4402 3029//4402 3030//4402
f 3002//4402 3030//4402 3001//4402
f 3001//4403 3030//4403 3031//4403
f 3001//4403 3031//4403 3000//4403
f 3000//4404 3031//4404 3032//4404
f 3000//4404 3032//4404 2999//4404
f 2999//4405 3032//4405 3033//4405
f 2999//4405 3033//4405 2998//4405
f 2998//4406 3033//4406 3034//4406
f 2998//4407 3034//4407 3012//4407
f 3012//4408 3034//4408 3035//4408
f 3012//4408 3035//4408 3011//4408
f 3011//4409 3035//4409 3036//4409
f 3011//4409 3036//4409 3010//4409
f 3010//4410 3036//4410 3037//4410
f 3010//4410 3037//4410 3009//4410
f 3009//4411 3037//4411 3038//4411
f 3009//4411 3038//4411 3020//4411
f 3020//4412 3038//4412 3039//4412
f 3020//4413 3039//4413 3019//4413
f 3019//4414 3039//4414 3040//4414
f 3019//4415 3040//4415 3018//4415
f 3018//4416 3040//4416 3041//4416
f 3018//4416 3041//4416 3017//4416
f 3017//4417 3041//4417 3042//4417
f 3017//4417 3042//4417 3008//4417
f 3008//4418 3042//4418 3043//4418
f 3008//4418 3043//4418 3007//4418
f 3007//4419 3043//4419 3044//4419
f 3007//4420 3044//4420 3006//4420
f 3006//4421 3044//4421 3045//4421
f 3006//4422 3045//4422 3005//4422
f 3005//4423 3045//4423 3046//4423
f 3005//4424 3046//4424 3004//4424
f 3004//4425 3046//4425 3047//4425
f 3004//4426 3047//4426 2997//4426
f 2997//4427 3047//4427 3048//4427
f 2997//4427 3048//4427 2996//4427
f 2996//4428 3048//4428 3049//4428
f 2996//4428 3049//4428 2995//4428
f 2995//4429 3049//4429 3021//4429
f 2995//4429 3021//4429 2994//4429
f 2994//4430 3021//4430 2993//4430
f 3050//4431 3051//4431 3052//4431
f 3052//4432 3051//4432 3053//4432
f 3052//4433 3053//4433 3054//4433
f 3054//4434 3053//4434 3055//4434
f 3054//4435 3055//4435 3056//4435
f 3056//4436 3055//4436 3057//4436
f 3056//4437 3057//4437 3058//4437
f 3058//4438 3057//4438 3059//4438
f 3058//4438 3059//4438 3060//4438
f 3060//4439 3059//4439 3061//4439
f 3060//4439 3061//4439 3062//4439
f 3062//4440 3061//4440 3063//4440
f 3062//4441 3063//4441 3064//4441
f 3064//4442 3063//4442 3065//4442
f 3064//4443 3065//4443 3066//4443
f 3066//4444 3065//4444 3067//4444
f 3066//4444 3067//4444 3068//4444
f 3068//4445 3067//4445 3069//4445
f 3068//4446 3069//4446 3070//4446
f 3070//4447 3069//4447 3071//4447
f 3070//4448 3071//4448 3072//4448
f 3072//4449 3071//4449 3073//4449
f 3072//4450 3073//4450 3074//4450
f 3074//4451 3073//4451 3075//4451
f 3074//4452 3075//4452 3076//4452
f 3076//4453 3075//4453 3077//4453
f 3076//4454 3077//4454 3078//4454
f 3078//4455 3077//4455 3079//4455
f 3078//4456 3079//4456 3080//4456
f 3080//4457 3079//4457 3081//4457
f 3080//4458 3081//4458 3082//4458
f 3082//4459 3081//4459 3083//4459
f 3082//4459 3083//4459 3084//4459
f 3084//4460 3083//4460 3085//4460
f 3084//4461 3085//4461 3086//4461
f 3086//4462 3085//4462 3087//4462
f 3086//4463 3087//4463 3088//4463
f 3088//4464 3087//4464 3089//4464
f 3088//4465 3089//4465 3090//4465
f 3090//4466 3089//4466 3091//4466
f 3090//4467 3091//4467 3092//4467
f 3092//4468 3091//4468 3093//4468
f 3092//4468 3093//4468 3094//4468
f 3094//4469 3093//4469 3095//4469
f 3094//4470 3095//4470 3096//4470
f 3096//4471 3095//4471 3097//4471
f 3096//4472 3097//4472 3098//4472
f 3098//4473 3097//4473 3099//4473
f 3098//4474 3099//4474 3100//4474
f 3100//4475 3099//4475 3101//4475
f 3100//4476 3101//4476 3102//4476
f 3102//4477 3101//4477 3103//4477
f 3102//4478 3103//4478 3104//4478
f 3104//4479 3103//4479 3105//4479
f 3104//4480 3105//4480 3106//4480
f 3106//4481 3105//4481 3107//4481
f 3106//4482 3107//4482 3108//4482
f 3108//4483 3107//4483 3109//4483
f 3108//4484 3109//4484 3110//4484
f 3110//4485 3109//4485 3111//4485
f 3110//4486 3111//4486 3112//4486
f 3112//4487 3111//4487 3113//4487
f 3112//4488 3113//4488 3114//4488
f 3114//4489 3113//4489 3115//4489
f 3114//4489 3115//4489 3116//4489
f 3116//4490 3115//4490 3117//4490
f 3116//4491 3117//4491 3118//4491
f 3118//4492 3117//4492 3119//4492
f 3118//4492 3119//4492 3120//4492
f 3120//4493 3119//4493 3121//4493
f 3120//4494 3121//4494 3122//4494
f 3122//4495 3121//4495 3123//4495
f 3122//4496 3123//4496 3124//4496
f 3124//4497 3123//4497 3125//4497
f 3124//4497 3125//4497 3126//4497
f 3126//4498 3125//4498 3127//4498
f 3126//4498 3127//4498 3128//4498
f 3128//4499 3127//4499 3129//4499
f 3128//4500 3129//4500 3130//4500
f 3130//4501 3129//4501 3131//4501
f 3130//4501 3131//4501 3132//4501
f 3132//4502 3131//4502 3133//4502
f 3132//4503 3133//4503 3134//4503
f 3134//4504 3133//4504 3135//4504
f 3134//4505 3135//4505 3136//4505
f 3136//4506 3135//4506 3137//4506
f 3136//4506 3137//4506 3138//4506
f 3138//4507 3137//4507 3139//4507
f 3138//4508 3139//4508 3140//4508
f 3140//4509 3139//4509 3141//4509
f 3140//4510 3141//4510 3142//4510
f 3142//4511 3141//4511 3143//4511
f 3142//4512 3143//4512 3144//4512
f 3144//4513 3143//4513 3145//4513
f 3144//4514 3145//4514 3146//4514
f 3146//4515 3145//4515 3147//4515
f 3146//4516 3147//4516 3148//4516
f 3148//4517 3147//4517 3149//4517
f 3148//4518 3149//4518 3150//4518
f 3150//4519 3149//4519 3151//4519
f 3150//4520 3151//4520 3050//4520
f 3050//4521 3151//4521 3051//4521
f 3151//4522 3152//4522 3051//4522
f 3051//4523 3152//4523 3153//4523
f 3051//4524 3153//4524 3053//4524
f 3053//4525 3153//4525 3154//4525
f 3053//4525 3154//4525 3055//4525
f 3055//4526 3154//4526 3155//4526
f 3055//4527 3155//4527 3057//4527
f 3057//4528 3155//4528 3156//4528
f 3057//4529 3156//4529 3059//4529
f 3059//4530 3156//4530 3157//4530
f 3059//4530 3157//4530 3061//4530
f 3061//4531 3157//4531 3158//4531
f 3061//4531 3158//4531 3063//4531
f 3063//4532 3158//4532 3159//4532
f 3063//4533 3159//4533 3065//4533
f 3065//4534 3159//4534 3160//4534
f 3065//4534 3160//4534 3067//4534
f 3067//4535 3160//4535 3161//4535
f 3067//4535 3161//4535 3069//4535
f 3069//4536 3161//4536 3162//4536
f 3069//4536 3162//4536 3071//4536
f 3071//4537 3162//4537 3163//4537
f 3071//4538 3163//4538 3073//4538
f 3073//4539 3163//4539 3164//4539
f 3073//4539 3164//4539 3075//4539
f 3075//4540 3164//4540 3165//4540
f 3075//4540 3165//4540 3077//4540
f 3077//4541 3165//4541 3166//4541
f 3077//4542 3166//4542 3079//4542
f 3079//4543 3166//4543 3167//4543
f 3079//4543 3167//4543 3081//4543
f 3081//4544 3167//4544 3168//4544
f 3081//4544 3168//4544 3083//4544
f 3083//4545 3168//4545 3169//4545
f 3083//4545 3169//4545 3085//4545
f 3085//4546 3169//4546 3170//4546
f 3085//4546 3170//4546 3087//4546
f 3087//4547 3170//4547 3171//4547
f 3087//4548 3171//4548 3089//4548
f 3089//4549 3171//4549 3172//4549
f 3089//4550 3172//4550 3091//4550
f 3091//4551 3172//4551 3173//4551
f 3091//4552 3173//4552 3093//4552
f 3093//4553 3173//4553 3174//4553
f 3093//4554 3174//4554 3095//4554
f 3095//4555 3174//4555 3175//4555
f 3095//4556 3175//4556 3097//4556
f 3097//4557 3175//4557 3176//4557
f 3097//4558 3176//4558 3099//4558
f 3099//4559 3176//4559 3177//4559
f 3099//4560 3177//4560 3101//4560
f 3101//4561 3177//4561 3178//4561
f 3101//4562 3178//4562 3103//4562
f 3103//4563 3178//4563 3179//4563
f 3103//4563 3179//4563 3105//4563
f 3105//4564 3179//4564 3180//4564
f 3105//4565 3180//4565 3107//4565
f 3107//4566 3180//4566 3181//4566
f 3107//4567 3181//4567 3109//4567
f 3109//4568 3181//4568 3182//4568
f 3109//4569 3182//4569 3111//4569
f 3111//4570 3182//4570 3183//4570
f 3111//4571 3183//4571 3113//4571
f 3113//4572 3183//4572 3184//4572
f 3113//4573 3184//4573 3115//4573
f 3115//4574 3184//4574 3185//4574
f 3115//4575 3185//4575 3117//4575
f 3117//4576 3185//4576 3186//4576
f 3117//4577 3186//4577 3119//4577
f 3119//4578 3186//4578 3187//4578
f 3119//4579 3187//4579 3121//4579
f 3121//4580 3187//4580 3188//4580
f 3121//4581 3188//4581 3123//4581
f 3123//4582 3188//4582 3189//4582
f 3123//4583 3189//4583 3125//4583
f 3125//4584 3189//4584 3190//4584
f 3125//4584 3190//4584 3127//4584
f 3127//4585 3190//4585 3191//4585
f 3127//4585 3191//4585 3129//4585
f 3129//4586 3191//4586 3192//4586
f 3129//4587 3192//4587 3131//4587
f 3131//4588 3192//4588 3193//4588
f 3131//4589 3193//4589 3133//4589
f 3133//4590 3193//4590 3194//4590
f 3133//4591 3194//4591 3135//4591
f 3135//4592 3194//4592 3195//4592
f 3135//4593 3195//4593 3137//4593
f 3137//4594 3195//4594 3196//4594
f 3137//4594 3196//4594 3139//4594
f 3139//4595 3196//4595 3197//4595
f 3139//4595 3197//4595 3141//4595
f 3141//4596 3197//4596 3198//4596
f 3141//4597 3198//4597 3143//4597
f 3143//4598 3198//4598 3199//4598
f 3143//4599 3199//4599 3145//4599
f 3145//4600 3199//4600 3200//4600
f 3145//4600 3200//4600 3147//4600
f 3147//4601 3200//4601 3201//4601
f 3147//4602 3201//4602 3149//4602
f 3149//4603 3201//4603 3202//4603
f 3149//4604 3202//4604 3151//4604
f 3151//4605 3202//4605 3152//4605
f 3202//4606 3203//4606 3152//4606
f 3152//4607 3203//4607 3204//4607
f 3152//4608 3204//4608 3153//4608
f 3153//4609 3204//4609 3205//4609
f 3153//4609 3205//4609 3154//4609
f 3154//4610 3205//4610 3206//4610
f 3154//4611 3206//4611 3155//4611
f 3155//4612 3206//4612 3207//4612
f 3155//4613 3207//4613 3156//4613
f 3156//4614 3207//4614 3208//4614
f 3156//4614 3208//4614 3157//4614
f 3157//4615 3208//4615 3209//4615
f 3157//4615 3209//4615 3158//4615
f 3158//4616 3209//4616 3210//4616
f 3158//4617 3210//4617 3159//4617
f 3159//4618 3210//4618 3211//4618
f 3159//4618 3211//4618 3160//4618
f 3160//4619 3211//4619 3212//4619
f 3160//4619 3212//4619 3161//4619
f 3161//4620 3212//4620 3213//4620
f 3161//4620 3213//4620 3162//4620
f 3162//4621 3213//4621 3214//4621
f 3162//4622 3214//4622 3163//4622
f 3163//4623 3214//4623 3215//4623
f 3163//4624 3215//4624 3164//4624
f 3164//4625 3215//4625 3216//4625
f 3164//4626 3216//4626 3165//4626
f 3165//4627 3216//4627 3217//4627
f 3165//4628 3217//4628 3166//4628
f 3166//4629 3217//4629 3218//4629
f 3166//4630 3218//4630 3167//4630
f 3167//4631 3218//4631 3219//4631
f 3167//4632 3219//4632 3168//4632
f 3168//4633 3219//4633 3220//4633
f 3168//4634 3220//4634 3169//4634
f 3169//4635 3220//4635 3221//4635
f 3169//4636 3221//4636 3170//4636
f 3170//4637 3221//4637 3222//4637
f 3170//4638 3222//4638 3171//4638
f 3171//4639 3222//4639 3223//4639
f 3171//4640 3223//4640 3172//4640
f 3172//4641 3223//4641 3224//4641
f 3172//4642 3224//4642 3173//4642
f 3173//4643 3224//4643 3225//4643
f 3173//4644 3225//4644 3174//4644
f 3174//4645 3225//4645 3226//4645
f 3174//4646 3226//4646 3175//4646
f 3175//4647 3226//4647 3227//4647
f 3175//4648 3227//4648 3176//4648
f 3176//4649 3227//4649 3228//4649
f 3176//4650 3228//4650 3177//4650
f 3177//4651 3228//4651 3229//4651
f 3177//4652 3229//4652 3178//4652
f 3178//4653 3229//4653 3230//4653
f 3178//4654 3230//4654 3179//4654
f 3179//4655 3230//4655 3231//4655
f 3179//4656 3231//4656 3180//4656
f 3180//4657 3231//4657 3232//4657
f 3180//4658 3232//4658 3181//4658
f 3181//4659 3232//4659 3233//4659
f 3181//4660 3233//4660 3182//4660
f 3182//4661 3233//4661 3234//4661
f 3182//4661 3234//4661 3183//4661
f 3183//4662 3234//4662 3235//4662
f 3183//4663 3235//4663 3184//4663
f 3184//4664 3235//4664 3236//4664
f 3184//4665 3236//4665 3185//4665
f 3185//4666 3236//4666 3237//4666
f 3185//4667 3237//4667 3186//4667
f 3186//4668 3237//4668 3238//4668
f 3186//4668 3238//4668 3187//4668
f 3187//4669 3238//4669 3239//4669
f 3187//4670 3239//4670 3188//4670
f 3188//4671 3239//4671 3240//4671
f 3188//4672 3240//4672 3189//4672
f 3189//4673 3240//4673 3241//4673
f 3189//4673 3241//4673 3190//4673
f 3190//4674 3241//4674 3242//4674
f 3190//4675 3242//4675 3191//4675
f 3191//4676 3242//4676 3243//4676
f 3191//4677 3243//4677 3192//4677
f 3192//4678 3243//4678 3244//4678
f 3192//4678 3244//4678 3193//4678
f 3193//4679 3244//4679 3245//4679
f 3193//4679 3245//4679 3194//4679
f 3194//4680 3245//4680 3246//4680
f 3194//4680 3246//4680 3195//4680
f 3195//4681 3246//4681 3247//4681
f 3195//4682 3247//4682 3196//4682
f 3196//4683 3247//4683 3248//4683
f 3196//4684 3248//4684 3197//4684
f 3197//4685 3248//4685 3249//4685
f 3197//4685 3249//4685 3198//4685
f 3198//4686 3249//4686 3250//4686
f 3198//4686 3250//4686 3199//4686
f 3199//4687 3250//4687 3251//4687
f 3199//4687 3251//4687 3200//4687
f 3200//4688 3251//4688 3252//4688
f 3200//4689 3252//4689 3201//4689
f 3201//4690 3252//4690 3253//4690
f 3201//4691 3253//4691 3202//4691
f 3202//4606 3253//4606 3203//4606
f 3253//4692 3254//4692 3203//4692
f 3203//4693 3254//4693 3255//4693
f 3203//4693 3255//4693 3204//4693
f 3204//4694 3255//4694 3256//4694
f 3204//4695 3256//4695 3205//4695
f 3205//4696 3256//4696 3257//4696
f 3205//4697 3257//4697 3206//4697
f 3206//4698 3257//4698 3258//4698
f 3206//4699 3258//4699 3207//4699
f 3207//4700 3258//4700 3259//4700
f 3207//4701 3259//4701 3208//4701
f 3208//4702 3259//4702 3260//4702
f 3208//4703 3260//4703 3209//4703
f 3209//4704 3260//4704 3261//4704
f 3209//4704 3261//4704 3210//4704
f 3210//4705 3261//4705 3262//4705
f 3210//4706 3262//4706 3211//4706
f 3211//4707 3262//4707 3263//4707
f 3211//4707 3263//4707 3212//4707
f 3212//4708 3263//4708 3264//4708
f 3212//4709 3264//4709 3213//4709
f 3213//4710 3264//4710 3265//4710
f 3213//4711 3265//4711 3214//4711
f 3214//4712 3265//4712 3266//4712
f 3214//4712 3266//4712 3215//4712
f 3215//4713 3266//4713 3267//4713
f 3215//4713 3267//4713 3216//4713
f 3216//4714 3267//4714 3268//4714
f 3216//4715 3268//4715 3217//4715
f 3217//4716 3268//4716 3269//4716
f 3217//4717 3269//4717 3218//4717
f 3218//4718 3269//4718 3270//4718
f 3218//4718 3270//4718 3219//4718
f 3219//4719 3270//4719 3271//4719
f 3219//4719 3271//4719 3220//4719
f 3220//4720 3271//4720 3272//4720
f 3220//4720 3272//4720 3221//4720
f 3221//4721 3272//4721 3273//4721
f 3221//4722 3273//4722 3222//4722
f 3222//4723 3273//4723 3274//4723
f 3222//4723 3274//4723 3223//4723
f 3223//4724 3274//4724 3275//4724
f 3223//4725 3275//4725 3224//4725
f 3224//4726 3275//4726 3276//4726
f 3224//4727 3276//4727 3225//4727
f 3225//4728 3276//4728 3277//4728
f 3225//4728 3277//4728 3226//4728
f 3226//4729 3277//4729 3278//4729
f 3226//4730 3278//4730 3227//4730
f 3227//4731 3278//4731 3279//4731
f 3227//4731 3279//4731 3228//4731
f 3228//4732 3279//4732 3280//4732
f 3228//4733 3280//4733 3229//4733
f 3229//4734 3280//4734 3281//4734
f 3229//4734 3281//4734 3230//4734
f 3230//4735 3281//4735 3282//4735
f 3230//4736 3282//4736 3231//4736
f 3231//4737 3282//4737 3283//4737
f 3231//4738 3283//4738 3232//4738
f 3232//4739 3283//4739 3284//4739
f 3232//4740 3284//4740 3233//4740
f 3233//4741 3284//4741 3285//4741
f 3233//4741 3285//4741 3234//4741
f 3234//4742 3285//4742 3286//4742
f 3234//4743 3286//4743 3235//4743
f 3235//4744 3286//4744 3287//4744
f 3235//4744 3287//4744 3236//4744
f 3236//4745 3287//4745 3288//4745
f 3236//4746 3288//4746 3237//4746
f 3237//4747 3288//4747 3289//4747
f 3237//4747 3289//4747 3238//4747
f 3238//4748 3289//4748 3290//4748
f 3238//4749 3290//4749 3239//4749
f 3239//4750 3290//4750 3291//4750
f 3239//4751 3291//4751 3240//4751
f 3240//4752 3291//4752 3292//4752
f 3240//4752 3292//4752 3241//4752
f 3241//4753 3292//4753 3293//4753
f 3241//4754 3293//4754 3242//4754
f 3242//4755 3293//4755 3294//4755
f 3242//4755 3294//4755 3243//4755
f 3243//4756 3294//4756 3295//4756
f 3243//4756 3295//4756 3244//4756
f 3244//4757 3295//4757 3296//4757
f 3244//4758 3296//4758 3245//4758
f 3245//4759 3296//4759 3297//4759
f 3245//4760 3297//4760 3246//4760
f 3246//4761 3297//4761 3298//4761
f 3246//4761 3298//4761 3247//4761
f 3247//4762 3298//4762 3299//4762
f 3247//4762 3299//4762 3248//4762
f 3248//4763 3299//4763 3300//4763
f 3248//4764 3300//4764 3249//4764
f 3249//4765 3300//4765 3301//4765
f 3249//4765 3301//4765 3250//4765
f 3250//4766 3301//4766 3302//4766
f 3250//4766 3302//4766 3251//4766
f 3251//4767 3302//4767 3303//4767
f 3251//4767 3303//4767 3252//4767
f 3252//4768 3303//4768 3304//4768
f 3252//4768 3304//4768 3253//4768
f 3253//4769 3304//4769 3254//4769
f 3305//40 3276//40 3306//40
f 3306//40 3276//40 3275//40
f 3306//40 3275//40 3307//40
f 3308//40 3279//40 3309//40
f 3309//40 3279//40 3278//40
f 3309//40 3278//40 3305//40
f 3305//40 3278//40 3277//40
f 3305//40 3277//40 3276//40
f 3310//40 3311//40 3257//40
f 3312//40 3281//40 3308//40
f 3308//40 3281//40 3280//40
f 3308//40 3280//40 3279//40
f 3313//40 3284//40 3314//40
f 3314//40 3284//40 3283//40
f 3314//40 3283//40 3312//40
f 3312//40 3283//40 3282//40
f 3312//40 3282//40 3281//40
f 3315//40 3302//40 3316//40
f 3316//40 3302//40 3301//40
f 3316//40 3301//40 3317//40
f 3301//40 3300//40 3317//40
f 3317//40 3300//40 3299//40
f 3317//40 3299//40 3318//40
f 3318//40 3299//40 3298//40
f 3318//40 3298//40 3319//40
f 3257//40 3256//40 3310//40
f 3310//40 3256//40 3255//40
f 3310//40 3255//40 3320//40
f 3320//40 3255//40 3254//40
f 3320//40 3254//40 3321//40
f 3321//40 3254//40 3304//40
f 3321//40 3304//40 3315//40
f 3315//40 3304//40 3303//40
f 3315//40 3303//40 3302//40
f 3322//40 3261//40 3323//40
f 3323//40 3261//40 3260//40
f 3323//40 3260//40 3324//40
f 3324//40 3260//40 3259//40
f 3324//40 3259//40 3311//40
f 3311//40 3259//40 3258//40
f 3311//40 3258//40 3257//40
f 3325//40 3264//40 3326//40
f 3326//40 3264//40 3263//40
f 3326//40 3263//40 3322//40
f 3322//40 3263//40 3262//40
f 3322//40 3262//40 3261//40
f 3327//40 3267//40 3328//40
f 3328//40 3267//40 3266//40
f 3328//40 3266//40 3325//40
f 3325//40 3266//40 3265//40
f 3325//40 3265//40 3264//40
f 3329//40 3270//40 3330//40
f 3330//40 3270//40 3269//40
f 3330//40 3269//40 3327//40
f 3327//40 3269//40 3268//40
f 3327//40 3268//40 3267//40
f 3275//40 3274//40 3307//40
f 3307//40 3274//40 3273//40
f 3307//40 3273//40 3331//40
f 3331//40 3273//40 3272//40
f 3331//40 3272//40 3329//40
f 3329//40 3272//40 3271//40
f 3329//40 3271//40 3270//40
f 3332//40 3287//40 3333//40
f 3333//40 3287//40 3286//40
f 3333//40 3286//40 3313//40
f 3313//40 3286//40 3285//40
f 3313//40 3285//40 3284//40
f 3298//40 3297//40 3319//40
f 3319//40 3297//40 3296//40
f 3319//40 3296//40 3334//40
f 3334//40 3296//40 3295//40
f 3334//40 3295//40 3335//40
f 3336//40 3290//40 3337//40
f 3337//40 3290//40 3289//40
f 3337//40 3289//40 3332//40
f 3332//40 3289//40 3288//40
f 3332//40 3288//40 3287//40
f 3295//40 3294//40 3335//40
f 3335//40 3294//40 3293//40
f 3335//40 3293//40 3338//40
f 3338//40 3293//40 3292//40
f 3338//40 3292//40 3336//40
f 3336//40 3292//40 3291//40
f 3336//40 3291//40 3290//40
f 3339//4359 3309//4359 3340//4359
f 3340//4359 3309//4359 3305//4359
f 3340//4358 3305//4358 3341//4358
f 3341//4358 3305//4358 3306//4358
f 3341//4357 3306//4357 3342//4357
f 3342//4357 3306//4357 3307//4357
f 3342//4355 3307//4355 3343//4355
f 3343//4355 3307//4355 3331//4355
f 3343//4354 3331//4354 3344//4354
f 3344//4354 3331//4354 3329//4354
f 3344//4353 3329//4353 3345//4353
f 3345//4353 3329//4353 3330//4353
f 3345//4352 3330//4352 3346//4352
f 3346//4352 3330//4352 3327//4352
f 3346//4770 3327//4770 3347//4770
f 3347//4770 3327//4770 3328//4770
f 3347//4347 3328//4347 3348//4347
f 3348//4347 3328//4347 3325//4347
f 3348//4391 3325//4391 3349//4391
f 3349//4391 3325//4391 3326//4391
f 3349//4390 3326//4390 3350//4390
f 3350//4390 3326//4390 3322//4390
f 3350//4389 3322//4389 3351//4389
f 3351//4389 3322//4389 3323//4389
f 3351//4386 3323//4386 3352//4386
f 3352//4771 3323//4771 3324//4771
f 3352//4772 3324//4772 3353//4772
f 3353//4385 3324//4385 3311//4385
f 3353//4773 3311//4773 3354//4773
f 3354//4774 3311//4774 3310//4774
f 3354//4383 3310//4383 3355//4383
f 3355//4383 3310//4383 3320//4383
f 3355//4382 3320//4382 3356//4382
f 3356//4382 3320//4382 3321//4382
f 3356//4381 3321//4381 3357//4381
f 3357//4381 3321//4381 3315//4381
f 3357//4380 3315//4380 3358//4380
f 3358//4380 3315//4380 3316//4380
f 3358//4379 3316//4379 3359//4379
f 3359//4775 3316//4775 3317//4775
f 3359//4776 3317//4776 3360//4776
f 3360//4377 3317//4377 3318//4377
f 3360//4376 3318//4376 3361//4376
f 3361//4376 3318//4376 3319//4376
f 3361//4375 3319//4375 3362//4375
f 3362//4375 3319//4375 3334//4375
f 3362//4374 3334//4374 3363//4374
f 3363//4374 3334//4374 3335//4374
f 3363//4373 3335//4373 3364//4373
f 3364//4373 3335//4373 3338//4373
f 3364//4372 3338//4372 3365//4372
f 3365//4372 3338//4372 3336//4372
f 3365//4371 3336//4371 3366//4371
f 3366//4370 3336//4370 3337//4370
f 3366//4777 3337//4777 3367//4777
f 3367//4368 3337//4368 3332//4368
f 3367//4367 3332//4367 3368//4367
f 3368//4367 3332//4367 3333//4367
f 3368//4778 3333//4778 3369//4778
f 3369//4778 3333//4778 3313//4778
f 3369//4363 3313//4363 3370//4363
f 3370//4363 3313//4363 3314//4363
f 3370//4362 3314//4362 3371//4362
f 3371//4362 3314//4362 3312//4362
f 3371//4361 3312//4361 3372//4361
f 3372//4361 3312//4361 3308//4361
f 3372//4360 3308//4360 3339//4360
f 3339//4360 3308//4360 3309//4360
f 3373//40 3359//40 3374//40
f 3374//40 3359//40 3360//40
f 3374//40 3360//40 3375//40
f 3375//40 3360//40 3361//40
f 3375//40 3361//40 3376//40
f 3376//40 3361//40 3362//40
f 3376//40 3362//40 3377//40
f 3378//40 3342//40 3379//40
f 3379//40 3342//40 3343//40
f 3379//40 3343//40 3380//40
f 3380//40 3343//40 3344//40
f 3380//40 3344//40 3381//40
f 3381//40 3344//40 3345//40
f 3381//40 3345//40 3382//40
f 3383//40 3370//40 3384//40
f 3384//40 3370//40 3371//40
f 3384//40 3371//40 3385//40
f 3385//40 3371//40 3372//40
f 3385//40 3372//40 3386//40
f 3386//40 3372//40 3339//40
f 3386//40 3339//40 3387//40
f 3387//40 3339//40 3340//40
f 3387//40 3340//40 3378//40
f 3378//40 3340//40 3341//40
f 3378//40 3341//40 3342//40
f 3362//40 3363//40 3377//40
f 3377//40 3363//40 3364//40
f 3377//40 3364//40 3388//40
f 3388//40 3364//40 3365//40
f 3388//40 3365//40 3389//40
f 3389//40 3365//40 3366//40
f 3389//40 3366//40 3390//40
f 3390//40 3366//40 3367//40
f 3390//40 3367//40 3391//40
f 3391//40 3367//40 3368//40
f 3391//40 3368//40 3383//40
f 3383//40 3368//40 3369//40
f 3383//40 3369//40 3370//40
f 3392//40 3353//40 3393//40
f 3393//40 3353//40 3354//40
f 3393//40 3354//40 3394//40
f 3394//40 3354//40 3355//40
f 3394//40 3355//40 3395//40
f 3395//40 3355//40 3356//40
f 3395//40 3356//40 3396//40
f 3396//40 3356//40 3357//40
f 3396//40 3357//40 3373//40
f 3373//40 3357//40 3358//40
f 3373//40 3358//40 3359//40
f 3345//40 3346//40 3382//40
f 3382//40 3346//40 3347//40
f 3382//40 3347//40 3397//40
f 3397//40 3347//40 3348//40
f 3397//40 3348//40 3398//40
f 3398//40 3348//40 3349//40
f 3398//40 3349//40 3399//40
f 3399//40 3349//40 3350//40
f 3399//40 3350//40 3400//40
f 3400//40 3350//40 3351//40
f 3400//40 3351//40 3392//40
f 3392//40 3351//40 3352//40
f 3392//40 3352//40 3353//40
f 3401//4779 3387//4779 3402//4779
f 3402//4780 3387//4780 3378//4780
f 3402//4423 3378//4423 3403//4423
f 3403//4781 3378//4781 3379//4781
f 3403//4782 3379//4782 3404//4782
f 3404//4783 3379//4783 3380//4783
f 3404//4427 3380//4427 3405//4427
f 3405//4428 3380//4428 3381//4428
f 3405//4428 3381//4428 3406//4428
f 3406//4429 3381//4429 3382//4429
f 3406//4429 3382//4429 3407//4429
f 3407//4784 3382//4784 3397//4784
f 3407//4785 3397//4785 3408//4785
f 3408//4394 3397//4394 3398//4394
f 3408//4394 3398//4394 3409//4394
f 3409//4395 3398//4395 3399//4395
f 3409//4395 3399//4395 3410//4395
f 3410//4396 3399//4396 3400//4396
f 3410//4786 3400//4786 3411//4786
f 3411//4787 3400//4787 3392//4787
f 3411//4788 3392//4788 3412//4788
f 3412//4400 3392//4400 3393//4400
f 3412//4400 3393//4400 3413//4400
f 3413//4401 3393//4401 3394//4401
f 3413//4401 3394//4401 3414//4401
f 3414//4402 3394//4402 3395//4402
f 3414//4402 3395//4402 3415//4402
f 3415//4403 3395//4403 3396//4403
f 3415//4403 3396//4403 3416//4403
f 3416//4404 3396//4404 3373//4404
f 3416//4404 3373//4404 3417//4404
f 3417//4405 3373//4405 3374//4405
f 3417//4405 3374//4405 3418//4405
f 3418//4407 3374//4407 3375//4407
f 3418//4407 3375//4407 3419//4407
f 3419//4408 3375//4408 3376//4408
f 3419//4408 3376//4408 3420//4408
f 3420//4409 3376//4409 3377//4409
f 3420//4409 3377//4409 3421//4409
f 3421//4410 3377//4410 3388//4410
f 3421//4410 3388//4410 3422//4410
f 3422//4411 3388//4411 3389//4411
f 3422//4411 3389//4411 3423//4411
f 3423//4412 3389//4412 3390//4412
f 3423//4413 3390//4413 3424//4413
f 3424//4414 3390//4414 3391//4414
f 3424//4789 3391//4789 3425//4789
f 3425//4416 3391//4416 3383//4416
f 3425//4416 3383//4416 3426//4416
f 3426//4417 3383//4417 3384//4417
f 3426//4417 3384//4417 3427//4417
f 3427//4418 3384//4418 3385//4418
f 3427//4418 3385//4418 3428//4418
f 3428//4419 3385//4419 3386//4419
f 3428//4790 3386//4790 3401//4790
f 3401//4779 3386//4779 3387//4779
f 3402//40 3429//40 3401//40
f 3401//40 3429//40 3430//40
f 3401//40 3430//40 3428//40
f 3403//40 3431//40 3402//40
f 3402//40 3431//40 3432//40
f 3402//40 3432//40 3429//40
f 3416//40 3417//40 3433//40
f 3419//40 3434//40 3418//40
f 3418//40 3434//40 3435//40
f 3418//40 3435//40 3417//40
f 3417//40 3435//40 3436//40
f 3417//40 3436//40 3433//40
f 3405//40 3437//40 3404//40
f 3404//40 3437//40 3438//40
f 3404//40 3438//40 3403//40
f 3403//3875 3438//3875 3439//3875
f 3403//40 3439//40 3431//40
f 3423//40 3424//40 3440//40
f 3420//40 3441//40 3419//40
f 3419//40 3441//40 3442//40
f 3419//40 3442//40 3434//40
f 3413//40 3414//40 3443//40
f 3430//40 3444//40 3428//40
f 3428//40 3444//40 3445//40
f 3428//40 3445//40 3427//40
f 3433//40 3446//40 3416//40
f 3416//40 3446//40 3447//40
f 3416//40 3447//40 3415//40
f 3415//40 3447//40 3448//40
f 3415//40 3448//40 3414//40
f 3414//40 3448//40 3449//40
f 3414//40 3449//40 3443//40
f 3412//40 3450//40 3411//40
f 3411//40 3450//40 3451//40
f 3411//40 3451//40 3410//40
f 3406//40 3452//40 3405//40
f 3405//40 3452//40 3453//40
f 3405//40 3453//40 3437//40
f 3445//40 3454//40 3427//40
f 3427//40 3454//40 3455//40
f 3427//40 3455//40 3426//40
f 3426//40 3455//40 3456//40
f 3426//40 3456//40 3425//40
f 3421//40 3457//40 3420//40
f 3420//40 3457//40 3458//40
f 3420//40 3458//40 3441//40
f 3443//40 3459//40 3413//40
f 3413//40 3459//40 3460//40
f 3413//40 3460//40 3412//40
f 3412//40 3460//40 3461//40
f 3412//40 3461//40 3450//40
f 3456//40 3462//40 3425//40
f 3425//40 3462//40 3463//40
f 3425//40 3463//40 3424//40
f 3424//40 3463//40 3464//40
f 3424//40 3464//40 3440//40
f 3440//40 3465//40 3423//40
f 3423//40 3465//40 3466//40
f 3423//40 3466//40 3422//40
f 3422//40 3466//40 3467//40
f 3422//40 3467//40 3421//40
f 3421//40 3467//40 3468//40
f 3421//40 3468//40 3457//40
f 3409//40 3469//40 3408//40
f 3408//40 3469//40 3470//40
f 3408//40 3470//40 3407//40
f 3470//40 3471//40 3407//40
f 3407//40 3471//40 3472//40
f 3407//40 3472//40 3406//40
f 3406//40 3472//40 3473//40
f 3406//40 3473//40 3452//40
f 3451//40 3474//40 3410//40
f 3410//40 3474//40 3475//40
f 3410//40 3475//40 3409//40
f 3409//40 3475//40 3476//40
f 3409//40 3476//40 3469//40
f 3448//4791 3477//4791 3449//4791
f 3449//4792 3477//4792 3478//4792
f 3449//4792 3478//4792 3443//4792
f 3443//4793 3478//4793 3479//4793
f 3443//4793 3479//4793 3459//4793
f 3459//4794 3479//4794 3480//4794
f 3459//4795 3480//4795 3460//4795
f 3460//4796 3480//4796 3481//4796
f 3460//4797 3481//4797 3461//4797
f 3461//4798 3481//4798 3482//4798
f 3461//4798 3482//4798 3450//4798
f 3450//4799 3482//4799 3483//4799
f 3450//4799 3483//4799 3451//4799
f 3451//4800 3483//4800 3484//4800
f 3451//4801 3484//4801 3474//4801
f 3474//4802 3484//4802 3485//4802
f 3474//4802 3485//4802 3475//4802
f 3475//4803 3485//4803 3486//4803
f 3475//4804 3486//4804 3476//4804
f 3476//4805 3486//4805 3487//4805
f 3476//4806 3487//4806 3469//4806
f 3469//4807 3487//4807 3488//4807
f 3469//4808 3488//4808 3470//4808
f 3470//4809 3488//4809 3489//4809
f 3470//4809 3489//4809 3471//4809
f 3471//4810 3489//4810 3490//4810
f 3471//4811 3490//4811 3472//4811
f 3472//4812 3490//4812 3491//4812
f 3472//4813 3491//4813 3473//4813
f 3473//4814 3491//4814 3492//4814
f 3473//4815 3492//4815 3452//4815
f 3452//4816 3492//4816 3493//4816
f 3452//4817 3493//4817 3453//4817
f 3453//4818 3493//4818 3494//4818
f 3453//4818 3494//4818 3437//4818
f 3437//4819 3494//4819 3495//4819
f 3437//4819 3495//4819 3438//4819
f 3438//4820 3495//4820 3496//4820
f 3438//4821 3496//4821 3439//4821
f 3439//4822 3496//4822 3497//4822
f 3439//4822 3497//4822 3431//4822
f 3431//4823 3497//4823 3498//4823
f 3431//4824 3498//4824 3432//4824
f 3432//4825 3498//4825 3499//4825
f 3432//4826 3499//4826 3429//4826
f 3429//4827 3499//4827 3500//4827
f 3429//4828 3500//4828 3430//4828
f 3430//4829 3500//4829 3501//4829
f 3430//4829 3501//4829 3444//4829
f 3444//4830 3501//4830 3502//4830
f 3444//4830 3502//4830 3445//4830
f 3445//4831 3502//4831 3503//4831
f 3445//4831 3503//4831 3454//4831
f 3454//4832 3503//4832 3504//4832
f 3454//4832 3504//4832 3455//4832
f 3455//4833 3504//4833 3505//4833
f 3455//4833 3505//4833 3456//4833
f 3456//4834 3505//4834 3506//4834
f 3456//4835 3506//4835 3462//4835
f 3462//4836 3506//4836 3507//4836
f 3462//4837 3507//4837 3463//4837
f 3463//4838 3507//4838 3508//4838
f 3463//4839 3508//4839 3464//4839
f 3464//4840 3508//4840 3509//4840
f 3464//4841 3509//4841 3440//4841
f 3440//4842 3509//4842 3510//4842
f 3440//4842 3510//4842 3465//4842
f 3465//4843 3510//4843 3511//4843
f 3465//4843 3511//4843 3466//4843
f 3466//4844 3511//4844 3512//4844
f 3466//4844 3512//4844 3467//4844
f 3467//4845 3512//4845 3513//4845
f 3467//4845 3513//4845 3468//4845
f 3468//4846 3513//4846 3514//4846
f 3468//4847 3514//4847 3457//4847
f 3457//4848 3514//4848 3515//4848
f 3457//4849 3515//4849 3458//4849
f 3458//4850 3515//4850 3516//4850
f 3458//4851 3516//4851 3441//4851
f 3441//4852 3516//4852 3517//4852
f 3441//4853 3517//4853 3442//4853
f 3442//4854 3517//4854 3518//4854
f 3442//4855 3518//4855 3434//4855
f 3434//4856 3518//4856 3519//4856
f 3434//4857 3519//4857 3435//4857
f 3435//4858 3519//4858 3520//4858
f 3435//4859 3520//4859 3436//4859
f 3436//4860 3520//4860 3521//4860
f 3436//4861 3521//4861 3433//4861
f 3433//4862 3521//4862 3522//4862
f 3433//4862 3522//4862 3446//4862
f 3446//4863 3522//4863 3523//4863
f 3446//4864 3523//4864 3447//4864
f 3447//4865 3523//4865 3524//4865
f 3447//4866 3524//4866 3448//4866
f 3448//4791 3524//4791 3477//4791
f 3524//4867 3525//4867 3477//4867
f 3477//4868 3525//4868 3526//4868
f 3477//4869 3526//4869 3478//4869
f 3478//4870 3526//4870 3527//4870
f 3478//4871 3527//4871 3479//4871
f 3479//4872 3527//4872 3528//4872
f 3479//4872 3528//4872 3480//4872
f 3480//4873 3528//4873 3529//4873
f 3480//4874 3529//4874 3481//4874
f 3481//4875 3529//4875 3530//4875
f 3481//4876 3530//4876 3482//4876
f 3482//4877 3530//4877 3531//4877
f 3482//4877 3531//4877 3483//4877
f 3483//4878 3531//4878 3532//4878
f 3483//4878 3532//4878 3484//4878
f 3484//4879 3532//4879 3533//4879
f 3484//4880 3533//4880 3485//4880
f 3485//4881 3533//4881 3534//4881
f 3485//4882 3534//4882 3486//4882
f 3486//4883 3534//4883 3535//4883
f 3486//4883 3535//4883 3487//4883
f 3487//4884 3535//4884 3536//4884
f 3487//4885 3536//4885 3488//4885
f 3488//4886 3536//4886 3537//4886
f 3488//4887 3537//4887 3489//4887
f 3489//4888 3537//4888 3538//4888
f 3489//4889 3538//4889 3490//4889
f 3490//4890 3538//4890 3539//4890
f 3490//4890 3539//4890 3491//4890
f 3491//4891 3539//4891 3540//4891
f 3491//4892 3540//4892 3492//4892
f 3492//4893 3540//4893 3541//4893
f 3492//4894 3541//4894 3493//4894
f 3493//4895 3541//4895 3542//4895
f 3493//4895 3542//4895 3494//4895
f 3494//4896 3542//4896 3543//4896
f 3494//4897 3543//4897 3495//4897
f 3495//4898 3543//4898 3544//4898
f 3495//4899 3544//4899 3496//4899
f 3496//4900 3544//4900 3545//4900
f 3496//4900 3545//4900 3497//4900
f 3497//4901 3545//4901 3546//4901
f 3497//4901 3546//4901 3498//4901
f 3498//4902 3546//4902 3547//4902
f 3498//4903 3547//4903 3499//4903
f 3499//4904 3547//4904 3548//4904
f 3499//4905 3548//4905 3500//4905
f 3500//4906 3548//4906 3549//4906
f 3500//4906 3549//4906 3501//4906
f 3501//4907 3549//4907 3550//4907
f 3501//4908 3550//4908 3502//4908
f 3502//4909 3550//4909 3551//4909
f 3502//4910 3551//4910 3503//4910
f 3503//4911 3551//4911 3552//4911
f 3503//4911 3552//4911 3504//4911
f 3504//4912 3552//4912 3553//4912
f 3504//4913 3553//4913 3505//4913
f 3505//4914 3553//4914 3554//4914
f 3505//4915 3554//4915 3506//4915
f 3506//4916 3554//4916 3555//4916
f 3506//4917 3555//4917 3507//4917
f 3507//4918 3555//4918 3556//4918
f 3507//4919 3556//4919 3508//4919
f 3508//4920 3556//4920 3557//4920
f 3508//4920 3557//4920 3509//4920
f 3509//4921 3557//4921 3558//4921
f 3509//4921 3558//4921 3510//4921
f 3510//4922 3558//4922 3559//4922
f 3510//4922 3559//4922 3511//4922
f 3511//4923 3559//4923 3560//4923
f 3511//4924 3560//4924 3512//4924
f 3512//4925 3560//4925 3561//4925
f 3512//4926 3561//4926 3513//4926
f 3513//4927 3561//4927 3562//4927
f 3513//4928 3562//4928 3514//4928
f 3514//4929 3562//4929 3563//4929
f 3514//4930 3563//4930 3515//4930
f 3515//4931 3563//4931 3564//4931
f 3515//4932 3564//4932 3516//4932
f 3516//4933 3564//4933 3565//4933
f 3516//4934 3565//4934 3517//4934
f 3517//4935 3565//4935 3566//4935
f 3517//4936 3566//4936 3518//4936
f 3518//4937 3566//4937 3567//4937
f 3518//4938 3567//4938 3519//4938
f 3519//4939 3567//4939 3568//4939
f 3519//4940 3568//4940 3520//4940
f 3520//4941 3568//4941 3569//4941
f 3520//4942 3569//4942 3521//4942
f 3521//4943 3569//4943 3570//4943
f 3521//4944 3570//4944 3522//4944
f 3522//4945 3570//4945 3571//4945
f 3522//4946 3571//4946 3523//4946
f 3523//4947 3571//4947 3572//4947
f 3523//4948 3572//4948 3524//4948
f 3524//4867 3572//4867 3525//4867
f 3572//4949 3573//4949 3525//4949
f 3525//4950 3573//4950 3574//4950
f 3525//4951 3574//4951 3526//4951
f 3526//4952 3574//4952 3575//4952
f 3526//4953 3575//4953 3527//4953
f 3527//4954 3575//4954 3576//4954
f 3527//4955 3576//4955 3528//4955
f 3528//4956 3576//4956 3577//4956
f 3528//4957 3577//4957 3529//4957
f 3529//4958 3577//4958 3578//4958
f 3529//4959 3578//4959 3530//4959
f 3530//4960 3578//4960 3579//4960
f 3530//4961 3579//4961 3531//4961
f 3531//4962 3579//4962 3580//4962
f 3531//4963 3580//4963 3532//4963
f 3532//4964 3580//4964 3581//4964
f 3532//4965 3581//4965 3533//4965
f 3533//4966 3581//4966 3582//4966
f 3533//4967 3582//4967 3534//4967
f 3534//4968 3582//4968 3583//4968
f 3534//4968 3583//4968 3535//4968
f 3535//4969 3583//4969 3584//4969
f 3535//4970 3584//4970 3536//4970
f 3536//4971 3584//4971 3585//4971
f 3536//4971 3585//4971 3537//4971
f 3537//4972 3585//4972 3586//4972
f 3537//4973 3586//4973 3538//4973
f 3538//4974 3586//4974 3587//4974
f 3538//4975 3587//4975 3539//4975
f 3539//4976 3587//4976 3588//4976
f 3539//4977 3588//4977 3540//4977
f 3540//4978 3588//4978 3589//4978
f 3540//4979 3589//4979 3541//4979
f 3541//4980 3589//4980 3590//4980
f 3541//4981 3590//4981 3542//4981
f 3542//4982 3590//4982 3591//4982
f 3542//4983 3591//4983 3543//4983
f 3543//4984 3591//4984 3592//4984
f 3543//4984 3592//4984 3544//4984
f 3544//4985 3592//4985 3593//4985
f 3544//4985 3593//4985 3545//4985
f 3545//4986 3593//4986 3594//4986
f 3545//4987 3594//4987 3546//4987
f 3546//4988 3594//4988 3595//4988
f 3546//4989 3595//4989 3547//4989
f 3547//4990 3595//4990 3596//4990
f 3547//4990 3596//4990 3548//4990
f 3548//4991 3596//4991 3597//4991
f 3548//4992 3597//4992 3549//4992
f 3549//4993 3597//4993 3598//4993
f 3549//4994 3598//4994 3550//4994
f 3550//4995 3598//4995 3599//4995
f 3550//4995 3599//4995 3551//4995
f 3551//4996 3599//4996 3600//4996
f 3551//4997 3600//4997 3552//4997
f 3552//4998 3600//4998 3601//4998
f 3552//4999 3601//4999 3553//4999
f 3553//5000 3601//5000 3602//5000
f 3553//5001 3602//5001 3554//5001
f 3554//5002 3602//5002 3603//5002
f 3554//5003 3603//5003 3555//5003
f 3555//5004 3603//5004 3604//5004
f 3555//5005 3604//5005 3556//5005
f 3556//5006 3604//5006 3605//5006
f 3556//5007 3605//5007 3557//5007
f 3557//5008 3605//5008 3606//5008
f 3557//5009 3606//5009 3558//5009
f 3558//5010 3606//5010 3607//5010
f 3558//5010 3607//5010 3559//5010
f 3559//5011 3607//5011 3608//5011
f 3559//5012 3608//5012 3560//5012
f 3560//5013 3608//5013 3609//5013
f 3560//5014 3609//5014 3561//5014
f 3561//5015 3609//5015 3610//5015
f 3561//5016 3610//5016 3562//5016
f 3562//5017 3610//5017 3611//5017
f 3562//5018 3611//5018 3563//5018
f 3563//5019 3611//5019 3612//5019
f 3563//5020 3612//5020 3564//5020
f 3564//5021 3612//5021 3613//5021
f 3564//5022 3613//5022 3565//5022
f 3565//5023 3613//5023 3614//5023
f 3565//5024 3614//5024 3566//5024
f 3566//5025 3614//5025 3615//5025
f 3566//5026 3615//5026 3567//5026
f 3567//5027 3615//5027 3616//5027
f 3567//5027 3616//5027 3568//5027
f 3568//5028 3616//5028 3617//5028
f 3568//5029 3617//5029 3569//5029
f 3569//5030 3617//5030 3618//5030
f 3569//5031 3618//5031 3570//5031
f 3570//5032 3618//5032 3619//5032
f 3570//5033 3619//5033 3571//5033
f 3571//5034 3619//5034 3620//5034
f 3571//5034 3620//5034 3572//5034
f 3572//5035 3620//5035 3573//5035
f 3588//5036 3621//5036 3589//5036
f 3589//5037 3621//5037 3622//5037
f 3589//5038 3622//5038 3590//5038
f 3590//5039 3622//5039 3623//5039
f 3590//5040 3623//5040 3591//5040
f 3591//5041 3623//5041 3624//5041
f 3591//5042 3624//5042 3592//5042
f 3582//5043 3625//5043 3583//5043
f 3583//5044 3625//5044 3626//5044
f 3583//5045 3626//5045 3584//5045
f 3584//5046 3626//5046 3627//5046
f 3584//5047 3627//5047 3585//5047
f 3585//5048 3627//5048 3628//5048
f 3585//5049 3628//5049 3586//5049
f 3586//5050 3628//5050 3629//5050
f 3586//5051 3629//5051 3587//5051
f 3587//5052 3629//5052 3630//5052
f 3587//5053 3630//5053 3588//5053
f 3588//5054 3630//5054 3631//5054
f 3588//5055 3631//5055 3621//5055
f 3578//5056 3632//5056 3579//5056
f 3579//5057 3632//5057 3633//5057
f 3579//5058 3633//5058 3580//5058
f 3580//5059 3633//5059 3634//5059
f 3580//5060 3634//5060 3581//5060
f 3581//5061 3634//5061 3635//5061
f 3581//5062 3635//5062 3582//5062
f 3582//5063 3635//5063 3636//5063
f 3582//5064 3636//5064 3625//5064
f 3614//5065 3637//5065 3615//5065
f 3615//5066 3637//5066 3638//5066
f 3615//5067 3638//5067 3616//5067
f 3616//5068 3638//5068 3639//5068
f 3616//5069 3639//5069 3617//5069
f 3617//5070 3639//5070 3640//5070
f 3617//5071 3640//5071 3618//5071
f 3618//5072 3640//5072 3641//5072
f 3618//5073 3641//5073 3619//5073
f 3619//5074 3641//5074 3642//5074
f 3619//5075 3642//5075 3620//5075
f 3620//5076 3642//5076 3643//5076
f 3620//5077 3643//5077 3573//5077
f 3573//5078 3643//5078 3644//5078
f 3573//5079 3644//5079 3574//5079
f 3574//5080 3644//5080 3645//5080
f 3574//5081 3645//5081 3575//5081
f 3575//5082 3645//5082 3646//5082
f 3575//5083 3646//5083 3576//5083
f 3576//5084 3646//5084 3647//5084
f 3576//5085 3647//5085 3577//5085
f 3577//5086 3647//5086 3648//5086
f 3577//5087 3648//5087 3578//5087
f 3578//5088 3648//5088 3649//5088
f 3578//5089 3649//5089 3632//5089
f 3609//5090 3650//5090 3610//5090
f 3610//5091 3650//5091 3651//5091
f 3610//5092 3651//5092 3611//5092
f 3611//5093 3651//5093 3652//5093
f 3611//5094 3652//5094 3612//5094
f 3612//5095 3652//5095 3653//5095
f 3612//5096 3653//5096 3613//5096
f 3613//5097 3653//5097 3654//5097
f 3613//5098 3654//5098 3614//5098
f 3614//5099 3654//5099 3655//5099
f 3614//5100 3655//5100 3637//5100
f 3604//5101 3656//5101 3605//5101
f 3605//5102 3656//5102 3657//5102
f 3605//5103 3657//5103 3606//5103
f 3606//5104 3657//5104 3658//5104
f 3606//5105 3658//5105 3607//5105
f 3607//5106 3658//5106 3659//5106
f 3607//5107 3659//5107 3608//5107
f 3608//5108 3659//5108 3660//5108
f 3608//5109 3660//5109 3609//5109
f 3609//5110 3660//5110 3661//5110
f 3609//5111 3661//5111 3650//5111
f 3600//5112 3662//5112 3601//5112
f 3601//5113 3662//5113 3663//5113
f 3601//5114 3663//5114 3602//5114
f 3602//5115 3663//5115 3664//5115
f 3602//5116 3664//5116 3603//5116
f 3603//5117 3664//5117 3665//5117
f 3603//5118 3665//5118 3604//5118
f 3604//5119 3665//5119 3666//5119
f 3604//5120 3666//5120 3656//5120
f 3624//5121 3667//5121 3592//5121
f 3592//5122 3667//5122 3668//5122
f 3592//5123 3668//5123 3593//5123
f 3593//5124 3668//5124 3669//5124
f 3593//5125 3669//5125 3594//5125
f 3594//5126 3669//5126 3670//5126
f 3594//5127 3670//5127 3595//5127
f 3595//5128 3670//5128 3671//5128
f 3595//5129 3671//5129 3596//5129
f 3596//5130 3671//5130 3672//5130
f 3596//5131 3672//5131 3597//5131
f 3597//5132 3672//5132 3673//5132
f 3597//5133 3673//5133 3598//5133
f 3598//5134 3673//5134 3674//5134
f 3598//5135 3674//5135 3599//5135
f 3599//5136 3674//5136 3675//5136
f 3599//5137 3675//5137 3600//5137
f 3600//5138 3675//5138 3676//5138
f 3600//5139 3676//5139 3662//5139
f 3677//5140 3678//5140 3679//5140
f 3679//5141 3678//5141 3680//5141
f 3679//5141 3680//5141 3681//5141
f 3681//5142 3680//5142 3682//5142
f 3681//5143 3682//5143 3683//5143
f 3683//5144 3682//5144 3684//5144
f 3683//5144 3684//5144 3685//5144
f 3685//5145 3684//5145 3686//5145
f 3685//5146 3686//5146 3687//5146
f 3687//5147 3686//5147 3688//5147
f 3687//5148 3688//5148 3689//5148
f 3689//5149 3688//5149 3690//5149
f 3689//5150 3690//5150 3691//5150
f 3691//5151 3690//5151 3692//5151
f 3691//5151 3692//5151 3693//5151
f 3693//5152 3692//5152 3694//5152
f 3693//5153 3694//5153 3695//5153
f 3695//5154 3694//5154 3696//5154
f 3695//5155 3696//5155 3697//5155
f 3697//5156 3696//5156 3698//5156
f 3697//5157 3698//5157 3699//5157
f 3699//5158 3698//5158 3700//5158
f 3699//5158 3700//5158 3701//5158
f 3701//5159 3700//5159 3702//5159
f 3701//5159 3702//5159 3703//5159
f 3703//5160 3702//5160 3704//5160
f 3703//5161 3704//5161 3705//5161
f 3705//5162 3704//5162 3706//5162
f 3705//5162 3706//5162 3707//5162
f 3707//5163 3706//5163 3708//5163
f 3707//5163 3708//5163 3709//5163
f 3709//5164 3708//5164 3710//5164
f 3709//5164 3710//5164 3711//5164
f 3711//5165 3710//5165 3712//5165
f 3711//5165 3712//5165 3713//5165
f 3713//5166 3712//5166 3714//5166
f 3713//5166 3714//5166 3715//5166
f 3715//5167 3714//5167 3716//5167
f 3715//5168 3716//5168 3717//5168
f 3717//5169 3716//5169 3718//5169
f 3717//5170 3718//5170 3719//5170
f 3719//5171 3718//5171 3720//5171
f 3719//5172 3720//5172 3721//5172
f 3721//5173 3720//5173 3722//5173
f 3721//5173 3722//5173 3723//5173
f 3723//5174 3722//5174 3724//5174
f 3723//5174 3724//5174 3725//5174
f 3725//5175 3724//5175 3726//5175
f 3725//5175 3726//5175 3727//5175
f 3727//5176 3726//5176 3728//5176
f 3727//5177 3728//5177 3729//5177
f 3729//5178 3728//5178 3730//5178
f 3729//5178 3730//5178 3731//5178
f 3731//5179 3730//5179 3732//5179
f 3731//5180 3732//5180 3733//5180
f 3733//5181 3732//5181 3734//5181
f 3733//5182 3734//5182 3735//5182
f 3735//5183 3734//5183 3736//5183
f 3735//5183 3736//5183 3737//5183
f 3737//5184 3736//5184 3738//5184
f 3737//5185 3738//5185 3739//5185
f 3739//5186 3738//5186 3740//5186
f 3739//5187 3740//5187 3741//5187
f 3741//5188 3740//5188 3742//5188
f 3741//5189 3742//5189 3743//5189
f 3743//5190 3742//5190 3744//5190
f 3743//5191 3744//5191 3745//5191
f 3745//5192 3744//5192 3746//5192
f 3745//5192 3746//5192 3677//5192
f 3677//5193 3746//5193 3678//5193
f 3746//5194 3747//5194 3678//5194
f 3678//5195 3747//5195 3748//5195
f 3678//5196 3748//5196 3680//5196
f 3680//5197 3748//5197 3749//5197
f 3680//5198 3749//5198 3682//5198
f 3682//5199 3749//5199 3750//5199
f 3682//5200 3750//5200 3684//5200
f 3684//5201 3750//5201 3751//5201
f 3684//5201 3751//5201 3686//5201
f 3686//5202 3751//5202 3752//5202
f 3686//5202 3752//5202 3688//5202
f 3688//5203 3752//5203 3753//5203
f 3688//5204 3753//5204 3690//5204
f 3690//5205 3753//5205 3754//5205
f 3690//5206 3754//5206 3692//5206
f 3692//5207 3754//5207 3755//5207
f 3692//5208 3755//5208 3694//5208
f 3694//5209 3755//5209 3756//5209
f 3694//5209 3756//5209 3696//5209
f 3696//5210 3756//5210 3757//5210
f 3696//5210 3757//5210 3698//5210
f 3698//5211 3757//5211 3758//5211
f 3698//5212 3758//5212 3700//5212
f 3700//5213 3758//5213 3759//5213
f 3700//5214 3759//5214 3702//5214
f 3702//5215 3759//5215 3760//5215
f 3702//5216 3760//5216 3704//5216
f 3704//5217 3760//5217 3761//5217
f 3704//5218 3761//5218 3706//5218
f 3706//5219 3761//5219 3762//5219
f 3706//5220 3762//5220 3708//5220
f 3708//5221 3762//5221 3763//5221
f 3708//5222 3763//5222 3710//5222
f 3710//5223 3763//5223 3764//5223
f 3710//5224 3764//5224 3712//5224
f 3712//5225 3764//5225 3765//5225
f 3712//5226 3765//5226 3714//5226
f 3714//5227 3765//5227 3766//5227
f 3714//5228 3766//5228 3716//5228
f 3716//5229 3766//5229 3767//5229
f 3716//5230 3767//5230 3718//5230
f 3718//5231 3767//5231 3768//5231
f 3718//5232 3768//5232 3720//5232
f 3720//5233 3768//5233 3769//5233
f 3720//5234 3769//5234 3722//5234
f 3722//5235 3769//5235 3770//5235
f 3722//5235 3770//5235 3724//5235
f 3724//5236 3770//5236 3771//5236
f 3724//5236 3771//5236 3726//5236
f 3726//5237 3771//5237 3772//5237
f 3726//5237 3772//5237 3728//5237
f 3728//5238 3772//5238 3773//5238
f 3728//5239 3773//5239 3730//5239
f 3730//5240 3773//5240 3774//5240
f 3730//5241 3774//5241 3732//5241
f 3732//5242 3774//5242 3775//5242
f 3732//5243 3775//5243 3734//5243
f 3734//5244 3775//5244 3776//5244
f 3734//5245 3776//5245 3736//5245
f 3736//5246 3776//5246 3777//5246
f 3736//5247 3777//5247 3738//5247
f 3738//5248 3777//5248 3778//5248
f 3738//5249 3778//5249 3740//5249
f 3740//5250 3778//5250 3779//5250
f 3740//5251 3779//5251 3742//5251
f 3742//5252 3779//5252 3780//5252
f 3742//5253 3780//5253 3744//5253
f 3744//5254 3780//5254 3781//5254
f 3744//5255 3781//5255 3746//5255
f 3746//5256 3781//5256 3747//5256
f 3674//5257 3780//5257 3675//5257
f 3675//5258 3780//5258 3779//5258
f 3675//5259 3779//5259 3676//5259
f 3676//5260 3779//5260 3778//5260
f 3676//5261 3778//5261 3662//5261
f 3662//5262 3778//5262 3777//5262
f 3662//5262 3777//5262 3663//5262
f 3658//5263 3657//5263 3774//5263
f 3774//5264 3657//5264 3656//5264
f 3774//5265 3656//5265 3775//5265
f 3775//5266 3656//5266 3666//5266
f 3775//5267 3666//5267 3776//5267
f 3776//5268 3666//5268 3665//5268
f 3776//5269 3665//5269 3777//5269
f 3777//5270 3665//5270 3664//5270
f 3777//5271 3664//5271 3663//5271
f 3658//5272 3774//5272 3659//5272
f 3659//5273 3774//5273 3773//5273
f 3659//5274 3773//5274 3660//5274
f 3660//5275 3773//5275 3772//5275
f 3660//5276 3772//5276 3661//5276
f 3661//5277 3772//5277 3771//5277
f 3661//5278 3771//5278 3650//5278
f 3637//5279 3655//5279 3768//5279
f 3768//5280 3655//5280 3654//5280
f 3768//5281 3654//5281 3769//5281
f 3769//5282 3654//5282 3653//5282
f 3769//5283 3653//5283 3770//5283
f 3770//5284 3653//5284 3652//5284
f 3770//5285 3652//5285 3771//5285
f 3771//5286 3652//5286 3651//5286
f 3771//5287 3651//5287 3650//5287
f 3637//5288 3768//5288 3638//5288
f 3638//5289 3768//5289 3767//5289
f 3638//5290 3767//5290 3639//5290
f 3639//5291 3767//5291 3766//5291
f 3639//5292 3766//5292 3640//5292
f 3640//5293 3766//5293 3765//5293
f 3640//5294 3765//5294 3641//5294
f 3641//5295 3765//5295 3764//5295
f 3641//5296 3764//5296 3642//5296
f 3642//5297 3764//5297 3643//5297
f 3643//5298 3764//5298 3763//5298
f 3643//5299 3763//5299 3644//5299
f 3644//5300 3763//5300 3762//5300
f 3644//5301 3762//5301 3645//5301
f 3645//5302 3762//5302 3761//5302
f 3645//5302 3761//5302 3646//5302
f 3634//5303 3633//5303 3758//5303
f 3758//5304 3633//5304 3632//5304
f 3758//5304 3632//5304 3759//5304
f 3759//5305 3632//5305 3649//5305
f 3759//5306 3649//5306 3760//5306
f 3760//5307 3649//5307 3648//5307
f 3760//5308 3648//5308 3761//5308
f 3761//5309 3648//5309 3647//5309
f 3761//5310 3647//5310 3646//5310
f 3634//5311 3758//5311 3635//5311
f 3635//5312 3758//5312 3757//5312
f 3635//5313 3757//5313 3636//5313
f 3636//5314 3757//5314 3756//5314
f 3636//5315 3756//5315 3625//5315
f 3625//5316 3756//5316 3755//5316
f 3625//5316 3755//5316 3626//5316
f 3621//5317 3631//5317 3752//5317
f 3752//5318 3631//5318 3630//5318
f 3752//5319 3630//5319 3753//5319
f 3753//5320 3630//5320 3629//5320
f 3753//5321 3629//5321 3754//5321
f 3754//5322 3629//5322 3628//5322
f 3754//5323 3628//5323 3755//5323
f 3755//5324 3628//5324 3627//5324
f 3755//5325 3627//5325 3626//5325
f 3621//5326 3752//5326 3622//5326
f 3622//5327 3752//5327 3751//5327
f 3622//5328 3751//5328 3623//5328
f 3623//5329 3751//5329 3750//5329
f 3623//5330 3750//5330 3624//5330
f 3624//5331 3750//5331 3749//5331
f 3624//5332 3749//5332 3667//5332
f 3674//5333 3673//5333 3780//5333
f 3780//5334 3673//5334 3672//5334
f 3780//5335 3672//5335 3781//5335
f 3781//5336 3672//5336 3671//5336
f 3781//5336 3671//5336 3747//5336
f 3747//5337 3671//5337 3670//5337
f 3747//5338 3670//5338 3748//5338
f 3748//5339 3670//5339 3669//5339
f 3748//5340 3669//5340 3749//5340
f 3749//5341 3669//5341 3668//5341
f 3749//5342 3668//5342 3667//5342
f 3030//26 3713//26 3031//26
f 3031//26 3713//26 3715//26
f 3031//26 3715//26 3032//26
f 3032//26 3715//26 3717//26
f 3032//26 3717//26 3033//26
f 3033//26 3717//26 3719//26
f 3033//26 3719//26 3034//26
f 3042//26 3743//26 3043//26
f 3043//26 3743//26 3745//26
f 3043//26 3745//26 3044//26
f 3044//26 3745//26 3677//26
f 3044//26 3677//26 3045//26
f 3045//26 3677//26 3679//26
f 3045//26 3679//26 3046//26
f 3026//26 3703//26 3027//26
f 3027//26 3703//26 3705//26
f 3027//26 3705//26 3028//26
f 3028//26 3705//26 3707//26
f 3028//26 3707//26 3029//26
f 3029//26 3707//26 3709//26
f 3029//26 3709//26 3030//26
f 3030//26 3709//26 3711//26
f 3030//26 3711//26 3713//26
f 3719//26 3721//26 3034//26
f 3034//26 3721//26 3723//26
f 3034//26 3723//26 3035//26
f 3035//26 3723//26 3725//26
f 3035//26 3725//26 3036//26
f 3036//26 3725//26 3727//26
f 3036//26 3727//26 3037//26
f 3037//26 3727//26 3729//26
f 3037//26 3729//26 3038//26
f 3729//26 3731//26 3038//26
f 3038//26 3731//26 3733//26
f 3038//26 3733//26 3039//26
f 3039//26 3733//26 3735//26
f 3039//26 3735//26 3040//26
f 3040//26 3735//26 3737//26
f 3040//26 3737//26 3041//26
f 3041//26 3737//26 3739//26
f 3041//26 3739//26 3042//26
f 3042//26 3739//26 3741//26
f 3042//26 3741//26 3743//26
f 3679//26 3681//26 3046//26
f 3046//26 3681//26 3683//26
f 3046//26 3683//26 3047//26
f 3047//26 3683//26 3685//26
f 3047//26 3685//26 3048//26
f 3048//26 3685//26 3687//26
f 3048//26 3687//26 3049//26
f 3049//26 3687//26 3689//26
f 3049//26 3689//26 3021//26
f 3021//26 3689//26 3691//26
f 3021//26 3691//26 3022//26
f 3022//26 3691//26 3693//26
f 3022//26 3693//26 3023//26
f 3023//26 3693//26 3695//26
f 3023//26 3695//26 3024//26
f 3024//26 3695//26 3697//26
f 3024//26 3697//26 3025//26
f 3025//26 3697//26 3699//26
f 3025//26 3699//26 3026//26
f 3026//26 3699//26 3701//26
f 3026//26 3701//26 3703//26
f 5614//7571 5563//7571 5615//7571
f 5615//7572 5563//7572 5605//7572
f 5615//7573 5605//7573 5616//7573
f 5619//7579 5620//7579 5621//7579
f 5621//7580 5620//7580 5622//7580
f 5621//7581 5622//7581 5623//7581
f 5624//7582 5625//7582 5626//7582
f 5626//7583 5625//7583 5627//7583
f 5626//7584 5627//7584 5628//7584
f 5628//7585 5627//7585 5629//7585
f 5628//7586 5629//7586 5630//7586
f 5630//7587 5629//7587 5631//7587
f 5630//7588 5631//7588 5632//7588
f 5632//7589 5631//7589 5633//7589
f 5632//7590 5633//7590 5634//7590
f 5634//7591 5633//7591 5635//7591
f 5634//7592 5635//7592 5636//7592
f 5636//7593 5635//7593 5637//7593
f 5636//7594 5637//7594 5638//7594
f 5638//7595 5637//7595 5639//7595
f 5638//7596 5639//7596 5640//7596
f 5640//7597 5639//7597 5641//7597
f 5640//7598 5641//7598 5642//7598
f 5642//7599 5641//7599 5643//7599
f 5642//7600 5643//7600 5644//7600
f 5644//7601 5643//7601 5645//7601
f 5644//7602 5645//7602 5622//7602
f 5622//7603 5645//7603 5646//7603
f 5622//7604 5646//7604 5623//7604
f 5623//7605 5646//7605 5647//7605
f 5610//7606 5609//7606 5648//7606
f 5648//7607 5609//7607 5608//7607
f 5648//7608 5608//7608 5649//7608
f 5649//7609 5608//7609 5607//7609
f 5649//7610 5607//7610 5624//7610
f 5624//7611 5607//7611 5606//7611
f 5624//7612 5606//7612 5625//7612
f 5650//7613 5651//7613 5652//7613
f 5651//7614 5653//7614 5652//7614
f 5652//7615 5653//7615 5654//7615
f 5652//7616 5654//7616 5655//7616
f 5655//7617 5656//7617 5652//7617
f 5652//7618 5656//7618 5657//7618
f 5652//7619 5657//7619 5650//7619
f 5613//7620 5612//7620 5658//7620
f 5613//7621 5658//7621 5618//7621
f 5615//7622 5616//7622 5658//7622
f 5658//7623 5616//7623 5617//7623
f 5658//7624 5617//7624 5618//7624
f 5610//7625 5648//7625 5611//7625
f 5611//7626 5648//7626 5657//7626
f 5611//7627 5657//7627 5612//7627
f 5612//7628 5657//7628 5656//7628
f 5612//7629 5656//7629 5658//7629
f 5658//7630 5656//7630 5614//7630
f 5658//7631 5614//7631 5615//7631
f 5209//7637 5672//7637 5210//7637
f 5210//7638 5672//7638 5673//7638
usemtl finger
f 155//45 156//45 157//45
f 157//46 158//46 155//46
f 155//47 158//47 159//47
f 155//48 159//48 160//48
f 160//49 159//49 161//49
f 160//50 161//50 162//50
f 162//51 161//51 163//51
f 162//52 163//52 164//52
f 164//53 163//53 165//53
f 164//54 165//54 166//54
f 165//55 167//55 166//55
f 166//56 167//56 168//56
f 166//57 168//57 169//57
f 190//85 191//85 192//85
f 192//86 191//86 193//86
f 194//87 190//87 195//87
f 195//88 190//88 192//88
f 195//89 192//89 196//89
f 196//90 192//90 193//90
f 196//91 193//91 197//91
f 203//99 202//99 204//99
f 205//100 194//100 204//100
f 204//101 194//101 195//101
f 204//102 195//102 203//102
f 203//103 195//103 196//103
f 206//107 205//107 207//107
f 207//108 205//108 204//108
f 207//109 204//109 208//109
f 208//110 204//110 202//110
f 211//115 212//115 213//115
f 206//117 207//117 215//117
f 215//118 207//118 216//118
f 215//119 216//119 217//119
f 208//120 214//120 207//120
f 207//121 214//121 218//121
f 207//122 218//122 216//122
f 209//124 211//124 213//124
f 209//125 213//125 214//125
f 219//126 220//126 221//126
f 211//126 219//126 212//126
f 212//126 219//126 221//126
f 185//127 169//127 168//127
f 214//128 213//128 212//128
f 223//129 217//129 224//129
f 224//130 217//130 216//130
f 220//132 185//132 168//132
f 220//133 168//133 221//133
f 221//134 168//134 223//134
f 221//135 223//135 212//135
f 212//136 223//136 224//136
f 212//137 224//137 214//137
f 214//138 224//138 216//138
f 214//139 216//139 218//139
f 235//149 236//149 237//149
f 227//150 220//150 219//150
f 227//159 219//159 229//159
f 229//160 219//160 238//160
f 229//161 238//161 231//161
f 231//163 245//163 233//163
f 233//165 246//165 234//165
f 234//167 247//167 248//167
f 247//168 249//168 248//168
f 248//169 249//169 250//169
f 248//170 250//170 251//170
f 251//171 250//171 252//171
f 251//172 252//172 253//172
f 254//173 237//173 252//173
f 252//174 237//174 255//174
f 252//175 255//175 253//175
f 254//177 257//177 237//177
f 237//149 257//149 258//149
f 237//149 258//149 235//149
f 290//267 236//267 235//267
f 235//267 258//267 290//267
f 290//268 258//268 312//268
f 290//269 312//269 291//269
f 291//270 312//270 320//270
f 291//271 320//271 288//271
f 288//272 320//272 321//272
f 288//273 321//273 289//273
f 289//275 322//275 285//275
f 285//276 322//276 323//276
f 285//277 323//277 283//277
f 283//279 324//279 281//279
f 281//281 325//281 326//281
f 326//283 327//283 328//283
f 328//285 318//285 329//285
f 329//286 318//286 319//286
f 329//287 319//287 330//287
f 331//126 330//126 319//126
f 332//126 331//126 333//126
f 333//126 331//126 319//126
f 336//289 337//289 338//289
f 335//290 339//290 340//290
f 332//291 333//291 341//291
f 341//292 333//292 335//292
f 341//293 335//293 342//293
f 342//294 335//294 340//294
f 343//295 336//295 344//295
f 344//296 336//296 338//296
f 344//297 338//297 339//297
f 339//298 338//298 345//298
f 339//299 345//299 340//299
f 348//302 343//302 349//302
f 349//303 343//303 344//303
f 350//304 348//304 351//304
f 351//305 348//305 349//305
f 351//306 349//306 352//306
f 352//307 349//307 344//307
f 352//308 344//308 339//308
f 355//311 356//311 357//311
f 346//314 355//314 358//314
f 358//315 355//315 357//315
f 358//316 357//316 359//316
f 360//317 350//317 359//317
f 359//318 350//318 351//318
f 359//319 351//319 358//319
f 358//320 351//320 352//320
f 358//321 352//321 346//321
f 346//322 352//322 339//322
f 346//323 339//323 335//323
f 361//324 360//324 362//324
f 362//325 360//325 359//325
f 362//326 359//326 363//326
f 363//327 359//327 357//327
f 363//328 357//328 364//328
f 364//329 357//329 356//329
f 363//332 364//332 366//332
f 379//346 380//346 381//346
f 382//347 379//347 383//347
f 379//348 381//348 383//348
f 383//349 381//349 384//349
f 383//350 384//350 385//350
f 385//351 384//351 386//351
f 385//352 386//352 387//352
f 387//353 386//353 388//353
f 387//354 388//354 389//354
f 389//355 388//355 390//355
f 389//356 390//356 391//356
f 391//357 390//357 392//357
f 391//358 392//358 393//358
f 394//359 382//359 395//359
f 395//360 382//360 383//360
f 395//361 383//361 396//361
f 396//362 383//362 385//362
f 396//363 385//363 397//363
f 397//364 385//364 387//364
f 397//365 387//365 398//365
f 398//366 387//366 389//366
f 398//367 389//367 399//367
f 399//368 389//368 391//368
f 399//369 391//369 362//369
f 362//370 391//370 393//370
f 362//371 393//371 361//371
f 362//372 363//372 399//372
f 399//373 363//373 366//373
f 399//374 366//374 398//374
f 398//375 366//375 375//375
f 398//376 375//376 397//376
f 397//377 375//377 373//377
f 397//378 373//378 396//378
f 396//379 373//379 371//379
f 396//380 371//380 395//380
f 395//381 371//381 367//381
f 395//359 367//359 394//359
f 407//389 408//389 404//389
f 413//397 380//397 379//397
f 197//398 193//398 414//398
f 379//399 415//399 413//399
f 413//400 415//400 416//400
f 413//401 416//401 417//401
f 417//402 416//402 418//402
f 417//403 418//403 419//403
f 419//404 418//404 420//404
f 419//405 420//405 421//405
f 421//406 420//406 414//406
f 421//407 414//407 422//407
f 422//408 414//408 193//408
f 422//409 193//409 191//409
f 423//411 197//411 414//411
f 423//412 414//412 424//412
f 424//413 414//413 420//413
f 424//414 420//414 425//414
f 425//415 420//415 418//415
f 425//416 418//416 426//416
f 426//417 418//417 416//417
f 426//418 416//418 427//418
f 427//419 416//419 415//419
f 427//420 415//420 382//420
f 382//421 415//421 379//421
f 401//426 424//426 404//426
f 404//427 424//427 425//427
f 404//428 425//428 407//428
f 407//429 425//429 426//429
f 407//430 426//430 410//430
f 410//431 426//431 427//431
f 410//432 427//432 394//432
f 394//433 427//433 382//433
f 517//126 518//126 519//126
f 519//126 518//126 520//126
f 521//471 518//471 517//471
f 517//472 522//472 521//472
f 521//473 522//473 523//473
f 521//474 523//474 524//474
f 524//475 523//475 525//475
f 524//476 525//476 526//476
f 526//477 525//477 527//477
f 527//478 525//478 528//478
f 527//479 528//479 529//479
f 529//480 528//480 530//480
f 529//481 530//481 531//481
f 531//482 530//482 532//482
f 531//483 532//483 533//483
f 533//484 532//484 534//484
f 534//485 532//485 535//485
f 534//486 535//486 536//486
f 536//487 535//487 537//487
f 536//488 537//488 538//488
f 537//489 539//489 538//489
f 538//490 539//490 540//490
f 538//491 540//491 541//491
f 540//492 542//492 541//492
f 541//493 542//493 543//493
f 541//494 543//494 544//494
f 545//495 546//495 543//495
f 543//495 546//495 544//495
f 547//496 548//496 549//496
f 549//497 548//497 546//497
f 549//498 546//498 545//498
f 550//499 551//499 547//499
f 547//500 551//500 552//500
f 547//501 552//501 548//501
f 553//502 554//502 555//502
f 555//503 554//503 551//503
f 555//504 551//504 556//504
f 556//505 551//505 550//505
f 557//126 558//126 559//126
f 559//126 558//126 560//126
f 560//506 558//506 561//506
f 561//507 558//507 562//507
f 561//508 562//508 563//508
f 563//509 562//509 564//509
f 563//510 564//510 565//510
f 565//511 564//511 566//511
f 565//512 566//512 567//512
f 567//512 566//512 568//512
f 569//513 570//513 571//513
f 572//514 573//514 574//514
f 574//515 573//515 575//515
f 574//516 575//516 576//516
f 576//517 575//517 577//517
f 576//518 577//518 578//518
f 578//519 577//519 579//519
f 578//520 579//520 580//520
f 580//521 579//521 581//521
f 580//522 581//522 582//522
f 582//523 581//523 583//523
f 582//524 583//524 584//524
f 584//525 583//525 585//525
f 585//526 583//526 586//526
f 585//527 586//527 587//527
f 587//528 586//528 588//528
f 587//529 588//529 589//529
f 589//530 588//530 590//530
f 589//531 590//531 591//531
f 591//532 590//532 571//532
f 591//533 571//533 592//533
f 592//534 571//534 570//534
f 592//535 570//535 593//535
f 594//536 595//536 596//536
f 597//537 598//537 599//537
f 599//538 598//538 600//538
f 599//539 600//539 601//539
f 601//540 600//540 602//540
f 601//541 602//541 603//541
f 603//542 602//542 604//542
f 603//543 604//543 605//543
f 605//544 604//544 606//544
f 605//545 606//545 607//545
f 607//546 606//546 608//546
f 607//547 608//547 609//547
f 609//548 608//548 610//548
f 609//549 610//549 611//549
f 611//550 610//550 612//550
f 611//551 612//551 613//551
f 613//552 612//552 614//552
f 613//553 614//553 615//553
f 615//554 614//554 596//554
f 615//555 596//555 616//555
f 616//556 596//556 595//556
f 616//557 595//557 617//557
f 597//558 618//558 598//558
f 598//559 618//559 619//559
f 598//560 619//560 600//560
f 600//561 619//561 620//561
f 600//562 620//562 602//562
f 602//563 620//563 621//563
f 602//564 621//564 604//564
f 604//565 621//565 622//565
f 604//566 622//566 606//566
f 606//567 622//567 623//567
f 606//568 623//568 608//568
f 608//569 623//569 624//569
f 608//570 624//570 610//570
f 610//571 624//571 625//571
f 610//572 625//572 612//572
f 612//573 625//573 626//573
f 612//574 626//574 614//574
f 614//575 626//575 627//575
f 614//576 627//576 596//576
f 596//577 627//577 628//577
f 596//578 628//578 594//578
f 594//579 628//579 629//579
f 618//580 569//580 619//580
f 619//581 569//581 571//581
f 619//582 571//582 620//582
f 620//583 571//583 590//583
f 620//584 590//584 621//584
f 621//585 590//585 588//585
f 621//586 588//586 622//586
f 622//586 588//586 586//586
f 622//587 586//587 623//587
f 623//588 586//588 583//588
f 623//589 583//589 624//589
f 624//590 583//590 581//590
f 624//591 581//591 625//591
f 625//592 581//592 579//592
f 625//593 579//593 626//593
f 626//594 579//594 577//594
f 626//595 577//595 627//595
f 627//596 577//596 575//596
f 627//597 575//597 628//597
f 628//598 575//598 573//598
f 628//599 573//599 629//599
f 629//600 573//600 572//600
f 630//601 631//601 632//601
f 631//602 617//602 632//602
f 632//603 617//603 595//603
f 632//604 595//604 633//604
f 633//605 595//605 594//605
f 633//606 594//606 634//606
f 634//607 594//607 629//607
f 635//608 634//608 636//608
f 636//609 634//609 629//609
f 636//610 629//610 572//610
f 630//611 632//611 637//611
f 637//612 632//612 633//612
f 637//613 633//613 638//613
f 638//614 633//614 634//614
f 638//615 634//615 639//615
f 639//616 634//616 635//616
f 639//617 635//617 640//617
f 640//618 641//618 639//618
f 639//619 641//619 642//619
f 639//620 642//620 638//620
f 638//621 642//621 643//621
f 638//622 643//622 637//622
f 637//623 643//623 644//623
f 637//624 644//624 630//624
f 645//625 644//625 646//625
f 646//626 644//626 643//626
f 646//627 643//627 647//627
f 647//628 643//628 642//628
f 647//629 642//629 648//629
f 648//630 642//630 641//630
f 648//631 641//631 649//631
f 649//632 641//632 640//632
f 649//633 650//633 648//633
f 648//634 650//634 651//634
f 648//635 651//635 647//635
f 647//636 651//636 652//636
f 647//637 652//637 646//637
f 646//638 652//638 653//638
f 646//639 653//639 645//639
f 645//640 653//640 654//640
f 652//641 651//641 655//641
f 654//642 656//642 657//642
f 657//643 656//643 658//643
f 657//644 658//644 659//644
f 659//645 658//645 660//645
f 659//646 660//646 661//646
f 661//647 660//647 662//647
f 661//648 662//648 663//648
f 663//649 662//649 664//649
f 663//650 664//650 665//650
f 664//651 666//651 665//651
f 665//652 666//652 667//652
f 665//653 667//653 668//653
f 567//654 668//654 565//654
f 565//655 668//655 667//655
f 565//656 667//656 563//656
f 560//657 669//657 670//657
f 670//658 669//658 671//658
f 670//659 671//659 672//659
f 672//660 671//660 673//660
f 672//661 673//661 674//661
f 675//662 676//662 677//662
f 675//663 677//663 673//663
f 673//664 677//664 678//664
f 673//665 678//665 674//665
f 654//666 653//666 656//666
f 656//667 653//667 679//667
f 656//668 679//668 658//668
f 658//669 679//669 680//669
f 658//670 680//670 660//670
f 660//671 680//671 681//671
f 660//672 681//672 662//672
f 662//673 681//673 682//673
f 662//674 682//674 664//674
f 664//675 682//675 683//675
f 664//676 683//676 666//676
f 666//677 683//677 684//677
f 666//678 684//678 667//678
f 667//679 684//679 685//679
f 667//680 685//680 563//680
f 563//681 685//681 561//681
f 653//682 652//682 679//682
f 679//683 652//683 655//683
f 679//684 655//684 680//684
f 680//685 655//685 686//685
f 680//686 686//686 681//686
f 681//687 686//687 687//687
f 681//688 687//688 682//688
f 682//689 687//689 675//689
f 682//690 675//690 683//690
f 683//691 675//691 673//691
f 683//692 673//692 684//692
f 684//693 673//693 671//693
f 684//694 671//694 685//694
f 685//695 671//695 669//695
f 685//696 669//696 561//696
f 561//697 669//697 560//697
f 676//698 675//698 688//698
f 688//699 675//699 687//699
f 688//700 687//700 689//700
f 689//701 687//701 686//701
f 689//702 686//702 690//702
f 690//703 686//703 655//703
f 690//704 655//704 691//704
f 691//705 655//705 651//705
f 691//706 651//706 650//706
f 692//707 693//707 678//707
f 678//708 693//708 674//708
f 674//709 693//709 694//709
f 674//710 694//710 672//710
f 694//711 695//711 672//711
f 672//712 695//712 696//712
f 672//713 696//713 670//713
f 696//714 697//714 670//714
f 670//715 697//715 559//715
f 670//716 559//716 560//716
f 678//717 677//717 692//717
f 698//720 676//720 688//720
f 699//722 688//722 689//722
f 699//723 689//723 700//723
f 700//724 689//724 701//724
f 701//725 689//725 690//725
f 701//726 690//726 702//726
f 702//727 690//727 691//727
f 702//728 691//728 703//728
f 703//729 691//729 650//729
f 703//498 650//498 704//498
f 704//495 650//495 705//495
f 705//495 650//495 649//495
f 706//730 636//730 707//730
f 707//731 636//731 572//731
f 707//732 572//732 708//732
f 709//733 640//733 706//733
f 706//734 640//734 635//734
f 706//735 635//735 636//735
f 705//736 649//736 710//736
f 710//737 649//737 640//737
f 710//738 640//738 711//738
f 711//739 640//739 709//739
f 582//740 712//740 580//740
f 580//470 712//470 713//470
f 580//470 713//470 578//470
f 708//740 572//740 714//740
f 714//740 572//740 574//740
f 714//469 574//469 715//469
f 715//741 574//741 576//741
f 715//741 576//741 716//741
f 716//742 576//742 578//742
f 716//740 578//740 717//740
f 717//740 578//740 713//740
f 554//469 553//469 718//469
f 718//469 553//469 719//469
f 718//469 719//469 720//469
f 720//469 719//469 721//469
f 720//743 721//743 722//743
f 722//743 721//743 723//743
f 722//470 723//470 724//470
f 724//743 723//743 725//743
f 724//469 725//469 726//469
f 726//470 725//470 727//470
f 726//740 727//740 728//740
f 728//741 727//741 729//741
f 728//744 729//744 730//744
f 730//469 729//469 731//469
f 730//742 731//742 732//742
f 732//470 731//470 733//470
f 732//470 733//470 734//470
f 734//742 733//742 735//742
f 734//744 735//744 736//744
f 589//470 737//470 587//470
f 587//469 737//469 738//469
f 587//740 738//740 585//740
f 585//470 738//470 739//470
f 585//470 739//470 584//470
f 584//745 739//745 740//745
f 584//740 740//740 582//740
f 582//470 740//470 741//470
f 582//746 741//746 712//746
f 591//470 742//470 589//470
f 589//470 742//470 743//470
f 589//741 743//741 737//741
f 735//470 744//470 736//470
f 736//470 744//470 745//470
f 736//469 745//469 746//469
f 746//470 745//470 747//470
f 746//470 747//470 748//470
f 748//469 747//469 749//469
f 748//469 749//469 593//469
f 593//469 749//469 750//469
f 593//469 750//469 592//469
f 592//470 750//470 751//470
f 592//470 751//470 591//470
f 591//470 751//470 752//470
f 591//470 752//470 742//470
f 753//747 754//747 755//747
f 756//748 618//748 757//748
f 757//749 618//749 597//749
f 593//750 570//750 748//750
f 748//751 570//751 758//751
f 748//752 758//752 746//752
f 746//753 758//753 736//753
f 736//754 758//754 759//754
f 736//755 759//755 734//755
f 734//756 759//756 760//756
f 734//757 760//757 732//757
f 732//758 760//758 761//758
f 732//759 761//759 730//759
f 730//760 761//760 728//760
f 728//761 761//761 762//761
f 728//762 762//762 726//762
f 726//763 762//763 763//763
f 726//764 763//764 724//764
f 724//765 763//765 764//765
f 724//766 764//766 722//766
f 722//767 764//767 765//767
f 722//768 765//768 720//768
f 720//769 765//769 755//769
f 720//770 755//770 718//770
f 718//771 755//771 754//771
f 718//772 754//772 554//772
f 757//773 766//773 756//773
f 756//774 766//774 767//774
f 756//775 767//775 768//775
f 768//776 767//776 769//776
f 768//777 769//777 770//777
f 770//778 769//778 771//778
f 770//779 771//779 772//779
f 772//780 771//780 773//780
f 772//781 773//781 774//781
f 774//782 773//782 775//782
f 774//783 775//783 776//783
f 776//784 775//784 777//784
f 776//785 777//785 778//785
f 778//786 777//786 779//786
f 778//787 779//787 780//787
f 780//788 779//788 781//788
f 780//789 781//789 782//789
f 782//790 781//790 783//790
f 783//791 784//791 782//791
f 782//792 784//792 785//792
f 782//793 785//793 780//793
f 780//794 785//794 786//794
f 780//795 786//795 778//795
f 778//796 786//796 787//796
f 778//797 787//797 776//797
f 776//798 787//798 788//798
f 776//799 788//799 774//799
f 774//800 788//800 789//800
f 774//801 789//801 772//801
f 772//802 789//802 790//802
f 772//803 790//803 770//803
f 770//804 790//804 791//804
f 770//805 791//805 768//805
f 768//806 791//806 792//806
f 768//807 792//807 756//807
f 756//808 792//808 793//808
f 756//809 793//809 618//809
f 618//810 793//810 569//810
f 784//811 753//811 785//811
f 785//812 753//812 755//812
f 785//813 755//813 786//813
f 786//814 755//814 765//814
f 786//815 765//815 787//815
f 787//816 765//816 764//816
f 787//817 764//817 788//817
f 788//818 764//818 763//818
f 788//819 763//819 789//819
f 789//820 763//820 762//820
f 789//821 762//821 790//821
f 790//822 762//822 761//822
f 790//823 761//823 791//823
f 791//824 761//824 760//824
f 791//825 760//825 792//825
f 792//826 760//826 759//826
f 792//827 759//827 793//827
f 793//828 759//828 758//828
f 793//829 758//829 569//829
f 569//830 758//830 570//830
f 794//831 795//831 796//831
f 795//832 797//832 796//832
f 796//833 797//833 798//833
f 796//834 798//834 799//834
f 799//835 798//835 800//835
f 799//836 800//836 801//836
f 801//837 800//837 802//837
f 552//838 801//838 548//838
f 548//839 801//839 802//839
f 548//840 802//840 546//840
f 794//841 796//841 803//841
f 803//842 796//842 799//842
f 803//843 799//843 804//843
f 804//844 799//844 801//844
f 804//845 801//845 805//845
f 805//846 801//846 552//846
f 805//847 552//847 551//847
f 551//848 806//848 805//848
f 805//849 806//849 807//849
f 805//850 807//850 804//850
f 804//851 807//851 808//851
f 804//852 808//852 803//852
f 803//853 808//853 809//853
f 803//854 809//854 794//854
f 783//855 809//855 784//855
f 784//856 809//856 808//856
f 784//857 808//857 753//857
f 753//858 808//858 807//858
f 753//859 807//859 754//859
f 754//860 807//860 806//860
f 754//861 806//861 554//861
f 554//862 806//862 551//862
f 544//863 546//863 810//863
f 810//864 546//864 802//864
f 810//865 802//865 811//865
f 811//866 802//866 800//866
f 811//867 800//867 812//867
f 812//868 800//868 798//868
f 812//869 798//869 813//869
f 813//870 798//870 797//870
f 526//871 527//871 814//871
f 541//872 544//872 815//872
f 815//873 544//873 810//873
f 538//874 541//874 816//874
f 816//875 541//875 815//875
f 816//876 815//876 817//876
f 817//877 815//877 810//877
f 817//878 810//878 811//878
f 818//879 819//879 820//879
f 820//880 819//880 821//880
f 820//881 821//881 822//881
f 822//882 821//882 823//882
f 536//883 538//883 819//883
f 819//884 538//884 816//884
f 819//885 816//885 821//885
f 821//886 816//886 817//886
f 821//887 817//887 823//887
f 823//888 817//888 811//888
f 823//889 811//889 812//889
f 529//890 531//890 818//890
f 818//891 531//891 533//891
f 818//892 533//892 819//892
f 819//893 533//893 534//893
f 819//894 534//894 536//894
f 527//895 529//895 814//895
f 814//896 529//896 818//896
f 814//897 818//897 824//897
f 824//898 818//898 820//898
f 824//899 820//899 825//899
f 825//900 820//900 822//900
f 825//901 822//901 826//901
f 826//902 822//902 823//902
f 826//903 823//903 827//903
f 827//904 823//904 812//904
f 827//905 812//905 813//905
f 524//906 526//906 828//906
f 828//907 526//907 814//907
f 828//908 814//908 829//908
f 829//909 814//909 824//909
f 829//910 824//910 830//910
f 830//899 824//899 825//899
f 830//911 825//911 831//911
f 831//912 825//912 826//912
f 832//913 833//913 834//913
f 834//914 833//914 835//914
f 834//915 835//915 836//915
f 837//916 832//916 838//916
f 838//917 832//917 834//917
f 838//918 834//918 839//918
f 839//919 834//919 836//919
f 839//920 836//920 840//920
f 521//921 524//921 840//921
f 840//922 524//922 828//922
f 840//923 828//923 839//923
f 839//924 828//924 829//924
f 839//925 829//925 838//925
f 838//926 829//926 830//926
f 838//927 830//927 837//927
f 837//928 830//928 831//928
f 518//929 521//929 841//929
f 841//930 521//930 840//930
f 841//931 840//931 842//931
f 842//932 840//932 836//932
f 842//933 836//933 843//933
f 843//934 836//934 835//934
f 843//935 835//935 844//935
f 844//936 835//936 833//936
f 520//937 518//937 845//937
f 845//938 518//938 841//938
f 845//939 841//939 846//939
f 846//940 841//940 842//940
f 846//941 842//941 847//941
f 847//942 842//942 843//942
f 847//943 843//943 848//943
f 848//944 843//944 844//944
f 849//945 850//945 851//945
f 852//946 853//946 854//946
f 854//947 853//947 855//947
f 854//948 855//948 856//948
f 856//949 855//949 857//949
f 856//950 857//950 858//950
f 854//951 859//951 852//951
f 852//952 859//952 860//952
f 852//953 860//953 861//953
f 861//954 860//954 862//954
f 861//955 862//955 863//955
f 863//956 862//956 864//956
f 864//957 862//957 865//957
f 864//958 865//958 866//958
f 866//959 865//959 867//959
f 866//960 867//960 868//960
f 868//961 867//961 869//961
f 868//962 869//962 870//962
f 870//963 869//963 871//963
f 870//964 871//964 872//964
f 872//965 871//965 873//965
f 872//966 873//966 874//966
f 875//967 874//967 876//967
f 876//968 874//968 873//968
f 876//969 873//969 877//969
f 878//970 877//970 879//970
f 879//971 877//971 873//971
f 879//972 873//972 880//972
f 880//973 873//973 871//973
f 880//974 871//974 881//974
f 881//975 871//975 869//975
f 881//976 869//976 882//976
f 882//977 869//977 867//977
f 882//978 867//978 883//978
f 883//979 867//979 865//979
f 883//980 865//980 884//980
f 884//981 865//981 862//981
f 884//982 862//982 885//982
f 885//983 862//983 860//983
f 885//984 860//984 886//984
f 886//985 860//985 859//985
f 886//986 859//986 887//986
f 887//987 859//987 854//987
f 887//988 854//988 888//988
f 888//989 854//989 856//989
f 888//990 856//990 889//990
f 889//991 856//991 858//991
f 889//992 850//992 888//992
f 888//993 850//993 849//993
f 888//994 849//994 887//994
f 887//995 849//995 890//995
f 887//996 890//996 886//996
f 886//997 890//997 891//997
f 886//998 891//998 885//998
f 885//999 891//999 892//999
f 885//1000 892//1000 884//1000
f 884//1001 892//1001 893//1001
f 884//1002 893//1002 883//1002
f 883//1003 893//1003 894//1003
f 883//1004 894//1004 882//1004
f 882//1005 894//1005 895//1005
f 882//1006 895//1006 881//1006
f 881//1007 895//1007 896//1007
f 881//1008 896//1008 880//1008
f 880//1009 896//1009 897//1009
f 880//1010 897//1010 879//1010
f 879//1011 897//1011 898//1011
f 879//1012 898//1012 878//1012
f 851//1013 899//1013 849//1013
f 849//1014 899//1014 900//1014
f 849//1015 900//1015 890//1015
f 890//1016 900//1016 901//1016
f 890//1017 901//1017 891//1017
f 891//1018 901//1018 902//1018
f 891//1019 902//1019 892//1019
f 892//1020 902//1020 903//1020
f 892//1021 903//1021 893//1021
f 893//1022 903//1022 904//1022
f 893//1023 904//1023 894//1023
f 894//1024 904//1024 905//1024
f 894//1025 905//1025 895//1025
f 895//1026 905//1026 906//1026
f 895//1027 906//1027 896//1027
f 896//1028 906//1028 907//1028
f 896//1029 907//1029 897//1029
f 897//1030 907//1030 908//1030
f 897//1031 908//1031 898//1031
f 898//1032 908//1032 909//1032
f 898//1033 909//1033 878//1033
f 878//1034 909//1034 910//1034
f 878//1035 910//1035 911//1035
f 912//470 913//470 914//470
f 914//741 913//741 915//741
f 915//741 913//741 916//741
f 915//470 916//470 917//470
f 914//469 918//469 912//469
f 912//469 918//469 919//469
f 912//469 919//469 920//469
f 920//740 919//740 921//740
f 919//469 922//469 921//469
f 921//469 922//469 923//469
f 921//469 923//469 924//469
f 924//741 923//741 925//741
f 926//740 927//740 928//740
f 928//469 927//469 925//469
f 928//469 925//469 929//469
f 929//740 925//740 923//740
f 875//469 930//469 874//469
f 874//469 930//469 931//469
f 874//469 931//469 872//469
f 872//742 931//742 932//742
f 872//742 932//742 870//742
f 870//740 932//740 933//740
f 870//1036 933//1036 868//1036
f 868//742 933//742 934//742
f 868//742 934//742 866//742
f 866//743 934//743 935//743
f 866//743 935//743 864//743
f 864//469 935//469 936//469
f 864//469 936//469 863//469
f 863//743 936//743 937//743
f 863//743 937//743 861//743
f 938//469 939//469 940//469
f 940//469 939//469 917//469
f 940//469 917//469 941//469
f 941//745 917//745 916//745
f 940//469 942//469 938//469
f 938//469 942//469 943//469
f 938//469 943//469 944//469
f 944//745 943//745 857//745
f 937//470 945//470 861//470
f 861//469 945//469 946//469
f 861//469 946//469 852//469
f 852//469 946//469 947//469
f 852//469 947//469 853//469
f 853//470 947//470 948//470
f 853//470 948//470 855//470
f 855//470 948//470 949//470
f 855//470 949//470 857//470
f 857//469 949//469 950//469
f 857//469 950//469 944//469
f 889//1037 951//1037 952//1037
f 953//1038 851//1038 850//1038
f 954//1039 912//1039 955//1039
f 955//1040 912//1040 920//1040
f 955//1041 920//1041 956//1041
f 957//1042 940//1042 958//1042
f 958//1043 940//1043 941//1043
f 958//1044 941//1044 959//1044
f 959//1045 941//1045 916//1045
f 959//1046 916//1046 954//1046
f 954//1047 916//1047 913//1047
f 954//1048 913//1048 912//1048
f 858//1049 857//1049 960//1049
f 960//1050 857//1050 943//1050
f 960//1051 943//1051 957//1051
f 957//1052 943//1052 942//1052
f 957//1053 942//1053 940//1053
f 889//1054 858//1054 951//1054
f 951//1055 858//1055 960//1055
f 951//1056 960//1056 961//1056
f 961//1057 960//1057 957//1057
f 961//1058 957//1058 962//1058
f 962//1059 957//1059 958//1059
f 962//1060 958//1060 963//1060
f 963//1060 958//1060 959//1060
f 963//1061 959//1061 964//1061
f 964//1062 959//1062 954//1062
f 964//1063 954//1063 965//1063
f 965//1064 954//1064 955//1064
f 965//1065 955//1065 966//1065
f 966//1066 955//1066 956//1066
f 966//1067 956//1067 967//1067
f 952//1068 951//1068 968//1068
f 968//1069 951//1069 961//1069
f 968//1070 961//1070 969//1070
f 969//1071 961//1071 962//1071
f 969//1072 962//1072 970//1072
f 970//1073 962//1073 963//1073
f 970//1074 963//1074 971//1074
f 971//1075 963//1075 964//1075
f 971//1076 964//1076 972//1076
f 972//1077 964//1077 965//1077
f 972//1078 965//1078 973//1078
f 973//1079 965//1079 966//1079
f 973//1080 966//1080 974//1080
f 974//1081 966//1081 967//1081
f 974//1082 967//1082 975//1082
f 976//1083 977//1083 975//1083
f 975//1084 977//1084 978//1084
f 975//1085 978//1085 974//1085
f 974//1086 978//1086 979//1086
f 974//1087 979//1087 973//1087
f 973//1088 979//1088 980//1088
f 973//1089 980//1089 972//1089
f 972//1090 980//1090 981//1090
f 972//1091 981//1091 971//1091
f 971//1092 981//1092 982//1092
f 971//1093 982//1093 970//1093
f 970//1094 982//1094 983//1094
f 970//1095 983//1095 969//1095
f 969//1096 983//1096 984//1096
f 969//1097 984//1097 968//1097
f 968//1098 984//1098 953//1098
f 968//1099 953//1099 952//1099
f 952//1100 953//1100 850//1100
f 952//1101 850//1101 889//1101
f 924//1102 925//1102 985//1102
f 985//1103 925//1103 986//1103
f 985//1104 986//1104 987//1104
f 921//1105 924//1105 988//1105
f 988//1106 924//1106 985//1106
f 988//1107 985//1107 989//1107
f 989//1108 985//1108 987//1108
f 989//1109 987//1109 990//1109
f 991//1110 976//1110 990//1110
f 990//1111 976//1111 975//1111
f 990//1112 975//1112 989//1112
f 989//1113 975//1113 967//1113
f 989//1114 967//1114 988//1114
f 988//1115 967//1115 956//1115
f 988//1116 956//1116 921//1116
f 921//1117 956//1117 920//1117
f 992//1118 991//1118 993//1118
f 993//1119 991//1119 990//1119
f 993//1120 990//1120 994//1120
f 994//1121 990//1121 987//1121
f 994//1122 987//1122 995//1122
f 995//1123 987//1123 986//1123
f 995//1124 986//1124 927//1124
f 927//1125 986//1125 925//1125
f 996//1126 997//1126 998//1126
f 997//1127 992//1127 998//1127
f 998//1128 992//1128 993//1128
f 998//1129 993//1129 999//1129
f 999//1130 993//1130 994//1130
f 999//1131 994//1131 1000//1131
f 1000//1132 994//1132 995//1132
f 927//1133 1001//1133 995//1133
f 995//1134 1001//1134 1002//1134
f 995//1135 1002//1135 1000//1135
f 1000//1136 1002//1136 1003//1136
f 1000//1137 1003//1137 1004//1137
f 996//1138 998//1138 1005//1138
f 1005//1139 998//1139 999//1139
f 1005//1140 999//1140 1006//1140
f 1006//1141 999//1141 1000//1141
f 1006//1142 1000//1142 1007//1142
f 1007//1143 1000//1143 1004//1143
f 1007//1144 1004//1144 1008//1144
f 1008//1145 1009//1145 1007//1145
f 1007//1146 1009//1146 1010//1146
f 1007//1147 1010//1147 1006//1147
f 1006//1148 1010//1148 1011//1148
f 1006//1149 1011//1149 1005//1149
f 1005//1150 1011//1150 1012//1150
f 1005//1151 1012//1151 996//1151
f 848//1152 1012//1152 847//1152
f 847//1153 1012//1153 1011//1153
f 847//1154 1011//1154 846//1154
f 846//1155 1011//1155 1010//1155
f 846//1156 1010//1156 845//1156
f 845//1157 1010//1157 1009//1157
f 845//1158 1009//1158 520//1158
f 520//1159 1009//1159 1008//1159
f 927//1160 926//1160 1001//1160
f 1001//1161 926//1161 1013//1161
f 1001//1162 1013//1162 1002//1162
f 1002//1163 1013//1163 1014//1163
f 1002//1164 1014//1164 1003//1164
f 519//1165 520//1165 1015//1165
f 1015//1166 520//1166 1008//1166
f 1015//1167 1008//1167 1016//1167
f 1016//1168 1008//1168 1004//1168
f 1016//1169 1004//1169 1017//1169
f 1017//1170 1004//1170 1003//1170
f 1017//1171 1003//1171 1018//1171
f 1018//1172 1003//1172 1014//1172
f 708//1725 706//1725 707//1725
f 930//1772 875//1772 1260//1772
f 1260//1161 875//1161 1261//1161
f 1260//1773 1261//1773 1259//1773
f 1259//1775 1262//1775 1255//1775
f 1255//1776 1262//1776 1263//1776
f 1253//1777 1258//1777 1263//1777
f 1263//1778 1258//1778 1256//1778
f 1263//1779 1256//1779 1255//1779
f 1263//1780 1264//1780 1253//1780
f 1253//1781 1264//1781 1265//1781
f 1253//1782 1265//1782 1254//1782
f 1254//1783 1265//1783 558//1783
f 1254//1784 558//1784 557//1784
f 1266//1785 1267//1785 1268//1785
f 1268//1786 1267//1786 1269//1786
f 1268//1787 1269//1787 1270//1787
f 1270//1788 1269//1788 1271//1788
f 1270//1789 1271//1789 568//1789
f 564//1790 562//1790 1272//1790
f 566//1791 564//1791 1273//1791
f 1273//1792 564//1792 1272//1792
f 1273//1793 1272//1793 1274//1793
f 1274//1794 1272//1794 1275//1794
f 1274//1795 1275//1795 1276//1795
f 1276//1796 1275//1796 1277//1796
f 568//1797 566//1797 1270//1797
f 1270//1798 566//1798 1273//1798
f 1270//1799 1273//1799 1268//1799
f 1268//1800 1273//1800 1274//1800
f 1268//1801 1274//1801 1266//1801
f 1266//1802 1274//1802 1276//1802
f 1263//1803 1262//1803 876//1803
f 876//1804 1262//1804 1261//1804
f 876//1805 1261//1805 875//1805
f 911//1806 1267//1806 878//1806
f 878//1807 1267//1807 1266//1807
f 878//1808 1266//1808 877//1808
f 877//1809 1266//1809 1276//1809
f 877//1810 1276//1810 876//1810
f 876//1811 1276//1811 1277//1811
f 876//1812 1277//1812 1263//1812
f 1263//1813 1277//1813 1275//1813
f 1263//1814 1275//1814 1264//1814
f 1264//1815 1275//1815 1272//1815
f 1264//1816 1272//1816 1265//1816
f 1265//1817 1272//1817 562//1817
f 1265//1818 562//1818 558//1818
f 194//1819 205//1819 907//1819
f 163//1820 161//1820 909//1820
f 1278//1821 654//1821 657//1821
f 663//1822 665//1822 668//1822
f 1269//1823 1279//1823 1271//1823
f 1271//1824 1279//1824 1280//1824
f 1271//1825 1280//1825 568//1825
f 568//1826 1280//1826 663//1826
f 568//1827 663//1827 567//1827
f 567//1828 663//1828 668//1828
f 631//1829 630//1829 1280//1829
f 1281//1830 617//1830 1282//1830
f 1282//1831 617//1831 631//1831
f 1282//1832 631//1832 1283//1832
f 1283//1833 631//1833 1280//1833
f 654//1834 1278//1834 645//1834
f 659//1835 661//1835 663//1835
f 630//1836 644//1836 1280//1836
f 1280//1837 644//1837 645//1837
f 1280//1838 645//1838 663//1838
f 663//1839 645//1839 1278//1839
f 663//1840 1278//1840 659//1840
f 659//1841 1278//1841 657//1841
f 1281//1842 1284//1842 617//1842
f 617//1843 1284//1843 1285//1843
f 617//1844 1285//1844 616//1844
f 616//1845 1285//1845 1286//1845
f 616//1846 1286//1846 615//1846
f 615//1847 1286//1847 1287//1847
f 615//1848 1287//1848 613//1848
f 613//1849 1287//1849 1288//1849
f 613//1850 1288//1850 1289//1850
f 1290//1851 609//1851 1289//1851
f 1289//1852 609//1852 611//1852
f 1289//1853 611//1853 613//1853
f 1290//1854 1291//1854 609//1854
f 609//1855 1291//1855 1292//1855
f 609//1856 1292//1856 607//1856
f 607//1857 1292//1857 1293//1857
f 607//1858 1293//1858 605//1858
f 1293//1859 1294//1859 605//1859
f 605//1860 1294//1860 1295//1860
f 605//1861 1295//1861 603//1861
f 1295//1862 1296//1862 603//1862
f 603//1863 1296//1863 1297//1863
f 603//1864 1297//1864 601//1864
f 1298//1865 1299//1865 1300//1865
f 1300//1866 1299//1866 1301//1866
f 1297//1867 1302//1867 601//1867
f 601//1868 1302//1868 1301//1868
f 601//1869 1301//1869 599//1869
f 599//1870 1301//1870 1299//1870
f 599//1871 1299//1871 597//1871
f 1269//1872 1267//1872 1279//1872
f 1279//1873 1267//1873 911//1873
f 1279//1874 911//1874 157//1874
f 157//1875 911//1875 910//1875
f 157//1876 910//1876 158//1876
f 158//1877 910//1877 909//1877
f 158//1878 909//1878 159//1878
f 159//1879 909//1879 161//1879
f 907//1880 205//1880 908//1880
f 217//1881 223//1881 215//1881
f 215//1882 223//1882 908//1882
f 215//1883 908//1883 206//1883
f 206//1884 908//1884 205//1884
f 223//1885 168//1885 908//1885
f 908//1886 168//1886 167//1886
f 908//1887 167//1887 909//1887
f 909//1888 167//1888 165//1888
f 909//1889 165//1889 163//1889
f 194//1890 907//1890 190//1890
f 190//1891 907//1891 906//1891
f 190//1892 906//1892 191//1892
f 906//1893 905//1893 191//1893
f 191//1894 905//1894 904//1894
f 191//1895 904//1895 422//1895
f 422//1896 904//1896 903//1896
f 422//1897 903//1897 421//1897
f 903//1898 902//1898 421//1898
f 421//1899 902//1899 901//1899
f 421//1900 901//1900 419//1900
f 419//1901 901//1901 900//1901
f 419//1902 900//1902 417//1902
f 417//1903 900//1903 899//1903
f 417//1904 899//1904 413//1904
f 413//1905 899//1905 851//1905
f 413//1906 851//1906 380//1906
f 1302//1907 1303//1907 1301//1907
f 1279//1908 157//1908 156//1908
f 156//1909 1304//1909 1279//1909
f 1279//1910 1304//1910 1305//1910
f 1279//1911 1305//1911 1306//1911
f 1306//1912 1307//1912 1279//1912
f 1279//1913 1307//1913 1308//1913
f 1279//1914 1308//1914 1280//1914
f 1280//1915 1308//1915 1309//1915
f 1280//1916 1309//1916 1283//1916
f 1283//1917 1309//1917 1310//1917
f 1283//1918 1310//1918 1282//1918
f 1310//1919 1311//1919 1282//1919
f 1282//1920 1311//1920 1312//1920
f 1282//1921 1312//1921 1281//1921
f 1312//1922 1313//1922 1281//1922
f 1281//1923 1313//1923 1314//1923
f 1281//1924 1314//1924 1284//1924
f 1284//1925 1314//1925 1315//1925
f 1284//1926 1315//1926 1285//1926
f 1285//1927 1315//1927 1316//1927
f 1285//1928 1316//1928 1286//1928
f 1286//1929 1316//1929 1287//1929
f 1316//1930 1317//1930 1287//1930
f 1287//1931 1317//1931 1318//1931
f 1287//1932 1318//1932 1288//1932
f 1288//1933 1318//1933 1319//1933
f 1288//1934 1319//1934 1289//1934
f 1289//1935 1319//1935 1320//1935
f 1289//1936 1320//1936 1290//1936
f 1320//1937 1321//1937 1290//1937
f 1290//1938 1321//1938 1322//1938
f 1290//1939 1322//1939 1291//1939
f 1291//1940 1322//1940 1292//1940
f 1322//1941 1323//1941 1292//1941
f 1292//1942 1323//1942 1324//1942
f 1292//1943 1324//1943 1293//1943
f 1293//1944 1324//1944 1325//1944
f 1293//1945 1325//1945 1294//1945
f 1294//1946 1325//1946 1326//1946
f 1294//1947 1326//1947 1295//1947
f 1295//1948 1326//1948 1327//1948
f 1295//1949 1327//1949 1296//1949
f 1296//1950 1327//1950 1297//1950
f 1297//1951 1327//1951 1328//1951
f 1297//1952 1328//1952 1302//1952
f 1302//1953 1328//1953 1329//1953
f 1302//1954 1329//1954 1303//1954
f 1330//1955 1298//1955 1303//1955
f 1303//1956 1298//1956 1300//1956
f 1303//1957 1300//1957 1301//1957
f 1920//2931 1921//2931 1780//2931
f 1780//2932 1779//2932 1920//2932
f 1920//2933 1779//2933 1875//2933
f 1920//2934 1875//2934 1877//2934
f 1918//2935 1922//2935 1885//2935
f 1885//2936 1922//2936 1920//2936
f 1885//2937 1920//2937 1886//2937
f 1886//2938 1920//2938 1877//2938
f 1921//2939 1923//2939 1780//2939
f 1780//2940 1923//2940 1924//2940
f 1780//2941 1924//2941 1817//2941
f 1817//2942 1924//2942 1925//2942
f 1817//2943 1925//2943 1819//2943
f 1819//2944 1925//2944 1926//2944
f 1819//2945 1926//2945 1821//2945
f 1821//2946 1926//2946 1927//2946
f 1821//2947 1927//2947 1823//2947
f 1823//2948 1927//2948 1928//2948
f 1823//2949 1928//2949 1824//2949
f 1929//2950 1834//2950 1930//2950
f 1930//2951 1834//2951 1833//2951
f 1930//2952 1833//2952 1931//2952
f 1931//2953 1833//2953 1774//2953
f 1931//2954 1774//2954 1932//2954
f 1932//2955 1774//2955 1773//2955
f 1932//2956 1773//2956 1933//2956
f 1933//2957 1773//2957 1809//2957
f 1933//2958 1809//2958 1928//2958
f 1928//2959 1809//2959 1807//2959
f 1928//2960 1807//2960 1824//2960
f 1832//2961 1830//2961 1934//2961
f 1934//2962 1830//2962 1829//2962
f 1934//2963 1829//2963 1929//2963
f 1929//2964 1829//2964 1835//2964
f 1929//2965 1835//2965 1834//2965
f 1934//2966 1935//2966 1832//2966
f 1832//2967 1935//2967 1936//2967
f 1832//2968 1936//2968 1846//2968
f 1846//2969 1936//2969 1937//2969
f 1846//2970 1937//2970 1837//2970
f 1937//2971 1938//2971 1837//2971
f 1837//2972 1938//2972 1939//2972
f 1837//2973 1939//2973 1838//2973
f 1838//2974 1939//2974 1940//2974
f 1838//2975 1940//2975 1840//2975
f 1840//2976 1940//2976 1841//2976
f 1841//2977 1940//2977 1941//2977
f 1841//2978 1941//2978 1842//2978
f 1842//2979 1941//2979 1298//2979
f 1842//2980 1298//2980 1330//2980
f 348//2981 977//2981 976//2981
f 1942//2982 1943//2982 991//2982
f 1944//2983 844//2983 833//2983
f 1299//2984 1298//2984 1941//2984
f 1299//2984 1941//2984 597//2984
f 597//2985 1941//2985 757//2985
f 757//2986 1941//2986 1940//2986
f 757//2987 1940//2987 766//2987
f 1940//2988 1939//2988 766//2988
f 766//2989 1939//2989 1938//2989
f 766//2990 1938//2990 767//2990
f 1938//2991 1937//2991 767//2991
f 767//2992 1937//2992 1936//2992
f 767//2993 1936//2993 769//2993
f 1936//2994 1935//2994 769//2994
f 769//2995 1935//2995 1934//2995
f 769//2996 1934//2996 771//2996
f 1934//2997 1929//2997 771//2997
f 771//2998 1929//2998 1930//2998
f 771//2999 1930//2999 773//2999
f 773//3000 1930//3000 1931//3000
f 773//3001 1931//3001 775//3001
f 1931//3002 1932//3002 775//3002
f 775//3003 1932//3003 1933//3003
f 775//3004 1933//3004 777//3004
f 777//3005 1933//3005 779//3005
f 779//3006 1933//3006 1928//3006
f 779//3007 1928//3007 781//3007
f 781//3008 1928//3008 1927//3008
f 781//3009 1927//3009 783//3009
f 831//3010 826//3010 827//3010
f 795//3011 1921//3011 797//3011
f 797//3012 1921//3012 831//3012
f 797//3013 831//3013 813//3013
f 813//3014 831//3014 827//3014
f 795//3015 794//3015 1921//3015
f 1921//3016 794//3016 809//3016
f 1921//3017 809//3017 1923//3017
f 1927//3018 1926//3018 783//3018
f 783//3019 1926//3019 1925//3019
f 783//3020 1925//3020 809//3020
f 809//3021 1925//3021 1924//3021
f 809//3022 1924//3022 1923//3022
f 844//3023 1944//3023 848//3023
f 832//3024 837//3024 831//3024
f 833//3025 832//3025 1944//3025
f 1944//3026 832//3026 831//3026
f 1944//3027 831//3027 848//3027
f 848//3028 831//3028 1921//3028
f 848//3029 1921//3029 1012//3029
f 1012//3030 1921//3030 1920//3030
f 1012//3031 1920//3031 996//3031
f 996//3032 1920//3032 997//3032
f 997//3033 1920//3033 992//3033
f 992//3034 1920//3034 1922//3034
f 992//3034 1922//3034 991//3034
f 991//3035 1922//3035 1945//3035
f 991//3036 1945//3036 1942//3036
f 1946//3037 1947//3037 976//3037
f 1943//3038 1948//3038 991//3038
f 991//3039 1948//3039 1949//3039
f 991//3040 1949//3040 976//3040
f 976//3041 1949//3041 1950//3041
f 976//3042 1950//3042 1946//3042
f 1947//3043 337//3043 336//3043
f 1947//3044 336//3044 976//3044
f 976//3045 336//3045 343//3045
f 976//3046 343//3046 348//3046
f 348//3047 350//3047 977//3047
f 977//3048 350//3048 360//3048
f 977//3049 360//3049 978//3049
f 978//3050 360//3050 979//3050
f 360//3051 361//3051 979//3051
f 979//3052 361//3052 393//3052
f 979//3053 393//3053 980//3053
f 980//3054 393//3054 392//3054
f 980//3055 392//3055 981//3055
f 392//3056 390//3056 981//3056
f 981//3057 390//3057 388//3057
f 981//3058 388//3058 982//3058
f 982//3059 388//3059 386//3059
f 982//3060 386//3060 983//3060
f 983//3061 386//3061 384//3061
f 983//3062 384//3062 984//3062
f 984//3063 384//3063 381//3063
f 984//3064 381//3064 953//3064
f 953//3065 381//3065 380//3065
f 953//3066 380//3066 851//3066
f 1947//3067 1951//3067 337//3067
f 337//3068 1951//3068 345//3068
f 337//3069 345//3069 338//3069
f 341//3070 342//3070 1951//3070
f 1951//3071 342//3071 340//3071
f 1951//3072 340//3072 345//3072
f 341//3073 1951//3073 332//3073
f 332//3074 1951//3074 1947//3074
f 332//3075 1947//3075 331//3075
f 331//3076 1947//3076 1946//3076
f 331//3077 1946//3077 330//3077
f 1952//3078 308//3078 1946//3078
f 1946//3079 308//3079 307//3079
f 1946//3080 307//3080 330//3080
f 1946//3089 1950//3089 1952//3089
f 1952//3090 1950//3090 1953//3090
f 1953//3091 1950//3091 1954//3091
f 1954//3092 1950//3092 1949//3092
f 1954//3093 1949//3093 1955//3093
f 1955//3094 1949//3094 1948//3094
f 1955//3095 1948//3095 1956//3095
f 1956//3096 1948//3096 1943//3096
f 1956//3097 1943//3097 1957//3097
f 1922//3098 1918//3098 1945//3098
f 1945//3099 1918//3099 1957//3099
f 1945//3100 1957//3100 1942//3100
f 1942//3101 1957//3101 1943//3101
usemtl rubber
f 3782//5343 3783//5343 3784//5343
f 3784//5343 3783//5343 3785//5343
f 3786//5343 3787//5343 3788//5343
f 3788//5343 3787//5343 3789//5343
f 3790//5343 3791//5343 3792//5343
f 3792//5343 3791//5343 3793//5343
f 3793//5344 3791//5344 3794//5344
f 3794//5345 3791//5345 3795//5345
f 3794//5346 3795//5346 3796//5346
f 3795//5347 3797//5347 3796//5347
f 3796//5348 3797//5348 3798//5348
f 3796//5349 3798//5349 3799//5349
f 3799//5350 3798//5350 3800//5350
f 3799//5351 3800//5351 3801//5351
f 3801//5352 3800//5352 3802//5352
f 3801//5353 3802//5353 3803//5353
f 3803//5354 3802//5354 3804//5354
f 3803//5355 3804//5355 3805//5355
f 3805//5356 3804//5356 3806//5356
f 3805//5357 3806//5357 3807//5357
f 3807//5358 3806//5358 3808//5358
f 3809//5359 3810//5359 3811//5359
f 3811//5360 3810//5360 3812//5360
f 3806//5361 3813//5361 3808//5361
f 3808//5362 3813//5362 3814//5362
f 3808//5363 3814//5363 3815//5363
f 3815//5364 3814//5364 3816//5364
f 3815//5365 3816//5365 3817//5365
f 3817//5366 3816//5366 3818//5366
f 3817//5367 3818//5367 3819//5367
f 3819//5368 3818//5368 3812//5368
f 3819//5369 3812//5369 3820//5369
f 3820//5370 3812//5370 3810//5370
f 3821//5371 3822//5371 3823//5371
f 3823//5372 3822//5372 3809//5372
f 3823//5373 3809//5373 3824//5373
f 3824//5374 3809//5374 3811//5374
f 3821//5375 3825//5375 3822//5375
f 3822//5376 3825//5376 3826//5376
f 3822//5376 3826//5376 3827//5376
f 3828//5377 3806//5377 3804//5377
f 3788//5378 3789//5378 3829//5378
f 3829//5377 3789//5377 3830//5377
f 3829//5378 3830//5378 3831//5378
f 3831//5378 3830//5378 3832//5378
f 3831//5379 3832//5379 3833//5379
f 3833//5379 3832//5379 3834//5379
f 3791//5378 3790//5378 3795//5378
f 3795//5377 3790//5377 3835//5377
f 3795//5377 3835//5377 3797//5377
f 3797//5378 3835//5378 3836//5378
f 3797//5380 3836//5380 3798//5380
f 3798//5377 3836//5377 3837//5377
f 3798//5377 3837//5377 3800//5377
f 3800//5378 3837//5378 3838//5378
f 3800//5379 3838//5379 3802//5379
f 3802//5377 3838//5377 3839//5377
f 3802//5377 3839//5377 3804//5377
f 3804//5377 3839//5377 3840//5377
f 3804//5381 3840//5381 3828//5381
f 3828//5379 3841//5379 3806//5379
f 3806//5380 3841//5380 3842//5380
f 3806//5380 3842//5380 3813//5380
f 3813//5382 3842//5382 3843//5382
f 3813//5377 3843//5377 3814//5377
f 3814//5378 3843//5378 3844//5378
f 3814//5378 3844//5378 3816//5378
f 3832//5379 3845//5379 3834//5379
f 3834//5377 3845//5377 3846//5377
f 3834//5378 3846//5378 3847//5378
f 3847//5379 3846//5379 3848//5379
f 3847//5381 3848//5381 3849//5381
f 3849//5377 3848//5377 3850//5377
f 3850//5377 3848//5377 3851//5377
f 3850//5377 3851//5377 3852//5377
f 3852//5379 3851//5379 3853//5379
f 3852//5378 3853//5378 3854//5378
f 3854//5378 3853//5378 3855//5378
f 3854//5383 3855//5383 3856//5383
f 3856//5377 3855//5377 3857//5377
f 3856//5377 3857//5377 3858//5377
f 3858//5377 3857//5377 3859//5377
f 3858//5384 3859//5384 3860//5384
f 3860//5377 3859//5377 3861//5377
f 3860//5377 3861//5377 3862//5377
f 3862//5377 3861//5377 3863//5377
f 3862//5377 3863//5377 3864//5377
f 3864//5384 3863//5384 3865//5384
f 3864//5377 3865//5377 3866//5377
f 3866//5377 3865//5377 3867//5377
f 3866//5377 3867//5377 3868//5377
f 3868//5378 3867//5378 3869//5378
f 3868//5378 3869//5378 3870//5378
f 3844//5380 3871//5380 3816//5380
f 3816//5385 3871//5385 3872//5385
f 3816//5380 3872//5380 3818//5380
f 3818//5377 3872//5377 3873//5377
f 3818//5377 3873//5377 3812//5377
f 3812//5377 3873//5377 3874//5377
f 3812//5381 3874//5381 3811//5381
f 3811//5377 3874//5377 3875//5377
f 3811//5377 3875//5377 3824//5377
f 3824//5382 3875//5382 3876//5382
f 3824//5377 3876//5377 3823//5377
f 3823//5377 3876//5377 3877//5377
f 3823//5377 3877//5377 3821//5377
f 3821//5377 3877//5377 3878//5377
f 3821//5377 3878//5377 3825//5377
f 3825//5377 3878//5377 3879//5377
f 3825//5377 3879//5377 3870//5377
f 3870//5377 3879//5377 3880//5377
f 3870//5380 3880//5380 3868//5380
f 3826//5386 3825//5386 3870//5386
f 3827//5387 3826//5387 3881//5387
f 3881//5388 3826//5388 3870//5388
f 3881//5389 3870//5389 3882//5389
f 3882//5390 3870//5390 3869//5390
f 3882//5391 3869//5391 3883//5391
f 3883//5392 3869//5392 3867//5392
f 3883//5393 3867//5393 3884//5393
f 3884//5394 3867//5394 3865//5394
f 3884//5395 3865//5395 3885//5395
f 3885//5396 3865//5396 3863//5396
f 3885//5397 3863//5397 3886//5397
f 3886//5398 3863//5398 3861//5398
f 3886//5399 3861//5399 3887//5399
f 3887//5400 3861//5400 3859//5400
f 3887//5401 3859//5401 3888//5401
f 3859//5402 3857//5402 3888//5402
f 3888//5403 3857//5403 3855//5403
f 3888//5404 3855//5404 3889//5404
f 3889//5405 3855//5405 3853//5405
f 3889//5406 3853//5406 3890//5406
f 3890//5407 3853//5407 3851//5407
f 3890//5408 3851//5408 3891//5408
f 3891//5409 3851//5409 3892//5409
f 3851//5410 3848//5410 3892//5410
f 3892//5411 3848//5411 3846//5411
f 3892//5412 3846//5412 3893//5412
f 3893//5413 3846//5413 3845//5413
f 3893//5414 3845//5414 3894//5414
f 3894//5415 3845//5415 3832//5415
f 3894//5416 3832//5416 3895//5416
f 3895//5417 3832//5417 3830//5417
f 3895//5418 3830//5418 3896//5418
f 3896//5419 3830//5419 3897//5419
f 3897//5420 3830//5420 3789//5420
f 3897//5421 3789//5421 3787//5421
f 3898//5422 3899//5422 3801//5422
f 3801//5423 3899//5423 3900//5423
f 3801//5424 3900//5424 3799//5424
f 3799//5422 3900//5422 3901//5422
f 3799//5425 3901//5425 3796//5425
f 3796//5426 3901//5426 3902//5426
f 3796//5424 3902//5424 3794//5424
f 3794//5423 3902//5423 3903//5423
f 3794//5427 3903//5427 3793//5427
f 3793//5426 3903//5426 3904//5426
f 3793//5426 3904//5426 3792//5426
f 3801//5424 3803//5424 3898//5424
f 3898//5428 3803//5428 3805//5428
f 3898//5426 3805//5426 3905//5426
f 3905//5429 3805//5429 3807//5429
f 3905//5427 3807//5427 3906//5427
f 3906//5422 3807//5422 3808//5422
f 3906//5422 3808//5422 3907//5422
f 3907//5426 3808//5426 3815//5426
f 3907//5426 3815//5426 3908//5426
f 3909//5422 3890//5422 3891//5422
f 3787//5426 3786//5426 3897//5426
f 3897//5422 3786//5422 3910//5422
f 3897//5422 3910//5422 3896//5422
f 3896//5427 3910//5427 3911//5427
f 3909//5425 3891//5425 3912//5425
f 3912//5427 3891//5427 3892//5427
f 3912//5429 3892//5429 3913//5429
f 3913//5426 3892//5426 3893//5426
f 3913//5426 3893//5426 3914//5426
f 3914//5424 3893//5424 3894//5424
f 3914//5422 3894//5422 3911//5422
f 3911//5425 3894//5425 3895//5425
f 3911//5424 3895//5424 3896//5424
f 3909//5427 3915//5427 3890//5427
f 3890//5422 3915//5422 3916//5422
f 3890//5422 3916//5422 3889//5422
f 3889//5430 3916//5430 3917//5430
f 3889//5422 3917//5422 3888//5422
f 3888//5422 3917//5422 3918//5422
f 3888//5422 3918//5422 3887//5422
f 3887//5422 3918//5422 3919//5422
f 3887//5422 3919//5422 3886//5422
f 3886//5422 3919//5422 3920//5422
f 3886//5422 3920//5422 3885//5422
f 3908//5426 3815//5426 3921//5426
f 3921//5422 3815//5422 3817//5422
f 3921//5422 3817//5422 3922//5422
f 3809//5422 3822//5422 3923//5422
f 3817//5422 3819//5422 3922//5422
f 3922//5424 3819//5424 3820//5424
f 3922//5422 3820//5422 3924//5422
f 3924//5427 3820//5427 3810//5427
f 3924//5426 3810//5426 3925//5426
f 3925//5422 3810//5422 3809//5422
f 3925//5422 3809//5422 3926//5422
f 3926//5430 3809//5430 3923//5430
f 3927//5422 3928//5422 3882//5422
f 3882//5422 3928//5422 3881//5422
f 3881//5422 3928//5422 3929//5422
f 3881//5422 3929//5422 3827//5422
f 3827//5426 3929//5426 3930//5426
f 3827//5426 3930//5426 3822//5426
f 3822//5430 3930//5430 3931//5430
f 3822//5422 3931//5422 3923//5422
f 3882//5426 3883//5426 3927//5426
f 3927//5426 3883//5426 3884//5426
f 3927//5427 3884//5427 3932//5427
f 3932//5422 3884//5422 3885//5422
f 3932//5422 3885//5422 3933//5422
f 3933//5422 3885//5422 3920//5422
f 3934//5343 3935//5343 3936//5343
f 3936//5343 3935//5343 3937//5343
f 3938//5431 3939//5431 3940//5431
f 3941//5432 3938//5432 3942//5432
f 3942//5433 3938//5433 3940//5433
f 3942//5434 3940//5434 3943//5434
f 3943//5435 3940//5435 3944//5435
f 3943//5436 3944//5436 3945//5436
f 3945//5437 3944//5437 3946//5437
f 3945//5438 3946//5438 3947//5438
f 3947//5439 3946//5439 3948//5439
f 3947//5440 3948//5440 3949//5440
f 3949//5441 3948//5441 3950//5441
f 3949//5442 3950//5442 3951//5442
f 3951//5443 3950//5443 3952//5443
f 3951//5444 3952//5444 3953//5444
f 3953//5445 3952//5445 3954//5445
f 3953//5446 3954//5446 3955//5446
f 3955//5447 3954//5447 3956//5447
f 3955//5448 3956//5448 3957//5448
f 3957//5449 3956//5449 3958//5449
f 3957//5450 3958//5450 3959//5450
f 3958//5451 3960//5451 3959//5451
f 3959//5452 3960//5452 3961//5452
f 3959//5453 3961//5453 3962//5453
f 3962//5454 3961//5454 3963//5454
f 3962//5455 3963//5455 3964//5455
f 3964//5456 3963//5456 3965//5456
f 3964//5457 3965//5457 3966//5457
f 3966//5458 3965//5458 3967//5458
f 3966//5459 3967//5459 3968//5459
f 3968//5460 3967//5460 3969//5460
f 3969//5461 3967//5461 3970//5461
f 3969//5462 3970//5462 3971//5462
f 3970//5463 3972//5463 3971//5463
f 3971//5464 3972//5464 3973//5464
f 3971//5465 3973//5465 3974//5465
f 3938//5466 3941//5466 3975//5466
f 3937//5467 3935//5467 3976//5467
f 3976//5468 3935//5468 3977//5468
f 3976//5469 3977//5469 3978//5469
f 3978//5470 3977//5470 3979//5470
f 3978//5471 3979//5471 3980//5471
f 3980//5472 3979//5472 3981//5472
f 3980//5473 3981//5473 3982//5473
f 3982//5474 3981//5474 3983//5474
f 3982//5475 3983//5475 3984//5475
f 3984//5476 3983//5476 3985//5476
f 3984//5477 3985//5477 3986//5477
f 3986//5478 3985//5478 3987//5478
f 3986//5479 3987//5479 3988//5479
f 3988//5480 3987//5480 3989//5480
f 3988//5481 3989//5481 3990//5481
f 3990//5482 3989//5482 3991//5482
f 3990//5483 3991//5483 3992//5483
f 3992//5484 3991//5484 3993//5484
f 3992//5485 3993//5485 3994//5485
f 3993//5486 3995//5486 3994//5486
f 3994//5487 3995//5487 3996//5487
f 3994//5488 3996//5488 3997//5488
f 3997//5489 3996//5489 3998//5489
f 3997//5490 3998//5490 3999//5490
f 3999//5491 3998//5491 4000//5491
f 3999//5492 4000//5492 4001//5492
f 3939//5493 3938//5493 4002//5493
f 4002//5494 3938//5494 3975//5494
f 4002//5495 3975//5495 4003//5495
f 4003//5496 3975//5496 4004//5496
f 4003//5497 4004//5497 4001//5497
f 4001//5498 4004//5498 4005//5498
f 4001//5499 4005//5499 3999//5499
f 4006//5377 4007//5377 3973//5377
f 4006//5381 3973//5381 4008//5381
f 4008//5377 3973//5377 3972//5377
f 4008//5385 3972//5385 4009//5385
f 4009//5382 3972//5382 3970//5382
f 4009//5380 3970//5380 4010//5380
f 3963//5377 4011//5377 3965//5377
f 3965//5377 4011//5377 4010//5377
f 3965//5377 4010//5377 3967//5377
f 3967//5500 4010//5500 3970//5500
f 3935//5378 3934//5378 3977//5378
f 3977//5377 3934//5377 4012//5377
f 3977//5377 4012//5377 3979//5377
f 3979//5377 4012//5377 4013//5377
f 3979//5377 4013//5377 3981//5377
f 3981//5378 4013//5378 4014//5378
f 3981//5380 4014//5380 3983//5380
f 3983//5377 4014//5377 4015//5377
f 3983//5501 4015//5501 3985//5501
f 3985//5377 4015//5377 4016//5377
f 3985//5377 4016//5377 3987//5377
f 4017//5377 4018//5377 3998//5377
f 3998//5377 4018//5377 4000//5377
f 4000//5378 4018//5378 4019//5378
f 4000//5380 4019//5380 4001//5380
f 4020//5377 4021//5377 3958//5377
f 3958//5384 4021//5384 4022//5384
f 3958//5377 4022//5377 3960//5377
f 3960//5378 4022//5378 4023//5378
f 3960//5379 4023//5379 3961//5379
f 3961//5377 4023//5377 4024//5377
f 3961//5377 4024//5377 3963//5377
f 3963//5377 4024//5377 4025//5377
f 3963//5377 4025//5377 4011//5377
f 4016//5385 4026//5385 3987//5385
f 3987//5377 4026//5377 4027//5377
f 3987//5377 4027//5377 3989//5377
f 3989//5381 4027//5381 4028//5381
f 3989//5384 4028//5384 3991//5384
f 3991//5384 4028//5384 4029//5384
f 3991//5377 4029//5377 3993//5377
f 3993//5377 4029//5377 4030//5377
f 3993//5380 4030//5380 3995//5380
f 3995//5380 4030//5380 4017//5380
f 3995//5502 4017//5502 3996//5502
f 3996//5378 4017//5378 3998//5378
f 4019//5377 4031//5377 4001//5377
f 4001//5377 4031//5377 4032//5377
f 4001//5377 4032//5377 4003//5377
f 4003//5381 4032//5381 4033//5381
f 4003//5377 4033//5377 4002//5377
f 4002//5380 4033//5380 3939//5380
f 3958//5377 3956//5377 4020//5377
f 4020//5503 3956//5503 3954//5503
f 4020//5377 3954//5377 4034//5377
f 4034//5377 3954//5377 3952//5377
f 4034//5384 3952//5384 4035//5384
f 4035//5379 3952//5379 3950//5379
f 4035//5378 3950//5378 4036//5378
f 4036//5500 3950//5500 3948//5500
f 4036//5378 3948//5378 4037//5378
f 4037//5377 3948//5377 3946//5377
f 4037//5377 3946//5377 4038//5377
f 4038//5378 3946//5378 3944//5378
f 4038//5500 3944//5500 3940//5500
f 4033//5378 4039//5378 3939//5378
f 3939//5378 4039//5378 4040//5378
f 3939//5378 4040//5378 3940//5378
f 3940//5377 4040//5377 4041//5377
f 3940//5380 4041//5380 4038//5380
f 4042//5343 3974//5343 4007//5343
f 4007//5343 3974//5343 3973//5343
f 3974//5426 4042//5426 4043//5426
f 3936//5422 3937//5422 4044//5422
f 4044//5504 3937//5504 3976//5504
f 4044//5422 3976//5422 4045//5422
f 4045//5422 3976//5422 3978//5422
f 4045//5422 3978//5422 4046//5422
f 4046//5427 3978//5427 3980//5427
f 4046//5428 3980//5428 4047//5428
f 3980//5425 3982//5425 4047//5425
f 4047//5428 3982//5428 3984//5428
f 4047//5426 3984//5426 4048//5426
f 4048//5426 3984//5426 3986//5426
f 3974//5429 4043//5429 3971//5429
f 3971//5422 4043//5422 4049//5422
f 3971//5428 4049//5428 3969//5428
f 3969//5428 4049//5428 4050//5428
f 3969//5422 4050//5422 3968//5422
f 3968//5426 4050//5426 4051//5426
f 3968//5426 4051//5426 3966//5426
f 3966//5422 4051//5422 4052//5422
f 3966//5505 4052//5505 3964//5505
f 3964//5424 4052//5424 4053//5424
f 3964//5425 4053//5425 3962//5425
f 3962//5422 4053//5422 4054//5422
f 3962//5422 4054//5422 3959//5422
f 3959//5422 4054//5422 4055//5422
f 3959//5422 4055//5422 3957//5422
f 3992//5425 4056//5425 3990//5425
f 3990//5422 4056//5422 4057//5422
f 3990//5428 4057//5428 3988//5428
f 3988//5422 4057//5422 4058//5422
f 3988//5426 4058//5426 3986//5426
f 3986//5506 4058//5506 4059//5506
f 3986//5422 4059//5422 4048//5422
f 4055//5422 4060//5422 3957//5422
f 3957//5505 4060//5505 4061//5505
f 3957//5422 4061//5422 3955//5422
f 3955//5422 4061//5422 4062//5422
f 3955//5505 4062//5505 3953//5505
f 3941//5426 4063//5426 3975//5426
f 3975//5426 4063//5426 4064//5426
f 3975//5426 4064//5426 4004//5426
f 4004//5426 4064//5426 4065//5426
f 4004//5426 4065//5426 4005//5426
f 4005//5426 4065//5426 4066//5426
f 4005//5426 4066//5426 3999//5426
f 3999//5422 4066//5422 4067//5422
f 3999//5422 4067//5422 3997//5422
f 3997//5422 4067//5422 4068//5422
f 3997//5426 4068//5426 3994//5426
f 3994//5422 4068//5422 4069//5422
f 3994//5424 4069//5424 3992//5424
f 3992//5426 4069//5426 4070//5426
f 3992//5426 4070//5426 4056//5426
f 3953//5422 4062//5422 3951//5422
f 3951//5426 4062//5426 4071//5426
f 3951//5426 4071//5426 3949//5426
f 3949//5426 4071//5426 4072//5426
f 3949//5507 4072//5507 3947//5507
f 3947//5422 4072//5422 4073//5422
f 3947//5422 4073//5422 3945//5422
f 3945//5422 4073//5422 4074//5422
f 3945//5422 4074//5422 3943//5422
f 3943//5425 4074//5425 4075//5425
f 3943//5426 4075//5426 3942//5426
f 3942//5426 4075//5426 4076//5426
f 3942//5422 4076//5422 3941//5422
f 3941//5426 4076//5426 4077//5426
f 3941//5426 4077//5426 4063//5426
f 4078//5508 4079//5508 4080//5508
f 4081//5509 4078//5509 4082//5509
f 4082//5510 4078//5510 4080//5510
f 4082//5511 4080//5511 4083//5511
f 4083//5512 4080//5512 4084//5512
f 4083//5513 4084//5513 4085//5513
f 4085//5514 4084//5514 4086//5514
f 4085//5515 4086//5515 4087//5515
f 4087//5516 4086//5516 4088//5516
f 4087//5517 4088//5517 4089//5517
f 4089//5518 4088//5518 4090//5518
f 4089//5519 4090//5519 4091//5519
f 4090//5520 4092//5520 4091//5520
f 4091//5521 4092//5521 4093//5521
f 4091//5522 4093//5522 4094//5522
f 4094//5523 4093//5523 4095//5523
f 4094//5524 4095//5524 4096//5524
f 4096//5525 4095//5525 4097//5525
f 4097//5526 4095//5526 4098//5526
f 4097//5527 4098//5527 4099//5527
f 4098//5528 4100//5528 4099//5528
f 4099//5529 4100//5529 4101//5529
f 4099//5530 4101//5530 4102//5530
f 4102//5531 4101//5531 4103//5531
f 4102//5532 4103//5532 4104//5532
f 4104//5533 4103//5533 4105//5533
f 4104//5534 4105//5534 4106//5534
f 4106//5535 4105//5535 4107//5535
f 4106//5536 4107//5536 4108//5536
f 4108//5537 4107//5537 4109//5537
f 4109//5538 4107//5538 4110//5538
f 4109//5539 4110//5539 4111//5539
f 4110//5540 4112//5540 4111//5540
f 4111//5541 4112//5541 4113//5541
f 4111//5542 4113//5542 4114//5542
f 4078//5493 4081//5493 4115//5493
f 4116//5543 4117//5543 4118//5543
f 4118//5544 4117//5544 4119//5544
f 4118//5545 4119//5545 4120//5545
f 4120//5546 4119//5546 4121//5546
f 4120//5547 4121//5547 4122//5547
f 4121//5548 4123//5548 4122//5548
f 4122//5549 4123//5549 4124//5549
f 4122//5550 4124//5550 4125//5550
f 4125//5551 4124//5551 4126//5551
f 4125//5552 4126//5552 4127//5552
f 4127//5553 4126//5553 4128//5553
f 4127//5554 4128//5554 4129//5554
f 4129//5555 4128//5555 4130//5555
f 4129//5556 4130//5556 4131//5556
f 4131//5557 4130//5557 4132//5557
f 4131//5558 4132//5558 4133//5558
f 4133//5559 4132//5559 4134//5559
f 4133//5560 4134//5560 4135//5560
f 4135//5561 4134//5561 4136//5561
f 4135//5562 4136//5562 4137//5562
f 4138//5563 4139//5563 4140//5563
f 4140//5564 4139//5564 4141//5564
f 4137//5565 4136//5565 4142//5565
f 4142//5566 4136//5566 4143//5566
f 4142//5567 4143//5567 4144//5567
f 4144//5568 4143//5568 4145//5568
f 4144//5569 4145//5569 4141//5569
f 4141//5570 4145//5570 4146//5570
f 4141//5571 4146//5571 4140//5571
f 4079//5572 4078//5572 4147//5572
f 4147//5573 4078//5573 4115//5573
f 4147//5574 4115//5574 4138//5574
f 4138//5575 4115//5575 4148//5575
f 4138//5576 4148//5576 4139//5576
f 4149//5343 4117//5343 4150//5343
f 4150//5343 4117//5343 4116//5343
f 4134//5378 4132//5378 4151//5378
f 4151//5378 4132//5378 4152//5378
f 4153//5377 4113//5377 4154//5377
f 4154//5381 4113//5381 4112//5381
f 4154//5378 4112//5378 4155//5378
f 4155//5378 4112//5378 4110//5378
f 4155//5381 4110//5381 4156//5381
f 4156//5377 4110//5377 4107//5377
f 4156//5577 4107//5577 4157//5577
f 4157//5377 4107//5377 4105//5377
f 4157//5377 4105//5377 4158//5377
f 4158//5379 4105//5379 4103//5379
f 4158//5379 4103//5379 4159//5379
f 4159//5378 4103//5378 4101//5378
f 4159//5381 4101//5381 4160//5381
f 4160//5384 4101//5384 4100//5384
f 4160//5377 4100//5377 4161//5377
f 4161//5377 4100//5377 4098//5377
f 4123//5378 4121//5378 4162//5378
f 4162//5377 4121//5377 4119//5377
f 4162//5377 4119//5377 4163//5377
f 4163//5377 4119//5377 4117//5377
f 4163//5384 4117//5384 4149//5384
f 4132//5377 4130//5377 4152//5377
f 4152//5381 4130//5381 4128//5381
f 4152//5377 4128//5377 4164//5377
f 4164//5377 4128//5377 4126//5377
f 4164//5578 4126//5578 4165//5578
f 4165//5377 4126//5377 4124//5377
f 4165//5377 4124//5377 4166//5377
f 4166//5377 4124//5377 4123//5377
f 4166//5377 4123//5377 4167//5377
f 4167//5378 4123//5378 4162//5378
f 4138//5377 4140//5377 4168//5377
f 4168//5377 4140//5377 4169//5377
f 4168//5377 4170//5377 4138//5377
f 4138//5377 4170//5377 4171//5377
f 4138//5378 4171//5378 4147//5378
f 4151//5378 4172//5378 4134//5378
f 4134//5500 4172//5500 4173//5500
f 4134//5378 4173//5378 4136//5378
f 4136//5377 4173//5377 4174//5377
f 4136//5377 4174//5377 4143//5377
f 4143//5377 4174//5377 4175//5377
f 4143//5377 4175//5377 4145//5377
f 4145//5378 4175//5378 4169//5378
f 4145//5379 4169//5379 4146//5379
f 4146//5378 4169//5378 4140//5378
f 4171//5378 4176//5378 4147//5378
f 4147//5378 4176//5378 4177//5378
f 4147//5378 4177//5378 4079//5378
f 4090//5378 4088//5378 4178//5378
f 4178//5378 4088//5378 4086//5378
f 4178//5378 4086//5378 4179//5378
f 4178//5378 4180//5378 4090//5378
f 4090//5378 4180//5378 4181//5378
f 4090//5378 4181//5378 4092//5378
f 4092//5377 4181//5377 4182//5377
f 4092//5377 4182//5377 4093//5377
f 4093//5378 4182//5378 4183//5378
f 4093//5378 4183//5378 4095//5378
f 4095//5378 4183//5378 4184//5378
f 4095//5378 4184//5378 4098//5378
f 4098//5380 4184//5380 4185//5380
f 4098//5579 4185//5579 4161//5579
f 4086//5378 4084//5378 4179//5378
f 4179//5378 4084//5378 4080//5378
f 4179//5380 4080//5380 4186//5380
f 4186//5377 4080//5377 4079//5377
f 4186//5377 4079//5377 4187//5377
f 4187//5377 4079//5377 4177//5377
f 4188//5343 4114//5343 4153//5343
f 4153//5343 4114//5343 4113//5343
f 4114//5426 4188//5426 4189//5426
f 4114//5426 4189//5426 4111//5426
f 4111//5422 4189//5422 4190//5422
f 4111//5422 4190//5422 4109//5422
f 4109//5422 4190//5422 4191//5422
f 4109//5426 4191//5426 4108//5426
f 4108//5422 4191//5422 4192//5422
f 4108//5422 4192//5422 4106//5422
f 4106//5422 4192//5422 4193//5422
f 4106//5505 4193//5505 4104//5505
f 4104//5580 4193//5580 4194//5580
f 4104//5426 4194//5426 4102//5426
f 4102//5422 4194//5422 4195//5422
f 4102//5422 4195//5422 4099//5422
f 4099//5426 4195//5426 4196//5426
f 4099//5426 4196//5426 4097//5426
f 4150//5422 4116//5422 4197//5422
f 4197//5422 4116//5422 4118//5422
f 4197//5422 4118//5422 4198//5422
f 4198//5422 4118//5422 4120//5422
f 4198//5422 4120//5422 4199//5422
f 4199//5422 4120//5422 4122//5422
f 4199//5426 4122//5426 4200//5426
f 4200//5425 4122//5425 4125//5425
f 4200//5422 4125//5422 4201//5422
f 4201//5422 4125//5422 4127//5422
f 4201//5422 4127//5422 4202//5422
f 4202//5428 4127//5428 4129//5428
f 4202//5426 4129//5426 4203//5426
f 4203//5426 4129//5426 4131//5426
f 4203//5427 4131//5427 4204//5427
f 4204//5426 4131//5426 4133//5426
f 4204//5422 4133//5422 4205//5422
f 4205//5426 4133//5426 4206//5426
f 4206//5422 4133//5422 4135//5422
f 4206//5422 4135//5422 4207//5422
f 4207//5422 4135//5422 4137//5422
f 4207//5422 4137//5422 4208//5422
f 4196//5424 4209//5424 4097//5424
f 4097//5427 4209//5427 4210//5427
f 4097//5426 4210//5426 4096//5426
f 4096//5425 4210//5425 4211//5425
f 4096//5429 4211//5429 4094//5429
f 4094//5426 4211//5426 4091//5426
f 4091//5422 4211//5422 4212//5422
f 4091//5422 4212//5422 4089//5422
f 4089//5422 4212//5422 4213//5422
f 4089//5422 4213//5422 4087//5422
f 4087//5426 4213//5426 4214//5426
f 4087//5426 4214//5426 4085//5426
f 4085//5426 4214//5426 4215//5426
f 4085//5426 4215//5426 4083//5426
f 4083//5422 4215//5422 4216//5422
f 4083//5422 4216//5422 4082//5422
f 4082//5422 4216//5422 4217//5422
f 4082//5422 4217//5422 4081//5422
f 4137//5422 4142//5422 4208//5422
f 4208//5422 4142//5422 4144//5422
f 4208//5429 4144//5429 4218//5429
f 4218//5426 4144//5426 4141//5426
f 4218//5425 4141//5425 4219//5425
f 4219//5422 4141//5422 4139//5422
f 4219//5422 4139//5422 4220//5422
f 4220//5426 4139//5426 4148//5426
f 4220//5427 4148//5427 4221//5427
f 4221//5426 4148//5426 4115//5426
f 4221//5422 4115//5422 4222//5422
f 4222//5422 4115//5422 4081//5422
f 4222//5422 4081//5422 4223//5422
f 4223//5422 4081//5422 4217//5422
f 4224//5343 4225//5343 4226//5343
f 4226//5343 4225//5343 4227//5343
f 4228//5581 4229//5581 4230//5581
f 4230//5582 4229//5582 4231//5582
f 4230//5583 4231//5583 4232//5583
f 4232//5584 4231//5584 4233//5584
f 4232//5585 4233//5585 4234//5585
f 4235//5586 4236//5586 4237//5586
f 4237//5587 4236//5587 4238//5587
f 4237//5588 4238//5588 4234//5588
f 4234//5589 4238//5589 4239//5589
f 4234//5590 4239//5590 4232//5590
f 4240//5591 4241//5591 4242//5591
f 4240//5592 4242//5592 4243//5592
f 4243//5593 4242//5593 4244//5593
f 4243//5594 4244//5594 4245//5594
f 4245//5595 4244//5595 4246//5595
f 4245//5596 4246//5596 4247//5596
f 4247//5597 4246//5597 4248//5597
f 4247//5598 4248//5598 4235//5598
f 4235//5599 4248//5599 4249//5599
f 4235//5600 4249//5600 4236//5600
f 4241//5601 4240//5601 4250//5601
f 4250//5602 4240//5602 4251//5602
f 4250//5603 4251//5603 4252//5603
f 4252//5604 4251//5604 4253//5604
f 4252//5605 4253//5605 4254//5605
f 4254//5606 4253//5606 4255//5606
f 4254//5607 4255//5607 4256//5607
f 4256//5608 4255//5608 4257//5608
f 4256//5609 4257//5609 4258//5609
f 4259//5610 4260//5610 4261//5610
f 4257//5611 4262//5611 4258//5611
f 4258//5612 4262//5612 4259//5612
f 4258//5613 4259//5613 4263//5613
f 4263//5614 4259//5614 4261//5614
f 4263//5615 4261//5615 4264//5615
f 4265//5343 4229//5343 4266//5343
f 4266//5343 4229//5343 4228//5343
f 4267//5500 4268//5500 4269//5500
f 4269//5377 4268//5377 4270//5377
f 4233//5377 4231//5377 4271//5377
f 4271//5377 4231//5377 4272//5377
f 4272//5377 4231//5377 4229//5377
f 4272//5381 4229//5381 4265//5381
f 4273//5377 4274//5377 4267//5377
f 4267//5377 4274//5377 4275//5377
f 4267//5377 4275//5377 4268//5377
f 4276//5377 4226//5377 4227//5377
f 4227//5377 4277//5377 4276//5377
f 4276//5384 4277//5384 4278//5384
f 4276//5377 4278//5377 4273//5377
f 4273//5616 4278//5616 4279//5616
f 4273//5500 4279//5500 4274//5500
f 4280//5377 4281//5377 4282//5377
f 4282//5378 4281//5378 4283//5378
f 4282//5379 4283//5379 4284//5379
f 4285//5377 4286//5377 4287//5377
f 4287//5377 4286//5377 4288//5377
f 4287//5617 4288//5617 4289//5617
f 4289//5378 4288//5378 4290//5378
f 4289//5377 4290//5377 4291//5377
f 4291//5381 4290//5381 4292//5381
f 4291//5379 4292//5379 4270//5379
f 4270//5384 4292//5384 4293//5384
f 4270//5377 4293//5377 4269//5377
f 4260//5377 4259//5377 4294//5377
f 4262//5378 4257//5378 4295//5378
f 4287//5377 4296//5377 4285//5377
f 4285//5377 4296//5377 4297//5377
f 4285//5377 4297//5377 4280//5377
f 4280//5377 4297//5377 4298//5377
f 4280//5377 4298//5377 4281//5377
f 4295//5378 4257//5378 4299//5378
f 4284//5377 4283//5377 4300//5377
f 4300//5377 4283//5377 4301//5377
f 4300//5384 4301//5384 4302//5384
f 4302//5378 4301//5378 4303//5378
f 4302//5378 4303//5378 4304//5378
f 4271//5377 4305//5377 4233//5377
f 4233//5378 4305//5378 4306//5378
f 4233//5378 4306//5378 4234//5378
f 4234//5377 4306//5377 4307//5377
f 4234//5503 4307//5503 4237//5503
f 4237//5618 4307//5618 4308//5618
f 4237//5377 4308//5377 4235//5377
f 4235//5377 4308//5377 4309//5377
f 4235//5377 4309//5377 4247//5377
f 4247//5381 4309//5381 4310//5381
f 4247//5377 4310//5377 4245//5377
f 4245//5377 4310//5377 4311//5377
f 4245//5378 4311//5378 4243//5378
f 4243//5503 4311//5503 4312//5503
f 4243//5377 4312//5377 4240//5377
f 4240//5381 4312//5381 4313//5381
f 4240//5377 4313//5377 4251//5377
f 4251//5377 4313//5377 4314//5377
f 4251//5377 4314//5377 4253//5377
f 4253//5377 4314//5377 4299//5377
f 4253//5382 4299//5382 4255//5382
f 4255//5378 4299//5378 4257//5378
f 4295//5377 4315//5377 4262//5377
f 4262//5380 4315//5380 4316//5380
f 4262//5377 4316//5377 4259//5377
f 4259//5377 4316//5377 4317//5377
f 4259//5377 4317//5377 4294//5377
f 4303//5377 4318//5377 4304//5377
f 4304//5377 4318//5377 4319//5377
f 4304//5377 4319//5377 4320//5377
f 4320//5377 4319//5377 4260//5377
f 4320//5377 4260//5377 4321//5377
f 4321//5377 4260//5377 4294//5377
f 4261//5619 4260//5619 4319//5619
f 4322//5620 4287//5620 4323//5620
f 4323//5621 4287//5621 4289//5621
f 4323//5622 4289//5622 4324//5622
f 4264//5508 4261//5508 4325//5508
f 4325//5623 4261//5623 4319//5623
f 4325//5624 4319//5624 4326//5624
f 4326//5625 4319//5625 4318//5625
f 4326//5626 4318//5626 4327//5626
f 4327//5627 4318//5627 4303//5627
f 4327//5628 4303//5628 4328//5628
f 4328//5629 4303//5629 4301//5629
f 4328//5630 4301//5630 4329//5630
f 4329//5631 4301//5631 4283//5631
f 4329//5632 4283//5632 4330//5632
f 4330//5633 4283//5633 4281//5633
f 4330//5634 4281//5634 4331//5634
f 4331//5635 4281//5635 4298//5635
f 4331//5636 4298//5636 4332//5636
f 4332//5637 4298//5637 4297//5637
f 4332//5638 4297//5638 4322//5638
f 4322//5639 4297//5639 4296//5639
f 4322//5640 4296//5640 4287//5640
f 4324//5641 4289//5641 4333//5641
f 4333//5642 4289//5642 4291//5642
f 4333//5643 4291//5643 4334//5643
f 4291//5644 4270//5644 4334//5644
f 4334//5645 4270//5645 4268//5645
f 4334//5646 4268//5646 4335//5646
f 4268//5647 4275//5647 4335//5647
f 4335//5648 4275//5648 4274//5648
f 4335//5649 4274//5649 4336//5649
f 4336//5650 4274//5650 4279//5650
f 4336//5651 4279//5651 4337//5651
f 4279//5652 4278//5652 4337//5652
f 4337//5653 4278//5653 4277//5653
f 4337//5654 4277//5654 4338//5654
f 4338//5655 4277//5655 4227//5655
f 4338//5656 4227//5656 4225//5656
f 4339//5428 4266//5428 4228//5428
f 4340//5422 4341//5422 4335//5422
f 4335//5426 4341//5426 4342//5426
f 4335//5426 4342//5426 4334//5426
f 4334//5422 4342//5422 4343//5422
f 4334//5422 4343//5422 4333//5422
f 4344//5428 4345//5428 4238//5428
f 4225//5430 4224//5430 4338//5430
f 4338//5424 4224//5424 4346//5424
f 4338//5426 4346//5426 4337//5426
f 4337//5428 4346//5428 4340//5428
f 4337//5422 4340//5422 4336//5422
f 4336//5422 4340//5422 4335//5422
f 4339//5422 4228//5422 4347//5422
f 4347//5422 4228//5422 4230//5422
f 4347//5657 4230//5657 4348//5657
f 4348//5427 4230//5427 4232//5427
f 4348//5427 4232//5427 4345//5427
f 4345//5424 4232//5424 4239//5424
f 4345//5422 4239//5422 4238//5422
f 4349//5422 4330//5422 4331//5422
f 4349//5425 4331//5425 4350//5425
f 4331//5422 4332//5422 4350//5422
f 4350//5422 4332//5422 4322//5422
f 4350//5422 4322//5422 4351//5422
f 4351//5422 4322//5422 4323//5422
f 4351//5422 4323//5422 4352//5422
f 4352//5424 4323//5424 4324//5424
f 4352//5422 4324//5422 4353//5422
f 4353//5426 4324//5426 4333//5426
f 4353//5427 4333//5427 4354//5427
f 4354//5422 4333//5422 4343//5422
f 4344//5504 4238//5504 4355//5504
f 4355//5422 4238//5422 4236//5422
f 4355//5422 4236//5422 4356//5422
f 4356//5658 4236//5658 4249//5658
f 4356//5422 4249//5422 4357//5422
f 4357//5422 4249//5422 4248//5422
f 4357//5422 4248//5422 4358//5422
f 4358//5425 4248//5425 4246//5425
f 4358//5422 4246//5422 4359//5422
f 4359//5506 4246//5506 4244//5506
f 4359//5428 4244//5428 4360//5428
f 4360//5422 4244//5422 4242//5422
f 4360//5422 4242//5422 4361//5422
f 4361//5422 4242//5422 4241//5422
f 4361//5422 4241//5422 4362//5422
f 4362//5422 4241//5422 4250//5422
f 4362//5422 4250//5422 4363//5422
f 4250//5422 4252//5422 4363//5422
f 4363//5424 4252//5424 4254//5424
f 4363//5422 4254//5422 4364//5422
f 4364//5422 4254//5422 4256//5422
f 4364//5422 4256//5422 4365//5422
f 4365//5422 4256//5422 4258//5422
f 4365//5422 4258//5422 4366//5422
f 4366//5422 4258//5422 4263//5422
f 4325//5422 4326//5422 4367//5422
f 4325//5422 4367//5422 4264//5422
f 4330//5422 4349//5422 4329//5422
f 4329//5422 4349//5422 4368//5422
f 4329//5422 4368//5422 4328//5422
f 4328//5426 4368//5426 4369//5426
f 4328//5426 4369//5426 4327//5426
f 4327//5426 4369//5426 4370//5426
f 4327//5426 4370//5426 4326//5426
f 4326//5422 4370//5422 4371//5422
f 4326//5422 4371//5422 4367//5422
f 4367//5422 4372//5422 4264//5422
f 4264//5426 4372//5426 4373//5426
f 4264//5426 4373//5426 4263//5426
f 4263//5422 4373//5422 4374//5422
f 4263//5422 4374//5422 4366//5422
f 4375//5377 4376//5377 4377//5377
f 4377//5377 4376//5377 4378//5377
f 4378//5378 4376//5378 4379//5378
f 4378//5377 4379//5377 4380//5377
f 4377//5378 4381//5378 4375//5378
f 4375//5378 4381//5378 4382//5378
f 4375//5378 4382//5378 4383//5378
f 4383//5377 4382//5377 4384//5377
f 4383//5377 4384//5377 4385//5377
f 4386//5380 4387//5380 4388//5380
f 4388//5380 4387//5380 4389//5380
f 4388//5377 4389//5377 4390//5377
f 4390//5384 4389//5384 4391//5384
f 4390//5384 4391//5384 4392//5384
f 4392//5377 4391//5377 4393//5377
f 4392//5381 4393//5381 4394//5381
f 4394//5377 4393//5377 4395//5377
f 4394//5380 4395//5380 4396//5380
f 4396//5381 4395//5381 4397//5381
f 4396//5378 4397//5378 4398//5378
f 4398//5378 4397//5378 4399//5378
f 4398//5385 4399//5385 4400//5385
f 4384//5577 4401//5577 4385//5577
f 4385//5377 4401//5377 4402//5377
f 4385//5378 4402//5378 4403//5378
f 4403//5377 4402//5377 4404//5377
f 4403//5377 4404//5377 4405//5377
f 4405//5377 4404//5377 4406//5377
f 4405//5377 4406//5377 4407//5377
f 4407//5377 4406//5377 4408//5377
f 4409//5377 4410//5377 4411//5377
f 4411//5377 4410//5377 4412//5377
f 4411//5380 4412//5380 4413//5380
f 4413//5377 4412//5377 4414//5377
f 4413//5377 4414//5377 4415//5377
f 4415//5377 4414//5377 4416//5377
f 4415//5377 4416//5377 4417//5377
f 4417//5377 4416//5377 4418//5377
f 4417//5378 4418//5378 4419//5378
f 4419//5379 4418//5379 4420//5379
f 4419//5378 4420//5378 4400//5378
f 4400//5378 4420//5378 4421//5378
f 4400//5379 4421//5379 4398//5379
f 4422//5377 4423//5377 4424//5377
f 4424//5377 4423//5377 4425//5377
f 4424//5377 4425//5377 4426//5377
f 4426//5377 4425//5377 4427//5377
f 4426//5377 4427//5377 4428//5377
f 4424//5377 4429//5377 4422//5377
f 4422//5377 4429//5377 4430//5377
f 4422//5377 4430//5377 4431//5377
f 4431//5377 4430//5377 4432//5377
f 4431//5377 4432//5377 4433//5377
f 4433//5377 4432//5377 4434//5377
f 4433//5377 4434//5377 4435//5377
f 4435//5377 4434//5377 4436//5377
f 4435//5377 4436//5377 4437//5377
f 4437//5377 4436//5377 4438//5377
f 4437//5381 4438//5381 4408//5381
f 4408//5381 4438//5381 4439//5381
f 4408//5384 4439//5384 4407//5384
f 4411//5378 4440//5378 4409//5378
f 4409//5378 4440//5378 4441//5378
f 4409//5378 4441//5378 4442//5378
f 4442//5378 4441//5378 4443//5378
f 4441//5377 4444//5377 4443//5377
f 4443//5377 4444//5377 4445//5377
f 4443//5377 4445//5377 4446//5377
f 4446//5380 4445//5380 4428//5380
f 4446//5378 4428//5378 4447//5378
f 4447//5378 4428//5378 4427//5378
f 4380//5343 4379//5343 4448//5343
f 4448//5343 4379//5343 4449//5343
f 4450//5659 4451//5659 4375//5659
f 4375//5660 4451//5660 4452//5660
f 4375//5661 4452//5661 4376//5661
f 4376//5662 4452//5662 4453//5662
f 4376//5663 4453//5663 4379//5663
f 4379//5664 4453//5664 4454//5664
f 4379//5665 4454//5665 4449//5665
f 4375//5666 4383//5666 4450//5666
f 4450//5667 4383//5667 4385//5667
f 4450//5668 4385//5668 4455//5668
f 4455//5669 4385//5669 4403//5669
f 4455//5670 4403//5670 4456//5670
f 4456//5671 4403//5671 4457//5671
f 4457//5672 4403//5672 4405//5672
f 4457//5673 4405//5673 4458//5673
f 4458//5674 4405//5674 4407//5674
f 4458//5675 4407//5675 4459//5675
f 4436//5676 4460//5676 4438//5676
f 4438//5677 4460//5677 4459//5677
f 4438//5678 4459//5678 4439//5678
f 4439//5679 4459//5679 4407//5679
f 4424//5680 4426//5680 4461//5680
f 4461//5681 4462//5681 4424//5681
f 4424//5682 4462//5682 4463//5682
f 4424//5683 4463//5683 4429//5683
f 4429//5684 4463//5684 4464//5684
f 4429//5685 4464//5685 4430//5685
f 4430//5686 4464//5686 4465//5686
f 4430//5687 4465//5687 4432//5687
f 4432//5688 4465//5688 4466//5688
f 4432//5689 4466//5689 4434//5689
f 4434//5690 4466//5690 4467//5690
f 4434//5691 4467//5691 4436//5691
f 4436//5692 4467//5692 4468//5692
f 4436//5693 4468//5693 4460//5693
f 4426//5694 4428//5694 4461//5694
f 4461//5695 4428//5695 4469//5695
f 4461//5695 4469//5695 4470//5695
f 4471//5696 4472//5696 4445//5696
f 4472//5697 4470//5697 4445//5697
f 4445//5698 4470//5698 4469//5698
f 4445//5698 4469//5698 4428//5698
f 4445//5699 4444//5699 4471//5699
f 4471//5700 4444//5700 4441//5700
f 4471//5701 4441//5701 4473//5701
f 4473//5702 4441//5702 4440//5702
f 4473//5703 4440//5703 4474//5703
f 4474//5704 4440//5704 4411//5704
f 4474//5705 4411//5705 4475//5705
f 4475//5706 4411//5706 4413//5706
f 4475//5707 4413//5707 4476//5707
f 4476//5708 4413//5708 4415//5708
f 4477//5709 4478//5709 4417//5709
f 4417//5710 4478//5710 4479//5710
f 4417//5711 4479//5711 4415//5711
f 4415//5712 4479//5712 4480//5712
f 4415//5713 4480//5713 4476//5713
f 4397//5714 4481//5714 4482//5714
f 4417//5715 4419//5715 4477//5715
f 4477//5716 4419//5716 4400//5716
f 4477//5717 4400//5717 4482//5717
f 4482//5718 4400//5718 4399//5718
f 4482//5719 4399//5719 4397//5719
f 4481//5720 4397//5720 4483//5720
f 4483//5721 4397//5721 4395//5721
f 4483//5722 4395//5722 4484//5722
f 4484//5723 4395//5723 4393//5723
f 4484//5724 4393//5724 4485//5724
f 4485//5725 4393//5725 4486//5725
f 4486//5726 4393//5726 4391//5726
f 4486//5727 4391//5727 4487//5727
f 4391//5728 4389//5728 4487//5728
f 4487//5729 4389//5729 4387//5729
f 4487//5730 4387//5730 4488//5730
f 4488//5343 4387//5343 4489//5343
f 4489//5343 4387//5343 4386//5343
f 4490//5424 4448//5424 4449//5424
f 4491//5422 4492//5422 4475//5422
f 4449//5422 4454//5422 4490//5422
f 4490//5422 4454//5422 4453//5422
f 4490//5426 4453//5426 4493//5426
f 4493//5429 4453//5429 4452//5429
f 4493//5422 4452//5422 4494//5422
f 4494//5422 4452//5422 4451//5422
f 4494//5423 4451//5423 4495//5423
f 4495//5422 4451//5422 4450//5422
f 4495//5425 4450//5425 4496//5425
f 4496//5425 4450//5425 4455//5425
f 4496//5426 4455//5426 4497//5426
f 4497//5429 4455//5429 4456//5429
f 4497//5428 4456//5428 4498//5428
f 4499//5422 4486//5422 4500//5422
f 4500//5425 4486//5425 4487//5425
f 4500//5426 4487//5426 4501//5426
f 4501//5422 4487//5422 4488//5422
f 4501//5424 4488//5424 4502//5424
f 4502//5426 4488//5426 4489//5426
f 4475//5422 4492//5422 4474//5422
f 4498//5424 4456//5424 4503//5424
f 4503//5426 4456//5426 4457//5426
f 4503//5731 4457//5731 4504//5731
f 4505//5422 4506//5422 4467//5422
f 4457//5422 4458//5422 4504//5422
f 4504//5429 4458//5429 4459//5429
f 4504//5422 4459//5422 4507//5422
f 4507//5422 4459//5422 4460//5422
f 4507//5422 4460//5422 4506//5422
f 4506//5426 4460//5426 4468//5426
f 4506//5425 4468//5425 4467//5425
f 4508//5422 4509//5422 4477//5422
f 4477//5428 4509//5428 4510//5428
f 4477//5424 4510//5424 4478//5424
f 4478//5426 4510//5426 4511//5426
f 4478//5507 4511//5507 4479//5507
f 4479//5732 4511//5732 4512//5732
f 4479//5422 4512//5422 4480//5422
f 4480//5426 4512//5426 4491//5426
f 4480//5426 4491//5426 4476//5426
f 4476//5426 4491//5426 4475//5426
f 4492//5422 4513//5422 4474//5422
f 4474//5422 4513//5422 4514//5422
f 4474//5422 4514//5422 4473//5422
f 4473//5426 4514//5426 4471//5426
f 4467//5422 4466//5422 4505//5422
f 4505//5733 4466//5733 4465//5733
f 4505//5424 4465//5424 4515//5424
f 4515//5422 4465//5422 4516//5422
f 4514//5422 4517//5422 4471//5422
f 4471//5422 4517//5422 4518//5422
f 4471//5422 4518//5422 4472//5422
f 4472//5426 4518//5426 4519//5426
f 4472//5426 4519//5426 4470//5426
f 4477//5428 4482//5428 4508//5428
f 4508//5422 4482//5422 4481//5422
f 4508//5422 4481//5422 4520//5422
f 4520//5422 4481//5422 4483//5422
f 4520//5423 4483//5423 4521//5423
f 4521//5422 4483//5422 4484//5422
f 4521//5422 4484//5422 4499//5422
f 4499//5422 4484//5422 4485//5422
f 4499//5657 4485//5657 4486//5657
f 4465//5422 4464//5422 4516//5422
f 4516//5426 4464//5426 4463//5426
f 4516//5427 4463//5427 4522//5427
f 4522//5422 4463//5422 4523//5422
f 4463//5422 4462//5422 4523//5422
f 4523//5422 4462//5422 4461//5422
f 4523//5422 4461//5422 4524//5422
f 4524//5422 4461//5422 4470//5422
f 4524//5422 4470//5422 4525//5422
f 4525//5422 4470//5422 4519//5422
f 4526//5734 4527//5734 4528//5734
f 4527//5735 4529//5735 4530//5735
f 4531//5387 4528//5387 4532//5387
f 4532//5736 4528//5736 4527//5736
f 4532//5735 4527//5735 4533//5735
f 4533//5735 4527//5735 4530//5735
f 4528//5737 4534//5737 4526//5737
f 4526//5738 4534//5738 4535//5738
f 4526//5739 4535//5739 4536//5739
f 4536//5740 4535//5740 4537//5740
f 4536//5741 4537//5741 4538//5741
f 4538//5742 4537//5742 4539//5742
f 4538//5743 4539//5743 4540//5743
f 4540//5744 4539//5744 4541//5744
f 4542//5745 4543//5745 4544//5745
f 4544//5746 4543//5746 4545//5746
f 4544//5747 4545//5747 4546//5747
f 4546//5748 4545//5748 4547//5748
f 4546//5749 4547//5749 4548//5749
f 4548//5750 4547//5750 4549//5750
f 4548//5751 4549//5751 4541//5751
f 4541//5752 4549//5752 4550//5752
f 4541//5753 4550//5753 4540//5753
f 4544//5754 4551//5754 4542//5754
f 4542//5755 4551//5755 4552//5755
f 4542//5756 4552//5756 4553//5756
f 4553//5757 4552//5757 4554//5757
f 4553//5758 4554//5758 4555//5758
f 4555//5759 4554//5759 4556//5759
f 4556//5760 4554//5760 4557//5760
f 4556//5761 4557//5761 4558//5761
f 4558//5762 4557//5762 4559//5762
f 4558//5763 4559//5763 4560//5763
f 4560//5764 4559//5764 4561//5764
f 4561//5765 4559//5765 4562//5765
f 4561//5766 4562//5766 4563//5766
f 4564//5767 4565//5767 4566//5767
f 4566//5768 4565//5768 4563//5768
f 4566//5769 4563//5769 4567//5769
f 4567//5770 4563//5770 4562//5770
f 4530//5695 4529//5695 4568//5695
f 4569//5771 4570//5771 4571//5771
f 4571//5772 4570//5772 4572//5772
f 4571//5773 4572//5773 4573//5773
f 4573//5774 4572//5774 4574//5774
f 4573//5775 4574//5775 4575//5775
f 4575//5776 4574//5776 4576//5776
f 4575//5777 4576//5777 4577//5777
f 4571//5778 4578//5778 4569//5778
f 4569//5779 4578//5779 4579//5779
f 4569//5780 4579//5780 4580//5780
f 4580//5781 4579//5781 4581//5781
f 4580//5782 4581//5782 4582//5782
f 4582//5783 4581//5783 4583//5783
f 4582//5784 4583//5784 4584//5784
f 4584//5785 4583//5785 4585//5785
f 4584//5786 4585//5786 4586//5786
f 4586//5787 4585//5787 4587//5787
f 4586//5788 4587//5788 4588//5788
f 4588//5789 4587//5789 4589//5789
f 4588//5790 4589//5790 4590//5790
f 4590//5791 4589//5791 4591//5791
f 4590//5792 4591//5792 4592//5792
f 4592//5793 4591//5793 4593//5793
f 4592//5794 4593//5794 4594//5794
f 4530//5795 4568//5795 4533//5795
f 4595//5796 4531//5796 4532//5796
f 4532//5796 4533//5796 4595//5796
f 4595//5797 4533//5797 4568//5797
f 4595//5798 4568//5798 4596//5798
f 4596//5799 4568//5799 4597//5799
f 4596//5800 4597//5800 4598//5800
f 4598//5801 4597//5801 4599//5801
f 4598//5802 4599//5802 4600//5802
f 4600//5803 4599//5803 4601//5803
f 4600//5804 4601//5804 4602//5804
f 4602//5805 4601//5805 4594//5805
f 4602//5806 4594//5806 4603//5806
f 4603//5807 4594//5807 4593//5807
f 4604//5343 4575//5343 4605//5343
f 4605//5343 4575//5343 4577//5343
f 4606//5377 4607//5377 4564//5377
f 4564//5808 4566//5808 4606//5808
f 4606//5500 4566//5500 4567//5500
f 4606//5384 4567//5384 4608//5384
f 4608//5381 4567//5381 4562//5381
f 4608//5377 4562//5377 4609//5377
f 4609//5377 4562//5377 4559//5377
f 4609//5384 4559//5384 4610//5384
f 4610//5381 4559//5381 4611//5381
f 4559//5384 4557//5384 4611//5384
f 4611//5377 4557//5377 4554//5377
f 4611//5377 4554//5377 4612//5377
f 4612//5377 4554//5377 4552//5377
f 4612//5377 4552//5377 4613//5377
f 4613//5377 4552//5377 4614//5377
f 4614//5382 4552//5382 4551//5382
f 4614//5377 4551//5377 4615//5377
f 4615//5380 4551//5380 4544//5380
f 4615//5382 4544//5382 4616//5382
f 4616//5384 4544//5384 4546//5384
f 4616//5377 4546//5377 4617//5377
f 4604//5377 4618//5377 4575//5377
f 4575//5378 4618//5378 4619//5378
f 4575//5378 4619//5378 4573//5378
f 4573//5377 4619//5377 4620//5377
f 4573//5377 4620//5377 4571//5377
f 4571//5377 4620//5377 4621//5377
f 4571//5377 4621//5377 4578//5377
f 4578//5378 4621//5378 4622//5378
f 4578//5378 4622//5378 4579//5378
f 4579//5384 4622//5384 4623//5384
f 4579//5377 4623//5377 4581//5377
f 4581//5377 4623//5377 4624//5377
f 4581//5377 4624//5377 4583//5377
f 4583//5378 4624//5378 4625//5378
f 4583//5378 4625//5378 4585//5378
f 4585//5378 4625//5378 4626//5378
f 4585//5500 4626//5500 4587//5500
f 4587//5379 4626//5379 4627//5379
f 4587//5379 4627//5379 4589//5379
f 4546//5377 4548//5377 4617//5377
f 4617//5377 4548//5377 4541//5377
f 4617//5378 4541//5378 4628//5378
f 4628//5378 4541//5378 4539//5378
f 4629//5377 4630//5377 4539//5377
f 4539//5377 4630//5377 4631//5377
f 4539//5381 4631//5381 4628//5381
f 4589//5378 4627//5378 4591//5378
f 4591//5378 4627//5378 4632//5378
f 4591//5378 4632//5378 4593//5378
f 4593//5377 4632//5377 4633//5377
f 4593//5378 4633//5378 4603//5378
f 4603//5377 4633//5377 4634//5377
f 4603//5384 4634//5384 4602//5384
f 4602//5377 4634//5377 4635//5377
f 4602//5377 4635//5377 4600//5377
f 4600//5378 4635//5378 4598//5378
f 4598//5377 4635//5377 4636//5377
f 4598//5377 4636//5377 4596//5377
f 4539//5378 4537//5378 4629//5378
f 4629//5380 4537//5380 4535//5380
f 4629//5377 4535//5377 4637//5377
f 4636//5377 4638//5377 4596//5377
f 4596//5377 4638//5377 4639//5377
f 4596//5377 4639//5377 4595//5377
f 4595//5378 4639//5378 4640//5378
f 4595//5378 4640//5378 4531//5378
f 4535//5378 4534//5378 4637//5378
f 4637//5378 4534//5378 4528//5378
f 4637//5377 4528//5377 4641//5377
f 4641//5377 4528//5377 4531//5377
f 4641//5377 4531//5377 4642//5377
f 4642//5377 4531//5377 4640//5377
f 4643//5343 4565//5343 4607//5343
f 4607//5343 4565//5343 4564//5343
f 4569//5422 4580//5422 4644//5422
f 4644//5429 4580//5429 4645//5429
f 4605//5422 4577//5422 4646//5422
f 4646//5423 4577//5423 4576//5423
f 4646//5425 4576//5425 4647//5425
f 4644//5422 4648//5422 4569//5422
f 4569//5422 4648//5422 4649//5422
f 4569//5422 4649//5422 4570//5422
f 4570//5426 4649//5426 4650//5426
f 4570//5424 4650//5424 4572//5424
f 4572//5427 4650//5427 4647//5427
f 4572//5423 4647//5423 4574//5423
f 4574//5422 4647//5422 4576//5422
f 4645//5426 4580//5426 4651//5426
f 4651//5422 4580//5422 4582//5422
f 4651//5422 4582//5422 4652//5422
f 4582//5422 4584//5422 4652//5422
f 4652//5429 4584//5429 4586//5429
f 4652//5422 4586//5422 4653//5422
f 4653//5422 4586//5422 4588//5422
f 4653//5422 4588//5422 4654//5422
f 4588//5422 4590//5422 4654//5422
f 4654//5422 4590//5422 4592//5422
f 4654//5425 4592//5425 4655//5425
f 4655//5426 4592//5426 4594//5426
f 4655//5422 4594//5422 4656//5422
f 4657//5422 4658//5422 4547//5422
f 4659//5422 4660//5422 4542//5422
f 4542//5422 4660//5422 4661//5422
f 4542//5422 4661//5422 4543//5422
f 4543//5428 4661//5428 4657//5428
f 4543//5428 4657//5428 4545//5428
f 4545//5422 4657//5422 4547//5422
f 4538//5426 4540//5426 4662//5426
f 4662//5424 4540//5424 4550//5424
f 4662//5422 4550//5422 4658//5422
f 4658//5426 4550//5426 4549//5426
f 4658//5425 4549//5425 4547//5425
f 4542//5426 4553//5426 4659//5426
f 4659//5424 4553//5424 4555//5424
f 4659//5422 4555//5422 4663//5422
f 4663//5422 4555//5422 4556//5422
f 4663//5809 4556//5809 4664//5809
f 4664//5422 4556//5422 4558//5422
f 4664//5422 4558//5422 4665//5422
f 4665//5429 4558//5429 4560//5429
f 4665//5426 4560//5426 4666//5426
f 4666//5425 4560//5425 4561//5425
f 4666//5426 4561//5426 4667//5426
f 4667//5422 4561//5422 4563//5422
f 4667//5422 4563//5422 4668//5422
f 4668//5425 4563//5425 4565//5425
f 4668//5427 4565//5427 4669//5427
f 4669//5422 4565//5422 4643//5422
f 4662//5426 4670//5426 4538//5426
f 4538//5426 4670//5426 4671//5426
f 4538//5426 4671//5426 4536//5426
f 4536//5422 4671//5422 4672//5422
f 4536//5422 4672//5422 4526//5422
f 4526//5422 4672//5422 4673//5422
f 4526//5422 4673//5422 4527//5422
f 4527//5422 4673//5422 4674//5422
f 4527//5422 4674//5422 4529//5422
f 4656//5422 4594//5422 4675//5422
f 4675//5422 4594//5422 4601//5422
f 4675//5422 4601//5422 4676//5422
f 4676//5426 4601//5426 4599//5426
f 4676//5422 4599//5422 4677//5422
f 4599//5422 4597//5422 4677//5422
f 4677//5422 4597//5422 4568//5422
f 4677//5422 4568//5422 4678//5422
f 4678//5422 4568//5422 4529//5422
f 4678//5422 4529//5422 4679//5422
f 4679//5422 4529//5422 4674//5422
f 4680//5343 4681//5343 4682//5343
f 4682//5343 4681//5343 4683//5343
f 4684//5343 4685//5343 4686//5343
f 4686//5343 4685//5343 4687//5343
f 4688//5810 4689//5810 4690//5810
f 4685//5811 4684//5811 4691//5811
f 4691//5812 4684//5812 4692//5812
f 4691//5813 4692//5813 4693//5813
f 4693//5814 4692//5814 4694//5814
f 4695//5815 4696//5815 4697//5815
f 4697//5816 4696//5816 4698//5816
f 4697//5817 4698//5817 4699//5817
f 4699//5818 4698//5818 4700//5818
f 4699//5819 4700//5819 4694//5819
f 4694//5820 4700//5820 4701//5820
f 4694//5821 4701//5821 4693//5821
f 4702//5822 4703//5822 4704//5822
f 4695//5823 4705//5823 4696//5823
f 4696//5824 4705//5824 4702//5824
f 4696//5825 4702//5825 4706//5825
f 4706//5826 4702//5826 4704//5826
f 4707//5827 4708//5827 4709//5827
f 4709//5828 4708//5828 4710//5828
f 4709//5829 4710//5829 4711//5829
f 4711//5830 4710//5830 4712//5830
f 4711//5831 4712//5831 4713//5831
f 4713//5832 4712//5832 4714//5832
f 4713//5833 4714//5833 4703//5833
f 4703//5834 4714//5834 4715//5834
f 4703//5835 4715//5835 4704//5835
f 4716//5836 4688//5836 4717//5836
f 4717//5837 4688//5837 4690//5837
f 4717//5838 4690//5838 4718//5838
f 4718//5839 4690//5839 4719//5839
f 4718//5840 4719//5840 4720//5840
f 4720//5841 4719//5841 4721//5841
f 4720//5842 4721//5842 4722//5842
f 4722//5843 4721//5843 4723//5843
f 4722//5844 4723//5844 4707//5844
f 4707//5845 4723//5845 4724//5845
f 4707//5846 4724//5846 4708//5846
f 4684//5378 4686//5378 4692//5378
f 4692//5380 4686//5380 4725//5380
f 4692//5377 4725//5377 4694//5377
f 4726//5378 4727//5378 4728//5378
f 4682//5377 4683//5377 4729//5377
f 4729//5378 4683//5378 4730//5378
f 4729//5377 4730//5377 4731//5377
f 4728//5847 4727//5847 4732//5847
f 4732//5377 4727//5377 4733//5377
f 4732//5378 4733//5378 4734//5378
f 4725//5377 4735//5377 4694//5377
f 4694//5377 4735//5377 4736//5377
f 4694//5377 4736//5377 4699//5377
f 4699//5500 4736//5500 4737//5500
f 4699//5379 4737//5379 4697//5379
f 4731//5377 4730//5377 4738//5377
f 4738//5381 4730//5381 4739//5381
f 4738//5377 4739//5377 4740//5377
f 4740//5377 4739//5377 4741//5377
f 4740//5384 4741//5384 4742//5384
f 4742//5377 4741//5377 4743//5377
f 4742//5384 4743//5384 4744//5384
f 4726//5379 4728//5379 4744//5379
f 4744//5377 4728//5377 4745//5377
f 4744//5500 4745//5500 4742//5500
f 4746//5378 4747//5378 4709//5378
f 4697//5377 4737//5377 4695//5377
f 4695//5377 4737//5377 4748//5377
f 4695//5848 4748//5848 4705//5848
f 4705//5381 4748//5381 4749//5381
f 4705//5377 4749//5377 4702//5377
f 4709//5378 4747//5378 4707//5378
f 4749//5377 4750//5377 4702//5377
f 4702//5377 4750//5377 4751//5377
f 4702//5380 4751//5380 4703//5380
f 4703//5385 4751//5385 4752//5385
f 4703//5377 4752//5377 4713//5377
f 4713//5378 4752//5378 4746//5378
f 4713//5380 4746//5380 4711//5380
f 4711//5378 4746//5378 4709//5378
f 4734//5378 4733//5378 4753//5378
f 4753//5379 4733//5379 4754//5379
f 4753//5381 4754//5381 4755//5381
f 4755//5500 4754//5500 4756//5500
f 4755//5380 4756//5380 4757//5380
f 4757//5377 4756//5377 4758//5377
f 4757//5377 4758//5377 4759//5377
f 4759//5377 4758//5377 4760//5377
f 4759//5378 4760//5378 4761//5378
f 4747//5377 4762//5377 4707//5377
f 4707//5377 4762//5377 4763//5377
f 4707//5377 4763//5377 4722//5377
f 4722//5377 4763//5377 4764//5377
f 4722//5380 4764//5380 4720//5380
f 4720//5377 4764//5377 4765//5377
f 4720//5377 4765//5377 4718//5377
f 4718//5381 4765//5381 4766//5381
f 4718//5377 4766//5377 4717//5377
f 4717//5378 4766//5378 4716//5378
f 4766//5377 4767//5377 4716//5377
f 4716//5378 4767//5378 4768//5378
f 4716//5378 4768//5378 4769//5378
f 4769//5378 4768//5378 4770//5378
f 4769//5377 4770//5377 4771//5377
f 4771//5377 4770//5377 4772//5377
f 4771//5377 4772//5377 4773//5377
f 4773//5377 4772//5377 4774//5377
f 4773//5849 4774//5849 4775//5849
f 4775//5377 4774//5377 4776//5377
f 4775//5377 4776//5377 4761//5377
f 4761//5377 4776//5377 4777//5377
f 4761//5377 4777//5377 4759//5377
f 4688//5850 4716//5850 4769//5850
f 4689//5387 4688//5387 4778//5387
f 4778//5851 4688//5851 4769//5851
f 4778//5852 4769//5852 4779//5852
f 4779//5853 4769//5853 4771//5853
f 4779//5854 4771//5854 4780//5854
f 4780//5855 4771//5855 4781//5855
f 4771//5856 4773//5856 4781//5856
f 4781//5857 4773//5857 4775//5857
f 4781//5858 4775//5858 4782//5858
f 4782//5859 4775//5859 4761//5859
f 4782//5860 4761//5860 4783//5860
f 4783//5861 4761//5861 4760//5861
f 4783//5862 4760//5862 4784//5862
f 4784//5863 4760//5863 4785//5863
f 4785//5864 4760//5864 4758//5864
f 4785//5865 4758//5865 4786//5865
f 4758//5866 4756//5866 4786//5866
f 4786//5867 4756//5867 4754//5867
f 4786//5868 4754//5868 4787//5868
f 4787//5869 4754//5869 4733//5869
f 4787//5870 4733//5870 4788//5870
f 4788//5871 4733//5871 4727//5871
f 4788//5872 4727//5872 4789//5872
f 4789//5873 4727//5873 4726//5873
f 4789//5874 4726//5874 4790//5874
f 4726//5875 4744//5875 4790//5875
f 4790//5876 4744//5876 4743//5876
f 4790//5877 4743//5877 4791//5877
f 4791//5878 4743//5878 4741//5878
f 4791//5879 4741//5879 4792//5879
f 4792//5880 4741//5880 4793//5880
f 4793//5881 4741//5881 4739//5881
f 4793//5882 4739//5882 4794//5882
f 4794//5883 4739//5883 4730//5883
f 4794//5884 4730//5884 4795//5884
f 4795//5885 4730//5885 4683//5885
f 4795//5886 4683//5886 4681//5886
f 4687//5426 4685//5426 4796//5426
f 4796//5422 4685//5422 4691//5422
f 4796//5422 4691//5422 4797//5422
f 4797//5422 4691//5422 4693//5422
f 4797//5426 4693//5426 4798//5426
f 4798//5429 4693//5429 4701//5429
f 4798//5422 4701//5422 4799//5422
f 4799//5422 4701//5422 4700//5422
f 4799//5423 4700//5423 4800//5423
f 4800//5422 4700//5422 4698//5422
f 4801//5426 4786//5426 4802//5426
f 4802//5422 4786//5422 4787//5422
f 4802//5426 4787//5426 4803//5426
f 4803//5422 4787//5422 4788//5422
f 4803//5428 4788//5428 4804//5428
f 4804//5809 4788//5809 4805//5809
f 4805//5426 4788//5426 4789//5426
f 4805//5426 4789//5426 4806//5426
f 4806//5732 4789//5732 4790//5732
f 4806//5422 4790//5422 4807//5422
f 4807//5422 4790//5422 4791//5422
f 4807//5422 4791//5422 4808//5422
f 4808//5657 4791//5657 4792//5657
f 4808//5422 4792//5422 4809//5422
f 4809//5430 4792//5430 4793//5430
f 4809//5422 4793//5422 4810//5422
f 4681//5422 4680//5422 4795//5422
f 4795//5422 4680//5422 4810//5422
f 4795//5426 4810//5426 4794//5426
f 4794//5422 4810//5422 4793//5422
f 4706//5422 4704//5422 4811//5422
f 4811//5422 4704//5422 4812//5422
f 4811//5422 4813//5422 4706//5422
f 4706//5422 4813//5422 4814//5422
f 4706//5422 4814//5422 4696//5422
f 4696//5426 4814//5426 4815//5426
f 4696//5426 4815//5426 4698//5426
f 4698//5426 4815//5426 4816//5426
f 4698//5427 4816//5427 4800//5427
f 4782//5422 4783//5422 4817//5422
f 4817//5422 4783//5422 4784//5422
f 4817//5422 4784//5422 4801//5422
f 4801//5426 4784//5426 4785//5426
f 4801//5426 4785//5426 4786//5426
f 4704//5422 4715//5422 4812//5422
f 4812//5887 4715//5887 4714//5887
f 4812//5422 4714//5422 4818//5422
f 4818//5426 4714//5426 4712//5426
f 4818//5426 4712//5426 4819//5426
f 4819//5426 4712//5426 4710//5426
f 4819//5428 4710//5428 4820//5428
f 4820//5424 4710//5424 4708//5424
f 4820//5422 4708//5422 4821//5422
f 4821//5422 4708//5422 4724//5422
f 4821//5422 4724//5422 4822//5422
f 4817//5426 4823//5426 4782//5426
f 4782//5426 4823//5426 4824//5426
f 4782//5426 4824//5426 4781//5426
f 4781//5426 4824//5426 4825//5426
f 4781//5426 4825//5426 4780//5426
f 4780//5424 4825//5424 4826//5424
f 4780//5422 4826//5422 4779//5422
f 4779//5426 4826//5426 4827//5426
f 4779//5425 4827//5425 4778//5425
f 4778//5426 4827//5426 4689//5426
f 4724//5422 4723//5422 4822//5422
f 4822//5426 4723//5426 4721//5426
f 4822//5426 4721//5426 4828//5426
f 4828//5422 4721//5422 4719//5422
f 4828//5425 4719//5425 4829//5425
f 4829//5422 4719//5422 4690//5422
f 4829//5422 4690//5422 4830//5422
f 4830//5426 4690//5426 4689//5426
f 4830//5426 4689//5426 4831//5426
f 4831//5422 4689//5422 4827//5422
f 4832//5343 4833//5343 4834//5343
f 4834//5343 4833//5343 4835//5343
f 4836//5888 4837//5888 4838//5888
f 4838//5889 4837//5889 4839//5889
f 4838//5890 4839//5890 4840//5890
f 4840//5891 4839//5891 4841//5891
f 4840//5892 4841//5892 4842//5892
f 4842//5893 4841//5893 4843//5893
f 4842//5894 4843//5894 4844//5894
f 4844//5895 4843//5895 4845//5895
f 4844//5896 4845//5896 4846//5896
f 4846//5897 4845//5897 4847//5897
f 4846//5898 4847//5898 4848//5898
f 4848//5899 4847//5899 4849//5899
f 4848//5900 4849//5900 4850//5900
f 4850//5901 4849//5901 4851//5901
f 4850//5902 4851//5902 4852//5902
f 4852//5903 4851//5903 4853//5903
f 4852//5904 4853//5904 4854//5904
f 4854//5905 4853//5905 4855//5905
f 4853//5906 4856//5906 4855//5906
f 4855//5907 4856//5907 4857//5907
f 4855//5908 4857//5908 4858//5908
f 4858//5909 4857//5909 4859//5909
f 4858//5910 4859//5910 4860//5910
f 4860//5911 4859//5911 4861//5911
f 4860//5912 4861//5912 4862//5912
f 4862//5913 4861//5913 4863//5913
f 4862//5914 4863//5914 4864//5914
f 4864//5915 4863//5915 4865//5915
f 4864//5916 4865//5916 4866//5916
f 4866//5917 4865//5917 4867//5917
f 4866//5918 4867//5918 4868//5918
f 4868//5919 4867//5919 4869//5919
f 4868//5920 4869//5920 4870//5920
f 4870//5921 4869//5921 4871//5921
f 4870//5922 4871//5922 4872//5922
f 4871//5923 4873//5923 4872//5923
f 4872//5924 4873//5924 4874//5924
f 4872//5925 4874//5925 4875//5925
f 4876//5343 4837//5343 4877//5343
f 4877//5343 4837//5343 4836//5343
f 4837//5378 4876//5378 4878//5378
f 4879//5377 4833//5377 4832//5377
f 4880//5377 4881//5377 4882//5377
f 4882//5377 4881//5377 4883//5377
f 4882//5378 4883//5378 4884//5378
f 4837//5377 4878//5377 4839//5377
f 4839//5377 4878//5377 4885//5377
f 4839//5377 4885//5377 4841//5377
f 4841//5377 4885//5377 4886//5377
f 4841//5377 4886//5377 4843//5377
f 4843//5378 4886//5378 4887//5378
f 4843//5378 4887//5378 4845//5378
f 4832//5381 4888//5381 4879//5381
f 4879//5378 4888//5378 4889//5378
f 4879//5380 4889//5380 4890//5380
f 4890//5500 4889//5500 4891//5500
f 4890//5377 4891//5377 4892//5377
f 4891//5377 4893//5377 4892//5377
f 4892//5926 4893//5926 4894//5926
f 4892//5377 4894//5377 4895//5377
f 4895//5377 4894//5377 4896//5377
f 4894//5377 4897//5377 4896//5377
f 4896//5377 4897//5377 4898//5377
f 4896//5377 4898//5377 4880//5377
f 4880//5377 4898//5377 4899//5377
f 4880//5927 4899//5927 4881//5927
f 4887//5385 4900//5385 4845//5385
f 4845//5503 4900//5503 4901//5503
f 4845//5378 4901//5378 4847//5378
f 4847//5381 4901//5381 4902//5381
f 4847//5377 4902//5377 4849//5377
f 4849//5381 4902//5381 4903//5381
f 4849//5377 4903//5377 4851//5377
f 4851//5377 4903//5377 4904//5377
f 4851//5378 4904//5378 4853//5378
f 4853//5377 4904//5377 4905//5377
f 4853//5928 4905//5928 4856//5928
f 4856//5377 4905//5377 4906//5377
f 4884//5382 4883//5382 4907//5382
f 4907//5377 4883//5377 4908//5377
f 4907//5377 4908//5377 4909//5377
f 4909//5377 4908//5377 4910//5377
f 4909//5377 4910//5377 4911//5377
f 4911//5378 4910//5378 4912//5378
f 4911//5378 4912//5378 4913//5378
f 4913//5378 4912//5378 4914//5378
f 4913//5377 4914//5377 4915//5377
f 4874//5377 4873//5377 4916//5377
f 4916//5377 4873//5377 4917//5377
f 4917//5377 4873//5377 4871//5377
f 4917//5377 4871//5377 4918//5377
f 4915//5377 4914//5377 4919//5377
f 4919//5377 4914//5377 4920//5377
f 4919//5377 4920//5377 4921//5377
f 4921//5378 4920//5378 4922//5378
f 4921//5378 4922//5378 4923//5378
f 4871//5378 4869//5378 4918//5378
f 4918//5380 4869//5380 4867//5380
f 4918//5377 4867//5377 4924//5377
f 4924//5377 4867//5377 4865//5377
f 4924//5377 4865//5377 4925//5377
f 4925//5377 4865//5377 4863//5377
f 4925//5377 4863//5377 4926//5377
f 4926//5378 4863//5378 4861//5378
f 4926//5378 4861//5378 4927//5378
f 4927//5377 4861//5377 4859//5377
f 4927//5378 4859//5378 4906//5378
f 4906//5377 4859//5377 4857//5377
f 4906//5503 4857//5503 4856//5503
f 4922//5377 4928//5377 4923//5377
f 4923//5500 4928//5500 4929//5500
f 4923//5377 4929//5377 4930//5377
f 4930//5380 4929//5380 4874//5380
f 4930//5378 4874//5378 4931//5378
f 4931//5378 4874//5378 4916//5378
f 4875//5387 4874//5387 4932//5387
f 4932//5929 4874//5929 4929//5929
f 4932//5930 4929//5930 4933//5930
f 4933//5931 4929//5931 4928//5931
f 4933//5932 4928//5932 4934//5932
f 4928//5933 4922//5933 4934//5933
f 4934//5934 4922//5934 4920//5934
f 4934//5935 4920//5935 4935//5935
f 4935//5936 4920//5936 4936//5936
f 4936//5937 4920//5937 4914//5937
f 4936//5938 4914//5938 4937//5938
f 4937//5939 4914//5939 4912//5939
f 4937//5940 4912//5940 4938//5940
f 4938//5941 4912//5941 4910//5941
f 4938//5942 4910//5942 4939//5942
f 4910//5943 4908//5943 4939//5943
f 4939//5944 4908//5944 4883//5944
f 4939//5945 4883//5945 4940//5945
f 4940//5946 4883//5946 4881//5946
f 4940//5947 4881//5947 4941//5947
f 4941//5948 4881//5948 4899//5948
f 4941//5949 4899//5949 4942//5949
f 4942//5950 4899//5950 4898//5950
f 4942//5951 4898//5951 4943//5951
f 4894//5952 4944//5952 4945//5952
f 4943//5953 4898//5953 4945//5953
f 4945//5954 4898//5954 4897//5954
f 4945//5955 4897//5955 4894//5955
f 4894//5956 4893//5956 4944//5956
f 4944//5957 4893//5957 4891//5957
f 4944//5958 4891//5958 4946//5958
f 4946//5959 4891//5959 4889//5959
f 4946//5960 4889//5960 4947//5960
f 4889//5961 4888//5961 4947//5961
f 4947//5962 4888//5962 4832//5962
f 4947//5963 4832//5963 4834//5963
f 4877//5422 4836//5422 4948//5422
f 4948//5424 4836//5424 4838//5424
f 4948//5422 4838//5422 4949//5422
f 4834//5426 4835//5426 4947//5426
f 4947//5422 4835//5422 4950//5422
f 4947//5422 4950//5422 4946//5422
f 4946//5426 4950//5426 4951//5426
f 4946//5422 4951//5422 4944//5422
f 4944//5422 4951//5422 4952//5422
f 4944//5427 4952//5427 4945//5427
f 4945//5426 4952//5426 4953//5426
f 4945//5428 4953//5428 4943//5428
f 4943//5422 4953//5422 4954//5422
f 4943//5422 4954//5422 4942//5422
f 4942//5422 4954//5422 4955//5422
f 4942//5505 4955//5505 4941//5505
f 4941//5422 4955//5422 4940//5422
f 4949//5424 4838//5424 4956//5424
f 4956//5422 4838//5422 4840//5422
f 4956//5422 4840//5422 4957//5422
f 4957//5424 4840//5424 4842//5424
f 4957//5422 4842//5422 4958//5422
f 4958//5424 4842//5424 4844//5424
f 4958//5424 4844//5424 4959//5424
f 4959//5422 4844//5422 4846//5422
f 4959//5424 4846//5424 4960//5424
f 4960//5422 4846//5422 4848//5422
f 4960//5422 4848//5422 4961//5422
f 4961//5427 4848//5427 4850//5427
f 4961//5426 4850//5426 4962//5426
f 4962//5425 4850//5425 4852//5425
f 4962//5423 4852//5423 4963//5423
f 4955//5425 4964//5425 4940//5425
f 4940//5423 4964//5423 4965//5423
f 4940//5422 4965//5422 4939//5422
f 4939//5426 4965//5426 4966//5426
f 4939//5422 4966//5422 4938//5422
f 4938//5422 4966//5422 4967//5422
f 4938//5422 4967//5422 4937//5422
f 4937//5426 4967//5426 4968//5426
f 4937//5426 4968//5426 4936//5426
f 4852//5505 4854//5505 4963//5505
f 4963//5964 4854//5964 4855//5964
f 4963//5422 4855//5422 4969//5422
f 4969//5422 4855//5422 4858//5422
f 4969//5422 4858//5422 4970//5422
f 4970//5422 4858//5422 4860//5422
f 4970//5422 4860//5422 4971//5422
f 4971//5422 4860//5422 4862//5422
f 4971//5422 4862//5422 4972//5422
f 4972//5422 4862//5422 4864//5422
f 4972//5422 4864//5422 4973//5422
f 4973//5422 4864//5422 4866//5422
f 4973//5422 4866//5422 4868//5422
f 4968//5422 4974//5422 4936//5422
f 4936//5422 4974//5422 4975//5422
f 4936//5422 4975//5422 4935//5422
f 4935//5426 4975//5426 4976//5426
f 4935//5426 4976//5426 4934//5426
f 4934//5426 4976//5426 4977//5426
f 4934//5426 4977//5426 4933//5426
f 4933//5422 4977//5422 4978//5422
f 4933//5425 4978//5425 4932//5425
f 4932//5426 4978//5426 4875//5426
f 4978//5422 4979//5422 4875//5422
f 4875//5422 4979//5422 4980//5422
f 4875//5422 4980//5422 4872//5422
f 4872//5422 4980//5422 4981//5422
f 4872//5422 4981//5422 4870//5422
f 4870//5422 4981//5422 4982//5422
f 4870//5422 4982//5422 4868//5422
f 4868//5422 4982//5422 4983//5422
f 4868//5426 4983//5426 4973//5426
f 4984//5965 4985//5965 4986//5965
f 4987//5966 4988//5966 4984//5966
f 4984//5967 4988//5967 4989//5967
f 4984//5968 4989//5968 4985//5968
f 4985//5969 4989//5969 4990//5969
f 4985//5970 4990//5970 4991//5970
f 4992//5971 4993//5971 4994//5971
f 4994//5972 4993//5972 4995//5972
f 4994//5973 4995//5973 4996//5973
f 4996//5974 4995//5974 4987//5974
f 4996//5975 4987//5975 4997//5975
f 4997//5976 4987//5976 4984//5976
f 4992//5977 4994//5977 4998//5977
f 4998//5978 4994//5978 4999//5978
f 4998//5979 4999//5979 5000//5979
f 5000//5980 4999//5980 5001//5980
f 5000//5981 5001//5981 5002//5981
f 5002//5982 5001//5982 5003//5982
f 5002//5983 5003//5983 5004//5983
f 5004//5984 5003//5984 5005//5984
f 5004//5985 5005//5985 5006//5985
f 5006//5986 5005//5986 5007//5986
f 5006//5987 5007//5987 5008//5987
f 5009//5988 5010//5988 5011//5988
f 5011//5989 5010//5989 5012//5989
f 5013//5990 5014//5990 5015//5990
f 5015//5991 5014//5991 5016//5991
f 5017//5992 5018//5992 5019//5992
f 5019//5993 5018//5993 5020//5993
f 5021//5994 5022//5994 5023//5994
f 5023//5995 5022//5995 5024//5995
f 5023//5996 5024//5996 5025//5996
f 5025//5997 5024//5997 5026//5997
f 5025//5998 5026//5998 5027//5998
f 5027//5999 5026//5999 5028//5999
f 5027//6000 5028//6000 5029//6000
f 5029//6001 5028//6001 5030//6001
f 5029//6002 5030//6002 5020//6002
f 5020//6003 5030//6003 5031//6003
f 5020//6004 5031//6004 5019//6004
f 5032//6005 5033//6005 5021//6005
f 5021//6006 5033//6006 5034//6006
f 5021//6007 5034//6007 5022//6007
f 5035//6008 5036//6008 5037//6008
f 5037//6009 5036//6009 5032//6009
f 5037//6010 5032//6010 5038//6010
f 5038//6011 5032//6011 5021//6011
f 5039//6012 5040//6012 5035//6012
f 5035//6013 5040//6013 5041//6013
f 5035//6014 5041//6014 5036//6014
f 5035//6015 5042//6015 5039//6015
f 5039//6016 5042//6016 5043//6016
f 5039//6017 5043//6017 5044//6017
f 5045//6018 5046//6018 5047//6018
f 5047//6019 5046//6019 5048//6019
f 5047//6020 5048//6020 5049//6020
f 5049//6021 5048//6021 5050//6021
f 5049//6022 5050//6022 5051//6022
f 5051//6023 5050//6023 5052//6023
f 5051//6024 5052//6024 5053//6024
f 5053//6025 5052//6025 5054//6025
f 5053//6026 5054//6026 5055//6026
f 5055//6027 5054//6027 5056//6027
f 5055//6028 5056//6028 5057//6028
f 5057//6029 5056//6029 5058//6029
f 5057//6030 5058//6030 5059//6030
f 5059//6031 5058//6031 5060//6031
f 5059//6032 5060//6032 5061//6032
f 5061//6033 5060//6033 5015//6033
f 5061//6034 5015//6034 5012//6034
f 5012//6035 5015//6035 5016//6035
f 5012//6036 5016//6036 5011//6036
f 5010//6037 5008//6037 5012//6037
f 5012//6038 5008//6038 5007//6038
f 5012//6039 5007//6039 5061//6039
f 5061//6040 5007//6040 5005//6040
f 5061//6041 5005//6041 5059//6041
f 5059//6042 5005//6042 5003//6042
f 5059//6043 5003//6043 5057//6043
f 5057//6044 5003//6044 5001//6044
f 5057//6045 5001//6045 5055//6045
f 5055//6046 5001//6046 4999//6046
f 5055//6047 4999//6047 5053//6047
f 5053//6048 4999//6048 4994//6048
f 5053//6049 4994//6049 5051//6049
f 5051//6050 4994//6050 4996//6050
f 5051//6051 4996//6051 5049//6051
f 5049//6052 4996//6052 4997//6052
f 5049//6053 4997//6053 5047//6053
f 5047//6054 4997//6054 4984//6054
f 5047//6055 4984//6055 5045//6055
f 5045//6056 4984//6056 4986//6056
f 4986//6057 5043//6057 5045//6057
f 5045//6058 5043//6058 5042//6058
f 5045//6059 5042//6059 5046//6059
f 5046//6060 5042//6060 5035//6060
f 5046//6061 5035//6061 5048//6061
f 5048//6062 5035//6062 5037//6062
f 5048//6063 5037//6063 5050//6063
f 5050//6064 5037//6064 5038//6064
f 5050//6065 5038//6065 5052//6065
f 5052//6066 5038//6066 5021//6066
f 5052//6067 5021//6067 5054//6067
f 5054//6068 5021//6068 5023//6068
f 5054//6069 5023//6069 5056//6069
f 5056//6070 5023//6070 5025//6070
f 5056//6071 5025//6071 5058//6071
f 5058//6072 5025//6072 5027//6072
f 5058//6073 5027//6073 5060//6073
f 5060//6074 5027//6074 5029//6074
f 5060//6075 5029//6075 5015//6075
f 5015//6075 5029//6075 5020//6075
f 5015//6076 5020//6076 5013//6076
f 5013//6077 5020//6077 5018//6077
f 5062//6078 5063//6078 5064//6078
f 5065//6079 5066//6079 5067//6079
f 5067//6080 5066//6080 5068//6080
f 5069//6081 5070//6081 5071//6081
f 5071//6082 5070//6082 5072//6082
f 5071//6083 5072//6083 5073//6083
f 5073//6084 5072//6084 5074//6084
f 5073//6085 5074//6085 5065//6085
f 5065//6086 5074//6086 5075//6086
f 5065//6087 5075//6087 5066//6087
f 5076//6088 5077//6088 5078//6088
f 5078//6089 5077//6089 5079//6089
f 5078//6090 5079//6090 5080//6090
f 5080//6091 5079//6091 5081//6091
f 5080//6092 5081//6092 5082//6092
f 5082//6093 5081//6093 5083//6093
f 5082//6094 5083//6094 5084//6094
f 5084//6095 5083//6095 5085//6095
f 5084//6096 5085//6096 5086//6096
f 5086//6097 5085//6097 5087//6097
f 5086//6098 5087//6098 5088//6098
f 5088//6099 5087//6099 5089//6099
f 5088//6100 5089//6100 5069//6100
f 5069//6101 5089//6101 5090//6101
f 5069//6102 5090//6102 5070//6102
f 5091//6103 5092//6103 5093//6103
f 5064//6078 5094//6078 5062//6078
f 5062//6104 5094//6104 5095//6104
f 5062//6104 5095//6104 5096//6104
f 5096//6105 5095//6105 5097//6105
f 5096//6106 5097//6106 5098//6106
f 5098//6107 5097//6107 5099//6107
f 5098//6108 5099//6108 5100//6108
f 5100//6109 5099//6109 5101//6109
f 5100//6110 5101//6110 5102//6110
f 5102//6111 5101//6111 5103//6111
f 5102//6112 5103//6112 5104//6112
f 5104//6113 5103//6113 5105//6113
f 5104//6114 5105//6114 5106//6114
f 5106//6115 5105//6115 5107//6115
f 5106//6116 5107//6116 5108//6116
f 5108//6117 5107//6117 5109//6117
f 5108//6118 5109//6118 5110//6118
f 5110//6119 5109//6119 5111//6119
f 5110//6120 5111//6120 5112//6120
f 5112//6121 5111//6121 5093//6121
f 5112//6122 5093//6122 5113//6122
f 5113//6123 5093//6123 5092//6123
f 5113//6124 5092//6124 5114//6124
f 5115//6125 5091//6125 5116//6125
f 5116//6126 5091//6126 5093//6126
f 5116//6127 5093//6127 5117//6127
f 5117//6128 5093//6128 5111//6128
f 5117//6129 5111//6129 5118//6129
f 5118//6130 5111//6130 5109//6130
f 5118//6131 5109//6131 5119//6131
f 5119//6132 5109//6132 5107//6132
f 5119//6133 5107//6133 5120//6133
f 5120//6134 5107//6134 5105//6134
f 5120//6135 5105//6135 5121//6135
f 5121//6136 5105//6136 5103//6136
f 5121//6137 5103//6137 5122//6137
f 5122//6138 5103//6138 5101//6138
f 5122//6139 5101//6139 5123//6139
f 5123//6140 5101//6140 5099//6140
f 5123//6141 5099//6141 5124//6141
f 5124//6142 5099//6142 5097//6142
f 5124//6143 5097//6143 5125//6143
f 5125//6144 5097//6144 5095//6144
f 5125//6145 5095//6145 5126//6145
f 5126//6146 5095//6146 5094//6146
f 5126//6147 5094//6147 5127//6147
f 5127//6148 5094//6148 5064//6148
f 5068//6149 5115//6149 5067//6149
f 5067//6150 5115//6150 5116//6150
f 5067//6151 5116//6151 5065//6151
f 5065//6152 5116//6152 5117//6152
f 5065//6153 5117//6153 5073//6153
f 5073//6154 5117//6154 5118//6154
f 5073//6155 5118//6155 5071//6155
f 5071//6156 5118//6156 5119//6156
f 5071//6157 5119//6157 5069//6157
f 5069//6158 5119//6158 5120//6158
f 5069//6159 5120//6159 5088//6159
f 5088//6160 5120//6160 5121//6160
f 5088//6161 5121//6161 5086//6161
f 5086//6162 5121//6162 5122//6162
f 5086//6163 5122//6163 5084//6163
f 5084//6164 5122//6164 5123//6164
f 5084//6165 5123//6165 5082//6165
f 5082//6166 5123//6166 5124//6166
f 5082//6167 5124//6167 5080//6167
f 5080//6168 5124//6168 5125//6168
f 5080//6169 5125//6169 5078//6169
f 5078//6170 5125//6170 5126//6170
f 5078//6171 5126//6171 5076//6171
f 5076//6171 5126//6171 5127//6171
f 5128//6172 5064//6172 5129//6172
f 5077//6173 5130//6173 5131//6173
f 5131//6174 5130//6174 5132//6174
f 5131//6175 5132//6175 5133//6175
f 5133//6176 5132//6176 5134//6176
f 5134//6177 5132//6177 5135//6177
f 5134//6178 5135//6178 5136//6178
f 5136//6179 5135//6179 5137//6179
f 5137//6180 5135//6180 5138//6180
f 5137//6181 5138//6181 5139//6181
f 5139//6182 5138//6182 5140//6182
f 5139//6183 5140//6183 5141//6183
f 5141//6184 5140//6184 5142//6184
f 5142//6185 5140//6185 5143//6185
f 5142//6186 5143//6186 5144//6186
f 5144//6187 5143//6187 5145//6187
f 5144//6188 5145//6188 5146//6188
f 5146//6189 5145//6189 5147//6189
f 5146//6190 5147//6190 5148//6190
f 5148//6191 5147//6191 5149//6191
f 5148//6192 5149//6192 5150//6192
f 5150//6193 5149//6193 5151//6193
f 5150//6194 5151//6194 5152//6194
f 5153//6195 5154//6195 5155//6195
f 5156//6196 5153//6196 5157//6196
f 5157//6197 5153//6197 5155//6197
f 5157//6198 5155//6198 5151//6198
f 5151//6199 5155//6199 5158//6199
f 5151//6200 5158//6200 5152//6200
f 5159//6201 5160//6201 5161//6201
f 5161//6202 5160//6202 5162//6202
f 5161//6203 5162//6203 5163//6203
f 5163//6204 5162//6204 5164//6204
f 5163//6205 5164//6205 5165//6205
f 5165//6206 5164//6206 5166//6206
f 5165//6207 5166//6207 5167//6207
f 5167//6208 5166//6208 5168//6208
f 5167//6209 5168//6209 5169//6209
f 5169//6210 5168//6210 5170//6210
f 5169//6211 5170//6211 5171//6211
f 5171//6212 5170//6212 5172//6212
f 5171//6213 5172//6213 5173//6213
f 5173//6214 5172//6214 5174//6214
f 5173//6215 5174//6215 5175//6215
f 5077//6216 5076//6216 5130//6216
f 5130//6217 5076//6217 5176//6217
f 5130//6218 5176//6218 5132//6218
f 5132//6218 5176//6218 5177//6218
f 5132//6219 5177//6219 5135//6219
f 5135//6220 5177//6220 5178//6220
f 5135//6221 5178//6221 5138//6221
f 5138//6222 5178//6222 5179//6222
f 5138//6223 5179//6223 5140//6223
f 5140//6224 5179//6224 5180//6224
f 5140//6225 5180//6225 5143//6225
f 5143//6226 5180//6226 5181//6226
f 5143//6227 5181//6227 5145//6227
f 5145//6228 5181//6228 5182//6228
f 5145//6229 5182//6229 5147//6229
f 5147//6230 5182//6230 5183//6230
f 5147//6231 5183//6231 5149//6231
f 5149//6232 5183//6232 5184//6232
f 5149//6233 5184//6233 5151//6233
f 5151//6234 5184//6234 5185//6234
f 5151//6235 5185//6235 5157//6235
f 5157//6236 5185//6236 5186//6236
f 5157//6237 5186//6237 5156//6237
f 5156//6238 5186//6238 5187//6238
f 5076//6239 5128//6239 5176//6239
f 5176//6172 5128//6172 5129//6172
f 5176//6240 5129//6240 5177//6240
f 5177//6241 5129//6241 5188//6241
f 5177//6242 5188//6242 5178//6242
f 5178//6243 5188//6243 5189//6243
f 5178//6244 5189//6244 5179//6244
f 5179//6245 5189//6245 5174//6245
f 5179//6246 5174//6246 5180//6246
f 5180//6247 5174//6247 5172//6247
f 5180//6248 5172//6248 5181//6248
f 5181//6249 5172//6249 5170//6249
f 5181//6250 5170//6250 5182//6250
f 5182//6251 5170//6251 5168//6251
f 5182//6252 5168//6252 5183//6252
f 5183//6253 5168//6253 5166//6253
f 5183//6254 5166//6254 5184//6254
f 5184//6255 5166//6255 5164//6255
f 5184//6256 5164//6256 5185//6256
f 5185//6257 5164//6257 5162//6257
f 5185//6258 5162//6258 5186//6258
f 5186//6259 5162//6259 5160//6259
f 5186//6260 5160//6260 5187//6260
f 5187//6261 5160//6261 5159//6261
f 5175//6262 5174//6262 5190//6262
f 5190//6263 5174//6263 5189//6263
f 5190//6264 5189//6264 5191//6264
f 5191//6265 5189//6265 5188//6265
f 5191//6266 5188//6266 5192//6266
f 5192//6267 5188//6267 5129//6267
f 5192//6268 5129//6268 5193//6268
f 5193//6269 5129//6269 5064//6269
f 5193//6269 5064//6269 5063//6269
f 5194//6270 5195//6270 5196//6270
f 5159//6271 5197//6271 5198//6271
f 5199//6272 5200//6272 5201//6272
f 5201//6273 5200//6273 5202//6273
f 5201//6274 5202//6274 5203//6274
f 5203//6275 5202//6275 5204//6275
f 5203//6276 5204//6276 5205//6276
f 5205//6277 5204//6277 5206//6277
f 5205//6278 5206//6278 5207//6278
f 5207//6279 5206//6279 5208//6279
f 5209//6280 5210//6280 5208//6280
f 5211//6281 5199//6281 5212//6281
f 5212//6282 5199//6282 5201//6282
f 5212//6283 5201//6283 5213//6283
f 5213//6284 5201//6284 5203//6284
f 5213//6285 5203//6285 5214//6285
f 5214//6286 5203//6286 5205//6286
f 5214//6287 5205//6287 5215//6287
f 5215//6288 5205//6288 5207//6288
f 5216//6289 5217//6289 5218//6289
f 5159//6290 5198//6290 5187//6290
f 5187//6291 5198//6291 5219//6291
f 5187//6292 5219//6292 5156//6292
f 5156//6293 5219//6293 5220//6293
f 5156//6294 5220//6294 5153//6294
f 5153//6295 5220//6295 5221//6295
f 5153//6296 5221//6296 5154//6296
f 5222//6297 5216//6297 5223//6297
f 5223//6298 5216//6298 5224//6298
f 5223//6299 5224//6299 5225//6299
f 5225//6300 5224//6300 5226//6300
f 5197//6301 5226//6301 5198//6301
f 5198//6302 5226//6302 5224//6302
f 5198//6303 5224//6303 5219//6303
f 5219//6304 5224//6304 5216//6304
f 5219//6305 5216//6305 5220//6305
f 5220//6306 5216//6306 5218//6306
f 5220//6307 5218//6307 5221//6307
f 5217//6308 5216//6308 5227//6308
f 5227//6309 5216//6309 5222//6309
f 5227//6310 5222//6310 5228//6310
f 5228//6311 5222//6311 5229//6311
f 5228//6312 5229//6312 5230//6312
f 5230//6313 5229//6313 5231//6313
f 5230//6314 5231//6314 5232//6314
f 5232//6315 5231//6315 5233//6315
f 5232//6316 5233//6316 5234//6316
f 5235//6317 5195//6317 5236//6317
f 5236//6318 5195//6318 5194//6318
f 5236//6319 5194//6319 5237//6319
f 5215//6320 5238//6320 5214//6320
f 5214//6321 5238//6321 5239//6321
f 5214//6322 5239//6322 5213//6322
f 5213//6323 5239//6323 5240//6323
f 5213//6324 5240//6324 5212//6324
f 5212//6325 5240//6325 5241//6325
f 5212//6326 5241//6326 5211//6326
f 5200//6327 5237//6327 5202//6327
f 5202//6328 5237//6328 5194//6328
f 5202//6329 5194//6329 5204//6329
f 5204//6330 5194//6330 5196//6330
f 5204//6331 5196//6331 5206//6331
f 5206//6332 5196//6332 5242//6332
f 5206//6333 5242//6333 5208//6333
f 5208//6334 5242//6334 5243//6334
f 5208//6335 5243//6335 5209//6335
f 5197//6336 5211//6336 5226//6336
f 5226//6337 5211//6337 5241//6337
f 5226//6338 5241//6338 5225//6338
f 5225//6339 5241//6339 5240//6339
f 5225//6340 5240//6340 5223//6340
f 5223//6341 5240//6341 5239//6341
f 5223//6342 5239//6342 5222//6342
f 5222//6343 5239//6343 5238//6343
f 5222//6344 5238//6344 5229//6344
f 5229//6345 5238//6345 5215//6345
f 5229//6346 5215//6346 5231//6346
f 5231//6347 5215//6347 5207//6347
f 5231//6348 5207//6348 5233//6348
f 5233//6349 5207//6349 5208//6349
f 5233//6350 5208//6350 5234//6350
f 5234//6351 5208//6351 5210//6351
f 5244//6352 5245//6352 5209//6352
f 5235//6353 5246//6353 5195//6353
f 5195//6354 5246//6354 5247//6354
f 5195//6355 5247//6355 5196//6355
f 5196//6356 5247//6356 5248//6356
f 5196//6357 5248//6357 5242//6357
f 5242//6358 5248//6358 5244//6358
f 5242//6359 5244//6359 5243//6359
f 5243//6360 5244//6360 5209//6360
f 5249//6361 5250//6361 5251//6361
f 5248//6362 5247//6362 5252//6362
f 5253//6363 5254//6363 5255//6363
f 5255//6364 5254//6364 5256//6364
f 5255//6365 5256//6365 5257//6365
f 5257//6366 5256//6366 5258//6366
f 5257//6367 5258//6367 5259//6367
f 5259//6368 5258//6368 5260//6368
f 5259//6369 5260//6369 5261//6369
f 5261//6370 5260//6370 5262//6370
f 5261//6371 5262//6371 5263//6371
f 5263//6372 5262//6372 5264//6372
f 5263//6373 5264//6373 5265//6373
f 5265//6374 5264//6374 5252//6374
f 5265//6375 5252//6375 5266//6375
f 5266//6376 5252//6376 5247//6376
f 5266//6377 5247//6377 5246//6377
f 5253//6378 5267//6378 5254//6378
f 5254//6379 5267//6379 5268//6379
f 5254//6380 5268//6380 5256//6380
f 5256//6381 5268//6381 5269//6381
f 5256//6382 5269//6382 5258//6382
f 5258//6383 5269//6383 5270//6383
f 5258//6384 5270//6384 5260//6384
f 5260//6385 5270//6385 5271//6385
f 5260//6386 5271//6386 5262//6386
f 5262//6387 5271//6387 5272//6387
f 5262//6388 5272//6388 5264//6388
f 5264//6389 5272//6389 5273//6389
f 5264//6390 5273//6390 5252//6390
f 5252//6391 5273//6391 5274//6391
f 5252//6392 5274//6392 5248//6392
f 5248//6393 5274//6393 5244//6393
f 5267//6394 5249//6394 5268//6394
f 5268//6395 5249//6395 5251//6395
f 5268//6396 5251//6396 5269//6396
f 5269//6397 5251//6397 5275//6397
f 5269//6398 5275//6398 5270//6398
f 5270//6399 5275//6399 5276//6399
f 5270//6400 5276//6400 5271//6400
f 5271//6401 5276//6401 5277//6401
f 5271//6402 5277//6402 5272//6402
f 5272//6403 5277//6403 5278//6403
f 5272//6404 5278//6404 5273//6404
f 5273//6405 5278//6405 5279//6405
f 5273//6406 5279//6406 5274//6406
f 5274//6407 5279//6407 5280//6407
f 5274//6408 5280//6408 5244//6408
f 5244//6409 5280//6409 5245//6409
f 5245//6410 5280//6410 5281//6410
f 5281//6411 5280//6411 5279//6411
f 5281//6412 5279//6412 5282//6412
f 5282//6413 5279//6413 5278//6413
f 5282//6414 5278//6414 5283//6414
f 5283//6415 5278//6415 5277//6415
f 5283//6416 5277//6416 5284//6416
f 5284//6417 5277//6417 5276//6417
f 5284//6418 5276//6418 5285//6418
f 5285//6419 5276//6419 5275//6419
f 5285//6420 5275//6420 5286//6420
f 5286//6421 5275//6421 5251//6421
f 5286//6422 5251//6422 5287//6422
f 5287//6423 5251//6423 5250//6423
f 5287//6424 5250//6424 5288//6424
f 5288//6425 5250//6425 5289//6425
f 5288//6426 5289//6426 5290//6426
f 5290//6427 5289//6427 5291//6427
f 5290//6428 5291//6428 5292//6428
f 5292//6429 5291//6429 5293//6429
f 5293//6430 5291//6430 5294//6430
f 5293//6431 5294//6431 5295//6431
f 5295//6432 5294//6432 5296//6432
f 5295//6433 5296//6433 5297//6433
f 5297//6434 5296//6434 5298//6434
f 5297//6435 5298//6435 5299//6435
f 5299//6436 5298//6436 5300//6436
f 5300//6437 5298//6437 5301//6437
f 5300//6438 5301//6438 5302//6438
f 5302//6439 5301//6439 5303//6439
f 5302//6440 5303//6440 5304//6440
f 5304//6441 5303//6441 5305//6441
f 5304//6442 5305//6442 5306//6442
f 5306//6443 5305//6443 5307//6443
f 5306//6444 5307//6444 5308//6444
f 5308//6445 5307//6445 5309//6445
f 5308//6446 5309//6446 5310//6446
f 5267//6447 5253//6447 5311//6447
f 5312//6448 5313//6448 5314//6448
f 5314//6449 5313//6449 5315//6449
f 5267//6450 5311//6450 5316//6450
f 5316//6451 5311//6451 5317//6451
f 5316//6452 5317//6452 5312//6452
f 5312//6453 5317//6453 5318//6453
f 5312//6454 5318//6454 5313//6454
f 5319//6455 5320//6455 5321//6455
f 5321//6456 5320//6456 5322//6456
f 5321//6457 5322//6457 5323//6457
f 5323//6458 5322//6458 5324//6458
f 5323//6459 5324//6459 5325//6459
f 5325//6460 5324//6460 5326//6460
f 5327//6461 5326//6461 5328//6461
f 5328//6462 5326//6462 5324//6462
f 5328//6463 5324//6463 5329//6463
f 5329//6464 5324//6464 5322//6464
f 5329//6465 5322//6465 5330//6465
f 5330//6466 5322//6466 5320//6466
f 5249//6467 5267//6467 5331//6467
f 5331//6468 5267//6468 5316//6468
f 5331//6469 5316//6469 5319//6469
f 5319//6470 5316//6470 5312//6470
f 5319//6471 5312//6471 5320//6471
f 5320//6472 5312//6472 5314//6472
f 5320//6473 5314//6473 5330//6473
f 5330//6474 5314//6474 5315//6474
f 5330//6475 5315//6475 5332//6475
f 5333//6476 5334//6476 5335//6476
f 5335//6477 5334//6477 5336//6477
f 5335//6478 5336//6478 5337//6478
f 5337//6479 5336//6479 5338//6479
f 5337//6480 5338//6480 5327//6480
f 5327//6481 5338//6481 5339//6481
f 5327//6482 5339//6482 5326//6482
f 5326//6483 5339//6483 5340//6483
f 5326//6484 5340//6484 5325//6484
f 5014//6485 5334//6485 5016//6485
f 5016//6486 5334//6486 5333//6486
f 5016//6487 5333//6487 5011//6487
f 5011//6488 5333//6488 5341//6488
f 5011//6489 5341//6489 5009//6489
f 5332//6490 5342//6490 5330//6490
f 5330//6491 5342//6491 5343//6491
f 5330//6492 5343//6492 5329//6492
f 5329//6493 5343//6493 5344//6493
f 5329//6494 5344//6494 5328//6494
f 5328//6495 5344//6495 5345//6495
f 5328//6496 5345//6496 5327//6496
f 5327//6497 5345//6497 5346//6497
f 5327//6498 5346//6498 5337//6498
f 5337//6499 5346//6499 5347//6499
f 5337//6500 5347//6500 5335//6500
f 5335//6501 5347//6501 5348//6501
f 5335//6502 5348//6502 5333//6502
f 5333//6503 5348//6503 5349//6503
f 5333//6504 5349//6504 5341//6504
f 5017//6505 5310//6505 5018//6505
f 5018//6506 5310//6506 5309//6506
f 5018//6507 5309//6507 5013//6507
f 5014//6508 5013//6508 5334//6508
f 5334//6509 5013//6509 5309//6509
f 5334//6510 5309//6510 5336//6510
f 5336//6510 5309//6510 5307//6510
f 5336//6511 5307//6511 5338//6511
f 5338//6512 5307//6512 5305//6512
f 5338//6513 5305//6513 5339//6513
f 5339//6514 5305//6514 5303//6514
f 5339//6515 5303//6515 5340//6515
f 5340//6516 5303//6516 5301//6516
f 5340//6517 5301//6517 5325//6517
f 5325//6518 5301//6518 5298//6518
f 5325//6519 5298//6519 5323//6519
f 5323//6520 5298//6520 5296//6520
f 5323//6521 5296//6521 5321//6521
f 5321//6522 5296//6522 5294//6522
f 5321//6523 5294//6523 5319//6523
f 5319//6524 5294//6524 5291//6524
f 5319//6525 5291//6525 5331//6525
f 5331//6526 5291//6526 5289//6526
f 5331//6527 5289//6527 5249//6527
f 5249//6528 5289//6528 5250//6528
f 5350//6529 4679//6529 4674//6529
f 5351//6530 4373//6530 4372//6530
f 5352//6531 4077//6531 4076//6531
f 5353//6532 3930//6532 3929//6532
f 3918//6533 4020//6533 4034//6533
f 5354//6534 5355//6534 5356//6534
f 4153//6535 4154//6535 4043//6535
f 4950//6536 4835//6536 5159//6536
f 4833//6537 5211//6537 4835//6537
f 4835//6538 5211//6538 5197//6538
f 4835//6539 5197//6539 5159//6539
f 4810//6540 4680//6540 4833//6540
f 5211//6541 4643//6541 4607//6541
f 4386//6542 5211//6542 4489//6542
f 4489//6543 5211//6543 4607//6543
f 4489//6544 4607//6544 4502//6544
f 4502//6545 4607//6545 4606//6545
f 4502//6546 4606//6546 4501//6546
f 4226//6547 5211//6547 4224//6547
f 4224//6542 5211//6542 4386//6542
f 4224//6548 4386//6548 4346//6548
f 5211//6549 4042//6549 4007//6549
f 5357//6550 3784//6550 3788//6550
f 3788//6551 3784//6551 5211//6551
f 3788//6552 5211//6552 3786//6552
f 3786//6552 5211//6552 4007//6552
f 3786//6553 4007//6553 3910//6553
f 5311//6554 5253//6554 5358//6554
f 5358//6555 5253//6555 5255//6555
f 5358//6556 5255//6556 3785//6556
f 3785//6557 5255//6557 5257//6557
f 3785//6558 5257//6558 3784//6558
f 3788//6559 3829//6559 5357//6559
f 5357//6560 3829//6560 3831//6560
f 5357//6561 3831//6561 5359//6561
f 3831//6562 3833//6562 5359//6562
f 5359//6563 3833//6563 3834//6563
f 5359//6564 3834//6564 5360//6564
f 5360//6565 3834//6565 3847//6565
f 5360//6566 3847//6566 5361//6566
f 5361//6567 3847//6567 3849//6567
f 5361//6568 3849//6568 5362//6568
f 5362//6569 3849//6569 3850//6569
f 5363//6570 5364//6570 3852//6570
f 3852//6571 5364//6571 5365//6571
f 3852//6572 5365//6572 3850//6572
f 3850//6573 5365//6573 5366//6573
f 3850//6574 5366//6574 5362//6574
f 3852//6575 3854//6575 5363//6575
f 5363//6576 3854//6576 3856//6576
f 5363//6577 3856//6577 5367//6577
f 5367//6578 3856//6578 3858//6578
f 5367//6579 3858//6579 5368//6579
f 5368//6580 3858//6580 3860//6580
f 3862//6581 5369//6581 3860//6581
f 3860//6582 5369//6582 5370//6582
f 3860//6583 5370//6583 5368//6583
f 3879//6584 5354//6584 3880//6584
f 3880//6585 5354//6585 5356//6585
f 3880//6586 5356//6586 3868//6586
f 3868//6587 5356//6587 5371//6587
f 3868//6588 5371//6588 3866//6588
f 3866//6589 5371//6589 5372//6589
f 3866//6590 5372//6590 3864//6590
f 3864//6591 5372//6591 5373//6591
f 3864//6592 5373//6592 3862//6592
f 3862//6593 5373//6593 5374//6593
f 3862//6594 5374//6594 5369//6594
f 4007//6595 4006//6595 3910//6595
f 3910//6596 4006//6596 4008//6596
f 3910//6597 4008//6597 3911//6597
f 4008//6598 4009//6598 3911//6598
f 3911//6599 4009//6599 4010//6599
f 3911//6600 4010//6600 3914//6600
f 3914//6601 4010//6601 4011//6601
f 3914//6602 4011//6602 3913//6602
f 3913//6603 4011//6603 4025//6603
f 3913//6604 4025//6604 3912//6604
f 3912//6605 4025//6605 4024//6605
f 4020//6606 3918//6606 4021//6606
f 4021//6607 3918//6607 3917//6607
f 4021//6608 3917//6608 4022//6608
f 4022//6609 3917//6609 3916//6609
f 4022//6610 3916//6610 4023//6610
f 4023//6611 3916//6611 3915//6611
f 4023//6612 3915//6612 4024//6612
f 4024//6613 3915//6613 3909//6613
f 4024//6614 3909//6614 3912//6614
f 4035//6615 3920//6615 4034//6615
f 4034//6616 3920//6616 3919//6616
f 4034//6617 3919//6617 3918//6617
f 4040//6584 5353//6584 4041//6584
f 4041//6618 5353//6618 3929//6618
f 4041//6619 3929//6619 4038//6619
f 4038//6620 3929//6620 3928//6620
f 4038//6621 3928//6621 4037//6621
f 4037//6622 3928//6622 3927//6622
f 4037//6623 3927//6623 4036//6623
f 4036//6624 3927//6624 3932//6624
f 4036//6625 3932//6625 4035//6625
f 4035//6626 3932//6626 3933//6626
f 4035//6627 3933//6627 3920//6627
f 4043//6628 4154//6628 4049//6628
f 4049//6629 4154//6629 4155//6629
f 4049//6630 4155//6630 4050//6630
f 4050//6631 4155//6631 4051//6631
f 4051//6632 4155//6632 4156//6632
f 4051//6633 4156//6633 4052//6633
f 4156//6634 4157//6634 4052//6634
f 4052//6635 4157//6635 4158//6635
f 4052//6636 4158//6636 4053//6636
f 4053//6637 4158//6637 4159//6637
f 4053//6638 4159//6638 4054//6638
f 4054//6639 4159//6639 4160//6639
f 4054//6640 4160//6640 4055//6640
f 4055//6641 4160//6641 4161//6641
f 4055//6642 4161//6642 4060//6642
f 4060//6643 4161//6643 4185//6643
f 4060//6644 4185//6644 4061//6644
f 4061//6645 4185//6645 4184//6645
f 4061//6646 4184//6646 4062//6646
f 4062//6647 4184//6647 4183//6647
f 4062//6648 4183//6648 4071//6648
f 4071//6649 4183//6649 4072//6649
f 4187//6650 5352//6650 4186//6650
f 4186//6651 5352//6651 4076//6651
f 4186//6652 4076//6652 4179//6652
f 4179//6653 4076//6653 4075//6653
f 4179//6654 4075//6654 4178//6654
f 4178//6655 4075//6655 4074//6655
f 4178//6656 4074//6656 4180//6656
f 4180//6657 4074//6657 4073//6657
f 4180//6658 4073//6658 4181//6658
f 4181//6659 4073//6659 4072//6659
f 4181//6660 4072//6660 4182//6660
f 4182//6661 4072//6661 4183//6661
f 4043//6662 4042//6662 4153//6662
f 4153//6549 4042//6549 5211//6549
f 4153//6663 5211//6663 4188//6663
f 4188//6664 5211//6664 4226//6664
f 4188//6665 4226//6665 4189//6665
f 4189//6666 4226//6666 4276//6666
f 4189//6667 4276//6667 4190//6667
f 4190//6668 4276//6668 4273//6668
f 4190//6669 4273//6669 4191//6669
f 4191//6670 4273//6670 4192//6670
f 4192//6671 4273//6671 4267//6671
f 4192//6672 4267//6672 4193//6672
f 4267//6673 4269//6673 4193//6673
f 4193//6674 4269//6674 4293//6674
f 4193//6675 4293//6675 4194//6675
f 4194//6676 4293//6676 4292//6676
f 4194//6677 4292//6677 4195//6677
f 4195//6678 4292//6678 4290//6678
f 4195//6679 4290//6679 4196//6679
f 4196//6680 4290//6680 4288//6680
f 4196//6681 4288//6681 4209//6681
f 4209//6682 4288//6682 4286//6682
f 4209//6683 4286//6683 4210//6683
f 4210//6684 4286//6684 4285//6684
f 4210//6685 4285//6685 4211//6685
f 4211//6686 4285//6686 4280//6686
f 4211//6687 4280//6687 4212//6687
f 4212//6688 4280//6688 4213//6688
f 4280//6689 4282//6689 4213//6689
f 4213//6690 4282//6690 4284//6690
f 4213//6691 4284//6691 4214//6691
f 4214//6692 4284//6692 4300//6692
f 4214//6693 4300//6693 4215//6693
f 4215//6694 4300//6694 4302//6694
f 4215//6695 4302//6695 4216//6695
f 4216//6696 4302//6696 4304//6696
f 4216//6697 4304//6697 4217//6697
f 4217//6698 4304//6698 4320//6698
f 4320//6699 4321//6699 4217//6699
f 4217//6531 4321//6531 5375//6531
f 4217//6531 5375//6531 4223//6531
f 4386//6700 4388//6700 4346//6700
f 4346//6701 4388//6701 4390//6701
f 4346//6702 4390//6702 4340//6702
f 4340//6703 4390//6703 4341//6703
f 4341//6704 4390//6704 4392//6704
f 4341//6705 4392//6705 4342//6705
f 4342//6706 4392//6706 4394//6706
f 4342//6707 4394//6707 4343//6707
f 4343//6708 4394//6708 4396//6708
f 4343//6709 4396//6709 4354//6709
f 4396//6710 4398//6710 4354//6710
f 4354//6711 4398//6711 4421//6711
f 4354//6712 4421//6712 4353//6712
f 4353//6713 4421//6713 4420//6713
f 4353//6714 4420//6714 4352//6714
f 4352//6715 4420//6715 4418//6715
f 4352//6716 4418//6716 4351//6716
f 4351//6717 4418//6717 4416//6717
f 4351//6718 4416//6718 4350//6718
f 4350//6719 4416//6719 4414//6719
f 4447//6720 5351//6720 4446//6720
f 4446//6721 5351//6721 4372//6721
f 4446//6722 4372//6722 4443//6722
f 4443//6723 4372//6723 4367//6723
f 4443//6724 4367//6724 4442//6724
f 4442//6725 4367//6725 4371//6725
f 4442//6726 4371//6726 4409//6726
f 4409//6727 4371//6727 4370//6727
f 4409//6728 4370//6728 4410//6728
f 4410//6729 4370//6729 4369//6729
f 4410//6730 4369//6730 4412//6730
f 4412//6731 4369//6731 4368//6731
f 4412//6732 4368//6732 4414//6732
f 4414//6733 4368//6733 4349//6733
f 4414//6734 4349//6734 4350//6734
f 4501//6735 4606//6735 4500//6735
f 4500//6736 4606//6736 4608//6736
f 4500//6737 4608//6737 4499//6737
f 4499//6738 4608//6738 4609//6738
f 4499//6739 4609//6739 4521//6739
f 4521//6740 4609//6740 4610//6740
f 4521//6741 4610//6741 4520//6741
f 4520//6742 4610//6742 4611//6742
f 4520//6743 4611//6743 4508//6743
f 4611//6744 4612//6744 4508//6744
f 4508//6745 4612//6745 4613//6745
f 4508//6746 4613//6746 4509//6746
f 4509//6747 4613//6747 4614//6747
f 4509//6748 4614//6748 4510//6748
f 4510//6749 4614//6749 4615//6749
f 4513//6750 4492//6750 4617//6750
f 4617//6751 4492//6751 4491//6751
f 4617//6752 4491//6752 4616//6752
f 4616//6753 4491//6753 4512//6753
f 4616//6754 4512//6754 4615//6754
f 4615//6755 4512//6755 4511//6755
f 4615//6756 4511//6756 4510//6756
f 4617//6757 4628//6757 4513//6757
f 4513//6758 4628//6758 4631//6758
f 4513//6759 4631//6759 4514//6759
f 4514//6760 4631//6760 4630//6760
f 4514//6761 4630//6761 4517//6761
f 4517//6762 4630//6762 4629//6762
f 4517//6763 4629//6763 4518//6763
f 4518//6764 4629//6764 4637//6764
f 4518//6765 4637//6765 4519//6765
f 4519//6766 4637//6766 4641//6766
f 4641//6767 4642//6767 4519//6767
f 4519//6529 4642//6529 5376//6529
f 4519//6529 5376//6529 4525//6529
f 4833//6768 4680//6768 5211//6768
f 5211//6768 4680//6768 4682//6768
f 5211//6769 4682//6769 4643//6769
f 4643//6770 4682//6770 4729//6770
f 4643//6771 4729//6771 4669//6771
f 4669//6772 4729//6772 4731//6772
f 4669//6773 4731//6773 4668//6773
f 4668//6774 4731//6774 4738//6774
f 4668//6775 4738//6775 4667//6775
f 4667//6776 4738//6776 4740//6776
f 4667//6777 4740//6777 4666//6777
f 4666//6778 4740//6778 4665//6778
f 4665//6779 4740//6779 4742//6779
f 4665//6780 4742//6780 4664//6780
f 4664//6781 4742//6781 4745//6781
f 4664//6782 4745//6782 4663//6782
f 4663//6783 4745//6783 4728//6783
f 4663//6784 4728//6784 4659//6784
f 4659//6785 4728//6785 4732//6785
f 4659//6786 4732//6786 4660//6786
f 4660//6787 4732//6787 4734//6787
f 4660//6788 4734//6788 4661//6788
f 4734//6789 4753//6789 4661//6789
f 4661//6790 4753//6790 4755//6790
f 4661//6791 4755//6791 4657//6791
f 4657//6792 4755//6792 4757//6792
f 4657//6793 4757//6793 4658//6793
f 4658//6794 4757//6794 4759//6794
f 4768//6795 5350//6795 4770//6795
f 4770//6796 5350//6796 4674//6796
f 4770//6797 4674//6797 4772//6797
f 4772//6798 4674//6798 4673//6798
f 4772//6799 4673//6799 4774//6799
f 4774//6800 4673//6800 4672//6800
f 4774//6801 4672//6801 4776//6801
f 4776//6802 4672//6802 4671//6802
f 4776//6803 4671//6803 4777//6803
f 4777//6804 4671//6804 4670//6804
f 4777//6805 4670//6805 4759//6805
f 4759//6806 4670//6806 4662//6806
f 4759//6807 4662//6807 4658//6807
f 4833//6808 4879//6808 4810//6808
f 4810//6809 4879//6809 4890//6809
f 4810//6810 4890//6810 4809//6810
f 4809//6811 4890//6811 4808//6811
f 4808//6812 4890//6812 4892//6812
f 4808//6813 4892//6813 4807//6813
f 4807//6814 4892//6814 4895//6814
f 4807//6815 4895//6815 4806//6815
f 4806//6816 4895//6816 4896//6816
f 4806//6817 4896//6817 4805//6817
f 4896//6818 4880//6818 4805//6818
f 4805//6819 4880//6819 4882//6819
f 4805//6820 4882//6820 4804//6820
f 4804//6821 4882//6821 4884//6821
f 4804//6822 4884//6822 4803//6822
f 4803//6823 4884//6823 4907//6823
f 4803//6824 4907//6824 4802//6824
f 4802//6825 4907//6825 4909//6825
f 4802//6826 4909//6826 4801//6826
f 4801//6827 4909//6827 4911//6827
f 4930//6828 4831//6828 4923//6828
f 4923//6829 4831//6829 4827//6829
f 4923//6830 4827//6830 4921//6830
f 4921//6831 4827//6831 4826//6831
f 4921//6832 4826//6832 4919//6832
f 4919//6833 4826//6833 4825//6833
f 4919//6834 4825//6834 4915//6834
f 4915//6835 4825//6835 4824//6835
f 4915//6836 4824//6836 4913//6836
f 4913//6837 4824//6837 4823//6837
f 4913//6838 4823//6838 4911//6838
f 4911//6839 4823//6839 4817//6839
f 4911//6840 4817//6840 4801//6840
f 4930//6841 4931//6841 4831//6841
f 4831//6842 4931//6842 5377//6842
f 4831//6842 5377//6842 4830//6842
f 5159//6843 5161//6843 4950//6843
f 4950//6844 5161//6844 5163//6844
f 4950//6845 5163//6845 4951//6845
f 4951//6846 5163//6846 4952//6846
f 4952//6847 5163//6847 5165//6847
f 4952//6848 5165//6848 4953//6848
f 4953//6849 5165//6849 5167//6849
f 4953//6850 5167//6850 4954//6850
f 4954//6851 5167//6851 4955//6851
f 4955//6852 5167//6852 5169//6852
f 4955//6853 5169//6853 4964//6853
f 5191//6854 4975//6854 5190//6854
f 5190//6855 4975//6855 4974//6855
f 5190//6856 4974//6856 5175//6856
f 5175//6857 4974//6857 4968//6857
f 5175//6858 4968//6858 5173//6858
f 5173//6859 4968//6859 4967//6859
f 5173//6860 4967//6860 5171//6860
f 5171//6861 4967//6861 4966//6861
f 5171//6862 4966//6862 5169//6862
f 5169//6863 4966//6863 4965//6863
f 5169//6864 4965//6864 4964//6864
f 5193//6865 4978//6865 5192//6865
f 5192//6866 4978//6866 4977//6866
f 5192//6867 4977//6867 5191//6867
f 5191//6868 4977//6868 4976//6868
f 5191//6869 4976//6869 4975//6869
f 5193//6870 5063//6870 4978//6870
f 4978//6871 5063//6871 5378//6871
f 4978//6872 5378//6872 4979//6872
f 4979//6873 5378//6873 4980//6873
f 5379//6874 5257//6874 5259//6874
f 5259//6875 5261//6875 5379//6875
f 5379//6876 5261//6876 5263//6876
f 5379//6877 5263//6877 5265//6877
f 5265//6878 5266//6878 5379//6878
f 5379//6879 5266//6879 5246//6879
f 5379//6880 5246//6880 5235//6880
f 5199//6881 5211//6881 5380//6881
f 5236//6882 5237//6882 5380//6882
f 5380//6883 5237//6883 5200//6883
f 5380//6884 5200//6884 5199//6884
f 3784//6885 5257//6885 5211//6885
f 5211//6886 5257//6886 5379//6886
f 5211//6887 5379//6887 5380//6887
f 5380//6888 5379//6888 5235//6888
f 5380//6889 5235//6889 5236//6889
f 5311//6890 5358//6890 5317//6890
f 5317//6891 5358//6891 5381//6891
f 5317//6892 5381//6892 5318//6892
f 5318//6893 5381//6893 5382//6893
f 5318//6894 5382//6894 5313//6894
f 5313//6895 5382//6895 5383//6895
f 5313//6896 5383//6896 5315//6896
f 5383//6897 5384//6897 5315//6897
f 5315//6898 5384//6898 5385//6898
f 5315//6899 5385//6899 5332//6899
f 5385//6900 5386//6900 5332//6900
f 5332//6901 5386//6901 5387//6901
f 5332//6902 5387//6902 5342//6902
f 5342//6903 5387//6903 5388//6903
f 5342//6904 5388//6904 5343//6904
f 5343//6905 5388//6905 5344//6905
f 5388//6906 5389//6906 5344//6906
f 5344//6907 5389//6907 5390//6907
f 5344//6908 5390//6908 5345//6908
f 5345//6909 5390//6909 5346//6909
f 5390//6910 5391//6910 5346//6910
f 5346//6911 5391//6911 5392//6911
f 5346//6912 5392//6912 5347//6912
f 5392//6913 5393//6913 5347//6913
f 5347//6914 5393//6914 5394//6914
f 5347//6915 5394//6915 5348//6915
f 5395//6916 5349//6916 5396//6916
f 5396//6917 5349//6917 5348//6917
f 5396//6918 5348//6918 5397//6918
f 5397//6919 5348//6919 5394//6919
f 5398//6920 5399//6920 5400//6920
f 5400//6920 5399//6920 5009//6920
f 5400//6921 5009//6921 5395//6921
f 5395//6922 5009//6922 5341//6922
f 5395//6923 5341//6923 5349//6923
f 5383//5377 5401//5377 5384//5377
f 5384//5377 5401//5377 5402//5377
f 3785//5384 3783//5384 5358//5384
f 5358//5377 3783//5377 5403//5377
f 5358//5378 5403//5378 5381//5378
f 5381//5378 5403//5378 5404//5378
f 5381//5377 5404//5377 5382//5377
f 5382//5377 5404//5377 5383//5377
f 5383//5381 5404//5381 5405//5381
f 5383//5378 5405//5378 5401//5378
f 5406//5377 5407//5377 5408//5377
f 5408//5377 5407//5377 5409//5377
f 5407//5378 5410//5378 5409//5378
f 5409//5503 5410//5503 5411//5503
f 5409//5377 5411//5377 5412//5377
f 5412//5377 5411//5377 5413//5377
f 5412//5377 5413//5377 5414//5377
f 5414//5378 5413//5378 5415//5378
f 5414//5378 5415//5378 5416//5378
f 5417//5381 5418//5381 5419//5381
f 5419//5378 5418//5378 5420//5378
f 5419//5377 5420//5377 5421//5377
f 5421//5377 5420//5377 5422//5377
f 5421//6924 5422//6924 5423//6924
f 5423//5379 5422//5379 5424//5379
f 5423//5377 5424//5377 5425//5377
f 5425//5377 5424//5377 5426//5377
f 5425//5377 5426//5377 5427//5377
f 5427//5377 5426//5377 5428//5377
f 5427//5384 5428//5384 5429//5384
f 5429//5384 5428//5384 5430//5384
f 5429//5378 5430//5378 5431//5378
f 5431//5377 5430//5377 5416//5377
f 5431//5928 5416//5928 5432//5928
f 5432//5377 5416//5377 5415//5377
f 5433//5377 5397//5377 5434//5377
f 5434//5377 5397//5377 5394//5377
f 5434//5384 5394//5384 5435//5384
f 5435//5380 5394//5380 5393//5380
f 5435//5378 5393//5378 5436//5378
f 5436//5380 5393//5380 5392//5380
f 5436//5377 5392//5377 5437//5377
f 5437//5502 5392//5502 5391//5502
f 5437//5378 5391//5378 5438//5378
f 5438//5377 5391//5377 5390//5377
f 5438//5377 5390//5377 5439//5377
f 5439//5377 5390//5377 5389//5377
f 5439//5503 5389//5503 5440//5503
f 5440//5377 5389//5377 5388//5377
f 5440//6925 5388//6925 5441//6925
f 5441//5377 5388//5377 5387//5377
f 5441//5377 5387//5377 5442//5377
f 5442//5384 5387//5384 5386//5384
f 5442//5377 5386//5377 5402//5377
f 5402//5377 5386//5377 5385//5377
f 5402//5377 5385//5377 5384//5377
f 5408//5377 5443//5377 5406//5377
f 5406//5381 5443//5381 5444//5381
f 5406//5377 5444//5377 5445//5377
f 5445//5377 5444//5377 5446//5377
f 5445//5377 5446//5377 5447//5377
f 5447//5377 5446//5377 5448//5377
f 5446//5378 5449//5378 5448//5378
f 5448//5377 5449//5377 5450//5377
f 5448//5377 5450//5377 5451//5377
f 5451//5378 5450//5378 5398//5378
f 5451//5378 5398//5378 5452//5378
f 5452//5377 5398//5377 5400//5377
f 5452//5377 5400//5377 5453//5377
f 5453//5377 5400//5377 5395//5377
f 5453//5377 5395//5377 5433//5377
f 5433//5378 5395//5378 5396//5378
f 5433//5378 5396//5378 5397//5378
f 5454//6926 5417//6926 5455//6926
f 5455//6927 5417//6927 5419//6927
f 5455//6928 5419//6928 5456//6928
f 5456//6929 5419//6929 5421//6929
f 5456//6930 5421//6930 5457//6930
f 5457//6931 5421//6931 5423//6931
f 5457//6932 5423//6932 5458//6932
f 5458//6933 5423//6933 5425//6933
f 5458//6934 5425//6934 5459//6934
f 5459//6935 5425//6935 5427//6935
f 5459//6936 5427//6936 5460//6936
f 5460//6937 5427//6937 5429//6937
f 5460//6938 5429//6938 5461//6938
f 5461//6939 5429//6939 5431//6939
f 5461//6940 5431//6940 5462//6940
f 5462//6941 5431//6941 5432//6941
f 5462//6942 5432//6942 5463//6942
f 5463//6943 5432//6943 5415//6943
f 5463//6944 5415//6944 5464//6944
f 5464//6945 5415//6945 5413//6945
f 5464//6946 5413//6946 5465//6946
f 5465//6947 5413//6947 5411//6947
f 5465//6948 5411//6948 5466//6948
f 5466//6949 5411//6949 5410//6949
f 5466//6950 5410//6950 5467//6950
f 5467//6951 5410//6951 5407//6951
f 5467//6952 5407//6952 5468//6952
f 5468//6953 5407//6953 5406//6953
f 5468//6954 5406//6954 5469//6954
f 5469//6955 5406//6955 5445//6955
f 5469//6956 5445//6956 5470//6956
f 5448//6957 5451//6957 5471//6957
f 5445//6958 5447//6958 5470//6958
f 5470//6959 5447//6959 5448//6959
f 5470//6960 5448//6960 5472//6960
f 5472//6961 5448//6961 5471//6961
f 5472//6957 5471//6957 5473//6957
f 5474//6962 5475//6962 5452//6962
f 5451//6963 5452//6963 5471//6963
f 5471//6964 5452//6964 5475//6964
f 5471//267 5475//267 5473//267
f 5476//6965 5477//6965 5433//6965
f 5433//6966 5477//6966 5474//6966
f 5433//6967 5474//6967 5453//6967
f 5453//6968 5474//6968 5452//6968
f 5433//6969 5434//6969 5476//6969
f 5476//6970 5434//6970 5435//6970
f 5476//6971 5435//6971 5478//6971
f 5478//6972 5435//6972 5436//6972
f 5478//6973 5436//6973 5479//6973
f 5479//6974 5436//6974 5437//6974
f 5479//6975 5437//6975 5480//6975
f 5480//6976 5437//6976 5438//6976
f 5440//6977 5441//6977 5481//6977
f 5481//6978 5441//6978 5482//6978
f 5440//6979 5481//6979 5439//6979
f 5439//6980 5481//6980 5483//6980
f 5439//6981 5483//6981 5438//6981
f 5438//6982 5483//6982 5484//6982
f 5438//6983 5484//6983 5480//6983
f 5482//6984 5441//6984 5485//6984
f 5485//6985 5441//6985 5442//6985
f 5485//6986 5442//6986 5486//6986
f 5486//6987 5442//6987 5402//6987
f 5486//6988 5402//6988 5487//6988
f 5487//6989 5402//6989 5401//6989
f 5487//6990 5401//6990 5488//6990
f 5401//6991 5405//6991 5488//6991
f 5488//6992 5405//6992 5404//6992
f 5488//6993 5404//6993 5489//6993
f 5489//6994 5404//6994 5403//6994
f 5489//6995 5403//6995 5490//6995
f 5490//6996 5403//6996 5491//6996
f 5491//6997 5403//6997 3783//6997
f 5491//6998 3783//6998 3782//6998
f 3782//5422 3784//5422 5491//5422
f 5491//5428 3784//5428 5357//5428
f 5491//5422 5357//5422 5490//5422
f 5490//5425 5357//5425 5359//5425
f 5490//5425 5359//5425 5489//5425
f 5489//5422 5359//5422 5488//5422
f 5492//5422 5454//5422 5493//5422
f 5493//5504 5454//5504 5455//5504
f 5493//5424 5455//5424 5494//5424
f 5455//5428 5456//5428 5494//5428
f 5494//5428 5456//5428 5457//5428
f 5494//5428 5457//5428 5495//5428
f 5495//5422 5457//5422 5458//5422
f 5495//5427 5458//5427 5496//5427
f 5496//5658 5458//5658 5459//5658
f 5496//5422 5459//5422 5497//5422
f 5497//5422 5459//5422 5460//5422
f 5497//5422 5460//5422 5498//5422
f 5460//5425 5461//5425 5498//5425
f 5498//5426 5461//5426 5462//5426
f 5498//6999 5462//6999 5499//6999
f 5499//5426 5462//5426 5463//5426
f 5499//5422 5463//5422 5500//5422
f 5500//5428 5463//5428 5501//5428
f 5501//5422 5463//5422 5502//5422
f 5502//5425 5463//5425 5464//5425
f 5502//5426 5464//5426 5503//5426
f 5485//5422 5486//5422 5362//5422
f 5362//5422 5486//5422 5487//5422
f 5362//5422 5487//5422 5361//5422
f 5361//5426 5487//5426 5488//5426
f 5361//5426 5488//5426 5360//5426
f 5360//5422 5488//5422 5359//5422
f 5464//5426 5465//5426 5503//5426
f 5503//5732 5465//5732 5466//5732
f 5503//5422 5466//5422 5504//5422
f 5504//5422 5466//5422 5467//5422
f 5468//5422 5505//5422 5467//5422
f 5467//5426 5505//5426 5506//5426
f 5467//5422 5506//5422 5504//5422
f 5368//5422 5370//5422 5478//5422
f 5478//5426 5370//5426 5369//5426
f 5478//5426 5369//5426 5476//5426
f 5478//5422 5479//5422 5368//5422
f 5368//5422 5479//5422 5480//5422
f 5368//5425 5480//5425 5367//5425
f 5480//5425 5484//5425 5367//5425
f 5367//5426 5484//5426 5483//5426
f 5367//5426 5483//5426 5363//5426
f 5363//5422 5483//5422 5481//5422
f 5363//5422 5481//5422 5364//5422
f 5364//5731 5481//5731 5482//5731
f 5364//5425 5482//5425 5365//5425
f 5365//5422 5482//5422 5485//5422
f 5365//5427 5485//5427 5366//5427
f 5366//5422 5485//5422 5362//5422
f 5369//5422 5374//5422 5476//5422
f 5476//5422 5374//5422 5373//5422
f 5476//5422 5373//5422 5477//5422
f 5477//5422 5373//5422 5372//5422
f 5477//5422 5372//5422 5474//5422
f 5474//5426 5372//5426 5371//5426
f 5474//5426 5371//5426 5475//5426
f 5475//5422 5371//5422 5356//5422
f 5475//5422 5356//5422 5473//5422
f 5473//5422 5356//5422 5355//5422
f 5473//5422 5355//5422 5472//5422
f 5472//5425 5355//5425 5507//5425
f 5472//5422 5507//5422 5470//5422
f 5470//5422 5507//5422 5508//5422
f 5470//5422 5508//5422 5469//5422
f 5469//5426 5508//5426 5509//5426
f 5469//5426 5509//5426 5468//5426
f 5468//5424 5509//5424 5510//5424
f 5468//5422 5510//5422 5505//5422
f 5418//5343 5417//5343 5492//5343
f 5492//5343 5417//5343 5454//5343
f 3843//7000 5501//7000 5502//7000
f 4030//7001 3908//7001 3921//7001
f 4151//7002 4152//7002 4059//7002
f 4310//7003 4309//7003 4202//7003
f 4746//7004 4653//7004 4654//7004
f 5511//7005 5512//7005 5513//7005
f 5514//7006 5515//7006 5418//7006
f 5418//7007 5515//7007 5420//7007
f 4265//7008 4266//7008 5516//7008
f 3934//7009 3936//7009 5516//7009
f 4012//7010 3934//7010 3792//7010
f 3792//7011 3934//7011 5516//7011
f 3792//7012 5516//7012 3790//7012
f 3790//7013 5516//7013 5492//7013
f 3790//7014 5492//7014 3835//7014
f 3835//7015 5492//7015 5493//7015
f 3835//7016 5493//7016 5494//7016
f 4150//7017 4197//7017 4272//7017
f 4272//7018 4265//7018 4150//7018
f 4150//7019 4265//7019 5516//7019
f 4150//7020 5516//7020 4149//7020
f 4149//7021 5516//7021 3936//7021
f 4149//7022 3936//7022 4163//7022
f 4163//7023 3936//7023 4044//7023
f 4604//7024 4605//7024 5516//7024
f 4687//7025 5516//7025 4686//7025
f 4686//7026 5516//7026 4605//7026
f 4686//7027 4605//7027 4725//7027
f 4725//7028 4605//7028 4646//7028
f 4725//7029 4646//7029 4647//7029
f 5113//7030 5114//7030 4877//7030
f 4877//7031 5114//7031 5517//7031
f 5515//7032 4991//7032 5420//7032
f 5420//7033 4991//7033 4990//7033
f 5420//7034 4990//7034 5422//7034
f 5422//7035 4990//7035 4989//7035
f 5422//7036 4989//7036 5424//7036
f 5424//7037 4989//7037 4988//7037
f 5424//7038 4988//7038 5426//7038
f 5426//7039 4988//7039 4987//7039
f 5426//7040 4987//7040 5428//7040
f 5428//7041 4987//7041 4995//7041
f 5428//7042 4995//7042 5430//7042
f 5430//7043 4995//7043 4993//7043
f 5430//7044 4993//7044 5416//7044
f 5416//7045 4993//7045 4992//7045
f 5416//7046 4992//7046 5414//7046
f 5414//7047 4992//7047 5412//7047
f 4992//7048 4998//7048 5412//7048
f 5412//7049 4998//7049 5000//7049
f 5412//7050 5000//7050 5409//7050
f 5409//7051 5000//7051 5002//7051
f 5409//7052 5002//7052 5408//7052
f 5408//7053 5002//7053 5004//7053
f 5408//7054 5004//7054 5443//7054
f 5443//7055 5004//7055 5006//7055
f 5443//7056 5006//7056 5444//7056
f 5444//7057 5006//7057 5008//7057
f 5444//7058 5008//7058 5446//7058
f 5399//7059 5398//7059 5450//7059
f 5446//7060 5008//7060 5449//7060
f 5449//7061 5008//7061 5010//7061
f 5449//7062 5010//7062 5450//7062
f 5450//7063 5010//7063 5009//7063
f 5450//7059 5009//7059 5399//7059
f 5518//7064 5519//7064 5520//7064
f 5520//7065 5516//7065 5521//7065
f 5521//7066 5522//7066 5520//7066
f 5520//7067 5522//7067 5523//7067
f 5520//7068 5523//7068 5518//7068
f 5418//7069 5492//7069 5514//7069
f 5514//7070 5492//7070 5516//7070
f 5514//7071 5516//7071 5513//7071
f 5513//7072 5516//7072 5520//7072
f 5512//7073 5524//7073 5513//7073
f 5513//7074 5524//7074 5525//7074
f 5513//7075 5525//7075 5514//7075
f 5519//7076 5526//7076 5520//7076
f 5520//7077 5526//7077 5527//7077
f 5520//7078 5527//7078 5513//7078
f 5513//7079 5527//7079 5528//7079
f 5513//7080 5528//7080 5511//7080
f 4877//7081 4948//7081 5113//7081
f 5113//7082 4948//7082 4949//7082
f 5113//7083 4949//7083 5112//7083
f 4949//7084 4956//7084 5112//7084
f 5112//7085 4956//7085 4957//7085
f 5112//7086 4957//7086 5110//7086
f 4957//7087 4958//7087 5110//7087
f 5110//7088 4958//7088 4959//7088
f 5110//7089 4959//7089 5108//7089
f 4959//7090 4960//7090 5108//7090
f 5108//7091 4960//7091 4961//7091
f 5108//7092 4961//7092 5106//7092
f 5106//7093 4961//7093 4962//7093
f 5106//7094 4962//7094 5104//7094
f 4962//7095 4963//7095 5104//7095
f 5104//7096 4963//7096 4969//7096
f 5104//7097 4969//7097 5102//7097
f 5102//7098 4969//7098 5100//7098
f 4969//7099 4970//7099 5100//7099
f 5100//7100 4970//7100 4971//7100
f 5100//7101 4971//7101 5098//7101
f 4971//7102 4972//7102 5098//7102
f 5098//7103 4972//7103 4973//7103
f 5098//7104 4973//7104 5096//7104
f 5378//7105 5063//7105 5062//7105
f 5378//7105 5062//7105 4980//7105
f 4973//7106 4983//7106 5096//7106
f 5096//7107 4983//7107 4982//7107
f 5096//7108 4982//7108 5062//7108
f 5062//7109 4982//7109 4981//7109
f 5062//7110 4981//7110 4980//7110
f 5517//7111 5529//7111 4877//7111
f 4877//7112 5529//7112 5516//7112
f 4877//7113 5516//7113 4876//7113
f 4876//7114 5516//7114 4687//7114
f 4876//7115 4687//7115 4878//7115
f 4878//7116 4687//7116 4796//7116
f 4878//7117 4796//7117 4885//7117
f 4885//7118 4796//7118 4797//7118
f 4902//7119 4901//7119 4799//7119
f 4799//7120 4901//7120 4900//7120
f 4799//7121 4900//7121 4798//7121
f 4798//7122 4900//7122 4887//7122
f 4798//7123 4887//7123 4797//7123
f 4797//7124 4887//7124 4886//7124
f 4797//7125 4886//7125 4885//7125
f 4906//7126 4812//7126 4927//7126
f 4927//7127 4812//7127 4818//7127
f 4927//7128 4818//7128 4819//7128
f 4799//7129 4800//7129 4902//7129
f 4902//7130 4800//7130 4816//7130
f 4902//7131 4816//7131 4903//7131
f 4903//7132 4816//7132 4815//7132
f 4903//7133 4815//7133 4904//7133
f 4904//7134 4815//7134 4814//7134
f 4904//7135 4814//7135 4905//7135
f 4905//7136 4814//7136 4813//7136
f 4905//7137 4813//7137 4906//7137
f 4906//7138 4813//7138 4811//7138
f 4906//7139 4811//7139 4812//7139
f 5377//7140 4931//7140 4916//7140
f 4830//7140 5377//7140 4829//7140
f 4829//7141 5377//7141 4916//7141
f 4829//7142 4916//7142 4828//7142
f 4828//7143 4916//7143 4917//7143
f 4828//7144 4917//7144 4822//7144
f 4822//7145 4917//7145 4918//7145
f 4822//7146 4918//7146 4821//7146
f 4821//7147 4918//7147 4924//7147
f 4821//7148 4924//7148 4820//7148
f 4820//7149 4924//7149 4925//7149
f 4820//7150 4925//7150 4819//7150
f 4819//7151 4925//7151 4926//7151
f 4819//7152 4926//7152 4927//7152
f 4653//7153 4746//7153 4652//7153
f 4652//7154 4746//7154 4752//7154
f 4652//7155 4752//7155 4651//7155
f 4651//7156 4752//7156 4751//7156
f 4651//7157 4751//7157 4645//7157
f 4645//7158 4751//7158 4750//7158
f 4645//7159 4750//7159 4644//7159
f 4644//7160 4750//7160 4749//7160
f 4644//7161 4749//7161 4648//7161
f 4648//7162 4749//7162 4748//7162
f 4648//7163 4748//7163 4649//7163
f 4649//7164 4748//7164 4737//7164
f 4649//7165 4737//7165 4650//7165
f 4650//7166 4737//7166 4736//7166
f 4650//7167 4736//7167 4647//7167
f 4647//7168 4736//7168 4735//7168
f 4647//7169 4735//7169 4725//7169
f 5350//7170 4768//7170 4767//7170
f 4679//7171 5350//7171 4678//7171
f 4678//7172 5350//7172 4767//7172
f 4678//7173 4767//7173 4677//7173
f 4677//7174 4767//7174 4766//7174
f 4677//7175 4766//7175 4676//7175
f 4676//7176 4766//7176 4765//7176
f 4676//7177 4765//7177 4675//7177
f 4675//7178 4765//7178 4764//7178
f 4675//7179 4764//7179 4656//7179
f 4656//7180 4764//7180 4763//7180
f 4656//7181 4763//7181 4655//7181
f 4655//7182 4763//7182 4762//7182
f 4655//7183 4762//7183 4654//7183
f 4654//7184 4762//7184 4747//7184
f 4654//7185 4747//7185 4746//7185
f 4618//7186 4448//7186 4619//7186
f 4619//7187 4448//7187 4490//7187
f 4619//7188 4490//7188 4620//7188
f 4620//7189 4490//7189 4621//7189
f 4490//7190 4493//7190 4621//7190
f 4621//7191 4493//7191 4494//7191
f 4621//7192 4494//7192 4622//7192
f 4622//7193 4494//7193 4495//7193
f 4622//7194 4495//7194 4623//7194
f 4623//7195 4495//7195 4496//7195
f 4623//7196 4496//7196 4624//7196
f 4624//7197 4496//7197 4497//7197
f 4624//7198 4497//7198 4625//7198
f 4625//7199 4497//7199 4498//7199
f 4625//7200 4498//7200 4626//7200
f 4626//7201 4498//7201 4503//7201
f 4626//7202 4503//7202 4627//7202
f 4627//7203 4503//7203 4504//7203
f 4627//7204 4504//7204 4632//7204
f 4504//7205 4507//7205 4632//7205
f 4632//7206 4507//7206 4506//7206
f 4632//7207 4506//7207 4633//7207
f 5376//7208 4642//7208 4640//7208
f 5376//7208 4640//7208 4525//7208
f 4633//7209 4506//7209 4634//7209
f 4634//7210 4506//7210 4505//7210
f 4634//7211 4505//7211 4635//7211
f 4635//7212 4505//7212 4515//7212
f 4635//7213 4515//7213 4636//7213
f 4636//7214 4515//7214 4516//7214
f 4636//7215 4516//7215 4638//7215
f 4638//7216 4516//7216 4522//7216
f 4638//7217 4522//7217 4639//7217
f 4639//7218 4522//7218 4523//7218
f 4639//7219 4523//7219 4640//7219
f 4640//7220 4523//7220 4524//7220
f 4640//7221 4524//7221 4525//7221
f 4618//7222 4604//7222 4448//7222
f 4448//7223 4604//7223 5516//7223
f 4448//7223 5516//7223 4380//7223
f 4380//7224 5516//7224 4266//7224
f 4380//7225 4266//7225 4378//7225
f 4378//7226 4266//7226 4339//7226
f 4378//7227 4339//7227 4377//7227
f 4377//7228 4339//7228 4347//7228
f 4402//7229 4401//7229 4345//7229
f 4345//7230 4401//7230 4384//7230
f 4345//7231 4384//7231 4348//7231
f 4348//7232 4384//7232 4382//7232
f 4348//7233 4382//7233 4347//7233
f 4347//7234 4382//7234 4381//7234
f 4347//7235 4381//7235 4377//7235
f 4437//7236 4360//7236 4435//7236
f 4435//7237 4360//7237 4361//7237
f 4435//7238 4361//7238 4362//7238
f 4345//7239 4344//7239 4402//7239
f 4402//7240 4344//7240 4355//7240
f 4402//7241 4355//7241 4404//7241
f 4404//7242 4355//7242 4356//7242
f 4404//7243 4356//7243 4406//7243
f 4406//7244 4356//7244 4357//7244
f 4406//7245 4357//7245 4408//7245
f 4408//7246 4357//7246 4358//7246
f 4408//7247 4358//7247 4437//7247
f 4437//7248 4358//7248 4359//7248
f 4437//7249 4359//7249 4360//7249
f 5351//7250 4447//7250 4427//7250
f 4373//7250 5351//7250 4374//7250
f 4374//7251 5351//7251 4427//7251
f 4374//7252 4427//7252 4366//7252
f 4366//7253 4427//7253 4425//7253
f 4366//7254 4425//7254 4365//7254
f 4365//7255 4425//7255 4423//7255
f 4365//7256 4423//7256 4364//7256
f 4364//7257 4423//7257 4422//7257
f 4364//7258 4422//7258 4363//7258
f 4363//7259 4422//7259 4431//7259
f 4363//7260 4431//7260 4362//7260
f 4362//7261 4431//7261 4433//7261
f 4362//7262 4433//7262 4435//7262
f 4202//7263 4309//7263 4201//7263
f 4201//7264 4309//7264 4308//7264
f 4201//7265 4308//7265 4200//7265
f 4200//7266 4308//7266 4307//7266
f 4200//7267 4307//7267 4199//7267
f 4199//7268 4307//7268 4306//7268
f 4199//7269 4306//7269 4198//7269
f 4198//7270 4306//7270 4305//7270
f 4198//7271 4305//7271 4197//7271
f 4197//7272 4305//7272 4271//7272
f 4197//7273 4271//7273 4272//7273
f 4202//7274 4203//7274 4310//7274
f 4310//7275 4203//7275 4204//7275
f 4310//7276 4204//7276 4311//7276
f 4311//7277 4204//7277 4205//7277
f 4311//7278 4205//7278 4312//7278
f 4312//7279 4205//7279 4313//7279
f 4205//7280 4206//7280 4313//7280
f 4313//7281 4206//7281 4207//7281
f 4313//7282 4207//7282 4314//7282
f 5375//7250 4321//7250 4294//7250
f 5375//7250 4294//7250 4223//7250
f 4314//7283 4207//7283 4299//7283
f 4299//7284 4207//7284 4208//7284
f 4299//7285 4208//7285 4295//7285
f 4295//7286 4208//7286 4218//7286
f 4295//7287 4218//7287 4315//7287
f 4315//7288 4218//7288 4219//7288
f 4315//7289 4219//7289 4316//7289
f 4316//7290 4219//7290 4220//7290
f 4316//7291 4220//7291 4317//7291
f 4317//7292 4220//7292 4221//7292
f 4317//7293 4221//7293 4294//7293
f 4294//7294 4221//7294 4222//7294
f 4294//7295 4222//7295 4223//7295
f 4059//7296 4152//7296 4048//7296
f 4048//7297 4152//7297 4164//7297
f 4048//7298 4164//7298 4047//7298
f 4047//7299 4164//7299 4165//7299
f 4047//7300 4165//7300 4046//7300
f 4046//7301 4165//7301 4166//7301
f 4046//7302 4166//7302 4045//7302
f 4045//7303 4166//7303 4167//7303
f 4045//7304 4167//7304 4044//7304
f 4044//7305 4167//7305 4162//7305
f 4044//7306 4162//7306 4163//7306
f 4059//7307 4058//7307 4151//7307
f 4151//7308 4058//7308 4057//7308
f 4151//7309 4057//7309 4172//7309
f 4172//7310 4057//7310 4056//7310
f 4172//7311 4056//7311 4173//7311
f 4173//7312 4056//7312 4174//7312
f 4056//7313 4070//7313 4174//7313
f 4174//7314 4070//7314 4069//7314
f 4174//7315 4069//7315 4175//7315
f 5352//7105 4187//7105 4177//7105
f 5352//7105 4177//7105 4077//7105
f 4175//7316 4069//7316 4169//7316
f 4169//7317 4069//7317 4068//7317
f 4169//7318 4068//7318 4168//7318
f 4168//7319 4068//7319 4067//7319
f 4168//7320 4067//7320 4170//7320
f 4170//7321 4067//7321 4066//7321
f 4170//7322 4066//7322 4171//7322
f 4171//7323 4066//7323 4065//7323
f 4171//7324 4065//7324 4176//7324
f 4176//7325 4065//7325 4064//7325
f 4176//7326 4064//7326 4177//7326
f 4177//7327 4064//7327 4063//7327
f 4177//7328 4063//7328 4077//7328
f 3792//7329 3904//7329 4012//7329
f 4012//7330 3904//7330 3903//7330
f 4012//7331 3903//7331 4013//7331
f 4013//7332 3903//7332 3902//7332
f 4013//7333 3902//7333 4014//7333
f 4014//7334 3902//7334 3901//7334
f 4014//7335 3901//7335 4015//7335
f 4015//7336 3901//7336 3900//7336
f 4015//7337 3900//7337 4016//7337
f 4016//7338 3900//7338 3899//7338
f 4016//7339 3899//7339 4026//7339
f 4026//7340 3899//7340 3898//7340
f 4026//7341 3898//7341 4027//7341
f 4027//7342 3898//7342 4028//7342
f 4028//7343 3898//7343 3905//7343
f 4028//7344 3905//7344 4029//7344
f 4029//7345 3905//7345 3906//7345
f 4029//7346 3906//7346 4030//7346
f 4030//7347 3906//7347 3907//7347
f 4030//7348 3907//7348 3908//7348
f 5353//7349 4040//7349 4039//7349
f 3930//7350 5353//7350 3931//7350
f 3931//7351 5353//7351 4039//7351
f 3931//7352 4039//7352 3923//7352
f 3923//7353 4039//7353 4033//7353
f 3923//7354 4033//7354 3926//7354
f 3926//7355 4033//7355 4032//7355
f 3926//7356 4032//7356 3925//7356
f 3925//7357 4032//7357 4031//7357
f 3925//7358 4031//7358 3924//7358
f 3924//7359 4031//7359 4019//7359
f 3924//7360 4019//7360 3922//7360
f 3922//7361 4019//7361 4018//7361
f 3922//7362 4018//7362 3921//7362
f 3921//7363 4018//7363 4017//7363
f 3921//7364 4017//7364 4030//7364
f 5495//7365 3837//7365 5494//7365
f 5494//7366 3837//7366 3836//7366
f 5494//7367 3836//7367 3835//7367
f 5501//7368 3843//7368 5500//7368
f 5500//7369 3843//7369 3842//7369
f 5500//7370 3842//7370 5499//7370
f 5499//7371 3842//7371 3841//7371
f 5499//7372 3841//7372 5498//7372
f 5498//7373 3841//7373 3828//7373
f 5498//7374 3828//7374 5497//7374
f 5497//7375 3828//7375 3840//7375
f 5497//7376 3840//7376 5496//7376
f 5496//7377 3840//7377 3839//7377
f 5496//7378 3839//7378 5495//7378
f 5495//7379 3839//7379 3838//7379
f 5495//7380 3838//7380 3837//7380
f 5354//7381 3879//7381 3878//7381
f 5355//5796 5354//5796 5507//5796
f 5507//7382 5354//7382 3878//7382
f 5507//7383 3878//7383 5508//7383
f 5508//7384 3878//7384 3877//7384
f 5508//7385 3877//7385 5509//7385
f 5509//7386 3877//7386 3876//7386
f 5509//7387 3876//7387 5510//7387
f 5510//7388 3876//7388 3875//7388
f 5510//7389 3875//7389 5505//7389
f 5505//7389 3875//7389 3874//7389
f 5505//7390 3874//7390 5506//7390
f 5506//7391 3874//7391 3873//7391
f 5506//7392 3873//7392 5504//7392
f 5504//7393 3873//7393 3872//7393
f 5504//7394 3872//7394 5503//7394
f 5503//7394 3872//7394 3871//7394
f 5503//7395 3871//7395 5502//7395
f 5502//7396 3871//7396 3844//7396
f 5502//7397 3844//7397 3843//7397
f 5530//7398 5531//7398 5532//7398
f 4986//7399 4985//7399 5533//7399
f 5527//7400 5534//7400 5528//7400
f 5528//7401 5534//7401 5535//7401
f 5528//7402 5535//7402 5511//7402
f 5511//7403 5535//7403 5536//7403
f 5511//7404 5536//7404 5512//7404
f 5512//7405 5536//7405 5537//7405
f 5512//7406 5537//7406 5524//7406
f 5524//7407 5537//7407 5538//7407
f 5524//7408 5538//7408 5525//7408
f 5525//7409 5538//7409 5539//7409
f 5525//7410 5539//7410 5514//7410
f 5514//7411 5539//7411 5533//7411
f 5514//7412 5533//7412 5515//7412
f 5515//7413 5533//7413 4985//7413
f 5515//7414 4985//7414 4991//7414
f 5527//7415 5540//7415 5534//7415
f 5534//7416 5540//7416 5541//7416
f 5534//7417 5541//7417 5535//7417
f 5535//7418 5541//7418 5542//7418
f 5535//7419 5542//7419 5536//7419
f 5536//7420 5542//7420 5543//7420
f 5536//7421 5543//7421 5537//7421
f 5537//7422 5543//7422 5544//7422
f 5537//7423 5544//7423 5538//7423
f 5538//7424 5544//7424 5545//7424
f 5538//7425 5545//7425 5539//7425
f 5539//7426 5545//7426 5546//7426
f 5539//7427 5546//7427 5533//7427
f 5533//7428 5546//7428 5547//7428
f 5533//7429 5547//7429 4986//7429
f 4986//7430 5547//7430 5043//7430
f 5540//7431 5530//7431 5541//7431
f 5541//7432 5530//7432 5532//7432
f 5541//7433 5532//7433 5542//7433
f 5542//7434 5532//7434 5548//7434
f 5542//7435 5548//7435 5543//7435
f 5543//7436 5548//7436 5549//7436
f 5543//7437 5549//7437 5544//7437
f 5544//7438 5549//7438 5550//7438
f 5544//7439 5550//7439 5545//7439
f 5545//7440 5550//7440 5551//7440
f 5545//7441 5551//7441 5546//7441
f 5546//7442 5551//7442 5552//7442
f 5546//7443 5552//7443 5547//7443
f 5547//7444 5552//7444 5553//7444
f 5547//7445 5553//7445 5043//7445
f 5043//7446 5553//7446 5044//7446
f 5044//7447 5553//7447 5554//7447
f 5554//7448 5553//7448 5552//7448
f 5554//7449 5552//7449 5555//7449
f 5555//7450 5552//7450 5551//7450
f 5555//7451 5551//7451 5556//7451
f 5556//7452 5551//7452 5550//7452
f 5556//7453 5550//7453 5557//7453
f 5557//7454 5550//7454 5549//7454
f 5557//7455 5549//7455 5558//7455
f 5558//7456 5549//7456 5548//7456
f 5558//7457 5548//7457 5559//7457
f 5559//7458 5548//7458 5532//7458
f 5559//7459 5532//7459 5560//7459
f 5560//7460 5532//7460 5531//7460
f 5560//7461 5531//7461 5561//7461
f 5527//7462 5526//7462 5540//7462
f 5540//7463 5526//7463 5562//7463
f 5540//7464 5562//7464 5530//7464
f 5563//7465 5561//7465 5564//7465
f 5564//7466 5561//7466 5531//7466
f 5564//7467 5531//7467 5565//7467
f 5565//7468 5531//7468 5530//7468
f 5565//7469 5530//7469 5566//7469
f 5566//7470 5530//7470 5562//7470
f 5567//7471 5568//7471 5569//7471
f 5569//7472 5568//7472 5570//7472
f 5569//7473 5570//7473 5571//7473
f 5571//7474 5570//7474 5572//7474
f 5571//7475 5572//7475 5573//7475
f 5573//7476 5572//7476 5574//7476
f 5573//7477 5574//7477 5575//7477
f 5575//7478 5574//7478 5576//7478
f 5575//7479 5576//7479 5577//7479
f 5577//7480 5576//7480 5578//7480
f 5577//7481 5578//7481 5562//7481
f 5562//7482 5578//7482 5566//7482
f 5579//7483 5580//7483 5581//7483
f 5582//7484 5568//7484 5583//7484
f 5583//7485 5568//7485 5567//7485
f 5583//7486 5567//7486 5584//7486
f 5068//7487 5585//7487 5582//7487
f 5586//7488 5587//7488 5588//7488
f 5588//7489 5587//7489 5589//7489
f 5588//7490 5589//7490 5590//7490
f 5590//7491 5589//7491 5591//7491
f 5590//7492 5591//7492 5592//7492
f 5592//7493 5591//7493 5593//7493
f 5594//7494 5579//7494 5595//7494
f 5595//7495 5579//7495 5581//7495
f 5595//7496 5581//7496 5596//7496
f 5596//7497 5581//7497 5597//7497
f 5596//7498 5597//7498 5598//7498
f 5598//7499 5597//7499 5599//7499
f 5598//7500 5599//7500 5600//7500
f 5600//7501 5599//7501 5601//7501
f 5600//7502 5601//7502 5602//7502
f 5602//7503 5601//7503 5603//7503
f 5602//7504 5603//7504 5604//7504
f 5604//7505 5603//7505 5564//7505
f 5604//7506 5564//7506 5565//7506
f 5580//7507 5586//7507 5581//7507
f 5581//7508 5586//7508 5588//7508
f 5581//7509 5588//7509 5597//7509
f 5597//7510 5588//7510 5590//7510
f 5597//7511 5590//7511 5599//7511
f 5599//7512 5590//7512 5592//7512
f 5599//7513 5592//7513 5601//7513
f 5601//7514 5592//7514 5593//7514
f 5601//7515 5593//7515 5603//7515
f 5603//7516 5593//7516 5605//7516
f 5603//7517 5605//7517 5564//7517
f 5564//7518 5605//7518 5563//7518
f 5562//7519 5526//7519 5577//7519
f 5577//7520 5526//7520 5519//7520
f 5577//7521 5519//7521 5575//7521
f 5575//7522 5519//7522 5518//7522
f 5575//7523 5518//7523 5573//7523
f 5573//7524 5518//7524 5523//7524
f 5573//7525 5523//7525 5571//7525
f 5571//7526 5523//7526 5522//7526
f 5571//7527 5522//7527 5569//7527
f 5569//7528 5522//7528 5521//7528
f 5569//7529 5521//7529 5567//7529
f 5567//7530 5521//7530 5516//7530
f 5567//7531 5516//7531 5584//7531
f 5584//7532 5516//7532 5529//7532
f 5584//7533 5529//7533 5517//7533
f 5068//7534 5582//7534 5115//7534
f 5115//7535 5582//7535 5583//7535
f 5115//7536 5583//7536 5091//7536
f 5091//7537 5583//7537 5584//7537
f 5091//7538 5584//7538 5092//7538
f 5092//7539 5584//7539 5517//7539
f 5092//7540 5517//7540 5114//7540
f 5585//7541 5594//7541 5582//7541
f 5582//7542 5594//7542 5595//7542
f 5582//7543 5595//7543 5568//7543
f 5568//7544 5595//7544 5596//7544
f 5568//7545 5596//7545 5570//7545
f 5570//7546 5596//7546 5598//7546
f 5570//7547 5598//7547 5572//7547
f 5572//7548 5598//7548 5600//7548
f 5572//7549 5600//7549 5574//7549
f 5574//7550 5600//7550 5602//7550
f 5574//7551 5602//7551 5576//7551
f 5576//7552 5602//7552 5604//7552
f 5576//7553 5604//7553 5578//7553
f 5578//7554 5604//7554 5565//7554
f 5578//7555 5565//7555 5566//7555
f 5068//7556 5606//7556 5585//7556
f 5585//7557 5606//7557 5607//7557
f 5585//7558 5607//7558 5594//7558
f 5594//7559 5607//7559 5608//7559
f 5594//7560 5608//7560 5579//7560
f 5579//7561 5608//7561 5609//7561
f 5579//7562 5609//7562 5580//7562
f 5580//7563 5609//7563 5586//7563
f 5586//7564 5609//7564 5610//7564
f 5586//7565 5610//7565 5587//7565
f 5587//7566 5610//7566 5611//7566
f 5587//7567 5611//7567 5589//7567
f 5611//7568 5612//7568 5589//7568
f 5589//7569 5612//7569 5613//7569
f 5589//7570 5613//7570 5591//7570
f 5616//7574 5605//7574 5593//7574
f 5616//7575 5593//7575 5617//7575
f 5617//7576 5593//7576 5591//7576
f 5617//7577 5591//7577 5618//7577
f 5618//7578 5591//7578 5613//7578
f 5154//7632 5659//7632 5155//7632
f 5155//7632 5659//7632 5660//7632
f 5155//7633 5660//7633 5158//7633
f 5158//7634 5660//7634 5661//7634
f 5606//7632 5068//7632 5625//7632
f 5625//7633 5068//7633 5066//7633
f 5625//7632 5066//7632 5627//7632
f 5066//7632 5075//7632 5627//7632
f 5627//7632 5075//7632 5074//7632
f 5627//7634 5074//7634 5629//7634
f 5629//7634 5074//7634 5072//7634
f 5629//7632 5072//7632 5631//7632
f 5631//7632 5072//7632 5070//7632
f 5631//7632 5070//7632 5633//7632
f 5633//7632 5070//7632 5090//7632
f 5633//7632 5090//7632 5635//7632
f 5662//7632 5142//7632 5663//7632
f 5663//7634 5142//7634 5144//7634
f 5663//7634 5144//7634 5664//7634
f 5664//7634 5144//7634 5146//7634
f 5664//7632 5146//7632 5665//7632
f 5665//7634 5146//7634 5148//7634
f 5665//7634 5148//7634 5666//7634
f 5666//7632 5148//7632 5150//7632
f 5666//7632 5150//7632 5661//7632
f 5661//7632 5150//7632 5152//7632
f 5661//7635 5152//7635 5158//7635
f 5090//7636 5089//7636 5635//7636
f 5635//7634 5089//7634 5087//7634
f 5635//7634 5087//7634 5637//7634
f 5637//7632 5087//7632 5085//7632
f 5637//7634 5085//7634 5639//7634
f 5639//7632 5085//7632 5083//7632
f 5639//7632 5083//7632 5641//7632
f 5641//7634 5083//7634 5081//7634
f 5641//7634 5081//7634 5643//7634
f 5667//7632 5134//7632 5668//7632
f 5668//7634 5134//7634 5136//7634
f 5668//7632 5136//7632 5669//7632
f 5669//7632 5136//7632 5137//7632
f 5669//7634 5137//7634 5670//7634
f 5670//7634 5137//7634 5139//7634
f 5670//7632 5139//7632 5662//7632
f 5662//7634 5139//7634 5141//7634
f 5662//7634 5141//7634 5142//7634
f 5643//7632 5081//7632 5645//7632
f 5645//7634 5081//7634 5079//7634
f 5645//7632 5079//7632 5646//7632
f 5646//7634 5079//7634 5647//7634
f 5647//7632 5079//7632 5077//7632
f 5647//7634 5077//7634 5671//7634
f 5671//7632 5077//7632 5131//7632
f 5671//7634 5131//7634 5667//7634
f 5667//7632 5131//7632 5133//7632
f 5667//7632 5133//7632 5134//7632
f 5210//7639 5673//7639 5234//7639
f 5234//7640 5673//7640 5674//7640
f 5234//7641 5674//7641 5232//7641
f 5232//7642 5674//7642 5675//7642
f 5675//7643 5676//7643 5232//7643
f 5232//7644 5676//7644 5677//7644
f 5232//7645 5677//7645 5230//7645
f 5677//7646 5678//7646 5230//7646
f 5230//7647 5678//7647 5679//7647
f 5230//7648 5679//7648 5228//7648
f 5228//7649 5679//7649 5680//7649
f 5228//7650 5680//7650 5227//7650
f 5227//7651 5680//7651 5681//7651
f 5227//7652 5681//7652 5217//7652
f 5217//7653 5681//7653 5218//7653
f 5681//7654 5682//7654 5218//7654
f 5218//7655 5682//7655 5683//7655
f 5218//7656 5683//7656 5221//7656
f 5221//7657 5683//7657 5684//7657
f 5221//7658 5684//7658 5154//7658
f 5154//7659 5684//7659 5659//7659
